cell_id,population,gene_0,gene_1,gene_2,gene_3
2000,pop_0,3.7240660822589238,2.9887936437752898,3.3817037009801174,2.487650229581461
2001,pop_0,3.2937363525426293,2.553768940234855,3.0044543623483433,2.7472303712408417
2002,pop_0,3.7241323304620506,2.835227181909265,2.8749472542877457,3.1805536001860943
2003,pop_0,3.235316941289317,2.702948545106503,3.2769111322255067,2.6095959865403815
2004,pop_0,3.388733547856448,3.0451609652242193,3.305611346335366,2.420730834454312
2005,pop_0,3.796183040054079,2.03939525005666,3.26664297301496,2.738503106059063
2006,pop_0,2.7562356394726137,3.1675918735195623,3.0163730802329245,2.42122616899461
2007,pop_0,3.733258444631473,2.7093703803100473,3.0344886359609973,3.255516670881261
2008,pop_0,3.692983964489772,2.4325711652435396,3.0390181333932964,2.513321243326483
2009,pop_0,3.4097229689758075,2.5264296749953585,3.526464435934768,2.2380794145015432
2010,pop_0,3.578727803525219,2.725798730015071,3.158860574666236,2.702196512214261
2011,pop_0,3.270507836235927,2.8875613911596862,3.517063979247019,2.5294214770342958
2012,pop_0,3.3955096709606774,2.5965710705384693,2.796365578155198,1.9814991417157737
2013,pop_0,3.1010462116881192,2.654471567517957,3.2435640487844943,2.413216638318458
2014,pop_0,3.4629033551026187,2.7770522510275604,3.2664429591176547,2.4527744648886873
2015,pop_0,3.3739669433033233,2.7354971853115915,3.1984911758345045,2.8095485336985204
2016,pop_0,3.4596204455802053,2.8472482767984673,3.3795147441965545,2.254151990093717
2017,pop_0,3.0717385276819145,2.7506495598931604,2.4947698452831264,2.936234311465529
2018,pop_0,3.5233877866299124,2.4207032262975066,3.9247180351901996,2.849310899132316
2019,pop_0,3.358388649600022,2.851972930984335,3.436960742529791,2.5510819607711492
2020,pop_0,2.7066291624053775,2.905895529666821,2.813103539673177,2.668599324278016
2021,pop_0,2.918317636835552,2.867969112003701,3.5741922766488656,2.9764639656233047
2022,pop_0,3.565967935382363,2.416115674927365,2.947464261872888,3.190641134654347
2023,pop_0,3.4254981970597065,2.4236909537194116,3.0504964830092014,2.758553596337917
2024,pop_0,3.869806010902602,2.571207554015016,3.5304869485371935,2.8479389453534476
2025,pop_0,3.414839485748098,2.3487083752092937,3.584420795017603,2.542308506786812
2026,pop_0,3.6590220859734752,2.4140696392213337,3.537094978306468,2.181606649714984
2027,pop_0,3.500117059981102,2.429113548791797,3.18006545113518,2.5689968233194618
2028,pop_0,3.534955865410132,3.1152727743036457,3.5067284946696935,2.2813128713048294
2029,pop_0,3.093046838542378,2.7317442951778754,2.9974879947332216,2.805189137086584
2030,pop_0,3.4858696561725604,2.4350487426040397,3.68020004536227,3.036359191954219
2031,pop_0,3.2649395380056636,2.4909337523792527,3.206425739908253,2.7709443780037035
2032,pop_0,3.5655227327736663,2.702584852280132,3.234193718360264,3.308913476958502
2033,pop_0,2.888443890252968,2.927614771129244,3.2929021065911206,3.0465920542346225
2034,pop_0,3.221393282597505,2.8176345039017265,3.231542293133995,2.287038005409324
2035,pop_0,3.247392940572762,2.426094686505998,3.0739738432530985,2.794985425046085
2036,pop_0,3.159381422030713,2.3397106742218337,3.0968396213319753,3.1110182512163345
2037,pop_0,3.085203521241961,2.6645045947181,3.6435788275258614,2.728008153608872
2038,pop_0,3.095721794758278,2.5513342178986136,3.3606009199932005,2.843792210342587
2039,pop_0,2.7789238788657933,2.933196062963001,3.0227829097108225,2.1829707870108925
2040,pop_0,2.769549944069976,2.9473112768945176,3.2527823991201097,2.6633717317414205
2041,pop_0,3.332548701623048,2.7337862779738202,3.416366159762106,2.4230668042981383
2042,pop_0,3.353054576304634,2.89759442275253,3.2533251816723836,2.7844441604038805
2043,pop_0,3.5800087986161553,2.8651033239025603,3.3708859035083476,2.7995142916169904
2044,pop_0,3.495736513071477,2.8867527767527106,3.3073797198787225,2.910013159014324
2045,pop_0,2.940671899565179,3.1614918587040273,3.095812916384349,2.6205329375125164
2046,pop_0,3.62926641663692,2.6982191441415853,2.9402344653778885,2.325638498258689
2047,pop_0,3.4102908461650263,2.5525008055961704,3.0014165502683414,2.913158400694847
2048,pop_0,3.4140557269253007,2.456980381057244,3.242811983159484,2.183619265728829
2049,pop_0,3.7916403399479846,2.437386216849725,3.7685970206821007,2.4554899955046765
2050,pop_0,3.4624371352417085,2.5758990659289718,3.1726727623924584,3.0442643041258246
2051,pop_0,3.1997212017742975,2.6924835750193066,3.3977845508001465,2.768058525986309
2052,pop_0,3.3675289318024144,2.5695764859482324,3.1163751822220638,2.6626294150058523
2053,pop_0,3.4253612377675453,2.641214466593137,3.499822439502009,2.8073455518064767
2054,pop_0,3.276169516330553,2.571341758480696,3.3968452326132144,2.857981653456734
2055,pop_0,3.801668660265949,2.1907302334374523,2.934085199165649,2.573937569084458
2056,pop_0,3.7693346458901256,2.30844224902904,3.5541402942480396,2.8483416363628487
2057,pop_0,3.333833375039776,3.011391654294315,3.0355969156116256,2.317581175818781
2058,pop_0,2.9636922073081555,2.858665007112545,3.4093534950576685,2.4978137166670815
2059,pop_0,3.133810094737955,2.72003749806586,3.098332863674443,2.4447912001880403
2060,pop_0,3.1224461812642925,2.49221132982487,3.22432976025771,2.556965184836507
2061,pop_0,3.6985472655547396,2.3873539697809214,2.987091514539287,2.2184062882212094
2062,pop_0,3.4676174131099056,2.696961467592826,3.0078964005489373,2.5237804478365633
2063,pop_0,3.963755215833447,2.3831778617816566,2.975286279146948,3.1763622468502772
2064,pop_0,3.7408775411056903,2.233444750876209,3.5761045599853145,2.622232804864352
2065,pop_0,3.642524963808855,2.9255345240042248,2.9790065299399195,2.4423767641139937
2066,pop_0,3.77484631819293,2.4113220504585873,3.4642314103278267,2.7210965023798943
2067,pop_0,3.0359126238624246,2.9255303834595896,3.3290446813332215,2.519619637031011
2068,pop_0,3.316118973160842,2.5023347349926666,3.3216660434438503,2.80984290549298
2069,pop_0,3.5836332522218006,2.6914688462879948,3.3050285635816485,2.0192259119992677
2070,pop_0,3.3842908187370155,2.6299984462226074,3.11114282298835,2.6713619650395524
2071,pop_0,3.3039462360217837,3.075442088577339,3.089286639000923,2.574811034924247
2072,pop_0,3.077791330086128,2.6958012506606073,2.8684960352786386,2.459231966151748
2073,pop_0,3.7459583588138337,2.427306424631483,3.1403957329994228,2.5544452972046927
2074,pop_0,3.8151194841549696,2.738314339588924,3.8398532520959465,2.535426166239331
2075,pop_0,3.4256686547881574,2.799302064153309,3.7443251179604693,2.5306955882849094
2076,pop_0,3.816135874863666,2.3894550135475527,3.277513794710448,2.756014830817811
2077,pop_0,3.051176023896473,2.967441752644226,3.2809892275928725,3.1419883142828184
2078,pop_0,3.121937898350378,2.8861744371581355,3.416031340030971,2.928145245079817
2079,pop_0,3.4458734037716963,2.5605497086361346,3.5246949468317523,2.556234779275361
2080,pop_0,3.9509725765402934,2.8721677835352755,3.0404826655269246,2.993753824640521
2081,pop_0,3.9415301171796475,2.3375363693171907,3.427129543399775,2.4852078821755397
2082,pop_0,3.3798981417789635,2.724202274965241,3.48794921038949,3.052724508403571
2083,pop_0,3.7330847281234223,2.480483043037017,3.283714766197975,2.332482054895261
2084,pop_0,3.7542988844396046,2.7001134190276663,3.292060020098722,1.8498254809388863
2085,pop_0,3.1646455849889312,2.5064528231023155,3.125579656172103,2.777097887763579
2086,pop_0,3.2240978351157903,2.6532972415147342,3.5408362293366897,2.830412202628258
2087,pop_0,3.5640109320296625,2.4181588726486094,3.4315074093687863,2.4802559664510273
2088,pop_0,3.937861086307743,2.8404134216006516,3.4898183122553688,2.2804007132385924
2089,pop_0,3.9656683524440495,2.460434320172418,3.2394654634780737,2.048258295240249
2090,pop_0,3.3651521861439893,2.3617550899249875,3.198158904884296,2.9134357665609296
2091,pop_0,3.369529044728555,2.4993459571775847,3.1336794875608835,2.7321642826302566
2092,pop_0,3.3890502224725867,2.61764331790915,3.329643807543354,2.5990281428289523
2093,pop_0,3.6319822347894015,2.62050294486996,3.246107151249283,2.876619373395829
2094,pop_0,3.4249942349090094,2.7740222578927853,3.5681119106411816,2.9080358249045224
2095,pop_0,3.2175391202781514,2.825130942274052,3.2296696426060767,2.320157540000339
2096,pop_0,3.4786344960719098,2.820292958032559,2.9895742196785844,2.7846769143362753
2097,pop_0,3.3253080180692267,2.496156200475585,3.2916276862366165,2.2824671909717584
2098,pop_0,2.82888545109735,2.6828129979238793,3.1648099526003812,3.2775962289630307
2099,pop_0,3.3464315421217465,2.733120702588231,3.161515466169531,2.474862569288154
2100,pop_0,3.604941956514182,2.7262335904166273,2.998797886234927,2.355738835642725
2101,pop_0,3.1545854365511454,2.7843464143207743,3.390987304658651,2.8046847467404397
2102,pop_0,3.2340291713730767,2.8070730919714117,2.841177419051043,2.581400437192272
2103,pop_0,3.325485150059683,2.84358773983927,3.3918779220126796,2.968606830448116
2104,pop_0,3.443101506689992,2.6266596217279945,3.0287830141092718,2.5186059741995286
2105,pop_0,3.430323539457314,2.978348354107686,2.620331021941096,2.670905832379473
2106,pop_0,3.4954093213246504,2.1496307553355987,2.6354567963694864,2.5592658677760474
2107,pop_0,3.664745802035619,2.5398692895916906,2.918314165739653,2.7164583080112936
2108,pop_0,3.5138733473796466,3.3512721570382076,2.9922127575816155,2.4905353694996157
2109,pop_0,3.6760946808087978,2.6607226941682307,2.851096112296998,3.061600651777157
2110,pop_0,3.3311455651771045,2.413173407424568,3.377914026268643,2.4088635494200616
2111,pop_0,3.112476908455026,2.613455689026444,3.250391321566267,2.6265442357650266
2112,pop_0,3.3445226061760627,2.5546196198375983,3.3649836249329144,2.9526588747069242
2113,pop_0,3.3326193592078224,2.817763108403606,2.9682153563106106,2.192941227486066
2114,pop_0,3.2212746545634996,2.61209796597082,3.536739746916531,2.5179980799472412
2115,pop_0,3.016962004369621,2.563386966898007,2.780219665570585,2.7729631452259538
2116,pop_0,3.913469703060729,2.546529749783398,3.2428876349541262,2.9365770085064558
2117,pop_0,3.5250208712624618,2.353240505122501,3.098243756521109,2.6651302439559243
2118,pop_0,3.5886929711272493,2.332728850097251,3.140679964582551,2.4311351558846406
2119,pop_0,3.423439450663938,2.8384672036779737,3.4551647060219577,2.4672719328075603
2120,pop_0,3.261678686769298,2.9035875903607753,3.8175155970026724,2.17424754932589
2121,pop_0,3.7015997794449373,2.794939996508181,3.2679799680403203,2.7580455348105586
2122,pop_0,3.7128104677278824,2.5279107837021466,3.559238784782106,2.7036949411394415
2123,pop_0,3.5945193642563327,2.6502534663549824,3.1650252067908706,2.665144471336709
2124,pop_0,2.9847452376686783,3.3359697636061325,3.0087548081679873,3.121785764072791
2125,pop_0,2.5459440833162574,2.7441562717701538,3.3137987417139523,2.8287344115838855
2126,pop_0,3.238186011214835,2.3889357479670177,3.0235176691628283,3.1467897767439434
2127,pop_0,3.3312057213850923,2.794932812540319,3.095799608198114,3.0653637898792434
2128,pop_0,3.179194335166695,2.6606098731171572,3.0871690783357417,3.0541918598532414
2129,pop_0,3.406393723945479,2.7099489952255995,3.392383410278287,2.8114063397149684
2130,pop_0,3.530898466724801,2.690458424874267,3.4598392519395347,3.016336549834255
2131,pop_0,3.628865401094715,2.2778086122706247,3.4742154562077765,2.6860311728604827
2132,pop_0,3.420361476806807,2.332214927524559,3.237428855332069,2.9137998211778933
2133,pop_0,3.836853910146433,2.7909001981789165,3.1862940149873027,2.1069803045928386
2134,pop_0,3.1995774339231304,2.8657394000497005,3.3798773062364895,2.370278058446606
2135,pop_0,3.4583873748700302,2.4993607910126703,3.1217742587245323,2.474443587821942
2136,pop_0,3.8797523089958754,2.176170161434212,3.09180416800322,3.012266177933702
2137,pop_0,2.9692028400739465,2.699447328828455,3.7330125062688526,2.5352597316762124
2138,pop_0,2.8437354221282565,2.9344199474395625,3.4507253576617747,2.8664276550977723
2139,pop_0,3.530885547478316,2.5376326492625028,3.341097048583979,2.839485563983245
2140,pop_0,2.9661326551516605,2.7640337217067215,3.2326415851496373,3.1557617358290226
2141,pop_0,3.492711774163039,2.4077502883408983,3.5033246971225274,2.3227823014272584
2142,pop_0,3.6559879056903797,2.356025798881323,2.710177001901943,3.176345077833115
2143,pop_0,3.5014198278420623,2.2904326089692,2.955473744379724,2.499202078167124
2144,pop_0,3.3925126322503574,2.4967088630608956,2.649018161599601,2.940682066098525
2145,pop_0,2.894082234138086,2.61704260293069,3.704466045952553,2.3818877714911886
2146,pop_0,3.3397720290395805,2.654182635511269,3.652654115612764,2.3933754022251645
2147,pop_0,3.4990488788451732,2.674140903560739,2.7326617403285773,2.606875423674627
2148,pop_0,3.40670100603648,2.5120782381875264,3.2993259450996786,3.0573996284818508
2149,pop_0,3.687572873360599,2.8425045685363,3.0309947931735204,2.9061226505764344
2150,pop_0,2.8626248533568908,2.6963081464775214,3.2172750245635258,2.710688232499141
2151,pop_0,3.7194086404364928,2.577722979656178,2.9398162297020245,2.8547218747212
2152,pop_0,2.89617329190785,2.980483348199025,3.563104126658384,2.610806548516829
2153,pop_0,3.0334327198491637,2.783570862405311,3.0967520879375203,2.488933496392208
2154,pop_0,3.440892477029295,3.0997349423607425,3.224859126006206,2.9985478402161436
2155,pop_0,3.9981341867602516,2.7439475934740374,3.251656895931683,2.4727331165172273
2156,pop_0,3.8470761574501364,2.4097869827429794,3.2508966464810545,2.5111329816759196
2157,pop_0,3.737827642893203,2.596172827461727,2.932062778155213,2.3155444235286637
2158,pop_0,3.4867998935449767,2.743243186994486,3.288239363328691,2.501348226126861
2159,pop_0,3.6707926023789414,2.5727724352667036,3.163339967724459,2.3800400963880555
2160,pop_0,4.038060199426488,3.019220810988344,3.273108429812569,2.6025924008515346
2161,pop_0,3.4190543546169074,2.4890564679997187,3.3952362010062243,2.5636162987049116
2162,pop_0,3.505967803513692,2.3034175278249815,3.301987711311253,2.3720578718782117
2163,pop_0,3.4838881983277794,2.800529533476476,3.1531843333627956,2.5120040521036078
2164,pop_0,3.2505234162425825,2.7799598509977046,3.033313597373721,2.952728472687793
2165,pop_0,3.341539444064321,2.458276114578679,3.057328014184755,2.607141234193831
2166,pop_0,3.285482188866307,3.029047395141421,3.2745939297297104,2.3256426396548977
2167,pop_0,3.28615965902089,2.648531095187377,2.922875393634535,3.2928644008547914
2168,pop_0,3.1186751275111226,2.8039695773869338,3.343425478513201,2.269234665724509
2169,pop_0,3.746902673665997,2.359910585793592,3.668771227717784,2.6251025286318637
2170,pop_0,3.3931823107239163,2.0711375639016074,3.2973041515475643,1.9655671796310037
2171,pop_0,3.3778271692595814,2.828604325634444,2.9968152693830796,2.7377441977576717
2172,pop_0,3.3277023278457434,2.6101288322356737,3.0184875010589955,2.9730595202792878
2173,pop_0,3.129482957610004,2.467640023544905,2.730140742205868,2.7231015305763684
2174,pop_0,3.5320082507508657,2.5843419577651363,3.0618670303716744,2.4030273190194062
2175,pop_0,4.050538345990475,2.7655228567516112,3.3540705358721388,2.567515354264674
2176,pop_0,3.9871360324278298,2.2735437146953648,3.5937483793295932,2.9472211854951036
2177,pop_0,3.2667057836670406,2.4364247441189675,3.340700101323876,3.169148728483416
2178,pop_0,3.3920072660014315,2.656976898785697,3.539094806607247,2.5419903970739317
2179,pop_0,3.868589101298554,2.382583759160015,3.156131980532056,2.2353426878764995
2180,pop_0,3.7328858040041637,2.9882117656772054,3.526953621305056,2.2337088018510083
2181,pop_0,3.140303740389284,2.4977949049313657,2.396552795702405,2.474641028762271
2182,pop_0,3.7062190389944116,2.7383271646171394,2.8092395402210464,3.044575842444914
2183,pop_0,3.39749838591674,2.6058164303154423,2.9289799649144004,2.576759265818649
2184,pop_0,3.427102924287951,2.8331910244314233,3.290501928895883,2.9303748706569075
2185,pop_0,4.002948554639961,2.462265964769597,3.2843469909207585,2.3480378506584887
2186,pop_0,3.379089613020933,2.606973267114655,3.8978855843940448,2.232287809524346
2187,pop_0,3.1799552805969844,2.946812313882551,3.3907419155317613,2.2077893585069965
2188,pop_0,3.7142799340332973,2.482435683778654,3.306241324998375,2.5218001111798687
2189,pop_0,2.968693822464817,2.6171476984826603,3.5791690795061792,2.3739828819208424
2190,pop_0,3.8213113064873117,2.2812887092189227,3.1904252913191944,2.5380373791291766
2191,pop_0,3.0641487792213504,2.4883552853652766,3.116607184687037,1.9211209582470057
2192,pop_0,3.2544709472820528,2.7952654336093854,2.7907481018854483,2.528295068206461
2193,pop_0,3.178012997157943,2.4840500803158334,3.4175680886058277,2.6807932714669227
2194,pop_0,3.686922550841043,2.464420731909884,3.317094067715684,3.16841469297551
2195,pop_0,3.363998060503786,2.7407107036453024,3.429728344810797,2.1494823262598794
2196,pop_0,3.938699041414591,2.572460172998852,3.0352421264191025,2.4569631182604263
2197,pop_0,3.6178523063138393,2.4103318560641,2.884162342720875,2.4229755075761816
2198,pop_0,3.235549764883709,2.878779232766571,3.446815572632379,2.770999087998369
2199,pop_0,3.4383559306505282,2.801619899841375,3.0626150183629868,2.730008924026164
2200,pop_0,3.647221141006843,3.0103325575223097,3.0410724178017765,2.768998463497154
2201,pop_0,3.433634267287409,2.4713461348306383,3.5261041695391206,2.687572610977124
2202,pop_0,3.6552201752435716,2.2761382437666176,3.2054011972007177,2.435267399312813
2203,pop_0,3.5159463324298166,2.7044443548562276,3.524734844545947,2.48342556651963
2204,pop_0,3.6409201234216075,2.565387472726982,3.0522826677824813,2.6106099337751525
2205,pop_0,3.8220776647157644,2.163106310783341,3.4040649317688176,2.940860298817178
2206,pop_0,3.2415517260571107,2.3872032229331075,2.9174100954346804,2.5023178481628117
2207,pop_0,2.958193657041214,2.6400067363581035,3.2590537934128068,2.58166556343459
2208,pop_0,3.6849759414502534,2.0521068950537256,3.607464212407717,2.67810089712019
2209,pop_0,3.6490645232819645,2.9663161125109183,3.2932394190288563,2.621054311972341
2210,pop_0,3.310306568901897,2.7935434939751396,3.7754196274693177,2.6938343438517753
2211,pop_0,3.2503933471103386,2.8349120490570514,3.202536547114677,2.6960008198155503
2212,pop_0,2.8946797977468326,3.455337783878102,2.9072010188818056,2.9072556956617044
2213,pop_0,2.995666610831711,3.0706260941392984,2.757935328709818,2.92821038869722
2214,pop_0,3.528854070908114,2.6476978217006284,3.269283701723277,2.59679314380954
2215,pop_0,3.23700181925937,2.400783265854799,3.4744200227579345,2.8209062435221592
2216,pop_0,3.2555384379935273,2.700867773687474,3.006990569650415,2.8087053395211514
2217,pop_0,3.855897770256356,2.1924574092391005,3.070317622541404,2.108325708302938
2218,pop_0,3.5079580848920444,2.1390169887282404,3.1099969144368536,2.3203603634480805
2219,pop_0,3.3042006452530375,2.8180554108275553,3.1530702873653014,2.896797055186296
2220,pop_0,3.2873387346279404,2.747962921819506,3.392617317277262,2.2734820840691228
2221,pop_0,2.862542655304132,2.576818647887899,3.461886708907067,2.333378902820488
2222,pop_0,3.6430884698387054,2.647409144563866,3.455154824539315,2.2641134054886445
2223,pop_0,3.3420153236564367,2.779461092696857,2.763865303552185,2.6051238059455395
2224,pop_0,3.495948400848614,2.6393811880240836,3.2632568451177817,2.4573350205892512
2225,pop_0,3.3891002478421686,2.50418901417948,2.960605847641742,2.35397401547533
2226,pop_0,3.4541564374565286,2.707882465890433,3.729870624204082,2.5716529822680596
2227,pop_0,3.428651548708422,3.039011340363686,3.2818095523391055,2.706099539137567
2228,pop_0,3.4320962494511305,2.4530713217923714,3.3488678941154633,2.948388575121098
2229,pop_0,3.5604826702093173,2.7025609197788643,3.15292352097457,2.442370001550723
2230,pop_0,3.4346371829931437,2.7727153803569533,3.4023982085831936,2.5847088806197025
2231,pop_0,3.901858286625985,2.23571849298006,2.8498496054720883,2.4263582943116515
2232,pop_0,3.16769989362902,2.5469407719274337,3.2159128722336265,2.5894482103532077
2233,pop_0,2.9498980609452774,2.642426290988132,2.9778688699965716,2.438981752388361
2234,pop_0,3.760078032407831,2.306021364882375,3.181512672242583,2.736398264401717
2235,pop_0,3.1413579605394446,2.9093985057967164,3.07524513847053,2.9455361535982525
2236,pop_0,3.259390007569184,2.785788731683712,3.0273450831690694,2.2383415690000525
2237,pop_0,3.550209597771344,3.0730213831389626,3.34361386100933,2.4970705495206045
2238,pop_0,3.407688937125101,2.7347789605022235,3.4564249137360616,3.0240188945048585
2239,pop_0,3.0191064210833662,3.2043622740952684,2.831529989310725,2.999495658978337
2240,pop_0,3.4626283361960697,2.4936588709134133,3.593649759140693,2.4280245514117174
2241,pop_0,3.754694229099859,2.4433736893324984,3.31885684719058,2.8515385993510187
2242,pop_0,3.251941856413981,2.3382573001295164,3.4634665384690706,2.7760863115168495
2243,pop_0,3.8210232100953765,2.7558270308754267,3.4311772771737648,2.6431560500990834
2244,pop_0,3.1409926014248506,2.8321296412573465,3.480953985556765,2.852454668950907
2245,pop_0,3.1782333435570878,2.5732949227176376,3.1826431596775837,2.4783947606572014
2246,pop_0,3.855145988107073,2.4970628359493903,3.339261232170177,2.5780049070767443
2247,pop_0,2.9860766553327793,2.787122542457427,3.419630900751172,2.7222149152593293
2248,pop_0,2.9904737836947737,2.7921511080646355,3.5622328594618438,2.143504410590118
2249,pop_0,3.3318014561302713,3.024571919611344,3.7691842029401013,2.6133448404095443
2250,pop_0,3.6770033865337584,2.6041004211556014,3.4044690997848863,2.6727401838867664
2251,pop_0,3.8268138570946046,2.4620781179873172,3.32781963129896,2.842072601951466
2252,pop_0,3.048538497924449,2.3938811827456896,3.0574143475837348,2.4176571506505744
2253,pop_0,3.1473876420403384,3.0625671459978867,3.1645368400176284,2.9412167251408423
2254,pop_0,3.396474081072466,2.9492544947703094,3.4430473985216006,2.710441853329986
2255,pop_0,3.5941035115806828,2.6052384211667423,3.105898960655415,2.8426952436183868
2256,pop_0,3.4916412701287167,2.7470719478426244,3.1879203174593407,2.706561768306495
2257,pop_0,2.8225101141231437,2.9365634766936517,3.4647673329852386,2.9071108186070065
2258,pop_0,3.4048504705714184,2.479547939967854,3.1428922130227557,2.4678937204817473
2259,pop_0,3.276895960520905,2.900607221798139,3.6271956623858514,2.8751457164219683
2260,pop_0,3.201406884022695,2.633701697331135,3.1755669131811817,2.1776424064229514
2261,pop_0,3.722119856442773,2.6281607769465536,3.678862512685291,2.8160410161287612
2262,pop_0,3.350469065416238,2.2835801515403356,3.2741549892349586,2.5480708298915977
2263,pop_0,3.4746905457755313,2.9150936225432247,3.0845438615460616,2.2014496933495886
2264,pop_0,3.1791337912305235,3.0382297831749496,3.410818968229577,2.634664254997271
2265,pop_0,3.2887026896834795,2.7172702406380176,3.4282412501808563,2.3426564775091956
2266,pop_0,3.459908783084866,2.7978393594181816,3.231342153685742,2.021107710284495
2267,pop_0,3.1974319993624487,2.6064250495581165,3.376416674164246,2.6695461388143604
2268,pop_0,3.3598369953818734,2.458423824473619,3.621767733475219,3.013968301188664
2269,pop_0,2.7947712978342647,2.762616368550891,2.968847537605655,2.535198429141966
2270,pop_0,3.631631316812782,2.8647189316279005,2.999489218514085,2.6170121392864827
2271,pop_0,3.482519148755036,3.0302037669874458,3.0366401281696738,2.2098255293267655
2272,pop_0,3.1584219200412478,2.683534064629547,2.9497352191728816,2.7161769991409557
2273,pop_0,3.4345353046317624,2.6323420713012053,3.426373228070065,2.8699266050149004
2274,pop_0,3.727248012839002,2.0937955076906563,2.8529623248094933,2.7023809754992096
2275,pop_0,3.217168325005125,2.4604340134840195,3.3760633701586036,2.4896750921741653
2276,pop_0,3.7282933276073154,2.4405877864010477,3.409261660702755,2.8097225109404116
2277,pop_0,3.5559821229656534,2.715573059573148,2.4084111244732203,2.7607485142737294
2278,pop_0,3.52856845485596,2.8013028207553985,3.05822661047412,2.95363314432591
2279,pop_0,3.2963057200016523,2.447719250342547,3.7107703857660237,2.8894196399650873
2280,pop_0,2.534533440491637,3.1783198043659233,3.454741924349026,2.706159391800364
2281,pop_0,3.6668736037817635,2.126475806349498,3.116866566324529,2.784827146356935
2282,pop_0,3.700810938193697,2.5838838617745727,3.3296841940346154,2.560379866855932
2283,pop_0,3.1818161584867735,2.2462382590514234,2.986361130273004,2.3400488380237383
2284,pop_0,3.4255063926258402,2.901369795520663,3.7092100483403825,2.2409631422107226
2285,pop_0,3.590188406622744,2.3921993460755338,3.4286571339916017,2.8846575845565803
2286,pop_0,3.656336768236948,2.8623838676558644,3.8870403756454275,2.4631613469432216
2287,pop_0,3.4268641319963984,2.474902502781462,3.459551193995039,2.3247413814923257
2288,pop_0,3.6033933596974714,2.4425221499947805,3.3440870957447886,3.0693742856662336
2289,pop_0,3.2129595448673602,2.805204116333398,3.5854167702807755,2.7509182723627346
2290,pop_0,3.2036112489384614,2.6813030553907145,3.2890874286312526,2.970268529450229
2291,pop_0,3.3869839692011756,2.7671360181803664,3.397198696869179,2.816028088246482
2292,pop_0,3.6710946524548764,2.0840855612786364,3.4052929112840626,2.447610388514212
2293,pop_0,3.28539692752381,2.7564563153774255,3.0022057912978735,3.1978272272265027
2294,pop_0,3.5592377146128533,2.6644951772445995,3.049343400834428,2.6401984204687516
2295,pop_0,4.087434720219966,2.456780874364737,3.6969746111680672,2.0207220906472605
2296,pop_0,3.1174348920382844,2.774397261642118,3.091510596662192,2.607373683254693
2297,pop_0,3.315897283564428,2.9633216770019057,3.340982448403279,2.6390624614831286
2298,pop_0,3.228069919003975,2.844805895223487,3.2110552349213055,3.0738765306194495
2299,pop_0,3.29474843428373,2.7111139853387742,3.06127216299959,2.6336512268503323
2300,pop_0,3.2125308315166023,2.379228546867507,2.908440357763596,2.820621466985569
2301,pop_0,3.6884659747738033,2.494042270452219,3.224228894428307,3.2580008917788175
2302,pop_0,3.4950665556744354,2.824203270081993,3.1797271115084604,2.6367478869803325
2303,pop_0,3.7995644783010594,2.457043192553742,3.4422910938487266,2.371155324253635
2304,pop_0,3.3647234096812726,2.4490696999604173,2.932812295046918,2.8075350237544017
2305,pop_0,3.1055928483398687,2.2468182680105477,3.664208854035183,2.4106084139909543
2306,pop_0,3.324289633747317,2.514051422300733,3.1236134633105936,3.367759525562334
2307,pop_0,3.0920505476987277,2.855236195665138,3.399449792291216,2.436007272328777
2308,pop_0,3.329592155722011,2.658175048352645,2.8726809676440768,2.975383542810512
2309,pop_0,3.093992787599167,2.626202855276251,3.34133614090121,2.756166986377209
2310,pop_0,3.854274087280629,2.7694844527789795,3.335018864031297,2.523559544953569
2311,pop_0,3.2150576020678816,2.701997173033336,3.2250035058117983,2.6849730654083572
2312,pop_0,3.808196066063267,2.3416217457819886,2.8648439378465786,2.842099768869268
2313,pop_0,3.5748615978790053,2.4064926432967253,3.0755641879198263,2.8923525090137785
2314,pop_0,3.745067619073365,2.751770038554298,3.141691449972005,2.9522715175342187
2315,pop_0,3.8967223949113508,2.483603137417264,3.4683780798630344,2.428651949358327
2316,pop_0,3.601153199653913,2.6132906162854095,3.448993574863223,2.701359739466806
2317,pop_0,2.7438002854354098,2.4504415781223132,3.238623236970428,2.8475716234788715
2318,pop_0,2.7563217695722555,3.057613970249228,3.8852119170256554,3.1417184915514498
2319,pop_0,3.171772994423605,3.0256379747955364,3.253796973822659,3.2295548010811364
2320,pop_0,3.6159706395607074,2.265822929894662,3.138719608358152,2.60298259912417
2321,pop_0,3.1811265053325632,2.8440156701069945,3.2632271835722295,2.6202882478391234
2322,pop_0,3.4707037627341504,2.281111330278879,3.2721197669323745,2.6957199059256265
2323,pop_0,2.8490729497559224,2.884023946794239,2.886386172056836,2.4984643192866933
2324,pop_0,3.985692953335335,2.3148981756343425,3.101464814885235,2.0432565168372956
2325,pop_0,3.375898738600594,3.028769385839189,3.122227759103441,3.051006244855035
2326,pop_0,3.2354566085385215,2.685745284287276,2.8811186009124397,2.8397682130619515
2327,pop_0,3.277027922825393,2.645378434781192,3.253334220874102,2.757518219357423
2328,pop_0,3.1528547626429795,2.987178877191021,3.3728691540323013,2.101717566089271
2329,pop_0,3.488555168557332,2.5736798608896234,3.5658603571757688,2.934511313814684
2330,pop_0,3.630322069702418,2.517812105486706,3.0751935155477343,2.8977533859715425
2331,pop_0,3.591490371489495,2.348703203600881,3.708882215652885,2.8657981343318317
2332,pop_0,3.369782903700032,2.726635743939982,3.589294276531032,2.427926716995068
2333,pop_0,2.9713114691715816,3.0709270860653906,3.5975489508772642,2.5828584242293218
2334,pop_0,3.0690050057505633,3.264271912933333,3.1453440110261064,2.7674881636478856
2335,pop_0,3.664287784948185,2.558808326263511,3.81175583659725,2.4699276523248974
2336,pop_0,3.830120740849262,2.4357498176826984,3.707536465140783,2.5344982275401753
2337,pop_0,3.1650410476284003,2.528439884569802,3.5423318881333024,2.632328729711366
2338,pop_0,3.3552154050749663,2.481997478272612,3.171679550900825,2.7915400172032085
2339,pop_0,3.7331427259098744,2.2521699926650354,3.0385656260536127,1.897085704892538
2340,pop_0,3.681372470998447,2.434756237677498,3.257173671122984,2.4246148340843465
2341,pop_0,3.089674200843965,2.783432591790721,3.1132706848391583,2.444844582228465
2342,pop_0,3.2312868915153983,2.988443440421988,3.108702324702161,2.6409932512816545
2343,pop_0,3.7745217417943517,2.301959147618032,3.138725267208024,2.8574582115803704
2344,pop_0,3.269016432131058,2.8766517408038323,3.02264942825022,2.886221582892533
2345,pop_0,3.3537558978222877,2.7088403257875693,3.379709697419875,2.9325656974841414
2346,pop_0,2.8045814338936945,3.059179839119894,3.227102822965958,2.880095839991691
2347,pop_0,3.579156486681275,2.4671314944085694,3.4782216512245037,2.471378407623068
2348,pop_0,3.540858607087305,2.4236637885239607,3.431441676815589,2.8105309357273502
2349,pop_0,3.749152527970558,2.464091275352482,3.6515861841043824,2.7858344249701976
2350,pop_0,2.927652952418249,2.852116208558681,3.2895553352928166,2.9811755175729626
2351,pop_0,3.4239723528793307,2.3915990829498917,3.0067741757007087,2.63380785280705
2352,pop_0,3.6155275575318884,2.8751806004282328,3.399767205685723,3.0255916414480444
2353,pop_0,3.519074393372612,2.529413613007086,3.3280861498513663,2.888245072563064
2354,pop_0,3.56990080446309,2.571753597690869,3.2021994804119815,2.533309218812936
2355,pop_0,3.7278043212978194,2.5451912921481314,3.200487512782125,2.7485793339595768
2356,pop_0,3.296731333764185,2.9553829075667344,3.1327536532761453,2.5401093543603346
2357,pop_0,3.337008693254131,2.555974208874091,3.1474227855837347,3.0755837488312006
2358,pop_0,3.699185763105513,2.4880971780965724,3.2615201032217827,2.243474373967992
2359,pop_0,3.8872345250437528,1.7143318622474066,3.5142015996799074,2.3268618074702743
2360,pop_0,3.899469609903837,3.049772706198225,3.4894893146304997,2.3226700482056812
2361,pop_0,3.065289031514898,2.8660892679967542,2.59294249300362,2.9799162413940743
2362,pop_0,3.1558766453863214,2.5731045785631177,3.3031447745103812,2.75426944051895
2363,pop_0,3.1613172184301823,2.353989924394955,3.228652646117969,3.031356506554313
2364,pop_0,2.671691916029652,2.567740916221869,3.1077624050071027,2.541751184062865
2365,pop_0,3.621706280509793,2.7899072436745818,3.662606874034534,2.212708912332085
2366,pop_0,3.2726272963429874,2.4196894215990095,3.309229555012395,2.6353847048323638
2367,pop_0,3.724266441971945,2.3263679737944507,3.0831769786990746,2.8202335469100857
2368,pop_0,3.4723201226499825,2.672798798090049,3.3682825433318917,3.004413726405637
2369,pop_0,2.971346474363053,2.755154482242757,3.4912388504439584,2.2652623679990738
2370,pop_0,3.1603104761935588,2.904388311064736,2.9290100374917425,2.210401947239232
2371,pop_0,3.460592448023192,2.7377824268474185,2.8268510979316304,2.9913657449499067
2372,pop_0,3.44564699504128,2.5401768398396656,3.498852917822215,2.314856188756078
2373,pop_0,3.251859116630092,2.5759365409317443,2.948593312252041,2.4439985563440967
2374,pop_0,3.641734687441479,2.396726964949157,3.039958982149814,2.7399073845945683
2375,pop_0,3.4402638242524013,2.4367989031304207,3.333970055082604,2.5359337944971383
2376,pop_0,3.759011977908002,2.248267303114088,3.135729334820877,2.3959385361670713
2377,pop_0,3.137940082972914,3.3349076908939628,3.4868733972994552,2.7745665693502053
2378,pop_0,3.5479313885268486,2.3052091289629826,3.0294438040154823,2.900000336934592
2379,pop_0,3.555919955958249,2.521191149848339,3.287098220586965,2.762517150964937
2380,pop_0,3.2425484316439253,2.4478445878386594,3.5797540175595737,2.617382478254185
2381,pop_0,3.399955739111629,2.334716872343187,3.1402518310759846,2.5893908719505867
2382,pop_0,3.343006526175825,3.072607369421408,3.1072098542551014,2.8283072649241796
2383,pop_0,3.3441462499646124,2.669888652680196,3.343805876588088,2.644749178112629
2384,pop_0,3.8301920094598154,2.510295008448535,3.5524246807267565,2.222305081990961
2385,pop_0,3.4577406918578917,2.460744897435722,3.1545957568759335,2.601244535566239
2386,pop_0,3.4405503212694177,2.527287408203762,3.4258486478784818,2.736737422790309
2387,pop_0,3.246091853872025,2.742501728858439,2.974197340248827,2.2756166507339186
2388,pop_0,3.83580283901475,2.055968953023041,3.47429771061371,2.432921496333819
2389,pop_0,2.804215967498412,2.485526281221781,3.1915547218733855,2.1935234241451456
2390,pop_0,3.440707374207679,2.5186695503676377,3.504771428864575,2.735937638227588
2391,pop_0,3.4008457407439554,2.7480865968595904,3.1619229892250806,3.3127401517387356
2392,pop_0,3.6047659234177862,2.3518216041427884,3.635908106314133,3.236082708641357
2393,pop_0,3.8674493435417676,2.1594433231315504,3.9493607528881305,2.81968868851114
2394,pop_0,3.3327495871898023,2.6317497335176423,3.4750490078816063,2.640103954045882
2395,pop_0,3.646104180312395,2.6664039744034604,3.3752174682569533,2.439751506546027
2396,pop_0,3.481652101920649,2.5618760360572277,2.9112822904407363,1.9572134941881658
2397,pop_0,3.2748180255889467,2.7336960216823165,3.672953519316103,2.7861137800824336
2398,pop_0,3.6257615543552224,2.7113741443082513,3.4735296952184758,2.624694289208471
2399,pop_0,3.716934575669845,2.763813561485019,3.0159937006054083,2.5760150268711874
2400,pop_0,3.173841459798479,2.6034550872999844,3.127198213672877,2.903303196445339
2401,pop_0,3.871399031715512,2.4583896693292937,3.2220337191106125,2.2400241704045607
2402,pop_0,3.60879154425591,2.8844222263892303,3.248179688983627,2.5365211672489822
2403,pop_0,3.3204846099517935,2.990023784359659,3.3170413587269607,2.93205494538878
2404,pop_0,3.29949673229228,2.7856703287066544,3.0406272781618524,2.670597755700313
2405,pop_0,3.013384151363285,2.804571127734949,3.043131968308317,2.3951478694296444
2406,pop_0,3.473189774656549,2.4233316652837558,4.039063525232639,2.434593950430699
2407,pop_0,3.337839008328218,2.474897071447195,3.166238091237246,2.6555903621324375
2408,pop_0,3.9247726469698403,2.533127468223988,3.355652613830362,2.2337268473040286
2409,pop_0,3.737313698792072,2.692193127713116,3.1508419920760016,2.2859800688947844
2410,pop_0,3.48516910842977,2.7270263008935194,3.3665913515821284,2.862419356116988
2411,pop_0,3.4951765868186153,2.9131360704927585,3.655628578635186,2.5207530679637666
2412,pop_0,3.831265262347215,2.440649195771449,3.2436209786677597,2.1463618041662627
2413,pop_0,3.8242187647656474,2.405995147479814,3.1274251985025807,2.632750153851164
2414,pop_0,3.3236576015913326,2.8426377982311437,3.3775034695414474,2.8211571866027865
2415,pop_0,2.9796367068735305,3.274033304858848,3.320578557856573,2.273083197898174
2416,pop_0,3.5304362075786835,2.5145417463450617,3.1154971348326934,2.89222839769494
2417,pop_0,3.091724705719293,2.3871776688821753,3.598720845360126,3.084437831718439
2418,pop_0,3.9714002166691627,2.4875892155620085,3.153636101295844,2.269978604415378
2419,pop_0,2.9333136189343194,3.1363302593649958,3.3148515445015327,2.481181533770838
2420,pop_0,3.352327677864715,2.5492555390537253,3.336544317735752,2.6522395260363436
2421,pop_0,3.4681948286184756,2.9518250083908937,3.255292579064988,2.5380524699328557
2422,pop_0,2.926233174251738,3.5067594253063508,3.2782704965167593,2.360449351306047
2423,pop_0,3.324596102104841,2.7424070651348145,3.09357094698778,2.804845539805534
2424,pop_0,3.687870558876501,2.1909275276586726,3.27092352157385,2.7852849780627595
2425,pop_0,3.046090041128535,3.1216273287346246,3.694079652993159,2.3259138494272875
2426,pop_0,3.85059768765494,2.536771128521309,2.9751732740769268,2.503023498926781
2427,pop_0,3.8815569250627076,2.3337684710158744,3.185725906583096,2.454539633143243
2428,pop_0,3.302722303295415,2.6137768411708087,2.783516114567443,2.215307541144504
2429,pop_0,3.340616740002192,2.5949780253772894,3.143562833034282,3.1326296141792294
2430,pop_0,3.4241121636430685,2.9024180129000268,3.4634805121438856,2.741697745680025
2431,pop_0,3.288304557725783,2.178011399688052,3.319276994363431,2.3442930867113803
2432,pop_0,3.6389153790923245,2.7460365547593644,3.268858439590818,2.7237725565876176
2433,pop_0,3.0578842113408635,2.5714095223330955,2.7499718057727582,3.017682288863319
2434,pop_0,3.451918101948718,2.332559946416592,3.155230588648882,2.135133405106173
2435,pop_0,3.27508860397554,2.3872059708896316,3.3295691391670403,2.808734455442576
2436,pop_0,3.27103761876228,3.0390236444061802,3.0099549223077484,2.902624988254731
2437,pop_0,3.0735296078169476,2.57816103575614,2.7912486977180375,2.58644878440318
2438,pop_0,3.910194456016732,2.9973864699454973,3.344952540147152,2.226392702486645
2439,pop_0,3.034100489830492,3.195153847806234,3.2434952005792193,2.683810486349779
2440,pop_0,3.547587635464504,2.6350110335956507,3.0735100792452075,2.6139607491065378
2441,pop_0,4.01469107792343,2.8119110793975333,3.296892947929715,2.386703748595424
2442,pop_0,3.33654419958301,2.71545243366357,3.7566589886092534,2.0580410379385152
2443,pop_0,3.5323099055552567,2.4744553837030145,3.4744723152893515,2.2913365684354137
2444,pop_0,3.478411419478337,2.5513237444511425,3.1539571088667646,2.383490342316424
2445,pop_0,3.7016814666709177,2.51125991429783,3.1483482768711704,2.676917043393624
2446,pop_0,3.3697209689975147,2.497846272508239,3.7780453317140337,2.8385215976199207
2447,pop_0,3.1531386502379064,2.733129923647742,3.3261494495796944,2.745003268300969
2448,pop_0,3.5003248171782992,2.412020627457141,3.517193334221886,2.440450559142852
2449,pop_0,3.6013050514931946,2.656069688953289,3.3130231016074587,3.0829552149041763
2450,pop_0,3.302342448663906,2.306635327603312,3.295769206495981,2.566168324106657
2451,pop_0,3.399358397883854,2.719901889197051,3.571261750807851,2.5141718602719516
2452,pop_0,3.286909690465723,2.790113220717463,3.414186702315044,2.1067215337770095
2453,pop_0,4.2276654938861,2.383356889098061,3.374772209460526,2.1010487067536854
2454,pop_0,3.3536694596689895,2.7035327145495684,3.1541951500860055,2.940372698598116
2455,pop_0,3.5829452359299996,2.733436645494028,3.281463518243511,2.2262389524321327
2456,pop_0,3.6246619356544842,2.739355921911147,3.1585720914972377,2.7045025785295596
2457,pop_0,2.9056273704025677,3.1554281305735614,3.2230608546182173,2.859573873655644
2458,pop_0,3.443008059233189,2.516882636532525,3.3421358102018095,2.749851304133614
2459,pop_0,3.3611241114801373,2.3847555093167396,3.2803350679703676,2.686032164920384
2460,pop_0,2.97012669414982,2.8962791518351043,3.1513144150227848,2.8023127511699006
2461,pop_0,3.7413817287924016,2.422397135812269,3.3212046435393976,2.3768220661023602
2462,pop_0,3.3753448590114874,2.5704477747348182,3.2846704682176178,2.425295532390622
2463,pop_0,3.6430419017760203,2.1511828200114715,3.005977455297372,2.188912182334713
2464,pop_0,3.922527061149463,2.5806182432612794,3.1474158537028982,2.204496176500516
2465,pop_0,3.984400989347613,2.3330743364698456,3.503760868288298,2.793574434676929
2466,pop_0,3.5485345810068316,2.3612911729014443,3.0324430512850946,3.201927577983529
2467,pop_0,3.716671078243951,2.7428880281384567,3.7093570100552213,2.746638380453095
2468,pop_0,3.4252185272902778,2.5070678489663822,3.3857650562441495,2.6330398534367103
2469,pop_0,3.400034449726112,2.7929193142475515,3.153664472154427,2.541785621623281
2470,pop_0,3.0754142650222906,2.805409452484701,3.175586809281658,2.2834489646178273
2471,pop_0,3.25407695622782,2.702072673071681,3.1807360644672076,2.2852145156318064
2472,pop_0,3.3338817200064863,3.1553860461901264,3.100336200051222,2.544005793684906
2473,pop_0,3.4851368481766216,2.663740220369409,3.1608755609118826,2.8481546256714116
2474,pop_0,3.2891158639804785,2.432088713753277,3.046552510592636,2.0791203585328843
2475,pop_0,3.295516700350812,2.4097815220441117,3.3763280978071992,2.265337977192751
2476,pop_0,3.472083756823146,2.942090850289811,3.0514302760376926,2.774889154128167
2477,pop_0,3.464023409320945,2.725371437953127,3.1686390640431332,2.1198342416986162
2478,pop_0,3.404179305977213,3.0260102449728357,3.503069248544626,3.2465287284425997
2479,pop_0,3.3260832141106778,3.0528800452910168,3.2406907978864115,3.092909577442382
2480,pop_0,3.340905448463709,2.421954231221603,3.636362742949333,2.2615219970913807
2481,pop_0,3.6692654850519744,2.4553831239979,3.23518950371449,2.7516824132894353
2482,pop_0,2.73419433847513,3.5469678777467415,2.8355439357857626,2.409068995099592
2483,pop_0,3.3780593184900063,3.187177584343373,3.377229145485385,2.698284661127351
2484,pop_0,3.663231056591022,2.796580017927245,3.251674757654389,2.62981476353165
2485,pop_0,3.7022627953021168,2.1568978111992974,3.3188162833727732,2.9219813677909263
2486,pop_0,3.4898641667468278,2.259899716911806,3.3574261285601983,2.314856112108095
2487,pop_0,3.8674577114098065,2.205566489730474,3.1978365165191174,2.446513265441714
2488,pop_0,3.5365537732312404,2.3843184701876297,3.3247671249822646,2.6445783132035134
2489,pop_0,3.3231849129226347,3.0101962057858334,3.5553681854136348,3.148857201436816
2490,pop_0,3.5432064711730478,2.1522105883140887,3.0797042967688917,2.627347813276742
2491,pop_0,3.620071704938493,2.8104265611247747,2.9316852035757712,2.608299392521267
2492,pop_0,3.0991958179654775,2.4278085798466447,3.3370913554242563,2.61423964427934
2493,pop_0,3.4489454556361956,2.5281365128093136,3.0157203112734883,2.9185655933716292
2494,pop_0,3.4577852834923144,2.4477913945618215,3.336890276103318,2.503761315885376
2495,pop_0,3.996417114109844,2.3251942154602254,3.3957080482157376,3.209677244585484
2496,pop_0,3.4078621162368057,2.347926090378372,3.0139224203403723,2.3717742641688284
2497,pop_0,3.8037703851483773,2.576010364296186,3.5916191377527382,2.2236475787191714
2498,pop_0,3.365276777431542,2.9348058659332255,3.206977070702363,2.566835452772764
2499,pop_0,3.645581291565644,2.76505379007813,3.763465058167244,2.6465815698457913
2500,pop_0,3.451728227192393,2.258790562526032,3.1128435326641215,2.31888453495186
2501,pop_0,3.4628692056297794,2.796149792813611,3.0362016830903023,2.669513417230438
2502,pop_0,3.314766667867902,2.5512561999125225,2.9754662365441007,2.8059038435036623
2503,pop_0,3.2235957728204596,2.576167569316629,3.5253439205541586,2.6818316633418524
2504,pop_0,3.381807104852227,2.474807342334551,3.072264980580355,2.5135020050893053
2505,pop_0,3.130227815240111,2.3135353487569277,3.676322769510565,2.985578932048468
2506,pop_0,3.3485589873914114,2.095047491250244,2.994018965220459,3.1039240181769148
2507,pop_0,3.388426464903301,2.509059746433165,3.326323608085856,2.6872430592162706
2508,pop_0,3.2455562726150395,2.7277219086288107,3.2530119932797494,2.475756081493364
2509,pop_0,3.4916351486441233,2.4445098246190247,3.1049914302630683,3.299862565156468
2510,pop_0,3.6296091998277236,2.565298422066963,2.840168076694628,2.248417845061042
2511,pop_0,3.4417303404908552,2.325368040222155,3.2734080488583595,2.4703464014939684
2512,pop_0,3.6702585864582096,2.1088200173681617,3.3716353341805743,1.78744809616328
2513,pop_0,3.260039740145481,2.532596540630549,3.5784568427455947,2.4539929822263793
2514,pop_0,3.593984694134535,2.9166761599911584,3.5850437619130693,2.649177327924025
2515,pop_0,3.5270288405471852,2.4646597688814254,3.326843333706208,2.7378729174542613
2516,pop_0,2.970363964873944,2.7240413410466116,3.320142029084717,3.1393350714700308
2517,pop_0,3.3154946778419148,2.764216070701504,3.457569199048417,2.7706648741392734
2518,pop_0,3.208771286412244,2.7121692207995576,3.176971981579075,2.5874824720194236
2519,pop_0,3.586938722276366,2.526331238619229,3.6366988583021427,3.0498499841783895
2520,pop_0,3.281872322865631,2.2645163403198767,3.2075735074760114,2.520737283421412
2521,pop_0,3.0965126192097387,2.700014280210677,2.9368429265737928,2.709431950740371
2522,pop_0,3.1655454923924653,2.9396193799101322,3.3284270375624643,3.276994184319751
2523,pop_0,3.1496593270269337,2.860326299076262,3.1584225512502826,2.2809354916306206
2524,pop_0,3.882823443875491,2.625574808925184,3.4834470504806108,2.03380049440909
2525,pop_0,3.201654242328082,3.4629154148256855,2.802076225054736,2.549617565296983
2526,pop_0,3.2055992937340685,2.318441999145882,3.2844424109668378,2.6942922949033865
2527,pop_0,3.2366289331693374,2.5708861082045003,2.9641895749269205,2.818631944338749
2528,pop_0,3.5499252415879314,2.464922474726117,3.921720066623103,3.111030108869831
2529,pop_0,3.9657233353589323,2.41439842643223,3.1614874841456033,2.3964009741605583
2530,pop_0,3.3382214073169956,2.512585326031052,3.095450821286402,2.347874736628198
2531,pop_0,3.3699988506424132,2.805018852628818,3.2153246829408464,2.3879582711106635
2532,pop_0,3.6546811955405105,2.4823347839427954,2.867172304829857,2.7625134154802073
2533,pop_0,3.2203531106991563,2.3372743115644488,3.366503688810631,3.00503926001672
2534,pop_0,3.5216382834691204,2.9203577561717418,3.1408506979222715,2.756965430590595
2535,pop_0,3.1394645224495585,2.9481094867668167,3.0168103346297377,2.2325130361900762
2536,pop_0,3.425878434894522,2.8706157450284366,3.4222575089705765,2.4512584462609093
2537,pop_0,3.0005651063440184,2.8676101871154356,2.950419388575444,2.4686060795519666
2538,pop_0,3.596057390673569,2.785813441355277,2.8810288693679307,2.7321013636567826
2539,pop_0,3.63748508771955,2.5003329356430837,3.496696538331174,2.6024644251517177
2540,pop_0,3.1690391502952386,3.1378839434195176,3.020555111173501,2.838245841757596
2541,pop_0,3.95525300871617,2.6433378760811257,3.2568734598682,3.096900928586671
2542,pop_0,4.046201008915833,2.1408638942802787,3.019947181211264,2.7614335670562244
2543,pop_0,3.1302210274700313,2.619982155721993,3.060939163499371,2.823078255157528
2544,pop_0,3.74700477467402,2.2529476990942525,3.191662622382858,2.9610886692678715
2545,pop_0,3.4935846543572984,2.7431342913568355,2.937253388083113,2.463655465580024
2546,pop_0,3.2956106569462844,2.5639204830297864,3.0590140518180156,2.729057203895393
2547,pop_0,3.054105364053676,2.6696594698912945,2.530129495487899,2.902135570532451
2548,pop_0,3.6748395127556646,2.7530795967391803,3.0181320221344916,2.378829009491906
2549,pop_0,3.3505705122101657,2.4453735669672976,3.125596941333155,2.693800629312879
2550,pop_0,2.8182107075723355,3.3278735579302294,3.5608662288236994,2.8583805837017553
2551,pop_0,3.2678309550480686,2.563734725615502,2.894260024835257,2.6610093419741956
2552,pop_0,4.041877866232416,2.1928783622103367,3.141239885504161,2.1940200215118106
2553,pop_0,2.891664009401417,3.2467318193792236,3.5666314814340123,2.285367687333542
2554,pop_0,2.9890556860455875,3.0480229000460555,3.3590708433600778,2.712448316992321
2555,pop_0,3.561155082749206,2.9358209439506755,3.3490636865345045,2.73749826262155
2556,pop_0,3.526143154568091,2.5224624203360886,3.498067616199384,2.3523595135375204
2557,pop_0,2.970407016866232,2.414781921868559,3.6606684004828316,2.6134599170383357
2558,pop_0,3.2605252361525148,2.5916359022627535,3.2101451303321107,2.9306709095672576
2559,pop_0,3.4638695815768354,2.5147466639302998,3.255321739326008,2.4595847879330153
2560,pop_0,3.134611759785076,3.0747717086882367,3.4541996705130495,2.6076174976061055
2561,pop_0,3.326961451245365,2.366723188418292,2.916197163232981,2.426950695910898
2562,pop_0,3.5403653141287865,2.333368307183193,3.209069693499438,2.723849123680194
2563,pop_0,3.695875274693248,2.6447454440114706,3.4201811099479658,1.921948679373674
2564,pop_0,3.370595716156669,2.7405403978182035,3.2157361117504606,2.708359548865746
2565,pop_0,3.7068458438727236,2.4953203871367204,3.4132667799074623,2.7066236733455176
2566,pop_0,3.6989604197777015,2.434443187359159,3.124786213240959,2.508772005288459
2567,pop_0,3.457806675589451,2.998993675959404,3.624477000213293,2.1364184891249067
2568,pop_0,3.6079056990622593,2.5454048354575476,3.642878566780583,2.6733247833787614
2569,pop_0,4.126590838589804,2.5266916836751987,3.176708763721687,2.6398054661500603
2570,pop_0,3.613208249732679,2.040132090441052,3.1474814097634547,2.507884097888802
2571,pop_0,3.113272484245289,2.391240143013279,3.240665889807313,2.4956195784695643
2572,pop_0,3.622833366121861,2.21151786757138,3.0787268307144324,2.8379384149805276
2573,pop_0,3.573653651901894,2.3300078057928806,3.495522921448121,2.9445861308458894
2574,pop_0,3.5666480036153256,2.946246361784229,3.498998980175179,2.715809679002718
2575,pop_0,2.9702449612480293,3.067129055483701,3.1554909306726984,2.5953341616572727
2576,pop_0,3.332526571205582,2.6886232519911166,3.002044565299934,2.9609897055182937
2577,pop_0,3.6592745738308246,2.0858163210167335,3.090053141688197,2.488278887647083
2578,pop_0,3.695416104877309,2.3359213345088587,2.980958502822948,2.701075055328007
2579,pop_0,3.8504855612791062,2.61139927454977,3.162520390148624,2.248664539670054
2580,pop_0,3.337836680235709,2.7267413531199236,2.9088396027376446,2.5872990537093474
2581,pop_0,3.7126315402856607,2.937482251072714,3.243449409058197,2.5394215200817833
2582,pop_0,3.1899819943888694,3.3582610643753936,3.31642295394694,2.317034971270061
2583,pop_0,3.3500317570255183,2.852217236177127,3.554685425427853,1.8143199910466217
2584,pop_0,3.919201577533939,2.234939626985434,3.0338343644104597,3.0731296182302414
2585,pop_0,3.7838159319923252,2.3079284025775753,2.8967701288107235,2.3459319023789322
2586,pop_0,2.7987599630182594,2.8938457951227736,3.399766198961172,3.4323473559280417
2587,pop_0,3.7623976085202195,2.521219244704585,3.2380191296197687,2.642617930213707
2588,pop_0,3.6923586058474993,2.826493561002194,3.2406263866806864,2.867578478033605
2589,pop_0,3.4498409452493606,2.5952645658709166,2.973552136762119,2.8779597193232718
2590,pop_0,3.7310770286144113,2.3578748157273637,3.343922969539012,2.570068868101752
2591,pop_0,3.63438119763179,2.3875448031285336,3.0861961172500836,2.6557427680442722
2592,pop_0,3.21455948848348,2.9536270245634197,3.2385671515366483,2.9493345265918554
2593,pop_0,3.315867088792242,3.2332378666453625,2.731503326751199,2.824667381265818
2594,pop_0,3.7080930726899854,2.5901505175665505,3.689150561152943,2.177577641609867
2595,pop_0,2.8638514306762772,2.743960261503877,3.616537722938264,3.1046630825929995
2596,pop_0,3.4780506661216686,2.293514786301478,3.363836117979302,2.299572521563031
2597,pop_0,3.6164542488156686,2.3500182010827104,3.22418066452684,2.706034233244323
2598,pop_0,3.0447471842140024,3.033508763537909,2.972583675458242,2.955983588672876
2599,pop_0,3.4536413533749326,2.764941554752429,3.2405718132041703,2.1430969268918982
2600,pop_0,3.7624236942525027,2.7287623094163527,2.997217491453307,2.675065581296153
2601,pop_0,3.227858701944732,2.884752621388938,3.4047890665467717,2.641933141408365
2602,pop_0,3.9090188221954283,2.168044468679378,3.015617826181341,2.590855049445102
2603,pop_0,3.45217969340718,2.627597166016841,2.76076956288161,2.4329843868398284
2604,pop_0,2.914622996563134,2.5294636112677447,3.2121706380820845,2.8046492050542557
2605,pop_0,3.3929600645936735,2.969919606454675,3.902067338105327,2.7412410233511486
2606,pop_0,3.6995798870429337,2.6832654562572515,3.599399322956911,2.5654719874681313
2607,pop_0,2.625335860176847,3.0021756073065378,3.0365301916232488,2.8955524046126366
2608,pop_0,3.5885873743469854,3.182429164192268,3.5789661034394684,2.363208181348013
2609,pop_0,3.374151764949343,2.385885914126055,3.129227475364432,3.1235749568945907
2610,pop_0,3.295488277233475,2.5344109070939864,2.9017261677745805,3.0898195351218916
2611,pop_0,3.154474881218902,2.7781416572444693,3.0406729547492377,2.4139601253328378
2612,pop_0,3.7031267725097474,2.1797298197276933,3.153037756480341,2.8715682384104704
2613,pop_0,2.943531526340057,2.789347172001138,3.1955487892812844,2.6215273400326016
2614,pop_0,3.665535325208163,2.3404340848234666,3.3213768793114715,2.782765244666242
2615,pop_0,3.008000070541982,3.0435404502110512,3.5882855314252384,3.1245877036897434
2616,pop_0,3.5708019567646647,2.751814880503516,2.874783581739038,2.69299373925144
2617,pop_0,3.5436148662226707,2.6097106263284506,3.281391077118235,2.342404657158972
2618,pop_0,3.5650068197484552,2.572523168363617,3.5067176700625717,2.2620104551123354
2619,pop_0,3.3060806204407376,2.594308375199762,3.903649740489703,2.740416196582186
2620,pop_0,3.2580044795393306,2.7661167956953387,3.467562706842679,3.0419515281931533
2621,pop_0,3.421285371033193,2.490318352726658,3.2611853404398072,2.667605701091148
2622,pop_0,3.4879737373381894,2.7064632029984907,3.578748643599572,2.318191921954265
2623,pop_0,3.5441349970676117,2.6814798191578855,3.5527247964078263,2.421581786885196
2624,pop_0,3.557783179988356,2.633496391694954,3.3694193099993033,3.0619407532916374
2625,pop_0,3.43480778248985,2.9813816660163384,2.9809529563037254,2.8689117053247597
2626,pop_0,3.6004619654020473,2.0584204956714625,2.608283649247015,2.9145069917496134
2627,pop_0,3.4099768464980804,2.7405275521605343,3.223521586752219,2.566675269021215
2628,pop_0,3.5765506711599095,2.5997483736426674,3.462235928955552,2.324029322099561
2629,pop_0,3.299025709926484,2.8455015019991614,3.0685496594333257,2.5647365900247463
2630,pop_0,3.215414383613895,2.6742244101250163,3.431246826502364,2.655200455226776
2631,pop_0,3.4107292631795123,2.373643368261664,3.42438810325893,2.790593298159319
2632,pop_0,3.240454768433023,2.5602407215603002,3.6873947317947136,2.525588218440562
2633,pop_0,3.7951571137938442,2.538690113805965,3.0701478749142765,2.9040203441887433
2634,pop_0,3.3984812990634037,2.97355543194657,3.250572564642401,2.9833031804235937
2635,pop_0,3.2318321801419714,2.869712240277089,2.9044848232673526,2.602605952229994
2636,pop_0,3.1989591251173124,2.786073501487879,3.5040128636524965,3.001053621177225
2637,pop_0,3.0459105920740925,2.909350006027693,3.346086825294675,3.1154180197882804
2638,pop_0,3.291046043019508,2.125823581367493,3.4137236711815433,2.369050150990478
2639,pop_0,3.1578736354706742,2.5464144701854394,3.767271111945569,2.963126006951421
2640,pop_0,3.78382204375803,2.3955372132292703,3.3563866481260427,2.3497463811078556
2641,pop_0,3.4937586248703525,2.818880608240172,3.1878964825357503,2.47873833663492
2642,pop_0,3.355423979619383,2.7665548726115725,2.9677752447798222,2.8508616940814586
2643,pop_0,3.4277537670380043,2.623024450194508,3.112900587527642,2.1214718814288496
2644,pop_0,3.8697110685495884,2.4947539740592144,3.4101100400978948,2.5237024537478314
2645,pop_0,3.27294534452174,2.57324127325821,2.9858875563282976,2.939309036564625
2646,pop_0,3.2647861327773646,3.1244003519181436,3.2060058721600164,2.8835451005609234
2647,pop_0,2.9765677823779972,2.9542499415635235,2.947582844805404,2.4646527358061836
2648,pop_0,3.2074417744759036,2.773198155393573,2.935520273475538,2.887254003855104
2649,pop_0,3.17543077179039,3.049693392403903,3.6117190519089943,2.7609065781983477
2650,pop_0,3.8584640506261287,2.2621760110814733,3.751958368374298,2.0713176367509014
2651,pop_0,3.8962964137288614,2.2611914948944825,3.4351925184302297,2.321596448233816
2652,pop_0,3.4169398983510573,2.683286735771156,3.294914438756598,2.5317864139766795
2653,pop_0,3.1561772185509223,2.421045583289409,3.6413561739854807,2.583473011335232
2654,pop_0,3.824250634901055,2.5112655037419334,3.39329721292062,2.601257096185221
2655,pop_0,3.746359295824846,2.459678910612963,3.1659180629239563,2.4379679967383607
2656,pop_0,2.8230364567954793,2.793641730819847,3.364410506885658,2.3926167791231334
2657,pop_0,3.647225475168057,2.679583263266962,3.0089278820701417,2.941582015059495
2658,pop_0,3.063447447618674,2.56546254057792,2.8937482233047453,2.7768279246332828
2659,pop_0,3.4579789924053506,2.7577524295661964,3.1149398695471064,2.8576549892635588
2660,pop_0,3.3892248584842775,2.3233941107297786,2.831512799801245,3.226932499245407
2661,pop_0,3.490596879953983,2.2330370059277995,3.236606989874341,2.403505037682158
2662,pop_0,3.3062443166694635,2.6522989903673713,3.10158835839975,2.8821574060271034
2663,pop_0,3.2423690089225623,2.7202236897092322,3.339515978305018,2.6217177105472533
2664,pop_0,3.865576397501714,2.5004710613530206,3.2027553627520273,2.572898702064416
2665,pop_0,2.797321803504956,3.1836525630198955,3.1151166351085053,2.2349467982910314
2666,pop_0,3.1695407996386753,2.396588280879829,2.781007231136148,2.28639413193868
2667,pop_0,3.972224274234126,2.2441914709996347,3.1756193898517453,2.629708884669908
2668,pop_0,3.6196078104054705,2.0105448050386134,3.0769796626263717,2.6898229920632413
2669,pop_0,3.7182888303066557,2.5760887937849244,2.8648523594799697,2.40708960892679
2670,pop_0,3.4397302930803244,2.556895453422821,3.040950940667003,2.6493723864569483
2671,pop_0,3.530342417941198,3.0211398489627386,3.1313968852598895,2.6685794741965343
2672,pop_0,3.8448400600759403,2.3774394835859427,3.512352861733168,2.7388306325882237
2673,pop_0,3.7420300107261326,2.252051773861816,3.430238288154507,2.5000383491397695
2674,pop_0,2.60720638018748,3.0785954757909666,3.570861315482746,2.420491286009524
2675,pop_0,3.7548300802895787,2.699835770001554,2.944734295200827,2.668850392841684
2676,pop_0,3.641687894107979,2.9498108408943833,3.002225255744389,2.56137668421778
2677,pop_0,3.400965097796987,2.8411523650924693,3.016151580596518,2.793424873092963
2678,pop_0,3.9158536040023035,2.138619848338216,2.9118958867022933,2.6555447816968316
2679,pop_0,3.310039804830887,2.8129256916571133,3.2161202074674438,2.177907624173757
2680,pop_0,3.358269014693213,2.6488340462692164,3.5164240038407586,3.512210433689987
2681,pop_0,3.7278887155209355,2.869169665755851,3.3940683430686125,2.309489644752104
2682,pop_0,3.368833325230122,2.933941282004895,3.312094129884643,2.624495730210607
2683,pop_0,3.745816750233849,2.5935073450754795,3.329373022185939,2.2062078766321336
2684,pop_0,3.5831397488550185,2.075526722426976,3.6965282357962885,2.1260600662018936
2685,pop_0,3.484604952272792,2.621002738645459,2.958870767383821,2.9244862645548815
2686,pop_0,3.125877364161215,2.6901197785095907,3.3714998237608946,2.725871802452302
2687,pop_0,3.685545021665682,2.5713619720802137,3.231206774967974,2.4931429975895125
2688,pop_0,3.4000367264630955,2.2954894224663107,2.9769395730550787,2.9036439969325745
2689,pop_0,3.745707447438712,2.8001495183942806,3.6426075089852623,2.1700748469430025
2690,pop_0,3.8544532204324824,2.310622777541553,3.3116886256840967,2.5995665537789967
2691,pop_0,3.1856254515087974,2.6371890202709514,3.1185397526798555,2.5390503117157377
2692,pop_0,3.7382675152073688,1.8981208635785212,2.9281829905057934,2.4814042667827367
2693,pop_0,2.856685047627247,2.692063818363658,3.1862501287130374,3.3859183336381307
2694,pop_0,3.4662148484367363,2.6542268291735156,3.4665418764315863,2.7480387103018593
2695,pop_0,3.000509487968389,3.107999336094003,3.332329959923347,2.4089248812781476
2696,pop_0,3.498589678428793,2.93935371267463,3.1334673596543183,2.9265190852163814
2697,pop_0,3.9873542592884954,2.1505389505518258,3.252777376527933,2.811004147370419
2698,pop_0,3.703622420818873,2.4893704296968453,3.3593905854024864,2.906923114450284
2699,pop_0,3.378467389284282,2.7826063279708078,3.146956051573001,3.1928019320953083
2700,pop_0,3.0554744129816105,3.106783752467757,3.4533943673909455,1.984984452696254
2701,pop_0,3.346944194644389,2.7986432159470684,2.8730560761652146,2.6430114128422204
2702,pop_0,3.2948229792679418,2.595874191437376,3.011616243333015,3.1788548224557216
2703,pop_0,3.1788241049462336,3.147624249526549,3.448459927452685,2.2608349472151152
2704,pop_0,3.1919733052742356,2.8917894210706114,3.1329746764901834,2.9241699593758326
2705,pop_0,3.0188313657736554,3.102272919718794,3.1915191084650236,2.7546995234411913
2706,pop_0,4.0178621891189685,2.5875224139319735,3.2250005431903714,2.516052594262533
2707,pop_0,3.223857719859533,2.8730392528842255,3.2104461748922986,3.1105879676401904
2708,pop_0,3.8475671272091017,2.455458689696735,3.0942806960903435,2.7461817702222664
2709,pop_0,3.797801155906488,2.4585155565464114,2.9492869762254594,2.4041790641298264
2710,pop_0,3.072555322901163,2.76847598133384,3.5401334954105486,2.464282619185444
2711,pop_0,3.3696847978074453,2.9699233535259992,3.5027894077310844,2.312372814875064
2712,pop_0,3.7735995076905944,2.144233575910238,3.41103059836918,2.630846524078074
2713,pop_0,3.0431198527824375,2.906313107295992,3.6891039806633747,2.406879028604122
2714,pop_0,3.318223008037197,2.5895572047663338,3.3106928610375532,2.7699537606651408
2715,pop_0,3.230968360105758,2.5882403132950906,3.50838662793067,2.694365799343487
2716,pop_0,3.1183172871975104,3.368360624396859,3.202818219941059,2.5251321118892887
2717,pop_0,3.156273498407779,2.7036157854454514,3.7416913808785917,2.5297633268111457
2718,pop_0,3.633845381273446,2.3021695749983464,3.11763624178543,2.7184977221310813
2719,pop_0,3.268621800528689,2.7272914390611023,3.1906302153905366,2.821378792958009
2720,pop_0,3.509734952696757,2.7107141628077347,3.565816341635562,2.5805597018021773
2721,pop_0,3.6715614439494275,2.4570615327555045,3.1992008053991987,2.2357975922929905
2722,pop_0,3.0914851926216844,2.7256799974031547,3.597907456515899,3.1078602557659463
2723,pop_0,3.4319420620774945,3.0167657862013044,2.9487291745516035,2.8078175980440165
2724,pop_0,3.449089776223115,2.684930680462164,3.321343352868989,2.641577997160772
2725,pop_0,3.2257324593188708,2.8472099595965212,2.979866795150954,2.8765390338066714
2726,pop_0,4.0315865944282825,2.4595556330308592,3.5020947280679415,2.461525000898969
2727,pop_0,3.5459055810488778,2.3818404903442705,3.1607215065141085,2.8470989198949024
2728,pop_0,2.849896322929015,2.618663463112192,3.0412207152247315,2.5110186918187978
2729,pop_0,3.122345989707723,2.9542607424171385,3.4620964967133783,3.391717574483108
2730,pop_0,3.8354094762926767,2.4478046959006967,3.1351855585213535,2.877657713329511
2731,pop_0,3.4978510535980365,2.8903368871911597,3.1487554036454553,2.5759069574369593
2732,pop_0,3.479669365562741,2.6918739418819406,3.1224511339791525,2.714044471415824
2733,pop_0,3.72530435984929,2.802791998222176,3.2272654780081327,3.230234231604071
2734,pop_0,3.3861550615889486,2.982148449753304,3.190660525292544,2.652750752110764
2735,pop_0,3.6158167435148596,2.72841560639989,3.375073235797886,2.2317192363977494
2736,pop_0,3.4714268391119907,2.5647316822271846,3.2618372617679166,3.1179455042775825
2737,pop_0,3.4360410817321476,2.7462359664507243,3.2648905185668062,3.1676612840076426
2738,pop_0,3.441780019714572,2.3319904437153407,2.81655908871117,2.7584334118215823
2739,pop_0,3.9263480458189117,2.1508775611311344,3.550662529245051,2.4567189468198256
2740,pop_0,3.8465236619675376,2.2175819875447833,3.4201732016123336,2.6472934119393643
2741,pop_0,3.4694415077959917,2.6579828996494994,3.646646094426018,2.6247570054498746
2742,pop_0,3.363146511264402,2.6742504639665663,3.7459269669772044,2.192877420965891
2743,pop_0,3.591009853949988,2.3645628976078488,3.3717647147980334,1.8988992634994921
2744,pop_0,3.4438130898460524,2.5742838389491554,3.535009176324659,2.135522160606001
2745,pop_0,3.265612066900409,2.680172935281213,3.168279160972817,2.6260007666596383
2746,pop_0,3.5515138621569675,2.3545433028304013,3.1191645547424574,2.9908840658697535
2747,pop_0,3.0537183702418313,2.564032865868598,3.337176315662387,2.6547938161234512
2748,pop_0,3.036884351927132,2.8559231092578385,3.4507940033370375,2.3032116131571088
2749,pop_0,3.6145511517437394,2.9802457625652954,3.0236222092227902,2.4090249512033273
2750,pop_0,3.6552525542016636,2.5207393314466064,3.6579960161454297,2.582885419244982
2751,pop_0,3.3636574942273327,2.7945208238258514,3.4330789121996244,2.2922541162521113
2752,pop_0,3.5970752971508855,2.7076296810901974,3.4668720759447087,2.100656465326701
2753,pop_0,3.447330159425891,2.2211155220742254,3.453474890539722,1.7827116337684143
2754,pop_0,3.4351604751402545,2.7481258827864496,3.0544195612110356,2.8659942602430224
2755,pop_0,4.2284428732204855,2.18297644659973,3.2593603726597027,2.385577542008437
2756,pop_0,3.2763648954943956,2.8348187472500603,3.172552976380005,3.2918048051880997
2757,pop_0,3.326028681070319,2.8134982470578804,3.16827313510666,2.792932150061099
2758,pop_0,3.2942665125479653,2.7857328742109964,3.4738656493552105,2.339825491547686
2759,pop_0,2.9477456958394135,2.9760550238231733,3.3960323138718373,3.159557026399294
2760,pop_0,2.936764191505145,3.0869113661193324,3.4821123132859393,2.6056731051691617
2761,pop_0,3.46766499249734,2.448360922440754,3.0056117215600997,2.8266540058064953
2762,pop_0,3.7993613726519624,2.4873737063127876,3.3650553124839857,2.427003686329059
2763,pop_0,3.3872797316976473,2.877646778196345,3.2364142987355486,2.172770438863748
2764,pop_0,2.731822744638852,3.0024991832338146,3.7325013925545987,2.655933056878032
2765,pop_0,3.6643411014800704,2.799823302833508,3.124086725899457,3.3945670080484796
2766,pop_0,3.0859393093966667,3.1811651367760714,3.2484599295497785,2.9593123750438477
2767,pop_0,3.597077907206197,2.5885636900481734,3.553670374523475,2.4099652547317776
2768,pop_0,3.4653219021177906,2.7142236384098233,3.285999432645496,2.6794540649349194
2769,pop_0,2.932060136091348,2.4936880979233065,3.264294655578886,2.9783358197856344
2770,pop_0,3.47812563714299,3.048335613921735,3.401782463223504,2.62198848924814
2771,pop_0,3.661832995982663,2.4338496919959587,2.721676643596557,3.3116059518049266
2772,pop_0,3.364727799732766,3.210424681074709,3.3402826869867366,2.547810342485293
2773,pop_0,3.7743335303853605,2.149305314237208,3.1285472890862622,2.6887718974190253
2774,pop_0,3.236248773190011,2.6378767805355445,3.020238017933808,2.2634293829877663
2775,pop_0,3.4345311963574185,2.7097380693105015,3.5615263188150097,2.27318740557364
2776,pop_0,3.4942970607259904,2.620176381394762,2.8048590861489817,3.10518825230218
2777,pop_0,3.4568239266641316,2.8551617610990854,3.2005007802152328,2.680170410519211
2778,pop_0,3.4396724918681425,2.733911724266637,3.232961961065027,2.5524030235547475
2779,pop_0,3.158607852134013,2.878918187586644,3.1777242702801036,3.455834015485349
2780,pop_0,3.5684775117745797,2.7524763529041283,2.9447071692354982,2.5447257040308657
2781,pop_0,3.354929990806618,2.64432769344493,3.144449139636672,2.5614875233407095
2782,pop_0,3.1870121651667764,2.0746808051228487,3.408517118013208,2.981040715368362
2783,pop_0,3.663078462587784,2.316593834520755,3.283764535797161,2.2552366187459874
2784,pop_0,3.1614249199590625,3.02397291716783,3.911597941223733,2.4119314360482726
2785,pop_0,3.7110955909688443,2.390324895214187,3.470980951282924,2.868369604109014
2786,pop_0,3.789832628015881,2.794539366919168,3.194055660794385,2.3975364515798954
2787,pop_0,4.03779228804319,2.2880312332274126,3.1198442527090644,2.7075789966769386
2788,pop_0,3.3150324925807704,2.810447681516746,3.535839535460495,2.430329139487626
2789,pop_0,3.477346078273249,2.602153246921097,3.0631243659755913,2.677661925182453
2790,pop_0,3.2855796563634025,2.8599833530639627,2.9817709864031245,2.68206728373067
2791,pop_0,3.5185623145495457,2.6114030691222667,3.192343745268965,2.514721123544941
2792,pop_0,3.200908535293453,2.7633218978699015,3.2111438849830645,2.786196032609739
2793,pop_0,3.146428877426615,2.774615597004725,3.1902103108226263,2.915580246397218
2794,pop_0,3.0845554844872374,2.8865751904481654,3.3063614479370345,2.4181022605363043
2795,pop_0,3.641719908856587,2.42151595189247,2.9056782662288776,2.8961988682907758
2796,pop_0,3.563720891044741,2.119048120227999,3.1461852844989924,2.359071889668256
2797,pop_0,3.335450641970425,2.761163954198955,4.076667684966494,2.750611686010098
2798,pop_0,2.9645206963254305,2.81450106478735,3.648763810205412,2.624267460812943
2799,pop_0,3.492523624642894,2.405357664152298,3.6014226377681573,2.569505000309477
2800,pop_0,3.0565615620241795,2.8675665206049037,3.183431044281892,2.672265200912334
2801,pop_0,3.972032874956466,2.4236891665050684,2.959902969689808,2.1683245576022356
2802,pop_0,3.931707503245314,2.3031360372473646,3.242120718218246,3.2864106426466058
2803,pop_0,3.237307386632268,2.4524961166035837,3.0186521042906063,2.7993509995142722
2804,pop_0,3.5695258809877815,3.0717088176661975,3.1771132242650566,2.434013869870116
2805,pop_0,3.498182081144489,3.0086879894312393,2.6667531565807634,2.8794003903200442
2806,pop_0,3.4341640436032144,2.8410143931080847,3.127659644367008,2.2864688673556355
2807,pop_0,3.4338483048006574,2.539981515032301,3.1678074732177004,2.4894941737977594
2808,pop_0,3.3254052202946816,2.297915685805449,3.492506128827381,2.7805419512579115
2809,pop_0,3.2887762955234834,3.0664016855705216,3.556516778111864,2.4850171884725216
2810,pop_0,3.4903204507446994,3.0707801379116177,3.1648014708335137,2.4752601383490647
2811,pop_0,3.9015135473919735,2.8792528042360837,3.117759820719449,2.7027089793175842
2812,pop_0,3.451655891805301,2.802899887065976,3.191144400724435,2.7644779519735776
2813,pop_0,2.90181410525969,2.777926400290019,3.1008104268938874,2.337703798518333
2814,pop_0,3.446959492684447,2.753605185690371,3.3489256997404784,3.0154469083107944
2815,pop_0,3.679788079965643,2.456321859612884,3.5293331864802155,2.4677466223664877
2816,pop_0,3.252029319896221,2.786234397416907,3.365835004576803,2.598797724833251
2817,pop_0,2.854702197405937,2.7707587698047678,3.36027450094363,2.3894329569395074
2818,pop_0,3.450983692926476,2.7075048710570355,3.4187657797926034,2.4948072387480282
2819,pop_0,3.8799968229946566,2.8092211522539183,2.9024923577713406,3.1574934264509777
2820,pop_0,3.3788961499588073,2.516673070555645,3.172269044190751,2.4615671541660364
2821,pop_0,3.2734774915809766,2.6875630449946915,3.2895124223306347,2.835516312433576
2822,pop_0,3.4140704734629943,2.3634906791497277,3.2749227542168766,2.9426793239128357
2823,pop_0,3.3543065495734847,2.9337549948854047,2.8529018497246446,2.5788892945763697
2824,pop_0,3.280173189912663,2.980698784081586,3.426468388585297,2.5534365037320668
2825,pop_0,3.140191751312683,2.782097834028636,3.2983456665012354,2.9187782969548657
2826,pop_0,3.321270009413024,2.7713293081185655,3.183931393293307,3.2084958606631604
2827,pop_0,3.498332534209104,2.6857987156626666,3.541776642040959,2.9731310282013967
2828,pop_0,3.87766949829294,2.4748261150376965,3.1440912364095674,2.6619505085580557
2829,pop_0,3.5235102801640568,2.435782053606035,3.2769208763568,1.9689856880963486
2830,pop_0,3.3234123173709267,2.3980626608072435,3.4407405576054737,2.6304646883265397
2831,pop_0,2.9597702651468087,2.630446786046582,3.380464101732328,2.5849048151200114
2832,pop_0,3.3376878414874107,2.6007884427120334,3.0972197948169846,2.8278312249236977
2833,pop_0,3.349350805431291,2.5535411159521253,3.070580529453888,2.795689472443093
2834,pop_0,3.542020287001816,2.643965891310791,3.633273692438741,2.30139749383674
2835,pop_0,3.507452997373895,2.892259479959332,3.1308322159974757,2.3021555225264807
2836,pop_0,3.9742598873204704,2.2333431298975,3.6641067588893588,2.710298834610189
2837,pop_0,2.7503253093690145,2.7981895988696586,3.2280074607910967,3.30043199763151
2838,pop_0,3.3254825493463906,2.6702459986698637,3.26688197848831,2.715462514449064
2839,pop_0,3.662529211749846,2.706036745758285,3.566216040950766,2.34721168608021
2840,pop_0,3.5519130056724366,2.1988920080654646,3.525672057070129,2.8164112435379463
2841,pop_0,3.510849775747712,2.6659982934745923,3.4052042250440118,2.3778353084609605
2842,pop_0,3.3622599984727866,2.0913407456423294,3.1292239804139634,2.8951239656834056
2843,pop_0,3.4794357900637936,2.4115515705130366,2.8846388318899705,2.9823092006612097
2844,pop_0,3.4637460296688576,2.3997011955895604,3.4782355474868316,2.74522253748052
2845,pop_0,3.3906841393904097,2.785388888856885,3.384575667437854,2.3586335847095805
2846,pop_0,3.1024673665524602,2.895075618090437,3.3235126190295805,2.779046806144687
2847,pop_0,3.7048194460529715,2.6291795843354815,3.3948769864279025,2.308054634346537
2848,pop_0,3.7396665621553353,2.28366567724043,3.0599321039727942,2.4845175751328625
2849,pop_0,3.779781156935135,1.9233585234508834,2.918034050536227,2.784608755958056
2850,pop_0,2.9305247565801054,2.908728848960881,3.4650435468136194,2.483414175905684
2851,pop_0,3.3433545224202312,2.8932316286521433,2.6945860521122476,2.8483649810328915
2852,pop_0,3.4510748117447076,2.299614133799401,3.5576470365972903,2.883230426635689
2853,pop_0,3.504673829715808,2.3595753032963267,2.7518358574013075,3.073890343803641
2854,pop_0,3.0181237141181656,3.021719372483422,3.4279482962552055,2.1008276419109455
2855,pop_0,3.893191156712309,2.533630121836729,3.2223937421511266,2.3504565209958805
2856,pop_0,3.4428582465813133,2.9456153640184826,3.0578735025529866,2.773031744742259
2857,pop_0,3.1662758950667285,3.054651453719764,2.272133640659333,2.97741838032052
2858,pop_0,2.603841997176848,3.1251438412710515,3.072130311708663,3.1110735529636515
2859,pop_0,3.358972254087991,2.481689572228639,2.924445693718938,2.6828581660781907
2860,pop_0,3.3942084164786928,2.2341919236939196,3.2081902410261196,2.6632328599305573
2861,pop_0,3.367148041736784,2.7808732447215507,3.27617054047888,2.5293693165788342
2862,pop_0,3.4148619755505836,2.7871242508109386,3.0340468386259123,2.7019624465690857
2863,pop_0,3.641998764963857,2.4555104644065127,3.4759972407533843,2.752132649359225
2864,pop_0,3.2491372339350666,2.8144638395211534,3.0537308052079224,3.125047555532074
2865,pop_0,3.6881745906046235,2.874532805385137,3.0182468373980917,2.4339682916389234
2866,pop_0,3.9551606526238574,2.130332786694063,2.9164869886671436,2.7679375082946582
2867,pop_0,3.4294024486370964,2.5560356895295744,3.7509427621593954,3.074483540418184
2868,pop_0,3.5122169297956605,2.954134571385101,2.88341647338657,2.7868451664686265
2869,pop_0,3.127253717651325,2.8535874291241377,3.720823968482826,3.010860903766908
2870,pop_0,3.497270906350711,2.665132894266432,3.6457446517245984,2.697399067115976
2871,pop_0,3.2926274948478893,2.723740052122414,3.658641002115795,2.4037089060380743
2872,pop_0,3.7985485368429286,2.6188576135027857,2.9343132157776077,2.788390468775215
2873,pop_0,3.649050554686393,2.6563284334050303,3.4928216412011857,2.538458659512307
2874,pop_0,3.071452824177801,3.327422418248442,3.0275017413425207,2.373775065778856
2875,pop_0,3.9265295597547722,2.5941597760311432,3.1191971032748076,3.128042000572272
2876,pop_0,3.2273831684501735,2.8602299824949675,3.5604343212811043,2.067018689400875
2877,pop_0,3.5489055857175438,2.6047828095440555,2.9476450035256496,2.7270525081645616
2878,pop_0,2.977254481090766,3.056238023698857,3.275070728179072,2.551815925396729
2879,pop_0,3.3450834638989844,2.4868211470677615,3.3525460530285316,3.1748401190534143
2880,pop_0,3.19298098118272,2.6669540255812003,2.9924675253368607,2.6363676216069947
2881,pop_0,3.2268980390427218,2.7590178197324593,3.3131363926241124,3.1317903741014406
2882,pop_0,3.537248888328448,2.5946452400655127,3.3042006228296628,2.5229689993634024
2883,pop_0,3.670820583483028,2.0873221364025465,3.4484684246547657,2.991204594319796
2884,pop_0,3.287375063546685,2.7777115801619123,2.784503441397353,3.0223848997387797
2885,pop_0,3.2964793566636326,2.934767458321584,3.0104289910608024,2.7803702387840703
2886,pop_0,3.1726898733974886,2.0885100955272695,3.0552588648999097,2.649208151813923
2887,pop_0,3.4716352140562745,2.3770871859002964,2.9500329758589325,2.8612766629588284
2888,pop_0,3.3982086569355827,2.602187344453388,2.8963490165826484,2.709435535268905
2889,pop_0,3.0261155079553004,2.5055094879960813,3.1676364251306057,2.4547820534410456
2890,pop_0,2.9786650633816425,2.8262932169406496,3.5517645598316974,3.228927695879761
2891,pop_0,3.5532087463635618,2.273643177434864,2.964037168646831,2.7706078093484128
2892,pop_0,2.9177652145879027,2.9154962544837377,3.4119175173914824,2.8511451086502233
2893,pop_0,2.909004839335016,2.9297233726821044,3.7003863848951326,2.825419810299886
2894,pop_0,4.219267338514149,2.1940219673039074,3.423959804612862,2.506264153977549
2895,pop_0,4.1246371699415825,2.3688215732756186,3.0766251702885397,2.328416579629737
2896,pop_0,3.672478382744686,2.7019391310905516,3.5192093664506925,2.206320879700142
2897,pop_0,3.733298696831724,2.675023963419149,3.3722805632968376,2.3466690005154303
2898,pop_0,2.982012061329875,2.5947940932679354,3.652329778062038,3.196953791310967
2899,pop_0,3.5269379103970007,2.742350893032277,3.1141118864568136,2.8335059029379726
2900,pop_0,3.3866044736917815,2.5927998527892457,2.925531673766023,2.44472546083266
2901,pop_0,3.6066262988151485,2.456202769902209,3.231845362262252,2.955057085951413
2902,pop_0,3.696142534217047,2.799622789144936,3.27191935613454,2.665910629564891
2903,pop_0,3.1590146135665935,2.953479904503032,3.1334180183650733,2.626853276093433
2904,pop_0,3.4709893605963296,2.6843923960376666,3.527156548686628,2.4562098979764517
2905,pop_0,3.4490143842088865,2.7510021973561183,3.2079733170235727,2.7655348239701696
2906,pop_0,3.1765421350763465,2.838254698250375,2.741138131724424,2.623952508617967
2907,pop_0,3.1455075122701808,2.4405825480777663,2.916275889189692,2.793757841387155
2908,pop_0,3.3472553515678385,2.6347680929941877,2.805114047398256,2.9475452360650505
2909,pop_0,3.8200318170066727,2.1723256860983473,2.9509709185127337,2.284337459018916
2910,pop_0,3.140887580765106,2.4365700356620503,3.294413695960776,2.464057294634559
2911,pop_0,3.750556623371883,2.500405052513663,3.2204971754662917,2.558984869268758
2912,pop_0,3.159058370985073,3.2182697858005085,3.863187040045756,2.4871687075498197
2913,pop_0,2.773856964719166,3.1857244303373644,3.3910935499177732,2.656046500042867
2914,pop_0,2.8875962545417444,2.8905296616989653,3.0575669353519217,2.8144218103089647
2915,pop_0,3.4575866093935375,2.399145733308782,3.570045366912501,2.6412291181546195
2916,pop_0,3.6814185407798563,2.3900583330243874,2.94681040618627,2.7376103919942327
2917,pop_0,3.1213178878816006,2.6617646417468754,3.3502245344923978,3.3055170352794105
2918,pop_0,3.130125604413914,2.4909984254621524,3.025767208882854,2.291431824137577
2919,pop_0,3.3316342239852363,2.933385175308804,3.2388354953141842,2.4610058124224343
2920,pop_0,3.534483815071696,2.351197498321421,3.67668663514542,2.812095219088467
2921,pop_0,3.4582065214948003,2.777047346551025,3.492613153259011,2.304532885489658
2922,pop_0,3.953864994187086,2.194348185277572,3.3224459090587435,2.8175282467089113
2923,pop_0,3.5302164547345543,2.7172339958423986,3.5507530274496584,2.611236250822048
2924,pop_0,3.326708776222464,2.4059939348139627,3.282889251962493,2.8673187437440064
2925,pop_0,3.1011269565782418,2.6857699467376355,3.197208636853433,2.738790279166528
2926,pop_0,3.304385602748529,2.267896520456383,3.4646178654852573,3.015464827055246
2927,pop_0,3.337835896823973,2.6205116262836325,3.0291849507729003,2.851121990690142
2928,pop_0,3.9162937686337607,2.3210646191501105,3.198249518719764,2.554961737925534
2929,pop_0,3.244052373469481,2.745256147310958,3.7593643229944873,2.046103914166264
2930,pop_0,4.001023877909695,2.4670863348773535,3.025488718143232,2.396230256514369
2931,pop_0,3.3002510105267895,2.736849087304292,3.3542605090211164,2.993382465706376
2932,pop_0,2.9369912119251578,2.827418178771962,3.0454551775093637,2.2087621117669345
2933,pop_0,2.857044634323621,3.385597750952812,3.094030639557045,2.9072136641236175
2934,pop_0,3.533358205879186,2.9060860783983267,3.232897313230211,3.0313386308673578
2935,pop_0,3.677035038474058,2.5787930592765016,3.3050692353511035,2.5381140886525806
2936,pop_0,3.0731707860710094,3.068361593781666,3.2106373869273144,2.9798815453672374
2937,pop_0,3.537076092247132,2.6450749014458825,3.2523929732350365,3.1901723859257554
2938,pop_0,3.785318323685718,2.7967419915858462,2.797148923675842,2.801123981686985
2939,pop_0,3.594895957821352,2.7655988167392693,3.435938402277484,2.363252467025016
2940,pop_0,3.111499301458328,2.620126694380161,3.2147431355467253,2.8835571637165365
2941,pop_0,3.8271593150057175,2.051311970359582,3.256218164009833,2.830255878910983
2942,pop_0,3.3374443230808497,3.060096883175551,3.4035424317808607,2.41038297619052
2943,pop_0,3.212141102063968,2.766978287608765,3.3154514421488606,3.096783166494422
2944,pop_0,3.376961534369269,2.7354825342375344,3.458890976726726,2.6105926910046673
2945,pop_0,3.9098076807512387,2.3731694345940992,3.1332242625003492,1.9941483831594493
2946,pop_0,3.7558066391101717,2.268435431925763,2.7568387759146478,2.1954248649339125
2947,pop_0,3.133282153596081,2.926118385564268,3.154059417580567,2.8407767292936765
2948,pop_0,2.907564796518102,2.8379299134479132,3.1424736755650446,2.7792668535968037
2949,pop_0,3.6308718007062573,2.3422102639655127,3.1357124993970373,2.1861807706168794
2950,pop_0,3.0430308271593587,3.038083367245739,3.697985038625948,2.8353550225490416
2951,pop_0,3.3265324204500235,2.4754930707309386,3.5610799477777477,3.2024518806067386
2952,pop_0,4.002751794209218,2.3296781657370103,3.279691749854962,2.5165732614027756
2953,pop_0,3.335842926447057,2.831922961802549,3.079632024646926,2.4845760278276954
2954,pop_0,3.2942663719360423,3.179537837650958,2.661338604314087,2.4949577191922163
2955,pop_0,3.626612580182102,2.5822547770692545,3.5976667663812663,2.9354658184053526
2956,pop_0,3.2608853657796497,2.597162439226529,3.5673922860245098,2.3521393533302817
2957,pop_0,3.967546293819428,2.5385917546851515,2.9778887191298957,2.730988634841929
2958,pop_0,3.4659061654684176,2.670784101863719,2.9866946668466063,2.2550964511368097
2959,pop_0,3.2902054789900816,2.4719507904414715,2.9051026149019026,2.675388864117352
2960,pop_0,3.1065422078092815,2.7060987136568837,3.4704046966847617,3.0634013756430694
2961,pop_0,3.7863448448462744,2.2228605634590775,3.8734081189351035,2.359213546553197
2962,pop_0,2.8825396524233136,2.7680151518736436,3.0729148171166756,3.1512069394232447
2963,pop_0,3.8490439974849013,1.7396116468643983,3.735354326878191,2.5179164918894292
2964,pop_0,3.885618905769975,2.546874476637322,3.443726542015622,2.6731916099962207
2965,pop_0,3.0823122989314866,2.9678678468123563,3.213632422527559,2.7585042334614047
2966,pop_0,3.750957905260652,2.6876661701304303,3.249811744946982,2.374481859694647
2967,pop_0,3.1180146671170395,2.5996341001538963,3.4654334797058817,2.408993053383934
2968,pop_0,3.776046875167789,2.3472570265411727,3.42862887815591,2.3558533177738377
2969,pop_0,3.2205102496070737,2.32509956152185,3.177019676103712,3.003347587177595
2970,pop_0,3.6020444445396755,2.4463897364907012,3.278576486230371,2.729695051332639
2971,pop_0,3.5596701946722233,2.4860237601210042,3.1905389585371933,2.2191027693096363
2972,pop_0,3.5972878068150047,2.7614551587501723,3.4477021484533847,2.6864211326020517
2973,pop_0,3.3741088770815675,3.188863541994324,3.3270413665888205,2.983043971663341
2974,pop_0,3.6169785642958585,2.36652587093476,3.2552034176771327,2.169773304901415
2975,pop_0,3.2526627919793243,2.8884656064325447,3.4416969203097065,2.284074373393037
2976,pop_0,3.7818691099641475,2.625167447396973,3.4880944232708417,2.2631956447076282
2977,pop_0,3.1261430362050606,2.7492873788722805,2.922929632028819,2.9527220968723147
2978,pop_0,3.7630681555265117,2.41325584249255,3.447810532020722,2.60487164469892
2979,pop_0,3.6082685066704254,1.9819716870161097,3.4792490073857434,2.6268970174476656
2980,pop_0,4.25535447691484,2.309802346108925,3.0310350960827215,2.4813398693889193
2981,pop_0,3.5634979191530487,2.5246814117962364,3.2636231801469844,2.9971422709086326
2982,pop_0,3.0796901064081434,2.8752424591050922,3.329275848221772,2.3426249629434457
2983,pop_0,3.6196932846371186,2.856493990702198,3.0960043442790344,2.057173344135601
2984,pop_0,3.428545792665966,2.693640776928011,3.3405754627478896,2.4015901233761747
2985,pop_0,3.5776021620034433,2.925204611398433,3.083011772999933,3.2364032902985174
2986,pop_0,3.552453786433849,2.6532430282368398,3.42148069188231,3.0667280543853472
2987,pop_0,3.076914321856435,2.958268012454061,3.214388361323053,2.795397215961491
2988,pop_0,3.390542083724077,2.7037790662077357,3.08543636779206,2.1424401456577558
2989,pop_0,3.806637277854952,2.6917583677558103,3.321549324556153,3.095436277072773
2990,pop_0,3.4402095767904837,2.6368665880507938,3.2353885563136835,2.8393118436986726
2991,pop_0,3.489472259614436,2.4817266478358895,2.9705032431888148,2.9289403065549244
2992,pop_0,3.0805970087797085,2.8799005465095187,3.0238354008546557,2.737190252795065
2993,pop_0,3.7395696874254893,2.374433875403646,3.3836959272612055,2.2275460553197246
2994,pop_0,3.6576509618307664,2.476274303039716,3.2797220894730716,2.70036252334184
2995,pop_0,4.047442496140129,2.8321394077378352,3.667854517279939,2.180130913889783
2996,pop_0,3.0287628857318287,2.7961537885899466,3.60146258762559,2.9153888194145208
2997,pop_0,3.5615463735015926,2.4354782271178492,3.2228400730667084,2.3421324878948813
2998,pop_0,3.3613852705813487,2.726891015533699,3.616202977685473,2.7976628080208688
2999,pop_0,3.9945880174368127,2.547224097968022,3.4480824302204924,2.389850812360481
42000,pop_1,3.4357523552269127,2.656755070220689,3.184959231231724,3.172958444578276
42001,pop_1,3.702581799568367,3.0760963808441013,3.041681481205419,3.9531771919705134
42002,pop_1,3.08076605139899,2.9405838806001556,2.944426613241694,3.050239348627549
42003,pop_1,3.059578055877003,2.973170107561108,2.937068483254858,2.8424884878966217
42004,pop_1,3.2784041180441093,3.4018582369583004,2.837944598992698,3.829524126309852
42005,pop_1,3.442132178587083,2.9348635953949254,2.9124601715628926,3.714602425875493
42006,pop_1,2.9559038355870366,2.930248445777555,2.7506329603081574,3.5089080948833407
42007,pop_1,2.77599658121694,3.598197180857422,3.1185029434970497,2.6340763659669975
42008,pop_1,3.5849187157312867,3.5114483586706915,2.7545588715904494,3.150568968242305
42009,pop_1,4.201645641792205,3.4383164607346517,3.3344432410857086,3.371252273119315
42010,pop_1,3.6405692182271605,2.8582878364309585,3.125118171213741,3.4440834062153245
42011,pop_1,2.847539440027732,3.307921948138995,2.9759013156488656,2.5744371706001585
42012,pop_1,3.209987472062236,3.118297808163608,2.771529424317795,3.5239555260317235
42013,pop_1,3.56185811175314,3.790276255333814,3.046500574639551,3.3257869228048267
42014,pop_1,3.1104941603182175,3.3056511884357715,2.5576205584689347,3.58298546031681
42015,pop_1,3.6317588343870777,3.4172799609835964,3.4384261220642185,3.094627251650325
42016,pop_1,3.296472069319138,3.0044341507881502,3.227337599585957,3.218948877866052
42017,pop_1,2.6139351921391776,3.5992234132526417,2.772330016183449,3.596481219164488
42018,pop_1,3.2157136657633383,2.807450453466743,3.3378284761479584,2.70637889084905
42019,pop_1,3.0154895454542507,3.543714115027295,2.475037711625973,3.941551466964991
42020,pop_1,2.9245372092436583,3.0306626019291434,3.0304794591092787,3.238089955293785
42021,pop_1,3.405048697110183,3.3603994887988433,3.6803747375477673,3.3794003783550837
42022,pop_1,2.955926581110852,3.327473549205632,3.081467645814457,3.2671382640984783
42023,pop_1,3.357309387697447,2.4970985396937193,3.4645960807629406,2.4763166615346117
42024,pop_1,3.740881405895296,3.42440117353499,3.489873837873467,3.5385129687520993
42025,pop_1,3.314410043042295,3.388056765152265,3.2424135671606256,3.062728254322425
42026,pop_1,3.1737117816579308,2.919714908904871,3.1760313514482514,3.4117752296449355
42027,pop_1,3.111324185580389,3.510971047849085,2.732048761510103,3.5303085341990075
42028,pop_1,3.4336251486536455,2.6851021429424184,3.142215333061778,3.5539237835484783
42029,pop_1,2.954068136611894,3.177408558028982,2.8052367826988487,3.776847591593351
42030,pop_1,3.2577804787984825,2.7065608717368304,3.0665742195663017,2.6705716695968382
42031,pop_1,3.5289717264384395,3.588837703847044,3.1877626916807573,3.2114918888943564
42032,pop_1,3.576409371544722,3.377750073591976,2.9864271647082425,3.658574428123854
42033,pop_1,2.820330235606656,2.7368854108189127,2.5692921106021624,4.074166605523215
42034,pop_1,3.0134931845807915,3.112429947017068,3.1754473819289,2.8876222931964453
42035,pop_1,3.2122805475120617,3.051447088780393,3.093656197143067,3.13704701354721
42036,pop_1,3.2862184044547926,3.3718225213044333,3.154588893340924,3.0603984089258445
42037,pop_1,3.2258467195916904,3.102394750248975,3.175290088408426,3.1738549293503393
42038,pop_1,3.2993709508775857,3.2357705833075667,2.9830581181646454,3.4631769591214714
42039,pop_1,3.28814466310781,3.7279480247476995,2.863181383228115,3.6084197932357216
42040,pop_1,3.7134929721130114,2.849027296630664,3.4341985192002125,3.0093054827064223
42041,pop_1,3.2384258019444196,2.9739383155840162,3.265720393539077,3.4741235806170145
42042,pop_1,3.1670272066354967,3.1722213495385936,2.917104043017335,3.35979504355402
42043,pop_1,3.6415687872124525,3.648012102504979,3.242066841661594,2.8681087506348777
42044,pop_1,3.6800951461741174,3.077262977588423,3.6250770491606077,3.1630110120034924
42045,pop_1,3.2093902355960626,3.294987193163776,2.9052867614122038,3.136677976223739
42046,pop_1,3.1758019752775626,3.027389100439851,2.6877967508227543,3.399113978282605
42047,pop_1,3.15010535597736,3.502237951941775,3.1144486604355577,2.7686063768460647
42048,pop_1,3.523420815235159,3.152730234685179,2.5430514482977387,3.8200258133542997
42049,pop_1,3.5881492750018293,3.0625147311052667,2.7651423032656637,3.344691043244627
42050,pop_1,3.204030701998064,3.3739948473813306,3.0340411726923144,3.0851038222340614
42051,pop_1,3.0689951799036024,2.873070096359414,3.4715210152359406,2.9877451002259092
42052,pop_1,4.179345287662836,3.1557277762752984,3.4111512166081073,3.435026005415905
42053,pop_1,3.606859480563152,3.3562087922682458,3.0542574210808366,2.372882359697418
42054,pop_1,3.616034685818363,3.6081225741685863,3.1034664319468668,3.299322452891224
42055,pop_1,3.321898088753562,3.24575584296278,3.0559213741534696,3.369354744949243
42056,pop_1,2.89621957642189,3.0285102569524205,2.576984472356223,3.468603304249573
42057,pop_1,3.3060222509127306,3.3440586074845293,3.006403223656283,3.3077868279130405
42058,pop_1,3.0547576726660615,3.11171301327312,2.6030140435362306,3.5223848086086273
42059,pop_1,3.0620500739122276,3.4413208435109848,3.411085300234616,2.9085308266335437
42060,pop_1,3.231132797766921,3.879091311310761,2.755986404353382,3.3698992462980426
42061,pop_1,3.3272080022385313,3.025082363372973,2.8935994629187523,3.2618925440695294
42062,pop_1,3.2321702836741113,3.0732674319528877,2.8962575303975617,3.6989358721932866
42063,pop_1,3.6034048003321772,3.569631796517,3.552466812456276,3.6385488617307113
42064,pop_1,2.862547453694614,3.1544587826753188,2.736215216859964,3.1666555441091675
42065,pop_1,3.2523504714523046,3.014971521984647,2.6365384511649825,4.032183550799233
42066,pop_1,3.0275264503648955,2.806883043203297,2.5222751820880323,3.285916383610224
42067,pop_1,3.2439227064854053,3.0845300705500343,2.8503791058704557,3.158802043974684
42068,pop_1,3.5542920712012034,3.4362162715163285,3.4056815547565895,3.3208070596422954
42069,pop_1,3.544865603477814,3.299508618192846,2.9993618708032144,3.90123444949526
42070,pop_1,3.7744376136714166,3.166158499577185,3.1558130383360123,3.7223394948940465
42071,pop_1,3.4310135114671114,2.6994805515777416,2.4610251028331587,3.4796327955159065
42072,pop_1,3.088397201879154,2.817744830981798,2.8809905046527504,2.8094603344220377
42073,pop_1,3.3563827319887505,3.4056961003232673,3.1554241555067226,3.2995871844327223
42074,pop_1,3.004034763632857,3.1494750729063963,3.0608561053695413,3.490709022713108
42075,pop_1,3.1403127059994165,2.853290466218825,3.1791653371153563,2.950962101570296
42076,pop_1,3.2317203838630473,2.447397723251415,3.1487422270448895,3.594438942456652
42077,pop_1,3.263186707917363,3.5745605253075134,3.1919411691652,3.138070594142632
42078,pop_1,3.106234769010373,3.2048482688692825,3.290783780936215,3.259538350364468
42079,pop_1,3.4399686376790144,3.1946286492690334,3.5623913965442804,3.1846098188095526
42080,pop_1,3.0606638129286576,2.7294237528655882,3.612976621715559,3.1666027870448406
42081,pop_1,2.882492395684722,2.933923455812784,3.1809685148851896,2.8427795462185643
42082,pop_1,3.1395399057436872,3.334616106987747,2.860860856318921,3.4449310448397594
42083,pop_1,3.257420905683971,2.9089789951596736,3.1602028111710876,3.531315499595814
42084,pop_1,3.067556483479329,3.0026697922545984,3.4285400490119535,2.826671618450433
42085,pop_1,3.6897390415272797,3.4600504786299653,3.077679505127535,2.9879390636619636
42086,pop_1,3.0024867731017806,2.668475808778896,3.3522650916590586,3.0875986534933735
42087,pop_1,3.230211693370222,3.1613136765562273,2.8032145347542907,3.1562287483374565
42088,pop_1,3.6403274749711656,3.2058563252307986,2.9566756401071284,3.4651646458333216
42089,pop_1,3.263332975410924,2.77787157006813,2.981446721471598,3.162095825685623
42090,pop_1,3.2901265149681658,3.421018943606127,2.9146264597966427,3.3416766588420472
42091,pop_1,3.5645374340091993,3.3752470690415235,2.7087050285352063,3.408461142247601
42092,pop_1,3.4643916576523894,3.163576202544118,3.542169731154752,3.026147202503702
42093,pop_1,2.8288468589849796,2.9788128383450734,2.981224449811811,3.242340299320758
42094,pop_1,3.962690008863561,3.580779845756578,3.2559937814201243,3.146088365655298
42095,pop_1,3.6971075810955907,3.232672664259585,2.9792932768568505,2.9334197587689137
42096,pop_1,4.075074214340037,3.4843999188333656,3.005216802332299,3.2798369877003544
42097,pop_1,3.547737637392773,3.279631077732286,2.732677490596841,3.624733667497294
42098,pop_1,3.130776997443583,3.4715696367916777,3.1174148097751586,3.403366298629244
42099,pop_1,3.592127323917636,3.1199996430124752,3.2358756328426193,2.9290335880532847
42100,pop_1,3.5877481552605177,3.5086990317542974,2.6705716225549265,3.5190210660160575
42101,pop_1,3.1355209358127127,3.42593367060038,2.5105189715959555,3.871760142896706
42102,pop_1,3.314348474318388,3.464623851886009,2.7475421950683896,3.4109837101576765
42103,pop_1,3.191260502370598,3.306503059551991,3.014816225340194,3.3485363856142314
42104,pop_1,2.9682554221981317,3.2964914512041683,2.9089197315663804,3.155717313213842
42105,pop_1,3.6348432652159084,2.915650262563412,2.9119411438194884,3.3257021654772636
42106,pop_1,3.115011473253698,3.2686755751360144,2.6015706826278984,3.0246702677833053
42107,pop_1,3.464122734932068,3.5250110210514793,2.4345356449924367,3.5953921697398865
42108,pop_1,3.4920012111632057,3.354201853189757,3.335705094043399,3.106923219789043
42109,pop_1,3.032070135643302,3.2120247142071996,3.059712893708884,3.1173185846074407
42110,pop_1,3.390971299607956,3.0336108705933342,2.7234560631963185,3.2839925461627035
42111,pop_1,3.546030519592336,3.1478430915591282,2.4262636830177016,3.647931449533921
42112,pop_1,3.307848969605005,2.7933448683629516,3.216731474114692,3.255081128514636
42113,pop_1,2.9916771460185636,3.0508864057823373,3.2282423257015744,3.2520606974938118
42114,pop_1,3.71819463855516,2.90806809737336,3.3769796443175,3.4607248716673746
42115,pop_1,3.4120784957305896,3.621389769789349,3.3266311859187327,3.114572800229577
42116,pop_1,2.7589537529851493,3.137994920205765,2.1589024191689203,3.6378251496304164
42117,pop_1,2.934586591587813,3.64209871443633,2.9283178010689093,3.4050862362995997
42118,pop_1,2.71869257810699,3.221765156458357,2.621392697139808,3.535582294452028
42119,pop_1,3.3880451263900415,3.474110591438743,2.9305894363260907,3.4746056570684445
42120,pop_1,3.234139594756534,3.0788323517881704,3.11640919540338,3.2490497412724957
42121,pop_1,3.3328407744671793,3.5091196348230715,3.0995142784339285,3.0388719492683047
42122,pop_1,3.302350917784111,3.51608124695772,2.858299710467252,3.312384038102044
42123,pop_1,3.0384140275414446,3.0838241380883127,2.8616691542307504,3.17481327555677
42124,pop_1,4.271667314736578,3.885648591115518,2.8980626568030727,3.8313865082047873
42125,pop_1,3.2305228824052836,3.1164851673757417,3.037209213933754,2.7116904921390583
42126,pop_1,2.8850576843305786,2.9492718878311504,3.1590904531472517,3.5604056501011834
42127,pop_1,2.990502676168762,2.6362053787120683,2.906933267399946,2.9734181594971023
42128,pop_1,3.2108987303553933,3.4841429946233937,3.0871598307028876,3.2920403717006193
42129,pop_1,3.2021343150906003,2.8896830486042093,3.05078938058975,3.542896654747444
42130,pop_1,3.141025189104852,2.9354767692657724,3.1999160376449947,3.220548128520144
42131,pop_1,3.0645057995296665,3.2790967676147464,3.1804710703917496,3.0290209215663118
42132,pop_1,3.6841132266174954,2.9060927115391624,2.4733480098492704,4.056185172455778
42133,pop_1,3.1425728070020313,2.7655189682584402,3.073230299661131,3.402466780214803
42134,pop_1,3.1595679370030796,3.150185210237422,2.884185144960017,3.552694624685281
42135,pop_1,3.328442604804755,3.4930217254683136,2.7408322785053567,2.9216839137653716
42136,pop_1,3.3688236814834513,3.761078123575621,2.6443840334720448,3.822006837269672
42137,pop_1,2.9628950988372167,3.0936674719430624,3.1701512699289744,3.3209364916685646
42138,pop_1,3.2853754987273827,3.8058656504056243,3.361247231776475,3.111136024888045
42139,pop_1,3.459623358857119,3.5080377369611044,2.970898935342142,3.2967662649634346
42140,pop_1,3.7369319143229207,3.063909192283135,2.952470114487841,2.9972027137769817
42141,pop_1,3.00933644220054,2.5515664378908407,2.52753116415391,3.631328191590611
42142,pop_1,3.5572344836981658,3.197219795976683,2.8198794176481754,3.3083248611354437
42143,pop_1,3.478560084423392,2.822743333632149,3.2687556574266914,3.2878548212728873
42144,pop_1,2.937479931958711,3.0050601688480194,3.1889562170343195,2.674328739244125
42145,pop_1,2.9101760638292298,3.249504884941294,3.1196776370472468,2.652623207338803
42146,pop_1,3.7698223777068005,3.0269435413304464,3.3968054693601415,3.0573023371646277
42147,pop_1,2.811013603450627,3.280812605402137,3.0607297634244577,3.523397038181687
42148,pop_1,3.420554225578097,3.410151736414972,2.8815444980593186,3.5763205928959247
42149,pop_1,3.7851915310660234,3.248332931841456,2.841781783038258,3.820466291591607
42150,pop_1,3.3952756304381695,3.4153383448566514,3.10914208456466,3.7111792820037666
42151,pop_1,2.752159477129106,2.8787035903618823,3.180600872986957,2.5182766088686175
42152,pop_1,3.396433235413755,3.1131387657123675,3.0249579282004495,3.826684399224956
42153,pop_1,3.4129671081332513,3.3158611330749572,3.4165322256634316,3.04879055684326
42154,pop_1,2.8417733234378195,3.025183404116091,3.116021233977331,3.2546070006236447
42155,pop_1,3.934585413716156,3.492246754391793,3.0377017060115037,3.0789556649062413
42156,pop_1,3.4900408158125202,3.526287764102449,2.2966235384222946,3.7947966090784604
42157,pop_1,3.446903793670499,3.3343627243189284,3.038971071931112,3.2758601119003976
42158,pop_1,3.362053427722,3.4382050246684566,2.841579285989133,3.1931484659672993
42159,pop_1,3.2729025159948164,3.3416266341913996,3.42437383615428,3.512000347889973
42160,pop_1,3.732353977353472,3.0243520178806946,2.714231877468946,3.6100861600207876
42161,pop_1,3.593484924477498,3.66029332475957,2.77053978950258,4.282576233151243
42162,pop_1,3.5263704042075648,3.5723273793852224,3.2604951536591695,3.5485392858171996
42163,pop_1,3.288056574386579,3.5668869629329847,2.8730903631781852,3.3348904879918395
42164,pop_1,3.336123349335092,3.0837666635913688,3.3935339840461554,3.2315021204820207
42165,pop_1,3.1580717182816573,2.6951926905866674,3.4402897244978075,3.290123085180524
42166,pop_1,3.257089511827369,3.5992970194215737,2.688038909782352,3.7686435449585036
42167,pop_1,3.1100438416175264,3.362034053079071,3.053780946958503,3.9246998639771835
42168,pop_1,2.9274737691732664,2.9718469951509765,2.989190720141743,3.631963081765773
42169,pop_1,4.162427136803556,3.087357077083873,3.2087436130792995,3.277643888226744
42170,pop_1,2.9625487491269795,3.1697936800273543,3.1603608780163834,3.539262634309384
42171,pop_1,3.4155543254686376,3.386231379783359,3.552812689906983,3.000325235589015
42172,pop_1,3.172080044601829,3.364642283341569,2.619869059577002,3.6224689920490194
42173,pop_1,2.8539399076083196,3.0062040700007544,2.9202860681546365,3.334172057861955
42174,pop_1,3.256643432608741,2.637571452661899,2.815721718365007,3.796097149800651
42175,pop_1,3.097267259747545,2.5329888931299536,2.9405274860512263,2.880050445397001
42176,pop_1,3.1710254861436815,2.7505982023959157,3.3156721313835673,2.8721344431224285
42177,pop_1,3.1946297267187225,3.1942311947459143,2.9615449826256492,3.215579029444897
42178,pop_1,3.0395607646300773,3.009547815868736,3.426685689209141,3.2030559745541187
42179,pop_1,3.1127993437939145,2.8094787974448354,3.402445405378376,3.259121208724339
42180,pop_1,3.448274156639037,3.9801541073807534,3.1605676609293067,3.2889990165630687
42181,pop_1,3.4979605954864788,3.5361865055228963,2.8578822574567373,3.3536984804574734
42182,pop_1,2.941904759504952,2.9525800931977293,3.1629022644189746,2.6205817258248447
42183,pop_1,3.808599394604278,2.8925139108689804,3.083273895531301,3.133871916438967
42184,pop_1,3.2380695934621166,3.1112046637005317,3.3758972464156387,2.648580961360969
42185,pop_1,3.63194281333234,3.0651741664749457,3.2115316051649416,2.9059968648291203
42186,pop_1,3.3665327917637193,3.04425763818381,2.7554920213901806,3.2886433891224014
42187,pop_1,3.601274593108967,3.635992893294744,3.21719686419949,3.155964425207106
42188,pop_1,3.667636721567623,3.397537541039455,2.661202871833356,3.3297884929753163
42189,pop_1,3.275867837167894,3.497300970586016,2.64048016929051,3.7629771362782045
42190,pop_1,3.0705144837718055,3.346763296250294,2.879596605873775,3.6290074227016573
42191,pop_1,3.034245363408446,2.8255254251009387,3.0099623540978016,2.537208145264698
42192,pop_1,3.358564848837719,3.711584600968886,2.863790701971563,3.737155196142171
42193,pop_1,2.901153769906804,2.580378679698144,2.6936475576371435,3.177952486170247
42194,pop_1,3.63994090443318,2.937420915850244,3.0449307032590585,3.497683563078318
42195,pop_1,3.1485498446919817,3.190872510495102,2.446201125179071,4.1277453680339935
42196,pop_1,3.2335419967007146,3.4061836999779866,3.0660869092819616,3.125118900172125
42197,pop_1,3.204288003112681,3.098507827349949,2.931055565094273,3.403656679039498
42198,pop_1,3.595368818494543,3.7119279249616093,3.026420809149448,3.088019260366036
42199,pop_1,3.2690000160383756,3.145165287015723,3.5659528301457675,2.8852263872048876
42200,pop_1,2.917977117960985,3.291232005280189,2.879864143756904,3.3358971332114913
42201,pop_1,3.092035247396497,3.574584774438339,2.7082827754739047,3.469587988707648
42202,pop_1,2.7716580859333204,3.2529293845144105,2.4920975786076474,3.593873017770226
42203,pop_1,3.245579545530178,3.2717813973591716,3.2894673757879307,2.8529264925228888
42204,pop_1,3.706970606056281,3.53568793663742,2.7425744329136603,3.100608990009088
42205,pop_1,3.2696072729694796,2.892534877467936,2.6296689399538327,3.2299149049087448
42206,pop_1,3.603001256599931,3.608474819134448,3.481651884306585,3.6477697957944555
42207,pop_1,2.871379686215254,2.9768901785704753,2.860841306879167,3.616180826330224
42208,pop_1,3.1730142274340287,3.53432172999097,2.972776409426695,3.087164232277974
42209,pop_1,3.4315023474029474,3.0244841890069383,3.120412228810612,3.4190014243453826
42210,pop_1,3.1821418842018856,3.114775688556628,2.4599745998703058,3.1234630555390748
42211,pop_1,3.3026648278532806,3.382399653235168,2.7223976313587794,3.1672885724702335
42212,pop_1,3.2197575962791998,2.5937658458665616,3.3195234377704415,3.4020924884884605
42213,pop_1,3.19981868365015,3.2686411043851913,3.275714888950128,3.176392566182647
42214,pop_1,3.1085576983773393,2.953675734383159,3.114886797511685,2.7569182741313356
42215,pop_1,3.0066151073883463,3.263743235820989,2.6261707652669166,3.5306980973769817
42216,pop_1,3.3189103238037383,3.649788141057563,3.043003192721769,3.8009408007520156
42217,pop_1,2.742836662305536,3.3751400748924834,3.0712919932499827,2.810963520917798
42218,pop_1,3.0206743353651033,3.418105057579787,3.490741619202767,3.567104227522585
42219,pop_1,3.087946738233166,2.9795344501694054,2.759713329456342,3.3621881122493895
42220,pop_1,3.587687384398949,3.026406132201664,2.5653759451378635,3.4963808527357716
42221,pop_1,3.7111261036572913,3.035876095190056,3.0434803739129004,3.309922076854817
42222,pop_1,3.1036436008937427,3.3235516710236346,2.975925283787746,4.172206602221826
42223,pop_1,3.4521318946772364,2.963013994627983,3.3251556238835356,3.5323613393978754
42224,pop_1,3.275851947306164,3.264165207517882,3.1137650016549903,3.31978964750303
42225,pop_1,2.910137043175702,3.4015728351068284,2.612522303108115,3.1558283638267417
42226,pop_1,2.6546176715133702,3.4492558673311193,2.6762284947039254,3.6257341397878404
42227,pop_1,3.767430714679924,3.3413360666272784,2.7569282100124477,2.8950556842500186
42228,pop_1,3.3693568885614398,3.1803451831166987,2.8715021708703854,3.3842749339750764
42229,pop_1,3.267678936607565,3.231902678337567,3.7303189901422944,3.06635664627752
42230,pop_1,3.1922627832898036,3.547876279409743,3.1957288280889697,3.3512071019434977
42231,pop_1,3.562879566801405,3.573874291271528,2.9473306752291304,2.9753378242257793
42232,pop_1,3.100201822852648,2.5750026631312912,3.3439145458427912,3.378435185335149
42233,pop_1,3.432869449540643,3.588425747919661,3.209406212965587,2.609427017974636
42234,pop_1,3.025427557790175,2.792534778632528,2.4109966535482212,3.887977808214265
42235,pop_1,3.9260151258345,3.3016725897823025,3.342591966825777,2.8759891972516503
42236,pop_1,3.0853271075033373,3.4421092769594717,2.8864976793462644,3.1196614645147944
42237,pop_1,3.3429780623521714,3.1850237503371814,3.3289398056729467,2.8157232979665454
42238,pop_1,3.2648500283004034,3.3446983581854277,3.1656505880431465,2.994671143548041
42239,pop_1,3.4804586306927003,3.1394495233592092,3.219083398777059,2.9133705814664737
42240,pop_1,3.66745261591842,3.435774645318492,2.9064486453877176,3.973970199947865
42241,pop_1,3.1556141154443447,3.5979196923581753,2.9700044443814626,3.5093625522526692
42242,pop_1,3.191312156900686,3.351249461103341,2.8992557542691375,2.9690857689381494
42243,pop_1,3.484717280710003,3.587033418835948,3.3326687134327746,3.2139142736595954
42244,pop_1,3.1150608525346297,2.9358969982845795,2.6859003436192403,3.1533349151081915
42245,pop_1,3.460646623521348,3.245568649967034,2.7349698167409744,3.9480164776720064
42246,pop_1,2.926866324485003,3.334075556413694,3.0763075919958927,3.200717257810977
42247,pop_1,3.4210526264165306,3.6937396926809667,3.1135301248975953,3.098562357497224
42248,pop_1,3.243787411721792,3.0496304638312286,2.7909521911524244,3.397188398020538
42249,pop_1,3.0662508162310598,3.5519131506771364,2.517693352167608,2.8533022057061967
42250,pop_1,3.493690984372713,3.246156368655995,3.1248119613805714,2.9364447378845306
42251,pop_1,2.9922109807357775,3.278179752106641,3.149416886697248,2.819869976898311
42252,pop_1,3.0386846438070867,3.3558816198043955,3.4287344367093344,2.8975202820284327
42253,pop_1,3.4517459677286397,3.3079216425664684,3.2559131434843915,2.9441682567408485
42254,pop_1,3.3965230543354066,3.7090833212133374,3.36935727669814,2.976765262510953
42255,pop_1,3.44027639843169,3.2900385818948834,3.048917085893449,3.416941993393407
42256,pop_1,3.4587187228167635,3.0578519751886346,2.9417798755744506,3.840157409308901
42257,pop_1,2.7928388677126663,3.48543884854139,2.4890187266489754,3.2794943270073307
42258,pop_1,3.463768759009104,2.892802333008307,2.7773164721023944,3.408559238662513
42259,pop_1,3.595714440700639,3.0647093275228916,3.2110682984126626,2.7679936304658677
42260,pop_1,3.3914707355759695,2.950941134772433,3.2488847022581875,2.8830285398842594
42261,pop_1,2.912074656119009,3.0994543337947085,2.8844843766285804,2.782885563642804
42262,pop_1,3.207473657110673,2.770123562874595,2.6094903540561005,3.3760023656326554
42263,pop_1,3.314234897222179,3.121649884553462,2.939257998387719,3.607291428839867
42264,pop_1,3.623978020277587,2.629535576028832,3.0278025577298417,3.4769084564309827
42265,pop_1,3.397788650724383,3.2994324692918293,3.3626403035955166,3.2531488866453713
42266,pop_1,3.3427508207999246,2.798444009828512,2.9299666834453575,2.8344873727179314
42267,pop_1,2.9513478776344346,3.1874267707908963,3.4162627296422605,3.1155737479649153
42268,pop_1,3.179874375244069,2.944285689881308,2.7706631649655504,2.7375767148747387
42269,pop_1,3.5945161532965764,3.137932523088602,3.2622226545258766,3.2375644198978932
42270,pop_1,3.4708974901612866,3.161546419876351,3.2026323713135114,3.174481050367294
42271,pop_1,3.394838085563657,3.179698077899752,3.0298275366597984,3.4706985846226237
42272,pop_1,3.7134676577756465,3.7258477176413405,3.235679048162942,3.140989934232832
42273,pop_1,3.156298101582801,3.756667811996508,3.0103323563237288,3.253685653340113
42274,pop_1,4.13116813004934,2.9908637502647664,3.042878214723613,2.588801793436631
42275,pop_1,3.561245838411835,3.3451985773193957,2.812871232940678,3.8723308122156714
42276,pop_1,3.3845078647396645,2.958436259083789,2.881427099936004,3.75873427592391
42277,pop_1,3.1752542169909943,3.014879015887748,2.9584434564265085,3.1082148585269205
42278,pop_1,2.8739870489119914,3.062759286762551,2.6390879040124156,3.197021022300608
42279,pop_1,3.681670989175005,3.635469918801422,3.0353923360392496,3.578471816240505
42280,pop_1,3.3301884780438997,3.341191807996823,2.9562911596163164,2.9439249159922207
42281,pop_1,3.484237234434146,3.422680799773117,2.5023632513998146,3.7434969241887956
42282,pop_1,3.504941221522368,2.905174055666892,3.166958082459811,3.448622373220157
42283,pop_1,3.1860985012325083,3.3412859207592382,3.0516079106370704,3.6047768135810454
42284,pop_1,3.0359310349645474,2.97885654287437,2.5196210777440307,3.239088709016822
42285,pop_1,3.2189174857980447,3.1159823405246656,2.7355211796091248,3.3046248573920542
42286,pop_1,3.021962820644931,4.083745620080684,3.1499512744140143,3.037272839347531
42287,pop_1,3.1493972406388906,3.5879474070945654,2.7784494028258955,3.1969324760219417
42288,pop_1,3.542872021995148,3.2009862872092962,2.829677507133958,3.3035653405769403
42289,pop_1,2.860236508875665,2.745839346361043,2.9091670268372627,3.7239693769046105
42290,pop_1,3.2917885014453963,2.9418571672897897,3.050935199293659,3.1996760264084725
42291,pop_1,3.3696805618234564,3.1800878172655906,2.992949231912028,4.125234930200575
42292,pop_1,3.2650633396998123,3.0342874136474336,2.814763808522432,3.1814542178485117
42293,pop_1,3.00750774557663,2.976921803995579,3.0341913722867084,3.5817072423611704
42294,pop_1,3.1421658569227437,2.8756250194194215,3.044851063548876,3.219763485117562
42295,pop_1,3.339689121974918,3.75656919213221,2.3496828958006026,3.654345688006806
42296,pop_1,3.5360722712497346,2.791940379246343,2.881831193209442,3.6147313047007583
42297,pop_1,3.6613489195816213,2.8554297061874987,2.7221617668599185,3.6862795855847823
42298,pop_1,2.883366363123975,3.0085896003757377,3.004612455467389,3.8437610583897186
42299,pop_1,3.4813254996187335,3.004326437406969,3.023562794347221,3.6656133520468557
42300,pop_1,3.585236891246264,3.0334373798434684,2.612076665948432,3.793471280497541
42301,pop_1,3.642784728475481,2.7674732714914145,3.1165914302977287,3.0131381711896412
42302,pop_1,3.434167573612249,3.160007694618147,3.1039044168396424,3.365851493534102
42303,pop_1,3.6976723245215655,3.541412345406952,2.916943547494471,3.3007757550007164
42304,pop_1,3.476986917519076,3.6058427752837896,2.9389202837631325,3.6897239959379164
42305,pop_1,3.4851860736512204,3.1543728308650607,2.9497910397745795,3.5020690447837586
42306,pop_1,2.868780557386675,3.155356219962581,2.7692064059501598,2.9443479448811347
42307,pop_1,3.8941253156959417,3.404999855788161,2.7405695431375663,3.345916474578548
42308,pop_1,3.0096062054337414,3.228209651965144,2.6477289216026465,3.4310062234872114
42309,pop_1,2.870211161632641,2.7611292181501645,2.6132961707330784,3.2952904540901096
42310,pop_1,3.27170714759635,2.9050174977583736,3.036513588715433,3.113584244825555
42311,pop_1,3.732749231190644,3.1152874225138802,3.5719029271026015,2.8598522650822793
42312,pop_1,3.625904419855824,3.979168066564434,2.973960063397464,3.5607882503143826
42313,pop_1,3.3254047847759844,3.797577271374496,3.803609575156647,3.4178936436214387
42314,pop_1,2.991761789891591,3.3180277365469046,2.653088393418409,3.6378849363192107
42315,pop_1,3.5255454678024654,2.6147620754146046,3.0842919919078695,3.275133335034337
42316,pop_1,3.0979658377755985,2.265581431009123,3.1154344659219437,2.8080199404123953
42317,pop_1,3.5492592187281384,3.2660659301643236,2.689219102156823,3.082796008009011
42318,pop_1,3.5949028918486348,3.272630923706515,3.14120896697043,3.714088179367681
42319,pop_1,3.0943026024347238,3.2427425096827496,3.309673632472262,3.5194930629368986
42320,pop_1,3.4985585483754393,3.5243651089947323,3.1271602271197425,3.3678814057194764
42321,pop_1,3.2404778587462477,2.884756451198758,2.843687971835681,3.2806282546108934
42322,pop_1,3.2465326251649693,2.9217433121003795,2.7792144054887085,3.2464917575683745
42323,pop_1,3.2576304029955465,2.981591436602385,2.7175807255065556,3.5717336184166335
42324,pop_1,3.6813225307163657,3.880272334538735,2.745822149471223,3.4555904076442556
42325,pop_1,3.0691574965055697,2.9657620945829932,3.000584377289461,3.7316295704413593
42326,pop_1,3.0979303040061654,3.199221139212213,3.2566008307367404,3.4951735272713083
42327,pop_1,2.820414433691818,3.1663074621498,3.253179943488417,3.0792236856572353
42328,pop_1,3.4041786708255017,3.080950476408582,3.014075638356851,3.335314574544575
42329,pop_1,3.6819987208883243,3.1992859738745936,2.781023291099264,3.6339668304693498
42330,pop_1,3.109954991505448,3.051853087479947,3.2213655251641238,3.5530192175781035
42331,pop_1,3.428531940503592,2.906764019176764,3.048216332110724,3.3006021502739236
42332,pop_1,3.2609445504107244,3.307899486753577,3.2095148097402415,3.091474101594632
42333,pop_1,3.0556097632031114,3.557182996468634,2.9503053631076197,3.1736804691193776
42334,pop_1,2.93807643808563,2.6949598511650628,3.2096357921324725,3.195588944433324
42335,pop_1,3.528331858733315,2.8906996821201547,2.972419735862546,3.262995911883429
42336,pop_1,3.8795365338382664,3.6216749124193077,3.2913864177232246,3.2834694979455623
42337,pop_1,3.427252164008311,3.080438676914508,2.6256336176223014,3.6275655541041387
42338,pop_1,3.446140521147437,3.4990427513396254,3.0030814738763483,3.435115211820296
42339,pop_1,3.1683411507545927,3.5137821521312795,3.0990132360306655,3.7133162620260047
42340,pop_1,3.019116134021513,2.5497356473242063,2.6867057432156725,3.4912456748911262
42341,pop_1,3.156833090155781,2.902303863461412,2.7435207994041484,3.2945127743440956
42342,pop_1,3.2970932601563296,3.251819715663539,2.913678008763366,2.792944300384252
42343,pop_1,3.2982309769991174,2.882951883639255,2.8328974412455667,4.1289776829799925
42344,pop_1,3.217734220146716,3.2253377316597573,3.0934767667408747,2.959839000789083
42345,pop_1,3.5766121919303,3.1538295956613926,2.736542377192289,4.0108571841623775
42346,pop_1,3.577882297208432,3.392698471558031,2.5149359740915034,3.0521725747275945
42347,pop_1,3.444939508012559,3.067275198887719,2.941437417817895,3.4184981481152588
42348,pop_1,3.044232437493427,2.7524041218423045,3.157771272636621,3.139219777416123
42349,pop_1,3.433752241574387,3.6758018009887925,3.2825818858831974,3.21070891056328
42350,pop_1,3.7017394160333503,2.7077218137536927,3.0378195703823265,3.05727896432865
42351,pop_1,3.022512999070722,3.6115322604176288,2.6505509922927133,3.4300983084834993
42352,pop_1,3.40983421710282,3.5618430259361062,2.9131933526931157,3.389607948171919
42353,pop_1,3.8077633693935566,3.0823239471809574,3.2022497788364785,3.7085470267033136
42354,pop_1,3.482572907016805,3.10152816790731,2.8411480327324345,3.4028074430579642
42355,pop_1,3.3120718860125598,3.317565071932605,2.963024950273951,3.207986582314318
42356,pop_1,3.1394315808615847,3.3158858028288054,2.971138875688944,3.259830978256097
42357,pop_1,2.4535663846720293,2.9311702438116325,2.458888125528574,3.7218899685618863
42358,pop_1,3.005641414888261,2.885125700367689,3.1473116925099474,2.7390995532560707
42359,pop_1,3.03702857890729,2.598413164521909,3.0168101598922474,2.878537535458505
42360,pop_1,3.5405094368897427,2.969552673400353,2.8328769460305434,3.364185751735839
42361,pop_1,2.7644537783262013,3.1543614926775763,3.1060730661048566,2.4665418348869226
42362,pop_1,3.2443686296461154,2.7145778692944704,3.0063353358304328,3.352504132439027
42363,pop_1,3.321763396520027,3.1678801864894184,2.8525690194474635,3.0024295617636283
42364,pop_1,3.0232608403280485,2.8403399806447176,2.9169916261774964,3.627751605204215
42365,pop_1,3.4323032443493826,3.2448265759789017,2.6471916869467,3.705861173703421
42366,pop_1,3.4925855794165037,3.199293895366873,3.1376172213356703,2.61499721460608
42367,pop_1,4.107441487164466,3.0390338984848677,3.509796830228085,3.3129900232361056
42368,pop_1,3.692690800387844,3.2381725427211365,3.1659861700945364,3.1052853138394227
42369,pop_1,3.033687468568239,3.1884097941098597,3.2228616603676947,2.971076703905624
42370,pop_1,3.6136613167807505,3.173047328953887,3.407736566632747,2.850014412762548
42371,pop_1,3.078357411230221,2.9148889553526067,3.22257394363924,3.0874563134862916
42372,pop_1,3.097651166165565,2.924867344751973,2.550240644465631,3.480063928401601
42373,pop_1,3.39389571532725,3.3303951283661393,3.1648907969654814,3.5944499036928614
42374,pop_1,3.280784466816893,3.0797201039670155,3.170936648311037,3.4551612221004766
42375,pop_1,3.3333062427166817,2.953107823811727,3.238930442838583,3.380451884599595
42376,pop_1,3.2851527799864337,2.7732291669322686,3.1523224422832192,3.1763302942588805
42377,pop_1,3.6126190198351718,3.424750864383073,3.6238261911536296,2.6512686263430374
42378,pop_1,3.3312608848443097,3.2382364172828764,2.8896293092762377,3.417732681354229
42379,pop_1,3.339032998079179,2.2791104725615488,3.270189126686589,3.302780850215358
42380,pop_1,3.600794045139715,2.958042578627859,2.9808885857464373,3.3375695997224204
42381,pop_1,3.07616963989102,3.0422430712654127,3.036536789856722,3.628877459717249
42382,pop_1,3.49353877251512,3.2637409298323155,3.1396279323074205,3.231519792066039
42383,pop_1,2.7177154554507963,3.346684997006362,2.864206738091056,3.1826462515083915
42384,pop_1,3.2725754617255722,2.465113292930287,2.9205680870598227,3.309993179790346
42385,pop_1,3.387596815614953,3.39071516332197,2.928326052460962,2.9628267339542353
42386,pop_1,2.8648273368742694,2.4469852243031824,2.7332344881717163,3.784063290676813
42387,pop_1,2.793612323660536,2.731801655388841,2.928077172366866,4.105809374602349
42388,pop_1,3.4388932891042354,3.002035701111863,3.454680980266555,3.8810143189456947
42389,pop_1,3.2298770769760727,3.4114019705339786,2.9555573042533725,2.820776542288783
42390,pop_1,3.22757124247375,3.4115642943290823,3.0618501072948625,3.205881714739219
42391,pop_1,3.408488037398396,3.2646312191147957,2.633274112749857,3.7788252509609097
42392,pop_1,2.8863837628359965,3.4636071306176133,2.7427782106836744,2.9532046136377375
42393,pop_1,3.0691112973289063,3.058164862754594,3.2341394457817088,2.9767004167001287
42394,pop_1,2.9504778616394285,3.0747458877732043,3.074928912347121,3.1910815796656213
42395,pop_1,3.221905565083906,3.1137484439615504,3.2111110433947165,3.4656600062312948
42396,pop_1,3.549140403129972,3.2556999370485817,3.1810073586706547,3.0337353811774057
42397,pop_1,3.4455573966544,3.4819660800975085,2.8004681232639888,3.1480817486245765
42398,pop_1,3.5079571107168377,3.1257092066111216,3.2022855713139373,3.370276023662234
42399,pop_1,3.5445691746007313,3.1511755773054544,2.9964018240094052,3.5528857861136243
42400,pop_1,3.3115593279796576,2.807144542807333,2.19733123420228,3.7854624237305217
42401,pop_1,3.3969554991257893,3.780139341022061,2.875556838609094,3.666476089628593
42402,pop_1,3.6501107252240477,3.4630481090747605,3.3597276172675303,2.7748396097679286
42403,pop_1,3.345991313594573,3.0194734481908796,3.20538694924542,3.0855467453303556
42404,pop_1,3.5789509406261897,3.250780105329251,2.615938392361547,4.304210511684475
42405,pop_1,3.333277916015886,3.185865879204749,3.159147681409617,3.290261404003047
42406,pop_1,3.0335985074261886,3.2303529691023773,2.9664178005277027,3.431550841616719
42407,pop_1,3.1187691719533785,3.1025100210086825,2.7925346320342816,2.9976596556508395
42408,pop_1,3.638213200279487,3.518418492634931,3.3285902570037864,3.555876584298429
42409,pop_1,3.5634603584431557,3.497404652526595,2.8951360336295617,3.0943003328629315
42410,pop_1,2.7089756331735977,3.158633573891473,2.5323008293196603,3.458630242362279
42411,pop_1,2.9816052894296616,3.221401512079768,2.9651788668531127,3.104366326424115
42412,pop_1,3.297300853526118,3.24703789458312,3.3764879809547086,3.7602287743037306
42413,pop_1,3.252818176004686,2.9612565920980427,2.834384699438407,3.7568993626242357
42414,pop_1,3.8374083717492473,2.8879662752992212,2.8723733414473167,3.7385956798305213
42415,pop_1,2.9169788623931794,2.8447041578203143,3.038895549392614,3.635297731997507
42416,pop_1,3.0599772023607854,3.2566682860479372,2.4275576447467238,3.8469035974591774
42417,pop_1,2.7339231335321865,2.9788902178346577,3.134099837344182,3.3461592568207963
42418,pop_1,3.410520849449398,3.02556002960447,3.32169075535513,3.4850113493154824
42419,pop_1,2.990996419731414,3.2843664902424377,3.0542741623001506,2.9434256571291675
42420,pop_1,3.7454117187763654,3.172952181540672,3.290805940493184,3.4878897017656683
42421,pop_1,3.424197181717844,3.136148954821259,2.8837281843353875,3.83966441949452
42422,pop_1,3.096718914494953,2.891896455387211,2.7480703711239722,3.2961081030533763
42423,pop_1,3.352414184814381,2.9041167181941616,3.3764405517977383,2.7682138809697134
42424,pop_1,3.379795845044731,3.3405704392732942,3.105634622465746,3.154137017828492
42425,pop_1,3.3785141789632913,3.550004055498337,3.0748421447000553,3.624196072327823
42426,pop_1,3.000485944615597,3.10832559540671,2.6684541579797405,3.7982722312601336
42427,pop_1,3.4030300912567046,3.514513493213201,3.035747021113611,3.0701650613162172
42428,pop_1,3.4123794261166616,3.431177138359436,3.004304946513284,3.0166784437490732
42429,pop_1,3.2997159420448297,3.0895527338010806,3.2709881311860265,3.1041087502733977
42430,pop_1,3.1307975311575094,3.466097891186505,2.9403981892024493,3.022400979940694
42431,pop_1,3.648879862022189,3.305563028008531,3.6549538638596664,2.99660823698802
42432,pop_1,3.2743595148783586,2.886834371998038,2.9287692923566215,3.361945234934891
42433,pop_1,3.5103967712766924,2.9256097599341064,2.9943392724105418,3.236519406138082
42434,pop_1,3.0905392809895806,3.3158697539562825,3.244707880119884,3.0260835980263057
42435,pop_1,3.573081956217177,3.2327981342976932,2.346857582910622,3.041134609369695
42436,pop_1,2.899950928212669,3.4310073515938853,2.9794663353995934,3.027983828662946
42437,pop_1,3.6730418601321664,2.9797640674575394,3.0384241251063173,3.332011859854947
42438,pop_1,3.3554475663558714,3.1780973966671278,2.9063372897590773,3.4340605208893495
42439,pop_1,2.999995835476419,3.1609023908138276,2.958384642515472,3.617975536812703
42440,pop_1,3.2490293080321884,3.1900465727737877,2.733377905029353,3.6010592794416345
42441,pop_1,3.840041880092194,3.5670036977800335,3.4242822336593224,2.6281895066305316
42442,pop_1,3.6511366100828253,3.0631089266930336,2.6948280816232915,3.5622565812618356
42443,pop_1,3.163266898994976,3.215380951610903,2.8574717478439506,3.2146983846943704
42444,pop_1,3.6062476918172632,3.1771223150227312,2.9054956715651676,4.228623598965421
42445,pop_1,3.323691449866536,3.1776006483547237,2.8834167505499138,3.4578760096861716
42446,pop_1,3.3758761672113997,3.5314337196154146,3.09021428029785,2.576049106811961
42447,pop_1,2.896219605492692,3.307287225520075,3.22714119405583,3.181009645248814
42448,pop_1,3.213995357122776,3.3455273471030114,2.944897088834139,3.4730611150393944
42449,pop_1,2.414143913668666,3.1388973817766397,3.2677160753727117,2.9800468943088676
42450,pop_1,3.1611458102598626,3.4464505643927863,2.8872742169276226,2.8045289216591955
42451,pop_1,3.5277324256484794,3.249366994820177,2.9937614691225285,3.7460984493191116
42452,pop_1,3.374961457288143,3.2420106048465076,3.082415840835084,3.318006407464663
42453,pop_1,3.2588966377960875,3.048604210404405,2.471229253815617,3.2029429675744616
42454,pop_1,3.3821482337023725,2.745546961090788,2.9900540320600655,2.833975953766887
42455,pop_1,3.123662521667971,3.109863502707581,3.1108289469709125,2.7638000688716646
42456,pop_1,3.067404377419514,3.4849370604179755,2.792634875002365,3.223178788865773
42457,pop_1,3.837968246760303,3.3673951828428588,2.9784359949837156,3.1510073566094183
42458,pop_1,3.6513019186894518,3.1378500236430753,3.2808662832440394,3.4610716921124673
42459,pop_1,3.635489872034555,3.168686895046011,3.1435660072283182,3.4616768889532765
42460,pop_1,3.350424287532358,2.800431891274399,3.112200904279572,3.5404050059181564
42461,pop_1,3.8513295125921645,3.3705689435485824,2.5222355124834417,3.4783009351181886
42462,pop_1,3.0699334328512116,3.4043901835201367,3.2471204726577136,2.7807349915952155
42463,pop_1,3.4261270864251463,2.918548726018892,2.951143486190397,2.9844225005552985
42464,pop_1,3.2692078435099217,3.510710573868039,3.214206861108948,3.1734936271886176
42465,pop_1,3.4991636321351107,3.372756763373457,2.953073582450968,3.3312210438498515
42466,pop_1,3.6031713535121943,3.2359424878519927,3.4892126044709553,3.2838542475469086
42467,pop_1,2.9662088117544196,3.543456161359115,2.7439857776773544,3.1538111176762524
42468,pop_1,3.1000910452349246,3.1831726258865474,3.1751148924293187,3.0659965379625436
42469,pop_1,4.023131366107406,3.2859062728651227,3.6706157992716264,2.9893402547289405
42470,pop_1,3.3184759060611615,3.3990792661600486,3.1240620804632324,3.3386983964341725
42471,pop_1,3.722936726224322,3.2182360053311077,2.7760149221185197,3.4813149421250205
42472,pop_1,3.591856210223044,3.231649607614812,3.111878597056251,3.4495445463701726
42473,pop_1,3.6494954121529797,3.2361463596502342,3.2886839969239974,3.069554699866812
42474,pop_1,3.685134642773385,3.5298934951312972,2.971928065333949,3.933066497016279
42475,pop_1,3.3086760207271775,2.7631033504889366,3.092662583581038,2.9929253587235056
42476,pop_1,3.466812364640325,3.4734750490818844,3.1299435659310832,2.6802032054370746
42477,pop_1,3.352798035933289,3.359565585133007,3.145156679864184,3.2471548623070423
42478,pop_1,3.757903562538478,3.2057613413564305,3.0038586165495946,3.850215808797416
42479,pop_1,3.1715435569547505,2.900239446585875,2.8136341834511587,3.267744828974251
42480,pop_1,3.385305668235264,2.6773337868230884,3.4653334408476244,3.613979871491456
42481,pop_1,3.4276617594601344,2.6048169549209517,3.3825028808547724,3.0586716910619063
42482,pop_1,3.5129188262657864,3.381752433487418,3.3058431343818393,3.259051837837011
42483,pop_1,2.715770810842201,2.7064883036113625,2.9757988763237337,3.2426639388990877
42484,pop_1,3.126066438942839,3.1596507898175608,2.82578085776144,3.7162947649391205
42485,pop_1,3.27707512288522,3.60911003614729,3.052561299559247,3.2692309452914876
42486,pop_1,3.118376374285257,2.8110486861227018,3.327695731632949,2.938682825729754
42487,pop_1,3.498259359677761,3.594159400965834,3.332471200956512,3.0410612984096113
42488,pop_1,3.554224567746246,3.177335229604586,2.7821228573062315,3.529347660206306
42489,pop_1,2.636400594357562,2.761793118086653,2.8073059155304922,3.285750041817629
42490,pop_1,3.3082597908790072,3.2661853165780594,2.736386301448812,3.376454805812585
42491,pop_1,3.0706225089265384,3.367133645203165,2.7951434111435596,3.1828266227048196
42492,pop_1,3.5636479697045114,3.5053858195450114,3.201273252666141,3.1151350782242337
42493,pop_1,3.7429619237353724,3.1453469990075322,2.934851082693206,3.5275098390579442
42494,pop_1,3.009326577747296,3.0713357519038507,2.9887197155301357,3.4979638000476316
42495,pop_1,2.738671010076585,3.3040422024664142,2.7111967614286434,3.4986495843771706
42496,pop_1,3.30826723421855,3.134903062370071,3.010064268277251,3.8423636390884552
42497,pop_1,3.2767999517075106,3.1439409439965114,2.941845322358042,3.527788860906925
42498,pop_1,3.2314780832893586,3.2163394626080684,3.206323644069499,3.448023702611237
42499,pop_1,3.300489744613312,3.194331508674,3.7281533611636317,3.1139640266559563
42500,pop_1,3.8707290259307254,3.3469442665798477,2.688592549063934,3.295529721875573
42501,pop_1,3.207790340549608,3.116059206419676,3.332606140409971,3.3163942192969644
42502,pop_1,3.2995339610531875,3.668949129221572,3.1298468034283315,3.4182578858169523
42503,pop_1,3.6613004286042043,3.2458276453685766,3.1004304756074776,3.2369421537873957
42504,pop_1,3.083734768666002,3.7657141995555485,3.3737512825647693,3.272874158575862
42505,pop_1,2.997667209848411,3.3021029520270626,2.868215439012039,3.2405762232239446
42506,pop_1,3.846582273067124,2.9958134080413146,3.1118786786862564,3.655199012570477
42507,pop_1,3.482515330534298,3.0148163091004183,3.2628350155695145,3.5198261994123716
42508,pop_1,3.492108182592667,3.0300484259127294,3.093281804940962,3.631290241000212
42509,pop_1,3.1533918187553445,3.012165821020852,3.0486267646167033,2.785912258021441
42510,pop_1,2.8482798358004064,3.2913990087542286,2.7970054696879605,3.7246979198622525
42511,pop_1,3.2187663599859944,3.4847460236164767,2.795457923271186,3.9562930567407495
42512,pop_1,3.2023767008215236,2.942891184314607,2.7143941925154578,3.3542141808740307
42513,pop_1,3.278636656117847,3.250084082743199,3.0273459337907185,3.2964436551134186
42514,pop_1,2.7424391200688714,3.1000845145926235,2.726574894426484,3.4602186271818196
42515,pop_1,2.9959771335774565,3.424684296941004,2.80161005090438,3.032686667818771
42516,pop_1,3.5317972632031616,3.1194888811212196,2.822069736153147,3.3605594722517873
42517,pop_1,3.2929671016128665,3.4430494988250024,2.965757047268704,3.3991671390058293
42518,pop_1,3.4799814346272306,2.76132747735493,2.7487836829578343,3.6660540287954433
42519,pop_1,3.271673233343951,3.0872081451557642,3.4052689843794406,2.902591723453488
42520,pop_1,2.994728183567981,2.705388308041044,3.0198058215939523,2.8911079277258027
42521,pop_1,3.262220394565698,2.670898938732854,2.9546997334378187,3.7107927336191975
42522,pop_1,3.0255602289937777,2.8863327422787446,2.676991908331666,3.3931380221270766
42523,pop_1,3.618883126677714,3.079415549332681,2.923542262818992,3.252520450943874
42524,pop_1,3.38172185560424,2.818238433600647,3.3497037878696903,3.256745682317724
42525,pop_1,3.0021690352781296,2.989907648074682,3.1670643375376186,3.3785651487448347
42526,pop_1,2.8513501875260245,3.217968671057511,3.126079356151063,3.36870727314185
42527,pop_1,3.5415085119216627,3.072529211554335,2.9093350250562993,3.656398099822204
42528,pop_1,3.006052374853153,2.8448572078694903,2.971323081192662,3.0694649508593383
42529,pop_1,2.9438917395973636,3.196886422674098,3.2051243256159605,3.7508228712100524
42530,pop_1,3.899626196665794,3.389033338160301,3.1314408469637103,3.086448090323649
42531,pop_1,3.179807757832364,3.569684024428291,3.2877828149117914,3.46298660496908
42532,pop_1,3.5256334875200825,3.250601954947351,3.289643822248963,2.9720953430934487
42533,pop_1,2.9944794997498367,3.039685106084373,2.634213573066148,4.087346968448725
42534,pop_1,3.148070039920518,3.65205101740633,2.808131663295956,3.5827317332830177
42535,pop_1,2.9721518059940752,3.0405751183149246,3.116933145813144,3.278777334465955
42536,pop_1,3.101601022015697,2.9291105453780544,3.0408741257573557,3.5756041930222415
42537,pop_1,2.7079744332255116,2.7144508097595086,2.63361013878546,3.2823559262268165
42538,pop_1,2.9464457658708745,3.273264086722271,3.2149617261334558,3.364116367647555
42539,pop_1,3.3685570171148886,3.0754809718845038,2.8834575161946234,3.45690755193256
42540,pop_1,2.881438758300375,3.32699305276061,3.1483111633367358,2.8606663926301197
42541,pop_1,3.0706492718455656,3.2249011551956723,2.990099114403754,2.9560037537486634
42542,pop_1,3.1927290923717875,2.598647895917218,3.510362622185344,3.182747952554806
42543,pop_1,3.417634543370318,3.0399697676406077,2.779169383259789,3.5846920696117053
42544,pop_1,3.1445517739599254,3.1594155568406395,2.986117345422518,3.3853121433499913
42545,pop_1,3.386755962840925,3.183984389503194,2.9350788871259543,3.132841577557866
42546,pop_1,3.572717214094051,2.9743514332115146,3.1563391303154265,3.3805425786029275
42547,pop_1,2.83000945235677,3.454285962894717,2.5955155718818577,3.6235429680562574
42548,pop_1,3.32027991999994,3.693007127033171,3.252624923844436,3.287157013160109
42549,pop_1,3.6312949313067078,3.5815573622740335,3.115293442610148,3.741451908055455
42550,pop_1,2.575633183655173,3.0975393194699947,2.721332840662353,3.0653113110006664
42551,pop_1,3.3137809212469858,3.1470032291015184,2.9872862045973885,3.216340082385401
42552,pop_1,3.6107127940385575,3.675381433812193,2.4827606582303354,3.565419173058529
42553,pop_1,3.5055002315637656,3.0551640742310764,2.802689733002198,3.454000201562013
42554,pop_1,3.125623431469252,3.126138418105208,3.1111120434567288,3.6573348214198385
42555,pop_1,3.151074074312872,2.646904465016566,2.9985364203983744,3.330159032376014
42556,pop_1,2.6986878425472973,2.8181743264571413,3.7415131529821255,3.1891365892556043
42557,pop_1,3.4873794074007627,3.4761409474735125,3.3423018116460717,2.916076022938593
42558,pop_1,2.850068149035309,3.337489173670857,2.4768826725361013,3.312547185650489
42559,pop_1,3.0988804009536506,3.4430976389694674,2.984278643369806,3.2835962395069376
42560,pop_1,3.9128049257881647,3.615894313741908,3.4226375596322622,3.264286729520967
42561,pop_1,2.742404739473982,3.159217098270384,2.9360979110835705,3.56483516099361
42562,pop_1,3.164585360989688,2.90212571429393,3.0083956293870906,3.45568427074609
42563,pop_1,3.06314802609484,2.834813814902336,2.8564568043302563,2.8622488718917642
42564,pop_1,3.193666572947207,3.2886023391950086,2.427268607846052,3.749163375830326
42565,pop_1,3.4619576696582794,3.1584046694182235,3.1081186540283343,3.125415519863394
42566,pop_1,3.4265066172851966,3.611829451018341,3.315510959637689,2.83316089438087
42567,pop_1,3.4231485192934543,3.2687183072860995,3.4886776908560084,3.488665232840759
42568,pop_1,3.31727693076485,3.3739307349690213,2.9624918662972983,3.0086535725629
42569,pop_1,2.9885197220063366,2.707649381808558,2.703343283328852,3.478337784940131
42570,pop_1,3.5162653820634433,3.3019756433287433,2.962120633706437,3.134306791186208
42571,pop_1,3.2778066354352577,3.1636078230634785,3.07204177841007,3.403176407270908
42572,pop_1,3.3183887754020125,3.3730902694980487,3.1226414834982297,3.743670711325615
42573,pop_1,3.4296511351650207,2.9941627098271884,3.1425011543832166,3.332745571900381
42574,pop_1,3.660170854174302,3.104805020245059,2.99673150949661,3.230690835906762
42575,pop_1,3.303946377660075,3.3881360444889466,3.0901846385612046,3.462989538823453
42576,pop_1,3.0989931028463173,3.432040688502714,2.851600623050062,3.025759691765263
42577,pop_1,3.5977310183837314,3.119123884438991,3.2652850566316656,2.9240905901732153
42578,pop_1,2.8312004476428627,3.2617192933625905,3.280785393911171,3.287685030648882
42579,pop_1,3.9483023925642273,2.964563269178177,2.9726984017486586,2.856158379732743
42580,pop_1,2.7666226609984057,3.4469424836003926,3.0226636821746946,3.054379492831827
42581,pop_1,3.8228236895707464,3.1712444825427375,3.2234115402818646,3.2483402223002242
42582,pop_1,3.7263178471206397,3.202840052048489,3.5218539800568407,2.938251666515601
42583,pop_1,3.8102928291246996,2.5167547981580958,2.9192385041510724,2.8585421776977498
42584,pop_1,2.9923400356362784,2.5811502219885365,3.139991657676161,3.0302840865463923
42585,pop_1,3.8813543023735395,3.083452728932792,3.196258319168466,2.9053944405154306
42586,pop_1,2.5904894935212184,3.3176125080251895,3.049207619151483,3.090379815263371
42587,pop_1,2.999765807275452,3.4048255779197443,2.9302588709682036,3.351060757243656
42588,pop_1,3.552223967115312,3.333522947214478,2.9226172257739957,3.995070847246486
42589,pop_1,3.2939430460230215,2.971609388844581,2.985480003414421,3.725816902351234
42590,pop_1,3.5784165248889104,3.4861678900320943,2.7297661063985927,3.3200274378866044
42591,pop_1,2.9756317880075698,3.121094462870985,3.005485697790356,2.834131376024241
42592,pop_1,3.6938306935737835,2.967270300142956,3.206497053402506,2.984793654610416
42593,pop_1,3.4767740021236806,3.1575957715000293,3.0512768160060393,3.448303398529374
42594,pop_1,4.067544191980944,3.2654863966359513,3.0434023784967934,3.3275479968215533
42595,pop_1,4.043917847328872,3.0563945867403737,2.8227569895130866,3.5295807419038367
42596,pop_1,3.3170892478874507,3.5223092003212333,3.2433391154807882,3.520890021792077
42597,pop_1,3.351922651541855,3.160634330124632,3.377943915766508,3.2710353247031025
42598,pop_1,3.0178529891911627,3.136263579689978,2.9218953210673853,3.1695147872295455
42599,pop_1,3.0012959216125523,3.1229976638921078,3.266470534788113,2.7075831761914384
42600,pop_1,3.4523641097395257,3.043770307181658,3.0759431080305286,3.6558298226726733
42601,pop_1,3.3997671866875834,2.747253035885251,3.1181320372598544,3.2230915462085883
42602,pop_1,2.971875906286427,3.513210700608616,2.55848051735616,3.476765278476937
42603,pop_1,3.4131218700433013,3.3819474247291454,2.3332333347291923,3.3243573707775527
42604,pop_1,2.805801028283285,2.9639032295574723,2.4695292699471003,3.1116739766530115
42605,pop_1,2.812255640949531,3.283294755195203,2.4089014808398543,3.061414203324423
42606,pop_1,3.2722104378861916,3.3692263713525765,2.5560410716588327,3.9351951542054593
42607,pop_1,3.227370937517125,3.3193899358423407,3.134798491948918,3.0808454973497263
42608,pop_1,3.4674513547833237,2.803179984716362,2.902262811036311,3.4140862388985473
42609,pop_1,4.186824667759164,3.3205953183615735,3.257210989648582,3.420147693227267
42610,pop_1,3.057734956424855,3.0505553122784175,3.4529992923724153,3.182428090997589
42611,pop_1,3.2916042045385394,3.3793776338164054,3.1484239202933093,3.618527769512328
42612,pop_1,3.272593965925688,3.207778634284518,3.033894379616946,3.387959801290094
42613,pop_1,3.647504468237206,3.2304389621182223,2.5873696797602648,3.4937367630335054
42614,pop_1,3.30221733422544,3.3861903990830236,3.0976249536565157,3.1362018077210863
42615,pop_1,3.6903839426916734,2.92939680616131,2.884140761253409,3.546133244037642
42616,pop_1,2.97594910091201,3.0005562658927407,3.002868750231458,3.298767171086299
42617,pop_1,3.1230121298808124,2.682972096236984,3.2513574267161793,3.2085477599956587
42618,pop_1,3.4707219340522117,3.038129331489129,2.94412854103998,3.3677415874979872
42619,pop_1,2.961920213087765,3.2348257665273175,2.8803382225693146,3.1300883749168626
42620,pop_1,2.816721468254963,3.119179793282125,2.746268566348087,3.1800844622431805
42621,pop_1,2.8083136897537333,3.432694125628072,2.8785495597889943,3.099695171852112
42622,pop_1,3.4016924750257562,2.9321771008541573,2.8915150064397386,3.3494913091950753
42623,pop_1,3.1038576347533207,2.9686907306501302,3.319852610833874,3.3359816197247683
42624,pop_1,3.3524623620263303,3.261847142085539,2.90897694895743,3.5798479922489403
42625,pop_1,2.9549876128367747,3.0759069288385956,2.8220733399105367,3.6343556094048655
42626,pop_1,3.041955878860522,2.9352741482531326,3.0774110017668175,3.815260530935731
42627,pop_1,3.665587621641369,3.1236964797020392,3.3034513137851174,2.9705622261854923
42628,pop_1,3.51959479632423,3.3747668407861746,3.312737738871316,2.9092563113306893
42629,pop_1,3.0396882454615204,2.779607996526701,2.4949583284936323,3.3692705134153917
42630,pop_1,2.9751811338372143,3.485664469603595,3.0116981730272503,3.738726190221616
42631,pop_1,3.5716319265004035,3.3434148829400274,3.057628037547887,3.2370320351367035
42632,pop_1,3.123224628695225,3.090907796431176,2.3904106374909873,3.5408209825988295
42633,pop_1,2.668781693261624,2.9637263869196713,2.8014329798828386,3.1005968896364124
42634,pop_1,3.2991447704420866,3.3331164784615335,3.171388877824359,3.6173514102841633
42635,pop_1,3.480176848654334,3.391910446946061,3.0963468165927717,3.2777008006482666
42636,pop_1,3.4812557438420995,3.2170941151566286,3.07024479125556,3.1864036377093305
42637,pop_1,3.3132684166877895,3.0035838752759414,2.9290406053614997,3.1556470908074132
42638,pop_1,3.193691243917646,3.345912517384236,3.01209638008296,3.3007058572557146
42639,pop_1,3.4053376983493084,3.4455063334456515,2.978753135277503,3.711470292655056
42640,pop_1,3.4874001044486582,3.1965557601824277,2.721899881950978,2.7845437215767883
42641,pop_1,3.4725154866490007,3.5481548157058334,3.1545582293962244,3.1394137665302586
42642,pop_1,3.058806258343836,2.8997634414907334,3.1129538523042304,3.201398150383785
42643,pop_1,3.0361714374070012,3.235804264126833,3.0060431527047617,2.814613868341411
42644,pop_1,2.9586122069095104,2.9521635200033476,3.3424245867164606,3.188026830241895
42645,pop_1,3.2607558741892735,2.7669721899434796,3.0889327392573938,3.3198024097781196
42646,pop_1,3.575838696561112,3.620627926906416,3.3490050680285877,3.4870841425791537
42647,pop_1,3.461898428517581,3.517770226353617,2.8701251837974993,2.9976953271560767
42648,pop_1,3.6533507653081188,3.476100076236133,3.335917781845986,3.2957494323299152
42649,pop_1,3.3858610934934603,3.6797108870707658,3.1598217186793236,3.837509638307693
42650,pop_1,3.2394811729686106,2.8533236571175995,3.0541649014997696,3.477138564864033
42651,pop_1,3.3008779848797123,2.9604179558335875,2.793148834418322,2.9932754752987183
42652,pop_1,3.3174484348088877,3.903394135502957,3.10245797843865,3.487812877081825
42653,pop_1,3.477494228772219,3.2780220956452144,3.566961438687905,3.26615567795132
42654,pop_1,3.3602665896892354,2.9336302386851263,3.3430876467771493,3.238841336625156
42655,pop_1,2.644365351690184,3.424538478220946,2.9420085697815015,3.1123759142081884
42656,pop_1,3.3065078715179648,3.2824394421362273,2.9442221755927402,3.0213033727226715
42657,pop_1,4.004625115982544,2.9651743443723957,3.0784300431428844,3.396387560292175
42658,pop_1,3.0775501406189427,3.61635698829638,2.930025915753302,3.542734571172705
42659,pop_1,3.3915885747310783,2.7408716485491587,3.3565934238845805,3.0446145063687404
42660,pop_1,3.7767118237291455,3.023097980915771,3.2738469257982468,3.5763879229893996
42661,pop_1,3.264303866099147,2.963517911572402,3.3991072273061764,3.0383027441597137
42662,pop_1,3.0847747905816436,2.3954427104212788,2.8887350848591273,3.294832124933941
42663,pop_1,2.9605294267103517,3.2560461846831927,2.615100137897894,3.04784223706276
42664,pop_1,2.922918263673755,2.751106665046459,2.808639506321116,3.5485158439637905
42665,pop_1,3.1420495495433283,2.829886769008877,2.7211416904876784,3.8926821272914207
42666,pop_1,3.7456439975790996,2.8927050931261626,2.8875661514302386,3.404562615380905
42667,pop_1,3.704788777956781,3.4119111697778925,2.878574858004519,2.917773444767931
42668,pop_1,3.7308712787884004,3.3688791903895803,3.3553020812729715,3.0277439676318036
42669,pop_1,3.4103768211016963,2.717703892256116,3.417985972133228,3.918564157553741
42670,pop_1,3.233324329233212,3.4063920862271666,3.074920419869175,3.0246769068449257
42671,pop_1,3.7214422276731436,3.058236028919588,3.141208865450756,3.21433263637189
42672,pop_1,3.5041522048277947,2.9466190036458917,2.898204499399814,3.3246434590056833
42673,pop_1,3.0845049314711552,3.1633608458762756,2.6299840561753527,3.603565134943992
42674,pop_1,3.4787737787712207,3.545611038451287,2.8910843550107823,3.314280495545257
42675,pop_1,3.0313881695169567,2.743082059932016,3.4254090227159084,3.1352732858013397
42676,pop_1,3.8101218795237446,3.447403638180756,2.995101859103119,2.898711473441521
42677,pop_1,3.57432601326493,3.0348133468918603,2.7031667026382453,3.7510475567851524
42678,pop_1,2.6985873906294997,2.8048132510263075,3.112464006361936,2.9750889578369013
42679,pop_1,3.0732779010701035,3.573903045484419,2.764633269798167,3.722739541583114
42680,pop_1,3.5673011783566815,3.4083486552411757,2.7400039800991354,3.3477402188793883
42681,pop_1,2.8064485957679306,2.842710804309955,3.0445380448781596,3.2133254506689113
42682,pop_1,3.200490995442664,2.9445704928439493,2.798056131177556,3.819101464963124
42683,pop_1,3.5069938892608885,3.427572402990979,2.7735738514992723,3.279445297376295
42684,pop_1,3.648818684319737,3.252016203558809,3.238360602945664,3.1168581518113534
42685,pop_1,2.666390317878205,3.332814941430972,3.04207920507487,2.809277363601115
42686,pop_1,3.122075682737139,3.0801315853088935,2.6603215035957293,2.8990592000665223
42687,pop_1,3.7253619806343203,3.6236881519256814,3.0847735382829833,3.0254941523843297
42688,pop_1,3.379060411155169,3.1531895033292145,3.233948257920834,2.713108789463415
42689,pop_1,3.566825611703371,3.298068312520603,2.949722222925091,2.8451225385713914
42690,pop_1,3.3655263750522977,3.0748931708791174,3.0512124810045127,3.567598672531579
42691,pop_1,3.166001979603049,3.3347640499506923,2.7512250649288745,3.6847650033471293
42692,pop_1,3.519255860424672,3.6637382631921915,3.3116396708106857,3.873831377146142
42693,pop_1,3.5734922850176662,3.3309694118711493,3.3174749225487563,3.0143513584435215
42694,pop_1,3.046727757076693,3.1239413995897496,2.5662940094171596,2.930310847068484
42695,pop_1,3.3835354563561024,3.4311005475820706,2.66113472288338,3.5097011422537294
42696,pop_1,3.5204242392126615,3.454737882505572,3.1824428745571627,4.01950517034866
42697,pop_1,3.4724641359348207,3.103392462198248,3.097872256076098,3.0767622739316502
42698,pop_1,4.020416817459195,3.752003057070116,2.9938044899418212,3.4596636057438386
42699,pop_1,3.100354586523124,3.003408051585091,3.1551493643925856,3.147408937776662
42700,pop_1,3.512016387702182,3.168408486186708,2.714109751235297,3.2098773839144843
42701,pop_1,3.782855251535622,3.529494898356685,3.0943856156805354,2.4520257430262
42702,pop_1,3.212460075116189,2.922193072582561,3.2440717329053004,3.856391842763814
42703,pop_1,3.2340600498128182,3.2095356510061483,3.209881067241344,3.4707897936262424
42704,pop_1,2.7911311745375484,3.4277665855478143,3.485598410152168,3.0242565746098418
42705,pop_1,3.2636110300904866,3.6993561701596063,3.030451675747661,2.821323564189523
42706,pop_1,3.510466977285831,3.044840116219318,2.8737161548203987,3.581893522706074
42707,pop_1,3.124637184870179,3.2093463518710648,2.992804017203396,3.2826506453554667
42708,pop_1,3.316534275856363,2.9606257048092517,2.5277630996719913,3.746842546295613
42709,pop_1,3.55706864095571,2.9409434253268163,3.146613688967362,3.5296314930951587
42710,pop_1,3.743784525827258,2.9355880937268286,3.460491873390187,3.1456971307818735
42711,pop_1,3.8111656549080486,3.1818200491476873,3.0334489705360683,3.568629260916674
42712,pop_1,3.133320026350435,2.5012410560710805,3.054195715978635,3.630894352664474
42713,pop_1,3.089625008214272,2.983821601954095,2.902922621962696,3.3745367125342263
42714,pop_1,3.1293200758719464,3.002883982314628,2.9977806913924168,3.3263354010599278
42715,pop_1,3.8213679738068564,3.3731510525063144,3.3309505777147552,3.057526562826924
42716,pop_1,3.174963234479878,3.72081028307176,3.001097845994421,3.069721290631174
42717,pop_1,3.6981426045020425,2.930922466706451,2.7009963463036617,3.3076524978457598
42718,pop_1,3.1058050136827897,3.8960019730049993,3.031993388957602,2.694049431173041
42719,pop_1,2.813986416439912,3.016435197828581,2.5950322862176702,2.8668157344035285
42720,pop_1,3.402978290214477,3.245806136855381,2.968520792417778,3.5142692422887447
42721,pop_1,3.0483616131176956,3.0867175154451556,2.7491823210237283,3.3398669456897254
42722,pop_1,3.3843569409400045,2.8339211192548732,2.726785026956024,3.850555774930909
42723,pop_1,2.9908041688204956,3.391604309124239,2.8141911573588443,3.02997628287487
42724,pop_1,2.9615252185940193,3.5361613549665236,3.1767594452899317,3.563970611768867
42725,pop_1,3.5103560323215866,2.9696694546089617,3.2241518631653348,2.816120029083799
42726,pop_1,3.173094359218527,2.8988260839264903,3.124678876931365,3.449245198975304
42727,pop_1,2.982761812847815,2.9112913968627265,3.04471745619141,2.4320499782222895
42728,pop_1,3.8477718923730664,2.5443661397073916,2.796231484314105,3.482922314085251
42729,pop_1,3.2859761703682957,3.2038372692399304,2.9087874512156127,3.5164774508223533
42730,pop_1,3.1295211659329163,3.6890387704880463,2.470188227713421,2.9549116502784942
42731,pop_1,3.1981388407681717,2.8313334767574,3.0587455252115037,3.6665438597599627
42732,pop_1,3.124389375374605,2.582864488515093,3.014955240210237,3.526904943097518
42733,pop_1,3.5425676877198016,3.2795689814466584,2.8950616704262804,3.4565662857957586
42734,pop_1,3.2316814840579338,2.833069484552762,3.0678677135554944,2.9388972635174517
42735,pop_1,3.0630460250459244,3.3826597167926415,2.8832246509904045,2.9657238231348555
42736,pop_1,3.2635871943972896,3.349190641764114,2.780307769827231,3.7156698097305334
42737,pop_1,2.6154999751647217,3.157555687788946,2.9541391797272505,3.436516759386123
42738,pop_1,3.6123589244195604,3.2500057422341873,2.8514476457241344,3.429192406991934
42739,pop_1,3.348118924258294,3.293993140390975,2.474079037744124,3.6460755143568084
42740,pop_1,3.076480382027256,3.3829108518397804,3.383797867390935,2.551047695508809
42741,pop_1,2.7503598368414823,2.6019671779125835,3.23434877602999,3.2628883166385845
42742,pop_1,3.443204308486201,3.2566277352933732,3.3196475589328287,2.787465134893413
42743,pop_1,3.4026516334741155,3.4893766918759876,3.4241713158623055,3.0575483374642536
42744,pop_1,3.2980784801912484,3.01429317380598,2.896536710629828,3.461648989707162
42745,pop_1,2.9962165406015213,3.4675704460209698,3.0441596371987374,3.0234437421540945
42746,pop_1,3.1182740784558947,3.157788704408856,3.2940158900400376,3.686080528002239
42747,pop_1,3.0750317432412997,3.108512296009514,2.595259838604416,3.468119021727816
42748,pop_1,3.1809670959893035,3.208105067632081,3.018345412566954,3.449365904465613
42749,pop_1,2.9682710784193658,3.542257524392828,2.9487750503252275,3.629744202410167
42750,pop_1,3.4094987774317937,2.988347852564554,3.3372969353672666,2.9940394334795917
42751,pop_1,3.523431241959855,3.0298926057085676,3.102894850862832,3.692539401383709
42752,pop_1,3.278712677766494,3.5298151283815886,2.975596435006584,3.4718046887073313
42753,pop_1,3.577637070603435,3.206548873086873,2.99102878641005,3.875354397336777
42754,pop_1,2.6718076858829356,2.7698706712404215,2.5847929919488046,3.525810076255851
42755,pop_1,3.497649064171706,3.526542823216255,2.9025807700817947,3.38239589127427
42756,pop_1,3.34163363995346,3.475670724864165,2.857728687373003,3.261073124501793
42757,pop_1,3.2374039537763095,3.4453075077206763,3.1178152092480262,2.7632570597320707
42758,pop_1,3.3423483491885304,3.1169614608133562,3.405976157886184,3.3657652792954433
42759,pop_1,2.868407325874448,2.898341610036926,3.1716076267867255,3.547477109878542
42760,pop_1,3.0988244475876914,3.189972937162922,3.101774840881313,3.5282389498247633
42761,pop_1,4.14007109596682,3.583590601753717,3.5249987213939553,3.4821455952989027
42762,pop_1,3.1986872906256862,2.9897476972863224,3.0898006167398044,3.1234216899191827
42763,pop_1,3.4974879075213607,3.32162944813317,3.490950002708388,2.7594514759005104
42764,pop_1,3.456759589040176,3.0537719468058278,3.3879159115267132,2.9530513052757317
42765,pop_1,2.6965904899013533,3.5913098018939604,2.817632893421986,3.4203748690417397
42766,pop_1,3.2775253690547927,3.39165155371543,2.8575852572262024,3.415482932988914
42767,pop_1,3.977369331356141,3.393540339478292,3.410437855565685,3.0542831365476966
42768,pop_1,3.346693906975291,3.2154015410667536,2.997900692031785,3.207161215177414
42769,pop_1,3.1943989102877177,3.5110850663928,3.0619308722200285,2.8106226185494307
42770,pop_1,3.3333118902991465,2.8422906732114495,3.0555312236898393,2.998941526411641
42771,pop_1,3.5248859838401874,3.027520304905231,2.9997526592598773,3.8741651191625435
42772,pop_1,3.6833015930708894,2.9728450743764014,3.321319524289396,2.835360173448192
42773,pop_1,3.0852620420444996,3.272137739577866,2.9941014313989784,3.4361397658243815
42774,pop_1,2.6222693156864763,3.1822893252459057,2.634182126491369,3.0459154475908288
42775,pop_1,3.252396673616813,3.051297168896686,3.480835616773388,3.6638229677986467
42776,pop_1,3.4020861255089794,3.592070204255677,3.2640864449867184,3.541251596784948
42777,pop_1,3.036429046307469,3.056312061636982,2.76028392908498,3.6968888377168567
42778,pop_1,3.21652281061366,3.0724144603537775,3.2295180173150215,3.2007941610860557
42779,pop_1,3.3794608516561406,3.5273030426882186,3.069126389809407,3.455175108872666
42780,pop_1,3.2797515752339503,2.7992506928333807,3.2909866715063414,3.030004714295922
42781,pop_1,2.9164090080122365,3.360911788977264,2.818240656662429,3.947910283054666
42782,pop_1,2.9981069645210052,2.72675289537808,3.0513604627658952,3.4743491121374075
42783,pop_1,2.8794244430232228,2.848857736079735,2.5102019683204317,3.8057119245231363
42784,pop_1,3.2795302300092097,3.2221322976691016,3.003411014548389,2.9865402489044808
42785,pop_1,2.9829408702970266,3.2359806831179876,2.863422713989502,3.2779904627409384
42786,pop_1,2.9789699355263717,2.979534919733566,2.666369240384268,4.079192046282377
42787,pop_1,3.474459544208699,3.325750917333487,2.9592630693935416,3.5160906987197507
42788,pop_1,3.590993054567023,3.129039764919687,3.0574889912673853,3.6763918033640675
42789,pop_1,3.111252510965303,3.3904619901619486,3.217587798817548,3.047788487049048
42790,pop_1,3.185501675859474,3.5459619127879214,2.9781809833996684,3.240764288399968
42791,pop_1,2.7878340557754795,3.113534860190966,3.062082442502534,3.1530211809241915
42792,pop_1,3.318417078407435,2.9363684461806394,3.0568463224235094,3.3905721478462536
42793,pop_1,2.666467661546139,3.5256578667963234,3.1309071810136393,3.515345137975054
42794,pop_1,2.913297425140686,3.399653205895498,2.8134700127146957,3.5880340588532493
42795,pop_1,3.2962578947193304,3.4137706573519075,3.025600900226877,3.042521518406457
42796,pop_1,3.375068529720071,3.547449540714381,2.70091006318062,3.7363639044378236
42797,pop_1,3.0533630265837175,2.3984369305778426,2.6423564243648516,3.4966305239721103
42798,pop_1,3.7978274866914146,3.8870282041928386,3.4512289075522604,3.049315244310121
42799,pop_1,3.1036376767611147,2.915044611105433,2.9153881196942932,3.6505232562501235
42800,pop_1,3.1217319790666314,2.8487235907828707,3.5249571864445426,2.9757026617829303
42801,pop_1,3.2926553275850416,2.887298355525309,2.896330032127813,3.5758247718127465
42802,pop_1,2.966843268420788,3.268461630041852,2.8092418726306723,3.228917408001736
42803,pop_1,3.086291235968548,3.2871599364413164,2.9253526503715603,3.309501116264574
42804,pop_1,3.7345245542796075,3.017687319463667,3.1154628775853213,3.449820402696751
42805,pop_1,2.890719115101801,3.059610600702902,2.8036719864849173,3.2247550696027676
42806,pop_1,3.6542132864099997,2.9079232399615806,3.4440190201406535,3.1574865319772005
42807,pop_1,3.3694539896081492,2.886578868742609,3.0637375319537177,2.822261284921154
42808,pop_1,3.32190517178423,3.516814353473552,3.2368313104806927,3.0757746398498242
42809,pop_1,3.3586218349760126,3.4096534623086656,3.2339737567980467,2.471449277075238
42810,pop_1,2.9339276366650644,3.0766636881977387,3.051618735249317,3.283393103983403
42811,pop_1,3.161202196313127,3.0231940801164248,2.9034117858175152,3.3285753580660113
42812,pop_1,2.9728090676144765,3.6999403420113026,2.9528371449287545,3.4758700586502176
42813,pop_1,3.321012661700657,3.7050855307935375,2.744095158053775,3.5444690419520177
42814,pop_1,3.187968402291326,2.66569440635628,3.087320891215455,3.203312669831341
42815,pop_1,3.4359845184232363,3.177953828080042,3.328577800969112,2.888183617686864
42816,pop_1,3.180670942573405,3.3502020091958755,3.006737823475516,3.006625446214036
42817,pop_1,3.895899400142247,3.819929151169619,3.749013167270922,3.009552222323326
42818,pop_1,2.8639291352998493,2.7260718766410204,2.6101772794111744,3.2674264129627466
42819,pop_1,3.07197457252045,3.2456911949491003,3.0546693259673336,3.229340584606009
42820,pop_1,3.5374623706057164,3.2133741029490808,2.8228333627313984,3.0198342171792802
42821,pop_1,3.5335153175425047,3.034202205701461,3.5053351815726805,2.811831143936112
42822,pop_1,3.9593338632241353,3.384281296582401,3.123685612701584,3.0036929025388597
42823,pop_1,3.169078567152615,2.9174834907983245,3.1034969530208154,3.368524897306271
42824,pop_1,2.989654463774537,3.261405031809519,3.121940359577068,3.0345646909406314
42825,pop_1,3.5276854994702562,3.361616358272112,3.4944721345315024,2.9588518144827
42826,pop_1,3.7137818962969176,3.456163446925036,3.030815218971005,3.3503846540267688
42827,pop_1,2.914674920172357,2.9313825966252645,3.029988400787423,3.518189510621775
42828,pop_1,3.2998555180682847,3.1275240962074076,3.160066612138212,3.004832995031652
42829,pop_1,3.0192675427288687,3.1634927653388423,3.0188891695139217,3.4460695598807334
42830,pop_1,2.8776276638506286,3.559078491191442,3.2278679085802544,3.362130314405566
42831,pop_1,3.9533827820173557,3.0950812201292375,3.069256019844115,3.550158621135525
42832,pop_1,3.4432448706875176,3.72217367845678,2.975863665694786,3.727386743978841
42833,pop_1,3.4426265799394846,3.0950352678997946,3.246655088549736,3.385246002191859
42834,pop_1,3.357703380780039,3.304759146495894,2.4874382339508063,3.916411600208225
42835,pop_1,2.597757582404824,3.121195295844446,2.878703204230257,3.824851615187703
42836,pop_1,3.3987600838370344,3.0670092791132904,3.0515412371116883,3.5067025957121247
42837,pop_1,3.6128324892654917,3.1066879259262707,3.1541091624099185,2.997550425025959
42838,pop_1,3.319614617889955,3.0496033063898302,3.0389420333308736,3.380905307109076
42839,pop_1,3.5604119749469434,3.1513143169498874,3.0660232730097308,3.384937592640393
42840,pop_1,3.4241150257032227,3.0770896336105675,2.7433140481035085,3.653520595493347
42841,pop_1,3.3159590881996626,3.4865040938485574,2.7985539163366115,3.3520761802394734
42842,pop_1,3.5140751276242104,3.048188436704916,3.1942248275013614,3.427566024482616
42843,pop_1,3.1682421858709118,3.159369927634902,2.6485678380935656,3.7248897056519916
42844,pop_1,2.995513181653157,3.610105983273794,2.615458947972663,3.5201196290873678
42845,pop_1,3.224038534337155,3.287454764108937,3.1733890557737383,3.1089598027163943
42846,pop_1,3.593124535736113,3.2076532689898927,2.658392608178326,3.0130283333518157
42847,pop_1,3.1595838976215602,3.127405307883588,2.8585777289559973,3.141004640425406
42848,pop_1,3.2576302375305444,3.203758567695672,2.7567335022684265,3.0566845539705048
42849,pop_1,3.5570432324288097,3.0528585671603046,3.107991803997505,3.2993358900165806
42850,pop_1,3.7243778040710915,3.465573235652662,2.7711627293943866,3.744421238018637
42851,pop_1,3.432098128485567,3.757801919570349,2.5012875007083033,3.2654819132604467
42852,pop_1,3.559775141786944,2.8585660282257512,3.2164835145873716,3.440529501056115
42853,pop_1,2.8259878594562515,3.0170857901595967,2.5708634088032425,3.666950169513724
42854,pop_1,3.4675879343584026,3.092358731050061,3.3332329205954574,3.168012516362232
42855,pop_1,3.4831689554682885,3.20148987237599,2.526790351920385,3.6542939669822156
42856,pop_1,3.6977071344538244,3.112404250099331,2.569758351784648,3.5780624580418734
42857,pop_1,3.306560982968107,3.744908058060303,3.4262861241053773,3.7063264978171944
42858,pop_1,3.2102464934029538,3.1194700518474803,2.888242325771195,3.0809333663625873
42859,pop_1,3.6956847696049153,3.240507861706584,3.534272707669333,3.150848959533041
42860,pop_1,2.7566714321113235,2.8956006163932977,2.340511185411461,2.9757372595028486
42861,pop_1,3.749294146267227,3.68140089295611,3.32931730575196,3.302628038944287
42862,pop_1,3.3046483049465096,3.146163677116036,2.784400681161395,3.4892200200775236
42863,pop_1,3.454350676384031,3.225486988044351,3.0440132824939217,3.316149338217973
42864,pop_1,3.2348549452762323,3.1903469075858166,3.15666140806166,3.2263461508774722
42865,pop_1,3.4433220182762683,3.176092834974145,2.9771896538426774,3.056497764281963
42866,pop_1,3.642286321145788,2.7133857165913167,3.057950618980967,3.086625698355806
42867,pop_1,3.6207351799066236,3.569890693141759,3.093279762191312,3.122436092698566
42868,pop_1,2.653266657989701,3.1037833663808208,3.0467512945810777,3.011328106179578
42869,pop_1,3.507879396436038,2.9933879554372145,3.480847118057537,4.015407194983591
42870,pop_1,3.236874296180171,2.643335310481204,3.0500501765124706,3.1907084185875703
42871,pop_1,3.1243208051334324,3.2226221975927256,2.8402039402215222,3.3919663690259023
42872,pop_1,3.043150465254583,3.4295662019571336,3.0449305066298256,3.6538625825598197
42873,pop_1,3.281623038435711,2.9172860338327187,2.8531981225360092,3.076719562440567
42874,pop_1,3.179893890797789,3.477781481281291,2.4718493437121336,3.3344377949883204
42875,pop_1,3.217613484641532,2.8559581346455833,2.839769401283672,3.8435339975371168
42876,pop_1,3.428820314695456,2.8692730632333387,3.263654028881031,3.1191853012032853
42877,pop_1,2.7425316331914256,3.224091207873403,2.87906708155523,3.68262375347468
42878,pop_1,3.0236538638682133,3.0887412421537177,2.921569556617592,3.4133713570422617
42879,pop_1,3.624257932565414,3.3957531733019546,3.0381858777442456,2.9093835839736095
42880,pop_1,2.997974978390698,4.103621569885855,3.206138682835476,3.612878527374538
42881,pop_1,3.5442521299924032,3.3784154177855865,2.777815691042366,3.8079109741254116
42882,pop_1,3.662736815236125,3.4052729574259715,3.490283469118858,2.939867793856132
42883,pop_1,3.5501124378708155,3.6301682327637903,2.9782579367983457,3.334029707933323
42884,pop_1,3.570699192200077,2.741842898590416,3.4986268251466583,3.4517443872847227
42885,pop_1,3.374179015048315,2.961630601026774,2.8676514497472168,3.2012502045724416
42886,pop_1,3.5401356854984614,3.7671123625283327,2.8134116999833716,3.5611069248517544
42887,pop_1,2.67750620620929,2.841409480288295,2.945667044320505,3.5176342175868873
42888,pop_1,3.1881129291913295,3.352011239096396,3.564582002742842,2.8226753876655857
42889,pop_1,3.221110939726981,3.1034493248532775,3.126606547442979,3.472116031732722
42890,pop_1,2.427426948750553,2.8510943704740614,2.5037201583900828,3.4735969589548565
42891,pop_1,3.089404711248613,3.6572952046872818,2.6162434497461646,3.159223337213743
42892,pop_1,3.044256685354876,2.9185972787309695,3.142424267738825,2.5362657314509023
42893,pop_1,3.005172545297654,3.362164654235137,3.161641929389744,2.917947354573917
42894,pop_1,2.7885302643010994,3.112710986789818,2.8058013226884,2.8302968686216516
42895,pop_1,3.3905790806826537,3.60386425152715,2.8464293971625843,3.4924777242283636
42896,pop_1,3.6072384804985305,3.1192858768221656,3.0642934326217066,3.270317802068482
42897,pop_1,3.6280326354573553,2.774123833019269,3.1937997443782433,3.3661624564034693
42898,pop_1,3.7539849651714547,2.922106035561641,2.9866747136319303,3.6409582887679757
42899,pop_1,3.134432290985514,2.928133727606682,3.171631986134001,3.6217044286056193
42900,pop_1,3.5011866748917826,3.0730960347373757,3.146482976765089,3.867513735811283
42901,pop_1,2.969504211794317,3.140163128995868,2.5548535295348116,3.353582650179849
42902,pop_1,3.5175934759342744,2.876925420761734,3.54768609031456,3.3927325021969885
42903,pop_1,3.5109841440689413,3.579129322593729,2.9559937516673305,3.177666810268454
42904,pop_1,3.6938161701145065,2.7895646783430053,2.946404291056338,3.22843617347401
42905,pop_1,3.1363721936958435,2.4280459824226295,2.9705728861666434,3.5174371585024087
42906,pop_1,2.861937936153,2.611503381356181,3.02946646869847,3.6697896388064217
42907,pop_1,3.866079320617466,2.9170257752183826,3.089986400312002,3.413110137843996
42908,pop_1,2.6981738741878,3.011048562583297,3.0872098299372657,3.2440428957120386
42909,pop_1,2.7303006089874184,3.6367875151572675,3.0840016751231496,3.7863650669473254
42910,pop_1,3.2911399750120385,2.8222775914643314,2.78129382954692,3.354198322093841
42911,pop_1,3.22588298890795,3.049620939920799,3.326368956684403,3.186048029938426
42912,pop_1,3.699310773020644,2.736556753762225,3.623567679512396,2.831344161010412
42913,pop_1,3.3285778104884107,3.0980060794741218,2.8716252725221802,3.087444732828232
42914,pop_1,4.409504292932226,3.3387965357278424,3.7212943442568824,2.9098244964249296
42915,pop_1,3.4502479139842683,3.17902368479867,3.219303914366642,3.1697052422621224
42916,pop_1,3.2709467025083496,2.7616232002112797,3.179289234887485,2.8227062396047713
42917,pop_1,3.017254341750485,2.630664770335349,2.8685223736365426,3.54831427536911
42918,pop_1,3.5029547692948015,3.5390231848290328,3.0440218459570967,2.626980825453886
42919,pop_1,3.960027383992832,2.8870160116973818,2.96658878917443,3.6855057883719824
42920,pop_1,3.2689376414142837,2.725433729934121,3.1110783819373453,3.1302437077859966
42921,pop_1,2.628418254271106,2.921037752766676,3.093164557271408,3.213745476367706
42922,pop_1,3.3634761813841796,2.7142624276516156,2.9119580474767988,3.0255526372453803
42923,pop_1,3.535060371394832,3.303436158921526,3.585910711239105,3.076634473802275
42924,pop_1,3.073986034596707,3.4204773688158094,3.1182142822490464,3.214949398814928
42925,pop_1,2.875946046566166,3.121696779788497,2.8469266906049002,3.1826419890069917
42926,pop_1,3.2406623293080687,3.0430331691943873,2.813225577360808,2.8507121302543177
42927,pop_1,3.705537392310194,3.4090719372610283,2.726009759083165,3.427602683400268
42928,pop_1,3.4897878474332726,3.3869091541149836,3.523140896807044,2.9307035521709848
42929,pop_1,3.4763457957337707,2.9945441932270827,3.7922862307517273,3.2286643776738475
42930,pop_1,3.2642195821648436,3.4688020956239014,3.3916454507929394,3.3544243674468577
42931,pop_1,2.9267502705920685,3.1689364624431073,3.1195461217644245,3.7138376293644204
42932,pop_1,2.7858028320008823,3.1534998996107353,2.683892832253907,3.27386018611926
42933,pop_1,3.4880536768221675,2.8549012861068115,3.2924999264915416,3.14511744320407
42934,pop_1,3.359818503352305,3.5286506995360214,2.5937692490915714,3.5404030696079882
42935,pop_1,3.5144116142765047,3.075905261101652,2.911984605629012,3.206713659077785
42936,pop_1,3.6697522563204767,3.159206856309426,3.3361539740593433,3.5074164045209137
42937,pop_1,3.041823768376127,3.0044706086405557,3.053022148909735,3.699318279304325
42938,pop_1,3.295403630411975,3.051865690265054,2.877859390052836,3.3054272993523495
42939,pop_1,3.3550104015869624,2.8474377698348974,3.195419710168173,3.500576989795549
42940,pop_1,3.5993414253866747,3.3227688939593554,3.2012944224010704,3.2276043539487214
42941,pop_1,3.551166795998131,3.7425060643818298,3.184305184806109,2.720118854632121
42942,pop_1,3.4110037857514985,3.5677458332978844,2.960367161662572,3.120071059290245
42943,pop_1,3.0240345240722846,3.4266893122684836,3.007408276402483,3.1993007219966194
42944,pop_1,3.1542302290419775,3.2234338994367406,3.0088029158872738,3.302446041630854
42945,pop_1,3.387462349617146,2.8150737336202445,3.292570439600114,3.714684150616338
42946,pop_1,4.0284753800934,3.332790050915795,3.0021443991748185,3.0738037132532163
42947,pop_1,3.2748728934737987,2.7573736558038906,3.5234238290269984,3.381058763277473
42948,pop_1,2.730410026057944,2.9524607708146333,3.0187980886253802,2.8686230593944297
42949,pop_1,3.4669482683254746,2.501016959385016,2.7747764950835947,3.4912409441367025
42950,pop_1,3.586402838222251,3.0425274956117367,2.938452738463964,3.2693359852867125
42951,pop_1,3.395107767060933,3.1380443706344217,3.152006901426789,3.2906817261589043
42952,pop_1,3.465703033278845,3.0613855944066284,3.5273871579088993,2.8950391755372538
42953,pop_1,3.4724918260086968,3.2066522618640083,2.9843486121050864,3.8413054292012543
42954,pop_1,3.1960640313023143,2.954175885570981,2.755845419911512,3.302438397399847
42955,pop_1,3.320753823197691,3.180511935122767,2.8260405288908834,3.1484471593556766
42956,pop_1,3.1957217408964853,2.8126769331331776,2.713637798067195,3.7560485351888193
42957,pop_1,3.077192316731127,3.4437250273702036,2.7688036661406237,3.24458484877804
42958,pop_1,3.296342566454,3.353444857062962,3.1330860059518693,2.944129250403947
42959,pop_1,3.2509399717288523,3.2297037964467643,3.151878462872178,3.0267155311514564
42960,pop_1,3.9034641723402217,3.287021165768611,2.9094023337738077,2.6392057352812803
42961,pop_1,2.8600552552447804,2.9708111585456787,3.264098462275016,2.995365290544182
42962,pop_1,3.22496902810638,2.67725646529137,3.1071402705338285,3.2141469671281713
42963,pop_1,2.6930873260874058,3.0789691490725573,2.9451382116541676,3.7285956687540955
42964,pop_1,3.5543071893866007,3.381552182167295,3.1481403915499184,3.308103708518796
42965,pop_1,3.9088173884252044,3.0074823219687508,2.9552360979207677,3.725150827472853
42966,pop_1,3.399909010789394,3.17609911269906,3.0742294312383858,3.4746694760005963
42967,pop_1,3.245682679391683,3.7007242769291278,2.882002975086307,3.6330292805320505
42968,pop_1,3.8479631070873452,3.2261547683348843,2.671547053457957,3.242998733486091
42969,pop_1,3.1091084796844846,2.517467969736339,3.295088909479119,3.6274158477689755
42970,pop_1,3.4531607367983153,3.1798842769919773,3.191543092952354,3.070946011172473
42971,pop_1,3.2498214630338538,3.5422514717315194,2.730899086434116,3.818761271956125
42972,pop_1,3.2254814354482835,3.17304372686989,3.3326647023564884,3.097961411854094
42973,pop_1,2.757905590251819,3.2954048563260994,2.7308767362382893,3.122453751406684
42974,pop_1,3.909862237464706,3.0579911185436575,3.1815666398753595,4.182727472870984
42975,pop_1,3.4966008944440845,3.086505999818486,3.2153053145062076,3.6114474149792044
42976,pop_1,3.625160397344362,3.041695019897832,3.206150355699606,3.09677743481639
42977,pop_1,3.2458224209824467,3.261018788009769,2.8195173148212636,3.4759305066987074
42978,pop_1,3.3334017119850112,2.8306333253425806,3.2447253707097574,3.184702294847261
42979,pop_1,3.295655032155827,2.9328493890176266,3.207128341403438,3.525730335530398
42980,pop_1,3.212819491426273,3.4674295451984807,2.676246062951535,3.702372797635331
42981,pop_1,3.563234268396999,3.522555781861992,3.701147691517283,2.75401253419716
42982,pop_1,3.6910975207587975,3.024833069182235,3.0666233426399274,3.4523582762809717
42983,pop_1,3.1829370182099725,2.8914838376413043,3.03556920307587,2.8671224187243363
42984,pop_1,3.101754226791823,3.122738497764492,2.9266783604653037,3.103583320726728
42985,pop_1,3.6990554443361603,3.0189066956149593,2.8739898010315676,3.5754298914402916
42986,pop_1,3.6139259509172095,3.1157337008279207,3.080368732082347,3.350204335478689
42987,pop_1,3.0133874483977423,3.318787574084308,2.907382605753992,3.4641602151911273
42988,pop_1,3.320105930224323,3.429978062823887,3.1063333817013943,3.251887517715925
42989,pop_1,3.0276064948064367,3.4161887831249804,2.9607295573924093,2.9988159127362692
42990,pop_1,2.8770158832181414,2.85839512621653,3.0904773106491357,3.338220676596615
42991,pop_1,3.209140497425241,2.993438101076012,3.183921749766583,2.564759960875429
42992,pop_1,2.730243487797706,2.7473403746891667,2.891950898475236,3.4352740248642446
42993,pop_1,3.4478078267779564,2.8372312769356056,2.955688450378765,3.445006985474137
42994,pop_1,3.1364805400162146,2.9892601104472307,2.6263614801085553,3.9005160703288597
42995,pop_1,3.529644235273943,3.28145096931908,2.865255391272513,3.248790375220581
42996,pop_1,3.7361291118663944,3.315043325432252,3.533891454443804,3.432083016966352
42997,pop_1,3.262758046548392,3.043142488350046,3.6284259926476667,3.2655332465069553
42998,pop_1,2.86867804853,2.992982130175632,2.694967444729264,3.4241012718985226
42999,pop_1,2.8697897400146513,3.0010749476037364,2.737811492757832,3.670172763901315
52000,pop_2,2.5789754907385345,3.3442771430931675,3.567548035802443,3.018919801206975
52001,pop_2,2.691601478868583,2.7724733493632536,3.413069425253315,2.432137100024592
52002,pop_2,2.676378680731523,2.9080441746613785,3.6553340363555678,2.3522756955287183
52003,pop_2,3.2371965758822854,3.035022200367341,3.391483521639077,2.252989387827017
52004,pop_2,3.254442835410121,2.9898793365208274,3.716935964291707,3.0999470517796976
52005,pop_2,3.0655538566758826,3.0132978077329193,3.965750225354301,2.556854423301021
52006,pop_2,2.8127120877729537,2.733422602972919,3.1452958771748953,3.256739160619569
52007,pop_2,3.2661974386466195,2.855296040400475,3.6245560024095895,2.61850353658195
52008,pop_2,3.063643653559397,3.5202128915612043,3.7292068360249986,2.8097216483793144
52009,pop_2,2.9581268446203066,3.010065642983921,4.002750287149835,3.0118989652047956
52010,pop_2,3.1100164565711217,3.111178290661259,3.2733996046195797,2.5665494368390402
52011,pop_2,2.4939586194835917,3.182189241816902,3.2016568449005627,2.606984181783769
52012,pop_2,2.605680408671892,3.214398467420705,3.3825413925002836,2.266747615836881
52013,pop_2,3.3119249430110647,2.9421328319521405,3.237556277870063,2.5149186393318868
52014,pop_2,3.2045593448926026,2.937924598401744,3.427071203908332,2.95048188027235
52015,pop_2,2.4237280883492076,3.2518432845013594,3.427078364453378,2.890279384133194
52016,pop_2,2.716289263163608,3.3273480905072854,3.3472803118364314,2.729486188278136
52017,pop_2,2.4110640866984303,2.885917942327053,2.9792682514026976,3.228351831549448
52018,pop_2,3.1205358096747045,3.0978043963340873,3.618861205239445,3.0981877654636936
52019,pop_2,2.888209136471652,2.849796437220852,3.288757857144824,2.6552093760840734
52020,pop_2,2.7543582946812424,3.204723323734073,3.4881925373741742,3.3277623648289696
52021,pop_2,2.6093023288171913,3.008247438298445,3.188995196851514,3.3071205955107734
52022,pop_2,2.505414438468205,2.9430965596475094,3.4258998637904288,2.457427931998481
52023,pop_2,2.811036735922342,3.0120276683896194,3.410122452668729,3.151634996009701
52024,pop_2,3.0741213462752772,2.925682342759962,3.757190658416156,2.9667181320598166
52025,pop_2,2.7256963786788426,3.018076692597825,3.137624624794134,3.330574833564297
52026,pop_2,3.0271357286919516,3.2385562608199914,3.540513777915825,2.475391233664181
52027,pop_2,3.174350756269274,3.295848715522429,4.416404212462555,2.8913451282684943
52028,pop_2,2.466739728282942,2.994644916075631,4.05589205890772,3.025019184059439
52029,pop_2,2.85007129312641,3.29968626883121,3.5455220905390967,1.8615977392424727
52030,pop_2,3.376277045634155,3.063563622978729,3.729443599556464,2.9417211485823396
52031,pop_2,3.1284577800265447,3.253904930196444,3.302221381962481,2.7774055495485044
52032,pop_2,3.100270595989609,2.9845069652149507,3.2895103523975884,3.047312777027455
52033,pop_2,3.1427862214057343,2.9046643384984216,3.563849322700168,3.205364942070083
52034,pop_2,2.9932769309981855,2.6972775925126022,3.3743589546330512,3.18240943459544
52035,pop_2,3.044237889102512,3.0359203659260623,4.214265762881281,2.6919796421241258
52036,pop_2,2.9504940965207043,3.20637803335245,3.438710064608686,3.0857396472310206
52037,pop_2,2.4739799999661454,2.913166357854811,3.4344629569635514,2.581384197132138
52038,pop_2,2.8567463404835665,3.2130546500470527,3.7318015079976097,2.144549238747875
52039,pop_2,3.337849516624371,2.8749580343531083,3.5447921998640703,3.0172510704634194
52040,pop_2,2.682823639250152,3.2446039520417957,2.8433968587712317,2.6825262591297663
52041,pop_2,2.473556766631347,2.9960083959035417,3.243849356901018,3.2376692542210166
52042,pop_2,3.08132840562399,3.0319761982356987,3.0860387632518336,3.0876545362558994
52043,pop_2,2.709007868503528,3.265475772066994,3.577716370772842,2.17484083767441
52044,pop_2,2.8540171948044732,2.99818453106531,3.3254361920120865,1.9985197360214635
52045,pop_2,2.8279093554101378,3.2482970775353883,3.5832005173885775,2.6137220590851205
52046,pop_2,2.9642771457734782,3.1378752479470067,3.091283770623785,2.6064942727434626
52047,pop_2,2.6614787921080043,2.473812382795418,2.7791768318969425,3.0107260329149605
52048,pop_2,3.609414687138893,3.0752554000736887,4.133009229282654,2.3389718783001525
52049,pop_2,3.34810265275673,3.047116188251801,3.88677105476307,2.251352130012674
52050,pop_2,3.076655982793882,3.2084498989949735,3.3501094343611144,2.4785281290117127
52051,pop_2,2.798829836234902,3.21437883953649,3.566461343090318,2.920725124729096
52052,pop_2,2.9138868840134675,2.8798036445680593,3.58176025361401,3.3014518905152914
52053,pop_2,3.3587485502559566,3.230209004659269,3.4935965003126115,3.324827647183822
52054,pop_2,3.3044782438105447,3.241148146737169,4.309521614867991,2.6133140100544514
52055,pop_2,3.1539678822749067,3.22980165533186,3.682750894737626,2.8465705956860345
52056,pop_2,2.8605637816799225,3.0200002268419133,3.172695319342143,2.949208624110269
52057,pop_2,2.819368848541809,3.678308987828151,3.7343519224082784,2.4920288662822836
52058,pop_2,2.647397490470211,3.0357966369059115,3.175806682135001,2.2926790536598634
52059,pop_2,3.156471879758642,3.0971607529270346,3.5409521888896642,2.5246355338052626
52060,pop_2,2.7773641986245474,2.986316014146019,3.1830725661774357,3.232542776916124
52061,pop_2,3.386308827402687,2.9830402183310114,3.19708610499586,2.686986931632746
52062,pop_2,3.1528550514085834,3.325741275123417,4.038221728844463,2.7912924986486356
52063,pop_2,2.954600064494371,3.2815682581677814,3.536098411299778,2.6682142013636976
52064,pop_2,2.8575772970796995,2.848343383431275,3.2528515190162484,3.6131443324360846
52065,pop_2,2.9506225103224306,3.2562871614350235,3.497632983608518,2.711101453896613
52066,pop_2,3.7585414172779377,3.2326828712932,3.161615808270829,1.8021221964843814
52067,pop_2,3.2547238988023595,2.966610442722316,3.725609944863549,2.7932546236980373
52068,pop_2,2.800178702673946,3.182411780881194,3.6611530434157045,2.3217346513146904
52069,pop_2,2.9213581759132685,3.2086476611727717,3.692115660252882,2.631649679292425
52070,pop_2,3.111254513222955,3.1340317139219582,3.6701287078118234,3.0241369085856773
52071,pop_2,2.914708014870216,3.0889697745838545,3.4311722767146904,2.7558078182958536
52072,pop_2,3.0722970269895904,2.4897130171451116,2.801378442468256,2.5982141345390177
52073,pop_2,3.2928632249367604,2.876052587845222,3.6245243801531597,2.4361124342866263
52074,pop_2,2.7948480423965183,2.5152263912637403,3.5205328962688327,2.63720090800636
52075,pop_2,2.9791894407184207,3.088071642671542,3.1719176504944424,2.674967628834711
52076,pop_2,2.5427014478666523,2.7739564260265173,3.750697449187219,2.86396049753151
52077,pop_2,3.154171955716486,3.2670968319400773,3.6413456695557116,3.0524728413451054
52078,pop_2,2.7794635051679215,2.75675005333145,4.007375853977771,3.4021226206064603
52079,pop_2,3.315259169731178,2.8458669683790863,3.102629547324119,3.0117059166826836
52080,pop_2,3.411018711833385,2.7537311772881736,3.2987206825706923,2.670957024181647
52081,pop_2,3.226579989838537,2.9159092506011426,3.35253435373322,2.9234948903032016
52082,pop_2,3.3360052387178833,2.704185293403582,3.765799824418254,2.6422740218748957
52083,pop_2,2.8898232518775413,3.3103421489385103,3.334172794941655,3.0738584905822997
52084,pop_2,3.113884265691347,3.132589811540935,3.4555450798457334,3.041685244769534
52085,pop_2,2.801691439104496,2.7675178754818868,3.1299517241087007,2.608174497444846
52086,pop_2,3.4514960144087685,2.9963036451396934,3.56052684444564,1.8748991260015222
52087,pop_2,2.890896393802322,3.0490234619879075,3.71303520119222,2.7677081864807445
52088,pop_2,2.949343680970379,3.161749206029328,3.2932645151095703,2.7372644456245228
52089,pop_2,3.006108528008012,3.094130653401277,3.002811867899552,3.2219449667049114
52090,pop_2,3.166088730229256,2.7737175631494306,2.969283712949381,3.3669299078287938
52091,pop_2,2.8660118130765277,3.10832863748393,3.1265574585294402,3.15328036002314
52092,pop_2,3.0001885710094394,3.2631407756827246,4.019034607518563,3.214579836078187
52093,pop_2,2.906567609145331,3.322492889621119,3.443355461868274,2.707502628470261
52094,pop_2,3.2590190223237063,2.705961434954584,3.2791373591081987,2.459877274684548
52095,pop_2,2.831382891370259,3.0959010334354895,3.3054632515289875,2.6844972852285527
52096,pop_2,2.5522155435463936,2.9229573621021063,2.775260565807444,2.8700992881333782
52097,pop_2,3.013199949597973,2.9877396681104935,3.4826183972827858,2.7443660799527585
52098,pop_2,3.0116281865246695,2.641062474967534,2.8956016923103864,3.190069726362633
52099,pop_2,2.8184360301958535,2.8615798656051825,2.895580608687218,3.051884733746257
52100,pop_2,2.7091795544764126,2.9105003941331766,3.3073117772145206,2.898984145870611
52101,pop_2,3.107207189654861,2.8937865651338104,3.5436271444521625,2.6861009380575864
52102,pop_2,2.953906622457645,3.2069278366142733,3.7454898775437218,3.1263046020372407
52103,pop_2,2.924314510162384,2.8583102113831247,3.4988588382791272,2.585235356535712
52104,pop_2,2.6234616646085427,3.2292932677140986,3.5944502057682324,2.393330340065073
52105,pop_2,2.93311724386103,2.690486962068638,3.8342339032581263,2.7061703345775
52106,pop_2,2.660191268144471,3.28600652126996,3.5768246459373434,2.967472400025921
52107,pop_2,3.392095881470518,3.0317265683521337,3.282014540266689,2.7178795405462473
52108,pop_2,2.9907320375899484,3.0334389581381385,3.2540468270703147,2.2236698836495137
52109,pop_2,3.2672846602839307,3.3019699003969047,3.502554693872914,2.8589474160510306
52110,pop_2,2.8710747649784296,3.0970606996989414,3.7184058445841006,2.715079017217971
52111,pop_2,2.6868571073634584,3.1986565091942176,3.497593505197129,2.878079018645158
52112,pop_2,3.3731510533920233,2.8748963980579774,3.5235434882330567,2.838553993974638
52113,pop_2,2.8481537962483703,2.452971586634078,3.764774547761648,2.577051449063647
52114,pop_2,3.1165126279772055,3.0261262453809894,3.505963376878129,2.4792913966622434
52115,pop_2,2.969593413349943,2.5582831414983715,3.3320133998576074,3.5091074204591397
52116,pop_2,2.401016275464191,3.1069196892283037,3.337909714968161,3.0100323266009217
52117,pop_2,2.8322714701717486,2.9591903261156673,3.1481156762056615,2.789246271582662
52118,pop_2,2.898250350793264,3.0293621397323647,3.4618890686981505,2.8766932477171467
52119,pop_2,3.337493530177992,3.457643245671834,3.5908643286132786,2.075316977873949
52120,pop_2,2.9336649371284507,2.8426406718858996,3.5555162561601508,1.9709884554256718
52121,pop_2,2.9618056349018524,3.171396274234366,3.4183419503860715,2.5127402994078363
52122,pop_2,2.6924146601201655,3.191349568142614,3.7733889455964698,2.852996119142972
52123,pop_2,3.034211931494742,2.4839122262184232,3.2854782768802444,3.1423165982721346
52124,pop_2,3.263401733329314,2.838335374130601,2.95733923333783,2.860769653231325
52125,pop_2,3.117943657007415,3.258325004524284,3.8499572288610486,2.897156083166495
52126,pop_2,3.0946602583397023,2.7823839337680827,3.230546691673243,2.7838502605218265
52127,pop_2,2.801540653618248,2.7667121734008626,3.5259472648286048,2.8880680188828287
52128,pop_2,2.951292697949343,3.035567909954584,2.4596608770632438,2.801756339022139
52129,pop_2,2.725631050283314,3.265280182709261,3.9694031010325186,2.6055212064849766
52130,pop_2,3.0507934586446535,2.9468600820234405,3.9099146130336564,2.838495979360736
52131,pop_2,2.319156224939298,3.1040321602655534,3.4927476197337204,3.104992157930922
52132,pop_2,2.65078942956876,3.060916494882931,2.8978316510114084,2.8952097219839974
52133,pop_2,3.1719944992832567,3.2982931244331635,3.89977870453633,2.34854958788232
52134,pop_2,3.096606559804199,2.910341196705531,3.272700655653571,3.0298608518486883
52135,pop_2,2.9986617904892583,3.2944904990302435,3.6972199503093095,2.646201546522122
52136,pop_2,3.090525904371868,2.9569481621521994,3.881180726997825,2.4660940851781796
52137,pop_2,2.627316090435491,3.0605070362827904,3.6824973508106695,3.3091346560051833
52138,pop_2,2.710890297811677,2.7568553946971237,3.336867437370373,2.9604366434691394
52139,pop_2,2.7168804503618125,3.0149883568200675,3.4653875842380892,2.591677433734061
52140,pop_2,2.754600088897721,2.689406099405533,3.6642849139449045,3.2474077994020014
52141,pop_2,3.001762687190729,2.5804466697858963,3.413193251833597,2.8016734030852093
52142,pop_2,3.2898479410484454,3.0158589624097183,3.5490304040662326,2.6783685472634207
52143,pop_2,3.127868188700505,2.878084829144666,3.037286609032185,2.525991933616846
52144,pop_2,3.0097508224756475,3.0753212433665906,4.104022762420078,2.8982646852545852
52145,pop_2,3.224482668119748,2.768388268718124,3.7241268875694273,2.6211926332934423
52146,pop_2,2.524512181292079,2.8058507182571075,3.442571500888484,3.09517744260782
52147,pop_2,2.6210452296170037,3.365530993727174,3.552050771485377,3.2612526404950657
52148,pop_2,3.269994550613345,3.0102376107703948,3.266373602604148,2.9837821952793684
52149,pop_2,2.9879030058589744,2.9145533704800664,2.6200077702213904,3.0764780487744097
52150,pop_2,3.261067508406491,2.9735808813146587,3.5658829747597682,3.1732459884677815
52151,pop_2,2.799389498595418,3.090985418610059,3.5431608577107463,2.5358124140799023
52152,pop_2,2.2135210331320567,2.9300980309325064,3.5509744527995464,2.9671513300174164
52153,pop_2,2.8392349863267934,2.9772365748803162,3.8655807263344997,2.5583404453471212
52154,pop_2,3.1515620970803586,3.428729782485304,3.877455460568618,2.398867496998967
52155,pop_2,2.5224075822900534,2.83828209035659,3.8603198580389373,2.3695214625246277
52156,pop_2,3.2775863607944986,3.1685910018787236,3.1250044879137895,2.688283855877554
52157,pop_2,2.9836490310097696,3.1323999485329237,3.4400133548856826,2.6702752065737303
52158,pop_2,3.0549696184216226,3.261241368974849,3.7865197950180947,2.1074546155530727
52159,pop_2,2.481591682556149,2.8985367749230493,3.6098937652919636,2.2566456320326536
52160,pop_2,2.7823396939165255,2.946230461517035,3.601519054828154,3.2385105198047
52161,pop_2,2.9409327434970027,3.166825659391795,3.570759324330233,2.531692819649405
52162,pop_2,2.957034057813183,3.0196992840268413,3.1562002128706115,3.104264788474262
52163,pop_2,2.7726210105404085,2.9063843362715533,2.9490863186230003,2.5440437470576422
52164,pop_2,2.4826492293195574,2.6576553927650797,3.2561795720433824,3.256160542358913
52165,pop_2,2.553547973716693,3.4741186570586216,3.355252612981356,2.679604717703266
52166,pop_2,3.0190603969002088,2.884267760671228,3.338256682474984,3.2590088761616367
52167,pop_2,3.225349444112721,2.6609706574958567,3.2710429500967844,2.775209730556415
52168,pop_2,3.3135344047521023,2.864280685448259,3.8644383177337267,2.042206279647778
52169,pop_2,2.844841123670119,2.588821849719619,3.584541358047903,2.598354670346615
52170,pop_2,2.8422581443904265,2.4847296900089337,3.607618954345936,2.5369510149345054
52171,pop_2,3.0344185265328285,2.633031522903073,2.7265358428253026,2.3181812581545382
52172,pop_2,3.283639360399425,3.459760334746566,3.5876571443956875,2.20130304315647
52173,pop_2,3.1462317203074313,2.8063865463080533,3.83072803422076,2.3728088864659993
52174,pop_2,2.610830710108342,3.0066614500167237,3.6443369177669656,2.7124700682797838
52175,pop_2,2.9926470998780035,2.6050331230985373,3.1854798224750174,3.5356917074411447
52176,pop_2,2.7669133412425544,2.9018813911079597,2.9233634634194634,2.5254694054616684
52177,pop_2,3.3040909088917916,2.936031648154329,3.736958895321385,3.1793762285222607
52178,pop_2,2.476642848640014,2.8491802197007146,3.233053052630991,2.122646588895977
52179,pop_2,2.969021048107481,2.7351137290921543,3.2056017909849395,2.8596437853297267
52180,pop_2,3.3248360696891663,3.0795999973054196,3.3327846476608913,2.6152702303595716
52181,pop_2,2.9610850946554885,2.938308836330423,3.5217243190324727,2.5625719257083492
52182,pop_2,2.674286035338784,2.6402864614481136,3.249682022104803,2.257347850820606
52183,pop_2,3.0080013549029183,3.3120142070193532,3.4158941407578167,2.692252582523817
52184,pop_2,3.4953468120548545,3.359758875248553,3.6409084466637016,2.7154553131217023
52185,pop_2,2.9500363363219395,3.125225683348883,3.3452117818605505,2.7868589688781986
52186,pop_2,2.916113670434323,3.188446844473637,2.88587622633593,2.7069813850657223
52187,pop_2,3.156822646538083,3.0076099135924275,3.1119916706436475,3.0333832015967856
52188,pop_2,2.863120268190801,2.9156659632195057,3.4158949630090563,2.0975183679530325
52189,pop_2,3.0496052720307105,2.72278819610324,3.68757423026967,2.81123722928516
52190,pop_2,3.1706677340330227,2.7019959958071724,3.096023346688116,2.7305524425209535
52191,pop_2,2.8860018328908437,3.0837991859584903,3.5747734566634075,2.5809107658163977
52192,pop_2,2.6340028409974576,2.9321939081013326,3.576672225901924,2.7816064095423676
52193,pop_2,2.9982774547646116,2.8220087618653187,3.173162736846943,3.0656291188585594
52194,pop_2,3.1577752789472915,2.8341139698798896,3.2750805493175856,1.9249242134238653
52195,pop_2,3.1557579228853405,2.8767663274408437,3.4100196909648965,2.450064590831553
52196,pop_2,3.0567355182689293,2.672628917226356,3.6919209201768086,2.2945271785676216
52197,pop_2,3.422500805632349,2.7198589053065274,3.125382618743276,2.0139777262919925
52198,pop_2,3.2282730486766846,3.221339593624601,3.6147172854011753,2.544937105363637
52199,pop_2,3.012215186814077,3.488183305804446,3.6186374312387084,2.445998089680399
52200,pop_2,2.7917936800153083,3.134400782943171,3.5725913626676182,3.7272969195318018
52201,pop_2,3.26244676089071,2.728172053840462,3.2831363145450796,3.064775491368337
52202,pop_2,2.9007639758403414,2.752930793088743,3.685374761497296,2.8899166905821803
52203,pop_2,2.994685889945479,2.991904786852885,3.453795008184855,2.7831648574835386
52204,pop_2,3.0112437695641523,3.2286264864976206,3.4737686920974715,2.4845543208389054
52205,pop_2,2.8953702960952024,2.8926408692588415,2.933067068649236,3.169858980964268
52206,pop_2,2.8200921518857016,2.997877930377491,3.662403342084644,2.5976822327646736
52207,pop_2,2.9070554986133943,2.924122468499781,3.658975044925348,2.8789509760362955
52208,pop_2,2.5018702736594043,3.325135932480239,3.8253666876361434,2.8511087370221557
52209,pop_2,3.090212746901394,2.452365291367932,2.758668623138944,2.773839126415691
52210,pop_2,3.0893265742778024,3.4284631099385106,3.3840311891575783,2.6105609304728596
52211,pop_2,2.7899944761315836,3.0944587124806566,3.2524285071124437,2.633993217295766
52212,pop_2,2.8696801479592753,2.8766501588841584,3.511046274104366,2.6435748030491264
52213,pop_2,2.8356096051974955,3.0718460806532426,3.418417693614704,2.566101490614603
52214,pop_2,3.092024540076076,2.744803834078559,2.5746889758736042,2.4843576774375715
52215,pop_2,3.1761083963360326,2.8173288022440794,3.0660664442825896,2.7127671688124955
52216,pop_2,3.27708751820373,3.0687561300205957,3.2787703583988206,2.9910594981888607
52217,pop_2,3.0417164553263687,2.6413133803942555,3.6986490256842695,2.411244751162849
52218,pop_2,2.7123889667728163,3.021251589379768,3.816127623703149,2.560874435924054
52219,pop_2,3.0004869877389155,3.0057376806807112,3.2329405744060513,3.174462945160092
52220,pop_2,2.6015805138586137,3.3300789350198357,3.9346037051254887,2.1591136781796085
52221,pop_2,2.8328710674191653,2.5100568544697786,3.1273632495307306,3.1232067371017878
52222,pop_2,2.659018567180115,2.9380379190999433,2.972493227114049,3.0175239983549873
52223,pop_2,2.803784378616421,2.992683590029386,3.348803939816932,2.80957918229837
52224,pop_2,2.108554985971194,2.8976610206205073,3.1338947899292817,2.765318165365509
52225,pop_2,2.9152749349271305,3.3091010656470994,4.048918383841647,2.9891279558004147
52226,pop_2,3.0589826288717,2.757582647422627,2.874164070682705,2.830823840401494
52227,pop_2,2.8701535497065445,3.192118831574073,3.719170316988788,2.9307570200309105
52228,pop_2,3.1035212384437005,2.882878388205118,3.8424729841257057,2.7637540748075233
52229,pop_2,3.123890968156007,2.811913322178394,3.551728356465614,2.887522672400586
52230,pop_2,3.151203536800993,2.9236072938796567,3.3451664666501637,2.7965963515520578
52231,pop_2,3.1035552428703723,2.965896686390897,3.877186231665666,2.8589001336706183
52232,pop_2,2.9126663653918574,2.8269174825249896,3.4819770018400793,2.7522021696110732
52233,pop_2,3.477643965702961,2.6155145305163234,3.699276773628102,2.740436183619427
52234,pop_2,2.8397168034746,3.0943202841299633,3.755837700880726,2.34629002914477
52235,pop_2,2.871256552553091,3.002740423831747,3.417665140775814,2.818764231184771
52236,pop_2,2.9899706592229705,3.23844113349367,3.527404305613321,2.5017769418040094
52237,pop_2,3.3310717127636646,2.8763435635381103,2.8719224368513347,2.582877900242433
52238,pop_2,2.3588196761692655,3.0684091372593327,2.8983310656392614,2.835707248497138
52239,pop_2,3.105795176878241,3.0773051081041882,2.863857123568401,2.7830932931708494
52240,pop_2,2.8032013731121097,3.2033474684665766,3.362815722358682,2.449227584388351
52241,pop_2,3.060363576288397,3.0480723288946407,3.4370525897031365,2.7952116171974746
52242,pop_2,3.306559370099762,3.0654444104044773,4.1080010735252745,2.5831358368833697
52243,pop_2,3.44588358002506,3.3279909449540925,3.324460415387279,2.275419153351236
52244,pop_2,2.637373053735546,3.239479983790171,3.5809350830758877,2.594547620942915
52245,pop_2,2.906001710206863,3.3885523578573453,3.568660264477627,3.1097693434157523
52246,pop_2,2.6840455620190298,3.122932679234201,3.6380066094586483,2.6691694955154373
52247,pop_2,3.147870110531416,2.944280549151294,3.5699862222383136,2.6788338945970245
52248,pop_2,2.7368982600622678,2.8079197535643377,3.609062605691889,2.782415299865692
52249,pop_2,3.2189315847483937,2.556621281084992,3.755460497689104,2.782928101393254
52250,pop_2,2.720060513360067,3.004675573564072,3.516925675710429,2.6813798541038083
52251,pop_2,2.9137536296105955,2.9839177089555897,2.9695291172867617,2.818891615283326
52252,pop_2,2.827775629364939,2.7259929616822456,2.7171285686180937,2.872410592106129
52253,pop_2,3.251891148073435,2.892120683797183,3.267920627430763,2.7719291226616063
52254,pop_2,2.90522957263379,2.7462874402212645,3.510636246877591,2.512478880467472
52255,pop_2,2.663079335670406,3.071642688497837,3.8203681546899966,2.4811104161950697
52256,pop_2,2.7011015169994326,2.9704316733958676,3.19914786927899,2.806905427276948
52257,pop_2,3.065629304643981,2.912102103234408,3.2799738935886023,3.0477864831912096
52258,pop_2,3.0509909262455404,2.523479132174726,3.435624925241748,2.4210220392355217
52259,pop_2,2.760923494248495,2.73427341952547,3.5330517624495394,2.5664617444488713
52260,pop_2,2.7738212703689413,2.6510329006898643,3.3061297331066606,2.85942611482376
52261,pop_2,2.904354987784943,2.5502263310094344,2.6864724084700864,2.6972692653026473
52262,pop_2,3.0445541192693324,3.024710426128653,3.448121826148617,2.361225191488403
52263,pop_2,3.0733730630078306,3.068156980483772,3.691881465678631,2.977419722600558
52264,pop_2,2.676050342131799,2.8736158342050477,3.0084273060961086,2.8859439326019998
52265,pop_2,1.9619317895576882,3.0220032174564304,3.7759145221690273,2.7871015727988695
52266,pop_2,3.0648888054758054,2.747402967911234,2.8021222698908965,2.1897908950433194
52267,pop_2,3.4528937589549473,3.3454967317855364,3.560673322009596,2.6383716811843834
52268,pop_2,3.4278990259495346,3.161999274392429,3.678481798785047,2.6729273679032772
52269,pop_2,2.8167614432001953,2.838818910536519,2.7436156906122178,2.4888664482866
52270,pop_2,2.6832835198137124,2.9895427672720816,3.7828445296327615,3.112273171021353
52271,pop_2,2.9621151593123503,2.5523095623647603,2.9818513294350697,2.0815386559861486
52272,pop_2,3.1696118112582816,2.9199356806898287,3.882252754338946,2.7127689889004216
52273,pop_2,2.729554435549819,2.9974276211712274,3.937953449390897,2.4504573965790883
52274,pop_2,3.408655291199293,2.764968741882516,2.6376361772270256,3.0843863592980436
52275,pop_2,3.1396264873461592,3.3000578427433878,3.3111077341186683,2.9803335201847507
52276,pop_2,2.936531771588661,2.8267856746812536,3.870775152578368,3.2030753959255427
52277,pop_2,2.796639515621453,2.919469564831963,3.1927897011933335,2.8187477148232425
52278,pop_2,2.692149820625355,2.896476874430366,3.1907555663240506,3.141252901462436
52279,pop_2,3.1153450471649906,2.9647092586661064,3.470058452323182,3.108735848372182
52280,pop_2,3.099824103667152,2.7058647290261355,3.3431601743035846,2.941508773115486
52281,pop_2,2.7652458325780858,2.868382996576034,3.442186536875386,2.692584295173856
52282,pop_2,2.6492940718631095,2.6349157142488653,3.742343349542054,2.8134791114643796
52283,pop_2,2.933277164449542,2.6910717537013342,3.2528427326357856,2.7666211487879853
52284,pop_2,2.9580562062638047,3.2491661590486496,3.2406419400600477,2.840751147924892
52285,pop_2,3.5605144660572634,2.7245727813680305,3.452577618409742,2.750132922882326
52286,pop_2,3.047932434208413,2.7642536246804714,2.904029970089767,2.604774666445671
52287,pop_2,2.9728503610274166,2.8873993844589996,3.0433904055302587,2.8976482118506532
52288,pop_2,2.9607862061838275,2.6510397551291,3.3476162775499514,3.3860456482957892
52289,pop_2,2.7361052531758996,2.727740112905009,3.8436052879798948,2.950292857436286
52290,pop_2,2.8694034238772415,2.5556276311619683,3.5052151863323955,2.413029554729761
52291,pop_2,2.751193733619086,2.576722622428762,3.979951316788089,3.1602762351996363
52292,pop_2,3.2565366132197053,2.7091170162718017,3.102733692266465,3.1298919575023545
52293,pop_2,2.643431528734253,2.957782903070007,3.624322000339829,2.843467488720619
52294,pop_2,2.953998214912768,3.0038580198062137,3.0091888327894867,2.5075187011394737
52295,pop_2,2.9549458531313477,3.334815293296467,3.7852867018414385,2.6424057323118686
52296,pop_2,2.733592657177468,3.318727442406227,3.6927404315454195,2.9598586960760427
52297,pop_2,3.034766037984223,2.9451124265848363,3.7867945256536264,2.5147596497057587
52298,pop_2,3.0368745719624153,2.9915524723452993,2.6350285745350583,2.957194303822522
52299,pop_2,2.853005046434868,3.2307835898876522,3.3361532416841886,2.5050779260319294
52300,pop_2,2.9567621659839,3.0969453154772064,3.3298764066755138,2.061150527029421
52301,pop_2,3.1502342219282267,3.028408052351528,3.7788709842310544,2.2479017556054814
52302,pop_2,2.801373017176475,2.964023551995511,3.794766335418648,2.429561260492984
52303,pop_2,3.163774944374198,3.075531331918295,3.57291147160744,2.8872622875518767
52304,pop_2,2.9988977883699777,2.863707051194064,2.886141374262329,2.433190455480286
52305,pop_2,2.998221733298787,2.800470579957516,2.9652378690261534,2.7524626438309214
52306,pop_2,3.121193023915794,3.1797302793574747,2.5663461338286018,3.8436880198808145
52307,pop_2,2.925108343344699,3.217014422470926,3.4274048475551715,2.952334833249042
52308,pop_2,2.785263396838063,3.2061283138960466,3.2979073952277287,2.47970821297994
52309,pop_2,2.2433733944982515,2.964660345324595,2.954916607357604,2.675163699412463
52310,pop_2,2.902774128792868,3.4316468062303134,2.8203379199326264,2.257680628682932
52311,pop_2,2.784266094875172,2.8283514346672676,2.6595137473455397,2.4127301515447446
52312,pop_2,3.119315195800544,2.7426528241282693,4.035926715213142,2.8171432180936544
52313,pop_2,3.0491563157629833,3.0600766266965027,3.2957182397784175,2.8584493492513814
52314,pop_2,2.9711293626405513,3.3143066816657383,3.23302442217942,2.713048290512664
52315,pop_2,2.6990734321014744,2.905366988047827,3.3254316872274243,3.0308673207147407
52316,pop_2,2.86561310929462,3.3078079514872565,2.8951916727885325,2.815596651167207
52317,pop_2,2.918311789105365,2.587308323978023,3.6590113209155004,2.604035239336714
52318,pop_2,2.7319959230727293,3.283757650710891,3.961963725035478,2.526494483127987
52319,pop_2,2.6699543383043745,3.0395584075219193,3.2338472573867874,3.141507955202045
52320,pop_2,3.3336329672849496,2.919250233870333,3.5064637649349164,3.0503588444984238
52321,pop_2,2.6840117113682145,3.17763826718513,3.434120327859507,2.8825836107488896
52322,pop_2,2.7933402311394526,2.8859878829045447,3.69357293576497,2.6916016862908636
52323,pop_2,2.655197842758342,2.2964222119112687,3.0542105565150264,3.307163793335732
52324,pop_2,2.856126909521748,2.7608336693165527,3.729263027986981,2.9810036451725495
52325,pop_2,2.8184795545785573,2.544859773580937,3.462080453628369,2.537320686945394
52326,pop_2,3.3497588698920615,2.933145168534941,3.8250283267025353,2.8905340776109743
52327,pop_2,2.944867159023999,3.2675428945721685,3.5659453534201053,2.6389355520268083
52328,pop_2,3.415871489577774,2.9894542616359616,3.911868840160063,2.6742845932902957
52329,pop_2,3.142197525383869,3.1685950557703233,4.299670793734357,2.630167576367886
52330,pop_2,2.735331177839392,3.12206395295808,3.3927412614133416,3.1263038649635972
52331,pop_2,3.304969981732206,2.598670576669902,3.2243816955003446,2.244004248807336
52332,pop_2,2.97533551896738,2.579558691483064,3.855255507484258,2.900888225706627
52333,pop_2,2.7951617940591813,3.201013046752848,3.207487994864119,2.5512300150626546
52334,pop_2,3.0808971537485044,2.9093467533901163,3.877742245236058,2.9353389644776913
52335,pop_2,2.8866197491040717,2.9432016488682198,3.3823310511244715,3.388325515255094
52336,pop_2,3.1193202099569484,2.7708052999652955,3.8381949212389643,2.544046015593746
52337,pop_2,2.7098401143907234,3.0499719116623862,3.639824836822392,2.72970008647078
52338,pop_2,3.3939846868732135,3.0183665565493123,3.2310765747462558,2.2388755357026393
52339,pop_2,2.8778345532518643,2.8876851656888043,3.3545120445674588,2.442109791397625
52340,pop_2,2.297936839516328,2.7125012578157026,3.7576926466446374,3.1170160752868976
52341,pop_2,2.9614163418320785,3.010742254378736,3.44130496122928,2.4337580239865115
52342,pop_2,3.3307993924585024,2.7237912689136987,3.9642604530390333,2.466173851062985
52343,pop_2,2.5742503569995576,3.291529197715686,3.7411533529434364,3.0929430719370075
52344,pop_2,2.5672541491327836,2.8791681018659205,3.2536640195261546,2.7580677769953095
52345,pop_2,3.21560259027629,2.678281553848725,3.1859159533924575,3.138134932541299
52346,pop_2,3.277365441720447,3.28265167880129,3.985664120896675,3.00732666772426
52347,pop_2,2.560133117869603,2.8243418920980736,3.4670389575213503,2.322116334999067
52348,pop_2,2.810109445660059,3.0325191743365223,3.1323325358144,2.194061689473916
52349,pop_2,2.9840377522925783,2.7881102610016404,2.8757976877215503,3.2450545099319656
52350,pop_2,3.1982647515963922,3.1522222395455635,3.26823517332369,2.9057927887713983
52351,pop_2,2.80021198166031,3.4587150290273536,3.836304678532348,2.8977945052031107
52352,pop_2,3.172504573496596,3.080158805332181,3.184737710211738,2.43256951781735
52353,pop_2,2.686640849817557,2.6019782764485027,3.306385693404327,2.925131178981674
52354,pop_2,2.973785823873653,2.895224599597993,3.8775854436697457,3.2265254388975477
52355,pop_2,2.782971008948271,2.9906184534131066,3.163753332336316,2.6754660612096743
52356,pop_2,2.687898452387856,2.5164707216319933,3.5668422672057334,3.186691991106189
52357,pop_2,3.1195217057470903,2.5180941793641227,3.1097336422027033,2.947649283671466
52358,pop_2,2.8272611350840733,2.889346682567308,3.8505635468036346,2.635529170657175
52359,pop_2,2.8677360309207582,3.3208515974469752,3.292060598754817,2.548703990644041
52360,pop_2,3.0917537534153636,3.4096874778189643,3.7136944913793895,2.423932574111577
52361,pop_2,2.9984763839135713,3.111356743911469,3.3026737565596926,2.294916377974749
52362,pop_2,3.156258646199496,3.0535996773864187,3.2595175143484654,2.9066575401087418
52363,pop_2,2.770357260913105,2.6500534814596204,3.1948286315354095,2.58070033809963
52364,pop_2,3.1420898098680556,2.9034961030422473,3.544342045375136,2.7461858326777207
52365,pop_2,3.0910427401744096,3.132336997649445,3.4055063411016393,2.4227340184309867
52366,pop_2,2.6106221631211306,2.8162250858701245,3.2899547409690637,2.660063257742353
52367,pop_2,2.8155382502634323,2.835757885177891,3.369952431984349,2.708117412168384
52368,pop_2,3.0869578634443156,3.1417114584344397,2.988715529064185,2.906696154402684
52369,pop_2,3.3608174192731637,3.1583586798515175,3.1698262914425923,2.9285371910883966
52370,pop_2,3.1260045655154607,3.0611209067427296,3.2369851289278153,2.6217945424546727
52371,pop_2,2.322657115538542,2.5117357165249325,3.178074619981835,2.7450185229287696
52372,pop_2,2.615164866401661,2.982164067397024,3.2903742312233337,3.0499662231679037
52373,pop_2,2.770738006851182,2.9638231326872346,3.6587252770299172,3.1574055108818504
52374,pop_2,3.4277338183140387,2.5348214427669196,3.4132269761458907,3.2399310085157045
52375,pop_2,3.0689927542033035,2.8518042818154234,3.8000699201645665,3.4809805823709286
52376,pop_2,3.2327113182130707,3.092650885918988,3.559365556988366,2.470185700776242
52377,pop_2,2.3421994901361045,2.609939843173194,2.974412414895538,2.5880896150117043
52378,pop_2,3.412213984800241,2.7894412951070726,2.633309143157026,2.9949962826118934
52379,pop_2,2.6741615384479553,3.0947075362821814,3.552029738611165,2.827601415757675
52380,pop_2,3.2188986381371687,2.590917879260844,3.516216215132507,2.4298704584007678
52381,pop_2,3.1966899561273796,3.162034080187364,3.5147975827240736,3.10932303878053
52382,pop_2,3.097718167208804,2.979470040819497,3.4817240152122966,3.145203922833341
52383,pop_2,3.0517716841991644,3.2892211516926078,3.208974401245168,2.849415441314523
52384,pop_2,2.891548416311405,2.4793654218121253,3.120373590735393,2.8913054486356975
52385,pop_2,3.0189204401221423,2.9854055043510024,4.199053642298966,2.8640007400694514
52386,pop_2,3.01076089739204,3.0415888635718393,3.8268201229289946,2.6450565556434067
52387,pop_2,3.5753539550633913,2.60022129513264,3.3027969017890797,2.4802226107248195
52388,pop_2,3.500103703226976,2.9162076602558584,3.154077198082961,1.5588714242236212
52389,pop_2,3.278410186417749,2.664083945055916,3.4613145553706253,2.8470453208916315
52390,pop_2,2.948276758740021,2.786630375335738,3.583581778896653,2.757814429454575
52391,pop_2,2.4730450526498338,2.919855972243325,3.499066155254854,2.551963559316556
52392,pop_2,2.7551311634102222,2.9320717281140016,3.5125851958120045,2.8733217114010157
52393,pop_2,2.7227682542599685,2.6209943210606084,2.972613231057889,2.5533151002908845
52394,pop_2,3.340028540500516,3.1449802494118817,3.4629643784589974,2.52051200633928
52395,pop_2,2.8719044331793295,3.1530546744970733,3.348539131338942,2.7875368144017445
52396,pop_2,2.6696705647159016,2.890874176039699,3.5457255150832383,2.746329461778949
52397,pop_2,2.888516428235945,3.3459771648376946,3.3535859115315323,2.398028315707629
52398,pop_2,3.410349866234304,3.2569185432893155,4.102759016313931,2.43649154585268
52399,pop_2,2.8038308440552995,3.150931288753839,3.044449475651847,2.431670655722845
52400,pop_2,2.9837113823801924,2.3385722272670075,3.4606086118265846,2.5417722186898533
52401,pop_2,3.0548928360364944,3.017057222601703,3.73781801618229,2.710168457615187
52402,pop_2,3.116657155301698,3.124296718361777,3.5661719981619058,2.6046053570656613
52403,pop_2,2.877531387825747,3.0117893237574673,3.1652204105866786,2.6997557406674
52404,pop_2,3.0369054030635025,3.0725408361460693,3.1295975955374566,1.9987254220714354
52405,pop_2,3.258400615205037,3.242256768292878,3.661254530588703,2.723430804812345
52406,pop_2,3.3414793302844394,2.4864695245892747,3.0413270234073564,2.6519172580075603
52407,pop_2,2.964730241576761,3.094688425523395,4.012056552587849,2.684337943316959
52408,pop_2,2.9328931169925974,2.9088127963026165,3.3919995142493464,2.781139859738685
52409,pop_2,3.182666201804388,3.0923738297878622,3.6292674469836044,2.8239263468370868
52410,pop_2,3.0074347145609535,2.8438768028134973,3.5831783103629395,2.605307086013287
52411,pop_2,2.9806822697703925,3.3347534340757647,3.4993052848219244,2.874298581195679
52412,pop_2,2.7743321959812763,2.8461126564887085,4.357277857614999,3.217548933270853
52413,pop_2,2.704776478041628,2.7574338282853694,3.262582529253048,2.51499598574597
52414,pop_2,2.7898472877835414,2.713602653409662,3.504020339797895,3.035370457943378
52415,pop_2,3.3440468414092677,3.2055134620477297,3.5802136915589973,3.3492730729595914
52416,pop_2,3.113463222856245,3.169193231542226,3.0875463033169575,2.9105668833660565
52417,pop_2,2.524193781981489,3.2018199832557297,3.5050630616835994,3.3997684095226384
52418,pop_2,3.273432557145552,3.2565173039606305,3.6843564874898194,2.249595013321395
52419,pop_2,3.397532360564201,3.010134311942493,3.7214398056156814,2.366222993986297
52420,pop_2,3.376456838399026,3.0315893911834726,3.5518489299761775,1.9178138196650358
52421,pop_2,2.8862198850936105,3.297582899417575,3.664130931192623,2.5591310305584787
52422,pop_2,3.530461956860801,2.9981739083895502,3.5540264409684927,2.4841036652629196
52423,pop_2,2.614769908593532,3.1568804319605475,3.9442393684009023,2.54130956079403
52424,pop_2,3.211574484242048,2.9136675333170623,3.7791163328796737,2.917589120024779
52425,pop_2,2.522660588020061,3.0988105814253664,3.2236688362610595,2.282108404182825
52426,pop_2,3.648950793404061,3.0058145061110966,3.3233169116512875,2.015139652086934
52427,pop_2,2.496271312681427,3.385435345762025,3.564286282580505,2.7655851697516436
52428,pop_2,2.8884438614503263,3.189010181270887,2.982509831848139,2.6203056095941357
52429,pop_2,3.065972310887299,2.9268331536031265,4.009237349116005,2.2635396108462054
52430,pop_2,2.8887401381072744,2.602433483611584,3.241437547149109,2.910083578211221
52431,pop_2,2.8915010423109426,3.0017350592224297,3.061702613435762,2.7454230801406783
52432,pop_2,3.213429189780222,2.9497920961511728,2.8807727686148827,2.421447051735766
52433,pop_2,3.703059792816866,3.032962745568926,3.5247024901655926,2.90195417317199
52434,pop_2,3.1667431884721298,2.894848665255919,3.34808513066027,3.1589620060484926
52435,pop_2,2.6625235838760806,3.725271755072639,3.8067856904164237,2.7017691745827124
52436,pop_2,2.592142580842599,2.4718133518914165,3.5068895708221532,3.2213027544199067
52437,pop_2,2.9842863844301797,3.193401687021772,3.4188894302075115,2.405779878698252
52438,pop_2,3.106270872763521,2.8105583622959096,3.1929795151657605,2.5049700379393807
52439,pop_2,3.219216794664096,2.7035591580201395,2.7525320110032525,2.5294963122780483
52440,pop_2,2.972778836005044,2.3641774906046455,3.235493923210433,2.627911963693965
52441,pop_2,2.7773932685741762,2.8000473822954777,2.9599256839187853,2.5260127460447785
52442,pop_2,2.749422949296001,3.105029369263886,3.629633812606652,3.6482317521048278
52443,pop_2,2.9890202675919206,3.0940101716385144,3.9730414017186066,2.922370129854477
52444,pop_2,2.9044922309174526,2.6671827518573696,3.4199059697715155,3.4647738398026156
52445,pop_2,2.9953148181514706,2.639940513013892,3.237936587140574,2.5317940192846486
52446,pop_2,2.743166551554416,3.2198980929121785,3.6276894379722853,2.6515090908610786
52447,pop_2,2.8490072791628496,2.745911367489495,2.9244799257226326,2.677466353666778
52448,pop_2,2.8775552545463077,2.9471581000888207,4.172873641460374,3.0628115141973167
52449,pop_2,2.874472775659989,2.9004468749816072,3.814359820319259,3.187878814668151
52450,pop_2,3.428730684118976,2.678199663658712,3.5748358084421583,2.4058611831581307
52451,pop_2,2.91702427659161,2.8529392537538247,3.2002325140378245,3.0263341109870305
52452,pop_2,3.3797164777872473,3.0849844333164738,3.6968634497513135,1.887125173396905
52453,pop_2,3.320314217912408,3.0385702221178907,3.3400534510531568,2.1661858468811004
52454,pop_2,2.784526905127034,3.004367368074054,3.4835728093541145,3.223748776094456
52455,pop_2,2.695941697363105,3.5482064161252014,3.591576052694045,2.7320504127390834
52456,pop_2,2.8645761036827566,2.9909337897216015,3.698748714760858,2.4806761893560685
52457,pop_2,2.980027145902917,2.644019304572948,3.1315072701759483,2.539975588670339
52458,pop_2,2.5967565965569106,3.418601289254617,3.366621366883882,2.98053991748698
52459,pop_2,2.804278366467271,2.9958935100800224,2.856656621047264,2.025434931658846
52460,pop_2,2.986195245689871,3.064765153108692,3.3176953403290956,2.9256374226017323
52461,pop_2,3.0090113763431483,2.8624822629951576,3.549555201292828,3.2113143452246478
52462,pop_2,3.6345196553714136,3.1084461960832344,4.1111739144505295,2.082203085949164
52463,pop_2,3.160616413335994,2.9996425069267234,3.7953383722899803,2.334331888735307
52464,pop_2,3.0793144781606983,3.330352391018331,3.8719859668332264,2.614167585911563
52465,pop_2,3.057369885391211,2.6565567658613314,3.108590414616691,3.026779709000189
52466,pop_2,3.1986080390797826,2.8863135226819803,3.19105692563796,2.5604821985017496
52467,pop_2,2.7793266011922277,2.539302998969538,3.367557508341201,2.787677612730651
52468,pop_2,2.6495283336368054,3.318814504275113,3.4710743950481158,2.7927950745861314
52469,pop_2,2.968174665740119,3.4089253427641264,3.7970822876022097,3.60316754765049
52470,pop_2,3.064288221675439,2.989126141827268,3.181004379496107,2.4876825289449624
52471,pop_2,3.1668597686994113,2.9424856952426226,3.913218764144247,1.9594700144625965
52472,pop_2,3.0872769957307034,3.234519904766929,3.300229636975299,3.1711429032813143
52473,pop_2,3.1955462325870316,3.003282514926165,2.902040313999884,2.3915472072996593
52474,pop_2,3.1896083648523685,2.6014675495959727,3.0260626224386455,2.796153143151911
52475,pop_2,3.081173706843206,2.8865569795817696,3.289724384439724,2.792337874852701
52476,pop_2,2.9452589308980426,3.277906517250618,3.7721799029916316,3.126982968791293
52477,pop_2,3.0257569805621904,2.7826736758112567,3.5179948004171577,1.989671574165093
52478,pop_2,3.255205027467501,3.166236485891123,3.3331094675322586,2.7376790296363986
52479,pop_2,2.9438164262171957,2.9098373130787003,3.3243629307301656,2.6577628179371686
52480,pop_2,3.242082455445951,3.287123769093691,3.9464062349426374,2.92217634717548
52481,pop_2,2.6683965503426426,3.5127210291720012,3.707876134264866,3.3841155082937364
52482,pop_2,2.648199474174058,3.1007651761425055,3.253463831311019,2.4778818239937856
52483,pop_2,3.0758437465809454,2.7023087356683897,3.418950989089832,3.045188184525221
52484,pop_2,3.223665572165237,3.147662524006645,3.8433139745775984,2.9906898357241993
52485,pop_2,3.1590154298890827,3.0753700648447295,3.027717160163132,2.968337511393184
52486,pop_2,3.3370989724164297,2.994969508853205,3.577909010559569,2.2452191413795046
52487,pop_2,3.4306217205816703,3.109986517733244,3.614803969306708,2.9260511889616714
52488,pop_2,3.0546050244939353,3.104751252494105,4.369696283425139,2.721358957611763
52489,pop_2,3.098215825361912,3.206958764583254,3.8136984571038726,3.0822250996183587
52490,pop_2,3.2097032617317325,3.0072199035407126,3.5519926176440326,2.3444401316329424
52491,pop_2,3.0179907800282173,3.1276854090104926,3.237591696867926,2.9179404677859417
52492,pop_2,2.7186367931010116,2.966850411915425,3.159691660511397,3.0141784528895497
52493,pop_2,2.4575878906297572,3.4714737919408765,3.5950855315294277,2.8927009164008597
52494,pop_2,3.1909121095968658,3.0584451159386186,4.012323582300903,2.9640429640360866
52495,pop_2,3.1774437059063536,2.9797301118499986,3.0393730074897545,2.6670719871791904
52496,pop_2,3.0395875464381756,3.2644002079892087,3.527665550171825,2.6024245086121134
52497,pop_2,3.0575840072789755,3.0782395460036227,3.404280027316152,2.4126314033565466
52498,pop_2,2.6040800033121987,3.1741621039399033,3.4831520275469816,2.0113981742280176
52499,pop_2,3.0790445204855463,2.8668669741171136,3.092518145967123,2.992852031236392
52500,pop_2,2.7040715872449654,2.8696431620260157,3.037635053488483,2.9563203477975164
52501,pop_2,3.353027153494229,3.265739575696032,4.05219931030049,2.4763283092471555
52502,pop_2,3.2230095201495104,2.917683052308396,3.617114025313788,2.3687994402299433
52503,pop_2,3.233026741625166,2.6457749873904333,3.4472505755091722,2.580483551990862
52504,pop_2,3.5143805184076213,2.8051724101583098,3.6249584910285715,2.4687300940083534
52505,pop_2,2.5684979986397636,3.2207590590642643,3.177744230573745,2.517686084988138
52506,pop_2,2.9281031441835683,3.1485571433128583,3.1782017363361077,2.518147739422608
52507,pop_2,3.210629256797156,3.2218621231390974,3.758373601353616,2.719000899156805
52508,pop_2,2.788169416397188,3.464027146721226,2.9533203661403826,2.968152289211438
52509,pop_2,2.9469374303959626,2.8765566455422538,3.6011580467875386,2.8616035669040953
52510,pop_2,3.393184305728556,2.8660182077922696,2.9649196092074073,2.656675972305713
52511,pop_2,3.560711226325158,3.03025982821526,3.402081077902019,2.5647009568774823
52512,pop_2,2.9010728352283017,3.1713738572837333,3.0079325900541933,2.719462440760437
52513,pop_2,3.3363685002936334,2.9153313735731126,3.4110745397369846,2.7622837253071615
52514,pop_2,2.7308894077468384,3.234432086200073,3.5418482620498173,2.2848419171978267
52515,pop_2,3.6263338902170656,2.6953689001140515,3.392663216296785,3.4181736137823733
52516,pop_2,3.2457413744879338,2.958350712750462,3.5191713804676175,2.8610350051065034
52517,pop_2,2.5036854129445643,3.2197876634053286,3.716432110890059,3.0136130360064506
52518,pop_2,2.9520959496122177,2.578328841908548,3.1678674063884884,2.912942967777217
52519,pop_2,3.002214452044005,3.2233217848938502,3.608291651790071,2.7276095615880496
52520,pop_2,2.971249136618294,3.101067251341026,3.381300981745954,2.979155070088418
52521,pop_2,2.930410465282743,2.634615538179925,3.14318683608331,2.8417528173059665
52522,pop_2,3.3034638361932416,3.1497537722892237,3.630252505016622,2.456184761261688
52523,pop_2,2.9476163773113737,2.8431795870585073,3.6061471889981505,2.6154401450526206
52524,pop_2,2.6731984460863645,3.0332742859365807,2.704746090732482,2.9773280845248276
52525,pop_2,3.0097944147663167,2.8409983230902145,2.7525137509688404,2.9951253769574566
52526,pop_2,2.929966142557805,3.013467656255151,4.035278483053851,2.7648548315160997
52527,pop_2,3.447681807505091,3.0164820256888474,2.8892186780980236,2.6829593256916238
52528,pop_2,3.134360126321093,3.0320867073679207,3.7376544083232144,2.8764233070891567
52529,pop_2,3.3464831967466413,2.8583110070653737,3.1119469383073732,2.5527752668692316
52530,pop_2,3.365736276807566,3.136126586995816,4.056317866296656,2.4455118585349767
52531,pop_2,2.776360758396037,2.838085535036415,3.274936073628447,2.6245363912913064
52532,pop_2,3.040514666768549,2.8499428970125114,3.1270545755235024,2.428296286209667
52533,pop_2,3.036798123061568,3.226506446777261,3.2475253841303897,3.076356756868972
52534,pop_2,3.1548530019095202,3.0600817104902305,3.6960291785819486,2.959747214334158
52535,pop_2,2.867907064364844,3.0118724728532116,3.013464392013056,2.4279034185395894
52536,pop_2,2.1781103371616077,2.932593119439449,4.21198552289282,2.875288264540916
52537,pop_2,2.4474705316012244,2.723189329870529,3.117468651110878,2.7817997598747177
52538,pop_2,3.1959664745476193,3.2144273302233213,3.578637522424698,2.9110429751276503
52539,pop_2,2.581968913828177,2.999074986549161,3.50991638318567,2.9358192375416046
52540,pop_2,2.7023176343610653,3.545591433631467,3.1915511871968687,2.8744255078034584
52541,pop_2,2.9557989157189297,2.5117549584206453,3.3741281408868016,2.596743862647591
52542,pop_2,2.851142179126165,2.939475785576723,3.0459543941795415,2.6498069176647836
52543,pop_2,3.1931519460851607,2.775215554330526,3.3248951187595996,3.085181620055259
52544,pop_2,3.362062114654067,3.4064198748171246,3.5378157827931664,3.000931444448711
52545,pop_2,2.7529726503348666,2.7544189953527054,3.445361223902472,2.810785409832532
52546,pop_2,2.4907167931032186,2.6083494415666646,2.747065571926605,2.6240661636607325
52547,pop_2,2.8341209193778707,2.6555419923227235,3.625955036854559,2.4243954712176814
52548,pop_2,3.1930498564746452,2.9694518465232727,3.464369347317133,1.7516433390658177
52549,pop_2,3.3135498366547815,2.7157693576488082,3.592808880380641,3.1392302672738364
52550,pop_2,2.589389784082247,2.708330669752872,3.7774671119912244,2.760788085814669
52551,pop_2,2.6615310380633987,3.1500071819329016,3.266640755340738,2.851164973776319
52552,pop_2,2.852415264339976,2.843537996531385,2.8524834219630706,2.8526311652969283
52553,pop_2,2.8637016121687746,2.8023947521745365,2.9477336336061177,2.921604712410295
52554,pop_2,2.8469295965883177,2.94018000439453,3.6410859774701025,2.7144230114100805
52555,pop_2,2.888952372478785,2.956690925043254,3.4754372975458465,3.402229782962735
52556,pop_2,2.723967110906462,2.905075090925172,3.6705761981237925,2.542954856546526
52557,pop_2,2.6496596104495684,3.0449790919451005,3.49616706563656,3.0352262491681765
52558,pop_2,3.083840287415073,2.595193314104213,3.0799111228303238,2.56450402200118
52559,pop_2,3.0559624249579387,3.0038874211319735,2.9547002928803003,2.737030917102031
52560,pop_2,2.8196742012451894,3.303686843148148,2.9045654663735703,2.975175912650259
52561,pop_2,2.748058872493563,2.8029119368419426,3.3984059604468717,3.23097474421396
52562,pop_2,2.826934603845035,2.6888178940813017,3.246441664010652,3.370267251729501
52563,pop_2,2.9050306128086603,2.565554827013752,3.3294269380719856,2.6234030481179227
52564,pop_2,3.264325202496252,2.905283621190929,2.805729431567332,2.360371228619029
52565,pop_2,2.4373985487386642,2.707414503389537,4.206475269700171,3.064666071911764
52566,pop_2,3.389040008426745,2.839475922583234,3.32045232130688,2.794889552951582
52567,pop_2,3.281737739458507,2.6639769956548855,3.0044030562364994,2.6002316456711054
52568,pop_2,2.952230758156766,2.7648680704721817,3.281874698462106,3.3974490781406312
52569,pop_2,3.206408385810808,3.1137735775750106,2.9733816891466445,2.7438231533096213
52570,pop_2,2.610990897991031,3.156776559569882,3.704756401814954,2.5967050701402967
52571,pop_2,3.2718008944931514,3.466372221870747,3.3830402651653446,2.263690901910063
52572,pop_2,2.6557929296476637,3.074811905307717,3.421503793549507,3.1952861148068306
52573,pop_2,2.9232861659012337,3.154268244349764,3.2594408306073714,2.712733453400288
52574,pop_2,2.6928114750375363,3.254361096319625,3.1719525444888705,3.2729129224129268
52575,pop_2,3.2522799453726505,2.8008404407143077,3.350036925521175,3.255287666311206
52576,pop_2,2.8914210201677997,2.8138997083791475,2.795503679145356,2.588282897261535
52577,pop_2,2.6727665134517493,3.3545595144687805,3.427639269997768,2.4736103543113526
52578,pop_2,2.753493902447986,2.4480235246804187,3.1626765837829787,2.752564538386848
52579,pop_2,3.075432731030537,2.9007406067213357,3.1420334859785695,3.0664531447203154
52580,pop_2,2.861962170313653,2.754518888131749,3.5390518149469865,2.478356189761374
52581,pop_2,3.2320229205358895,3.360608980133993,4.296046943523714,2.722832986372206
52582,pop_2,2.844231921973815,3.0906790310605237,3.5773751370683913,2.758185332503336
52583,pop_2,2.842046696555567,3.092996327009553,3.7525560088265295,2.433100854835382
52584,pop_2,3.4459140338830565,3.1207716844162245,3.49463330892204,2.8223142619155444
52585,pop_2,2.2146900745004836,3.211326750155873,3.731538743335925,2.6978035089605017
52586,pop_2,3.035380860116394,3.139366457638249,3.397324582701187,2.1579505608943204
52587,pop_2,2.6687982737417997,2.503821508659376,3.1265065854811778,2.461384220911132
52588,pop_2,3.174498128826601,2.793563158439448,3.298971215472374,2.900318027557212
52589,pop_2,2.9038076425915316,2.831111713390431,3.4641904820954665,2.988565128826874
52590,pop_2,2.6144500755214763,2.608368385158856,3.021215423913796,3.2400540712031205
52591,pop_2,3.1477241185148293,3.391404076634061,3.931189265738357,2.8372211413634467
52592,pop_2,2.8365759013693617,2.8881655889654327,3.4506620741769813,2.9326268968957416
52593,pop_2,3.027938819548295,2.82373219299394,3.562529386808679,2.6244231111605805
52594,pop_2,3.1313679406544517,2.551689787844972,3.8269132826192167,2.408967975196248
52595,pop_2,3.545082992323523,3.0822346601729067,3.5263858627998244,2.3208899401475773
52596,pop_2,3.210567103041676,3.2896172527593737,3.5684532918920127,2.296605581581257
52597,pop_2,2.7215005000787222,2.741715255382195,3.2748709383616728,3.482095120427643
52598,pop_2,3.3485173680576157,3.3958444541984076,3.9713362109847545,2.610430353046294
52599,pop_2,3.2240653550324017,2.644386049033353,2.841251943764376,2.729424136102272
52600,pop_2,3.278168536368595,2.835949201035575,2.8391123883374902,2.218744045572698
52601,pop_2,3.20836665058786,3.176239367811737,3.703279480533657,2.7040988905300662
52602,pop_2,2.6131272680513304,3.250485908483718,3.6267415221640196,2.4646851228485573
52603,pop_2,2.4291621507150745,2.8753555986072916,3.063785725122953,2.344576351508596
52604,pop_2,3.0622256021572785,3.263176866614218,4.276227089735099,2.6747229143557183
52605,pop_2,3.161180218152626,3.316414964123281,3.490703537367492,2.4318105491733624
52606,pop_2,3.0426195186689857,3.223826846617546,3.2981652375042185,2.4236716534971086
52607,pop_2,3.0391534788763908,3.1347109925376433,3.705156596696379,3.08656534966054
52608,pop_2,2.787747882012696,3.107166213474292,3.1990257149395545,2.9955715423173737
52609,pop_2,3.014606717657512,3.0651546106439898,3.111531065533175,3.0168786311127676
52610,pop_2,3.0202755327053397,2.6323013619112436,3.102904558199535,2.4303567791289744
52611,pop_2,2.6475032722324987,3.1642054389414356,3.1884685030212445,2.835794597849401
52612,pop_2,2.9311937441808875,3.2170914904123964,3.830631599731293,2.6106096994202357
52613,pop_2,2.738215150095322,3.1935814040266908,3.811631872373701,2.188755703564866
52614,pop_2,2.890803190867616,2.764131780618848,3.0825639093892083,3.448104857042563
52615,pop_2,2.7785472076299245,2.942564174460573,3.2859323194591767,2.6922099455103212
52616,pop_2,2.8226779679008995,2.8076407259408502,3.05129761582181,3.21833948634277
52617,pop_2,3.4234977790330468,2.98500694259525,2.8619123931634354,2.7199804155060545
52618,pop_2,2.62187347188082,2.768676224273176,3.3827565276903218,2.930790620729412
52619,pop_2,3.320521675292321,2.9631191825570076,3.269756265122699,2.6793802952515566
52620,pop_2,3.3159207495568737,3.109439447188227,3.6837642707401352,2.2607525016906624
52621,pop_2,3.0321313613639402,2.760687985107845,3.4025665680252755,2.8172856233417076
52622,pop_2,2.7306339599625464,3.0208770461921373,3.5440852720276066,2.8605897428708515
52623,pop_2,3.2873246338662625,2.703971482277375,2.929093356021967,2.8725467721282647
52624,pop_2,2.9048338799403295,3.147971383654628,3.1532042130864117,3.005396149532369
52625,pop_2,3.179142576482995,3.2969270755177518,3.475302345804657,2.102919965313663
52626,pop_2,3.203546246474202,3.291584184659885,3.6502433354531667,3.132408519503724
52627,pop_2,3.072396764200422,3.011427522708439,3.9640076856523927,2.582494266021292
52628,pop_2,2.8896206693459097,3.186435244120131,3.459980071176954,2.9072594050675735
52629,pop_2,2.943873278153056,2.929582433403923,3.3024140719969837,3.3704284627373644
52630,pop_2,3.2333739016681124,2.995332948540322,3.053523341625075,2.410810938321641
52631,pop_2,3.1590677410676036,3.0151004046805583,3.554528569098669,2.786484217098702
52632,pop_2,3.151192159398039,3.269147364711491,3.509523215603662,2.613254350944621
52633,pop_2,2.754649056193205,3.1325486374756357,4.038832549432682,1.9165573497669806
52634,pop_2,2.8312017217179317,2.9103289239206114,3.495410302944745,2.224112890722401
52635,pop_2,2.4989962765330826,2.9089732022787107,3.1365204957724426,2.902515865371096
52636,pop_2,2.7681295566224735,2.7797889924087578,3.029556182052209,2.4581079872850156
52637,pop_2,2.929478997494031,3.243888319249436,3.2193862099929524,2.8330668574794236
52638,pop_2,3.1567861067495038,2.368532465804835,2.3154126352591002,3.1373447457611063
52639,pop_2,2.8119163149354702,2.9103687945639876,3.7860281394866715,2.9920043111263372
52640,pop_2,2.846257246078071,2.6971275209551573,3.478361915288135,2.763268889333952
52641,pop_2,2.859052155085255,2.5291954191298136,3.369361668635384,2.5975105446540785
52642,pop_2,2.597643224476273,2.8867741869400745,3.9492485129460477,2.5238064312309234
52643,pop_2,3.249608637682154,3.220196083045901,3.6973119055570542,2.385489031134023
52644,pop_2,3.022088686104308,3.012376439314013,3.1826557524923964,2.839227187967121
52645,pop_2,3.0087838452062385,3.0387703930303007,3.686158317242212,2.5192950907471325
52646,pop_2,3.1318716299582996,2.679578267743512,3.2754644635424306,2.6291123868487194
52647,pop_2,3.2278158259854552,3.0962276592832896,3.3072288769664726,2.634145893338889
52648,pop_2,3.0340151218628653,2.7904761174566923,3.4001014774521034,2.6469035087070982
52649,pop_2,2.9210329675154756,3.10975817987854,3.099107783206769,2.8442629133103865
52650,pop_2,2.6818489331818176,3.1304954770628965,3.1475073855336526,3.215448488172943
52651,pop_2,3.177329516963307,3.022223038219717,3.059029446153655,2.768199900601846
52652,pop_2,3.234627487586309,2.7419938036892675,3.334177166554942,2.7421278109610445
52653,pop_2,3.288427252875404,3.496764311576361,3.483150772033502,2.907579960131881
52654,pop_2,3.371498187908114,3.1692949722772785,3.690036071537856,3.159911494350842
52655,pop_2,3.340536184273364,3.329952330946867,3.813950535290467,2.0843135780121647
52656,pop_2,3.1619033407281942,3.0376516623320002,3.2304491851173456,2.4689023228985847
52657,pop_2,2.536418482088263,2.8043872234688263,3.5844513043850497,2.4228270129122036
52658,pop_2,2.913417405209154,2.9141629230770967,3.548554688800249,3.413048342683087
52659,pop_2,2.9127727141346393,2.8122549640914514,3.8760020971975124,2.380879457537689
52660,pop_2,3.1378762884042475,3.0490819853443627,3.3176966325847452,2.1143359029836852
52661,pop_2,3.184952603849627,3.010615578077153,3.249506006179579,2.4071661253765115
52662,pop_2,3.173024551603643,2.911978976963188,3.8600235579010427,2.1980425897823324
52663,pop_2,3.243350797232447,3.2256621928798266,3.349353170991662,2.4258412494566293
52664,pop_2,3.215271768549998,3.167549751167231,3.284772811851606,2.388765770452515
52665,pop_2,2.694506854194323,2.9632520599441605,3.6228320216118863,3.091338985716499
52666,pop_2,2.916541457677623,3.244034709366919,3.6148828975288794,2.200183611907879
52667,pop_2,3.3453758342036792,3.0660393592699657,3.613398084079913,2.8245995884050643
52668,pop_2,2.871454380137803,3.0438091904491418,3.5779817139066084,2.683278634248985
52669,pop_2,3.0057464566698964,3.1274816083208874,3.8410737122082868,2.283103738784232
52670,pop_2,2.8983384158811982,3.28294229452282,3.966493827330421,3.1231798634934953
52671,pop_2,2.4661103569240743,2.817071166703251,3.3354553204416146,3.337337259281251
52672,pop_2,3.430276262172944,2.7469375172707067,3.2426983569595587,2.0984265847545225
52673,pop_2,3.1341439919667122,3.3012296598866806,3.3149269764406113,2.906070875002413
52674,pop_2,2.5839516815068237,2.859078724488627,3.1609852170635224,2.2303197203069662
52675,pop_2,2.9057661829524877,3.211689698728289,3.445010595807034,2.613684467524281
52676,pop_2,2.5325173322852996,3.0287896861802697,2.996630531745156,2.937226157523991
52677,pop_2,2.366407283632052,3.139036765114204,3.1305995432454146,2.603407947736955
52678,pop_2,3.318523389844405,2.8424729848625754,3.274178731675251,3.0012304194508226
52679,pop_2,3.1992289908483267,2.9127924224011634,2.9064013556941792,2.97700474457729
52680,pop_2,3.1511542594580693,3.2454209232441906,3.8370131905377365,2.4628171666343612
52681,pop_2,2.6835257301905457,3.326936154338489,3.2823031474175717,2.9546623187262386
52682,pop_2,2.684693002543827,2.8645692619594127,3.127387908209234,3.294776854689844
52683,pop_2,3.4852687249796843,2.455715960532393,3.28372820557698,2.7890191586020876
52684,pop_2,2.9722149668929227,2.7604407737889556,3.259743527732379,3.1624934810038496
52685,pop_2,2.6993333046255956,3.100067388936499,3.4126290138122264,2.6479292766082203
52686,pop_2,3.1860492457538947,3.0050103918965743,3.438163631283992,2.564255660380147
52687,pop_2,3.069038461058751,2.6821577228408313,3.4435473253577356,2.787130949868969
52688,pop_2,2.621085059045347,2.863446980091769,3.3769006871128684,2.8439293678720925
52689,pop_2,3.060798691250354,2.883045522603661,3.8189287266741876,2.7234690368434
52690,pop_2,2.7290611891688634,2.629231882219897,3.3842000718560317,2.607948349215743
52691,pop_2,2.8341725129381476,3.085555761545916,3.201629107670019,2.7818195895943574
52692,pop_2,3.1757066434870302,2.754224553404132,3.755260886612172,2.781921514694039
52693,pop_2,3.2553855353249004,2.888681606336819,3.1657745816488276,3.2274941884068618
52694,pop_2,2.9078824315901,2.9730983681706515,3.3034644069931733,2.7296249056385316
52695,pop_2,3.101519786075417,2.6262254291256975,3.3641483272796737,2.8808665253358634
52696,pop_2,3.2387351474784216,3.081459678422694,3.8519330822996096,3.0208003677235595
52697,pop_2,2.7020801078785346,2.7545673155596964,2.879280511669372,2.700905314269142
52698,pop_2,2.8959272890472154,3.0958669643165138,3.480006148921696,2.906364004221258
52699,pop_2,2.9637863489744163,3.0910332054813567,3.6481648320389284,2.7328207160349685
52700,pop_2,3.354603345952417,3.088382665077072,3.606800216319882,2.594949312395124
52701,pop_2,3.149672402470052,2.7478940726413414,3.104102059348902,2.425447349500158
52702,pop_2,3.2959904913601936,2.7396995088692244,3.482858889221381,2.2977806253903514
52703,pop_2,2.748602306892098,3.1780441424901,3.246857388540052,2.45512438802073
52704,pop_2,2.424365175584939,2.6042976216673837,2.921901127183607,2.779898412255546
52705,pop_2,2.892233463017451,2.5134863219694834,3.6708688307680526,3.0505074278988435
52706,pop_2,3.052275472517372,3.1172638285884275,4.076501766735049,2.3131873903064606
52707,pop_2,3.0268620323148503,2.5771509688920498,2.990226131160415,2.9649327071209433
52708,pop_2,3.0704786154958543,2.691857880254588,3.154243802432852,2.4643738855793367
52709,pop_2,3.1222848085108583,3.0621933376155055,3.7032488942853257,2.4704155709626043
52710,pop_2,2.9143246591149574,3.23940138463721,3.4119009636451954,2.707539930236611
52711,pop_2,2.708125281910708,3.4208635797415683,3.0734774317060545,2.2811836334086983
52712,pop_2,2.596828248010556,2.7820913840842123,3.8604606119838856,3.01479420220623
52713,pop_2,2.7562485545147433,3.1012045003532993,3.997045105469317,2.8677338432403077
52714,pop_2,3.196366373064126,3.109931558225136,3.3582075258382926,2.805589115766
52715,pop_2,2.701198203152378,2.560732472398809,3.1264984300876586,2.6504981753591883
52716,pop_2,2.6084617802296495,2.6242840023150893,3.430253531391478,3.247351133673516
52717,pop_2,3.292004674617992,3.09699061484783,3.509780417913838,2.81150693541694
52718,pop_2,3.2162205728341755,3.2303001502290285,3.5139990573837516,2.7998528644035527
52719,pop_2,3.284576064536382,2.686936595620847,3.116815631191743,2.750305677764405
52720,pop_2,2.929472741901781,3.090158077782451,3.5526867594580547,2.626195669289507
52721,pop_2,3.3635047661997537,3.0199877544009883,2.9963466837580297,2.8236538116145233
52722,pop_2,2.8745385749046846,2.7753122876434397,3.4705553790598085,2.411395123890254
52723,pop_2,3.052521296560486,2.7947181963708188,4.081174313642869,2.973122643520054
52724,pop_2,2.901096702338292,3.0988704036002064,4.0549356251565225,2.6254266988731847
52725,pop_2,2.959816690365823,3.401561281464688,3.6145344580171797,3.2235192774667905
52726,pop_2,3.2384668035201054,3.5615702597494585,3.3327258677287794,2.733831620747139
52727,pop_2,2.8133134192672373,3.0591218259884307,3.5750084261145036,2.5754806167712996
52728,pop_2,2.705441470636992,3.38733204687771,3.1227125237551716,2.652577827020028
52729,pop_2,3.186744572167172,2.6947037241677987,3.0675707378921517,2.6983900239441363
52730,pop_2,2.8317207374100226,2.58160722976222,2.772965176194736,2.799197570409592
52731,pop_2,2.9478964766715294,2.9065032719886243,3.4577307993420088,2.7581781301258674
52732,pop_2,3.3955779790184306,2.5803574042152495,3.375035618275241,2.8164250460946882
52733,pop_2,2.972319299858539,3.218471517657187,2.850353949598638,2.1843399960708014
52734,pop_2,3.0333043259386048,2.7675246799538296,2.973399457901144,2.957656522417466
52735,pop_2,3.2645808024849257,3.195179451918462,3.3987428555934653,2.133883310246251
52736,pop_2,3.0658197914254455,3.1387002673907047,3.5960161062268763,2.3803876339758663
52737,pop_2,3.5459808930226426,3.283909537784351,3.352125438650853,1.668538561527819
52738,pop_2,2.591461831238245,3.3173166422753084,4.223057364958536,2.5899987454918456
52739,pop_2,3.189753321459859,2.6790260537633697,3.2666376496511482,3.252843832409874
52740,pop_2,3.253675103027584,2.8657728834426126,3.6117698447833213,2.2699567070959903
52741,pop_2,2.677691041295331,3.4140513942284842,3.292187172914273,2.605339387962086
52742,pop_2,2.9627802506942396,2.7690964680443537,3.3372157906204745,3.146406264268332
52743,pop_2,2.825599075771977,2.9628330767288857,3.8892730699982296,3.169691635401307
52744,pop_2,3.457382558249898,2.7120529892794023,3.222481728412363,3.2282850665518144
52745,pop_2,2.5741847275864056,3.452409842372732,3.4515212062581333,3.177420074555696
52746,pop_2,2.797374258807146,2.8413480054689315,3.5100177686278125,2.5649120737032582
52747,pop_2,2.7160865185312777,3.250992086736182,3.9689610601755554,2.8228641955658706
52748,pop_2,3.2221092225101526,2.984720953182709,3.086546232646487,3.021375673090074
52749,pop_2,2.468845044124298,2.8347301418529187,2.7485867455555426,2.8527600468670236
52750,pop_2,3.1205727977735984,3.0876606033427034,4.108853797586796,2.2053676006745824
52751,pop_2,2.720117136167692,3.188324111115517,3.3411397352212475,2.8688460229020736
52752,pop_2,2.9620590852895305,3.175602435514025,3.9410271588515946,2.6134013215632534
52753,pop_2,3.2958387247139367,2.601630427261718,3.536315090709319,2.9839255647251943
52754,pop_2,2.9185270086665005,3.4126503981526795,3.216005390203229,2.7948450230670447
52755,pop_2,3.3502257304787557,2.9735863812523933,3.6318645310982864,2.6418905138590225
52756,pop_2,2.7792864304486202,2.749681425157906,3.684256519803842,2.66588759993746
52757,pop_2,2.582004546586259,2.960236505206422,3.0303485142066546,3.0695472429538926
52758,pop_2,2.927551649568529,2.9175240151687105,3.044585872702939,2.7106808761707986
52759,pop_2,2.658579381444859,2.99599883359681,3.591306209212801,2.633291100034068
52760,pop_2,3.217633382549064,2.7261953487429036,3.4098151004013553,2.4276250815864553
52761,pop_2,3.0919296761981343,3.1666738574599713,3.3637430817975646,2.0096978249529
52762,pop_2,2.781970313073412,2.5645560037689825,3.1868290847389247,3.0881712811789486
52763,pop_2,2.743012632208529,3.008516319705921,3.3070938389251943,2.403069357145479
52764,pop_2,2.768085245286424,3.0269962892945763,4.655205746656218,2.5988643408858385
52765,pop_2,2.8515618702698684,2.4633578572474546,2.9258938852206224,3.346767278365243
52766,pop_2,2.9181681472244136,2.860484315833217,3.6425382264284543,3.1549076119091253
52767,pop_2,2.7126180423041433,2.817001380472447,3.0354561452780953,2.412322398396989
52768,pop_2,2.8597338783071726,3.470445554534376,3.407034264027634,2.829790665444888
52769,pop_2,3.04752091449576,2.668793408874768,3.0887244975756474,2.4257181684775615
52770,pop_2,2.7068470053104363,2.978917455079073,3.2336473557337087,2.3667727938132392
52771,pop_2,2.9224067844163417,3.3752121070567878,3.521003651010126,2.437155030083837
52772,pop_2,2.8160148179919937,2.676554557419711,2.9144554629644412,2.4163107407858027
52773,pop_2,3.297790520238748,2.622003291275016,3.850470812933852,2.381251954503276
52774,pop_2,2.934611983625915,3.164528331059162,3.4202170688048232,2.5761853524464993
52775,pop_2,3.204760115348207,3.0522475519385006,3.888237813376801,3.1019833852265544
52776,pop_2,2.8320605769095653,3.1452933774953746,3.062150791790811,3.008043826150611
52777,pop_2,2.8775329436342814,3.317139471674681,3.9421458882877816,2.3603616766218054
52778,pop_2,2.9074922041117155,2.7999944843190074,3.3814323111778446,3.102089087172355
52779,pop_2,2.788507569989303,3.136278742334164,3.675876428773046,2.461203722523053
52780,pop_2,3.157631349776118,3.324414042061594,3.6262340382066225,2.82715927047405
52781,pop_2,2.859736323910252,3.0597052514082264,3.6234150323526584,2.7863602744583464
52782,pop_2,3.012462134915717,3.1719114469195104,3.4469111516579383,2.3671331087315632
52783,pop_2,2.9548141018062832,3.2234226707933233,3.695467500486414,3.185770706785275
52784,pop_2,2.500873833560296,2.9484934822320947,3.2278195356948416,2.7679011177504806
52785,pop_2,2.632192734432292,2.644497656367532,3.1175433409569537,3.0593282073661334
52786,pop_2,2.8249602562806753,3.049351194417548,3.3777813915052373,2.597819427988854
52787,pop_2,3.3279071382478103,2.65880629712742,3.580844837308358,2.841978600266745
52788,pop_2,2.9369520255695396,2.7698406085154907,3.268682374219812,3.219085625714052
52789,pop_2,2.6294579383224006,3.4161333651935974,4.0044113507772385,3.036564025009187
52790,pop_2,3.1551961978548313,3.2088116510198943,3.2678569446594286,2.6149806593740403
52791,pop_2,3.1272261887040274,2.869163406641302,3.5516111933982346,2.1436341019032135
52792,pop_2,2.7519715321746596,2.6433874087066673,3.6134231028818737,2.7010792748337025
52793,pop_2,3.0887146955400704,2.873043341587007,3.264927952915821,3.0281185162030413
52794,pop_2,2.8458754237445776,2.6657449494456524,3.407993967494905,3.0139402613378823
52795,pop_2,3.2455388262220564,2.6995118023479847,3.6348507312687492,2.8110346571614198
52796,pop_2,2.9544210104572506,3.1573957073198113,3.3721373908236174,2.8964337035096843
52797,pop_2,2.8834315018228724,3.2164474752448946,2.425407838333055,2.7476950865334593
52798,pop_2,3.139878056177437,2.731364210463827,2.9322240446759493,2.4903646313094248
52799,pop_2,3.413430849972526,3.193523772233475,3.8032807220339713,2.652821972808683
52800,pop_2,2.732188718337093,3.4166732732203906,3.6491536594455263,2.7748625520794863
52801,pop_2,2.9475792927822337,2.518665864755358,2.682889609277152,3.1620297149315646
52802,pop_2,2.794958611588129,3.1294676679780915,4.283046265314846,2.7504241941972403
52803,pop_2,2.932893781768174,3.016590518834922,4.1456871717699775,2.593498555250814
52804,pop_2,3.1120375836012064,3.1592982111195345,3.289361309315308,3.066020576167476
52805,pop_2,2.9612116421980343,2.9293381689770346,3.2027763537484675,2.3991754477973295
52806,pop_2,2.6797864309622175,2.9632690493643854,3.5479512627643137,2.8504643793653788
52807,pop_2,2.548635450427562,2.910343714009376,3.008306136583463,2.760567600591785
52808,pop_2,3.247337526274064,3.319884456873291,3.402064666620195,2.457206939612005
52809,pop_2,3.070943658522768,3.0744889886774525,3.5367907443019737,2.569982250351561
52810,pop_2,3.2130959947459337,2.4143175571491056,3.292064572749845,3.252529836084884
52811,pop_2,2.9295054569432453,2.7981166428893856,3.3934856455384854,3.0372674364904704
52812,pop_2,3.234375038432845,2.897737542654821,3.3183162121795866,3.3855004100903376
52813,pop_2,3.185760595399485,2.911816105030892,3.3728239815057726,3.3333006436070987
52814,pop_2,2.7959588043122316,3.0477990760718496,3.3094666748928847,3.182085165402666
52815,pop_2,3.1389983623489823,2.7960151602127206,2.654192246908233,2.895406352921891
52816,pop_2,3.149712322791479,2.986080270198321,3.5112547161241885,2.9792985159210197
52817,pop_2,2.7110028220504327,3.147561223420217,3.482953452348772,2.9982308767274275
52818,pop_2,3.171522323184132,2.891932285683784,3.1616713672201677,3.2111315124031563
52819,pop_2,2.428442472484758,2.877929901556197,3.5109432599446615,2.927723655326546
52820,pop_2,3.1553608053314632,2.8498820880940925,3.42817366519456,2.7935090019726876
52821,pop_2,2.572615485856834,3.1448945089542506,4.29124318368393,2.8440746321745705
52822,pop_2,3.0804245564929755,2.876216850573918,3.3972189488266364,2.414973251139295
52823,pop_2,3.1299908480923975,3.2328738304784372,2.840713498729936,2.318958703745937
52824,pop_2,2.6922645441480713,2.9490943623223687,3.2478384331352306,2.9024041269464758
52825,pop_2,3.031533708993362,3.1964904573376347,3.0733122079714796,2.862520671836794
52826,pop_2,3.226456489077158,3.2839269386665038,3.855336644939915,2.616639358098871
52827,pop_2,3.219003682457585,2.4889048679634764,4.171215838153909,2.437375171698937
52828,pop_2,3.2599572261989342,3.0597925185828796,3.016093179155104,2.797835731086662
52829,pop_2,2.9577548982884014,2.9003041810572303,3.095062925992356,2.6881253859876773
52830,pop_2,3.1957740884244714,3.2421419502051276,3.497775717254776,2.2992276920010433
52831,pop_2,3.1162643596619004,3.0284045198846035,3.485377018759132,3.230261210045839
52832,pop_2,2.821512569602181,3.147399307757302,3.250423087732027,2.6086762664673304
52833,pop_2,2.8706191980137463,2.6663681279878904,3.5014690210748043,2.1683041337572657
52834,pop_2,3.0288179078058293,2.997512140027645,3.371190459282419,2.8706245624675266
52835,pop_2,2.9468602273111557,3.0082248199248958,3.7065725735398436,2.412990413853065
52836,pop_2,2.8279464622619828,3.443003894577777,3.774816843758027,3.1486957884604303
52837,pop_2,3.2507962391258336,2.9119200309427287,3.2544574957268733,2.4014325092375453
52838,pop_2,2.919920614996487,3.1698591816872193,3.623687453603692,2.593078236049222
52839,pop_2,3.498985150003898,2.9386069691064614,3.5843529327055204,2.8216374632276313
52840,pop_2,2.755221982634414,2.7861777942798622,3.4366438236270156,3.257889564656694
52841,pop_2,3.140599141632513,2.8253162464326054,3.797795894628412,2.6878534710611586
52842,pop_2,2.7534035140909685,2.997602215360381,3.2935064525130695,2.994581598233713
52843,pop_2,3.021015502626959,2.914683503236417,3.9596902541319814,3.1656020540427163
52844,pop_2,3.16752383347803,2.798274929372411,3.613546911901714,2.6515473449385523
52845,pop_2,2.8947805647041642,2.7649270932776275,3.0962886005227923,3.059015061444794
52846,pop_2,3.280500101295358,3.279832432705129,3.5286424147206508,2.0508155738457727
52847,pop_2,2.8702143943290843,3.181117882404863,2.8220656034151848,2.8217757898149616
52848,pop_2,3.1380827784168877,3.18300244699719,3.1071001866362318,3.34592095727567
52849,pop_2,2.973825192899638,3.1852898278542083,3.3519209682842863,3.5563921424847766
52850,pop_2,2.9191877189505018,2.722112414043458,3.4668952350660525,2.401962824239005
52851,pop_2,2.977592098713368,3.212922194947507,3.5578571067314027,2.895651101151004
52852,pop_2,2.892689055311308,2.980472453970228,3.1919132066421447,2.525624541715059
52853,pop_2,2.893526103430248,2.8798383307698208,3.7796809178793436,2.712536206205735
52854,pop_2,2.704705286507395,2.854262369459427,3.347504842857629,2.5696449952491736
52855,pop_2,2.9423034429354913,3.4414961122164645,3.4520174822017555,2.529633928610162
52856,pop_2,2.927194177540696,2.9808324685383667,4.170281054968544,2.821929522294808
52857,pop_2,2.8737162572510595,3.3914374958438276,3.5125846022754286,2.657796446775295
52858,pop_2,2.9652853505869907,2.92179292069938,3.5534192331025065,2.7418926107441597
52859,pop_2,2.947892735043674,3.1982624791861256,3.8674676024982833,2.938688236726822
52860,pop_2,2.9619957390271288,3.2684646076675157,4.3079034331867385,3.1841465098338246
52861,pop_2,2.7720292513192875,3.164732836150023,3.5412822968501647,2.950899873366759
52862,pop_2,2.9984930490385886,2.600867809437016,3.707682207438357,2.8048374047652804
52863,pop_2,2.3350042118645615,3.1343696323226213,3.631639660610626,2.8410895171179633
52864,pop_2,3.0404057797950124,2.842332858530772,4.2159181595926105,2.323541455003649
52865,pop_2,3.028316963670423,2.979045846765154,3.1582678030215883,2.870051707176187
52866,pop_2,2.632632123745612,2.921924768212706,3.355879965836333,3.172384334938789
52867,pop_2,3.074053077068107,3.3519704527394616,3.669253405895141,2.8992211268606494
52868,pop_2,2.99989460889404,3.305548866305892,3.7043425388999993,2.656152312596385
52869,pop_2,3.2048791824754237,2.6488453611625906,3.5481331303300863,3.0991858099036462
52870,pop_2,2.9869804242553606,2.8070504712683255,3.954249565766657,2.5319455270551163
52871,pop_2,2.4431447698572892,2.8947092808205226,3.299121268868769,2.7601444574100755
52872,pop_2,3.051532301987787,2.666437923345806,3.19954997177416,3.03263091810179
52873,pop_2,2.704596592983714,3.312106184186975,3.608677844597051,2.8494115268129545
52874,pop_2,2.6740377485597118,2.783724474409318,3.0695573573534674,3.117491997375167
52875,pop_2,3.0470942531561342,2.8947964094178062,3.64141758637483,2.2436764790934487
52876,pop_2,3.1099725485868164,3.3087162834369668,3.513437751083829,2.8209767027655452
52877,pop_2,2.606842271031382,3.091183621511832,3.463856983653853,2.8381947266925858
52878,pop_2,2.9069781749425605,2.653057381991291,3.4565463573287825,3.0266134509027247
52879,pop_2,2.6803288994359087,2.9086044147561605,3.287743864624289,3.0523162780597994
52880,pop_2,3.3516256185621227,2.6553018332861087,3.2972970853461416,2.8046587352738523
52881,pop_2,3.3255760393450084,2.8382578336190174,3.813597460008964,2.7406027353603952
52882,pop_2,2.7072135857570045,2.967100996112908,3.5552268603921426,2.731495815400786
52883,pop_2,2.7088472947070072,2.62084743971099,3.1305774745527546,3.511502034773739
52884,pop_2,3.1429163164572738,3.0150024472504984,3.6261785331643623,2.220030316879936
52885,pop_2,2.5315215121802375,2.776392233762106,3.4176678954707325,3.2788743190439753
52886,pop_2,3.268273594877608,2.9510676433404437,3.555255186988498,2.543102284211886
52887,pop_2,2.8739102345290637,2.948769813671963,3.6833701920141846,2.89796906489292
52888,pop_2,2.7139601568560416,3.5988410302942975,4.101698255898133,2.6225403310169053
52889,pop_2,2.952739586752036,2.8763072060471493,3.557296877267014,3.2454756920384016
52890,pop_2,2.8525878675256386,3.1407834878234113,2.9386981282794284,2.956929790783589
52891,pop_2,2.6044865067347014,2.739520742214326,3.164186237483004,2.948452131925782
52892,pop_2,2.6082534252723373,2.7907457522036805,3.036322601436756,2.7771709141023257
52893,pop_2,2.889183360154053,3.061792663796829,3.629995922108872,3.384942005247945
52894,pop_2,3.12282986257936,2.2123014708507887,3.3018500559669284,2.893529847109144
52895,pop_2,3.068341868289581,3.1306350147328588,3.297005038775828,2.631765517355273
52896,pop_2,2.5591851334678,3.0998654071070884,3.6680123516934775,2.5722597509372154
52897,pop_2,2.872270395198813,2.7921313593773993,3.698087833387367,3.099635616203561
52898,pop_2,3.1118170451410627,3.114016756083639,3.2292535486965215,2.56481876204054
52899,pop_2,3.01674288304185,2.970942784828043,3.2975744621020264,3.06588134636735
52900,pop_2,3.4798966024221314,2.647484968849569,3.0700960421369383,2.691912447690743
52901,pop_2,2.92669521195833,3.341838482659971,3.3445916036710703,3.276123509277066
52902,pop_2,2.6823187024383324,3.0118483448201476,3.7574716208926677,3.082556362406208
52903,pop_2,3.1937362979538224,3.2243940687038073,3.212619106297569,2.491086618896367
52904,pop_2,2.9198658911105584,3.117453089329075,3.5291526718803428,2.4872908111544727
52905,pop_2,2.9158920869168545,2.8597740751459475,3.1536382354254946,3.245671054943153
52906,pop_2,2.9195321496278632,3.2266455867039574,3.5490787680835805,2.6129985882794666
52907,pop_2,2.791305028036863,2.9130269691304322,3.53327167229018,2.5697057861856307
52908,pop_2,2.91291663614004,3.0146992707346403,3.865691005635282,2.7541328041839974
52909,pop_2,3.173444828518996,3.237290325810838,3.660627583064856,3.1394702194409465
52910,pop_2,2.8224664189381947,3.07159967407516,4.031487988741233,2.5840845294728716
52911,pop_2,2.7663045609030177,2.8357035694080213,3.597383287312369,3.207676236693108
52912,pop_2,2.775936476635405,3.1427353117643717,3.4398149038409143,2.57534884817594
52913,pop_2,2.810428891917824,3.363786823163789,3.6989954481744065,2.942567521530718
52914,pop_2,3.0585690356856987,3.186232051822917,3.6350435674189345,2.54984479895826
52915,pop_2,3.5055232599259964,2.9209426931428855,2.907922165467021,2.7855560203927534
52916,pop_2,3.2483990066152093,2.7936905841643247,3.8823644938923354,3.111518337593968
52917,pop_2,3.2264459129475926,2.7745866890671294,3.6201721934706956,2.560956476873929
52918,pop_2,3.184463175276895,2.9948165747883944,3.152844511643731,2.672013649444464
52919,pop_2,2.832110097731871,3.1630521087268844,3.4456214737383615,2.3016732260910895
52920,pop_2,2.887408758747703,2.6918508623703405,3.207218210619921,2.957029164976822
52921,pop_2,3.041252181847306,3.1587953862100626,3.4648511563219864,2.5124324032682126
52922,pop_2,2.649360603706485,2.859130981628893,3.90478595224565,3.2621723918816365
52923,pop_2,3.0138940173673943,3.086609936187871,3.1862691721199017,2.6812586211499165
52924,pop_2,3.357428688201055,3.007140895868154,4.030277469047608,2.351134518249382
52925,pop_2,2.927230417315139,2.9655735564830428,2.766817891160024,2.3936399760048976
52926,pop_2,3.006772209023876,3.0656522939550452,3.327858079716995,2.267748336075049
52927,pop_2,3.209328182526149,2.8169336497745414,3.7052425252147176,2.750835055967396
52928,pop_2,2.566896905237607,3.0082769215362917,3.537059937412308,2.5347978429577354
52929,pop_2,3.2340989055003333,2.8714912815214797,3.2976408555777423,2.6986198798713885
52930,pop_2,3.042618906710075,3.1642192706394496,3.6095800979468224,2.416181709683456
52931,pop_2,3.2536832744399575,3.006862590755993,4.057818374933463,2.776890867926781
52932,pop_2,2.7206858200301087,2.8947004032093586,3.2344811778279907,2.4841219831460064
52933,pop_2,2.982186889916067,2.5915968040164086,2.610840900013901,2.831841914585952
52934,pop_2,2.8907316994959222,3.309141358771562,3.568908479917526,2.288290994845015
52935,pop_2,3.2412499499441867,3.4298100006797663,3.482350126428651,2.3531126154952813
52936,pop_2,2.895844962148334,3.352811251225339,3.2401812539881902,2.6044557047797854
52937,pop_2,2.9565916826136367,3.278667182885964,3.833012693642614,2.6804877254662554
52938,pop_2,3.274323368665251,2.9382412498253374,3.625400382528771,2.6485919055359695
52939,pop_2,2.9743493379673858,3.331126021564495,3.90649431293314,2.8691688458377462
52940,pop_2,3.0689824279811457,2.9467020900883365,2.9748487764958518,2.9149711598939687
52941,pop_2,2.576030459167107,3.2032195052211714,3.4598932770427258,2.9517133960503954
52942,pop_2,2.348290709703476,3.148635942099944,3.772390701465566,3.1272771213074293
52943,pop_2,2.7961984339762007,2.802531430283367,2.9938016983182374,2.661689509417804
52944,pop_2,3.5832158506739376,3.0376133896421815,3.412585216825055,2.4419487390854315
52945,pop_2,3.1020235379816636,2.9890259202454,3.7301740712019087,2.7657688235074462
52946,pop_2,2.6702701851090618,3.0639575898470786,3.686493626687028,3.0612155196323143
52947,pop_2,2.8081799238841367,2.793354424462413,3.186669790821097,2.315748270325863
52948,pop_2,2.66793889338578,2.921152824728605,3.5705490675666463,3.1597792031153267
52949,pop_2,2.9468360991506164,2.9301696091169,3.6236216005728172,2.8414352476603653
52950,pop_2,3.2114487864871526,2.795417439571948,3.0145375743469494,3.185410896448497
52951,pop_2,3.363786701328826,3.180939246565364,3.91252680695589,2.63118354519887
52952,pop_2,3.3117119386699514,2.772679817771179,3.5335397830505975,2.7845182601155383
52953,pop_2,3.026876522820226,2.9049538758297957,3.303830337833132,3.068006354422135
52954,pop_2,2.87417711586713,2.972109118043131,3.3683111605993297,2.8456283888597333
52955,pop_2,3.019981098545586,3.2694868853680323,3.044238824993129,2.482963063540998
52956,pop_2,3.2637423585677583,3.0042277295845663,3.1899985613058677,2.938845536279643
52957,pop_2,2.960574513817933,2.6184941211472386,3.297936749641182,3.432492932611078
52958,pop_2,3.389100864331607,3.2694497944541365,3.6758438701796567,2.1653263664570144
52959,pop_2,2.8246328240857648,3.5394459934896334,4.057618356232168,2.938028747439563
52960,pop_2,3.0397590393990463,3.195429571576062,3.5461857525672857,2.7662549749155763
52961,pop_2,3.282598993494392,3.0834794967060355,4.26755629136385,2.4916028256036493
52962,pop_2,2.754772397129897,3.2206367412264925,3.3301085190541886,3.118860906560543
52963,pop_2,3.109139163749005,2.931968620767819,3.8276980130823475,2.4566810894377333
52964,pop_2,3.132582162254625,3.0661064210932687,3.28354813726602,3.022820569011405
52965,pop_2,2.739334994208455,2.967648039395834,3.2942860810285732,2.496612414173996
52966,pop_2,3.1932955304856008,2.872935023259986,3.2596588063939094,2.8657899554627875
52967,pop_2,2.6337896366687463,2.950854850638326,3.52932190356914,2.05402469235116
52968,pop_2,2.7768995244473693,2.9929148267219823,3.5096144941069243,3.0306998404802767
52969,pop_2,2.5673919161566494,3.198840622003291,2.9785669615847286,3.254677057062056
52970,pop_2,2.6195224450520955,3.1051818276178036,3.54676836353699,3.296452003754044
52971,pop_2,2.945267175034306,2.607713986782455,3.650216028413256,2.8159045015061075
52972,pop_2,2.46628669012065,2.4834636503022773,3.3709576752307013,2.961146139463256
52973,pop_2,2.840044852346157,2.74302998364287,3.360511327883787,2.776391729284788
52974,pop_2,3.2518557377735164,2.8597347530600907,3.2982787638326636,3.1053184740880435
52975,pop_2,2.8287736491576205,3.1235401303363437,4.199916169615387,2.3498410154966267
52976,pop_2,2.8596040766660615,3.062205691529007,3.403559958019172,3.0384516799075003
52977,pop_2,2.994976211362672,3.196122945167075,3.4524715859714044,3.035871512511944
52978,pop_2,2.6834372364430497,2.925520914321756,3.3458934786141055,3.0255717834789504
52979,pop_2,2.958351784884458,3.2411321413552154,3.2519353230025088,2.9115795673299063
52980,pop_2,2.3739902680582112,3.0429388758259694,3.944784770081169,2.5047942257477813
52981,pop_2,2.065407914270833,3.1673492824968488,3.978962744255394,3.288631306820169
52982,pop_2,3.536887381425954,3.0383209340603767,3.0531018034825212,2.5978642616012873
52983,pop_2,2.4783891891812013,3.0365457894573384,3.579933360898891,2.164895213649647
52984,pop_2,3.3147974778943294,3.022652793139882,3.514155515403702,3.258105569938827
52985,pop_2,2.4145027020233556,2.8158196674746123,3.3301165296581536,3.1157814323988453
52986,pop_2,3.0106407400643254,2.939711616188846,3.405797173887248,2.318494709976781
52987,pop_2,2.738558217104352,3.212608231141688,3.6550537258469524,2.792738722839674
52988,pop_2,2.5349740765982887,2.785151338516324,3.3369640897234443,2.255161753976465
52989,pop_2,3.1058912128686007,3.1461546712201383,3.5685330215026556,2.9285630692434887
52990,pop_2,3.1607474582057398,2.633348611902428,3.3870000667606797,2.368199388391314
52991,pop_2,3.0977515618904605,3.089139619643756,3.360751281662729,2.6191774569192616
52992,pop_2,2.843696975644776,2.552641440851187,3.78028073049508,2.3414916020041545
52993,pop_2,2.393479764330612,3.4563690920809202,3.532933652697676,2.596929716300254
52994,pop_2,2.842975497552529,2.8588008255113815,2.738592390442066,3.061878353400931
52995,pop_2,2.9984253354656616,3.0315330792885153,3.2382407757711893,3.234677138676932
52996,pop_2,2.90284150939683,3.15874941347878,3.692240601891134,2.5109227353912975
52997,pop_2,2.273887151236188,3.0166050691636075,3.965338711115342,2.797595805933833
52998,pop_2,2.9817763013371885,2.944230636854754,3.5250412172822383,2.5228818303709715
52999,pop_2,3.0097304625556465,3.1008193949107397,3.5937602743418227,2.0951836234669377
62000,pop_3,2.981864935852313,2.9251834702075326,3.2150699433369003,3.4051828329034404
62001,pop_3,2.323884894949971,3.5153176417893963,2.9270580965483406,3.2016943668836726
62002,pop_3,3.3214420400830766,3.43670654959747,3.3566064600207044,3.0484493195794733
62003,pop_3,3.0483316357477683,3.487983837963849,3.7395903648037336,2.728457230643954
62004,pop_3,2.758366616556116,3.3130035274828695,3.31974191825928,3.2459026584610133
62005,pop_3,2.8267132293842523,3.2908315795800513,3.735143930914962,3.1200350733666387
62006,pop_3,2.865066584162457,3.336128403237078,3.35382941718685,2.8818051423994486
62007,pop_3,2.4077195501965667,3.1579624776585495,3.1866420281599233,2.9246560480330537
62008,pop_3,2.9528650437122517,2.643595276037567,3.4796225387426083,3.6610167875487445
62009,pop_3,3.0215218760301346,3.1037191590788984,3.5923827574885983,3.2147978804146407
62010,pop_3,2.857782937573703,3.249822286741372,3.5276834419982004,3.0468066385086803
62011,pop_3,3.3588970027523533,2.9310411335233906,2.9190327425626434,3.0334054703000657
62012,pop_3,2.8576642793154,3.280598339503186,3.581086882007372,2.6514032834909016
62013,pop_3,3.154716202059229,3.225129161520809,3.3180713418207,3.0221005173189215
62014,pop_3,2.813778943985942,2.7785607064452136,3.2906685975548884,2.90568989168957
62015,pop_3,2.8931490726469575,2.617374429472778,3.00150956793062,3.3621475294561534
62016,pop_3,2.742463738072225,3.2835477870046716,3.0985491834574397,3.4188956191562174
62017,pop_3,3.2013633422251355,3.4598052936575425,3.505206433609661,2.846087829435319
62018,pop_3,2.6973993762571857,2.9116426287350814,2.872413362024615,3.2427130878811083
62019,pop_3,2.7637670383962765,2.6323007353701273,3.384252694461957,3.6131077587708798
62020,pop_3,3.099100897342985,2.380766521690478,3.5899941254308274,3.385320229042008
62021,pop_3,2.941456897949741,2.603066878461301,2.9562186982776826,3.240442552763721
62022,pop_3,3.2809019353682816,3.028996062318021,3.4479852752803772,3.21973235434481
62023,pop_3,2.3938944101588784,2.8172653617095627,3.4822833288871147,3.668799607064913
62024,pop_3,2.7311162361839347,3.255556774472381,3.132085631923836,3.051099230407711
62025,pop_3,2.954437233727183,2.9437967289048523,3.181724531171095,3.1698816288768104
62026,pop_3,3.013817650888585,3.1469535921333702,3.0148795058698052,3.018567573456677
62027,pop_3,2.6735214873032596,3.355969651995992,3.4211205710287897,3.0988334803949953
62028,pop_3,2.9153023712157538,3.2145662990331862,3.1071389269638328,3.107966864087347
62029,pop_3,2.5692000028581985,3.3293987611504923,3.7672922494723386,3.7348235388478117
62030,pop_3,2.9382981580310177,2.562624427164149,3.4614203256941787,3.9443900284258055
62031,pop_3,2.8470022099813304,2.956523908734003,3.0431038626312095,3.5363114113605003
62032,pop_3,2.871907649937563,2.6337374160466593,3.357690473625715,3.650728416186516
62033,pop_3,2.7302707424879284,3.4233148758007266,3.315628955043724,3.4608298392541723
62034,pop_3,2.4865425725209866,3.1206226105108263,3.137120289935241,3.107617208957593
62035,pop_3,2.7224768389456635,2.653442752473166,2.8544951586603555,4.142966790038625
62036,pop_3,2.7827373645963247,3.023701623782488,2.9411645088780314,3.3954306844444244
62037,pop_3,2.9217309829450886,3.2651547550605478,3.3251760911538124,3.07893738062706
62038,pop_3,3.2312387259703415,2.8049314205315112,3.2481085104617637,3.6876476467240034
62039,pop_3,2.9785962769207983,2.68747062504124,3.3116106168335158,4.0095625473356655
62040,pop_3,2.579063227087301,3.010150623670312,3.336163377199547,4.258521109560326
62041,pop_3,2.989488461481743,3.1923517622712043,3.3396756009376163,3.3514550462678367
62042,pop_3,3.049155347567981,3.3314555230516905,3.3958642258666387,3.20934877022804
62043,pop_3,3.3394076528043524,2.640430459823312,3.213644728806355,3.7457255760373225
62044,pop_3,2.860268504234228,2.9278190850252095,3.528159354548005,3.4548832956862574
62045,pop_3,3.1208129182152624,2.5809743536619636,3.465480275963814,3.5767387932907857
62046,pop_3,3.1039540960409764,3.2338387729159135,3.3407014158736414,3.745549919076718
62047,pop_3,2.784963730237869,3.3754530709880135,3.4467701940665028,2.603292536883056
62048,pop_3,2.8680291398163984,3.191141679061034,3.5465850209270604,2.5489516963691647
62049,pop_3,3.049640744736813,2.806554899121578,3.4870378686690606,3.8548461085063925
62050,pop_3,3.189991769950642,3.442141647236249,3.7350097673335725,3.0291139697844964
62051,pop_3,2.4281372256169793,2.893063349608061,3.314495541601961,3.205412788194247
62052,pop_3,2.661672977736704,2.9490337656453867,3.4293590079674194,3.466601545590585
62053,pop_3,2.6470507092819986,3.1362611087054475,3.415911809812216,3.396390703825576
62054,pop_3,2.7567553829332585,2.9894408225084628,3.0187019292786497,3.8866134443874585
62055,pop_3,3.206878365797226,3.220718143172677,3.5595339416447764,3.3263131354497797
62056,pop_3,3.115512939866611,3.0558178874339537,3.605815431874281,3.2498771256848182
62057,pop_3,3.2218379804741355,3.0472763369351505,3.3446668129320183,3.5933807896995007
62058,pop_3,3.0040219327236426,3.1346790213158493,3.106500861311016,3.1848787967027956
62059,pop_3,2.741564684820627,2.851589697857033,3.536096164093984,3.84491130459643
62060,pop_3,2.820208444587022,3.3296409276865893,3.6189782697662625,3.6446361362529442
62061,pop_3,3.1151825295747804,3.119431859485609,3.4128876090891844,3.1935491269088456
62062,pop_3,2.806225630103518,3.297217724621805,3.4139231156881866,3.0968565792668294
62063,pop_3,2.80583271468456,3.1977237884656935,3.3028183136885954,3.2377738915159036
62064,pop_3,2.6709385758494317,3.371899228810067,3.0952160569055147,2.848432900128439
62065,pop_3,2.9533634844229177,3.4001564415654677,3.347315629484147,3.039479104511717
62066,pop_3,3.0080866485098054,3.170775583123744,3.843640474881805,3.5199933692228162
62067,pop_3,2.8893644576549637,2.9320222688749698,3.5813259282518373,3.2644841023597424
62068,pop_3,2.954577284922053,2.4755539569849634,3.746528889784536,3.4882227309438996
62069,pop_3,2.8705446723000234,3.4432347361784377,3.4506538308231804,3.5769177805248153
62070,pop_3,2.7824915744422034,2.9742043703186,2.9442171465428646,3.2276869953810228
62071,pop_3,3.1051077401463574,3.105291961279069,3.4729165256848415,3.208296111362906
62072,pop_3,3.5533117048539395,3.1092806229341527,3.127800768646308,3.3063967758150987
62073,pop_3,3.191797287852882,3.072031559272128,3.633316735924463,3.673474458295218
62074,pop_3,2.941174487180665,2.757432612687899,3.181444890492483,3.3341562031096807
62075,pop_3,2.657389813637337,2.9142261632316973,3.4671443595537856,3.583092951016677
62076,pop_3,2.8778201834817194,3.256034037093144,3.3386577935344266,2.961936837142724
62077,pop_3,3.234090580922475,2.9876569036971365,3.3366978931513533,3.468512296877773
62078,pop_3,2.9330660264556827,3.1542712766754573,3.9562537407454412,3.258489126423247
62079,pop_3,2.678566446093958,3.0578436412281302,3.4586451101697233,3.642365971779284
62080,pop_3,2.8936529603147423,3.4496626644268304,3.2328273482208223,3.4698408880949922
62081,pop_3,2.77245322359183,2.6094438853508284,3.0411000424073555,3.7410332240513156
62082,pop_3,3.2572129015667692,3.088323938897657,3.3913852305109193,3.49575427991269
62083,pop_3,2.6862526404194345,2.818844054357815,3.3871327951604564,3.307642061301227
62084,pop_3,2.799711376090411,3.351034491286678,3.899432675707647,2.9856451722416106
62085,pop_3,2.78017684814474,2.961418684533973,3.3634698255613777,3.3491503464583308
62086,pop_3,2.8960857166326215,3.1250266468790557,3.4534656724644366,3.061339777482794
62087,pop_3,2.7422225275293215,3.3442867612136613,3.3974451264451986,2.7599870408003686
62088,pop_3,2.5171812476036224,3.096064536365318,3.3443504844798726,3.2021681499631014
62089,pop_3,3.0625665767450037,2.9661670430414966,3.025384165903431,2.9001816151349624
62090,pop_3,2.876895979286476,2.915959118541921,3.271537886823711,3.001924923199724
62091,pop_3,2.9567050377954454,2.8911005024462364,3.295433251303276,3.603473165180614
62092,pop_3,3.0324034654885943,3.5834372040422235,3.609084472676179,2.8032387303352513
62093,pop_3,2.949354443929093,2.8971560205723272,3.5308750561993167,3.0864319128328392
62094,pop_3,2.707355408195749,3.142669994031802,3.3607843851169656,3.4416365480501003
62095,pop_3,3.2050246895016286,3.3207608340689982,3.3725762680168963,3.247104886973915
62096,pop_3,2.9294948686221347,3.3286916691090793,3.105776741161233,3.1919290326172054
62097,pop_3,2.751478735305425,3.2227829254898213,3.525739809189435,3.024205079854044
62098,pop_3,3.053992524279888,3.5302886934461544,3.8851718285743293,2.863577741311667
62099,pop_3,2.9946235339316516,2.7660018781481512,3.679091441542449,3.5707611643513957
62100,pop_3,2.7812900485519543,2.9837564832082455,3.891527427590588,3.2503852349726685
62101,pop_3,2.8306777644870187,3.3266298279924924,3.7442774271839854,2.8694392568006846
62102,pop_3,2.98230484624751,2.7585236066840695,4.057119247970749,3.2393243144338726
62103,pop_3,3.2046093953234687,3.521402133303466,3.425608605717466,3.043942392710366
62104,pop_3,2.6498465076829993,2.8329415797455475,3.2251662549480153,3.233676021030342
62105,pop_3,2.927511870604812,3.304414624403536,3.352223700498152,3.391838913469376
62106,pop_3,2.8756468100353496,3.0370687638341645,3.149950209217687,3.3080651289865646
62107,pop_3,3.4051070422409335,2.951500965656305,3.3000118999553862,3.1944769611747295
62108,pop_3,2.579238365352787,3.0293315585558536,3.398505919983589,3.6029246736453047
62109,pop_3,3.161827795416864,2.562797243115881,3.4498934252382094,4.05357997440606
62110,pop_3,3.5531538888626573,2.6402671914009197,3.129874112217552,3.3488430654851795
62111,pop_3,2.3635439721138414,2.867373067521519,2.990709353929488,3.1477667190209297
62112,pop_3,2.679343697580376,3.18688871525208,3.4157399555623114,3.346955967662544
62113,pop_3,3.039073461191519,2.9386674591334354,3.3457679151260757,3.0738509963154685
62114,pop_3,3.0788541688882725,3.0354536717574714,3.2761771670462876,3.3615852896714227
62115,pop_3,3.3186268535488117,3.2304722041619267,3.360442087292805,3.0280590707746287
62116,pop_3,3.0450859504092214,3.1326385234430583,3.205574223609647,3.551388721947454
62117,pop_3,2.784354037303323,3.1825488065327026,3.594515964757799,2.7360320595439114
62118,pop_3,2.734062546183009,2.7911193846806346,2.9853519534565565,3.90198400197668
62119,pop_3,3.1752445872328443,3.0771819800080147,3.266247117958505,3.606052667871306
62120,pop_3,2.757016368781743,3.1138298649008185,3.833517633642815,3.4779772089996697
62121,pop_3,3.112539647378736,3.1995081969095382,3.1522430674415918,3.352523538238765
62122,pop_3,2.8361123308144682,2.697054794158108,3.6696732052600427,3.659014925346605
62123,pop_3,3.008309108546069,3.346253819761316,3.1546044989797184,3.053035974755617
62124,pop_3,3.3884965132897324,3.17734554745557,3.3773360602004976,3.1011452779434454
62125,pop_3,3.083312656651696,3.0125122563724935,3.3345636264470606,2.858912682563973
62126,pop_3,3.127713336725049,3.061534355014007,3.112789855723646,3.5145736968444683
62127,pop_3,2.7215244075508793,3.1438545765225454,3.139440053387444,3.1544782249834
62128,pop_3,2.903414982967047,3.31755943199091,3.285493471437192,3.2166774564557596
62129,pop_3,2.8878905838560205,2.9399810454471016,3.767831332671507,3.6364129274252197
62130,pop_3,2.5340106156842754,3.1830207757151867,3.491676545169238,3.337193654754706
62131,pop_3,2.638617434748857,2.9034985061652874,3.0822145588985315,3.501863730346801
62132,pop_3,3.36808134190561,2.7322720575566586,3.183336574643947,3.165122705192188
62133,pop_3,2.8088092389327275,3.2060019814523506,3.011397977708351,3.506840511298926
62134,pop_3,2.585600968209816,2.9200276324635364,3.317693744202803,3.3158638022732125
62135,pop_3,2.738745423208348,3.0368026540613706,3.2956054724251236,3.271993927303776
62136,pop_3,2.9027746297992523,3.024910327729805,3.634012726440272,2.7716024075865944
62137,pop_3,3.3263845946260426,3.299901842570704,3.26770796223383,3.336546361770476
62138,pop_3,2.8230207776783414,2.370562020062025,3.3355549423685256,3.8678367746719875
62139,pop_3,3.303630443235241,3.132642241381829,3.5187344142814223,3.075417065488307
62140,pop_3,2.917451693109457,3.096755031103582,3.263972600605443,3.604106414400689
62141,pop_3,3.0624622811378885,3.0496407729537554,3.534991277012904,3.5860731386842852
62142,pop_3,2.642529482608882,2.6955259457465695,3.457924553248042,3.6359977852376044
62143,pop_3,2.861708200582292,2.870695067069439,3.1450654041867945,3.3112605860135553
62144,pop_3,3.053667112719971,2.361543669394358,3.5632444817701514,3.23889798395465
62145,pop_3,2.79430873462236,3.0496284960451527,3.299419822338924,3.659154201509828
62146,pop_3,2.913115228994732,2.7763536201638686,3.6856654269902873,3.132793687614315
62147,pop_3,3.328588647263583,3.576848097447216,3.5197233109626307,2.8363106850457878
62148,pop_3,2.832305120758964,2.650520317009358,3.0674292331278923,3.430277342567585
62149,pop_3,2.6968483676911306,2.606520346946569,3.392848110236671,3.5322699918715603
62150,pop_3,2.847499725476533,2.9333745992630886,3.4138975127108964,3.033035734689954
62151,pop_3,3.3855613890240535,3.238169964907934,3.497854818670861,3.3941109192031025
62152,pop_3,2.111100359244261,2.902541127902482,3.127121738288055,3.564844529822719
62153,pop_3,3.0396469778474553,2.9646397600771754,2.7706222248668064,3.721893000235764
62154,pop_3,3.0235448912159155,2.868640420493101,3.645954057360917,3.159732309097836
62155,pop_3,3.0441766612650216,3.3919013832848295,3.571069475710328,3.0140704444023103
62156,pop_3,2.6346191072997,3.346058744839614,3.7119023050146702,3.5028937962545115
62157,pop_3,2.3902043443829513,2.8725862331440855,3.2479548343282443,3.4499522495428008
62158,pop_3,2.6395728716058153,2.6501742457305673,3.1349664842929883,3.1634880148090367
62159,pop_3,2.2951144176250584,3.01682653226161,3.4711916209002593,2.646281152890481
62160,pop_3,3.206793458571859,3.160901928057718,3.5047865013772057,3.384183184822352
62161,pop_3,3.138233758441182,3.0496918605896433,2.812792130206781,3.5527341002875783
62162,pop_3,2.532167168791893,2.960722938414124,3.917207110877449,3.2086355786350222
62163,pop_3,3.035359876667066,3.256624958259841,3.7307294637251083,2.8130102963104178
62164,pop_3,2.4854652598803235,2.930484891159787,3.5057766847055345,3.4371263753512618
62165,pop_3,2.6454045477954486,3.0175114716044407,3.3158672903007047,3.2181720879970026
62166,pop_3,2.827811005116396,2.7508143624352526,3.4957811095883993,3.255801066074177
62167,pop_3,2.637115099693548,2.7657023440194193,3.243065470345234,3.4507362551408804
62168,pop_3,2.873519555967958,3.1385185030557596,3.7920248418135927,3.1978469226630897
62169,pop_3,2.858457209515701,3.0034440613119275,3.5882704478059417,3.321179211194953
62170,pop_3,3.054864237315414,3.029640702474116,3.6206863037599684,3.1683232150263456
62171,pop_3,2.511246541093466,2.7309964538791047,3.2644238678192483,3.4903628356895426
62172,pop_3,2.7866188483534655,2.6711987216487745,3.505843788721523,3.380575692660049
62173,pop_3,2.6149728586613343,2.6983882074568304,3.2591138753625084,3.4915775822102297
62174,pop_3,2.5473501958973377,3.068206850628804,3.3690775781028504,3.9124073773616526
62175,pop_3,3.1214348437594324,3.077270771256944,3.5126044502308744,3.102117378977
62176,pop_3,2.5510914772982334,3.134216504821593,3.97023875206744,3.34949324627172
62177,pop_3,2.7606985843111707,3.409373199932213,3.451302078286037,2.9885744053718257
62178,pop_3,3.0418232635029927,2.8605965694385285,3.0560302496176823,3.9391544522596136
62179,pop_3,2.9793908293779543,2.915793292915918,3.3114791855115673,3.520315519221309
62180,pop_3,2.778206267491874,3.365630389013769,3.042491705580666,3.500166542182839
62181,pop_3,3.0507380936093633,2.7711183502612013,3.593075938565054,3.10532189974188
62182,pop_3,2.847772461995052,2.936592131410126,3.3269174602132776,3.540153108646098
62183,pop_3,2.822927332238563,2.9565794451682508,3.6291976733438225,3.844715286863132
62184,pop_3,3.4128912702202756,3.3449941682711692,3.3630167830841096,3.2656189432079348
62185,pop_3,2.460183308067128,2.9812752268578286,3.311632821796321,3.358433050839724
62186,pop_3,2.891657648831197,2.4844372097148826,3.2717605615877225,3.6879966582278563
62187,pop_3,2.8446139662751886,3.345426929973127,3.4588800993092046,3.1150434145686066
62188,pop_3,2.88124689297062,2.8568465103694036,2.934910041625815,3.820951239649264
62189,pop_3,2.8437658999281608,2.6158751309700516,3.413995551772211,3.641147955970639
62190,pop_3,3.1066208173094454,3.307928898249254,2.9517819825179115,3.0381357459971703
62191,pop_3,2.772012111653326,2.843511027290774,3.2661002282944542,3.1720768323732114
62192,pop_3,2.440993581229767,3.0043843137170305,3.424393730680567,3.1579350590457547
62193,pop_3,3.2164081587400952,2.806391656130302,3.552301124647494,3.108609223610284
62194,pop_3,3.092950085766643,2.842582172845376,2.8350988702277657,3.8439536260915528
62195,pop_3,2.8334829419278194,2.9587256891965663,3.4276086623838076,3.143140449003864
62196,pop_3,3.3840915153829383,3.0791337045035108,3.430747367720302,2.8844324781573265
62197,pop_3,2.535084041236462,2.8684026070700464,3.673158223385376,2.8078299051744846
62198,pop_3,3.010186053362331,2.986398166382513,3.672535815203452,3.1869878940071037
62199,pop_3,2.498360550560907,2.638728962692922,3.6403319126424236,3.6173207315164206
62200,pop_3,2.7911041442812916,2.9676456889795064,3.4391416857938903,2.9323940828827237
62201,pop_3,3.1555192837851003,2.897575500630802,3.6096608796427825,3.7127728080142512
62202,pop_3,2.9570206831107253,2.9233384917360574,3.674662402136652,3.537668276083794
62203,pop_3,2.8459952269877533,3.130111271855709,3.2560276400556214,3.087307093883551
62204,pop_3,2.968924723539235,2.9943642573225233,3.439561494590448,3.6176689034406233
62205,pop_3,2.897227467146519,3.5340687758731137,3.551174494088566,3.125561366101294
62206,pop_3,3.0408196635103955,3.256843732038547,3.3972022495235197,3.0692862247441464
62207,pop_3,2.5160888836285853,2.7760007414944576,3.4999008862377377,3.3786824261321726
62208,pop_3,2.8595850076115066,3.69627454004568,3.5212086948335157,2.8829351019680245
62209,pop_3,2.8098670623441766,2.946992126269775,3.4348387542166385,3.106145782383799
62210,pop_3,3.065796486796032,3.335208960210277,3.307270104830588,3.688823818484607
62211,pop_3,2.576793433314387,2.467897707539253,3.2138532388002825,3.732120396692672
62212,pop_3,2.7645627039162366,3.0596044032676573,3.455310358322034,3.5606744413543066
62213,pop_3,2.7320503394038984,3.4265659290494708,3.8219619830097447,2.7602149106288274
62214,pop_3,2.939799263201204,3.247150521648703,3.0145987025000323,3.0655842414954955
62215,pop_3,2.9086331757034247,3.095160788265772,3.385053045648444,3.2995978725158412
62216,pop_3,3.08022081491218,2.810542016503194,3.5603745386893975,3.16672780494523
62217,pop_3,2.845558704540171,3.2742828120269643,3.5230460394524017,3.4647211775218
62218,pop_3,2.9749097298428584,3.2527956973614356,3.6254122176498726,3.345016593024413
62219,pop_3,3.0311934470351596,3.0629621798367865,3.3845052449253314,3.0086444499668383
62220,pop_3,2.6185891291485945,2.8420471451617666,3.0642588951900356,3.7450481556104642
62221,pop_3,2.9240654635766155,2.7629289637358347,3.3877296627795284,3.618302156329525
62222,pop_3,3.122497394317751,3.3629668134774766,3.516642566337822,3.048479862030653
62223,pop_3,3.507126543330073,2.937984391799693,3.913257407958067,3.038342140190557
62224,pop_3,2.8375211509962392,3.4758178383093776,3.808976734405894,2.6015057359707354
62225,pop_3,3.296419082526575,3.246364175176159,3.468660640483568,2.905883771942362
62226,pop_3,2.7316375954679075,3.013689173408423,2.9083387753476564,3.431427693837461
62227,pop_3,2.529054721936795,2.919768319411677,2.821237345641371,3.4690691980863724
62228,pop_3,2.7321009260649944,2.873312369829651,3.374410209640931,3.4802020386416244
62229,pop_3,3.0145828488951714,3.2280001922559767,3.2938686899623257,3.3205388488424266
62230,pop_3,2.760552449100566,3.1177062928394017,3.3785919031820484,3.5206233979665296
62231,pop_3,2.982240420974134,3.1544604171150286,3.1195193645513384,3.12551741306107
62232,pop_3,3.0680679037045664,3.120543609632403,3.8945306819892402,3.0761969891735643
62233,pop_3,2.748634671333767,2.677275596923832,3.3072422636150716,3.3666405649765636
62234,pop_3,2.8309250836273328,2.710157439158275,3.8421021571880596,2.6964422643958446
62235,pop_3,2.9690025583448216,3.465645089132205,3.0463140590727105,3.5627617956246653
62236,pop_3,3.334917465770763,3.1082662509172927,3.6585227305941674,2.744895671873928
62237,pop_3,2.3989499646496464,2.7755577732004513,3.7660695877759838,3.6677166795750287
62238,pop_3,2.968631516170713,2.654260688240661,3.4800968673125365,3.4667734544549416
62239,pop_3,3.1029936181528295,2.8820502931994243,3.3787821350992107,3.331381004310401
62240,pop_3,3.0777573818278587,3.0159592871681506,3.19254659509781,3.6955164645729104
62241,pop_3,2.9524052606882085,2.5251549671238727,2.9210894390819253,3.6997647957672872
62242,pop_3,2.7977301937897696,2.995946989187522,2.64813360076698,3.4216181407590445
62243,pop_3,2.3134192835736456,2.7917914322130923,3.066932835175382,3.3497816844735055
62244,pop_3,2.6850218121388596,2.8811991164000585,3.53202300558974,3.299795580207323
62245,pop_3,2.6154842712990622,3.045964602711635,3.5231626758017502,2.822169486470477
62246,pop_3,2.898313622615794,3.1294279899307287,3.3897682551145647,3.1411709121459195
62247,pop_3,3.526822546876704,3.3441231847038213,3.105291765142474,2.732575934992998
62248,pop_3,2.9795962448439663,2.704420885964516,3.374390848996713,3.3217846329068292
62249,pop_3,3.355521013886505,3.1426350627901196,3.785289730223283,3.2616970497470823
62250,pop_3,2.570498766476684,2.7774532906945466,3.3608740010798313,3.481982053906028
62251,pop_3,2.9421084556811596,3.587178054817431,3.4044002950911603,2.824704877712924
62252,pop_3,2.7158002395120486,3.269628353427386,3.3452927084549775,2.705708561721545
62253,pop_3,2.845465292465853,3.312531781273466,3.4517396736967054,3.2917903805880497
62254,pop_3,3.1026744347786748,2.9817102134681774,3.4911379235830386,3.1269931648623133
62255,pop_3,3.428346200357871,3.1753017326312327,3.507399965349008,3.193286417988088
62256,pop_3,2.7477231390468546,2.9455166101041006,3.4702956515962917,3.2321609494326844
62257,pop_3,2.771879738181824,2.632142118468776,2.532415051493401,3.76141430126872
62258,pop_3,2.910763768339888,2.7554529827151213,3.512808805930239,3.138111568887699
62259,pop_3,2.891888469503405,3.122043183164312,3.7873996479377876,3.179935114958093
62260,pop_3,2.836397776364228,3.160494764652532,3.090382933882481,3.5191063142941568
62261,pop_3,2.667474863591094,3.2090258651574173,3.333788677290357,2.574459584727174
62262,pop_3,2.8206768284610177,3.199881936429581,3.256813141138309,3.0616558355402197
62263,pop_3,2.9152445709242945,3.202460130412083,2.7671754960590267,3.358905037229526
62264,pop_3,3.2149629549585517,2.712953418189435,3.1539542428252,3.595025441960279
62265,pop_3,3.2099611207005,3.13988703587242,3.5092190158374303,2.7621756150638963
62266,pop_3,2.963266956120474,3.107173960557004,2.716084073478552,3.0503734001794016
62267,pop_3,3.077280051127146,3.0957598390160994,3.990383256954721,3.195640575083381
62268,pop_3,3.1002951270665853,2.72769234096545,3.349846694029504,3.3722477245634646
62269,pop_3,3.0706360159612234,3.1926278859698756,3.276622940759124,2.9361946095962783
62270,pop_3,3.0954849332330956,3.107800165261127,3.4257620325510074,2.8611665910876574
62271,pop_3,2.8028599642494547,3.1959695160941743,3.8225030898995067,2.985080390192845
62272,pop_3,3.0078351815489457,2.8439267377432444,3.5988449828250646,3.1115309163616667
62273,pop_3,2.71379265755982,2.6829515914817033,3.166871897757035,3.65693883776584
62274,pop_3,3.113925853268149,3.0266977368808763,3.1625994286793495,3.0216766235704227
62275,pop_3,3.122828538269105,3.0673408198880665,3.5010660572081087,3.019074213117235
62276,pop_3,3.01526651953136,2.99186221629483,3.3424522433349106,3.1412311325755633
62277,pop_3,2.8239217419007474,3.34828950216544,3.4078408308007258,2.7468962240890384
62278,pop_3,3.1919281791730643,3.320490514986447,3.4324945347763474,2.9971378973038116
62279,pop_3,3.005192928848734,2.6389368599757406,3.0827458765075706,3.340548136562775
62280,pop_3,3.027815285784973,2.916651917724013,3.132466765774044,3.3460548435306743
62281,pop_3,2.813377853467616,3.0428407555202424,3.142499798215319,3.3273937586739573
62282,pop_3,3.1230272347131067,3.0596053697430126,3.039744300154804,3.3522491521898736
62283,pop_3,2.7922521983932893,3.0136463642972715,3.557381918661892,3.338110866573129
62284,pop_3,2.538419493217168,2.8368820848643357,3.5079631698332943,3.5614757063116733
62285,pop_3,2.8333514343961883,3.208829838434772,2.7033601723622933,2.7860484610603704
62286,pop_3,3.053981060381248,3.1561205112614594,3.625157064693524,3.815546786407409
62287,pop_3,2.8887871158676695,3.106490424608585,3.241716801565112,3.3620229731349056
62288,pop_3,2.944489015179155,3.0988535456628625,3.315335589618377,3.3590247681957806
62289,pop_3,2.9749488833638384,3.1710695988212194,3.326606897724537,2.889820124790163
62290,pop_3,2.9900310774514773,2.8442891486357444,3.7178248527371394,3.507720913059765
62291,pop_3,2.6704319795542237,2.533686626804804,3.390696886961615,3.2606882660184535
62292,pop_3,3.0455421125629947,2.4984003253976343,3.2229474023235687,3.3576779093919855
62293,pop_3,2.631776191640873,2.9022931685448516,3.2372769054963664,3.5353039955698624
62294,pop_3,2.996493800772896,2.745089836021062,3.6737742974080208,3.538120227095948
62295,pop_3,3.314395979568693,3.0363018851052885,3.1373245586766507,3.1325207650889926
62296,pop_3,2.680037247013144,2.9178379380960147,3.3179620477148317,3.300773545291596
62297,pop_3,2.877391151819227,3.0488942384690185,3.4675530905293006,3.0853643118949394
62298,pop_3,3.0803442846052884,3.256705641901248,3.6094709523055095,3.2397524875615797
62299,pop_3,3.07046536383186,2.9335296331052283,3.7502914854406564,3.377298902970135
62300,pop_3,2.705413272992757,2.9589321340363894,2.858100891734471,3.6234240287496284
62301,pop_3,2.6645873625431284,2.5982807816274027,3.4346788442368563,3.432139278285589
62302,pop_3,3.25161247533439,2.7192469242004536,3.0090915233529887,3.633533167676293
62303,pop_3,2.469450347676095,2.904402839702669,3.3543985392655196,3.787067001015377
62304,pop_3,2.9612642246004373,3.3422861169592677,3.20176372990563,2.953088953731084
62305,pop_3,2.8441186928923106,2.6885266291373804,3.337521011063281,3.2603079899805865
62306,pop_3,2.6521947273976934,3.2018890939488975,3.2114465945579216,3.2801746530796163
62307,pop_3,3.407469321670778,3.021396112123558,3.2121688522360925,3.661975849330963
62308,pop_3,2.9528179398927135,2.4422512664862257,2.9832024658994185,3.442466012819337
62309,pop_3,2.6327818555325595,2.6382649250486123,3.1506355971315316,3.2356460119776664
62310,pop_3,3.311307922211403,3.3368611349765893,3.41723471690627,2.46676740546679
62311,pop_3,2.6581907988857156,2.9360797896513056,3.3074414610071026,3.4317994846163886
62312,pop_3,2.8354928891269204,3.061918682106966,3.2146416424035413,3.2896343240961214
62313,pop_3,2.849668225245891,2.7267503329755427,3.4784276724909273,3.0538849624490987
62314,pop_3,2.427426822009812,2.912614373197855,3.592748717568903,3.5542206017992672
62315,pop_3,2.8063428735740934,2.7551323725722416,3.3728471421831343,3.637016150714937
62316,pop_3,2.8466267904730636,2.474657544728297,3.452369145812584,3.7564706321283876
62317,pop_3,3.2670469022800632,3.4195304825118167,3.6390849895007147,2.9303908592482517
62318,pop_3,3.0692489029834733,2.8621413177489297,3.376804666566966,3.924450628652771
62319,pop_3,2.79042636016887,2.8061871306669484,3.316671592244756,3.389156275767275
62320,pop_3,3.0380127689695597,2.9244934633289925,2.7728396539421136,3.5231974082214785
62321,pop_3,3.0697929735006686,2.8238822536224433,3.71297334798717,3.2548172625321166
62322,pop_3,2.730031569945524,2.927654428807618,3.517201076244083,3.317304483858361
62323,pop_3,2.801004094870138,2.945228448530281,3.0469672695124785,3.4100680901315457
62324,pop_3,2.8547851784735054,2.3038712994199457,3.1240728941421496,3.777821382999764
62325,pop_3,2.8216345496812187,3.165533096550813,3.3796801132138166,3.4927922759750305
62326,pop_3,2.505791933653984,3.015779791087179,3.1329468402604435,3.4918273093987358
62327,pop_3,3.4789516770659072,3.1841109750696264,3.3424281237189595,3.010376373664826
62328,pop_3,3.1745087412255084,3.3642233023401036,3.4584410565462007,3.006428668552995
62329,pop_3,3.054062489247527,3.156990206079232,3.447341633588979,3.107955142880941
62330,pop_3,2.6288501529919914,3.301532522639354,3.4109741692873548,3.47081244415854
62331,pop_3,2.8584360875956323,2.830872284341466,3.59161802431883,3.339541377746483
62332,pop_3,2.998115402664261,3.021989582889855,3.3465362201825832,3.7470653546128214
62333,pop_3,3.116589965049823,2.8815878101598273,2.9075215038661932,3.2091194042857594
62334,pop_3,3.0708088770332926,2.8781963237900796,3.466014830386401,3.396147404419561
62335,pop_3,3.3453154406795456,3.2232871876800075,3.657895569324729,3.1348816212805777
62336,pop_3,3.110067495643392,3.249883889426863,3.3702503089876332,2.5917919040907536
62337,pop_3,2.822069381325711,2.91261845323966,3.0883049160149914,3.601054916415435
62338,pop_3,2.855159768014684,3.2852987408205596,3.5376460006511223,3.0205709644972107
62339,pop_3,3.0204300020508463,2.6015563546494587,3.1122933905368515,3.3235002626528964
62340,pop_3,2.858277023667731,3.131684146343035,3.7402257526183234,3.439085186943348
62341,pop_3,2.729981265258372,2.9160619329827275,2.9228606965469957,3.176540974494466
62342,pop_3,3.098815200359906,3.2893253344592543,3.54162377048037,2.965069622661442
62343,pop_3,3.213551088462992,2.917931218803195,3.23349814260632,3.159714078237788
62344,pop_3,3.0037595098999783,3.277081467735335,3.423596833709599,3.6360191099952712
62345,pop_3,2.9808336821465056,3.062328629064048,3.288958185346899,2.7482984831345605
62346,pop_3,2.696390931050143,3.1171952816734523,3.8155426769208463,3.178700813558054
62347,pop_3,2.8915529878518296,2.870241523535253,3.2625786629773157,3.1258435439666905
62348,pop_3,2.9800343052943346,3.0179083569668292,3.1784076580042093,3.405057626324848
62349,pop_3,2.6670117219532123,2.720332073526414,3.2394918773892196,3.4864724924192365
62350,pop_3,2.9292063811248905,2.5198562726083207,3.3880268910808273,3.7179870134344823
62351,pop_3,2.9400273950479345,2.783015173427704,3.7683446180074163,3.6546642134003346
62352,pop_3,2.946422373945765,3.374382163409956,3.264658673933934,3.2170810576988584
62353,pop_3,2.634927871199845,2.9240613470855608,3.5072686850563772,3.0988452911251776
62354,pop_3,2.9226300281559197,2.959889317892421,3.791253326301768,3.5474373749978936
62355,pop_3,3.064891753693991,2.9853912660090116,3.3978456054006947,3.309332759699041
62356,pop_3,3.2878268094038123,3.408920059943548,3.1368297472227717,3.1210217263717626
62357,pop_3,2.5487523063513446,2.6439233260910346,3.165421147274117,3.394271927941834
62358,pop_3,2.9459569762704945,3.0071309068565273,3.221634857877004,3.357735692845746
62359,pop_3,3.178707096483937,2.748306306418924,3.186586822334112,3.457541794401055
62360,pop_3,3.466334835905422,3.056542672241273,3.4005660298076203,3.3891892874361007
62361,pop_3,2.8515794596483457,3.0889528899792116,3.0759299892648015,3.417658570364702
62362,pop_3,3.2150636363071254,3.6542094986271603,3.7778444505498303,2.9616732450774195
62363,pop_3,3.0069095631890517,2.743107366789064,3.3721038002189965,3.051204269498668
62364,pop_3,2.8402165649659725,2.7028859522529336,3.3221604967744964,3.4375604798012684
62365,pop_3,3.1862686024178255,2.949672381120597,3.456807084698406,3.5205838688590014
62366,pop_3,3.083710106845965,3.4912670533477868,3.029517084427647,2.4440213348801327
62367,pop_3,3.0741261361942964,3.0351845036485474,3.056810580359268,3.216254218841585
62368,pop_3,2.7332132842246883,2.7300143588351053,3.274838547859295,3.7418296773763156
62369,pop_3,2.609080800664703,3.2537408121489975,3.4251020309242644,3.687559575321809
62370,pop_3,2.749216420757058,2.860274228295028,3.897521064731954,3.353520824764016
62371,pop_3,3.076440297560172,3.1566743654893723,3.494183137676285,3.0751538483387506
62372,pop_3,3.3756330289660927,3.4080013386770642,3.0342307144409713,2.7132393057231483
62373,pop_3,2.8846587078817967,3.4429112540315248,3.345275884646137,2.9241441833129627
62374,pop_3,2.9667715499940197,2.8206410561845687,3.4525588740801667,3.3186929670111573
62375,pop_3,2.6158833029271005,3.44361318051752,3.630360305410501,3.142028503976078
62376,pop_3,2.657859016740765,3.1826108419604355,3.48544954039991,3.2113528720549906
62377,pop_3,2.892435100035506,2.9542092454140354,3.463970673827181,3.0898135733391414
62378,pop_3,3.3526081161406935,2.7278956360122293,3.642803491381493,3.6264875160148122
62379,pop_3,2.8275585246206547,2.684874391568883,3.318904266943032,3.5416588252295584
62380,pop_3,2.9540536799572923,3.201320284772036,3.4385922352478677,3.0319505102424156
62381,pop_3,2.962187923474752,3.306064547649825,3.223644948990579,3.4284308351456834
62382,pop_3,2.8063680376677667,2.7669221319282404,3.014075994259698,3.304095132290992
62383,pop_3,2.7927363791775104,3.6352093133361634,3.5860782268154856,2.945530069688301
62384,pop_3,2.943121513922311,3.046776890469578,3.0464313782343737,3.319114559809053
62385,pop_3,2.9193620303117687,2.821304112656116,2.7918935842809534,3.5142670858783442
62386,pop_3,2.974828487966667,3.034426729471758,3.216113179520836,2.603199734441649
62387,pop_3,3.033353504248942,3.021426024435824,3.222477951371182,3.083465280839038
62388,pop_3,2.8296589178770413,2.98068550078758,3.088741458631013,3.628743806370375
62389,pop_3,2.5996478663717593,2.932222232017272,3.0942581723656017,3.234814203234527
62390,pop_3,2.9791198596189785,3.1597631224259506,3.3527190097528554,3.449491300630154
62391,pop_3,2.8820927306033983,3.257708667226648,3.694084944399564,3.4126878327027277
62392,pop_3,2.8696034065503424,2.7980215006322253,3.538379190729338,3.129044868595684
62393,pop_3,2.8235414249552853,3.207404212768765,3.7522978294761824,3.2419695890861755
62394,pop_3,2.6805235211641647,3.2591748802822655,3.4175258451953305,3.21940535362297
62395,pop_3,3.0481606653586835,2.8977794281432088,3.5910559537890823,3.4826597310921668
62396,pop_3,2.662478448485705,2.8782889959180156,3.406559079210641,3.8844487159207777
62397,pop_3,2.8949033116592457,3.5114677050713974,3.466377924660637,2.8554158969904972
62398,pop_3,2.5733460356307294,3.3004636813430746,3.1294930906835723,3.362720555393812
62399,pop_3,2.9130838997241626,2.886595707748765,3.483799298033838,3.3550776068733774
62400,pop_3,3.2864546474513783,2.737271503615772,3.2731412222473897,4.169852654883588
62401,pop_3,2.8309000664047943,3.2131915963137927,3.501492231420601,2.949204338723155
62402,pop_3,2.7986015784881126,2.770096795498517,3.3676560477116904,3.043481521352913
62403,pop_3,2.906568907894043,3.068650845398387,3.3725459587857785,3.328891023676213
62404,pop_3,2.9926362613498676,2.9094891508974783,3.4591439249921807,3.443407528839228
62405,pop_3,3.0517752763511954,2.947876337220169,3.544869834962298,3.585260117325368
62406,pop_3,3.0512755134417118,2.596867739751284,3.2542723706231844,3.4635143609836105
62407,pop_3,2.9894992616122367,2.7303219328242205,3.2021431942565437,3.1551079333180003
62408,pop_3,2.5755798904251104,3.0376981369567226,3.2651757366378074,3.1542785257805988
62409,pop_3,2.5033577499550854,2.7488018481169956,2.8819750585887856,4.021832324511471
62410,pop_3,3.0962658523733806,2.5077655598952284,3.3358378016010257,3.9194764290369677
62411,pop_3,2.6918229848896718,3.0796293863557787,3.6101767884028217,3.3523894404745236
62412,pop_3,3.0758000365165232,3.2866723888982694,3.432646094577943,2.9928937735048247
62413,pop_3,3.0053668587319926,3.437023774964123,3.7123853945363,3.354798960803793
62414,pop_3,3.2965732670375383,2.6005311129907023,3.201119959689803,3.0896839125836437
62415,pop_3,2.9697209396073143,2.801329272526424,3.093838179657225,3.2227557813786127
62416,pop_3,2.434305271016559,3.0416061914735124,3.6751826608471156,3.2197703804848166
62417,pop_3,2.3675421921104953,3.1289646201091905,3.467256491733136,3.697956792118488
62418,pop_3,2.9417394919763673,3.0406798170469616,3.651266887414663,3.1853075818252288
62419,pop_3,3.123148369752509,2.916311101193443,3.742081890032517,2.9273466147177825
62420,pop_3,3.0746810380063487,3.0135463603380566,3.6078599796441475,3.1669170547335264
62421,pop_3,3.3209406768246676,3.157515169206279,3.8532168522379613,3.006418118161401
62422,pop_3,2.9935686401485233,2.7748035117071193,3.3305476508548337,3.4960348332370645
62423,pop_3,2.9434694748814145,3.1156103010901477,3.8770014312599352,2.7539839271194735
62424,pop_3,2.9066782373193676,2.920110432653431,3.592270026279071,3.589862651826021
62425,pop_3,2.8641404642657236,3.0653350566514783,3.0365060879001082,3.3136386459683367
62426,pop_3,2.7007572243338718,2.790667830059398,2.9681470373439556,3.4584849822695216
62427,pop_3,2.890616944808758,3.384960856867096,3.180276327548569,3.4921366166487213
62428,pop_3,3.1669118749199714,3.145915369561651,3.419665707660877,3.41069880899972
62429,pop_3,3.046064700429977,3.000362353377494,3.351074647700302,3.214064886690122
62430,pop_3,3.052701344257004,3.1404501650594883,3.7264852910845163,2.932065321359117
62431,pop_3,3.2116262210984416,2.918782371830096,3.24893654847848,2.896514649607175
62432,pop_3,3.2412372107247913,3.015091402303059,3.0873851995727772,3.076066029451656
62433,pop_3,3.1911350940145176,2.7649797463279175,3.315573031438752,3.1646310742021213
62434,pop_3,2.734763192898216,3.808908572813643,3.1814676246274813,3.117619802466275
62435,pop_3,3.067863852262505,2.672348139563854,3.1705823643370086,3.2124031993438784
62436,pop_3,3.1764239236909035,2.7241291863461137,3.107737088871436,3.814066377981578
62437,pop_3,2.7538444487447964,2.826690145773537,3.313551325399685,4.038037616088026
62438,pop_3,2.8062595567737927,3.3742838979837284,3.4819421732188727,3.0821467888192644
62439,pop_3,2.6975303964707984,3.0156286482349106,2.778778541295961,2.9075190471008066
62440,pop_3,2.9014468046628163,2.708338914950309,3.38064076992487,3.0014042916090418
62441,pop_3,2.889415261212454,2.7623346732229295,3.143459778465666,3.3408024690755607
62442,pop_3,3.1027473472714773,3.363527668242712,3.545587697941713,3.2351132111010394
62443,pop_3,2.777902710582953,3.3297681545318247,3.4039046000323667,3.6321094066180963
62444,pop_3,3.04888614042118,2.9338148805633666,3.5185250114987885,3.126125767663209
62445,pop_3,3.1593751216109087,2.952495890232141,3.770685052014914,3.3063539754307487
62446,pop_3,2.819996438185119,2.9892776735699607,3.1001832459561545,3.0581169580784473
62447,pop_3,2.9315482770154997,3.0613237770682913,3.644267050190807,3.0293104317055497
62448,pop_3,2.741098456677099,3.271816789384339,3.6716829817792256,3.113372590823713
62449,pop_3,2.933485028496492,2.6929833533057423,3.1347543772238375,3.425447790480887
62450,pop_3,2.919736393133332,2.9462621265890565,3.5179942674984517,3.2121246321774906
62451,pop_3,2.960835407303054,2.643536930501538,3.32238730802509,3.253530708113761
62452,pop_3,2.9078573561719345,3.0531957100935725,2.9426085874975425,3.068054766790288
62453,pop_3,2.783036922800538,3.231442180347374,3.2151525264408756,3.309141109447465
62454,pop_3,3.2678544467565205,3.0092371200259396,3.557270228865679,2.985834142841302
62455,pop_3,3.103518247604919,3.4532934616717816,3.521090735715655,3.19312183018626
62456,pop_3,3.1663772356653563,2.783345013227253,3.5247887558603805,3.721801467733505
62457,pop_3,2.8782459718368156,3.265508731366301,3.1215391620103055,3.180185212183523
62458,pop_3,2.494506581555651,2.8208352214069703,3.31411161879523,3.804981969528985
62459,pop_3,3.2488214639124653,2.994369264865353,3.3972649992753112,3.4321828701300032
62460,pop_3,2.985704350594887,2.794134162767586,3.1346544896260493,3.267363238395159
62461,pop_3,2.7299520734326976,2.802590604058892,2.903536184800979,3.2452141827770373
62462,pop_3,2.59616355389038,2.7234785971728366,3.49711139012463,3.532575792395929
62463,pop_3,2.6815463686988754,2.859243577709437,3.3956191447413357,3.363592890476073
62464,pop_3,3.108831713059872,2.939351426526175,3.229288415839436,3.512794415128731
62465,pop_3,2.9291077389896194,2.6623407304779945,3.5054376473978923,3.5355208453590916
62466,pop_3,2.3068360453539376,2.7222623036195337,3.0409822724788227,3.601581338304115
62467,pop_3,2.913226901488782,3.1842881561556493,3.4181891287393245,3.135569012629687
62468,pop_3,2.996171434052991,2.866011329954486,3.4932241087712397,3.6351466590171952
62469,pop_3,3.21445263781992,3.287798070603863,3.8210690645999543,2.980703634718756
62470,pop_3,2.5118722620427634,3.1228301114075663,3.1184936654196944,3.2814877455272713
62471,pop_3,3.3451156830172426,2.273458114543026,3.4709479582043157,3.835084560854193
62472,pop_3,2.7974293119876092,3.316020669230716,2.916905530954811,3.045133999842967
62473,pop_3,2.7325262136125783,2.7964873884110952,3.2395652154170214,3.688917674191978
62474,pop_3,2.6559055938372684,2.633166315670612,3.1888711431599392,3.7250118634274636
62475,pop_3,3.053828593779855,2.7028711929025806,3.1241631506977177,3.5264142750486105
62476,pop_3,2.8568326154682198,2.9628644169182814,3.595235021973898,3.704189756723194
62477,pop_3,3.2622344791014553,3.217309267395776,3.1811288723630797,3.0915423210651367
62478,pop_3,3.299718402833704,2.967138710349053,3.125467118246284,2.888938876511889
62479,pop_3,2.8487781621568553,2.940710242718809,3.3177377595977497,2.8543395700141603
62480,pop_3,3.165912893845926,2.970866190802408,3.3524174442863046,3.651252089869151
62481,pop_3,2.7282315084578217,3.1492239220202918,3.49240803145485,3.094496684019901
62482,pop_3,2.8684122733644846,3.4498228709180596,3.1539166409992,3.1488764332295127
62483,pop_3,2.927143675949062,3.4561083182261383,4.001566964027789,2.9600660401766943
62484,pop_3,2.689669797534279,3.1757627306679335,3.5884700464216266,2.6270882284026262
62485,pop_3,3.0378334659285193,2.7242767248406228,3.3174576812024115,3.704001997411445
62486,pop_3,3.0875630673427352,3.205585701233638,3.073528304867793,2.824950415392509
62487,pop_3,2.7032049090099464,2.9730229587632664,3.224358509546166,3.4660642366145065
62488,pop_3,2.866809815439655,2.8317549913215987,3.2572528566647376,3.7507662968097133
62489,pop_3,2.955820050475603,2.780458026658198,3.3783555817409296,3.2646035817620875
62490,pop_3,3.078240117801035,3.251619907647722,3.48259559514049,2.8904224018019415
62491,pop_3,2.8663238712931314,3.0760362769306946,3.625194574200676,3.3313062373589633
62492,pop_3,3.04984685631926,3.1699484742668256,3.3215472955703103,3.319984645652199
62493,pop_3,2.588128487150111,2.6324318720430093,2.900621294953088,3.5840365044051516
62494,pop_3,2.9514650028727405,2.8543700093852027,3.2332606390717458,3.305291970809844
62495,pop_3,2.7293168171610382,2.899123099239359,3.64905684448718,3.653088154069012
62496,pop_3,2.681250993780006,3.013592038094911,3.1080073255078884,3.2778051701883353
62497,pop_3,2.946909602677677,3.486902192863808,3.986751558635468,3.3317243869913296
62498,pop_3,2.2640022719739252,2.923999713014945,3.6423309884304893,3.765853353509941
62499,pop_3,2.6715163040804555,3.1257398097131017,3.308260492189479,3.6140391327100443
62500,pop_3,3.0925965479091793,2.559736583881748,3.104506306808776,3.622881752876489
62501,pop_3,2.646774481715363,2.799650824991601,2.8128305550349872,3.5407096193830063
62502,pop_3,2.792886939946293,3.0431325335030945,3.413760864779298,3.99783895809593
62503,pop_3,3.1634784240595413,2.5331387232692966,3.2465632489978624,3.3244903446415432
62504,pop_3,2.817475592331798,2.8816360872681166,3.0440216137359624,3.2204668797223728
62505,pop_3,3.152922359415258,3.5463099513888507,3.367766384777191,2.9688359783680243
62506,pop_3,2.6257693629848147,3.116289672345293,3.227162182776055,3.19893544240236
62507,pop_3,3.1821955093058127,3.119303486524844,3.929404922746007,2.947541788702442
62508,pop_3,2.774670391511771,2.4595529195007653,3.4064997656019473,3.3322849263221164
62509,pop_3,3.002314774266038,2.6547185334847,3.1528360299194915,3.5960109830381333
62510,pop_3,3.0961487886892045,3.087171503150876,3.303627279078583,2.9538755094732503
62511,pop_3,2.8115625760064002,3.395323587410782,3.5323948210911262,3.2517676630623624
62512,pop_3,2.784172140274303,3.012504845831592,3.303648672712783,3.331029546783977
62513,pop_3,3.1000756176812594,2.9733729903032495,3.8345892589988275,3.449646891205717
62514,pop_3,3.117650970482287,3.032204184234744,3.3570040729615442,2.915467659017122
62515,pop_3,3.2773637599400622,2.5802521171377037,3.6673956650315027,3.352605732611068
62516,pop_3,3.3530660265886976,2.919660828651962,3.2504897081750737,3.4152861292531607
62517,pop_3,3.1710475931536797,2.512448264221687,3.2730183421497134,3.723101226506182
62518,pop_3,2.6041300122262294,2.5584843471331626,3.4500001750560516,3.871349303884956
62519,pop_3,2.9954510106158714,3.468414440902706,3.5333799379701496,3.0217860343236915
62520,pop_3,2.779807234002665,3.1838651951154016,3.2225616624419007,3.3603127178893426
62521,pop_3,2.9017544407163545,3.5635102799397296,3.6253344572234885,2.6774715185828097
62522,pop_3,3.0201661095336307,3.128127669080611,3.8063545877580354,3.3644394542735445
62523,pop_3,3.016886187526801,2.9005685787470754,3.3860536873948237,3.503406951335506
62524,pop_3,2.829797412292117,2.743753627356516,3.245848210653954,3.8104354502538587
62525,pop_3,2.7156365772818103,3.253583445443368,3.1249231259749193,3.3643136688782036
62526,pop_3,2.808598703464868,2.936769391133654,3.461377520380516,3.541179525082013
62527,pop_3,2.915214030834853,2.4862338340039862,3.280309851444051,3.693522387540276
62528,pop_3,3.1360118539662496,3.3889072424067916,3.548954191967449,3.142356275026998
62529,pop_3,2.616802552501803,2.7834762367696206,3.852696956703589,3.191820375037981
62530,pop_3,2.6962981274133773,3.315263468384234,3.095611995600499,3.373835078078802
62531,pop_3,2.7834923201798025,3.0822078772924355,3.508727885218612,3.078530439575516
62532,pop_3,3.2701752876597676,3.1861356038811546,3.4013967875415774,3.075781972844524
62533,pop_3,3.0581999710821144,3.0930310785012494,3.5969487722795126,3.059484147089643
62534,pop_3,2.888581353824591,3.1153930622963184,3.1871255439609416,3.333478853878588
62535,pop_3,2.9216798829081143,2.7970688739638274,3.1560037825198233,3.684562812356984
62536,pop_3,3.0302756351677362,2.774906596031411,3.5944201098043,3.2337402824627324
62537,pop_3,2.6855466068016165,2.7813778102803752,3.117466698707208,3.377942191973148
62538,pop_3,2.8174820037696624,2.692621021615034,3.67591316385632,3.9998197663178394
62539,pop_3,2.879759321618869,2.6977560045,3.604872516471334,3.421836886046311
62540,pop_3,3.0577072946475017,3.1381469586186745,3.778645888995515,3.74501767538448
62541,pop_3,3.028036405901127,3.009000774042909,3.351205633026041,3.090446603106426
62542,pop_3,3.0260114123672084,3.267845160109974,3.3313784885293383,3.0874820726442223
62543,pop_3,2.804040443315525,3.2195306207512613,3.8255635946608835,3.272423076796316
62544,pop_3,2.8379942263685285,2.9842406954362484,3.290293478518236,3.3877884635706232
62545,pop_3,2.671502103450489,3.197972522102271,3.1795807406575065,3.432021862841872
62546,pop_3,2.562659590316771,2.908609437244278,3.1089286063460895,3.328479085252951
62547,pop_3,3.3613637226894095,2.5898875362704024,3.1494716284097057,3.954101904095148
62548,pop_3,2.550727655237603,3.085034432564907,3.6942455065378716,3.5079945976720825
62549,pop_3,2.5675346766432265,2.6003190654408277,3.2390386552609627,3.9446198562377215
62550,pop_3,2.3882011347658616,2.9517001106478737,2.9112920567678455,3.190483102161633
62551,pop_3,3.2717033374042757,3.1848016409614672,3.542301553800261,3.0820878213031566
62552,pop_3,2.5942821184390836,2.934864081698529,3.0047390684101454,3.087197604637414
62553,pop_3,2.955863347959732,2.890339422741812,3.253679084701167,3.5830243343602493
62554,pop_3,3.0068465769072503,3.45292925934556,3.4115638613927968,2.52115993039993
62555,pop_3,3.1458375727527805,3.1576350704139924,3.5493689171133544,3.2193996727322376
62556,pop_3,2.92392738462558,3.245831212301921,3.669725901855294,3.1249159216824625
62557,pop_3,2.951753815182253,2.932876528630369,3.840699461417452,3.619740543929067
62558,pop_3,3.0352082478768105,3.5607035645006633,3.030542507351719,2.929927297026291
62559,pop_3,2.8648489672961674,3.214189415621134,3.372584935613257,2.89879166899496
62560,pop_3,3.1563245384733287,2.8953992742401344,3.253040382422642,3.6788369757781414
62561,pop_3,2.909004437949324,3.278021286027315,3.4266086191994827,3.1864923943676344
62562,pop_3,2.910164966190092,3.391376178941374,3.6130132598083615,3.1234112348065715
62563,pop_3,2.8367287196067763,3.31447183025518,3.71517122465563,3.307260287520702
62564,pop_3,2.939195293963206,2.5609552765610446,3.3300138344759573,3.4882524115444955
62565,pop_3,3.046519543228684,2.9794958304116745,3.0214129414184496,3.326523654794831
62566,pop_3,2.4989230989177176,3.298169702449241,3.6956307949935456,3.1832031237800082
62567,pop_3,2.6200142105837974,3.0164570740639287,3.4855030094865933,3.6134705936215052
62568,pop_3,3.1684198994158335,3.0065736366237537,3.4320764571372333,2.7444179963740467
62569,pop_3,2.902299614259137,3.334853354736093,3.507601542812651,2.769909986876968
62570,pop_3,3.25659038986729,3.0778899025286552,3.444972535572032,3.256050605615395
62571,pop_3,3.066163489783904,3.2831036734344483,3.065222806798874,3.0410655058321296
62572,pop_3,3.0416339936130714,2.8191682461946272,3.47373700662764,3.8262719600698603
62573,pop_3,2.967512132236305,3.034009206413225,3.164289438931802,3.0305878676613878
62574,pop_3,2.75180043711511,3.0131339100653243,2.800388676982339,3.7692593447176317
62575,pop_3,2.793755447105044,3.2417416365113594,3.3894623052330406,2.9981381421555358
62576,pop_3,2.8006374476091582,3.289411642992033,3.0344680093142036,3.81106949446127
62577,pop_3,2.9078283607304383,2.9069453675576233,3.109596127972924,3.4421756403490464
62578,pop_3,2.8061404876565788,3.224088937801426,3.4706142363807952,3.139470319027768
62579,pop_3,2.817473981120422,2.6719555854326322,3.1531377918384855,3.906924369920966
62580,pop_3,2.896565113338119,2.9857666888405894,3.162234232368316,3.17930129900342
62581,pop_3,2.7240816341520318,3.210722317751313,3.379448561189429,2.9935827485119915
62582,pop_3,3.122873177838347,3.014649834414484,3.2871494829432364,3.4551067255138843
62583,pop_3,3.2097679162890485,3.0097624485337047,3.3209946584659025,3.0176523179466206
62584,pop_3,2.7840828591243314,2.561013062701754,3.356259746798649,3.8214663566019635
62585,pop_3,3.4480538019755222,3.0833711319778865,3.540967980204896,3.134285356046682
62586,pop_3,3.08473546737008,3.808164825704633,3.413896015341963,2.8644842794295315
62587,pop_3,3.0180632879376756,3.2435503155842573,3.5579478894572802,3.1328057046876996
62588,pop_3,2.918775718426165,2.9029727302863284,3.4709087851771447,3.188923250057909
62589,pop_3,2.9557637961642493,2.913565600269555,3.6937611865766065,2.859308178226239
62590,pop_3,3.0654635067397096,3.5153906212535686,4.029094620722545,3.0177976658070307
62591,pop_3,2.6971256464090443,2.761529938526239,3.5985951291008482,3.5035619829064424
62592,pop_3,3.00676486510597,3.223016622677235,3.2315086137463287,3.3452012062404304
62593,pop_3,3.0438687615795073,3.3151760174151113,3.347098638223044,3.6559606386663783
62594,pop_3,2.8661962489722357,2.9831181886900913,2.869529449831911,3.357922839568201
62595,pop_3,2.820619294318278,2.830230649791508,2.7108641913501064,3.6605086258701958
62596,pop_3,2.740145466115911,2.4394944288515457,3.25351023308403,4.0178760630512835
62597,pop_3,3.099833603071233,2.7676283600389935,3.038103301759239,3.581717672097141
62598,pop_3,2.526283579043603,2.820638584955805,3.542644030067853,3.466548394744409
62599,pop_3,2.808135817408048,3.2009388686877713,3.68258518882806,3.480324504594374
62600,pop_3,2.7257807700197274,2.679065483275103,3.019648759207189,3.6679627948714058
62601,pop_3,2.9316517872183816,2.7578094995976836,3.44728982462185,3.737414082180354
62602,pop_3,3.1531463926895076,2.8731075840038045,3.572801985529857,3.163414166326412
62603,pop_3,2.8224205373655797,3.038353525999003,2.9245245423461554,3.2661361768247024
62604,pop_3,2.852933001814615,2.6363903458676763,3.3500974618595127,3.8260092809275523
62605,pop_3,3.0998159153491085,3.059397306077178,3.541537799141085,2.820457232611759
62606,pop_3,2.7752802916239214,2.9226092242653556,3.180858948277132,3.238680145319208
62607,pop_3,3.230019313567752,3.0066097631278343,3.5711231965616457,2.735554305100775
62608,pop_3,2.800494462691478,3.0858924124794593,3.2449732385788943,3.0938440813324233
62609,pop_3,2.8200631817033575,2.9948729618263545,3.2281048501955456,3.618828467085753
62610,pop_3,2.855516678022951,2.900143617630866,2.890471622845387,3.9036714609487166
62611,pop_3,3.112156617098057,2.9467148490173924,3.8880235710604274,3.4571181820150936
62612,pop_3,3.210575855235621,2.8145830201309465,3.186779175020587,3.3470619538924478
62613,pop_3,2.9946074797265374,3.1137185658574866,3.493526503858403,3.0400108300874926
62614,pop_3,2.6983301949180394,3.1071908095969505,3.711835013693045,3.369630122935205
62615,pop_3,2.760753800081222,2.9126942917111305,3.1034981701333453,3.3819975248310086
62616,pop_3,2.4153251663293327,2.9617195469440487,3.220608814104817,2.9511089650329936
62617,pop_3,3.0764134737976003,3.6310235017277095,3.806593217320932,2.6484069290120913
62618,pop_3,3.1323624166554778,3.126323973595486,3.6688591077259263,3.17628345737413
62619,pop_3,3.0045209420409638,3.540691785320989,3.624323373108889,2.7060690976904844
62620,pop_3,3.383778020201728,3.35616257744948,3.6980940820742,2.865091610575066
62621,pop_3,3.4144462842361416,3.1565649997052665,3.333196399053022,3.3359577254499237
62622,pop_3,2.781876454472066,2.7206513346230503,3.427054920635141,3.2225886791031013
62623,pop_3,2.5069807107360527,2.5382309114061696,3.7175832462011993,3.6141702297149463
62624,pop_3,2.825380974300303,3.3251541524419497,3.2431593390536513,3.1986010447380537
62625,pop_3,2.7688467553547778,2.929489781798116,3.3442320422874943,3.0763940605075177
62626,pop_3,3.001240079466299,3.1524543853884333,3.4517637997462893,2.858205339459183
62627,pop_3,2.7932470155198375,3.22464473082053,3.1633304569027483,3.3226901636112642
62628,pop_3,2.803342480577872,2.864555318363871,3.660066257682517,3.41691413596371
62629,pop_3,2.9139013081408454,3.021757232986134,3.3918105044069726,3.2775745417601825
62630,pop_3,2.9603485983515596,3.0136693957951777,3.197438084597005,3.287696008028482
62631,pop_3,2.8646980733586123,3.3388450858515646,3.1624691772893536,2.824132469439263
62632,pop_3,2.8643950977627193,3.4054262303849603,3.471709931682029,3.598231750310371
62633,pop_3,2.9817684408111953,2.169785889060657,3.1500001574320042,4.033276720640442
62634,pop_3,2.702341684012167,2.774433505441683,3.7609088509084057,2.7907416600416206
62635,pop_3,2.421136600474038,3.1788406351026826,3.415465058395329,3.5707041154858588
62636,pop_3,2.816431554275951,2.750241416491367,3.5575839647605623,3.4352762726888835
62637,pop_3,2.8618868869366394,2.7512736481118907,3.6124216092531705,3.507605451213987
62638,pop_3,3.0646663187341154,3.09049314597823,3.507727552829396,3.4652870672577056
62639,pop_3,3.072356313524572,3.328068913781852,3.4510417571492282,3.1840274821670045
62640,pop_3,3.0415934404601166,3.1860645771459226,3.426141246500808,2.9225412516607654
62641,pop_3,3.15906719804187,2.6994117445833257,3.1903989605909704,3.665219346205141
62642,pop_3,2.3403218287597856,3.1425676362101034,3.201235581276777,3.447838016714021
62643,pop_3,3.1565625960304957,2.977059696983247,3.525545199444383,3.252938186974911
62644,pop_3,2.686509858667578,3.2095250432124494,3.6560100451274584,3.478847344911401
62645,pop_3,2.626474423324535,2.8681924845092297,3.5406321060760644,3.075075394602633
62646,pop_3,2.884058431748478,3.364694812491133,3.8353218579588417,2.77099576604574
62647,pop_3,3.3113026466683797,3.368955649500574,3.3683302280068257,3.4571742332580304
62648,pop_3,2.902677112350369,2.8413713034478807,3.370204247843827,3.102825919455059
62649,pop_3,3.312433647883236,2.9920502114461924,3.414429781766118,3.4584744228470594
62650,pop_3,2.813511268579193,2.9780453384710635,3.299041177956442,3.1028616370084556
62651,pop_3,2.7559030598635657,2.8676598514878147,3.4008019861186276,3.6241948721094897
62652,pop_3,2.7653602076866752,2.8832992724081645,3.466272096852448,3.421945824255552
62653,pop_3,3.1437000033423756,3.7337805057572067,3.231435309628068,3.1107667683770335
62654,pop_3,2.8296658624526474,2.4842510728989438,3.453717422160186,3.2496026891810135
62655,pop_3,3.1638201276296174,3.1715035432915073,3.2377544017751068,3.36734413723928
62656,pop_3,2.672416241750941,3.0200414907432482,3.270607440053347,2.8722504733212855
62657,pop_3,2.924415668941793,2.719768594997287,3.3724574233915194,2.947975061250059
62658,pop_3,3.076549035282227,3.018467302643216,3.4289064800202462,3.2418735505383425
62659,pop_3,2.9637636562804834,3.5638945406388007,3.304687462499083,3.2370268776579016
62660,pop_3,2.6503446329436917,2.853832212826791,3.160299683064345,3.3666099203222375
62661,pop_3,3.0360408797437275,3.218393733038673,3.4378633792974784,3.3735617824161768
62662,pop_3,3.25100426681653,3.249060902057303,3.6939670120885126,3.4738377108069916
62663,pop_3,2.6427601699536694,3.3075169636873327,3.3210061839275786,3.3227111950117907
62664,pop_3,2.7148066773095567,3.1349883310284934,3.0876663236433948,2.8514381223560488
62665,pop_3,2.776071948635783,2.702781879399017,3.0838229728288393,3.197143236783528
62666,pop_3,3.0130289968120354,3.2240961145282614,3.1616652436694737,2.4956343863523567
62667,pop_3,2.8959516972193655,3.1978875333258134,3.7094246936670063,2.4789516015807567
62668,pop_3,2.9643946791962463,2.733229024959829,3.3007471930831684,3.3010983728274996
62669,pop_3,3.112313269781852,3.636106077708952,3.388466599280476,3.1255585791325564
62670,pop_3,2.6900761457226934,2.6506476824354657,3.0880941230939607,3.644386083413415
62671,pop_3,3.2601163569197404,2.747835022716071,3.533942846161575,3.669487387730911
62672,pop_3,3.09315174842412,3.1186624835619603,3.4289899421933017,3.2975161643893376
62673,pop_3,2.59872503846171,3.083185322300697,3.146150203549347,2.7616961765653776
62674,pop_3,2.925422400469622,3.0669010309139297,3.659996907791009,3.5122533869995616
62675,pop_3,3.05451461761493,2.871376782053748,3.6189929964639886,3.5565082138090114
62676,pop_3,3.0905665072206268,3.9658277059491076,3.357183897687418,2.5672846155076696
62677,pop_3,3.291216867195682,2.9571651658425164,3.012633107441778,3.3311192663599893
62678,pop_3,2.831903457138123,3.138388096718664,3.2167669142412527,3.3796710159292473
62679,pop_3,2.5981825603758937,2.985168019329251,3.6836814875468833,3.399483634827947
62680,pop_3,2.9525151342988765,3.4830265229711843,3.4098079440895184,2.859573419969924
62681,pop_3,3.036660214214532,3.0032741750143854,3.2070622452280144,3.0408841824880457
62682,pop_3,2.689296075573558,3.468408785118904,4.2393486022380324,3.040652511869581
62683,pop_3,3.0242582993647713,3.004463098337332,3.2647058269917166,3.5822556241769696
62684,pop_3,2.5252675474837507,2.66226085321005,2.75627909324026,3.7754656238409243
62685,pop_3,3.0133915481359503,3.0745452625151763,3.0772415881870088,3.5057999508485698
62686,pop_3,2.9291582673366325,3.160107808398385,3.100945092832807,3.216798989231095
62687,pop_3,2.9292458687999257,3.4825530991401847,3.7444685340442523,3.363071933370413
62688,pop_3,2.748689633720317,2.839016448409093,3.2480947201024684,3.6512386087317568
62689,pop_3,3.089408470179157,2.7479361172908825,3.7925944226837474,2.948491784706278
62690,pop_3,3.3011522127940567,2.8061065195758164,3.0532141664458154,3.189213496360302
62691,pop_3,3.0453362635015218,3.68252846729267,3.3208506272874314,2.7353372497913346
62692,pop_3,2.975184877734473,2.8853250514502005,2.9337036213895638,3.382014107715343
62693,pop_3,3.4575522785658324,3.2081541949096826,3.3665653505547457,2.7362036733640758
62694,pop_3,2.6527226036312945,3.0762588772513166,3.161010970575716,3.5914105332428035
62695,pop_3,3.3116424089000396,3.083384760355343,2.9976351195302606,2.9902686134978542
62696,pop_3,3.046937773745368,3.458126804762564,3.333824396440996,3.3990440034792693
62697,pop_3,2.9288904160571665,3.29730593508878,3.5858142227856544,3.346022432010856
62698,pop_3,3.2404823492403403,3.1614482882846304,3.279089592923842,2.988367832370903
62699,pop_3,2.8591351578690203,3.134039213426312,3.558301436831595,2.9642176735856594
62700,pop_3,2.6605724624143114,2.8491064610341117,3.0472762131704436,3.7080224254474503
62701,pop_3,3.331338663062111,3.2801607546714,3.233247567444987,3.3414944787101217
62702,pop_3,2.445812316406285,2.8836345560325407,3.397600409025062,3.3566436500156454
62703,pop_3,3.0086417373140892,2.768174786401853,3.570012619744797,3.3786230248966556
62704,pop_3,3.180524975791064,2.557554882132502,3.2948618839232213,3.4323535615481746
62705,pop_3,3.059292331488683,3.211749209048592,3.2546422633389422,3.178457875211491
62706,pop_3,2.8154997981110115,3.291738865570115,3.4912154497567003,3.249097799474289
62707,pop_3,2.6433595363652573,2.964114485054886,3.5769470159238232,3.0944995914422657
62708,pop_3,2.7736747830821944,2.9696958903827446,3.1234395616573916,3.0760155421213953
62709,pop_3,2.876956146934241,3.1870078819400245,3.4141427834594857,3.2337931284215236
62710,pop_3,2.814468519238577,2.7374639502232885,3.5712864932287434,2.973081063943895
62711,pop_3,2.6387808408572977,2.582925223042895,2.717052889734611,3.5381438028107466
62712,pop_3,3.306645188705259,2.968328359257393,3.413695226254571,3.282457940411845
62713,pop_3,2.362535062515616,3.693028277190086,3.1699500183167295,3.0995641429185277
62714,pop_3,2.859190511725136,3.177069267988856,3.604978203325407,3.6413096680934673
62715,pop_3,2.9738536923366494,2.9765127083027347,3.113537898214275,4.009630986518851
62716,pop_3,2.7455982453605663,2.8333033978360542,3.38979669487895,3.532929152557041
62717,pop_3,3.159283903113352,2.378001605808026,3.660862746725416,3.115522922844477
62718,pop_3,3.069981151102095,3.2252299119927876,3.017787170833129,3.276918387803844
62719,pop_3,2.8698829583517376,2.949246213797799,3.827130455746726,3.465024285595349
62720,pop_3,2.938640066505236,3.1657723413023295,3.4959083224515726,2.9187181634239963
62721,pop_3,2.928149594830682,3.3701905307962137,3.077760597211774,3.0488276169451116
62722,pop_3,2.69330488642157,3.0812599188020506,3.6545890525147255,2.560844349180821
62723,pop_3,2.8963228761255357,3.3079602255147527,3.705010500177602,3.0928474966713932
62724,pop_3,2.8145232414589625,2.9157888531257075,3.3496742629494203,3.6256405184012817
62725,pop_3,3.050390335132354,3.3309045035707467,3.7233955987730623,3.5100057645364
62726,pop_3,3.256572307213119,2.947186070479048,3.167097632409758,2.760015825202047
62727,pop_3,2.700068158835316,2.708266229795825,3.210730504877282,3.6253258275484077
62728,pop_3,2.7664006518471607,2.7895440997623666,3.1385344416572227,3.1756268375898684
62729,pop_3,2.959938607535016,2.8323570096107127,2.8944285463466173,3.4713034681937263
62730,pop_3,3.2336295214361055,2.426410270029426,3.177882755475105,3.886633146247645
62731,pop_3,2.948787353895612,3.05131938360822,3.7362631429338893,3.343508469187496
62732,pop_3,3.02187066000975,2.9793987477003587,3.375559170176557,3.7314521555947966
62733,pop_3,3.3056962604524687,3.2358541281138242,3.425487099003546,2.8792669607414427
62734,pop_3,3.1451403283853856,2.930150708403906,3.2600356203736083,3.5008996479697307
62735,pop_3,2.613876322886019,2.588930237737687,3.8843326437719825,2.7942428988641903
62736,pop_3,2.9222758676014804,2.90177159347671,3.905824335761731,3.1546153225522238
62737,pop_3,2.9452957385064007,2.779724606930642,2.819908161554446,4.081585173005042
62738,pop_3,2.4100014499517783,3.366891571871183,3.8864441792194184,3.109015217806262
62739,pop_3,2.644073734852617,2.92991305798864,3.3263877768501975,3.250653785421682
62740,pop_3,3.18091757067811,3.025739098440171,3.5968849865333445,3.2802426324382563
62741,pop_3,3.0109590704058533,3.071712095870109,3.29917887474625,3.353267423696467
62742,pop_3,2.6754599756533595,3.084309423814556,3.2312940931376044,3.2165717045254714
62743,pop_3,2.6822923986438636,3.027383957576345,3.1905183061943583,3.4441642613969843
62744,pop_3,2.704697109044636,2.923778732685931,3.3474536704903564,3.7828250674041772
62745,pop_3,2.7821728494807787,3.3555616949411924,3.3733583772693714,2.818920659768061
62746,pop_3,2.8487940308891,3.003375197182606,3.057183752104671,3.3222820807951075
62747,pop_3,3.038806934158829,3.272689608787628,3.4208257613800783,3.8363994221164854
62748,pop_3,3.116953718674658,2.952639094698045,3.5374296705771515,3.7116430171721118
62749,pop_3,2.9009264199431715,2.8651871206717434,3.72794685532931,3.3388629326278156
62750,pop_3,3.143401975261169,3.0692720793079187,3.6561743447157924,3.0655837113223363
62751,pop_3,2.709425971635289,3.0199015943797485,3.4918724329631767,3.347425016287804
62752,pop_3,2.868860326847343,3.078215776371301,3.5131421465448778,3.138664031793893
62753,pop_3,3.019927942022088,2.8581798937045018,3.136901302781154,3.888788982999292
62754,pop_3,2.74133450034421,2.9638489636679393,3.028604011973593,3.1453838156687333
62755,pop_3,3.275967258828494,3.06033130436675,2.97374268907771,3.3619787005704334
62756,pop_3,3.1331355914428496,3.17998313208712,3.0270061723146657,3.401679922855556
62757,pop_3,2.622510488361898,3.1549596619881903,3.179087637163021,3.2280157880640465
62758,pop_3,2.3501173115221654,3.684526649853074,4.043167125585255,3.1774345780691124
62759,pop_3,2.4305897557050216,2.7924559298013074,3.2546201246360593,3.168945239158911
62760,pop_3,3.237649812433624,2.933781032432668,3.8140639655437085,3.5546560716921825
62761,pop_3,2.9533604455874496,2.9964682681278934,3.3499402760590558,3.040249522887439
62762,pop_3,2.7972084769939523,3.1656964459119146,3.4353266329830676,2.834524755487183
62763,pop_3,2.836495302773927,2.854316242615835,3.1163273415927026,3.2500879548167294
62764,pop_3,2.9360617864845238,3.246593881360049,3.3352890157220516,2.657600441960842
62765,pop_3,2.941686395047484,2.907091176469198,3.3112869293278195,2.986204299611681
62766,pop_3,3.002325400380051,3.2188050622011217,3.430399062432356,2.7475675606126124
62767,pop_3,2.808469727979192,3.1426006010427483,3.499454116143431,3.6226145711459075
62768,pop_3,2.8962783224972464,3.3090283876074995,3.630736085700903,2.9438686099739324
62769,pop_3,2.53757809397014,3.040904664373698,3.0409450157169764,3.1075794213932757
62770,pop_3,2.9010634728706064,3.2449662671213706,3.5223656906107137,2.843838129079923
62771,pop_3,3.1702375860195766,3.03824510484801,3.446627930477158,3.6475949058730635
62772,pop_3,2.8403384513325736,2.562527314709946,3.2529266540506026,3.648785774144259
62773,pop_3,2.836595576003556,3.0582422650176784,3.8487644483849492,3.4068098307795958
62774,pop_3,2.5556178585239544,3.4416899617466923,2.857094079013324,3.4764851025458015
62775,pop_3,2.4540450075235483,2.6463197010206705,3.1359670646649396,3.7088945644288374
62776,pop_3,2.9848147850705304,3.167000985496084,3.336174503195584,3.062992203355592
62777,pop_3,2.929815994738197,2.6517271655822037,3.626633220689721,3.200272813136525
62778,pop_3,2.671811453654714,3.1329282228943756,3.3913680390324514,3.13782439587858
62779,pop_3,2.7920581644131746,2.812045720860615,2.863689231638605,3.2867778473246174
62780,pop_3,2.940055852235026,3.2278361720475828,3.3916215152014857,3.3809396882809057
62781,pop_3,3.1744565961534525,2.8544183144455895,3.444886760091587,3.218009035197575
62782,pop_3,2.4061200220536856,3.186725045285611,3.492274547836256,3.105604751688393
62783,pop_3,3.0686800911163075,3.1088769356368484,3.4648021492014305,4.0168990502954225
62784,pop_3,2.8543672274845955,3.0517479780408925,3.52449090786686,3.18443000720611
62785,pop_3,2.773764339397252,2.8852366086327184,3.409855219932336,3.3228291144660105
62786,pop_3,2.6582147189643153,2.93804167384839,3.369662986218085,3.671409061671424
62787,pop_3,3.2663751538582892,3.070592411119702,3.206006885897101,3.04423946508018
62788,pop_3,2.9261075320825274,3.245827087801108,3.1817260137191994,3.1041851553487523
62789,pop_3,3.2274932392560474,3.4022158949717034,3.431103759380244,3.0744281307684522
62790,pop_3,2.906195190256433,3.136970268556426,3.2531660558709565,3.73049276814078
62791,pop_3,3.212867026814682,2.861173548060797,3.5022186197866447,3.3236212817200843
62792,pop_3,3.212593605822685,2.7727886977750775,3.4248455074689943,3.423856227739779
62793,pop_3,3.2452502798867937,3.1394430600057137,3.6053593064477485,2.8952836344287505
62794,pop_3,2.9934580751151234,2.9421386464069026,3.2580240288415605,3.505779649687901
62795,pop_3,2.825516439966321,3.095661334735336,3.663289991692179,3.5701809713791506
62796,pop_3,2.66424560399935,2.6635517588664825,3.4608703616569745,3.5895782262829576
62797,pop_3,2.8820635549200126,3.147711757350834,3.198559057692228,3.4583158256353834
62798,pop_3,3.1847870679056456,2.835913354793299,3.9644577125115164,3.3849494166026486
62799,pop_3,2.8029971487664764,3.27223593104721,3.237705422801398,3.5214492946793547
62800,pop_3,2.588738174308546,3.1046158010295763,3.255578589394964,3.282488325261698
62801,pop_3,3.1336764594167508,2.925597077910144,3.6695983081703853,3.2304642871525684
62802,pop_3,2.586793537890049,2.35518448159258,3.662208706903241,3.473920327390843
62803,pop_3,2.8831815745219576,2.770047501826188,3.0893066831378193,3.1628288897403536
62804,pop_3,2.486833746137468,2.764908438363596,3.510378646343545,3.283485966106761
62805,pop_3,2.8279391801380998,3.026097250868617,3.0495184813064697,3.021262471703107
62806,pop_3,3.2338125562797515,3.2176852314748996,3.0965353103483024,3.6473147341728662
62807,pop_3,2.9889955985483954,3.4875906491259903,3.5644256996345947,3.0214618778709488
62808,pop_3,2.6914355710708056,3.183376787241723,3.50362883240873,2.7576216992720672
62809,pop_3,2.964816637742418,2.483998693430361,3.198158432501934,3.779635056067343
62810,pop_3,2.9135002551926417,2.5470595980883597,3.1248511458719515,4.016575868003228
62811,pop_3,2.640163595107343,2.8361423566419344,3.0070955797759975,4.173947066625763
62812,pop_3,2.7954401987571367,2.921578680225637,3.5558900460504987,2.7082085878506548
62813,pop_3,2.554906839008332,2.8217351648065696,3.0701602125497907,3.088761304414189
62814,pop_3,3.3275714385201964,3.1535504057617723,3.5431320891064986,2.859500196865832
62815,pop_3,2.7231070299337796,2.8304702519893055,3.5489853047533817,3.312476934274285
62816,pop_3,2.9241200257119293,3.071581944812803,3.2839845918440935,3.1502811994886044
62817,pop_3,2.850938017536334,3.1172149769408106,3.3261997401627044,2.800935177549859
62818,pop_3,2.993414804075194,3.258956513271281,3.1864300051213994,3.225283015429129
62819,pop_3,2.6808772771508824,2.861278629997073,3.1700588943313432,3.290157494277377
62820,pop_3,2.9861809042479925,2.863790118352953,3.4184379989619647,3.4154096068971525
62821,pop_3,2.6149385805856764,2.7636802972833108,3.169138624668439,3.414934003205367
62822,pop_3,2.3629198921051566,2.77728548834551,3.147564356772633,3.85435271718555
62823,pop_3,3.193569990819178,3.093020700944365,3.700559574513291,2.891158491840204
62824,pop_3,2.9958465266809924,3.2335677339346556,3.241314550442614,3.3173907635414754
62825,pop_3,3.0793670054196403,2.9689974573115263,3.1598232798184775,3.230514890566963
62826,pop_3,2.740049939232864,3.0651946102868557,3.5022327601385848,3.1220412567381346
62827,pop_3,3.102633814286449,2.971719375627585,3.543105322499026,3.4080066539249816
62828,pop_3,3.018089467951582,3.0266396386538204,3.2231235254522357,3.519958166453223
62829,pop_3,3.2172518436421096,2.899499254346652,3.3051073105582764,3.2779845393709826
62830,pop_3,3.2325110866013005,3.377761017046944,3.5165507188289826,3.1459294586856377
62831,pop_3,2.6846091440254147,2.5598461560019867,3.4258198380887097,4.0674535513846175
62832,pop_3,2.8016415088816036,3.1755078405304986,3.426835439324646,3.413733566412018
62833,pop_3,3.1058790717471045,2.881007083329711,3.1539342540782176,3.295842188875594
62834,pop_3,2.867646790945735,2.8633413395142226,3.4364824052975105,3.2579351174167535
62835,pop_3,2.8459202222236195,3.1078759976215795,3.1878578056167073,3.560625705231056
62836,pop_3,2.969188889362395,3.0243815976194774,3.331743278713655,3.555340226868055
62837,pop_3,3.1167217637362397,2.8048928340377226,3.2632187839607023,3.2958159879159483
62838,pop_3,2.8733969172053553,2.676677736731127,3.3512769464476255,3.821491951715644
62839,pop_3,3.2170204359469294,3.2578067557767914,3.3885320332702125,3.68422448506392
62840,pop_3,3.4136044075508414,3.332373474321761,2.912054026835992,3.3936460890074436
62841,pop_3,2.8243731355555077,2.913816763725323,2.91398978166511,3.4558071880024426
62842,pop_3,2.8264075042357972,2.93701154634531,3.2377785558317567,3.1016446548184065
62843,pop_3,2.5830661879076016,2.960532837944569,3.5824524156962667,3.1291675715652865
62844,pop_3,2.9508689746485843,2.969502428486013,3.239639696252819,3.375785115832085
62845,pop_3,2.965243132164209,2.83024574965289,3.6590939632195236,2.759904207588253
62846,pop_3,2.941207056618252,2.979152330164181,3.1515248280386694,3.0579192449901935
62847,pop_3,3.0258117599963548,3.3505918083029695,3.5148594526768626,3.1619235135942367
62848,pop_3,3.448716397716137,3.175226514776606,2.982946209443125,3.0900250791112933
62849,pop_3,2.4657751939830406,3.0796293820303804,3.09134969411065,3.415583376683388
62850,pop_3,2.7910951590731794,3.0561813218397087,3.3175895891591773,3.5540410573387238
62851,pop_3,2.744068454161339,3.392027558270133,3.697756344288583,3.2542768450740267
62852,pop_3,2.9976971419527305,3.438003606785941,3.3133991525115567,3.1563865754472458
62853,pop_3,2.6394929173378223,2.928166799277307,3.4292036634440546,3.110576073691637
62854,pop_3,3.0142134608718796,2.616725147719632,3.8818363926758135,3.4202440346939174
62855,pop_3,2.8680851723210368,2.4362103152856296,3.1019201227393713,3.4462746000432674
62856,pop_3,2.7909987382639687,2.8569590533952156,3.4343527506921574,3.37070045251071
62857,pop_3,2.798845027214273,2.9623873390847377,3.512651797777203,3.660235050936287
62858,pop_3,2.957293160756429,2.832291028233475,3.549933693656547,3.4069649915284086
62859,pop_3,3.0251497591089795,3.4019601661029117,3.112015466651925,3.175810657420733
62860,pop_3,2.9167240406641284,3.0832303372584673,3.3371241460341308,3.35848127584053
62861,pop_3,2.932663305049246,2.845699696842044,3.213998743916727,3.654823482476594
62862,pop_3,2.9911925073029266,3.0217935021402806,3.1173802887485955,2.89065655394193
62863,pop_3,3.2148883706209928,3.0184007273084625,3.473732116341222,3.1319272135266267
62864,pop_3,2.957710735832752,2.877453779426977,3.3885519025262423,3.2349748782624648
62865,pop_3,2.5852650276956632,2.6618668576995446,2.8962021886729743,3.6853505633286723
62866,pop_3,3.0488912309453817,3.32804450792095,3.2266415069251617,2.851693927234859
62867,pop_3,2.747144344708947,3.143924597571868,2.913747850601851,3.020633335996474
62868,pop_3,2.8230818548894114,3.018617230139441,3.5077613727095582,3.0233469601447474
62869,pop_3,2.9364536343428003,3.34040672518826,3.431882060375319,3.3363817180322717
62870,pop_3,2.584174224135193,3.145451839947538,3.7308338594353403,3.532021522208913
62871,pop_3,3.1307953520287346,3.040439129705981,3.2635572576693215,2.8703402259574093
62872,pop_3,2.786340163369738,3.2711592771923645,3.1697823228229667,3.734879036699277
62873,pop_3,2.9685948555845494,2.950470467735063,3.439906947725844,3.4939942036441263
62874,pop_3,2.708416798884407,2.709298735805805,3.3633000217700615,3.924436632123527
62875,pop_3,2.7081244833358,3.2827628841123757,3.7886721919701363,3.2494134462591004
62876,pop_3,3.2947270668543176,2.858352036608808,3.379435825639078,3.1870792310838314
62877,pop_3,3.1219616813156064,3.565904980772304,3.3333665518605673,3.0139437486229723
62878,pop_3,2.698505834096493,2.8608834373053895,2.9876397706230717,3.03757762967197
62879,pop_3,2.5575841191614956,3.2590350945862414,3.388395309299915,3.0511659816997123
62880,pop_3,3.2967962170952956,2.744782619612362,3.7821500224926714,2.616194896462971
62881,pop_3,2.6784933392799717,2.901137270369201,3.8092144230967175,3.287267482588289
62882,pop_3,3.0983220850688706,3.2073596924895065,3.4286174724735066,2.827478288457461
62883,pop_3,3.0200943797926003,2.840661760721029,3.484002125772948,3.6715530605690065
62884,pop_3,3.0255694038843632,2.940675424984978,2.9743068268375654,3.635478517855875
62885,pop_3,2.973828755586737,3.3897404230446795,3.523261353260443,2.8065953032543263
62886,pop_3,2.9457253916604227,3.240707432745346,3.3336382945529226,3.712901293097272
62887,pop_3,3.443923184025416,3.321091501835855,3.6353802874139007,3.276773002369288
62888,pop_3,2.6591991921300497,3.0083113283388894,3.3203354976119344,3.3346039687301867
62889,pop_3,3.0018713366473464,3.310458666737938,3.4786801376194076,3.658453383932094
62890,pop_3,2.921039265669588,3.2469121954729334,3.5540900196741974,3.157799098150833
62891,pop_3,3.3295342096926124,3.298456228748404,3.302251885061538,2.8479198285539034
62892,pop_3,3.2729345574175617,2.678569377078667,3.420357291383721,3.3983033160223974
62893,pop_3,2.795853600425599,3.0637568837827067,3.637638712771747,3.3885131365970755
62894,pop_3,3.184047456967393,2.895929475124691,3.5972200168897124,3.1367953399829114
62895,pop_3,3.5407459588145196,3.2564051577676376,3.485215450331389,3.096783709094092
62896,pop_3,3.010900654897021,2.419244025001093,3.3641404504071315,3.7771521545321405
62897,pop_3,3.2250711844233817,2.810978398064478,3.2630817613420686,3.8425562218768095
62898,pop_3,2.8777285085629547,3.1090870568700097,3.295422501746785,3.02437955513938
62899,pop_3,2.7326299245979673,2.9702677466961536,3.5694955985512116,3.308645587787637
62900,pop_3,2.857235425862656,2.5527323457726947,3.206069254732542,3.9736275361177387
62901,pop_3,2.9948682404914404,3.4345404132662325,3.7894759263924875,2.9042024069990497
62902,pop_3,3.2507475308394334,3.0430882214701134,3.2760189648403126,3.545373190171963
62903,pop_3,3.17472746593225,3.173701299909852,3.1123525467108886,3.409132645526999
62904,pop_3,2.9546200005097454,3.2542028937342367,3.3436751148196584,3.3785994110496866
62905,pop_3,2.6773629152499567,2.649848798127254,3.240913396123755,3.7616951988547602
62906,pop_3,3.103822841655658,3.3246729461964506,3.2911440986626768,3.0652905572541136
62907,pop_3,2.387086011613979,3.339585089152596,3.6091473919918156,3.222559728168681
62908,pop_3,2.9292611835892504,2.9813613766105393,3.535551132101586,3.0249877098789257
62909,pop_3,3.001594268985879,2.9701748254257287,3.846284611417241,3.1514883878904003
62910,pop_3,2.920557753772573,3.01281159938032,3.0135438228163887,3.4729685895804754
62911,pop_3,3.1337768010552893,2.955197102173431,3.4072344083118913,3.3838715128919086
62912,pop_3,2.677923356944912,2.9542529836645075,3.378113793664085,3.5119388339939497
62913,pop_3,3.0308456152353047,2.5852076497458945,3.5783340610901653,3.8297732657575487
62914,pop_3,2.8646211365452054,2.8773447836065396,3.529499489501547,3.3382448951728576
62915,pop_3,2.7741341301638394,2.9244695277868744,2.9993163619104446,4.071191379448578
62916,pop_3,3.031597971701107,3.1455138723850817,3.4044916520012656,2.5240732560954773
62917,pop_3,2.93444890172939,3.1158933805539566,3.1294221345036,3.1945262472377474
62918,pop_3,3.1942846016976287,2.855807374345785,3.4148761977094217,3.663820043831267
62919,pop_3,2.8287494515179974,2.98245998877658,3.5220053969406884,3.2277101269381325
62920,pop_3,2.5611735728932534,3.115521826633975,3.367328544056535,3.4211468866100554
62921,pop_3,3.133561016218863,3.186475618643586,3.538734671923743,2.752642929430761
62922,pop_3,3.0252967815878815,3.3430340388159996,3.560300657922155,2.5698900260290287
62923,pop_3,2.809358049195986,2.9242575814481118,3.1966647993323325,3.3391576035087573
62924,pop_3,3.0923211902072674,3.014996499343411,3.4080157984061112,3.468467441753869
62925,pop_3,3.2111975370948125,2.799003777578675,3.1286446481958827,3.1135780878445196
62926,pop_3,2.6432430334703163,2.735818880779722,3.0221796723012475,3.636861724706385
62927,pop_3,3.0940246784803485,3.0845854729014692,3.447611990879513,3.0115821714377784
62928,pop_3,2.759763247813337,2.865639254769628,3.036558833103113,3.896653994795849
62929,pop_3,3.1023111281455074,2.750259503772095,3.5910320584445845,3.078472549782698
62930,pop_3,2.626033745803906,2.951094050828058,3.6840404325313725,2.9612549586165056
62931,pop_3,2.6139707768317995,3.193948888540414,3.3909231388246006,3.0899367595705702
62932,pop_3,3.082284784850254,3.073701817585838,3.1392863003897715,3.309353181856086
62933,pop_3,2.823049573905203,3.148958298761195,3.726421852165127,3.034015964633701
62934,pop_3,3.3765063105859827,3.3539019070682943,3.4901110808675,2.5046611626452284
62935,pop_3,3.000747062894127,2.82670256637722,3.604948651524466,3.0596159973434927
62936,pop_3,3.17132321968829,3.2012124039736993,3.9437472815942973,2.8559259240521824
62937,pop_3,2.8837735499958943,2.7484722040484884,2.94188381038126,3.5044173760587842
62938,pop_3,2.856380222058592,3.19623949708803,3.2155072202599198,3.0677117878413487
62939,pop_3,2.8336375565462455,2.6312361697630533,3.3165435182527,3.2041863717824155
62940,pop_3,2.5818230905835806,2.8674181819671274,3.4681625157639715,3.2724333358949416
62941,pop_3,3.094536592640019,2.733816486046573,3.2733512925326926,3.362094249118132
62942,pop_3,2.908244753251294,3.0144060604304546,3.363315747152898,2.9997500133047916
62943,pop_3,2.900055617428202,3.0965401947670106,3.30002212914031,2.8867743380885074
62944,pop_3,2.99298012474768,3.347198329892521,3.5775836095665676,3.24230287579809
62945,pop_3,2.701986370084016,3.5516615248884706,3.3169950524044016,3.377693958465393
62946,pop_3,2.358297989994697,2.796861854981184,3.3218735331748035,3.687883146739134
62947,pop_3,2.7777274417882167,3.0070486863494774,3.598985963104859,3.6692724560267163
62948,pop_3,3.160278675934363,3.4544842391017956,3.738621812599021,2.3572025756341675
62949,pop_3,3.1100247502326486,3.7013930511340405,3.5738923503592854,2.7474869979740166
62950,pop_3,3.178189369469478,2.7486515640676537,3.3849448133141427,3.5387495149432096
62951,pop_3,2.8599245332829377,3.194103967363904,3.3693015826530996,3.630038678413762
62952,pop_3,3.126947578141617,2.686920596142983,4.113971499238185,3.256151770066194
62953,pop_3,2.892862713509754,3.1212510162381544,3.223966263414609,3.25499503588762
62954,pop_3,2.7403152413533878,2.9293161848955096,3.0170302538169236,3.378642561101165
62955,pop_3,3.1878910342563174,2.9346124891551058,3.302452496098027,2.997841567418467
62956,pop_3,3.1690197508057247,3.506690304869388,3.328810906833017,2.9239339604861256
62957,pop_3,2.9204174777337517,3.16746230716308,3.6192105220984314,3.031144920521472
62958,pop_3,3.1735192433881934,3.13875267922985,3.349395661807356,3.5197825820950324
62959,pop_3,2.6907508811022063,2.5885242051797497,3.1964935806779446,3.6274023402070794
62960,pop_3,2.88866792202797,2.8913205330169904,3.214269453543477,3.4350727459349772
62961,pop_3,2.6354497375557964,2.929916268498656,3.603732467329055,3.1992094613915563
62962,pop_3,3.08675317494918,2.7463238192976664,3.5017813360784027,3.436022126416233
62963,pop_3,2.3851075668090527,2.628948043064213,3.278352774234523,3.1212779879935946
62964,pop_3,2.843887877103053,2.8944759112900376,3.563382680016377,2.8608805407651396
62965,pop_3,2.3004539147860505,2.7321913077120166,3.3802058365448664,3.3435423855521997
62966,pop_3,3.1527632322975103,2.929398619873481,3.590307492793723,3.135770515488768
62967,pop_3,2.7543595767958347,3.014723013246188,3.517166057676187,3.7764890452881015
62968,pop_3,2.5479494309960966,2.854812058913071,3.1655527384359607,3.282857432605634
62969,pop_3,3.1519330750244996,3.467439213305151,3.4251995158041946,2.826205378961979
62970,pop_3,3.141156854006395,3.0102885386874876,3.628291843616725,2.8748548367288804
62971,pop_3,3.339185640348023,3.1286610706312947,3.445898438493162,3.2792813882487057
62972,pop_3,2.79388113252614,2.75833664523288,2.9666239167837096,3.723076052043893
62973,pop_3,2.9277721033165847,2.9589985604297024,3.3143039960153686,3.522812976151998
62974,pop_3,2.7388337075092823,3.28977286789193,3.2920045751420903,3.3665918451335157
62975,pop_3,3.1827583737010112,3.3608585419370045,3.727318814339753,3.3140977251461123
62976,pop_3,2.9850600760673793,2.616886359551547,3.2384131291258877,3.9229897638664886
62977,pop_3,3.134786680637348,2.7123677478371104,3.161768970362256,3.258784675078256
62978,pop_3,3.3195950742592806,2.777975295835521,3.571166308826486,3.2679153592455665
62979,pop_3,3.6622195951472607,3.063806498663362,3.457116984649881,3.236741104508381
62980,pop_3,2.7661106550585033,3.2500222739663216,3.6994843230522148,3.1649230391279737
62981,pop_3,3.0407691702688,3.1639642851070335,3.803302480374243,2.98410807940463
62982,pop_3,2.6623679075430133,2.75231896895927,3.260997482833237,3.5278988774118964
62983,pop_3,2.529810632713463,3.0923986260269056,3.0074120870366405,3.878632342593759
62984,pop_3,3.3589986691852776,3.2288434091360605,3.450316288084215,3.3040194111613945
62985,pop_3,2.8513294210069673,2.9180171365701653,3.2425664826934097,3.359003405038919
62986,pop_3,2.908362820631858,3.1252815139250565,3.6408586987453866,3.435216643185834
62987,pop_3,2.9679087135719335,3.126976108306972,3.5154334520516457,3.0137196787854594
62988,pop_3,2.56304817047921,2.8692355385898543,3.307863082170407,3.0298837247152677
62989,pop_3,3.4544288587399716,3.550133263135895,3.4993335189163624,2.885484876684999
62990,pop_3,2.6354979429690393,2.433865346085354,3.128208479651382,4.170104381724211
62991,pop_3,2.916447708743484,2.628756445685937,3.4429219154244137,3.8198884544746283
62992,pop_3,2.931973952783032,2.7434766775511745,3.7006411257137857,3.348517814924809
62993,pop_3,2.923067478519869,2.635122270404155,3.472209870847742,3.197353286239403
62994,pop_3,3.175706129169551,3.431803267065878,3.658175918758534,3.117579191153099
62995,pop_3,2.6203157869432596,2.859843832708927,3.3593920773041694,4.141612399022158
62996,pop_3,3.34519061839349,2.587290568875741,3.1163586274978887,3.3229195508809335
62997,pop_3,2.755889060369384,3.007901830203026,3.514105270684418,3.4005372788781356
62998,pop_3,2.9683065592735485,3.246211705745084,3.072502673206933,3.647949011015929
62999,pop_3,2.645862288224455,2.8840863876284,3.7153797633814443,3.554487620108626
72000,pop_4,3.0999141665264127,2.5078709038023073,3.517943622778353,2.9403722483716357
72001,pop_4,3.2341732615101453,2.8254244159777344,3.002030792079814,2.400956190186122
72002,pop_4,3.0538405867384886,3.143813373071274,2.612627954235259,2.510689307761626
72003,pop_4,3.393314716921967,3.108415822220882,2.7019321574656083,2.5040747318286436
72004,pop_4,2.8815468321691564,3.0804485574855835,3.038988875579761,2.046046999678594
72005,pop_4,2.8631665866862583,2.5270588308630373,2.872449503565061,2.4674082629952383
72006,pop_4,3.2107711719092507,3.1150320125894004,3.2982267012959214,2.4535040178494394
72007,pop_4,2.627144655313752,3.2808579565722837,3.3039659254299782,2.6174965357716893
72008,pop_4,2.8250930928065032,2.8806432081089732,3.655897029881731,2.340843405018421
72009,pop_4,3.047039404286427,2.952620694186958,2.6400881227827515,2.162785479529586
72010,pop_4,2.908406197471171,2.7465194102840065,3.2150885421992275,2.102963823700445
72011,pop_4,3.0426894736187116,2.9927562391134863,3.2177285512152927,2.479337991208337
72012,pop_4,2.9927660432024754,2.9024756123106905,2.9311828418798616,2.453054104014324
72013,pop_4,3.199651817074247,3.183051959298638,3.089318728494573,2.335698488939585
72014,pop_4,3.4719881910067465,2.2067961779624117,3.6773944395438916,2.791623187095341
72015,pop_4,3.0138335082012278,2.824083569567481,3.2095288736946412,2.426922453824174
72016,pop_4,3.2431812412438434,2.3363526739127622,3.2258572495955753,2.418145734110783
72017,pop_4,3.1047257204335845,3.2222532095768472,2.4770359492080978,1.9205704651155404
72018,pop_4,2.9474367837134383,3.513530860987863,2.7887750132732063,2.359632215077798
72019,pop_4,3.2569067395007507,2.658591748004654,3.238304135274493,2.751642118085175
72020,pop_4,3.0247788903102393,2.619045924585982,3.388555688643789,2.5507466241785224
72021,pop_4,3.260625837086428,2.9801550415375075,2.8556859710232927,2.6699699192104362
72022,pop_4,3.1295068154040586,2.806256034593603,3.2259882561207034,2.3772131355324104
72023,pop_4,3.1510279727160344,2.507714762653922,3.6308341951991365,2.731585133904601
72024,pop_4,3.216084153888543,3.22183130831292,2.9983584612003624,1.8426421979815815
72025,pop_4,3.0237848707900916,3.15623169962914,3.21343518158567,2.0071638975076476
72026,pop_4,2.6965017561942424,2.8676735291873148,3.108010960441745,2.719745287250391
72027,pop_4,2.9999983509041024,2.338178391238086,3.2201337536126062,2.760686923108009
72028,pop_4,3.157896036833425,2.6208678337611335,3.400729496764493,2.6673096101480502
72029,pop_4,2.8223812056784974,2.3954310314329406,3.198556677575312,2.305635155357169
72030,pop_4,2.691822487553465,2.824795672950841,3.335416395251008,2.530074735896157
72031,pop_4,3.2414857261048575,2.469190925571868,3.1931322313455297,2.6706822315427283
72032,pop_4,3.179960865414999,3.021976332913611,2.4122385523019587,2.1164924411381016
72033,pop_4,2.972895341939283,2.2569243558997183,3.6275953303704047,2.2769076403478694
72034,pop_4,3.0510607783983588,2.883288032488436,3.116909202611686,2.131237698967329
72035,pop_4,2.7197040262363585,3.0095146642376824,3.437885075812826,2.136296957586877
72036,pop_4,3.2359427142112027,3.0178960332482347,2.8147740992533365,2.267446336832085
72037,pop_4,3.3544708505442062,3.333989523764149,3.0514853710207257,2.017918155946265
72038,pop_4,3.0337121426691,2.7007034905250777,3.003635898537494,3.1862037474831952
72039,pop_4,3.0101880744653693,2.707657760986864,3.0696292436699752,2.2366348540251124
72040,pop_4,2.77546414978258,2.4603521582081505,3.521370005784452,3.0048432019629283
72041,pop_4,2.992684332401466,2.710256354106006,3.2024944542616764,2.114861589979277
72042,pop_4,2.938585368810223,2.946122774276026,3.163861953590992,2.428219790397476
72043,pop_4,3.162458237409704,2.5246175424043713,3.321034564870828,2.324068764593601
72044,pop_4,2.872184064885057,2.726581906291137,3.1317827055005445,2.5473071149871083
72045,pop_4,2.8093797289912805,2.606673702641299,3.045885500423425,2.6977157431661913
72046,pop_4,3.342864432164624,3.0866500647978716,3.3841416486558176,2.386393604123682
72047,pop_4,3.1435503985572772,2.9843274391776093,2.9361899573776435,2.52865406327356
72048,pop_4,2.936660440986074,2.6922037442562727,3.222857488475545,2.6561308405905573
72049,pop_4,2.986704673237694,2.300180360708181,3.0860957537939697,2.925598115407102
72050,pop_4,3.010252815084118,2.9033136923306646,3.321487961203536,2.5752243335964526
72051,pop_4,3.3007734615757367,3.0939995198445502,3.3782895375032966,2.6419443470697805
72052,pop_4,2.7544441718934736,2.441729587651049,3.7684231786963442,2.4244874444162807
72053,pop_4,2.8576449551534076,2.6038896221508154,3.285349762013832,2.7562910002388277
72054,pop_4,3.15393636168357,2.5223875428144753,2.984032252996234,2.554689122651454
72055,pop_4,2.854512882667151,2.6059472186997445,3.4737296551329764,2.433393413417988
72056,pop_4,2.799530732713085,2.936835227765457,3.278949059360498,2.167778753697199
72057,pop_4,3.41259023249572,2.6595797577717293,2.7177142819900943,2.549527713168641
72058,pop_4,2.8893662955144452,2.974807977180309,2.774105907561287,2.190100399385234
72059,pop_4,2.6163911359165404,2.7030890416311624,3.731901428595699,2.414408012510066
72060,pop_4,3.094394781295814,2.925651187845613,3.3678114836613973,2.4396526676159285
72061,pop_4,2.819070175167782,3.008639020196065,3.1774044306027203,2.257870233251999
72062,pop_4,3.121104883614141,2.767910151123905,3.0504721043067216,2.752693533348933
72063,pop_4,2.9868381071018124,3.181098940672626,3.0564158072177827,2.6011447418599656
72064,pop_4,3.366025336032464,3.1161692255855282,3.3417156672664157,2.4238049971353206
72065,pop_4,2.9337549781834102,2.4492767211245816,3.347245570392197,2.185682522120198
72066,pop_4,2.897572716288064,2.507758184377322,3.3407721321739996,2.811311690519275
72067,pop_4,2.8854265573421687,2.4667590984715733,3.87568801455804,2.529950466543443
72068,pop_4,3.559029533748364,2.965609427927048,2.664819012816688,2.696790730988694
72069,pop_4,2.7976094391349475,2.8050442912219045,3.440680340090133,2.3385341853261927
72070,pop_4,2.880349179649592,2.915340569029911,3.255900536148143,2.5909617767912545
72071,pop_4,2.730914797307075,2.6441539021879032,3.516736533287252,2.459241031703235
72072,pop_4,3.073537332511768,2.759165965122949,3.1377153772309843,2.2830759807772956
72073,pop_4,3.144510105478008,2.7677898667980267,2.9703757696392117,2.4165269183838807
72074,pop_4,2.99364960540503,2.350056706687967,3.2878952572633686,3.076593905640152
72075,pop_4,3.1117409020392883,2.4039894934949126,3.5224884742029436,3.1366228988654425
72076,pop_4,2.917532468986586,2.332521279610396,3.0621846631345497,2.7421294928731754
72077,pop_4,2.983115472891915,2.7963080998170877,3.2332558253642936,2.389145913711359
72078,pop_4,3.228681664706026,3.098876210107098,3.027576037158737,2.4439311498604672
72079,pop_4,3.1054049263401726,2.3807902233422324,3.2468872764448724,2.3992384800693407
72080,pop_4,3.1931109762657446,2.98124433386783,2.936884078905892,2.598126942059321
72081,pop_4,3.2992528065276403,2.95727240832137,3.0048864177973327,2.2463454671430054
72082,pop_4,2.8492862701928146,2.9722227854789405,2.9930399682615816,2.6537893126159258
72083,pop_4,3.3988760358119854,2.6674348901955804,2.8975581180509793,2.4509587697955433
72084,pop_4,2.863300876029355,2.913764317975523,3.019531818345659,1.994928735346679
72085,pop_4,3.037767857200931,3.067767799500679,2.639819272427896,2.590056967693565
72086,pop_4,2.686526628583356,2.439932489653803,2.9042741923571342,2.674107637561179
72087,pop_4,2.8658166471965423,3.0193546464558088,2.677566721565149,2.13735612724272
72088,pop_4,3.3162878434942678,2.835020120207953,3.041962857386327,2.2833202883818986
72089,pop_4,3.2754956090543317,2.963286923921594,3.0101866290629595,2.56365645680106
72090,pop_4,3.0023310411459834,2.433059799146637,2.9657602203603983,2.2938495584247236
72091,pop_4,2.7790282064977943,2.585667859095613,3.4047953319997073,2.3664622752920597
72092,pop_4,3.0323136136750275,3.1049112584549565,3.0818362499367358,2.0123138154556703
72093,pop_4,3.1471892846123284,2.705319959173997,2.9279787964370074,2.5547202049345423
72094,pop_4,2.857054106582789,3.1881601748551356,3.509398443848553,2.3349953014682083
72095,pop_4,2.7448099769129413,2.86941402727286,3.1167052337569943,1.8465271401794014
72096,pop_4,2.6801209133946458,2.5308027056385582,3.5137190182114972,2.8049139916972847
72097,pop_4,3.063497308541521,2.6889559266573526,3.4036086983070906,2.696199009819967
72098,pop_4,3.0230753242505544,2.89878277757139,2.8221962317894076,2.1877049888949656
72099,pop_4,2.6643859359144337,2.9458881861139075,2.9854497542177554,2.187734477671719
72100,pop_4,3.1070866570383693,2.713648743008738,2.9496964588670953,1.9951600416329065
72101,pop_4,3.209735717905259,2.750273750735625,2.7661481289600096,2.0960364191022123
72102,pop_4,2.401988730141664,2.573686179769836,3.315542266984002,2.8389220685395054
72103,pop_4,3.011822225185579,2.744879055542225,3.336982675243077,2.209727002146723
72104,pop_4,2.7114227882784485,2.706323324813652,3.2249608874828857,2.01845252645674
72105,pop_4,2.943444560933128,2.732350088028346,2.7894472999203312,1.9434073716779867
72106,pop_4,3.2173423554828133,2.6287233538911092,3.0181335819182555,2.5153997987268157
72107,pop_4,2.431558733727978,2.396544962346935,2.7933780684777596,2.3520430885440473
72108,pop_4,3.047241697948151,3.119734391715961,2.3724245220550855,2.349604495791428
72109,pop_4,2.6846110157152565,2.67191522560986,2.7789584683684927,2.3190283357391994
72110,pop_4,3.3014615813727684,2.8279515345413464,3.1797163215748103,2.079375180985508
72111,pop_4,2.8753687019136187,2.5277177289749035,3.2023939940002775,2.7580200022914925
72112,pop_4,2.7338380807064544,3.222591106301369,3.1037198891181887,2.7160939538042324
72113,pop_4,3.247276115282495,3.0830524081555177,3.007962403993759,2.496203061713411
72114,pop_4,3.154336905221194,2.9533511775665464,3.0129387200101103,2.787684535250827
72115,pop_4,3.0526978473338073,3.2199394282864553,3.0609914560148934,2.267929688625271
72116,pop_4,3.254528791189673,2.355686126102331,3.262723047574088,2.184401614701092
72117,pop_4,2.846864247205965,2.707554246617458,2.931615193754011,2.4889894289783543
72118,pop_4,3.017425351284124,2.6679244296463227,3.328990446134481,2.2796659337727063
72119,pop_4,3.038701769678193,2.603177846857236,3.2211949821274404,2.566919854464539
72120,pop_4,3.0811449150109342,2.585111802400261,3.0128205611835464,2.2198889716505343
72121,pop_4,3.991223722854908,2.38133812930677,2.9153940914580194,2.9493724388762357
72122,pop_4,3.0338623214691665,3.2434203540550812,2.8528873123313128,2.3264965443573145
72123,pop_4,2.615194347409681,2.504376965674557,2.9536233393243108,2.8121199705177524
72124,pop_4,3.007772801740514,2.754936445915802,3.223618368425539,2.1520868290311657
72125,pop_4,3.0716623060407184,2.4554125300648226,3.6344444958133004,2.5312954543375845
72126,pop_4,3.133178021538403,2.1420148489904065,3.023046862990699,2.5109021386286505
72127,pop_4,2.545247443728994,2.898683052324933,3.748949262523189,2.62211009994211
72128,pop_4,2.8827196430433166,2.5191179363821963,3.155881500086225,2.748439013755811
72129,pop_4,3.0669246415244817,2.4011886559417954,3.321380283579481,2.8743794283647675
72130,pop_4,3.1613086769408545,2.8400414649876913,3.024640372035985,2.429724576900973
72131,pop_4,3.1594926329440502,2.158684202084456,3.038458634147186,2.8443501016667114
72132,pop_4,3.085107022065841,2.821039165337285,3.478223199272172,2.976770828289748
72133,pop_4,2.7369983466677272,2.904063719997377,2.99670355345861,2.3484258750931524
72134,pop_4,3.14844994409601,2.935878965693837,2.9318436815852142,2.2636509290196623
72135,pop_4,3.0900841176322698,2.45782107513926,3.2858031281908087,2.7788086964790195
72136,pop_4,3.204308040595444,2.6496102804105695,3.3874638468520177,2.492737359811011
72137,pop_4,3.2653886578844915,2.7942052826417454,3.551017500170546,2.406099916572286
72138,pop_4,2.8609694666057126,2.678093104606162,2.981950131340532,2.1866328868242997
72139,pop_4,2.8004910118320825,2.627875592234582,2.8814837404669387,2.536068713888106
72140,pop_4,2.9624889421310097,2.7241170097245933,3.131489704742081,2.9486123739901773
72141,pop_4,3.128487117152046,2.8026061544854013,3.4684423349959848,2.5990072488488094
72142,pop_4,3.1601094731312034,2.717919708032623,2.9006230915838733,2.444568151072184
72143,pop_4,3.063974087370131,2.568615251964666,3.1462302956182535,2.601414077659768
72144,pop_4,2.7334566282848236,2.635548337222545,3.045841242268516,2.4214643200827193
72145,pop_4,3.0691711638209775,2.1987140383295944,3.189953679506325,2.5633445809343214
72146,pop_4,3.291341450903863,3.0796457177002696,2.5666380048906543,2.291949577102019
72147,pop_4,3.0234031378953135,2.9376433456468347,2.753970149960578,2.6951147761263132
72148,pop_4,3.2565549798401987,2.330247814890142,3.5189199453622404,2.9106927383927763
72149,pop_4,3.3297707187531147,2.4857920402058427,2.947082824843477,2.519586842811385
72150,pop_4,3.212653219858937,2.781599519117404,3.1264389996608744,2.673638104166619
72151,pop_4,3.0216684887596705,2.1305393475627263,3.4586444247652377,2.6756487769083392
72152,pop_4,2.9771386253468193,2.329731587700427,3.7443272062647295,2.7746253394595577
72153,pop_4,2.52474244146903,2.693332143614508,3.2501540505782387,2.691004604718585
72154,pop_4,3.0154553413458554,2.69351991220746,3.2984779733871394,2.264831950350055
72155,pop_4,3.2113625055854342,3.1892274139451056,2.623501894328974,1.9658645271703292
72156,pop_4,3.139556341335885,2.3917522923368906,3.3681472820580556,2.663473638196623
72157,pop_4,2.860796999474495,2.58258795977335,3.2608212630892033,2.2005220677470763
72158,pop_4,2.857330023574729,2.285288775782509,3.230290999690809,2.4247293829325702
72159,pop_4,2.714090400350926,2.6167637154369503,3.4566186488671633,2.696393493093929
72160,pop_4,3.2531529480274552,2.793107559398816,3.2300628598735357,2.133624681586404
72161,pop_4,2.971301747105431,2.91005222645647,3.1540084687319196,2.5605705284460267
72162,pop_4,2.955689645032468,2.3475051821238533,3.6611170922604344,2.3535969715693823
72163,pop_4,3.1516922689922025,2.538086854069997,2.619044377901823,2.7731516407692176
72164,pop_4,3.097541123617916,2.3706961846232835,3.3754476800076554,3.068303484037733
72165,pop_4,2.839629428089675,2.5762209157373603,3.134940507642007,2.5311540147628873
72166,pop_4,2.5710822262646906,3.234983149207616,3.0842885308926125,2.5409282240150133
72167,pop_4,3.2546445904525654,2.742325272610556,3.059914517387015,2.618105865981565
72168,pop_4,3.134591738637025,2.436582203025426,3.054792037560859,2.076111938601178
72169,pop_4,3.0182709827670786,2.87570625212382,3.0425386011957825,2.0611655916132388
72170,pop_4,2.9669565109798652,2.4504578241489665,2.7006560138646907,2.266060039953016
72171,pop_4,3.1778719025212303,3.284142824253201,2.727629977107938,2.2811799620047544
72172,pop_4,2.578184561807669,2.3306914600241306,3.750475481486586,2.8431769552716117
72173,pop_4,2.8814285660061665,2.466127767013739,3.784266617288583,2.488457020914847
72174,pop_4,2.9530812844257666,3.1679376909195276,3.042562591191325,2.7586993843901872
72175,pop_4,2.9612676500081467,2.725207969657882,3.434342123336718,2.375531189630429
72176,pop_4,3.533715096205338,2.5867962013068144,2.8054570552718414,2.5659226835379827
72177,pop_4,3.060186506218399,2.6313790923755795,3.3893422680778773,2.7756429288386646
72178,pop_4,2.7548471960717347,2.8630510118624746,3.074042588198274,2.3184899220933155
72179,pop_4,2.757944603121647,2.3791506881147253,3.2002296298797046,2.4555105769233982
72180,pop_4,3.0974506378856925,2.8014974841253415,2.9685173266382243,2.279979089734354
72181,pop_4,3.169984908232354,2.812281147039948,2.8475810556925834,2.0400755950609053
72182,pop_4,3.0657683352455107,1.9498957112075554,3.307075064664404,2.8796809737063676
72183,pop_4,2.9662853820251263,2.9514141544065877,3.042292985324497,2.263127446243978
72184,pop_4,2.9318975614291785,2.8347224773387265,3.480379534847539,2.5628775286335173
72185,pop_4,2.8168178315464445,2.4949610960327635,3.440865916563647,2.6711401349099266
72186,pop_4,2.9222559026986548,2.714685338787207,2.98333257079165,3.0558933940475552
72187,pop_4,3.026271795944224,2.811770987236693,3.176487048888439,2.3341416194015587
72188,pop_4,3.3791750054438636,2.845454791367369,3.0046902238268127,2.007182193121886
72189,pop_4,3.116766861434229,2.684087819202531,3.385929286418684,2.747692005492374
72190,pop_4,3.2997089359141873,2.9480436931452756,2.8526067176025673,2.5318666020810663
72191,pop_4,3.24298292458927,2.734992900506269,3.1996954477342947,2.2597595109917634
72192,pop_4,3.2996915348589404,3.16371498394008,3.327551562067043,2.455997034793313
72193,pop_4,2.982637876519805,2.5656468705279463,3.2702568336736086,2.3443425427231404
72194,pop_4,3.1237010301087067,2.408255579511267,2.988465502324986,2.5751265160314882
72195,pop_4,2.6735198427693416,2.8678830794201553,3.311645893373284,2.176582965220321
72196,pop_4,2.667622500195328,2.310251473476833,3.167839279006628,2.4172049481655273
72197,pop_4,3.127062539929478,2.4160222514116865,2.9153186385620757,2.7412311045996596
72198,pop_4,2.5453940031006237,2.851056873293564,3.4341856932437707,2.811056487183869
72199,pop_4,2.7391918172771588,2.2542679295001187,3.169624773777739,2.786452109398061
72200,pop_4,2.3399229627391973,2.5940143158721547,3.3437155791831104,2.335597316327587
72201,pop_4,2.9761959465652623,2.564850247788942,3.1336348986117146,2.653432704885286
72202,pop_4,3.3242241563670993,2.928311561596805,2.9091292647566402,2.24710652904707
72203,pop_4,3.3962239712288915,2.5442907659733884,3.069294881779928,2.421810159553668
72204,pop_4,3.226193149102977,2.797550208875155,2.88414297633324,2.320150348229898
72205,pop_4,3.0516135869612317,2.5123830639391755,2.8569440082612414,2.7897546953099823
72206,pop_4,3.1190534929257,2.449966758881757,3.0856642096476454,2.41246261807207
72207,pop_4,3.397289262142122,2.4244117475923646,2.900145999559469,2.7853270310171534
72208,pop_4,2.6792459234469703,3.0826062696150247,3.0260994473861293,2.2731422329135325
72209,pop_4,3.0519434517807804,2.718656768942744,3.417418062060984,2.712918265082915
72210,pop_4,2.851944135131906,2.391510947828989,3.167002479098191,2.7907030209108212
72211,pop_4,2.5722454043690184,2.345328200851824,3.741616169165182,2.6115117923440048
72212,pop_4,2.876199051035166,2.4541377068170918,2.7387594159089215,2.736862742363734
72213,pop_4,2.9257447844282276,2.8309481976768436,2.750603661725932,2.7082817496337936
72214,pop_4,2.59957506661339,3.256458149426673,3.1103408581674956,2.092966333200388
72215,pop_4,2.785939533615348,2.943004251138802,3.221570914965237,2.5504026025652116
72216,pop_4,2.9100984340521365,2.75249893110029,3.2958045665612574,2.6476886460652285
72217,pop_4,3.1721604588956764,2.3623285823839737,2.882439234671718,2.977648700069979
72218,pop_4,2.925868118037832,2.963566313111173,2.743639668399408,2.1722858223710366
72219,pop_4,3.0261420302489164,2.918723395220263,2.5526494806517412,2.2325786757002883
72220,pop_4,2.825951719753729,2.6092523456365124,2.980339126904139,2.5600195852532726
72221,pop_4,2.8816714743330674,3.177921107149404,3.250274799667552,2.3439436999215224
72222,pop_4,2.8490968301108346,2.9655841413460253,2.8084056917478724,2.495149143240283
72223,pop_4,3.099102453722775,2.4638017610173946,3.2002834107351124,2.7397743615089425
72224,pop_4,3.2549181433590157,2.9932273446208355,2.6070948929819746,2.5060553525207654
72225,pop_4,2.8297242765439345,2.5776249324227227,3.282031139227999,3.0339994562464976
72226,pop_4,2.9303165072321833,2.8556876192275062,2.697289002894064,2.4013599726626134
72227,pop_4,2.939885874203261,2.426309433030313,3.7634711550347437,2.468335059809386
72228,pop_4,2.8406653752837605,2.6167503955476112,3.2211875909792993,2.9961089829127108
72229,pop_4,3.3440268182686124,2.596906743674679,3.3693002639836758,3.014107879902846
72230,pop_4,3.2110130631157126,2.8989982117100666,3.152711996279465,2.5330339795735566
72231,pop_4,2.6619583210262303,3.057274572299026,3.7093323684947985,2.5720399466062474
72232,pop_4,3.2425536717383854,2.5081158992068056,3.3596470201503466,3.0937104731181035
72233,pop_4,2.943535227996047,2.8154262190655133,3.313171947833932,2.0068739670149123
72234,pop_4,3.3517582777707853,2.2525522414618986,2.8108247345140436,2.7164531065747184
72235,pop_4,2.9271672566088234,2.491847842126963,3.1916338590626827,2.296362593461859
72236,pop_4,2.802285314279011,2.3138083001633665,2.960145259275141,3.0149920421388767
72237,pop_4,2.82210594892344,2.5613639417709426,3.0732280444175997,2.455493931628464
72238,pop_4,3.066822828097307,2.855795768813342,3.237910673621354,2.55986515203243
72239,pop_4,2.7106953638180324,2.887205497585352,2.5782528427569975,2.217337123448526
72240,pop_4,2.6630063716970107,2.557945646779982,3.797850507085968,2.794411176865045
72241,pop_4,2.791249590098331,2.8751755707844,3.3774661881219883,2.5252033140651697
72242,pop_4,2.9467597955244433,2.2151035697183876,3.702428254412797,2.763893828860008
72243,pop_4,2.5718864517301956,2.838204532654231,3.4503378956275212,2.2705406367875454
72244,pop_4,2.909306660617745,2.7126446422089727,2.9607713153662845,2.2779263589685264
72245,pop_4,2.974675375930929,2.2705140929008345,3.5778255484650114,2.774756935279219
72246,pop_4,2.960798567092951,2.5619328054317547,3.5665804199398066,2.5264490092648684
72247,pop_4,3.379555164277953,2.823519864148268,3.078199178649006,2.5027511191219123
72248,pop_4,2.7927488471097432,2.8890705400784715,3.3663164510096526,2.046814472707074
72249,pop_4,2.983816278480133,2.146943080779456,3.3863686631652747,2.501806616105704
72250,pop_4,3.0339494230048136,2.365841692443977,3.0470248697575717,2.5237017968529893
72251,pop_4,2.625357301893672,2.7864592223432227,2.964229628052294,2.6799956804898115
72252,pop_4,2.710352903114924,2.772737817455221,3.335132819837733,2.604157609545986
72253,pop_4,3.0961006878540793,3.2740225484058985,3.122151862375004,2.2302548428318256
72254,pop_4,3.109903443068038,2.4629800828845867,3.681645242180273,2.844422840172177
72255,pop_4,2.6705788508638593,2.656998072445608,3.122767725848276,2.363969673956898
72256,pop_4,2.6459108710050105,2.3469003946359006,3.0355476337611482,2.6369690086614526
72257,pop_4,3.0276935760748644,2.689505226118099,3.2173417302971314,2.1425306257557892
72258,pop_4,3.2918048210720814,2.634835483325182,3.1028019361901915,2.5659990732249622
72259,pop_4,2.9045549637331445,2.8922926133879407,2.820368290625532,2.118953149563507
72260,pop_4,2.921406956798582,2.6890671725871598,2.8171372168720037,2.8930994585805845
72261,pop_4,3.2507481905952145,2.40424470382637,2.916971565308137,2.595554147271064
72262,pop_4,2.907940583146936,2.751943358644404,3.2030344151309595,2.4791185864323646
72263,pop_4,2.9997202584885434,2.672031766182786,2.9930761053289414,2.7674928372075445
72264,pop_4,2.8520028563941513,2.559448357989682,3.410892394590472,2.6586890050093968
72265,pop_4,2.690020224977666,2.628363911898861,3.5210155041625124,2.455137759861175
72266,pop_4,3.1830004540523813,2.645902338788724,3.1384910758394025,2.2596976464469543
72267,pop_4,3.5143170844115814,2.9131396081249523,3.186404586423528,2.903528225862212
72268,pop_4,2.8143015119787576,2.3611499857998055,3.2030927669036546,2.2417339884069496
72269,pop_4,3.324641987656509,2.8462520360390595,3.167029412726576,2.4282745866505575
72270,pop_4,2.7619552222093384,2.8771261522095366,3.515088890867081,2.6111281073940082
72271,pop_4,2.5344863052466837,2.4047507197998903,3.0356734412374733,2.6964493581125697
72272,pop_4,3.025914178314884,2.9634683920413383,3.0553787720367205,2.3214824348511165
72273,pop_4,2.8764324746526952,3.016274728712185,2.9688071582539015,2.0550318109459376
72274,pop_4,3.2061651677241367,2.7605884997969254,2.881584118135195,2.310232372243209
72275,pop_4,3.2210648706653346,2.9538964272042487,2.7025452650661594,2.698036050748474
72276,pop_4,3.4135960113879866,2.9864334463730424,2.6370969654633507,2.459559366430265
72277,pop_4,3.4784906896277543,2.509844117532851,3.300740252293222,2.9226456799153877
72278,pop_4,3.0187553669848226,2.9496176139210295,3.1724309885963766,2.3403123232562164
72279,pop_4,2.8567451916254214,3.156606737259165,3.310087545676738,2.214393474681764
72280,pop_4,2.9126646189890772,2.325182507367335,3.5759003584366833,2.8843478734714623
72281,pop_4,2.7751363007214853,2.7047333775137137,3.350791805912366,2.9304241449117243
72282,pop_4,3.376660972671085,2.704191305691164,2.9283473913238924,2.5361648081251214
72283,pop_4,2.680719508161112,2.596329162116693,3.220899044267995,2.6925532618961414
72284,pop_4,2.834487968427612,2.1411253806938264,3.3404373945406767,2.3174959813201954
72285,pop_4,3.1009259792227044,2.96767467354449,2.817297937910349,2.4966817157200656
72286,pop_4,2.8081045814816337,2.9863282925829973,2.7302057638386468,2.3850093806926242
72287,pop_4,2.8388029540351596,3.1129146908857326,3.0869532950871226,2.1723792183049047
72288,pop_4,2.767040239909217,2.6837837022541797,3.5277940211883387,2.604287317625235
72289,pop_4,2.572849407385106,2.7060130231928943,2.9703286687984995,1.9636111555684195
72290,pop_4,3.4169336423147265,2.6750352121370065,3.0533647878373618,2.3125379004675795
72291,pop_4,3.217715158835671,2.450007077494586,3.5451600063008053,2.6870709413375162
72292,pop_4,2.8571887688492565,3.170701894976044,3.4275847625301004,2.442326022740011
72293,pop_4,3.0708740343330896,2.614570106567443,3.175736699832145,2.6530572735028857
72294,pop_4,3.0851339761652614,2.7328804202708543,2.961727624678572,2.502049499537396
72295,pop_4,2.644624884359142,2.58753690589347,3.289376621039055,2.1803912183661263
72296,pop_4,2.810729485822713,2.896101085072354,3.3689929176541233,2.422394380883181
72297,pop_4,2.716043347217029,2.731899656454989,3.5212204638454967,2.6502432895273573
72298,pop_4,3.1096532875141505,2.703689312210914,3.0600911852212795,2.6818954052472512
72299,pop_4,3.197081321769197,2.9858030073419277,2.8120086425474113,2.4493007394959005
72300,pop_4,2.60531054633921,2.952274578479888,3.159048164155136,2.535809574446436
72301,pop_4,2.6502059025901517,2.642334809084279,3.8230610425543214,2.3492110782953497
72302,pop_4,2.6342231170365684,2.110597777361416,3.347751243750266,3.070510656560879
72303,pop_4,2.8882722567086243,3.0678936983866856,3.4523696943790383,2.461166964771297
72304,pop_4,2.9773858055793676,2.895964215858823,2.805133884447729,1.9694035510875452
72305,pop_4,3.486120459221219,2.7648758959145945,3.537833917204517,2.801203136019941
72306,pop_4,3.29701220257997,2.6400520024857532,2.904342880649113,2.362249211665577
72307,pop_4,2.6780523479305103,2.2641317400422833,3.4066635049293885,2.622792552829323
72308,pop_4,3.2018128254174707,3.087438844156694,3.098362395394866,2.1711120943366438
72309,pop_4,2.7482744681685936,2.7305653128896643,2.734846278438811,2.6347120639671826
72310,pop_4,2.9094252638428513,2.2848452874820886,3.452007180578636,2.6485831878060475
72311,pop_4,2.9514666276148644,2.6593183961753653,3.51241899535368,2.6598396858703897
72312,pop_4,2.701546635327429,3.2240297578322186,2.51328059363286,2.3897050300954463
72313,pop_4,2.784423198675165,2.521859860605604,3.107995960220994,2.6897436270331423
72314,pop_4,2.776530915100693,2.9292103354540147,2.8748720878831606,2.6028046258062334
72315,pop_4,3.1065141792700186,2.4421518543009366,3.562210176348174,3.0682060382777574
72316,pop_4,3.00507693879445,2.9428060197726484,3.216932732910992,2.1639364398259255
72317,pop_4,2.8097901868529243,2.4359460633374486,3.428791574329223,2.7816235897736337
72318,pop_4,2.942687537940524,2.51892710542945,3.3090703303347273,2.547217381607931
72319,pop_4,3.009642997053144,3.154179152165973,3.3248011956494476,2.348678749715105
72320,pop_4,2.6912222651327076,2.5552325799121323,2.7958818131069663,2.3816925827666666
72321,pop_4,3.2821408987389646,2.84490818083881,3.1180515693455964,2.741040217211827
72322,pop_4,2.8322287561288473,2.5865559273423635,3.370276693847281,2.5674326830459715
72323,pop_4,2.817165987190274,2.3555024754291414,3.3852167211957873,2.245738552617385
72324,pop_4,3.1472039532205716,3.026321934980219,3.1857508822554643,2.7097176021114677
72325,pop_4,2.6824030823899996,2.8268252487176846,3.2774744579495314,2.2004455845726443
72326,pop_4,3.001286836641377,2.4361781166141454,3.032562677655138,2.487769564335995
72327,pop_4,3.1028786530797428,3.1733734840994163,3.0637837425492602,2.363873312683808
72328,pop_4,2.7583700771150386,2.7859963005605235,3.2816641876948105,2.199339694625156
72329,pop_4,2.955023940345315,2.1564464167105752,3.626210261234769,2.763778044607211
72330,pop_4,3.0957517785985105,2.5721014252418115,3.192773446819304,2.775261231276947
72331,pop_4,2.6644796362328473,2.3774231536948784,2.8213284427386234,2.530114218436921
72332,pop_4,3.069121071109979,3.1178839238925757,3.6914217907470572,2.051425889048588
72333,pop_4,3.05829608216572,2.41668231686515,2.8687674526174995,2.7899389736692637
72334,pop_4,3.1111268242191903,2.276619565927224,3.333267466305565,2.8021472901999678
72335,pop_4,3.070377194571665,2.366025634248821,3.517860886645555,3.21750787154341
72336,pop_4,2.683041809312787,2.872967287778659,2.966790845046812,2.7607374495980106
72337,pop_4,2.7786575734564805,2.5439176907441974,2.8375588236421923,2.436081960501683
72338,pop_4,3.3228704783030993,2.7252107758197317,3.412308019961679,1.8379671008811622
72339,pop_4,3.166335691942414,2.4909014530608977,3.1173290672560574,2.5287337637430856
72340,pop_4,3.0801729153354716,1.90927910019714,3.97428257668785,2.964543826894618
72341,pop_4,3.1732214985603555,2.7491999940987593,3.1164890287515523,2.6567490198045847
72342,pop_4,3.228267794395905,1.825358796716411,3.092315128508459,2.865819559012184
72343,pop_4,2.7627880307560746,3.218066934936781,2.86697918175613,2.285979171715141
72344,pop_4,3.1220076875177454,2.129687940599647,3.0534469105910427,3.079732242645107
72345,pop_4,3.744828423236381,2.989777472507073,3.093025725881447,2.2050682910021453
72346,pop_4,2.849689657144795,2.9505943533466095,2.815713782419087,2.2991100576641923
72347,pop_4,2.7616935752930982,2.470854298912821,3.3313930210140903,2.9845880416116497
72348,pop_4,2.8562887454909958,2.8527129757771936,3.0238255788387423,2.385162654354295
72349,pop_4,3.1692743933324303,2.916225194508026,2.9686731943043854,2.270762755937962
72350,pop_4,2.7604102867997864,3.2194285397122098,2.801138458735898,2.1473581003725832
72351,pop_4,3.0745510748997376,2.718314174535849,3.180001641071847,2.0735160334665954
72352,pop_4,3.1813414283464434,2.828325693144788,3.326099684673451,2.6447089081756774
72353,pop_4,3.23138954004405,2.781491036523144,3.3789406014312107,2.105772492225127
72354,pop_4,2.6680245251689305,2.606660318450516,3.073872489037893,2.2068752700762047
72355,pop_4,2.7323402131426264,2.8277622895327763,3.7170593534483833,2.6362663997248266
72356,pop_4,2.7488489864746986,2.80977628261661,3.348932800021864,2.506602423108701
72357,pop_4,2.941007001214491,2.606326421273823,3.1278901014629286,2.964986864538727
72358,pop_4,2.90123240053588,2.7055736709777207,3.0082251622649747,2.4363358739520864
72359,pop_4,3.068296477756891,2.54007967334484,3.348599274393741,2.642244652142491
72360,pop_4,3.1104798338444706,2.5052810465966053,3.1339313692045105,2.8010357263427164
72361,pop_4,3.0911448955293297,2.6424301316550127,3.028103359182086,2.6518360853406477
72362,pop_4,3.082017482383106,2.8372743166899905,3.2609276861941208,2.462348412292682
72363,pop_4,2.762488527064994,3.1764427755752314,3.4758335394113655,2.423019110896306
72364,pop_4,3.020737867380381,2.913765682839492,3.0561861349503725,2.3572057046800885
72365,pop_4,3.5335277428755814,2.7313678225819866,2.955905494722645,2.564834165741212
72366,pop_4,2.9136524774147774,2.3283351099524077,3.2810068484862467,2.6038685964062935
72367,pop_4,2.52966131899086,3.23246103365015,2.768979442161129,2.235543735359687
72368,pop_4,3.129937157990635,2.5671555659523215,3.6345477968708564,2.8802800183804567
72369,pop_4,3.473115184463566,2.7753778039772183,3.0332229905852808,2.4683567105871838
72370,pop_4,3.232504998338105,2.679694046002273,2.739177737094986,2.506368960746791
72371,pop_4,3.0600211770097148,2.821680399188984,3.2723039556336646,2.114975300924759
72372,pop_4,2.948731561690282,3.209739306681804,3.2453729510582217,2.400713005813576
72373,pop_4,3.001382330153081,2.3466764370589783,3.27858760082862,3.0335133360767883
72374,pop_4,2.801080535603442,3.25201417347669,3.0216169465637854,2.3013523413609245
72375,pop_4,2.822320063367668,2.779051496428979,3.03987516271256,2.4503028458625304
72376,pop_4,2.772068264428228,2.7041816799596883,2.9176230663114833,2.339270605727686
72377,pop_4,2.6599444326440302,2.986100038752551,2.980255540834557,2.7950686992078935
72378,pop_4,3.3018705064985627,2.385657875604445,3.4844704672882316,2.9905528965862493
72379,pop_4,3.020059318353246,2.953010847008421,2.9009479521168493,2.5846308944094925
72380,pop_4,3.6714635127585704,2.0944621231526495,3.004944948061481,2.6687542034023783
72381,pop_4,3.1538716969254437,2.965078116718087,3.1966933187136735,2.0860717902211987
72382,pop_4,2.9634111709909425,2.7857816809288507,3.203946054580757,2.301463854816653
72383,pop_4,3.1442547680676234,2.418018823187798,3.244485113358301,2.625383304893442
72384,pop_4,3.135493977852041,2.643857623600754,2.8422961432515788,2.201066626567915
72385,pop_4,3.1205173605460765,2.8150430224022096,2.72759142586613,2.14623434214406
72386,pop_4,3.284951799632586,2.6438078434948404,2.822739854064423,2.5228858073949274
72387,pop_4,2.9004211863194587,3.0566463719890176,2.879266212472749,2.396079808613019
72388,pop_4,3.0971038676930345,3.129250862724023,2.7967999124600524,2.483188769554562
72389,pop_4,3.157648720200201,2.4701514882262883,3.170160916784211,2.764204349898641
72390,pop_4,3.2651230906632036,2.396393189914415,2.516684944801647,2.579742319588606
72391,pop_4,3.0198798271214793,2.3697098252871824,3.0340462654174876,2.8209209770233543
72392,pop_4,2.5033088505447068,2.8356504612301765,3.3822826578567087,2.4104505765326354
72393,pop_4,3.0837983378265665,2.7221474258573397,3.828471027149068,2.476693357485976
72394,pop_4,2.8232820974720045,2.8092109873679507,3.332454407412731,2.2152969866007743
72395,pop_4,3.0557291678268284,2.410748745024448,3.299706184893904,2.551256374973039
72396,pop_4,3.297447068482414,2.504863624907193,3.325571584982888,2.531710444929031
72397,pop_4,2.881753733346288,2.7523333040106657,3.3518592064443173,2.919620992083736
72398,pop_4,3.0953681072171775,2.5129832409101964,3.257714130723928,2.5714000878566483
72399,pop_4,2.7260643871516366,2.448437263515173,3.4471627224476533,2.679719683575964
72400,pop_4,3.225820121679749,3.2314019829115206,2.646118711817886,2.168837592298317
72401,pop_4,2.7681982144723363,2.8130843531449896,3.4231739800704726,2.671189579159327
72402,pop_4,2.776077393987815,2.650905980172954,3.5471343961825657,2.637369999924377
72403,pop_4,2.9667498220703186,2.6284070292589563,2.9896577743132187,2.3536156489525797
72404,pop_4,2.8216788979719385,3.034763441311677,3.256798643367068,2.210242349572198
72405,pop_4,2.9150462251876545,3.054546884877616,3.060607286080682,2.0464027046757174
72406,pop_4,3.1527000870447615,2.725648422965776,2.921378214740498,2.6007456882953828
72407,pop_4,2.9557066471947127,3.232187047184792,3.1822608703429047,2.107457889491032
72408,pop_4,3.015149531795958,2.2750951861980577,3.6651390750989936,2.602360228302054
72409,pop_4,3.350830852204819,3.079011025035741,2.758442001028064,2.665103580755335
72410,pop_4,2.6697810200677536,2.4266686435659346,3.0547061063365852,2.8193276253806454
72411,pop_4,3.4715436511446907,3.196755222051803,2.489035318938238,2.0033299014457637
72412,pop_4,3.3090475566180646,2.733940700377846,3.2086683845050463,2.602519884700116
72413,pop_4,3.2087119450928516,2.748240205806722,2.92759723473394,2.5185856261674564
72414,pop_4,2.7885718020084647,2.8294249702666314,3.173398244462497,2.1391935626703686
72415,pop_4,2.8600318200949557,3.095079981393399,2.988482377007839,1.8872223223910904
72416,pop_4,3.0992129517913787,2.8079969374734213,3.3482995369399906,2.5761532101221585
72417,pop_4,2.71849833669961,2.992478104067499,2.9690035788942506,2.5562756747923476
72418,pop_4,3.132814942045288,3.0220585542594027,2.599033514303496,2.706510935179791
72419,pop_4,3.0185374574024872,2.4366916582269074,3.2312243363133395,2.466324535628013
72420,pop_4,2.762980413012181,2.619837090917234,3.3673781239278995,2.9761888053898486
72421,pop_4,3.1683342736433686,2.5329194410285396,3.3945610506159976,2.521201568230905
72422,pop_4,3.186132986865361,2.6161179114844573,3.204672186785865,2.6751589004568297
72423,pop_4,3.0557628876656073,2.3994061188721347,3.483363754434554,2.480819519893736
72424,pop_4,3.2384772747457333,2.568397901027808,3.5329434740303785,2.368833547442271
72425,pop_4,2.9678401660740734,2.688782274728644,3.3441210006086903,1.9697468734603325
72426,pop_4,2.7380026250269602,2.1503469879402957,3.1203623458048977,3.1412919145220872
72427,pop_4,2.717133031790377,2.334755554844694,3.4759660325646347,3.1684001152962473
72428,pop_4,2.6735827481603636,2.6806209181375853,2.9774220492091805,2.657952911803306
72429,pop_4,2.963243346221068,2.484441876479978,3.1026765689347657,2.912961250165454
72430,pop_4,2.86216715344877,2.8395584986937705,3.3861552158343478,1.9835256937707288
72431,pop_4,2.7256069084908607,2.546819614475449,2.880214180259497,2.5346393990403087
72432,pop_4,2.888862114601401,2.7069898899806346,3.297918062285019,1.9003816411991805
72433,pop_4,3.324668045946199,3.0118785165145123,2.6712789781283597,2.2538183575011184
72434,pop_4,3.3361535325867933,2.7312991783036455,3.426533359659441,2.276106306951679
72435,pop_4,3.068012979089348,2.5975720979266685,3.020413133259941,2.5047018739722864
72436,pop_4,2.3979543893097754,2.47616200722427,3.893246140392948,3.15464856973366
72437,pop_4,2.980610527953418,2.8723719201959392,2.5632281200571385,2.477234815528172
72438,pop_4,3.2071675245339875,2.287475494850468,3.002479145608734,2.51363912218367
72439,pop_4,2.9426299930052755,2.527773141260874,3.309376960364126,1.9710825245891994
72440,pop_4,3.0296848217252403,3.030360373159405,3.03977788154365,2.077769279104417
72441,pop_4,2.8068344647553674,2.4346477582996293,3.4419044307798683,2.109830458305494
72442,pop_4,3.171638803851251,2.539967206091894,3.1731502410112933,2.970478049648619
72443,pop_4,2.83173202033037,2.9635667867078137,2.8815956088582952,2.14765009200538
72444,pop_4,3.0506760857893847,2.789146596027699,2.8138873365598793,2.572021133527354
72445,pop_4,2.8342696928010445,2.961966274418835,2.815844113725648,2.4072429425869615
72446,pop_4,3.0648266053977555,2.774361215872508,2.9625827766837456,2.8267882781448055
72447,pop_4,3.0306679027104955,3.1188732551601444,2.9406018413317088,2.3240274901538984
72448,pop_4,2.763351248157144,2.480426686959018,3.092876218536521,2.853116166531633
72449,pop_4,2.9204535484100203,2.7735725864759386,3.3803417226608317,2.3911227620057454
72450,pop_4,2.942590162041167,2.7843315219218416,2.6167219574863214,2.2907750431458536
72451,pop_4,2.4616308588676223,2.7235493008614258,3.4559043681817334,2.6358524887120165
72452,pop_4,2.8542783925602344,2.895399898763761,2.897793116472909,2.605351996813887
72453,pop_4,2.7647963996890024,3.0922554812025758,3.3454038440211544,2.4039966792436127
72454,pop_4,2.5822979796525405,2.815143400819032,3.482523829975448,2.34044423746522
72455,pop_4,2.937631120628711,2.632358214159562,3.1790000994392056,2.6238779030401056
72456,pop_4,3.1989322394787827,2.3558078764239103,3.0693071715852738,2.6148018183905184
72457,pop_4,3.1067236416331196,2.6173070433003303,3.260610119905154,2.543958911991706
72458,pop_4,3.5286116636407665,2.7530382123020947,2.738698477062613,2.115457005174538
72459,pop_4,2.8796267163438882,2.6999560634993367,2.8396746858716684,2.158873519568528
72460,pop_4,2.9247928339680214,2.476013635907048,3.100550207158437,2.357140895307294
72461,pop_4,2.9570111625051876,2.214130314028427,3.2239423888930925,2.923189957307843
72462,pop_4,3.4110727447271554,2.2429033708358377,3.5643399341056723,2.5825691571497322
72463,pop_4,2.7939033341475077,2.491108548507922,2.7825169299026293,2.8840040066356223
72464,pop_4,2.756553987123515,2.484895559119151,3.4223324254393748,2.7538757488444587
72465,pop_4,3.0974210890668474,2.799747326490964,3.032664754784747,1.9022825041822524
72466,pop_4,3.0517892601459047,2.6408268880545362,3.2707678468625545,2.576457043641115
72467,pop_4,3.048760759365121,2.8852278523508033,3.0500513276881254,1.9865682156402056
72468,pop_4,3.0088707337019462,3.1250627454527033,2.9091475446013746,2.047908986135636
72469,pop_4,3.0703339088500843,2.7314763733647838,3.2182458957556306,2.706440616980205
72470,pop_4,2.9143355581512447,2.1264361415058084,3.778408656668109,2.4027838451613763
72471,pop_4,3.057053663124908,2.724730721690717,3.4584436909825986,2.270515814280016
72472,pop_4,3.0607995371325707,2.7618451529144616,3.195479418690556,2.6592582135105807
72473,pop_4,3.1509472776926226,2.9878863002462994,2.476924137922191,1.9728065200578082
72474,pop_4,2.844240019848956,3.000018838257964,3.2779313739753952,2.472396881687322
72475,pop_4,3.1048320932327784,2.569883890283495,2.7295338095393484,2.736645303131864
72476,pop_4,3.098208148577781,3.3172866134109156,3.3035579918367635,2.0180647133551695
72477,pop_4,3.1338452603803804,2.843948795313733,2.863325078371918,2.208476885138139
72478,pop_4,3.3759779519160085,2.580821485972389,3.1700729234098084,2.809212657914458
72479,pop_4,3.080481607529612,2.400396413097446,2.947478147313085,2.5908684333278615
72480,pop_4,3.0022733568405124,2.554101853067185,3.334960638326497,2.2602051747234935
72481,pop_4,3.019508207132403,2.935989738908171,2.849852495910625,2.566711139279944
72482,pop_4,3.048466710393112,2.7340376177095385,3.206881737770362,2.1552826488458097
72483,pop_4,2.6793439057092017,2.588631930162517,3.1047989091877217,2.1729137483231526
72484,pop_4,2.8643351220321454,2.5745559432760072,3.0666191706163417,2.711296168912953
72485,pop_4,2.9233469853464147,2.9804477933832345,3.262017518118725,2.81783321408976
72486,pop_4,2.709561356521744,2.8084395306177994,3.215050450932547,2.0943751153426
72487,pop_4,2.9637195340493485,3.0211923162056284,2.935083316789019,2.471149045496732
72488,pop_4,2.86390225806734,2.6814300434917957,3.277170086961066,1.9179789502743196
72489,pop_4,3.2123343754310505,2.890988975091636,2.8930497894264056,2.3090600442241542
72490,pop_4,3.0911450646628085,2.756963972746003,3.225682716410082,2.447233268499085
72491,pop_4,3.1212766815110555,2.8579768078296954,3.0309373970274187,2.515590072942946
72492,pop_4,3.408011343845951,2.984385240184209,3.3811665550727223,2.909630649389474
72493,pop_4,2.9426343979108585,2.8811574151277224,2.335231970686031,2.0716559473663985
72494,pop_4,3.2853038172887206,2.680504718308576,3.4029632108262793,2.3170406561893544
72495,pop_4,2.950675328327869,2.4797381713618973,3.164418261820484,2.545876229124752
72496,pop_4,2.7174298800256045,2.802605322972566,3.341351216452435,2.755783187894873
72497,pop_4,2.63753414282084,2.7884932823246578,3.6123956408047544,2.389856358923886
72498,pop_4,2.979525748851965,2.4647780305542493,3.094677735006784,2.614859224657485
72499,pop_4,2.6653186806766183,2.836135369238959,3.304387413270102,2.537849112152092
72500,pop_4,3.245068095162167,3.067197204394531,3.1544260716987873,2.3430893221608966
72501,pop_4,2.9796278871163624,3.052331846950683,3.379383363283352,2.3228110125548205
72502,pop_4,2.822680119912804,2.6702325873355837,3.2809946448407716,2.266036169419712
72503,pop_4,3.001207480310545,2.421008776854359,3.3886093794788454,2.537014771250338
72504,pop_4,2.738022212379148,2.858387121932361,3.3021476754743935,2.492321508048395
72505,pop_4,3.264831924786562,2.8266338380413205,3.667633492730421,2.5465256408435213
72506,pop_4,2.875274220438384,2.7587564403265623,2.6365039171638913,2.4049875922172266
72507,pop_4,2.991327285021012,3.662060822733627,3.0700498532958687,2.2180140196874256
72508,pop_4,3.011532056603257,2.6534705314317772,3.011912106353105,2.4750176320396173
72509,pop_4,3.0322976505001953,2.9831375239798463,2.6458147680052315,2.425752125367974
72510,pop_4,2.675414527163683,2.92700924678602,3.089584800210827,2.502177343091822
72511,pop_4,3.281550005571257,2.7286762244084035,3.0652824694549805,2.673492710854949
72512,pop_4,3.1313489444052243,2.3799344046926674,2.880522371012206,3.154256043553786
72513,pop_4,3.2179313278746227,2.491063033767822,2.9220441778461543,2.5291903011946117
72514,pop_4,2.7366304778561106,2.3942511907594253,3.36034279932473,2.4546733185254634
72515,pop_4,2.851719388740796,3.0417603897035517,3.1639448081728925,2.467396029628082
72516,pop_4,3.0039919259719325,3.047002477659709,2.899270283123855,1.8379612613008307
72517,pop_4,2.5343367331113478,2.500095128851643,3.6803363826331577,2.9138006670122962
72518,pop_4,3.444252612891835,2.6099541591175295,2.660121581767838,2.663103209692883
72519,pop_4,2.8211274860911066,2.3355836244470645,3.4840169876239497,2.698396483711743
72520,pop_4,2.622822243009003,2.5722727189230454,3.338250711469244,2.788047803666473
72521,pop_4,3.069810414472096,2.836202806314578,3.211987491619228,1.9919726376078895
72522,pop_4,2.8649249342988994,2.9268194120012914,3.3506203081552752,2.326662914578903
72523,pop_4,2.7083372967596433,2.6000173867690783,2.957933568269959,2.35352491960993
72524,pop_4,3.115332312141334,2.8476880009948125,2.937894917286122,2.469027261919864
72525,pop_4,3.1639475453114043,2.9722626377657546,3.056898490192958,2.3485867600878905
72526,pop_4,2.7771163462535933,2.6070987746090912,3.7059151267502486,2.798764958822679
72527,pop_4,3.0160492908111656,3.126379097855392,3.1581393744335715,2.2261820301355235
72528,pop_4,3.039179578948166,2.5804125790163326,3.2495748537984523,2.356736578567883
72529,pop_4,3.093596448173918,2.456649476356302,2.9404247261077376,2.7357924605454325
72530,pop_4,3.0216670888009083,2.596857047339051,3.19666330687391,2.830816137040563
72531,pop_4,3.156800484388227,3.27107052120669,2.6059659677450746,2.3955963965861145
72532,pop_4,3.061474852632053,2.947533951773399,3.14872176561468,2.062273287170052
72533,pop_4,3.213912164389,2.3472373219892244,3.5817361773589846,2.424131391253162
72534,pop_4,3.2945454308174185,2.9242839152776394,3.034925864272119,2.709941078587289
72535,pop_4,2.906664072999974,2.029809264847922,3.38644393947724,2.8829438431455423
72536,pop_4,3.1451021108848813,2.717467426350314,2.9158956029324985,2.4419881965550534
72537,pop_4,2.6160542493049688,2.59951575863506,3.466674639565697,2.8020989106159098
72538,pop_4,2.9941452055241453,2.5630904844274447,2.8465258619950045,2.4942177262591954
72539,pop_4,3.1293056445061023,3.1302328120389626,3.1928093759476557,2.3202051728809137
72540,pop_4,2.900651847879705,3.105030302739263,2.8958488537615135,2.3915249359878086
72541,pop_4,2.85549995128898,2.1815903484562105,3.0513274300924484,2.4976590500750753
72542,pop_4,2.967522838434253,3.5392178266473904,3.00379345933264,2.117706711118233
72543,pop_4,3.208730830278345,2.301962649653382,3.2987810927469097,2.662720473595098
72544,pop_4,2.786905411701422,2.5896109444175526,3.0350233072865973,2.7452272671214892
72545,pop_4,2.6926961200282618,3.3692649790420934,3.253096806687924,2.2567761403148707
72546,pop_4,2.9249684898499657,2.7339066550832785,3.0922402941604297,2.45142616031653
72547,pop_4,3.1556886752920423,3.1446923292765856,3.152768059836007,2.4124985675421673
72548,pop_4,3.046483113271512,3.0217897687199065,2.862400773231395,2.702510424708889
72549,pop_4,3.0132582382154802,2.477183182946461,2.961627216072767,2.601906098742131
72550,pop_4,2.862698039830243,2.4680490941857416,3.357664865194259,2.3303485176279395
72551,pop_4,2.9503389788320153,2.688138035101591,3.3305073195969244,2.800776576434865
72552,pop_4,2.5569888481738516,2.526056757233962,3.6772528127870046,2.7722496073799254
72553,pop_4,3.1604224594707473,2.654413032633777,2.890573081547887,2.079012487941367
72554,pop_4,3.346421507071605,2.54067037101549,3.5720946252568955,2.876359089141127
72555,pop_4,2.745962440859533,2.3550019005621694,3.8572445500273225,2.6683024763975296
72556,pop_4,2.839628531673537,2.879167416735826,3.418584010188162,2.380138573399908
72557,pop_4,3.2304925830742595,2.793706440403058,2.809043454837672,2.564154511129833
72558,pop_4,3.075192445707381,2.822978241967793,2.756638172888746,2.3189044644745302
72559,pop_4,3.0475484912651742,2.774550398465519,3.2767289073154426,2.4968715048554815
72560,pop_4,3.1435875081496842,2.9718551559369697,3.254512324850532,2.6452972376048973
72561,pop_4,2.9870947769065883,3.0311155850732288,3.1026476605834867,2.9223461531985344
72562,pop_4,2.7915499374933264,2.945353357744637,2.759553393520563,2.4037548058798532
72563,pop_4,3.311267651414232,2.711847086482332,2.8489499452233553,3.057304669165623
72564,pop_4,2.949727527742719,2.8867386173396623,2.977709931935225,1.8866287214463189
72565,pop_4,3.0403778192196578,2.7849251151054837,3.3906727019537564,2.2264307744301015
72566,pop_4,3.2242564507107834,3.1093279419399398,3.160441942540388,2.4099483053225974
72567,pop_4,3.173431891671602,2.9887825133368904,2.8560450187827517,2.7271848187562293
72568,pop_4,3.335203111436742,2.967333495052134,2.451775680160335,2.2128166403843363
72569,pop_4,2.9773263135472563,2.6463622569193075,3.210248222079223,2.1408066921905373
72570,pop_4,3.321174721715782,2.7633027529354974,2.8250576097437157,2.715663363260167
72571,pop_4,3.084533976935585,2.6833326443221464,3.093000060725371,2.2879969424318016
72572,pop_4,2.703087561158115,2.6332055734679156,3.113139682514415,2.8166285235562345
72573,pop_4,2.9310749719845064,2.76921008724414,3.2450517593871635,2.061197700533676
72574,pop_4,2.8014089229117385,2.9293758154855105,3.180118167942612,2.474042225965709
72575,pop_4,2.6619748368468024,2.9101185783094183,2.797073646370125,2.3289481270385393
72576,pop_4,2.796744027877057,2.3365115299487362,3.290044261120012,2.6469965820006824
72577,pop_4,2.764844403217348,2.4601999408949866,3.2172172721939973,2.9409521732715507
72578,pop_4,2.752884375003274,2.667807857178211,3.3228306748160605,2.5586331462012923
72579,pop_4,3.0087154756462353,2.756734094106502,3.250012611772026,2.473307754610801
72580,pop_4,3.3287149202246087,2.3981449198069202,2.772496811431657,2.8324813479355204
72581,pop_4,3.2440243169680234,2.907474606520818,2.781708564930481,2.0202856194954357
72582,pop_4,3.07144406087037,3.000894501734027,3.097675370199655,2.321911093245172
72583,pop_4,3.238443812625636,2.984525253787354,2.8940794675403336,2.487348180413704
72584,pop_4,2.7885086193505644,3.2872503473107,2.493009751823307,1.7830045802464576
72585,pop_4,2.7752965303289425,2.7037169470459776,3.296821260057691,2.5142943309761017
72586,pop_4,3.2963344679049587,2.1758251780237927,2.95524507215798,2.5312665846294338
72587,pop_4,2.8282643993424688,2.544593879810071,3.1989546955993937,2.564244914257977
72588,pop_4,2.587122901909218,2.510153171319199,3.134100704183509,2.4182848874348832
72589,pop_4,2.8766269460082934,3.253690351827454,2.736036060742181,2.19755222644105
72590,pop_4,3.147564324518425,2.672950308129654,3.0183261010336855,2.234176714418285
72591,pop_4,3.0597752034659447,2.591641288655801,3.1312406953937866,2.7044796790400363
72592,pop_4,2.770101677601408,2.804541711854162,3.3694714884603707,2.4043743468124505
72593,pop_4,3.2458130201642987,2.4076831379542205,3.3026379158874737,2.823464511384546
72594,pop_4,2.974869633827962,2.545826577478443,2.614281892998365,2.911060904570417
72595,pop_4,2.822493477145188,2.9726004565774455,3.5737670743414065,2.2284931034556443
72596,pop_4,2.816013307468717,3.3322131879753836,3.083908162855666,2.0300454014573197
72597,pop_4,3.1562548764680125,2.9603725527200475,2.904596655863157,2.740024839251985
72598,pop_4,3.189011285352541,2.682290235059028,3.0778872259043037,2.242806992060062
72599,pop_4,2.5002746998886525,2.907975248787632,3.0057700574701367,2.4240316722333226
72600,pop_4,2.9294203399230243,2.64933672507411,3.2472080212582033,2.5323013095830857
72601,pop_4,3.0113650507079273,2.4967471774987797,2.9328679329166727,2.3309770949769786
72602,pop_4,3.1774957165818654,2.6353751043345857,3.1557496823879534,2.4584122293689394
72603,pop_4,3.240055659676137,2.8704585224431525,2.9268983201248155,1.9419335362387509
72604,pop_4,2.907680231116748,2.6695403725754563,3.319845697033375,2.8298787085761496
72605,pop_4,3.131235595593344,2.6843709018197,2.8652040371638283,2.806195790690202
72606,pop_4,2.78930759363853,3.005036129641307,3.1224337886217657,2.2041641434556474
72607,pop_4,3.272498363384322,3.306986100600057,2.977031617854135,2.1784721077240348
72608,pop_4,3.6746735630899026,2.7682733966306317,2.6815618925787748,2.401520652813701
72609,pop_4,3.0604677090925456,3.103791379126945,2.757106153105584,2.0421762835101673
72610,pop_4,3.212711254838272,3.0746461942348997,2.969911669290776,2.1281944913896873
72611,pop_4,3.0503848899991937,2.4796832144852408,2.8956225614060136,2.7561219552359675
72612,pop_4,2.626453394887496,2.792192984523027,3.106902433480891,2.383950219559903
72613,pop_4,2.85938107378364,2.876570965736201,3.1752682277687123,2.7629087243728514
72614,pop_4,2.8876382828506477,2.5793326312097715,3.3176087543534982,2.3996099136301106
72615,pop_4,3.3744373518895365,2.719178526267986,2.779461762618919,2.4902020269196328
72616,pop_4,3.0694238711216477,2.669078143726324,3.313982266231533,2.7480934580306133
72617,pop_4,3.0506131132202023,2.468449077779165,3.2261499336503214,2.386671690789891
72618,pop_4,2.941582255195541,2.300797553242082,3.3026911560339935,2.6654047668587215
72619,pop_4,3.099269586519683,2.588390338822762,3.011818797013357,2.680943758805959
72620,pop_4,2.6791864827278777,2.5592557063894836,3.7096838516441806,2.6007022246711884
72621,pop_4,3.1664563423938294,2.30286352221666,2.946973286095773,2.59652063140756
72622,pop_4,2.8668996567850447,2.4696802440934182,3.3912404338465163,3.023861997367949
72623,pop_4,2.6657846082208367,2.7429966016995335,3.1997329555100134,2.478819553542268
72624,pop_4,3.1449251276575123,2.694160905444117,3.0511960591267666,2.025972261503167
72625,pop_4,3.118389875439167,2.8417659690069295,3.598746891402605,2.2541297464915324
72626,pop_4,3.2885013699838797,2.930540374506017,2.704773516644569,2.6308387070620527
72627,pop_4,2.9585447446419733,2.3611522316589078,3.0402932963210185,2.833074667751755
72628,pop_4,2.9724055442302357,2.553521970961349,3.2853402089793744,2.461031503046204
72629,pop_4,2.841324880676174,2.658528609268617,3.0877949831722935,2.2597384358914105
72630,pop_4,2.5666635602983723,2.656825737062116,3.3615054335037544,2.659080942809477
72631,pop_4,3.1125333913573225,3.047169707585695,3.157710105788355,2.3439778757947556
72632,pop_4,2.9858315796522095,3.005913019620569,2.9206302605984322,2.350587786553293
72633,pop_4,2.553995009923753,2.0482761326299928,3.354390226834088,2.9299981498490326
72634,pop_4,3.0197763997381464,2.677107723901726,3.328542282215288,2.8096427067763408
72635,pop_4,2.992302057092962,2.787334286064761,3.232274415412564,2.4877170841351557
72636,pop_4,3.5499182386342882,2.7540082389114504,3.0348251900737266,2.1803877783801693
72637,pop_4,2.8032178803649304,2.7221786676468165,3.1597439464414157,2.4213341014520875
72638,pop_4,2.807382764312167,2.8591979397647975,3.155292691946943,2.2565531002243673
72639,pop_4,2.8360337327486183,2.742525197759899,2.773452113684491,2.2043836628054443
72640,pop_4,2.7724072439810388,2.748740301081352,3.076053216952667,2.606654056823613
72641,pop_4,2.9186183728649238,2.573750107336167,2.956698301612429,2.523674852749796
72642,pop_4,3.190464160529021,2.761108357346498,2.996369995969384,2.6738718658399865
72643,pop_4,2.926079323874885,2.920824737269882,3.376035114373365,2.648156866080883
72644,pop_4,2.756497848079807,2.682549815363609,3.0936906437943557,2.3834412697056866
72645,pop_4,3.053947106451071,3.050657151108045,2.948025019570282,1.808670052353574
72646,pop_4,3.0331329204028825,3.2798226651120657,3.1598181350690124,2.130972820124032
72647,pop_4,2.9522883042839516,2.5742614252618305,3.1146790838823653,2.459851107742566
72648,pop_4,3.1781759342185723,2.5534272988772355,3.079926201667745,2.4011716525806976
72649,pop_4,2.8835359518937067,2.399039918225789,3.0083931036714735,2.198294394219639
72650,pop_4,3.0156734973699946,2.851915927813413,3.424597384258008,2.49856455607556
72651,pop_4,3.189548190468525,2.557128805937051,3.725602791654268,2.693701226607962
72652,pop_4,2.8068677295205084,3.042191013993878,3.183488302651753,2.5079917477943847
72653,pop_4,2.713607065721194,2.531465151949193,3.398325768265279,2.5986595560438177
72654,pop_4,3.2967484368231825,2.870072198444698,3.062721691089867,2.516716463216657
72655,pop_4,3.299863578164669,2.5122552977289434,3.0347518733300687,2.1619862538504484
72656,pop_4,2.9503037224751836,2.4485752707323476,3.1200702828355,2.6836481131253263
72657,pop_4,2.5664675891026625,2.508694521540207,3.8188485289092293,2.7848877483062155
72658,pop_4,2.7364030963720776,2.6592801450271137,3.325905977326548,2.4431627600689634
72659,pop_4,3.069606734133053,2.575434018498335,2.8919420234811177,2.222385260845759
72660,pop_4,2.709157362922167,2.7422307812975943,3.028168192930912,2.3547968326586988
72661,pop_4,3.064959608198846,2.963897699317437,3.1135539288472787,2.336343351548495
72662,pop_4,3.198772425099005,2.9197141383583065,3.264259216852687,2.558976869591902
72663,pop_4,2.7659263413298905,2.760224812548465,3.240748222164003,2.7489296714015508
72664,pop_4,3.1484446265242494,3.010153187523236,2.7024353735214763,2.2408726128590457
72665,pop_4,2.633037076699821,2.695025898043373,3.015332833170575,2.2829568169199326
72666,pop_4,3.0568347852543853,2.911017525569576,3.006307588043929,2.2831193495064612
72667,pop_4,2.8304378131341252,2.7442878130845294,3.4397454320047633,2.5625835596275293
72668,pop_4,2.913067070680429,2.3217538505801167,3.535259061934552,2.550283638586203
72669,pop_4,3.202581959433686,2.405369241043383,3.342832786191765,3.1387373523744664
72670,pop_4,3.038891186638003,2.841456495512592,2.7317291404593727,1.8735780706870162
72671,pop_4,2.7358999102169537,2.552034167266591,3.080835516842045,2.5173047140333185
72672,pop_4,2.95946085221625,2.8949713115945404,2.7756912530296716,2.2933595657352317
72673,pop_4,2.8256564637602,2.947426712241593,3.0270182104659504,2.647809058372642
72674,pop_4,2.75046893504254,2.9336356522123594,2.8836470939253513,2.800595081652775
72675,pop_4,3.267214870572727,2.775643297169088,2.6752379192555966,2.3426331280724053
72676,pop_4,2.8338003072755167,2.9278981220176137,3.286210980374029,2.423504776354344
72677,pop_4,3.064203437067007,2.752785959012467,2.9575051492728393,2.5688616889360416
72678,pop_4,3.402189979292048,2.695133693692619,3.348191816617154,2.3250755991522665
72679,pop_4,3.492753422990806,2.672491480496291,3.101890371748461,2.1832067369159653
72680,pop_4,2.9985546837558252,2.953386418329698,2.8402443616284914,2.6302154830488615
72681,pop_4,2.6519798230921072,2.71096999080279,3.231872073120997,2.6757621912407186
72682,pop_4,2.7890960339817457,3.027387042491417,3.165301468165668,2.249317755241342
72683,pop_4,2.86235075046499,2.8690284772823746,3.0508228723188378,2.179302786439884
72684,pop_4,2.9233574589168203,3.0625273398202872,3.0821370449361876,2.240876838565251
72685,pop_4,3.0692106620798176,2.7857124611466983,3.025651746520092,2.433237466963079
72686,pop_4,2.8977935724682324,2.807995398238636,2.9541279721068605,2.4658521320400966
72687,pop_4,2.7577996896105543,2.7527501111077357,3.3610397831743732,2.5662330883650353
72688,pop_4,3.019999615287661,2.3068661022451002,3.3820108176564294,2.5967638469080243
72689,pop_4,3.1286246351932094,2.7531835749286167,3.0670059060032577,2.46875095322294
72690,pop_4,2.7864859820657535,2.8636771076243366,3.5557590420372653,2.564946665542752
72691,pop_4,2.420455629726287,2.2763225031134935,3.544024016798786,2.522332417728779
72692,pop_4,2.8436533239020214,2.688352212385827,3.101209211583047,2.359012392284142
72693,pop_4,3.186431499514708,3.1920503114737375,2.5258714257103314,2.434041081834599
72694,pop_4,3.1566912154933195,2.9476799669636,3.4605103748494543,2.254482607819524
72695,pop_4,2.6234259202179837,2.278562783036004,3.180358750668228,2.503370505430439
72696,pop_4,2.7563964734325848,3.0733665284043936,2.8840882456735004,2.2534797756890876
72697,pop_4,3.555898281911551,2.5418659839083135,3.043177930724048,2.610666794919831
72698,pop_4,2.763673707059215,2.7513440322504277,3.54962908940134,2.4180979416378725
72699,pop_4,3.0973458668239533,2.6608798678508254,3.2092615351485,2.239999538362546
72700,pop_4,2.7029027414860085,2.187730923646918,3.8223381644364944,2.9801129154294554
72701,pop_4,3.177208201717329,2.6018116538301275,3.125420020686984,2.462057072334939
72702,pop_4,3.054758191556584,2.48552338665375,2.5131050620066753,2.224024140132255
72703,pop_4,2.77287597461415,2.775946434827741,3.3877872519223864,2.4261747226040264
72704,pop_4,3.151380576860973,2.8439352221906486,3.2923268421512684,1.9948402924571869
72705,pop_4,2.8907288286254493,3.101404562387692,2.5363816711589604,2.647746885383835
72706,pop_4,2.820284480681036,2.8798421584557703,3.420936503208802,2.6231106786942777
72707,pop_4,2.9332612153024913,2.6256421398069705,3.235013098833349,2.7716703767320063
72708,pop_4,3.0809375671897015,2.79927284238725,3.207859645789708,2.635596038005826
72709,pop_4,2.7368491193697997,2.755980235858674,3.1350426061829664,2.441708964768383
72710,pop_4,3.2615222702625424,2.6046277953812167,3.006190926003483,2.182234320568297
72711,pop_4,3.2643180780002816,2.783114700123466,3.0426942146371014,2.4156318651636712
72712,pop_4,3.076264438638271,2.7227026880725935,2.8777755968598315,2.3574565864202492
72713,pop_4,2.8042710002783466,2.648436288593853,3.089069481167961,2.4670241742208265
72714,pop_4,2.778137571733207,3.18123571811336,3.2426971920406076,2.672083637790486
72715,pop_4,2.8767920747615197,2.1683750819825476,3.5776610032709026,2.7342258731043003
72716,pop_4,2.6807770594107194,2.6042979510071254,3.3057107639693077,2.2641920331827143
72717,pop_4,3.13632795153714,2.8098320162063426,3.0047644010840524,2.476833032018149
72718,pop_4,3.005634911346073,2.612586692177207,2.598580885203668,2.448667513211195
72719,pop_4,2.9283157510667976,2.4093857009215705,3.0818325117542114,2.6206597718116282
72720,pop_4,3.220863115031366,2.7048357359903377,3.285090645679183,2.428886202822273
72721,pop_4,3.1568086560041233,2.6150220193428027,3.0215691576943975,2.390309348989152
72722,pop_4,3.0632198452194954,2.591879439508074,2.9953116558711526,2.500124109210387
72723,pop_4,2.894136135799462,2.7345205229982588,3.3084747181672056,1.9058843622622492
72724,pop_4,2.8216190246185313,2.8849230426152785,2.848694811755352,2.2976742965473367
72725,pop_4,2.810506645952713,2.005330852453367,3.581976070821025,3.0556883959550936
72726,pop_4,3.110557370711706,2.893603216939392,3.274395937818972,2.4281338995371566
72727,pop_4,2.969255570030475,2.8282945291577226,2.873926740329955,1.9645226572910857
72728,pop_4,2.8037786406127427,2.637401519938727,3.1748586755670796,2.710562143686763
72729,pop_4,3.210969892994251,3.2755379538557388,2.9304857629471055,2.6841288574919955
72730,pop_4,3.1713647851843523,2.4201263661402743,3.420470950366936,2.5295933976180853
72731,pop_4,3.1978327941409317,3.1742805716598883,2.791463959695619,1.8627052436315887
72732,pop_4,3.1587611229642776,2.5195776105279335,3.6250772713583066,2.442288282788599
72733,pop_4,3.0092400866520466,2.6476344728144423,3.085068448749128,2.565664562552253
72734,pop_4,2.9266686863194336,2.838619133850473,3.3284518179894675,2.2684825207294788
72735,pop_4,2.7287529679552955,2.647914358057721,3.504746362065737,2.3821930026694407
72736,pop_4,2.856042049271859,2.797413858768252,2.859174799173234,2.3492124331200364
72737,pop_4,3.0134750586518466,3.1316779751476593,3.1619027705146783,2.106934548584385
72738,pop_4,3.1767100310228322,2.736094930196604,2.983744753969675,2.4074840432850966
72739,pop_4,3.522914006723422,2.6741958152503202,3.178111217908894,2.0749636632964643
72740,pop_4,2.8145551278689624,3.0680863681830766,2.6598532084643947,2.631969727896218
72741,pop_4,2.840815633629422,2.7599582504935958,3.6292439142852735,2.992443722590631
72742,pop_4,3.2766380374154007,2.8594839974972475,2.967155131517269,2.2137941218153703
72743,pop_4,3.099191037091621,2.520340840591783,3.416803691808221,2.668114766869044
72744,pop_4,3.1303545589012924,3.0686707975210976,2.9010775397446986,2.1418532792869853
72745,pop_4,3.1494347874241413,2.592470775577787,3.4815723169904547,2.4361486317529426
72746,pop_4,3.4054387568356077,3.078153699780849,2.382888591845271,1.9447903803446966
72747,pop_4,3.055658664221266,3.4409048875631614,3.052038807912631,2.27417860931135
72748,pop_4,3.061377003398527,2.61378359145506,3.72659163536006,2.59133976245051
72749,pop_4,2.850261483872518,3.032061845823017,3.1019470297828438,2.3572889964032377
72750,pop_4,3.0600167910996006,2.975719271600647,3.44283598017211,2.0526512375681922
72751,pop_4,3.216127302382522,2.558550090305318,3.317844131462479,2.0495114430894397
72752,pop_4,3.0023668177067626,2.5457658777844396,3.2129819322522883,2.7980732199045195
72753,pop_4,2.8909024824386496,2.3547019863385423,3.7643859625512572,1.9317859244965798
72754,pop_4,3.198241548914385,3.0149726269844543,2.726578757603224,2.354517293859582
72755,pop_4,2.903940620124003,2.5091044752450657,2.614498380506295,2.543114281525554
72756,pop_4,2.4910400085603555,2.632208855697609,3.024960074338113,2.5986381909740692
72757,pop_4,2.729287624666541,2.8903833654157354,3.1663920267909464,2.2098378746216008
72758,pop_4,3.004516303194553,2.570396650761377,3.0429911465092294,2.4440880953405992
72759,pop_4,2.747107338185072,2.5992779957761125,3.3056404740068,2.3794411137618297
72760,pop_4,2.850964705930899,2.47642421284485,3.3711995530551473,2.8400478772004654
72761,pop_4,2.757069207284575,2.423625928841378,3.2777389994472585,2.8083138646468067
72762,pop_4,2.795252089259019,2.2468955613875226,3.474593874064953,2.7424265825223304
72763,pop_4,3.2937060383780703,2.9624408202126395,3.126230651636293,2.118495910958482
72764,pop_4,3.4026142132518666,2.836160494089497,2.7699787774838494,2.835109707625556
72765,pop_4,2.4772384491284556,2.8064550728433315,3.350338308611218,2.644370249848311
72766,pop_4,3.4613134254426305,2.830341411197871,2.8561704228942935,2.4503581710354245
72767,pop_4,3.056678790533559,3.4270162162427398,2.950645156206291,2.5928870877651695
72768,pop_4,2.934219323018656,2.6226893672987956,3.479955970051978,2.662698225599642
72769,pop_4,2.8891767005099167,2.8674787918772457,3.2222699798060326,2.295178903811062
72770,pop_4,3.099697621680573,2.6445706811751304,3.355450514881868,2.3011733091083837
72771,pop_4,2.801800204564246,2.4961386180742036,3.00011691005627,2.9414533824717446
72772,pop_4,2.870011947306661,2.748477565502618,3.2156817506553494,2.1689459119449728
72773,pop_4,2.9253261979674203,2.691819876631787,3.1455508694566294,2.4951383800245717
72774,pop_4,3.475211300747377,2.219800179607846,3.1850446760096434,2.8827237920737345
72775,pop_4,2.7492427284568643,2.1176546580133007,3.291068914151642,2.5104191466549803
72776,pop_4,3.1423565309336805,2.472964898953065,2.9433659033641284,2.216126886794417
72777,pop_4,2.98578912463071,2.8978470296090437,3.0224396485860785,2.0299519969234767
72778,pop_4,2.484548242697702,2.734633511793944,3.0432726653706883,2.4302949062131556
72779,pop_4,3.2684984458193083,3.0188133663785828,3.151240296825213,2.3282364170636267
72780,pop_4,2.83222554090969,2.909547118764439,3.272601877319886,2.1508621784132966
72781,pop_4,2.977262740161024,2.7627951582311567,3.167815650159949,2.5081415149261144
72782,pop_4,2.8675393560185327,2.884461957823438,3.1604660986153106,2.4344321581041566
72783,pop_4,2.7750494360897444,2.925987755718932,3.219219406570842,2.3262295780818967
72784,pop_4,2.7652184870361642,3.054880364712177,3.054282273956554,2.2532867263700647
72785,pop_4,2.786567438452386,2.826484656979803,3.5199588861579065,2.2043655457047455
72786,pop_4,2.416590014274309,2.4617315625666323,3.6427522538571866,2.47261237268393
72787,pop_4,3.1029469937281866,2.5731951890990463,2.839379464641398,2.3612619409758047
72788,pop_4,3.060521795240083,2.7795672951001236,2.8628658898304353,2.4423337316741818
72789,pop_4,3.380715985782055,2.50427608236915,3.1430320299730066,2.5971368325691393
72790,pop_4,2.841892495126351,2.782169856379456,3.0235824606981567,2.3614178797805843
72791,pop_4,2.886285976625994,2.851981783328722,3.153853478491997,3.0685833100158018
72792,pop_4,3.093158983067681,2.5928663885016943,3.373321885955039,2.933222421904033
72793,pop_4,3.202375191537154,2.848639636337674,3.076482703353105,2.463042487747857
72794,pop_4,3.16194365407633,2.081190508170665,3.1560072293387234,2.8213068806426382
72795,pop_4,3.61740496770337,2.998272703849576,2.867078838628514,2.6117985481778363
72796,pop_4,3.3342871950376565,3.0660766400435056,2.6477893691416026,1.917387990456007
72797,pop_4,3.1674702036965003,3.1774301445139796,3.039056167851344,2.202285141631399
72798,pop_4,2.855575591706861,2.67420885411562,2.7990248085575526,2.3800564234068973
72799,pop_4,3.0812279164372294,2.481717682770516,2.9285768689167844,2.437729978516913
72800,pop_4,2.935915167454157,2.8409336943569827,2.744495110882397,2.646862003855366
72801,pop_4,3.264405358321315,2.660156230528136,3.1141748396248854,2.4966559960039314
72802,pop_4,2.6757393938033203,3.1014259296410973,3.0254508794943216,2.2016247574535104
72803,pop_4,2.9113631972342846,2.7345363523356108,3.1774647809329073,2.552939512027015
72804,pop_4,3.0645210586184484,2.468774617909048,2.787313756958876,2.3028825224730975
72805,pop_4,3.2865371089917232,3.3844734742394214,3.0971057936343773,2.3786585552927604
72806,pop_4,2.652750578350413,2.0180417063377116,3.516059345193299,2.7476357387561703
72807,pop_4,2.7773829056404877,2.255961128847214,3.21339091348021,2.9431106365996658
72808,pop_4,3.0105037020245997,2.6149171755548366,3.1664144854872744,2.54253719384522
72809,pop_4,3.0863379209738513,2.6867758464771025,2.8007997831777476,2.8269594300729306
72810,pop_4,3.0134801411028374,3.2034956825952823,3.179244505786741,2.3204017489257587
72811,pop_4,2.5478773166357596,2.802991580469755,3.8487703769533916,2.716291096064694
72812,pop_4,2.9031662852887803,2.621689248189175,3.4827437927152824,2.8296293400101638
72813,pop_4,2.962165302442138,2.582984296296842,2.8981676262490534,2.5972465977192907
72814,pop_4,3.2969493679078727,2.9556313549027706,2.9842627968840247,2.2015399831698823
72815,pop_4,3.1410309547350463,2.7500148299341998,3.1551689032798165,2.221002499074386
72816,pop_4,3.159865244577055,2.872370860121318,2.9144687552835955,1.8643749340851905
72817,pop_4,3.047111920829167,2.370160531618093,3.7682363267709627,2.8559790420528186
72818,pop_4,3.064451603028897,2.5284122202490478,3.0598892903586474,2.713073955922215
72819,pop_4,3.031869932356824,2.8677288115724586,2.5123948761015424,2.6750273229734116
72820,pop_4,3.081899577397843,2.8068291122895594,2.432703826683916,2.332406478555255
72821,pop_4,3.041861675698929,2.724474626877841,3.2900696711023705,2.6371979800611562
72822,pop_4,3.179748856547637,2.969765520645522,2.750757989734208,2.672542543356666
72823,pop_4,3.147652526740115,2.3975775289382084,3.2334386441931375,2.1691627203306156
72824,pop_4,3.094026960004573,2.811344858111662,3.5611738720062567,2.726289382448312
72825,pop_4,3.234195714364032,2.664377696365281,3.096731001648874,2.2114130255887905
72826,pop_4,3.1912389899373794,2.8842533244670157,3.14943647727308,2.2592495646497213
72827,pop_4,3.018288209534414,2.483032418896221,3.4894747679405462,2.426084014927262
72828,pop_4,3.123445044824993,2.4533104950996996,3.3589957487700475,2.5058670448058695
72829,pop_4,2.8105757878707704,3.1605621952199603,2.9086324739285527,2.4410453474200238
72830,pop_4,3.4132109487491094,2.732863213510078,3.316548296380585,2.304323400028662
72831,pop_4,3.270584574884283,2.6033919274103434,3.2000646488721136,2.166783125681575
72832,pop_4,3.0580156449217535,2.3795436153675777,3.1268598257446567,2.9509079390854045
72833,pop_4,2.9179961949893665,2.9499460716704426,3.2311052248707246,2.0745891750401135
72834,pop_4,3.1149621125942835,2.809016938753005,2.8850364697103856,2.3967779904866857
72835,pop_4,2.9434167799688584,2.9874775102540183,3.1280515652134615,2.4150765675403836
72836,pop_4,3.0377681184659164,2.906334514250979,3.1665758690900407,2.1498718319714736
72837,pop_4,3.1433757929324093,2.945472398872086,3.41114198134301,2.7585777752436966
72838,pop_4,3.2280505359683236,2.653357201191021,3.312467554761945,2.3354452542094113
72839,pop_4,3.323352348965129,2.7329692037960243,3.300209819593991,2.6306281084650855
72840,pop_4,2.8958805604100344,2.80250813755482,3.0694975367112023,2.5092492454387396
72841,pop_4,2.9680111393538295,2.770753389992111,3.16516373146152,2.1814687552881744
72842,pop_4,3.394340342383034,2.7387978745989305,3.1007490063977365,2.338550690536544
72843,pop_4,3.2489951142805595,2.7351889720227147,3.1421092638544352,2.1395714897831546
72844,pop_4,3.2899544574652038,3.0010843004518892,2.8027765114146876,2.4376180334086843
72845,pop_4,2.9635562422147808,2.67680810373144,3.1614168739725144,2.7431373815750093
72846,pop_4,3.1947371267181803,2.64024807559223,3.5937466168989474,2.377922598808934
72847,pop_4,3.2017050234001787,2.3897889103493166,3.2008459925172654,2.816037729527221
72848,pop_4,3.2253707449584232,3.6853817278255234,2.9061469650705583,2.1752498351625436
72849,pop_4,3.3965188935395987,2.6850574321457614,3.1766314579647514,2.560035961892133
72850,pop_4,3.1680507901023405,2.7801499375084067,3.107493150968069,2.3192393821703683
72851,pop_4,2.818085715936822,2.825402711115304,2.6959270231533985,2.0874357904342338
72852,pop_4,3.246725957600235,2.9858381345453644,3.110380935125579,2.115702128796248
72853,pop_4,3.0638747924896577,2.584340291123574,3.084820767304469,2.9933529027021435
72854,pop_4,2.905950403045746,2.8415341918987105,3.0075812631556316,2.4559049829963198
72855,pop_4,3.1284346986697495,2.4696757231799924,3.1000321828441066,2.4696675636585685
72856,pop_4,3.135765487044508,2.861479595006251,2.8554860872827126,2.879484774095919
72857,pop_4,2.8525493563392685,2.6553927205811827,3.7258915420251,2.341803248971218
72858,pop_4,3.129792037052154,3.0175907556103,2.8028294850908337,2.0032243248055575
72859,pop_4,2.813909066432006,2.314422284845903,3.3543824834585676,2.413281844164555
72860,pop_4,2.9192199804289816,2.4687538442519386,3.4518045964040556,2.6305490187801897
72861,pop_4,2.9357672376782022,2.2864853861196806,2.929183764924225,2.592101208774282
72862,pop_4,3.3689705172050894,2.729237866831566,2.87976371054767,2.38693210373559
72863,pop_4,3.385917376785157,2.78379381288292,2.5323023232121677,2.2465189796103435
72864,pop_4,2.9125775140458883,3.0462356521831127,3.196481181445783,2.6848065247794097
72865,pop_4,2.7852122066384366,2.693111540883368,3.054743954486761,2.41579636816556
72866,pop_4,3.277556890019442,2.634371088513049,3.156369953887654,2.6130238935726067
72867,pop_4,2.971349268843065,3.0109501391578757,2.885937436872984,2.294360925100998
72868,pop_4,2.788334495525822,2.571055979430612,3.3899044997697825,2.4571709548279066
72869,pop_4,2.9566830870994703,2.726628397496718,3.0936137226748555,2.2839287785023936
72870,pop_4,2.769301883783025,2.490711676627032,3.756253793036148,2.4047667572237335
72871,pop_4,2.7086596951953283,3.2414014331690377,2.5908595397281826,2.484247329716623
72872,pop_4,2.999297861065164,2.6224159300479473,2.889321992107626,2.481039926655336
72873,pop_4,2.6133747258228524,2.6079062303887532,3.389752097977909,2.3119238367836874
72874,pop_4,3.139063798535201,2.9859339344749,2.951940743206337,2.463619248143932
72875,pop_4,3.40181639589941,3.216898961071532,3.1353770543756756,2.4529587335224154
72876,pop_4,2.845332634634894,2.7866148669402446,2.825879985282283,2.3462060285426203
72877,pop_4,3.00584482823833,2.4152059940825135,3.4533045180426205,2.6251943079882927
72878,pop_4,3.14125693148153,2.9399489717248968,3.2657416528911187,2.343278955071748
72879,pop_4,3.2453998122259335,2.965252669853206,2.8095871710986797,2.313917752897592
72880,pop_4,2.6138770156980433,2.6239568663691064,3.4313433375717053,2.8055150160399314
72881,pop_4,2.785041186776372,2.9702453424984867,3.2162937793570125,2.102934860059602
72882,pop_4,2.9839654749223326,2.763206258469315,2.89004963506243,2.619430391736927
72883,pop_4,2.6072828009386977,3.0849398055160755,2.8884062294043504,2.3073981858686152
72884,pop_4,3.1582279235784716,2.504293069863618,3.36059119120206,2.9345552266432477
72885,pop_4,2.9504937873432375,2.9338162566663617,3.314116537952688,2.5899660842658463
72886,pop_4,3.1196899773524387,2.6944333267663483,3.564020604854943,2.5529437603867358
72887,pop_4,2.9149676378312583,2.4646562350815606,3.196525042988501,2.4619742294283955
72888,pop_4,3.2992238664808973,2.5926854805677846,2.959572101354518,2.5784316372598064
72889,pop_4,2.6216359856921714,2.8378096019107013,3.387736611650511,2.7305555055057527
72890,pop_4,2.839136852534521,2.6704571131234633,3.0176452033640593,2.2139541033861962
72891,pop_4,2.757387849538207,2.5537069400242762,3.253679886404331,2.5906630839282654
72892,pop_4,3.081720218219137,2.4619738218795573,3.26320306398031,2.4392749784756114
72893,pop_4,3.307321260220251,2.9582521783879026,2.6773576884038564,2.4102162729286545
72894,pop_4,3.2299333724069603,2.5613955587550215,3.216143132628869,2.7399140626410556
72895,pop_4,2.789789809732517,2.9375417551352188,3.0857263039925944,2.7333110183375133
72896,pop_4,3.319749518155592,2.36879999208074,3.0593757510147324,2.557868659164491
72897,pop_4,2.492901370730404,2.504215583977792,3.4606377207614054,2.258420699251244
72898,pop_4,2.9754325641974897,2.632805042652562,2.719683591754635,2.5633873671753955
72899,pop_4,3.078941211906175,3.0234389627791294,3.0375072005911012,2.551138668776948
72900,pop_4,2.923199545427294,3.2460743542600943,3.051215898874641,2.4479449642129154
72901,pop_4,3.0894038850310133,2.534273080756135,3.019853967203909,2.7682492393540894
72902,pop_4,3.018804367431517,2.7348038308938794,3.3605821180818007,2.3922471853517435
72903,pop_4,2.8407524085223246,2.7757419330964836,3.2999602783520596,2.4343713919409224
72904,pop_4,2.9853240149551814,3.0191736781507283,3.0278450937238603,2.578850950631256
72905,pop_4,2.6290966937885663,2.7945940227441297,3.3171044448107945,2.552478897056322
72906,pop_4,2.941779593210685,2.4560601355267506,3.329600987729856,2.3555243182881873
72907,pop_4,3.129091946307165,3.223294737887882,2.4840357819069685,2.201940480437468
72908,pop_4,2.9544922970559404,3.3019281200449075,2.6315460104567863,2.8863550748892415
72909,pop_4,2.8173317791381267,2.6125670399072973,2.9931160121918956,2.253001426791879
72910,pop_4,3.084986290121994,2.9575296812021605,3.2937364769131285,2.3491758512477032
72911,pop_4,3.16366885712175,2.8268492344737632,3.0174790956383433,2.1063502319586123
72912,pop_4,3.0132408723025628,2.990728570083616,2.922905234144959,2.2917206965685892
72913,pop_4,2.986423348458583,2.503310134793406,2.9826697845283934,2.064453935373667
72914,pop_4,2.693818464930203,2.349249335227681,2.8716348719044884,2.7196824342615713
72915,pop_4,3.4030314131730637,3.3376394154823674,2.604007171332638,2.093280140555635
72916,pop_4,2.9767643978301352,2.8335561725878016,3.0905593797128903,2.3738932645628448
72917,pop_4,3.074221098569922,2.91162433224526,2.447241490544484,3.0707097848491847
72918,pop_4,3.060216160777525,2.565812144307821,3.399457367254689,2.9507312274759694
72919,pop_4,2.7148528790530113,2.509254718175772,2.8826856743827367,2.400592246993911
72920,pop_4,3.499468579940644,2.8533398257446416,2.9026385011389935,2.6136271100672586
72921,pop_4,3.0871889043179204,2.362876764745311,3.138035974316296,2.7064329112528456
72922,pop_4,2.82221063480899,2.710797165321534,2.9381905641321273,2.5869175494096175
72923,pop_4,3.1679932586430612,2.607558000389515,2.906651175308131,2.5721381514140162
72924,pop_4,3.3908662663477225,3.029472822003419,2.747607349809766,2.04521220643221
72925,pop_4,3.2244257708475135,2.7661098619657016,3.167172714788119,2.291029421303967
72926,pop_4,3.2378416634634157,2.6256838652615158,3.3735048065353674,2.915266638266895
72927,pop_4,2.821102539184941,3.1328989408172014,3.3922212763208273,2.182338074016643
72928,pop_4,2.9518129736389165,3.1242418958860863,2.990737211117619,2.3715653338929905
72929,pop_4,3.003290374037166,2.9682825153462877,3.287351134022727,2.666504706607131
72930,pop_4,3.207747671352439,2.9191873787288545,2.735686520660338,2.257393680668056
72931,pop_4,3.154538204063207,2.4404789005157506,3.1098278016428136,2.8988010760301703
72932,pop_4,3.2859004768616025,3.2335928005168557,2.7067706952040993,2.1437470517868955
72933,pop_4,3.289805382828122,2.5358145194587567,3.5399983455210604,2.4777054615638456
72934,pop_4,2.890741510461339,2.728806363801925,2.852011212061198,2.170840686730732
72935,pop_4,2.779417837235509,2.339342418220331,3.9189776040139277,2.3638743651737624
72936,pop_4,3.3424643177439406,2.7988695651786495,3.3678318418032362,3.090008346039066
72937,pop_4,3.1480740615952465,2.355149503839862,3.26254197686055,2.5503362504721925
72938,pop_4,3.347206241878595,2.6656177528232035,2.750265832531051,2.500776946613241
72939,pop_4,2.975973453763728,2.4548930327701624,3.188113064560895,2.8116003472580626
72940,pop_4,2.7047298480118576,2.5561680772517326,3.396244664564721,2.7647678471915027
72941,pop_4,2.9441722283266656,2.880144961357836,3.0722100805907853,2.301995967858253
72942,pop_4,3.002261861146751,2.6329437976547343,2.826791789420546,2.5115487851542957
72943,pop_4,2.827765064653069,2.8511951223811662,2.6811713593365862,2.735088611825183
72944,pop_4,3.0281836998781664,2.6564600687503113,2.9714242492074225,2.5328223355204416
72945,pop_4,2.8057433791106057,2.5263966109547313,2.9889652095297103,2.6889155585588513
72946,pop_4,2.5548634437313034,2.951440925349014,3.2909431880456532,2.6703085765406427
72947,pop_4,3.1087604212297846,2.7563605283917925,3.1995335347829124,2.3095992924192217
72948,pop_4,2.7568894639367807,2.667851047670641,3.4627851831395247,2.4963130143799943
72949,pop_4,2.990127563657973,2.7806714683734852,3.4481251430867745,2.6461375419737805
72950,pop_4,2.333712121809462,2.6914958821029495,2.9178043400801625,2.1748788755968236
72951,pop_4,2.8336442972482527,2.624651361991147,3.0678106952240265,2.411375975699822
72952,pop_4,2.9810807530747643,2.77830974773386,2.7806234777893826,2.619685399046279
72953,pop_4,3.1001423732822984,3.0570311550189904,2.8924768557480305,2.2926313921038926
72954,pop_4,2.8439140444036966,2.3413019004732396,2.985180548406716,2.966228488762465
72955,pop_4,2.319602393945532,2.3256641737121484,3.423895348271458,3.0495783476885845
72956,pop_4,3.320541180585005,2.351239741186224,3.04211440404483,3.0657572249882636
72957,pop_4,2.9632554899458703,3.133833918582916,3.0232085199001273,2.326493593199786
72958,pop_4,3.377710855643774,3.0932151265559162,2.6344643251282758,2.1387487200057174
72959,pop_4,2.960231744926745,3.005086001770227,3.1785516527232156,2.695492018169632
72960,pop_4,2.7445306688689746,2.940374600570092,3.193119288210147,2.527421598198238
72961,pop_4,2.79849542249151,2.1221685556266374,3.5766619413034917,2.7742230874338567
72962,pop_4,2.9952541224873204,2.2044889403407124,3.0154584085422385,2.819288467258675
72963,pop_4,3.098844069946651,2.565661109910859,3.213828919696117,2.6047487681900363
72964,pop_4,3.1458436800301293,2.880037914701666,2.641957267023081,2.461315723590712
72965,pop_4,3.299222486533281,2.7416701928025593,3.314572739297291,2.366772694999282
72966,pop_4,2.49728611733701,2.673559400291676,3.444383563991736,2.2129173240097417
72967,pop_4,2.821549055408033,2.628086831809251,3.368087676970207,2.519593714879724
72968,pop_4,2.661563506728289,2.5779352316276034,3.7240681151285875,2.3718677247002633
72969,pop_4,2.8114535476738576,2.6296846536445204,3.280656161532837,2.2198053870290035
72970,pop_4,3.3113259477653076,2.5449283109293663,2.8316783007837154,2.514007799251767
72971,pop_4,3.3688016969470738,2.3668955592865046,3.1252095701975793,2.3526907688021677
72972,pop_4,2.8480469817827396,2.830138542540446,3.052438660470537,2.472563280997864
72973,pop_4,3.7736254809904275,2.8364529331377133,2.7262670924752044,2.5885470292127026
72974,pop_4,3.4316741137442373,2.7179793304854902,2.9232510205242512,2.389894708416614
72975,pop_4,2.9081279489418423,2.6885744913140015,3.0071891326257387,2.290488846618595
72976,pop_4,3.0017152464327563,2.8660470669796796,2.9859166149155207,2.685009451598647
72977,pop_4,2.82618366900097,2.5357864881868473,3.4652316907982255,2.3071154089379444
72978,pop_4,3.501498120644799,2.7271275432951505,3.069807214757081,2.430096523616166
72979,pop_4,2.814353808555455,2.6572457723181184,2.8322792442245475,2.5484100333947044
72980,pop_4,3.3362713225714216,2.941387265967256,3.1774611355697173,2.667023321791231
72981,pop_4,3.3089976725011145,3.045718432222764,2.9750116278893737,2.819302426679871
72982,pop_4,3.078159122090385,2.7003081862070206,2.985775276380581,3.0145799860058484
72983,pop_4,2.9793842676753695,2.932975649443753,2.5382934568542805,2.6662851786265147
72984,pop_4,2.662235922131056,2.5268305542663154,3.6911435653377227,2.597984242973801
72985,pop_4,3.0108397695347273,2.7460379807316,2.9848768482640895,2.5857680095109914
72986,pop_4,3.0364586174109838,2.819831167968222,3.339628367617216,2.282330170036792
72987,pop_4,2.7501980476172765,2.5927324617171723,3.8608614737757048,2.239624741723237
72988,pop_4,2.880542833518683,3.089796275139094,3.3148862074630903,2.2019953864762525
72989,pop_4,2.9796162714295282,2.8607968961336234,2.848252040522396,2.1750127327265747
72990,pop_4,2.913804944160202,2.579339057219714,3.4727424447616766,2.6408901796807704
72991,pop_4,3.0547742596723215,2.8373169112231986,2.974100317637049,2.185863992383512
72992,pop_4,2.9774754886393566,2.583675457826611,3.3292765786079053,2.3120179976034736
72993,pop_4,2.874608143303813,2.8349859783450992,3.172222190504129,2.312017156923989
72994,pop_4,2.895168405322381,2.776479585904967,3.230218740268597,2.3660814723280823
72995,pop_4,3.3662495137374564,2.784758352005774,3.4345121327058155,2.400880502576765
72996,pop_4,3.1915651033880446,3.0295841821840486,3.11480349514056,2.538126470477548
72997,pop_4,2.5134430852357936,2.7831883027440982,3.1510398153106047,2.4489798469741277
72998,pop_4,2.737276127103296,2.1193354974297383,3.2294626941544604,2.9267336985269656
72999,pop_4,2.7596174835676557,2.782623800893496,3.171991082146306,2.3446041345794573
