cell_id,population,gene_0,gene_1,gene_2,gene_3
4000,pop_0,3.531529838738827,2.7370360368861513,3.579478227418449,2.381130348002933
4001,pop_0,3.4690040084938287,2.679312957824252,3.3727309905342966,2.812859662594613
4002,pop_0,3.046822195944689,2.9461938185948218,3.08604126315461,2.9621376828775907
4003,pop_0,3.312476182040186,2.2962106338625703,3.091664790958149,3.1019671880237545
4004,pop_0,3.3319335926798748,2.756723562674919,3.2696708682065068,2.6385832734670522
4005,pop_0,3.315016236610662,2.48853771788901,3.4430624033753703,2.784345767402893
4006,pop_0,3.583674398392825,2.4772488442762546,3.61020886088955,2.2386608902547205
4007,pop_0,3.943529091182308,2.8905795847844757,3.312935333515056,2.58226976951779
4008,pop_0,3.533430863914568,2.42960763473143,2.912173849604986,2.543714509285289
4009,pop_0,3.4714473439485016,2.764875707449549,3.455037768212825,2.9532789584867984
4010,pop_0,3.3210825210190826,2.6413790477503545,3.016559331735359,3.127151802797791
4011,pop_0,3.3092834614761677,2.6599163194538518,2.837158285813065,2.802050679206558
4012,pop_0,3.7919933187353765,1.987932082069069,3.245557963917185,2.7210873349032885
4013,pop_0,3.3642399456962995,2.85213608687184,2.854822482736561,3.1155299912211425
4014,pop_0,3.458351229539686,2.585009968611884,3.4178306551898237,2.688421524718935
4015,pop_0,3.3188357932956896,2.674498907452564,3.0077100529305874,2.8195411224774256
4016,pop_0,3.0021706116753744,2.859030367326085,3.569720350626821,2.6070422502433344
4017,pop_0,3.9525187157652506,2.460089505992627,3.120148539692212,2.830017522733979
4018,pop_0,3.0429658977305443,2.7297060579499473,3.0186572974921533,2.69025125877438
4019,pop_0,3.824839850793386,2.4314571785211716,3.207570587081885,2.4281199125710993
4020,pop_0,3.8257858313492186,2.0938491189672215,3.269297180891975,3.086710637315512
4021,pop_0,3.2109344976518153,2.907809812889724,3.0449552879833033,3.110788787730857
4022,pop_0,3.1375293919352205,2.7844994022606775,2.885649845528714,2.7503243703425166
4023,pop_0,3.342055642669581,2.6532825232078965,3.592506008568361,2.4965910203157393
4024,pop_0,3.5961991377454816,2.480591217010306,3.0473286511428674,2.4190968973039833
4025,pop_0,3.1991551654112405,2.5363991828153494,3.1351624039342365,2.378189217722184
4026,pop_0,3.6920403827502963,2.114191285218828,3.145530994701967,2.591523307471353
4027,pop_0,3.6286016371155196,2.387336301311775,2.9788885197071817,2.3080618863562163
4028,pop_0,3.548689284712955,2.3572868570100693,3.06458659650201,2.6438533680303142
4029,pop_0,3.2664648702725545,2.4339141191828633,3.376020662547913,2.817969224785502
4030,pop_0,3.153845669005878,2.7974272009849126,3.5225249080243093,2.562854621606652
4031,pop_0,3.484089128413221,2.4997955692066633,3.429708950290921,2.2812984820333986
4032,pop_0,3.444632392862027,2.7412516875138566,3.1951853277052353,2.826119865904685
4033,pop_0,3.1988761091616995,2.9726317039232284,3.3519792088202385,2.987540377278624
4034,pop_0,3.7560575949411206,2.933040835492201,3.5614493219437766,2.757242774534078
4035,pop_0,3.5150611812019785,2.525752443442547,3.1948113601287957,2.3086888089478825
4036,pop_0,3.292165873239818,2.3651130667438682,3.9495355780990273,2.4897956992494694
4037,pop_0,3.0658649129945594,2.758321063715933,3.1791737609372257,2.2930489794009894
4038,pop_0,2.9254066594742008,2.7343059326464436,2.9817600841257765,2.1768752985321687
4039,pop_0,3.3965377065380955,2.922817063632132,3.69812649172459,2.7295504696444586
4040,pop_0,3.347926363229809,2.573876771845921,3.3874724668447276,1.956189414360029
4041,pop_0,3.2935832291186764,2.6245427107128703,3.4055106791807734,2.1039562771581544
4042,pop_0,3.745951822726703,2.427504047878466,3.2483268259739604,2.58352303533098
4043,pop_0,3.2395372771329063,2.9275580301185387,3.2287727448745733,2.408575109258718
4044,pop_0,3.305203387664983,2.5116061343815557,3.2115525987300364,2.7471613496458755
4045,pop_0,3.106912261628675,2.8779687508996354,3.4247454983310215,2.765704507888838
4046,pop_0,3.5894272996116965,2.677315573104415,3.4664255639061925,2.5634473630275454
4047,pop_0,3.7941664863740847,2.7646125966066197,3.439327134968772,2.59042762197337
4048,pop_0,3.0033371396228694,2.757685960217827,2.939252708120934,2.566869739994176
4049,pop_0,3.334698986226203,2.493282776943584,3.1670434405722934,2.4885082888596495
4050,pop_0,3.2561624504308617,2.758946862881396,3.036374862634129,2.1842092363305876
4051,pop_0,3.432300026164149,2.383606700343034,2.9676785362888554,2.5888496113649606
4052,pop_0,3.460502964742382,2.327090644582971,3.592677099509286,2.6074449969135753
4053,pop_0,3.3332155835512025,2.939097519412581,3.065691925209767,2.784622332368222
4054,pop_0,3.059871834595727,2.824506529283626,3.249495564560268,2.702672889899479
4055,pop_0,3.272730470490203,2.6778147309850304,3.4808507745502846,2.597386466616838
4056,pop_0,3.217838743835353,2.825492465168849,3.5569631601689213,2.7151903313858785
4057,pop_0,3.6697831262780194,2.3761510501333887,3.1979232244650166,2.424797416435288
4058,pop_0,3.4056146167206873,2.505625110728375,3.418610087242485,2.61975741914217
4059,pop_0,3.2392982810296838,2.887157327358814,2.911461232616181,3.162427546519321
4060,pop_0,3.130959394099531,2.6922115156180535,3.0172871264494545,2.690705484958014
4061,pop_0,3.7910706599728377,2.639571180674931,3.345399614325503,2.7005179508780386
4062,pop_0,3.406087473259969,2.5146984410431963,3.438515039941823,2.6845375507674696
4063,pop_0,3.7178688443690278,2.436995194403024,3.622986753577364,2.634843036306356
4064,pop_0,3.6157670084877913,2.7095574806544214,3.289781543618208,2.787773304490372
4065,pop_0,3.507387053086466,2.6827532468082906,3.3562431067500498,2.3331107906391133
4066,pop_0,3.04468886100886,2.6296471392411327,3.6104326664792654,2.9141943538243122
4067,pop_0,3.4828816046625595,2.54013137116659,3.3214409898215242,2.7907368107324277
4068,pop_0,3.26226959475602,3.0493093290626816,3.3875075284778395,3.3040438887838026
4069,pop_0,3.5706893259574075,2.4615924367139277,3.430533066082699,2.6147349958401698
4070,pop_0,3.5025860429625877,2.8462561551241716,3.2427626289869482,2.464449853875807
4071,pop_0,3.7571843076026847,2.924819778519026,2.9336831764840854,2.9700307569290185
4072,pop_0,3.206414092697792,2.9131510176375452,3.36657266965234,2.6500877802512517
4073,pop_0,3.417083397500035,2.7035163822729835,3.529643257372503,2.5861229268617154
4074,pop_0,3.6834289363337906,2.5968521162354543,3.489343193214706,2.5261716113534964
4075,pop_0,3.8128207669556407,2.8795141069815515,3.1622887277656733,2.5657006157671645
4076,pop_0,3.3947088791599986,2.591965791262117,3.603926598999779,3.3305226760914666
4077,pop_0,3.44279683492571,3.1326696742583753,3.247166220387621,2.601097958681205
4078,pop_0,3.109132437566809,2.994379781851994,3.080481243165462,2.742761035481077
4079,pop_0,3.528597466462883,2.6254049236793002,3.408538694539245,2.9145229770410386
4080,pop_0,2.977679115993595,2.5011245770908963,3.225406046656657,2.669412651627684
4081,pop_0,3.134455283202736,2.9086257921550933,3.0097788281883706,2.221712388332606
4082,pop_0,3.297979869162937,2.570507834272293,2.9422226804285496,2.299156975567284
4083,pop_0,3.29530018161822,2.839496122184244,3.1730084013729156,3.032658550648643
4084,pop_0,3.376048003656394,2.693497510239121,3.2355801788747254,3.064221132589124
4085,pop_0,3.086569241393645,2.7474621342472303,3.0340207420166765,2.9739310222877693
4086,pop_0,3.9699248053837133,2.477606129744601,3.488161899054016,2.4899604434370404
4087,pop_0,3.4353312617556067,2.820788933410572,3.3011261012982134,2.1961413980343956
4088,pop_0,3.6153137334056047,2.641186424744226,3.097283412755247,2.5987363369604797
4089,pop_0,3.5867100700811676,2.421060230466744,3.093859510300525,2.2990321625286816
4090,pop_0,3.454239048028659,2.5443051421828877,2.921663513694998,2.3678994459935025
4091,pop_0,3.232998124037491,2.7139480801463183,2.781651171945443,2.9044398733017514
4092,pop_0,3.8104795969621614,2.1478245516238488,3.293586447382414,2.7638334123272035
4093,pop_0,3.6059590458824595,2.3993254394080967,3.17401157060548,2.5487775467619915
4094,pop_0,3.2860455518663443,2.494297288557301,3.1919034478553607,2.601577856555179
4095,pop_0,3.4141347007534715,2.6469845554912617,2.780970160613979,2.2980106673664933
4096,pop_0,3.660302002097879,2.3471871729945093,2.947168676502913,2.758767648074833
4097,pop_0,3.2902104397110095,2.818439661893284,3.1261741916068075,2.7428155443853006
4098,pop_0,3.418701818370865,2.3364251067287722,2.959870602159692,2.6300983126548974
4099,pop_0,3.272216003437955,2.6854759448917824,3.2955142251424907,2.4314454384789257
4100,pop_0,3.298515747547188,2.828167397106113,3.43731137769775,2.345949036560282
4101,pop_0,3.794660384393443,2.7075905827894076,3.0616961804460883,2.1661810788886458
4102,pop_0,3.423759221485102,3.3536935899860354,3.4801323946038214,2.5478970952879503
4103,pop_0,3.3173757164749023,2.829022043561712,3.437219133028918,2.6635363874511806
4104,pop_0,3.2239621416648068,2.749970132751511,3.206355437072524,2.947299903472456
4105,pop_0,3.3058571488464104,2.550822079992127,3.016277175276287,2.77104913628099
4106,pop_0,3.403738525417105,2.2622912679982687,3.0318072219996197,2.574309164025282
4107,pop_0,2.777891309003372,2.601782854516483,3.5369143599837525,2.2608839346670537
4108,pop_0,3.3245785073079297,2.628253347850934,3.3320706292843374,2.8324779531779636
4109,pop_0,3.5834607061945425,2.580747260734833,3.0971114544128935,2.884027550581196
4110,pop_0,3.45771439831569,2.6060408178363397,3.3852789579277673,2.7341380546790037
4111,pop_0,3.4001938478806415,2.2609967692781954,3.5086456247822317,3.0441891167450343
4112,pop_0,3.3978738602664875,2.6504933279093703,3.4351324429916676,2.3925163788461212
4113,pop_0,3.892487396592079,2.3643510757056116,3.330852262319289,2.2902491568207783
4114,pop_0,3.0644943369853075,2.5106171109783397,3.309664530332354,2.484409191344536
4115,pop_0,3.743100271729503,2.6626295501523645,3.102248251117524,1.9613906580411522
4116,pop_0,2.956840423019472,2.7593245029530853,3.2323109064095825,3.1527994768687115
4117,pop_0,3.560630861985142,2.5741742952795152,3.441413967413894,2.516989630842357
4118,pop_0,3.5697893343196028,2.8270326528520306,3.321795240623476,2.751561400283149
4119,pop_0,3.7342633323806163,2.342775673221501,3.2968980111820345,2.9405225447261008
4120,pop_0,3.442665440873692,2.7648053993453234,3.5125388775466515,2.6506740718342168
4121,pop_0,3.7690654969989743,2.4847462923028836,2.9726042126553915,2.537074382784738
4122,pop_0,3.546634907375051,2.399228102817232,3.0636990501727186,2.498490095356452
4123,pop_0,3.4500988278337323,2.6559849142925196,3.3749600389233105,2.4163301660350314
4124,pop_0,3.6993098547153,2.4248621938846155,3.1666084034625808,2.492144289917075
4125,pop_0,3.5058828508889692,2.3328159344758443,3.438465926433428,2.654885315889226
4126,pop_0,3.469892677141613,2.795082271949533,2.977206413431848,2.722084105348572
4127,pop_0,3.948687476280866,2.346771373208469,3.2848914525395463,2.8837016007928233
4128,pop_0,3.5433704174986413,2.916373348502225,3.274629998098894,2.399402733288528
4129,pop_0,3.165600528276202,2.956727926900457,3.480139908634904,3.114153027051582
4130,pop_0,3.3187380665178075,2.7312598402314303,3.450993728321131,2.602400199961725
4131,pop_0,2.9130026927671913,3.0686623354311657,3.158895801373252,2.333154683659061
4132,pop_0,3.869974795767661,2.8172111499031627,3.41770183171956,2.496614280586842
4133,pop_0,3.499687851398584,2.3722197748767084,2.953985378085656,2.5960339195100732
4134,pop_0,3.1706897133376852,2.8754759289058707,3.5617934443729182,2.4663448339631495
4135,pop_0,3.473552386822837,2.7162581245498707,3.627003377024918,2.8441701258069987
4136,pop_0,3.264267071240279,2.7292386872107044,3.118392811271335,2.4561464772197295
4137,pop_0,3.235293803232579,2.6270565115261486,3.4361799481406816,2.5954892164086507
4138,pop_0,3.564731488329148,2.6234664563330727,2.8050783758946363,2.8575744980425077
4139,pop_0,3.594410952817329,2.9634415579753868,2.980787316312532,2.8811338776017346
4140,pop_0,3.732802709645893,2.751180176595725,3.4154384834792073,2.7486709044144586
4141,pop_0,3.1914334303752514,2.6026077512207175,2.8786744435763936,2.73170714689159
4142,pop_0,3.4221217590919357,2.934007346404422,3.2262396491824203,2.78155950725784
4143,pop_0,3.2995560418678322,3.201881089580148,3.552681998262476,2.589302799687468
4144,pop_0,3.171568661089205,2.333311916855012,2.93300948902467,2.268774768383349
4145,pop_0,3.2340396120381,2.882819023085082,3.000267757662685,2.2803247441890995
4146,pop_0,2.9337882045854333,3.0289063596962675,3.3112949969371037,2.8799866150655173
4147,pop_0,3.270366708773687,2.5352673185385726,3.328251268347506,2.8093863547327165
4148,pop_0,3.1373129827135884,2.7253585553601267,2.532385470635336,2.946546467732679
4149,pop_0,3.7764544954924655,2.56514799184468,3.1155180140920704,2.6624613668430284
4150,pop_0,3.1905539129446394,2.7235551032374854,2.969960629129925,2.2804308975605014
4151,pop_0,3.1043438615508436,3.0052626193686964,3.3252754934750297,2.582222421374951
4152,pop_0,3.4699945276223585,2.8153268157600624,3.390719267161987,2.429792646507443
4153,pop_0,2.9124521740065585,3.037524971858868,3.207821247160912,2.5920428469480594
4154,pop_0,3.680866010702199,2.1692287055820727,3.032636752867932,2.5323154541081845
4155,pop_0,3.1218181831702516,2.544379718603872,3.2987771130083767,2.4630231929505784
4156,pop_0,3.871977875379316,2.393372170753136,2.924664754959612,2.8189734654306284
4157,pop_0,3.09365046268608,2.984539719203333,3.2321699864046862,2.8366715154486224
4158,pop_0,3.3235443951678216,2.6563343237926356,3.269098283872313,3.2961199494090674
4159,pop_0,3.5402873264790777,2.8434209132582833,2.9605604343308847,2.6001398494036034
4160,pop_0,3.9042402011248627,2.818789621289309,3.064532232163799,3.0559122016047233
4161,pop_0,3.142691079182644,2.6745971907629262,3.769377009880797,2.539123348305112
4162,pop_0,2.6938508309406255,2.7735247953646023,3.3027386114875483,2.834661849867038
4163,pop_0,3.554378895546775,3.0530764629843583,3.2272443149793117,2.322467779637873
4164,pop_0,3.326924984325172,3.102942286673823,3.2414621905167436,2.307159083810066
4165,pop_0,2.916314369961048,2.910628507351954,3.1541490910778527,2.6543647924743365
4166,pop_0,3.2803613346202103,2.919160456384688,3.172048251685297,2.2737184229185905
4167,pop_0,2.988184282112125,2.6620322013441666,3.2478809597884974,2.8110854740933893
4168,pop_0,3.334698798477697,2.320502333505817,3.2304067592328307,2.6624046887265527
4169,pop_0,3.074755021197201,2.519664521094363,2.896203683737547,3.0363163503754436
4170,pop_0,3.4060985342138483,2.774635399397702,3.2272105424806576,2.668233968698751
4171,pop_0,3.7378582958415953,2.4188419185519225,3.553212065855431,2.5735791746382266
4172,pop_0,3.583284314371374,2.7312970219419532,3.3195718838673707,2.4054560803206293
4173,pop_0,3.190386297521501,2.6068939203466543,3.4825983493661647,2.352933492621087
4174,pop_0,3.9458019659472474,2.5193305480906427,3.1125547803938245,2.953974238137392
4175,pop_0,3.3013151328085386,2.357349531603994,3.5107989157271606,2.782527991184577
4176,pop_0,3.9860208807288537,2.223200327183957,3.311978561827836,2.4855106511572616
4177,pop_0,3.526139855488302,2.1887686740516585,3.435303952128079,2.597824628230196
4178,pop_0,3.6769518575704723,2.6316684873553835,3.476617225754441,3.000997021477242
4179,pop_0,3.941209147204288,2.7764361654578535,3.5958581002947136,2.9109542904756425
4180,pop_0,3.685713881342885,2.482843538321014,3.223246766345026,2.3401792794110503
4181,pop_0,3.5345720824947318,2.8997165541306837,3.1976354714445367,2.899082587015287
4182,pop_0,3.397397949718174,2.90861404823829,3.636201467999332,2.656406108568607
4183,pop_0,3.720951970436613,2.8604342558346545,3.1304455358779655,2.631560360931942
4184,pop_0,3.881485772538321,2.5770988743151424,3.5049742618717046,2.267455184088805
4185,pop_0,3.4270978501012173,2.452830379804407,2.921003277962083,2.296685846404178
4186,pop_0,3.3464617018298877,2.822713143350475,2.8703938480481637,2.2310935343739193
4187,pop_0,3.342001767213912,2.5525037682166816,3.118356538400228,2.331616192930202
4188,pop_0,3.7774940092299483,2.7827504384918154,3.5870735771981117,2.2046940176298584
4189,pop_0,3.5599397226447254,2.710177980945316,3.3497109084559455,2.2505923196602904
4190,pop_0,3.4936625008293274,2.7147784865517726,3.125833415594729,2.4840159985366213
4191,pop_0,3.5421648868369857,2.493991639362933,3.40590170428938,2.5719099377566614
4192,pop_0,3.3413563316119133,2.8605150541094875,3.3260278251299926,2.930642969239674
4193,pop_0,4.002108064671139,2.823502541079064,3.39219733868953,2.4577753690719666
4194,pop_0,3.292462279581355,2.856197461678561,3.6052425590457653,2.7343909962770483
4195,pop_0,3.0154973950333086,2.5634254633782256,3.2670693493260456,2.436986717970062
4196,pop_0,3.450069937457854,2.6688335899414244,3.4697203472595883,2.543134394832405
4197,pop_0,3.7120676530897576,2.6375174662744962,2.8980092603073793,2.956381806985358
4198,pop_0,3.9219243314487757,2.3279317958565398,3.1607209150459257,2.3438740545075603
4199,pop_0,3.5163498654894743,2.6046591572911035,3.4029689331458246,2.637420895448061
4200,pop_0,3.277814601827491,2.7188732810824345,3.5095553986863868,2.5195986889091535
4201,pop_0,3.560306725663183,2.6597250550922635,3.119848355375242,2.7624791992713877
4202,pop_0,3.490187127307467,2.374346483401037,3.0712084293430535,2.4981862966499846
4203,pop_0,3.4384569187415295,2.578206957600781,3.174984400217819,2.865099537462297
4204,pop_0,3.600759091182523,2.4065907519069962,3.4370343230196605,2.481008162123548
4205,pop_0,3.739323859007693,2.7808792758608645,3.639256382122129,2.3406987602432534
4206,pop_0,2.8823534591489235,3.2849311982038856,3.4138454943370466,2.7910721972509234
4207,pop_0,3.3776600162960286,2.820897281686591,3.3660873259915105,2.617241730791498
4208,pop_0,3.792661509385414,2.406220924941229,3.093823661966797,2.3523813493832284
4209,pop_0,3.1109262998559384,2.579511383096812,3.025108574523524,2.654559294117143
4210,pop_0,3.694701785138317,2.958925580321708,3.3064895157021628,2.5735341707071755
4211,pop_0,3.200039733021126,2.569072352318595,3.399571645869984,2.9681371223295665
4212,pop_0,3.481865972817816,2.6628012979192572,3.809611360581021,2.4321053337343623
4213,pop_0,3.320493317282975,2.6349280032745552,2.777028263918577,3.379166247419353
4214,pop_0,3.751458922864153,2.4496042028963028,3.3683497360864307,2.664768741587225
4215,pop_0,3.545569957453279,2.7219407238714175,3.4891756072737072,2.5936220303777766
4216,pop_0,3.8306529188163276,2.646038001875099,3.36524956349413,2.28445447639476
4217,pop_0,3.2843052534622945,2.475256451873177,3.221635949499233,2.484155214593734
4218,pop_0,3.7120609316015987,2.39266945641243,3.5420853371775505,2.6816215305743545
4219,pop_0,3.9015981985157384,2.72394050680387,3.2023953452509026,3.1628125878095075
4220,pop_0,3.354291861416304,2.824040460806489,3.594857275296671,2.404215091990308
4221,pop_0,3.6404031048622882,2.5622810179822246,3.2456199105990176,2.767618823332698
4222,pop_0,3.2206670272224702,2.319425615326922,3.5476412946790306,2.739661063372015
4223,pop_0,3.9045678412078875,2.3369424545899276,3.148071702172253,2.7707474119081774
4224,pop_0,2.7832115497225907,3.0402075110208564,3.36931829167118,3.0056349150571657
4225,pop_0,3.2899389591527797,2.6229512729549214,3.5161789522981195,2.6254538012003663
4226,pop_0,3.498560489045014,2.638200114303981,3.3195112594160876,2.3485065107149117
4227,pop_0,3.2947395735897356,2.629587199539303,3.6087864101711724,3.140459034208907
4228,pop_0,3.446367630081695,2.7858944331879463,3.3190525070320533,2.4907227579924096
4229,pop_0,3.6993456274026513,2.779027063981118,3.59959395762347,1.9357314228563274
4230,pop_0,3.5884784206245692,2.075199076190567,3.4231508857532917,2.666935188252467
4231,pop_0,3.40820518850028,2.548862702053414,3.469816322119046,2.806870065636125
4232,pop_0,3.476816182382598,2.612070077474262,3.8296898871011487,1.9982922680377724
4233,pop_0,3.9515674455016065,2.2762386937172017,3.0064047630327435,2.8455427901625825
4234,pop_0,3.587319566593117,2.1984523330115606,3.4637634511350064,2.7572742635093306
4235,pop_0,3.1921647115157734,2.934261156859378,2.8667464400562412,2.6433216886161177
4236,pop_0,3.201518823211079,2.6866022815329056,2.9445761673351933,2.7912772926976843
4237,pop_0,3.647293730844758,2.2957939391663342,3.6694146125264626,2.429360212751128
4238,pop_0,3.871499738454609,2.6362820846338098,3.444051177886848,2.2275941532362773
4239,pop_0,3.4339023308787917,2.5077349897347068,3.263350536157281,2.971341597323638
4240,pop_0,3.7158440602692866,2.8990939200042476,3.343773816659881,2.6596700333058827
4241,pop_0,3.0811957359290854,3.1058011400992758,3.1552071376104642,2.562124352301106
4242,pop_0,3.1022937681608496,3.4027733324089797,3.2566715381625166,2.406535881573916
4243,pop_0,3.6201997974177806,2.287009245049449,3.079423355882552,2.3376841870090783
4244,pop_0,3.403566241782277,3.026124931186668,3.2383005091803008,2.537502804832224
4245,pop_0,2.9593464763854627,2.7362077098451416,3.401733749749408,2.305020544679954
4246,pop_0,3.4714286815839452,2.581417549427848,3.3143226614507846,3.0129528692768517
4247,pop_0,3.3022429130125612,2.67913713081998,3.1504522059472344,2.579995660058643
4248,pop_0,3.308945189069884,2.7040709876150615,3.9377638540808553,2.571508982721145
4249,pop_0,3.0835946370802927,2.7439585827322377,3.300157985617699,2.697636436473159
4250,pop_0,3.405692239653478,2.6138309233714367,3.1863883704093117,2.741744405526924
4251,pop_0,3.3897888386885406,2.8053042963896075,3.09833511950717,2.7720107681788653
4252,pop_0,3.2493262344754994,2.7053642364718384,3.380339504747274,2.7073129407273533
4253,pop_0,3.028084192042568,2.8197995490947556,3.369247763825368,2.527850116083888
4254,pop_0,3.5182711008916936,2.5912847370531336,3.2389936544373272,2.83860866889984
4255,pop_0,3.71964185173536,2.53216422950105,3.1497549086091414,2.834741074707478
4256,pop_0,3.6446378520044167,2.6818696701974627,2.9204794941808894,2.380959775749631
4257,pop_0,3.566428516814899,2.7491423838903803,3.3947343593369235,2.3844887086686657
4258,pop_0,3.3094138408256826,2.736703780808078,3.7611598867531297,2.0864176781740977
4259,pop_0,3.3604863556607962,2.1770091874145385,3.119223056002725,3.01421391632867
4260,pop_0,3.1832487360757917,2.5791030372916652,3.2132481024225354,2.7986080767064196
4261,pop_0,3.643929688377355,2.330971088267731,3.4772636024790144,2.6269820225385625
4262,pop_0,3.51815023833442,2.7395045158194176,3.353344795438242,2.615748826089539
4263,pop_0,3.2028959184688595,2.6762210395580053,2.942773774685451,2.4870705999747753
4264,pop_0,2.948743572114086,2.913653048294868,3.2392863868684123,2.5556369190662847
4265,pop_0,3.5064348341450167,2.5996954272749444,2.927949585727362,2.8790336318765735
4266,pop_0,3.7990478362608995,2.4986071665124077,2.995027407296456,2.4853244173043683
4267,pop_0,3.4251519494995715,2.6713506883036273,3.0791953039928153,2.5757823343532356
4268,pop_0,3.7059001516424255,2.891289234746995,2.823230885313278,2.7018474028211847
4269,pop_0,4.04138094774128,2.639419306393635,3.4478555566044378,2.5951804635082674
4270,pop_0,3.1628172920262223,2.746317981184607,3.478289383938518,2.8533645240573593
4271,pop_0,3.609529444542882,2.9800554409423436,3.0972375444350604,2.0126644256153527
4272,pop_0,3.6981689992491513,2.3536173560113167,3.1485428172255245,2.37279899109348
4273,pop_0,3.369136737001503,2.3705033400582516,3.1607587811740943,2.934520129992729
4274,pop_0,3.425208896547935,2.597423926037766,2.8593606935175573,2.2184440928823532
4275,pop_0,3.3999560879883775,2.416729416589986,3.7078633740345213,2.402920628350533
4276,pop_0,3.341328002153373,2.7695068569416263,3.349474318211164,2.5015513890593306
4277,pop_0,3.4441436493787516,2.8944980772030284,3.5811916129552808,2.5852971540431953
4278,pop_0,3.314430204534864,2.883943285597461,3.5340036962705845,2.8290755224039366
4279,pop_0,3.09200828360484,2.855017246229304,3.36061995476129,2.608083394797196
4280,pop_0,3.139388757786792,2.5428333574085284,3.0993043855628453,2.468586259377346
4281,pop_0,3.449341260328276,2.675121225031861,2.8528231856157187,2.6473417954434946
4282,pop_0,3.377355535960763,2.4894939886545187,3.116105885963096,2.687791797435628
4283,pop_0,3.486046506685295,2.6669367335057066,3.5082651787993644,2.8273800323564933
4284,pop_0,3.2110794963085705,2.9367380213010628,3.3820221296187487,2.380900887976206
4285,pop_0,3.3705248959956498,3.142562698688268,3.2604735711868695,2.5378457955742912
4286,pop_0,3.099740169255754,2.411183515902514,2.931322802731371,2.6600557340868867
4287,pop_0,3.217345441911483,2.6581032200549997,3.01222449839124,3.122617836366144
4288,pop_0,3.5866207174198292,2.873993666129544,3.0732822355658533,2.7539577121765877
4289,pop_0,3.0449232488570472,2.951348108134218,3.626137513550183,2.6188168462750507
4290,pop_0,3.7225340153438276,2.2726801395125515,2.6485281572119996,2.4156728349026957
4291,pop_0,3.6218139981820983,2.4234798888270497,3.276561270696382,2.5070065984362113
4292,pop_0,3.339672289198194,2.590973974735658,3.1164310094806025,2.9515399117033594
4293,pop_0,3.615536453731285,2.3994671517863204,3.053656461121962,2.52427065928173
4294,pop_0,3.0404172816063384,2.9476659898381876,3.0314617906838826,2.744351844605671
4295,pop_0,3.0254442649824065,2.819196988283625,3.3694573417787237,2.840297454131901
4296,pop_0,3.509069827293316,2.5355475305275097,3.3240089727659154,3.044998848056523
4297,pop_0,3.2620538252651383,2.5099132999317475,2.996000770668621,2.9173568338861138
4298,pop_0,3.086702122926941,2.6072436434979065,3.4005292351129004,2.8913531676456463
4299,pop_0,3.361881350996428,2.766916358222518,3.348270091934414,2.659050814249405
4300,pop_0,3.4115761570988163,2.9259744744035574,2.823626383908151,3.066186567238861
4301,pop_0,3.56901440680967,2.6734715331357366,3.0389064948793196,2.0299078303354263
4302,pop_0,3.2220146577823634,3.2242483564462594,3.424113899996583,3.030159561567691
4303,pop_0,3.6069652906371745,2.581261200083084,3.4857615829457558,2.2047345400007505
4304,pop_0,4.023444475493071,2.237889624293485,3.1106380277333723,2.212149568216404
4305,pop_0,3.7140209179222667,2.2967832284001735,3.186036187004591,3.0461999067754784
4306,pop_0,3.8038024662974115,2.463309699635287,3.113678413711343,2.7106957741708633
4307,pop_0,3.280542436685311,2.7156054667034724,3.2307747652696137,3.2959598259849834
4308,pop_0,3.8581059311916386,2.4692554652004572,3.0002978967620493,3.1186285220570804
4309,pop_0,3.345106289729459,2.389533461171579,2.988878063438826,3.010504050745404
4310,pop_0,3.082917812553186,2.995199045884631,3.380622726740281,3.0345121158601445
4311,pop_0,2.86387627956904,2.4768807468683227,3.274910126058267,2.1414353393054415
4312,pop_0,3.560066013977377,2.355898741161644,3.1932430706455284,2.164027881510027
4313,pop_0,3.0764686417460787,2.2087173926969648,3.012114076175152,3.2042418066919067
4314,pop_0,2.89796560599893,2.6790630479095285,3.0102580419036187,2.80914327431607
4315,pop_0,3.358446904221945,2.215306776496973,2.8789771905500086,2.807867292652013
4316,pop_0,3.7819166238207353,2.751661427735192,3.5621517189856537,2.2379022437707787
4317,pop_0,3.5517017787206973,2.1511982360185753,3.936076471391157,2.562721056670837
4318,pop_0,3.68961925118535,2.6572001762477093,3.1667054392692013,2.3262060390636328
4319,pop_0,3.23180899606224,3.1727620209292278,3.2340257064587763,2.542611772748833
4320,pop_0,3.3296320399501953,2.99609613860215,3.164760196862982,2.718486111596767
4321,pop_0,3.4845801700891683,2.597890101633936,2.9532155538131377,2.216596346618458
4322,pop_0,3.6517269003196553,2.686028719747787,3.157262131646491,2.9773578104680802
4323,pop_0,3.6567095679656476,2.6389107040043105,3.4737832014654,2.680959714230416
4324,pop_0,3.0779110575459585,2.905438979658851,3.24816470776187,2.639463705479111
4325,pop_0,3.823281837699499,2.790777788279714,3.382396843775924,2.6532920411467305
4326,pop_0,3.1434469092187682,2.880339384759183,3.111630943132536,2.2209644941052846
4327,pop_0,3.5665213720743547,2.3327967698084606,3.3909552996192756,2.7985936390419175
4328,pop_0,3.070156657694867,2.733887823876644,3.558651157945641,2.3727438085561148
4329,pop_0,3.0282102668820983,2.694442403372761,3.6642475179733562,3.2054988376250955
4330,pop_0,3.540580253992164,2.8787188180749053,3.2630468229489784,2.5901080011037165
4331,pop_0,3.488817431877149,2.4592771100407234,3.204234600972969,2.705688535128697
4332,pop_0,2.6104417415449865,2.1259094739708106,3.245285139118303,2.6505580121528265
4333,pop_0,3.247106085932525,2.596525533517125,3.128026912036675,3.1063519715642847
4334,pop_0,3.4939291804384873,2.9505644894268364,3.267091970385469,2.8614186161579713
4335,pop_0,3.342604276118833,2.8776827064975166,2.829155113196475,2.928807630107195
4336,pop_0,3.5406144623207,2.7904485047145906,3.1719277650929953,2.5784753770749274
4337,pop_0,3.59703856605438,2.8737264120415813,3.369188015815697,2.1405377513852715
4338,pop_0,3.8920142554521546,2.13329871903357,3.152914654091128,2.6843953982205013
4339,pop_0,2.9074497405689637,2.7142439393576883,3.824892514013321,2.74978632807591
4340,pop_0,3.239874732090482,2.8650357809736184,3.4579113795841345,2.8211041419682195
4341,pop_0,3.2918437799563596,2.7849745560477093,3.0849598041756194,2.4237871363476997
4342,pop_0,3.55013888779266,3.029124332895447,3.8082677731052743,2.7086841173533482
4343,pop_0,2.941739410044253,2.874981404623297,3.4515487908968288,2.922074892462478
4344,pop_0,3.874636324060283,2.4350881357771543,3.21875081129117,2.36492523392533
4345,pop_0,3.227418689788229,2.7625953531737633,2.9825694425183507,2.9393357894021306
4346,pop_0,3.225989371477972,2.721737343082302,3.3218066542971956,3.0602709173595097
4347,pop_0,3.2464296583110857,2.582676542652644,3.164494464188574,2.8827778234807524
4348,pop_0,3.6888581942479286,2.7071901502933797,3.2467331323939597,2.744656280878855
4349,pop_0,3.2823412649640415,2.620107894579999,2.8393232744882466,2.7334968491037057
4350,pop_0,3.608321559022177,2.3800646049860728,3.292067372757946,2.8364943030973246
4351,pop_0,3.413065840414091,2.303547533509597,3.127791400525162,2.5945421620693976
4352,pop_0,3.4590082481217133,2.534994247906631,3.1096824153587326,2.742837993960939
4353,pop_0,3.322647603714364,2.332942519073636,3.2085918023223448,2.5368242792497093
4354,pop_0,3.1736236233625874,2.6431140409235194,3.239550980511514,2.4068926337149454
4355,pop_0,3.914164101752445,2.60117850556638,3.0693505587305654,2.7491945340824753
4356,pop_0,3.1913533688010687,2.774951190169381,3.310588497886021,2.5752042291786634
4357,pop_0,3.4123027243490194,2.541682871300993,3.188895368811667,2.717306802522435
4358,pop_0,3.166030064863701,2.5316976162339455,3.945983615007385,2.145044742024232
4359,pop_0,3.006073520538765,2.608790063722489,2.9941755505305623,2.6627722748605915
4360,pop_0,2.9336071732717275,2.7455453243319936,2.953876575187099,2.135758775516591
4361,pop_0,3.454562807632957,2.5343748631464105,2.9033271408789036,2.591340717404807
4362,pop_0,3.3101218149091367,2.7211364869961554,2.9496287428019983,2.908157598827621
4363,pop_0,2.981556023841415,2.707324562529048,3.126381537158434,2.7464766595353267
4364,pop_0,3.4487896008246337,2.419590587097406,2.924343199379929,2.4861043050949454
4365,pop_0,3.398245089581995,2.2495276600058607,3.265024944957986,2.580626210770091
4366,pop_0,3.7616566326391143,2.3809635965476343,3.7784316274756424,2.5591792811348975
4367,pop_0,3.3768258022442645,2.929807454513363,3.0307763803219467,2.6040133386853603
4368,pop_0,3.2489539514575063,2.5354049386414212,3.54574972468096,2.6267589735114307
4369,pop_0,3.313072301687365,2.8280780699161925,3.1550447318717576,2.586350692051231
4370,pop_0,3.4905198585717634,2.731405474152645,3.1473758576965065,2.5936446583752937
4371,pop_0,3.2299033398272976,2.735412787074488,3.0390248496176913,2.888628974484825
4372,pop_0,2.8433914822673634,2.8635640802006375,3.3417061451854826,2.5863087165384386
4373,pop_0,3.7155721072383607,2.5664034706390297,3.56366055140626,2.5414486674756493
4374,pop_0,3.5095819610604977,2.4500703281869023,3.453140975175488,2.5328864326637115
4375,pop_0,3.917708164656553,2.409144576561109,3.732821274486462,2.91807431029731
4376,pop_0,3.8471284413990525,1.8572500937748255,3.1505659087473172,2.856384507987022
4377,pop_0,3.509794917635403,2.770556357080288,2.857463466100753,2.3259781617672246
4378,pop_0,3.4913482306851176,2.6283913656248785,3.043286342502627,2.627815157641029
4379,pop_0,3.8199277346468774,2.770416400343725,3.299292147455137,2.5216392870681883
4380,pop_0,3.5433130852232444,2.636431315219724,3.219819963448709,2.3741043369980432
4381,pop_0,3.873298200794104,2.568083551358776,3.3493771752176387,2.4066805478555136
4382,pop_0,3.493521819958225,2.811247416369186,3.0860973445295135,2.337675514933579
4383,pop_0,3.636216779937008,2.6963026525960023,3.343637704548586,2.7876206224038556
4384,pop_0,3.383713078734968,2.7942100669088212,3.337077395852867,2.7430594828085657
4385,pop_0,3.6540770292477736,2.539195048316766,2.8476433698348935,2.5156392478170084
4386,pop_0,3.094707203659224,2.948860406600074,3.0294390482119278,2.8643020908725316
4387,pop_0,3.623423875953824,2.489470065841494,3.4826608522127365,2.8866061032698367
4388,pop_0,3.422292330638628,2.698485454067472,3.2434539426692712,2.2981142673473927
4389,pop_0,3.3991466405939037,2.7303194640361057,3.069712460366361,2.5389644672355955
4390,pop_0,3.7025852352992508,2.968084464114919,3.2825312412986642,2.9550467433528365
4391,pop_0,3.3215965172303146,2.559319379195482,3.388104150761065,2.7128429199272133
4392,pop_0,3.115387582843856,2.692939315174409,3.3265894279852426,2.835327921259813
4393,pop_0,3.076040663261025,2.6046544184461355,3.168773392653494,2.6351945704853694
4394,pop_0,3.2157164661299276,2.7298730704679723,2.774268247877494,2.831778165100418
4395,pop_0,3.6076149458723434,2.4578903524973597,3.0084026038834204,2.5108052405350394
4396,pop_0,3.2412130345828922,2.7370608263384337,3.3120213476536193,2.2128337413605763
4397,pop_0,3.698963715554072,2.7513721699060745,3.0637963027216544,2.0815931386846533
4398,pop_0,3.224280253368844,2.757119980952215,3.351869191050634,2.7651279698977427
4399,pop_0,3.468233224342182,2.8023072597383227,3.163429631542425,2.8570371060084514
4400,pop_0,2.973473306533121,2.6700145943480247,3.4650490405627505,2.716583183511387
4401,pop_0,3.069974647024524,3.392999280483374,3.3019456479583518,2.528503637899362
4402,pop_0,3.5028762322832927,2.236001973861561,3.2480793404900887,2.710854684258742
4403,pop_0,3.5070278026338095,3.0533643072296828,2.6384245454048263,2.4267927026108813
4404,pop_0,3.643908512480445,2.371795164061397,3.473681085122771,2.7155976877048364
4405,pop_0,3.3076873432716143,2.4446632576742773,3.4693034983345514,2.7633079982474404
4406,pop_0,3.7153368519833503,2.427656075750318,3.4707628483829134,2.8022387429356934
4407,pop_0,3.7155684582831596,2.174614937300081,3.5413581568108845,2.911728715243146
4408,pop_0,3.4634119884863286,2.5584579720518743,3.5629484363386594,2.402458359706619
4409,pop_0,3.475692513183535,2.810436988828866,3.226582315826418,3.230915272000011
4410,pop_0,3.4483740403973244,2.4237907416097006,3.0231686338217276,2.416532439579774
4411,pop_0,3.5915751710641826,3.1158087544878503,2.839605084167896,2.8380775355651893
4412,pop_0,3.8391004699202287,2.6062126467356905,3.520341713288748,2.15144991702221
4413,pop_0,3.924028789127945,2.3472729973466437,3.4211561432626976,2.646340667380876
4414,pop_0,3.832660349608632,2.684734189986398,2.9717405297637067,2.661825350067198
4415,pop_0,3.4920573398326296,2.6850346640313147,3.178331134220403,2.6502156601404394
4416,pop_0,2.8752245721805276,2.9803966886541744,2.7383219797291987,2.722219798904768
4417,pop_0,3.230049858275863,2.807644150040581,3.1029854457821395,3.0841655520934994
4418,pop_0,3.2995597548188758,2.6364882434664203,3.2511994055883493,2.892709989790116
4419,pop_0,3.226266039506912,2.8494542040221136,3.1727658325065917,2.405432540173835
4420,pop_0,3.1819048416814026,3.1055579814640764,3.1616417023596544,2.6064454988426675
4421,pop_0,3.203670228993009,2.5731900998093815,2.9902130696470284,2.778880298009211
4422,pop_0,2.73244917038856,3.0082704248797554,3.3597433373880814,2.643140555945557
4423,pop_0,3.7214310987589942,2.4093154865564808,3.61859522620992,2.7276136011467935
4424,pop_0,3.1258690466243784,2.5387800905812337,3.148587387862404,2.727518829536872
4425,pop_0,3.5666004178250046,2.7109721199382926,3.5556411539695727,2.265951005725179
4426,pop_0,3.3251394305563515,3.099757387782058,3.046979527460096,2.6574814114025145
4427,pop_0,2.9774653411581595,2.444696958875579,3.2832003412991146,2.2802205655359127
4428,pop_0,3.43474958851973,2.310695571151495,3.711601666137964,2.7070293619361476
4429,pop_0,3.50693617111245,2.723373888198564,3.044691427478172,2.7004220917150246
4430,pop_0,3.603556034118691,2.6336795933528165,3.3542492959760657,2.2123639664224704
4431,pop_0,3.745495005034309,2.0509148384282208,3.761359905745092,2.021593256998763
4432,pop_0,3.536365221579227,2.3115242826712223,3.3963506009781104,2.448529370639135
4433,pop_0,3.614263659849074,2.994065171444499,2.9986303775425887,2.5252045315585665
4434,pop_0,3.618791990612847,2.6579010552787854,3.3446977597318304,2.617235917286875
4435,pop_0,3.3722926567604588,2.642236509476308,2.7776742634965097,2.818058110158261
4436,pop_0,3.155306262506876,2.8433259004080536,4.065292698730565,3.0236479767998143
4437,pop_0,3.624174912126621,2.2137888802561307,3.2894622852344875,2.346694229323919
4438,pop_0,3.7112881858278484,2.743701679087723,3.2717074078224537,2.7966459156632357
4439,pop_0,3.7264623554524725,2.3917361838355955,3.3703859047866533,2.764312289828311
4440,pop_0,3.4204480133957618,2.434542633636452,3.276378464217025,2.562773634964994
4441,pop_0,3.9762927715128304,2.3489381540804,3.3217852174096354,2.9394329672148602
4442,pop_0,3.4353443488842785,2.7333038410190307,3.262199074764199,3.034502772738763
4443,pop_0,3.5047469286057598,2.6595046310821657,3.4371229203496965,2.4660449855655204
4444,pop_0,3.2660615190629745,2.752682629310956,3.549070944454812,2.7602274933189985
4445,pop_0,3.341248439552885,3.2967205369321655,3.674608751139137,2.495101061732269
4446,pop_0,3.354896401668035,2.7928685568543763,3.2955617207594563,2.5956249806063907
4447,pop_0,3.2723836131408532,2.484817277368183,3.245266305981236,2.858737981009839
4448,pop_0,3.301669266283496,2.827387528787399,3.3335434491235705,2.5194792148692273
4449,pop_0,3.967600871135445,2.429801140004535,3.1740053092837215,2.233124801202317
4450,pop_0,3.5005626427235907,3.060786938267822,2.8766145266983756,2.5562767117719756
4451,pop_0,3.6017493220333767,2.3058933085191935,3.486665124038186,2.2356242848279275
4452,pop_0,3.6094460594228774,2.5666115398163023,3.1638111838922427,2.9172002469152276
4453,pop_0,3.709324926401865,3.009809288703871,3.1848172379258064,2.4703000036165075
4454,pop_0,3.4474436397246664,2.5327644087851087,2.9460592478079097,3.1004052461106824
4455,pop_0,3.5486587559979963,2.4100610048413103,3.4516357458654663,2.596813875656789
4456,pop_0,3.0362049433901745,2.867507665560491,3.3804073167322817,2.8981976887950336
4457,pop_0,3.9681424051041763,2.2016156499048485,3.4951660161065963,2.2474919072537998
4458,pop_0,3.892721800072482,2.594659727082446,2.9334547372300466,2.7314623502248496
4459,pop_0,3.622752979960495,2.7316977682933423,2.892529864881858,2.3428312600015424
4460,pop_0,3.043006647833605,2.8230435531860425,3.2999975215116493,2.778953098180582
4461,pop_0,3.1878753804283204,3.187923101232644,3.557587838097989,2.661966285656954
4462,pop_0,3.3479428670782654,2.6609087839274626,3.409269676639036,2.5983993391798057
4463,pop_0,3.5130512602790924,2.26807052404552,3.157511071766322,2.8976478703831314
4464,pop_0,3.5257770728676334,2.481948801885752,3.2963128862074567,2.598862225842906
4465,pop_0,3.6001448829334803,2.701134614414863,3.2284211371208444,2.806148041873871
4466,pop_0,3.628942774428496,2.3537044827856266,3.331760361649122,2.723317977164381
4467,pop_0,3.8722494416756335,2.5579153266642414,3.490223684048779,2.4986038155756165
4468,pop_0,2.9793152698795735,2.484924714643793,3.7869223099913984,2.7549219909841245
4469,pop_0,3.581603551976062,2.455374112159534,3.733359445906387,2.9260722642005836
4470,pop_0,3.8057790097427806,2.5627807067308996,3.1626407241544845,2.474275747760233
4471,pop_0,3.3290354546757825,2.5361552366041975,3.4219560168542755,2.325445510137777
4472,pop_0,3.771979499350868,2.114405421175918,3.268464772366226,2.685534955145813
4473,pop_0,3.1165620514537813,2.7920529235351905,3.488250851264702,2.8900861017941684
4474,pop_0,3.334369652270931,2.8013942418922544,3.397078742104348,2.541804361300428
4475,pop_0,3.040251775813731,2.686795296795847,3.1230053209054267,2.6577992743684016
4476,pop_0,3.3910249249960223,2.642612390312522,3.2735306331858687,2.4984778891639623
4477,pop_0,3.0258762343120784,2.9637375337927487,3.376074208623722,2.756374919268006
4478,pop_0,3.5175270434801735,3.2879279520857936,3.4534854923580878,2.390943043967089
4479,pop_0,3.731866179985884,2.517379087632925,3.114655254291455,3.045583041728311
4480,pop_0,3.268764065202685,2.7810655175832126,3.3870716075680694,2.91989800456714
4481,pop_0,3.8969933543586803,2.820155601718297,3.317079385279332,2.669270329565174
4482,pop_0,3.234418531412194,2.6791625615019083,2.771190579354771,2.372187650905767
4483,pop_0,2.534877223681587,2.806702482767092,3.4184945441613377,2.7075521873716157
4484,pop_0,3.352031324752174,3.1080250790413055,3.282668347415366,2.440369563019338
4485,pop_0,3.2919724238717945,2.618724488699008,3.5751689079150966,2.4608952682705945
4486,pop_0,3.102009379216668,3.241094001809062,3.327048300938183,2.6788872537926607
4487,pop_0,3.402289345922793,2.3527208368479333,3.113737446435862,2.7254015128090803
4488,pop_0,3.0861425340800954,2.7482355229386064,3.227836222589243,2.6314247316226806
4489,pop_0,3.061117915914519,2.952666404107201,3.3691384928113277,2.25173574655697
4490,pop_0,3.1437444562494505,2.674963534738387,3.41508058555972,2.811575705947979
4491,pop_0,3.1810409467560357,3.12831385244915,3.3804723874787785,2.5857451833016816
4492,pop_0,4.046459460194626,2.340480798385041,3.6634685331160006,2.041242266687473
4493,pop_0,3.040666557178996,2.504216951419906,3.1756494788932894,2.364966978398013
4494,pop_0,3.7926590049507434,2.617490786237911,3.276266657601551,2.7022658736523595
4495,pop_0,3.3646146353186763,2.814356293495353,3.2230687950439147,2.6545536863432297
4496,pop_0,3.109542040832447,2.857769224417709,3.456984508803149,2.7008627230418565
4497,pop_0,3.4370607991200526,2.3288959574544696,2.9086255699193457,2.598699637159094
4498,pop_0,3.341993056357219,2.6959448755549356,3.002797686278272,2.60951304628957
4499,pop_0,3.499027496961614,3.029571729123658,3.0318585446182706,2.589401787393479
4500,pop_0,3.865238642693686,2.610423916723482,3.5256491945536856,2.9510664566838427
4501,pop_0,3.2570033817576283,2.8242319759585772,2.6338938288449993,2.786233319493156
4502,pop_0,3.8744818550870317,2.6128168140040824,2.880273827356951,2.7241995967278894
4503,pop_0,3.3315694747090223,2.6701862048062464,3.5312065386809164,2.7639689235146463
4504,pop_0,3.47595927211323,2.7587438268758824,3.0071522300036846,2.707734218936668
4505,pop_0,3.4525808223988705,2.7271369017475373,3.39303874995263,2.9810352248912455
4506,pop_0,3.703173302088962,2.52266746822881,3.004002053727348,2.1254504104412235
4507,pop_0,3.4700046648477327,2.8320802378104415,3.2491762239725044,2.3555830760179526
4508,pop_0,2.951468872927862,2.379838695223201,3.3862106013988167,2.616176001154751
4509,pop_0,3.373019720687223,2.488268464633589,3.138175271533111,2.4062799842590077
4510,pop_0,3.5364438239327853,2.728835309552758,3.2459073410389387,2.722361074457421
4511,pop_0,3.4535868506054666,2.9035335910255644,3.245401394271888,2.6833947321733027
4512,pop_0,3.320448251248521,2.8567094823152415,2.7861721721362764,2.589909275869003
4513,pop_0,3.4197978171429577,2.686208900514016,3.135597672530714,3.1985398821127013
4514,pop_0,3.180895469155907,2.0908950156872037,3.2294401382441924,2.589631694610204
4515,pop_0,3.4672183788536803,2.3333167499961402,3.2593878314287457,2.531368402176685
4516,pop_0,3.60720180337746,2.4001750670085835,3.4244039035341283,2.503601881339662
4517,pop_0,3.7035266118703305,2.6230011009339353,3.173591197767003,3.0404562247410207
4518,pop_0,3.848864791639032,2.3994741006889058,3.19249723817691,2.882100500459009
4519,pop_0,3.307818644687398,2.9376140672732167,3.070261937557105,2.4719868880925566
4520,pop_0,3.521384449968573,2.512634887481244,3.517169341237567,2.99872911304557
4521,pop_0,3.183040451679524,3.020905104337748,3.261718293972062,2.9428873314826376
4522,pop_0,3.141817580828849,2.5903608181726705,3.4265829597398647,2.6470628146715396
4523,pop_0,3.4411247706373507,2.629430043166852,3.163610034029497,2.9502386630758313
4524,pop_0,3.4652369061024437,2.6977438821809905,3.196396000588852,2.7540258960048707
4525,pop_0,3.1585527758951337,2.4555269448348103,3.2367428984300073,2.9303733985461093
4526,pop_0,3.475218485588677,2.715713096768518,3.2251740825055237,3.1986089441198233
4527,pop_0,3.424640040403839,2.7638569600882787,3.3058703177442372,2.0706420154356455
4528,pop_0,3.6374323131559247,2.3503405889235998,2.7662878861753444,2.6111149880711926
4529,pop_0,4.145386386794098,2.1416175870018295,3.84483237619218,2.4297678108267435
4530,pop_0,3.636028378352911,3.0321784507974896,3.197840146179808,2.679977357997351
4531,pop_0,3.772420759481008,2.072113073249583,3.2985743918446686,2.6247508257804344
4532,pop_0,3.190662497468236,3.1848945306183514,3.4311280626683223,2.2603482008404643
4533,pop_0,3.123003925434018,2.653935197249566,3.0207304356643547,2.486615101647551
4534,pop_0,3.328380743865853,2.4945838662577313,3.0873614307691226,3.006499291282715
4535,pop_0,3.7533073770274603,2.6785898350818877,3.267024636075821,2.2357138459830956
4536,pop_0,3.357920780353174,2.613878748194703,3.3333022992887633,2.501535506520909
4537,pop_0,3.2183238619074883,2.933295475694328,3.1326415303565165,2.7314215075821036
4538,pop_0,3.359954859580602,2.6595130977720207,3.1532054264971956,3.0254008582679552
4539,pop_0,3.7757252589912405,2.357119238387675,2.7206970611842918,2.2566991467146784
4540,pop_0,3.134366363594732,2.4833179795283638,3.0278596166267246,2.705787277265581
4541,pop_0,3.751027091589106,2.6835879513193603,3.250888523037581,2.729116385468625
4542,pop_0,3.5697679385259504,3.2991999272661263,3.2926875089869454,2.820382763100952
4543,pop_0,3.1632099011350494,2.6635692613030386,3.198065614100458,2.686442917664666
4544,pop_0,3.469452519412448,2.4437057953353594,3.7081442572479797,2.9533466850725034
4545,pop_0,3.0041370190645815,3.494341547433629,3.3829737348731106,2.5460152408395293
4546,pop_0,3.3868400103525294,2.208729149679342,3.2962821573067203,2.7003159263710192
4547,pop_0,3.4130088188934002,2.3656633207224407,3.3513847404556647,2.661930982997824
4548,pop_0,3.1862285797057393,2.626494663528921,2.9690626327120317,2.649917261244845
4549,pop_0,3.489522069069571,2.6126566622492633,3.438173470413708,2.380366704740228
4550,pop_0,3.880503414122422,2.9001563127083783,3.0387814690310653,2.661826422925309
4551,pop_0,3.188710131232958,2.552635314846595,3.0417649049926285,2.6514227883102106
4552,pop_0,3.472943855751691,2.75152207312192,3.0810714294975785,2.7499306745364223
4553,pop_0,3.379489050329384,2.9862622431794192,3.0682867624397874,2.068347159072911
4554,pop_0,3.4821319906226917,2.4112868075998204,3.2477715709666404,2.977476550542427
4555,pop_0,3.3668587765693494,2.775619545424749,3.288156451031083,2.459416066909143
4556,pop_0,3.2670515220200556,2.478748623787267,2.908279603618951,2.564380463787029
4557,pop_0,3.45705942494879,2.8433766268995764,3.0162209456463898,2.341253125244045
4558,pop_0,3.721246456801752,2.201065787396491,3.324359563188875,2.6611402905339423
4559,pop_0,3.1970130117276843,2.520285441748559,3.282284679547939,3.3570379318213885
4560,pop_0,3.2705057169580263,2.9584173906778966,3.683972580550315,2.498083870401886
4561,pop_0,3.735529871490021,2.2532722506253533,3.347110597728052,2.6647167369087263
4562,pop_0,3.899994924037141,2.6483739034599303,2.9200811880897155,2.7387996100545537
4563,pop_0,2.962405298897819,2.689384938767039,3.057526699458863,2.4474406050086768
4564,pop_0,3.2523590145147083,2.353769117324271,2.821674247216261,2.5413519624035676
4565,pop_0,3.271047337443841,2.9352866271753726,3.3789370680836806,2.934905829983997
4566,pop_0,3.415376801440735,2.636856605622724,3.1160801307062607,2.566271701653196
4567,pop_0,3.036748741793959,2.6796265712749223,3.040274679491092,2.492378545090422
4568,pop_0,3.732806848175948,2.9877823128647423,3.4679666671243567,2.8471451049045924
4569,pop_0,3.7909801118885884,2.71731696430662,3.417335264630879,2.489686819749402
4570,pop_0,3.841056939564726,2.1729897446511792,3.2099798853277,2.259494833566002
4571,pop_0,2.9858365638215454,2.5064441218110862,3.4813134765965574,3.2744781711582003
4572,pop_0,3.0510319320510715,2.4112083170470235,3.2544614330551234,2.529438158872355
4573,pop_0,3.184982161113206,2.375386406723649,3.2150608569331767,2.8888223589069044
4574,pop_0,3.622463822731747,2.478492225138417,3.6076541342204655,2.805265791938758
4575,pop_0,3.0885974260119546,2.6928240293770425,3.551914316150939,3.1001783492206996
4576,pop_0,3.4651812338135333,2.641842862911588,3.0529455826192557,2.894870483572146
4577,pop_0,3.4154093187813013,2.7290164157018886,3.4865986964722566,2.6482099366543665
4578,pop_0,3.7415291440249616,2.3645856448378226,2.9749203932951533,2.453660642336152
4579,pop_0,3.3477024197851537,2.9838787444804087,3.2846472447948494,2.9036062783238585
4580,pop_0,2.977340822403201,2.955679904452822,2.9149680877535737,3.125691370225313
4581,pop_0,3.381963316686306,2.538419465585363,2.899009849739348,2.503316939655772
4582,pop_0,3.2965724688253704,2.9738579748202163,2.8523494470009236,2.5158715964033997
4583,pop_0,3.918873016785053,3.1782874898138167,3.447422044331378,2.3796358759864615
4584,pop_0,3.7436522286819023,2.4241387133998495,2.975342698716182,2.6333503736258455
4585,pop_0,3.39817306066356,2.4481302340439144,3.1087416500164826,3.071904474180021
4586,pop_0,3.2266490299729527,2.8271297295932265,2.9667424834941434,2.8017085534637074
4587,pop_0,3.934460306274117,2.0100611331372997,3.3315187441284544,2.440060836612385
4588,pop_0,3.2946187178286066,2.9116048240803987,3.087843255679387,2.487182007647258
4589,pop_0,3.301473333850445,2.9162591307033146,3.2091398578152166,2.7446070011254298
4590,pop_0,3.161179209450801,2.733007587316306,3.2822820575153013,2.3956002109708168
4591,pop_0,3.4210351852077956,2.7818727762350517,3.3096730138442796,2.1055741864629653
4592,pop_0,3.461246165921065,2.736482646045941,2.977772192324671,2.845464927027618
4593,pop_0,3.380783794584433,2.527770229559463,3.470789162810903,2.4061171587733567
4594,pop_0,3.7512338303387316,2.467376413286166,3.135201735834656,2.76037320379876
4595,pop_0,3.185672577154664,2.9386575600925107,3.0859620928845297,2.5421744190234072
4596,pop_0,3.707238001893702,2.41301460321629,3.277016273666369,2.208042131875468
4597,pop_0,2.9313963900922864,2.691767207179506,3.450288303292702,2.741677749773616
4598,pop_0,3.2230739034813327,2.9831936222524718,3.26128342237991,3.0492579199206546
4599,pop_0,3.75612357090341,2.7446196562904785,3.203963938532692,2.3245652278471267
4600,pop_0,2.9770310860740397,2.6209867467593297,3.043323631775224,2.5164880713771764
4601,pop_0,3.162338461675157,2.804751971410778,3.5450555037092792,2.9453833322074403
4602,pop_0,3.477775450844229,2.848542720552082,3.6512826884916523,2.828931392012913
4603,pop_0,3.075229185909091,2.558777393246513,2.9952447187698734,2.418726356640974
4604,pop_0,3.058686151479814,2.51658513789356,3.458178704354031,2.948502696029393
4605,pop_0,3.3061166518451723,2.9137143029875494,3.6580652159577536,2.350374533870834
4606,pop_0,3.2466967316535453,2.4119981721413395,3.2149938431332914,2.4102622069027144
4607,pop_0,3.676170044759145,2.580074591138958,3.5068383160456005,2.892992149726583
4608,pop_0,3.6698897340332106,2.714566443944528,3.028420147681459,2.205601018567046
4609,pop_0,3.6731666157762306,2.6430067354223645,3.426159245465039,2.3783889696789413
4610,pop_0,3.5410486081291106,2.5838781499449865,3.458039068531432,3.0757382261556594
4611,pop_0,3.4499508566655646,2.9349774570069753,3.4462073861918983,2.6568455481695032
4612,pop_0,3.4794575990309045,2.8836532832036164,3.386814863411139,2.8308630010918505
4613,pop_0,3.1956797114196287,2.357409249037456,3.3159235758360013,2.863900889875546
4614,pop_0,3.27487551520041,2.8398203860021702,3.3704728065542238,2.8400159859166894
4615,pop_0,3.0811365970654743,2.6974140870188377,3.474243438819606,2.614120839192645
4616,pop_0,3.307815615688251,3.249293549449162,3.1437502180800796,2.7477099816147463
4617,pop_0,3.1810623467321473,2.4541005486815184,3.374826482853838,3.024538256254142
4618,pop_0,3.30904907806545,2.9386054626382654,3.3793747083237284,2.5075532694564133
4619,pop_0,3.2425644314333595,2.624512851648783,2.9755015523931023,2.7678063996509805
4620,pop_0,3.2092262874018114,2.7318290005336863,3.0701595818362284,2.9808406608413485
4621,pop_0,3.2050315247414027,2.7964830544938413,3.335760034278483,2.483625292622992
4622,pop_0,3.1272788009752834,2.6246175896608723,2.7327229606528007,3.141503063274828
4623,pop_0,3.567691481528006,2.260788758632239,2.7744878426943225,2.877056708468444
4624,pop_0,3.3035180515696037,2.53342807449119,2.970021349028489,2.545062580637633
4625,pop_0,3.8900243307395233,2.425968373756179,3.1180930878458635,2.5847110148845096
4626,pop_0,2.825132240691551,3.138772358811852,3.502428937246837,2.573561056842849
4627,pop_0,3.58806134177757,2.5444609163996756,3.0625728242617027,2.212760929153837
4628,pop_0,2.9946216721382815,3.0002551656734107,3.574219864244276,2.182309977544627
4629,pop_0,3.127830394947282,2.8511048860463086,3.4802321871209223,2.694550105297001
4630,pop_0,3.797321288610078,2.5104905622498235,2.7773664903585855,2.5596516965717435
4631,pop_0,3.6630047229942164,2.6137041371707683,2.891697441378126,2.8783716603566747
4632,pop_0,3.475924050430354,2.592485935343719,3.4217596780583928,2.2544498038670966
4633,pop_0,3.0918625986790316,2.6337813831320847,3.015290210953662,2.972524468127594
4634,pop_0,3.50776057217476,3.1487339451033876,3.561991527369414,2.505886592089767
4635,pop_0,3.6912317194766633,2.2588679517324963,3.1234662859204034,2.57629085204241
4636,pop_0,2.533760117436567,2.753268478423254,3.207699863419402,2.410656013178377
4637,pop_0,3.6622574512035406,2.5116684620170195,3.234521668648789,2.3237515999993463
4638,pop_0,3.172956019380066,2.9311329414729106,3.1996171922018135,2.9000524009486366
4639,pop_0,3.38306771824815,2.7089437366373255,3.5191768528687777,2.708793555015706
4640,pop_0,3.644101868018678,2.8471653376101393,3.414140998255095,2.748570129269422
4641,pop_0,3.520257261706888,2.189945841390287,3.376796243555407,2.2823755493801436
4642,pop_0,3.6746976096740114,2.574070037527405,3.314164828305225,2.1613326220923796
4643,pop_0,3.6923942882235363,2.4827440851182754,3.2096119509021506,2.730501290664044
4644,pop_0,3.5404421506684205,2.945305912249447,3.1961082421211384,2.496859016983204
4645,pop_0,3.90886313734583,2.6115748246867567,2.909127518216078,3.205301331123637
4646,pop_0,3.3041513803263842,2.7519068645979887,3.366125197948708,2.8049709627225345
4647,pop_0,3.2736453584986878,2.3997426084156057,3.505209911887074,2.689149946240321
4648,pop_0,3.304518032923092,2.7746400154964985,2.8121200870440246,3.050081313891991
4649,pop_0,3.335190048737234,2.629104882457091,3.657644380411258,2.1576523556257605
4650,pop_0,3.340923073931538,2.758396453389457,3.654346110638133,2.3788221336649724
4651,pop_0,3.7823866239186112,2.9380683650120374,2.8404043859087125,2.764382046570297
4652,pop_0,3.7706502347086395,2.5040282984337194,3.545632344724334,2.2899382308739122
4653,pop_0,3.4033433456924587,2.6094512212752066,3.107849930639624,2.414482910089516
4654,pop_0,3.435016702613983,2.5902644697224915,3.071871179946981,2.4840792380275616
4655,pop_0,3.230002503361855,2.5351040537657017,3.156630610468556,2.3920775341976577
4656,pop_0,3.2679986724863017,2.5930824492004865,3.007802359128593,2.9475204013807934
4657,pop_0,3.6442977036359294,2.709472997015797,3.0860683113088183,2.7677135320735644
4658,pop_0,3.77224764869342,2.3110166183741323,3.569381165145021,2.5498129987405784
4659,pop_0,2.7877296545658825,2.605800457255302,3.0194760489782078,2.73509442973943
4660,pop_0,3.9960834429951824,2.7334852488164323,3.5320548112340355,2.7381107530280677
4661,pop_0,3.27233466810094,2.8279635577541278,3.4628418775854986,2.7809178518518465
4662,pop_0,3.483126302356316,2.4827546702167127,3.2879369783674997,2.3327352484089374
4663,pop_0,3.89070150203622,2.3460705490798093,2.8565637082624495,2.511776972369925
4664,pop_0,3.206723435724027,3.092652774432799,3.4765798659609106,2.652869240881136
4665,pop_0,2.9468729639546485,3.0823593199904105,3.1911979033419127,2.5787332333332316
4666,pop_0,3.4184389561259083,2.582082515947143,3.1926506898312104,2.126976823272204
4667,pop_0,3.404550500399187,2.133533380611548,3.523126686835965,2.6763824289748195
4668,pop_0,3.617219321198188,2.0769788172676136,3.3185523169927853,2.49866172931072
4669,pop_0,3.926757006021911,2.386044991953125,3.18797827122154,2.2991639936211246
4670,pop_0,3.422290506778406,2.69183000892695,3.4763949369220164,2.5017155871384933
4671,pop_0,3.271778596233111,2.4940408519485513,3.16964698798839,2.8785526502382037
4672,pop_0,3.2383346544300338,2.3463062325285886,3.646857193438291,3.2248191616312543
4673,pop_0,3.296091376705095,2.2356477430538546,3.5098487490223773,2.480442497843103
4674,pop_0,3.4863593669500883,2.8681832963658724,3.4531360317075945,2.56266638878015
4675,pop_0,3.8561382441172536,2.4128875450003626,3.1523490079574614,2.3733668453380865
4676,pop_0,3.1700814200920466,2.7890332058819087,3.2265093520224406,2.785960579889068
4677,pop_0,3.4972886967123094,2.738379655309327,3.296898460101364,2.53053847068725
4678,pop_0,3.5725403004547265,2.7906017814434136,3.3008688094819596,2.8374922970949963
4679,pop_0,3.3220582353096373,2.5487413371726304,3.4048628294314196,2.525735283504284
4680,pop_0,3.0752478607530223,2.7225933901492363,3.2521893090520884,2.7273565421249146
4681,pop_0,3.477089017357369,2.1607780004685986,3.065824458700093,3.2581655014639614
4682,pop_0,3.8008533259460013,2.468769776627946,3.1761376990879775,2.3444655763082225
4683,pop_0,3.313459915334047,2.7368064825421285,3.2874195699418856,2.787868982147907
4684,pop_0,3.5878924831542993,2.6439867296052944,3.551868377447997,2.464945853520691
4685,pop_0,2.9756653208156343,2.6136711609719394,3.284231451861403,3.3649062195246677
4686,pop_0,3.434466053575349,2.565158044982346,3.321898210609732,2.7354574983784428
4687,pop_0,3.6440464652807645,2.4046760477290228,3.3519219767034336,3.3542085897607765
4688,pop_0,3.412264198114012,2.309566992910079,3.2397604407778973,2.797123457143608
4689,pop_0,3.7779052725261284,2.5548185152765455,3.5919283788047744,2.4205869172778165
4690,pop_0,3.4692722194789716,2.56849344990533,3.4491734082071375,2.4642094974627007
4691,pop_0,3.1134476941990057,2.919794849560126,3.945403639994885,2.3000532639184055
4692,pop_0,3.936236008584164,2.1735826819820185,3.3253123618019496,2.616435424730657
4693,pop_0,3.382123933017604,2.791997460081371,3.4675850324953883,2.524405908832555
4694,pop_0,3.3188309027855816,2.4050656941788255,3.410889719097967,2.986080262425638
4695,pop_0,3.2536523420194254,2.2810109444221065,2.885054747472671,3.1007486802699
4696,pop_0,3.2556922253481586,2.7295697806158605,3.2883974248762966,2.450670534731258
4697,pop_0,3.118189230135069,2.7918589013846637,3.261400012512612,2.4993122273968202
4698,pop_0,3.6084548070572398,2.8004411885625227,3.509811755881461,2.7798759970331544
4699,pop_0,3.183508332389211,2.9881361080678555,3.1370555953876273,2.418252658683741
4700,pop_0,3.310105078398033,2.4837682231889406,3.0089071399208573,2.2650165624905725
4701,pop_0,3.614088995522415,2.648937990120184,3.2237945985115655,2.130129128698149
4702,pop_0,3.393530001489252,2.9916703219808976,3.3071440877197325,2.6744466143571386
4703,pop_0,3.1733607153373895,2.4526673446182077,3.1365174292224602,2.8603157427484804
4704,pop_0,3.299934593670909,2.670089549887001,3.3220565825418213,2.5850520287599483
4705,pop_0,3.2484767681495406,3.061179213237662,3.144321925388858,2.623121830635051
4706,pop_0,3.1787808536012214,2.663923110124573,3.058035199592007,3.004610656244099
4707,pop_0,3.0841372272010403,2.835692077051319,3.425735919335987,2.6309803085355696
4708,pop_0,2.8004193355494156,2.960757892523933,3.168641436494811,2.5311555089548303
4709,pop_0,3.488436703286671,2.5490330863891435,2.812932905388551,3.273790467731587
4710,pop_0,3.5814473001995606,2.1208469626863358,3.4498078113259067,2.5586181849314618
4711,pop_0,3.6570250234303643,2.6164687043770862,3.543994658838335,2.9769161378137405
4712,pop_0,3.2389174449509,2.937253540615993,3.3644192312160093,2.732376334078004
4713,pop_0,3.678423949948344,2.7710984687326987,3.9254795590527163,2.631689249484848
4714,pop_0,3.4751868186182233,2.8257088492280817,3.103240463415312,3.1065814023124734
4715,pop_0,3.5106431430038567,2.470308000968007,2.739234424570957,2.716306566973185
4716,pop_0,3.949408548723933,2.389245211381161,2.85257156994009,2.585751299549647
4717,pop_0,3.5939428222667815,2.589102256246831,3.2288881945476735,2.65099893127935
4718,pop_0,3.751078868652226,2.6652763259175285,2.823174431191457,2.1250419017664974
4719,pop_0,3.4649072333088555,2.644036556913394,2.74663993348379,2.7137210001959478
4720,pop_0,3.8917939797524936,2.7081046283720007,3.2758800548895888,2.8990228080461837
4721,pop_0,3.6809530993594195,2.563569716897355,3.005986629760637,2.642908763114305
4722,pop_0,3.0772752111954293,2.9206589379481986,2.7424521411072265,2.3361380285124014
4723,pop_0,3.2082418473327303,2.8674052011851567,3.234277951857156,2.464996508018455
4724,pop_0,3.524455583094877,2.719237719570217,3.321970947144803,2.6538696212971185
4725,pop_0,3.3213859277517397,2.4578922364626994,3.3560339107809223,2.744317784800463
4726,pop_0,3.783054545806016,2.0807471832717312,3.518224124188677,1.9441215511762975
4727,pop_0,3.684116009914132,2.627107764773308,3.2911392403884405,2.9553641986489247
4728,pop_0,3.3131785640063134,2.859001609492294,3.508790176499076,2.7535773050561927
4729,pop_0,3.1397827509451486,2.6455881837401742,3.186627886459511,2.5572022496837623
4730,pop_0,3.3849760800354014,2.9116303210736487,3.172082055225923,2.654723595285874
4731,pop_0,3.3472662657170873,2.9476250188570607,3.0934167059815754,2.9542993041599135
4732,pop_0,3.402144420361066,2.7418314001856,3.146351250034349,2.453590109017516
4733,pop_0,3.458465206662374,2.9153628327530954,3.386769359390395,2.599255171050913
4734,pop_0,3.4956026748361864,2.6016038834038198,3.3548026053229907,2.3775339698500586
4735,pop_0,3.3465428454931834,2.662347243841055,3.4241132910010723,2.924362988889253
4736,pop_0,3.285536469557714,2.7765846069072326,3.2159692590089657,2.8041321330936957
4737,pop_0,3.0004977809801985,2.691249861997604,3.3927264555206817,3.0992157698791236
4738,pop_0,3.4724495995809055,2.8557266223909363,2.927769352769423,2.390247249585395
4739,pop_0,3.537340472924951,2.388035799074894,3.5129459233139433,2.8384077301390573
4740,pop_0,3.4011706146360465,2.3647458139759445,3.2073323581124455,2.45756816817773
4741,pop_0,4.002331802208593,2.3651694690325606,2.725092745201987,3.1129623505324266
4742,pop_0,3.3624098269634235,2.948658285159455,3.4283527764872113,2.759579017892165
4743,pop_0,3.0892863052594213,2.873922922338092,3.3371250095465195,2.8722186262660165
4744,pop_0,3.150367047104129,2.926411371841953,3.4552498943212044,2.751433566733091
4745,pop_0,2.8855483148038163,2.7421496221831245,3.353231122678053,2.9693787828133495
4746,pop_0,3.667664562295018,2.039946080128443,3.10184000927683,2.791841775197272
4747,pop_0,3.213099417866238,3.0239582208917444,3.3321153882250028,2.4324442189441204
4748,pop_0,3.900065549768178,2.6744218976192156,2.9975895351407167,2.4303657921038053
4749,pop_0,3.2494183082333485,2.8628789892313633,3.3781189095028887,3.018230350068861
4750,pop_0,3.7318341090015954,2.6315476192621783,2.8377499746204875,2.765448791427857
4751,pop_0,3.1771238738796557,2.7623235825623196,3.4112934429050146,2.848351223764558
4752,pop_0,3.441503426291164,2.757334731491688,3.675862146236497,2.6143459812271357
4753,pop_0,3.4538573719209453,2.201432441308027,2.8348918016767133,2.5318699611266804
4754,pop_0,3.2115357863450997,3.131853479656443,3.3920689542776015,2.1613087213089406
4755,pop_0,3.4232505003793627,2.6674547578859276,3.4130736838160676,2.9310050385047504
4756,pop_0,2.9775146663054417,2.6739560400800295,2.832153126233622,2.4508444926369273
4757,pop_0,3.8338111005986337,2.2932987023729963,2.9078775994187565,2.6675938177670924
4758,pop_0,3.8434550431257897,2.2016043100798166,3.6281052522469164,2.6706476842236584
4759,pop_0,3.635235177454959,2.7452997079660766,2.891943890779127,2.6699474016269256
4760,pop_0,3.511832200743938,2.635677260213871,3.0882705456461528,2.8121021806144526
4761,pop_0,2.933459551791804,2.660524675080302,3.423968783915219,2.8569633773901795
4762,pop_0,3.4727781672612075,2.851244198310156,2.946693507903455,2.663675499934674
4763,pop_0,3.562042809378284,2.6510355648269006,2.9876534596737407,2.4015110345438924
4764,pop_0,3.100007475345738,2.8737881236771785,3.260526273674817,2.9308785789348724
4765,pop_0,3.5575917343323473,2.5684407605553243,3.7898452938251648,3.1280315155241114
4766,pop_0,3.68339602174442,2.7216464307741544,2.8794503724143183,2.5747370980197166
4767,pop_0,3.2883264311045877,2.875886332670616,2.8157493916606287,2.565843622745401
4768,pop_0,4.045842684221331,2.3940149708272305,2.952529288152928,2.6376075819667344
4769,pop_0,3.38719582547103,2.329891881008473,3.019063236273001,2.3835351865607213
4770,pop_0,3.4549203047507544,2.6370316053127265,3.265887485719206,2.585046760470916
4771,pop_0,3.377421555825162,2.54680135400957,3.1295812649926,2.63955069064707
4772,pop_0,3.374346302706611,2.7709063775778344,3.0388765536562397,2.381074218885578
4773,pop_0,3.03376606914276,2.641437013615668,3.358192110906224,2.2638231543991436
4774,pop_0,3.9149644891494972,2.4714435646828217,3.272946927192612,2.295068160302772
4775,pop_0,3.3474324081785047,2.7496355009082754,3.140301884395954,2.737968541634318
4776,pop_0,3.377607286760321,2.764362642206701,3.029591158052295,2.4659865602538353
4777,pop_0,3.3091772810489934,2.79465623291812,3.333504594380015,2.6166110627059918
4778,pop_0,3.7912016346547324,2.365155055276682,3.356916291773915,3.052315612436204
4779,pop_0,3.842139361783638,2.555518004770391,3.2808877375688903,2.639530654985352
4780,pop_0,3.1610941786832414,2.142585631210408,3.540691362854618,2.4762552524436567
4781,pop_0,3.502263734284101,2.627117596083236,3.534413764808523,2.512770745640908
4782,pop_0,3.926398931988285,2.8406538432793402,2.8555704759102505,2.447175087107499
4783,pop_0,3.52882471280454,2.8898960530233055,3.3109035221523007,2.2823627146950396
4784,pop_0,3.448041040198275,3.078375204965777,2.968477330552772,2.775139977024222
4785,pop_0,3.3839466430964436,2.8140536498574336,3.7426261519726864,2.488475863429266
4786,pop_0,3.57706377824881,2.4060937656234755,3.0478798848096402,3.1018784523735183
4787,pop_0,3.6110797616268084,2.5503847831394273,3.308883195669946,3.0257246548737333
4788,pop_0,3.7451104645911713,2.3973118100656468,3.4296501342974923,2.328889925537186
4789,pop_0,4.053499650641394,2.359685425874815,2.8893178545529694,2.332157071433994
4790,pop_0,3.0387540297666975,2.753691159321862,3.0857634620352763,2.8309249098353026
4791,pop_0,3.4824379964444887,2.618863792599386,3.337075899053727,2.4535417929627057
4792,pop_0,3.416511802628613,2.350703200789572,3.2626887547339236,2.7721283939432992
4793,pop_0,3.1684280960778684,2.7914599772546285,3.004748278697034,2.366104783126205
4794,pop_0,3.1548425747631934,2.583561541104359,2.9085980282787336,3.008771135703666
4795,pop_0,3.338740226637317,2.7918057787837367,3.3603242174438965,2.4589589108312206
4796,pop_0,3.7759542569574314,2.4994413117274505,3.147496832082927,2.3126255890890746
4797,pop_0,3.635536609852175,2.1074592168296853,3.0555130791550202,2.7208544479006216
4798,pop_0,3.064432581318581,2.4738094142304337,3.0856293855843187,2.3942746998400084
4799,pop_0,3.302050472032918,3.1298129338748724,2.728867323212888,2.5016738680174573
4800,pop_0,3.5953890969385274,2.3748574399748796,2.881296554024789,3.2869082873911246
4801,pop_0,3.5119246070075616,2.59980493005486,3.051852255386261,2.5175504858964506
4802,pop_0,3.5114608328261436,2.658229382010158,3.6613408680953667,2.737116499953038
4803,pop_0,3.1004665586156857,2.7112343786740185,3.1229317851155636,2.7222133173150147
4804,pop_0,3.3208705177791256,2.743465923956645,2.848987096579681,2.683558238827407
4805,pop_0,3.3388637958183693,2.3896926748802554,3.0714676592758363,2.2590684995686114
4806,pop_0,3.3568531872561507,2.4933420181920254,3.610769829247228,2.807517224569987
4807,pop_0,2.9697020503729012,2.710195101863119,2.972335020996721,2.7983594198997133
4808,pop_0,3.5580073484472927,2.6562572870653285,3.017050215636548,2.4660371699409387
4809,pop_0,3.7965401770785263,2.5127643243848303,2.877369205947034,2.919577721121745
4810,pop_0,3.1282157574698313,2.57664789038723,3.251025509177867,2.5938910127996744
4811,pop_0,3.847530308016721,2.5134660954336225,3.253311534667415,2.2317357281927013
4812,pop_0,3.326471496018533,2.635448567033929,3.174631887263829,2.55521857808809
4813,pop_0,3.792713295009053,2.561888185942573,2.9990756174905004,2.344111082441978
4814,pop_0,3.762230611434155,2.4901020618403127,3.246069115818974,2.216087771294651
4815,pop_0,3.121493547920192,2.362051937365839,2.998552583759999,2.5948571013590134
4816,pop_0,3.447278561741759,2.410844349315355,3.1372723900896284,2.659752379361345
4817,pop_0,3.524300452263274,2.795999006457428,3.516650159803636,2.7719287884461097
4818,pop_0,3.3558468507655466,2.957412699967794,2.9824139645962036,2.8561233477790613
4819,pop_0,3.2556683496533916,2.7156285519869447,3.1658562234196093,3.0733104201298316
4820,pop_0,3.504685602102151,2.9397891826253937,3.57932257361552,2.8798394484232346
4821,pop_0,3.329347648082951,2.5255156828208585,3.276795890440018,2.347156379680342
4822,pop_0,3.471206609357356,2.429362496635415,3.468971608453754,2.0999307787203074
4823,pop_0,3.5425870544505167,2.7995178196124377,3.4163779253245306,2.817191288631987
4824,pop_0,3.7738612867922563,2.6470856566385628,2.974040023542124,2.453889639843177
4825,pop_0,3.49953954727916,2.900170535704452,2.8900307728930557,2.507229522858552
4826,pop_0,3.0816649729596253,2.342212624010384,3.1631322988061057,2.4490143025723694
4827,pop_0,3.391550356445725,2.551448376205752,2.923500604650549,2.71240042759427
4828,pop_0,3.340546620290106,2.7482608598933256,3.2167059124982975,2.7243470853016962
4829,pop_0,3.659936103816167,2.631864862532958,3.3996780971685574,2.751296012676381
4830,pop_0,4.095821939338959,2.5871579304881744,3.527866891858642,2.4637518546050234
4831,pop_0,3.678834366428574,2.4356150315800402,3.4709059567434175,3.0130573860090157
4832,pop_0,3.392305511631513,2.5430883922139706,3.593910341953599,2.9899861705985704
4833,pop_0,3.097029932228213,2.675785125814221,2.6934936660289273,2.9379255042551593
4834,pop_0,3.3091148051149055,2.6738508090847457,2.9631130844717934,2.61269938981987
4835,pop_0,3.5352318709114607,2.350802196155092,3.158617774697301,2.721775213587468
4836,pop_0,3.4308488243862025,2.475137864644601,3.0324209662229062,3.0585774132400885
4837,pop_0,3.2041648571707233,2.416814618928354,3.2479357902683033,2.809091825909556
4838,pop_0,3.4224297455126633,2.5844306733340523,3.493344716841763,2.8116101771197592
4839,pop_0,3.516151123047824,2.429864618674248,2.7635473624868543,2.795385779763772
4840,pop_0,3.1562624763726688,3.0253046720147543,3.1851382508341253,3.046442611787879
4841,pop_0,3.263954232264239,2.7102435208951707,2.9874610991354906,2.695107800668771
4842,pop_0,3.5350074241850753,2.479956923604377,3.7242880669308307,2.261004378581494
4843,pop_0,3.630734344913128,2.6270993842428827,2.671268543222961,2.84334976084272
4844,pop_0,3.544643616782466,2.382027326028465,3.132886567962964,2.6175539052102006
4845,pop_0,3.629232579575953,2.4394488847543436,3.1045223494146166,2.975598860350051
4846,pop_0,3.0626133000288993,2.841681167096733,3.2456590141191706,3.074026582679778
4847,pop_0,3.0561622022871813,2.874026373077953,2.9116712298831326,2.729479445189944
4848,pop_0,3.7226052231981797,2.53772349478382,3.367750427945964,2.5025904149193567
4849,pop_0,3.113977269957332,2.678617493301501,3.641046372952385,2.3796641627979085
4850,pop_0,3.463939160484408,2.607193074907138,3.066633707783085,2.802015906309247
4851,pop_0,3.022763558357401,2.9930770410042755,2.982221815969683,3.0062522299093892
4852,pop_0,3.5442354951157853,2.5940182608045004,3.1816912112479585,2.271017786359754
4853,pop_0,3.4196857059253425,2.506546927390637,3.3427399701542932,3.0634530009923133
4854,pop_0,3.2779016239661973,2.7830927092798388,3.5353988619651613,2.7486773749466464
4855,pop_0,3.683055799591258,2.6616626006502537,3.7371952011628085,2.034391298150975
4856,pop_0,3.527480473852045,2.4623936155797135,3.278941378330923,2.3899476112455806
4857,pop_0,3.0942003044404083,2.898023828670369,2.986479434964698,2.5577594575448392
4858,pop_0,3.130114557717183,2.479578140025313,3.139882046993874,2.603794695376439
4859,pop_0,3.691676550011815,2.5920737456322254,3.5528765546125873,2.8262031034504758
4860,pop_0,3.3032437235019936,2.7175681976263646,3.283736143213482,2.5465987358134026
4861,pop_0,3.57237055774511,2.809630960184425,3.5031428768813164,2.419012007596232
4862,pop_0,3.6959840362106857,2.339107460603854,2.9073671679277404,2.7725457724800067
4863,pop_0,3.0483987606519616,2.423921765536633,2.9777380718882185,2.4480469142804138
4864,pop_0,3.8848440662872585,2.639538818362225,3.2811275162805797,2.9731790547659447
4865,pop_0,3.217514322488341,3.151842524233515,3.4849458368872446,2.494704461360062
4866,pop_0,3.2922233073844502,2.6194359865079,3.4866767712071747,2.801155857245426
4867,pop_0,3.3281156865444768,2.7646344491386916,2.7710997234819135,2.5196720843363165
4868,pop_0,3.303549091389651,2.8110235368990812,3.518875268821372,2.6205203979332317
4869,pop_0,3.4991052503097992,2.758887523816521,3.2393777394075323,2.6279991023364118
4870,pop_0,3.651176581581842,2.6295991366339164,3.1539391660388416,2.8259994079158655
4871,pop_0,3.623343620048317,2.186369591653746,3.3967607486990756,2.239388526525111
4872,pop_0,3.1994221015561006,2.590111245549108,3.2253934658739354,3.1273773104797664
4873,pop_0,3.282864433015983,2.4146840443509547,3.355546959841144,2.523091098328402
4874,pop_0,3.5019433034416805,2.5292731150463643,2.9112510001576766,2.8817549988151683
4875,pop_0,3.1239119516660865,2.6247287679040268,3.4746486175309887,2.5802930191235123
4876,pop_0,3.4130525026469374,2.2979530303883844,3.4276088922604613,2.839200177825002
4877,pop_0,3.7390507915795754,2.2679462669453865,3.1719596980078903,2.332018820764778
4878,pop_0,3.6868609000390298,2.901353452109253,3.3042442136506116,2.656738957840969
4879,pop_0,3.1589728434438027,3.0248673129494366,3.283673240618541,2.536545511768576
4880,pop_0,3.391978833376338,2.372479825841373,3.1428584073706376,2.661152550811408
4881,pop_0,3.521385903450016,2.571493299080245,3.5379062743467036,2.3143570662726236
4882,pop_0,3.372349728010339,2.6143223953272536,2.9389177744271953,2.936182248246232
4883,pop_0,4.0786971017349245,2.0531331879742414,3.2512011236764926,2.396881810154355
4884,pop_0,3.580911110864236,2.818754755722886,3.3027393827964144,2.614261665506014
4885,pop_0,3.588910466439509,2.6923942190623276,2.8000614469379093,2.49117861341163
4886,pop_0,3.3216362335780487,2.748607703635846,3.411260793224722,2.3584739300022712
4887,pop_0,3.0893908126270615,2.7312993958524174,3.47364289304444,2.70527837557095
4888,pop_0,3.719333345155648,2.598909580804713,3.127088592009202,2.5176014447809543
4889,pop_0,3.177956273723822,2.9699634981746614,3.4370240005545836,2.662743946033668
4890,pop_0,3.850800249019904,2.454202080005067,3.021600399892605,2.607170898553742
4891,pop_0,3.2723157425502416,2.831773122525641,3.0308254850029184,2.382887674189575
4892,pop_0,3.791310255076837,2.37693629752529,3.0454387683886077,2.6711845895709727
4893,pop_0,3.694187886244225,2.563055625726276,3.9414592311839036,2.383369270994119
4894,pop_0,4.064446980679072,2.5990959089308396,3.35045592651904,2.259607236289043
4895,pop_0,3.5890084385261107,2.6113523847325197,3.3507802840174534,2.732119884125566
4896,pop_0,3.784147149239935,2.361386904575041,3.6264586340521867,2.5679671584156765
4897,pop_0,3.889294610841187,2.20979979095088,2.6937447245137935,2.5361687207465544
4898,pop_0,3.4483029385904747,2.6343538411097516,3.149905386858253,2.504866875015966
4899,pop_0,3.3487033383398908,2.5399059644550945,2.9265476373337083,2.953166587428831
4900,pop_0,3.415105720736767,2.626325329717571,3.309783630365666,2.378202678130446
4901,pop_0,3.3687229045607037,2.305575451335484,3.1547861028477677,2.3321711684736757
4902,pop_0,3.360090113385445,2.514509723674062,3.5344425940047848,2.945580204589297
4903,pop_0,3.1661983584529354,2.7235517519999974,3.1746625665726773,2.7157722285295156
4904,pop_0,3.485415157585143,2.5147799696390996,2.644545626486892,2.831737714062323
4905,pop_0,3.300675966957395,2.9470106813159807,2.896875329439931,2.7783469655623474
4906,pop_0,3.628168965151067,2.689448469975257,3.3494172419011665,2.692819288482322
4907,pop_0,3.7286835076283555,2.6544014323416527,3.3235814924501517,2.5334650587439755
4908,pop_0,3.196382762688677,2.933493649134727,3.3242583869694737,2.6661919441986295
4909,pop_0,3.332784847178406,2.5329648593622442,3.5083260746190037,3.069536590873256
4910,pop_0,3.520217760467683,2.630920008870803,3.5421967411606397,2.2519679690269756
4911,pop_0,3.5039539656398504,2.761160158791547,3.123600018133851,2.6482756683735165
4912,pop_0,3.3359931291934823,2.574157219747426,3.263665432504695,2.2727306904692735
4913,pop_0,3.514399605641565,2.574635860131196,3.535711857466352,2.4627200220254934
4914,pop_0,3.3295933810745613,2.8380938798298945,3.107790325329343,2.9412996810750953
4915,pop_0,3.796353572884535,2.793805225127596,3.1527298686764738,2.6213221134711513
4916,pop_0,3.232608867229247,2.89227166343753,3.023885645522101,2.632681039582296
4917,pop_0,3.4345715664722696,3.1139798359246833,2.8278289183585446,3.2510009001944087
4918,pop_0,3.596926798882969,2.495003401319156,2.904786982553561,2.578769958848213
4919,pop_0,3.1719430509592117,2.432643516362589,3.1292609498523274,2.9131596063112064
4920,pop_0,3.2080248781017717,2.9463786237261393,3.0616799128462446,2.223115789645787
4921,pop_0,3.6211469595578065,2.559191809627173,3.279262510548121,2.6092420577717954
4922,pop_0,3.170605841998598,2.6238250709747044,3.6887552950538436,2.832173344547644
4923,pop_0,3.525609437587688,2.442171312822433,3.458834710947992,2.4985487892425446
4924,pop_0,3.202605720417595,2.924708497904332,3.153440870164059,2.667495165380467
4925,pop_0,3.3515338281798672,2.8435822030172533,3.7893486444794844,2.5621946335224317
4926,pop_0,3.842429658623076,2.769031032182457,3.0818615239562814,3.217497069233482
4927,pop_0,3.1970748161232825,2.8179600782545187,3.3543337034780345,2.304224316063118
4928,pop_0,3.3801075839859145,2.7864161125846603,3.321971065578866,2.733812449694213
4929,pop_0,3.8292084555404413,2.8546109150588816,3.2523835075336134,2.395754420279907
4930,pop_0,3.554199682709051,2.705075862208118,3.8308724867236834,2.920341697151921
4931,pop_0,3.2517360368853216,2.910525495596802,3.1460321943516516,2.5142953910666295
4932,pop_0,3.291595070725593,2.5271187575572154,2.932856868460757,2.945657998528849
4933,pop_0,3.6708732509016744,2.228601195515693,3.2623365048412145,2.243094515653218
4934,pop_0,3.47875230135081,2.547030863083475,3.030279631520987,2.6075229701945966
4935,pop_0,3.0785045361907812,2.7339411402193714,3.1859669142966935,2.91167431038368
4936,pop_0,2.8589300951750505,2.827722884494655,3.1542266499291767,2.869141147119735
4937,pop_0,3.1141981503270104,2.6284200010730916,3.265295401780462,2.46885266887399
4938,pop_0,3.3788489942430395,2.7673606690977515,3.592463364058955,3.070072661502875
4939,pop_0,3.548926037214981,2.848908685588988,3.2741855519007648,2.285126591815233
4940,pop_0,3.140542502592762,3.012749982271053,3.497214803245567,2.91034896723536
4941,pop_0,3.087671649644294,2.9104795232290335,3.1419468235666304,2.5249457117727183
4942,pop_0,3.3170688786153213,2.633372260366083,2.976745233846924,2.954871899118351
4943,pop_0,3.172456424374887,3.155425952051236,2.9078320397466597,2.208923970600569
4944,pop_0,2.9059179693046002,2.371208491326687,3.1463721912228335,2.2213927857153593
4945,pop_0,3.086899823183115,2.4413244653934982,3.6718413577287885,2.692388627843538
4946,pop_0,3.78664702459114,1.9756667517024051,3.1851582674628065,2.502263741111638
4947,pop_0,2.937057318380199,3.011768044803857,3.6122316463478636,2.7370145714498038
4948,pop_0,3.918791383588197,2.5500733451227986,3.395046704283252,2.517156509585946
4949,pop_0,3.0293736401329476,2.368975398716189,3.2752379150490367,2.217683534621327
4950,pop_0,3.294470694676424,2.718335393406803,2.7673550261816513,2.499361434207286
4951,pop_0,3.141900776822248,2.9088425717523037,3.0736256036711094,2.7163354473288184
4952,pop_0,3.052700682468465,2.804247300718873,3.2645666914111904,1.970929927478162
4953,pop_0,3.6950441782203445,2.530648871241046,2.9006602559520394,3.0681675455899624
4954,pop_0,3.393141456398216,2.960574785970111,3.1898088482725147,2.9708868703624933
4955,pop_0,3.4226763002870575,3.165177073154109,3.3787419339043923,2.582936084404632
4956,pop_0,3.7945153990845375,2.9266950222860784,3.0219795595130714,2.4820387036446783
4957,pop_0,3.503009552740692,2.5934024144355616,3.038320505228501,2.699824793495488
4958,pop_0,3.5421450129739513,2.3128196251178355,3.083242888253332,2.3603765162699024
4959,pop_0,3.464546363978345,2.7143099940368947,2.8551048742595126,2.3896350148532792
4960,pop_0,3.3536201534417662,2.7585508822635747,3.2149555844859075,2.590737981539103
4961,pop_0,3.575341098245752,2.5623374010648114,3.227537799789814,2.8212023136612223
4962,pop_0,3.3194182803766514,2.892718979814716,3.383236617918474,2.747864700869259
4963,pop_0,3.380233400593928,2.621422335743569,3.651300043186634,1.9876122305175343
4964,pop_0,3.4846101279465977,2.3022210736931696,3.6671011224068017,2.723641555888922
4965,pop_0,2.9804033764958855,2.655092582874495,3.1420654083252977,2.60062069907686
4966,pop_0,3.451291773972788,2.59192111167802,3.3978089313106046,2.2179296578467933
4967,pop_0,3.7270104657158223,2.471663349125611,3.333988065647453,2.9460342961526123
4968,pop_0,3.373366841463104,2.6336192423887668,3.474494385336583,2.3004670797713977
4969,pop_0,3.6200702243502643,2.6792881517645264,3.3059632654435704,2.960307452414251
4970,pop_0,3.8729268097545875,2.5771122416181576,2.973860470873901,2.52418237318924
4971,pop_0,3.2151367115520766,2.6035965922683855,3.4765683974270933,2.436186616790063
4972,pop_0,3.356658536717899,2.70478663219798,3.5667413830472614,2.160884254222211
4973,pop_0,3.0013212713957897,2.5240006847012024,3.514087386822473,2.5637178333872668
4974,pop_0,3.3730528935489876,2.6869937309563174,3.013713115931996,2.600700965132521
4975,pop_0,3.1514729742219343,2.7437541901845,2.992941799795993,2.728445066997676
4976,pop_0,3.783186133636924,2.5416538766758516,3.470207962178109,2.7396475832363905
4977,pop_0,3.2585342496468352,2.6290687852646486,3.6612124799375674,2.80184892629753
4978,pop_0,3.367570625490115,2.7831287965130445,3.3249675870738105,2.9635814443169015
4979,pop_0,3.6290876772684055,2.107754021165135,2.896899323791477,2.8537563912030217
4980,pop_0,3.2415483624844086,2.7128884490387515,3.6698172600561216,2.711897344900226
4981,pop_0,3.0425746063767978,2.8179858760248835,3.2474505103282376,2.459358942096777
4982,pop_0,2.9320209051744577,3.1607944779534227,3.1878675556655383,2.726204238244629
4983,pop_0,3.655405585788753,2.811368000561353,3.370341944744795,1.9466196530448376
4984,pop_0,3.4816688950490744,2.723513314485564,2.994360771721813,3.0790511962480114
4985,pop_0,3.282679714770225,2.682644744429173,2.972815620181435,2.7536408831393064
4986,pop_0,3.488004484059397,2.6353023263724684,3.0549155470110114,2.9615518701818044
4987,pop_0,2.9402672151567733,2.4873922663740613,3.6800125837838635,2.737030637319475
4988,pop_0,3.2130652642914566,2.8572817053429844,3.216787106268307,3.108705108302511
4989,pop_0,3.6025159979982324,2.4635223925178944,3.2922167396922215,2.820546245650258
4990,pop_0,3.3176937408391525,2.496033093752235,2.961764532290267,2.6302019847994242
4991,pop_0,3.289964468435474,2.9907707876113445,3.4061624900553085,2.624186785908653
4992,pop_0,3.0086641125575904,2.99072039226202,3.2223425948002524,2.286449330249288
4993,pop_0,3.312429547862555,2.9641351957030007,3.5834681314279497,2.6657475678484754
4994,pop_0,3.7234751274216853,2.211445094726732,2.992921951233398,2.2334077482869663
4995,pop_0,2.928227674679116,2.852670282528998,3.212959627540933,2.3914990073150313
4996,pop_0,3.6226093753541377,2.8235079861483556,2.950019360021706,2.5705205729318643
4997,pop_0,3.531270458570067,2.9866021633363893,2.8803915040043653,2.7941835463209883
4998,pop_0,3.359378818105274,2.7326480262813586,3.6349419751612415,2.614350160863172
4999,pop_0,3.719344112419169,2.6917634775779335,3.1958203409952914,2.8520895171954557
44000,pop_1,2.8493176462239966,2.716984516812709,2.833203789994967,3.6385873903528196
44001,pop_1,3.076793823180003,3.1201055800754185,2.557108281767985,2.8095736743110646
44002,pop_1,3.143431280196181,2.9781721715849,2.8018434501011873,2.890236958831627
44003,pop_1,3.5085613307602093,2.3814682737551953,3.1147183436678856,3.2395307602979626
44004,pop_1,3.1236788102928306,3.4357980716331284,3.093121050363189,3.025867402097503
44005,pop_1,2.928318915078034,3.2610979648520146,3.185705165301189,3.237882741532274
44006,pop_1,3.255890417211688,2.88679699610003,2.264088751136583,4.053472937368155
44007,pop_1,3.6878547972791127,3.1064069050819234,3.207680174861996,2.7314030090363333
44008,pop_1,3.6499377579948953,3.319573251280874,2.7510972754599115,3.654385118397852
44009,pop_1,3.567264194505052,2.633747288462809,3.2257498226761494,3.3832889041430927
44010,pop_1,3.876757870999271,3.5068874083478745,3.0859969573651935,3.426280149221835
44011,pop_1,3.6683862695775176,3.374829828670046,3.325500932840465,2.9442782487510857
44012,pop_1,3.479105177527349,3.5668305090991517,2.8839519508795894,3.627399457659315
44013,pop_1,2.7174703627428007,3.4163213397158265,2.9760384515204295,3.1505917494145104
44014,pop_1,3.020729793569633,3.078334891027103,3.3657333866989396,2.9223768864723247
44015,pop_1,3.986314315925485,3.4520939086270452,3.1150324058147603,3.7739446658248643
44016,pop_1,3.3339224161152017,3.700764431707254,3.236186322668347,3.6438317311358692
44017,pop_1,3.7961732605894953,3.0736982904219654,2.8896258145026614,3.6194709987074214
44018,pop_1,3.0874324928907537,2.8025477042702787,3.352686084755805,2.929814350749652
44019,pop_1,3.1310618475819485,3.034855231065034,2.849711695645262,3.5364686308246434
44020,pop_1,3.6015240071430865,3.16566119437809,2.9034131777673218,3.2241394114590656
44021,pop_1,3.3367417945206648,3.49216729403244,3.2064483306408214,3.2657238831770323
44022,pop_1,3.1610557034676243,2.714551727281044,2.5264181514874764,3.569195490563888
44023,pop_1,3.0021029798806285,2.7724527996240504,2.79928740803537,3.4435757847463613
44024,pop_1,2.908938366133577,2.9444220257491738,2.784685052030691,3.3399101323381752
44025,pop_1,3.6898637338221705,3.5566177280265396,2.9634142947069053,3.6291518639540463
44026,pop_1,3.737971178956762,2.976674472292637,2.6196680251966273,3.6146443887027497
44027,pop_1,3.9300184782382424,3.1797368265364043,3.23584458381608,2.842862524495361
44028,pop_1,3.527651688515419,2.910284317239833,3.310275621465091,3.122634150355842
44029,pop_1,3.49790773696725,2.9358389036690657,3.2486853750755964,3.20967308975701
44030,pop_1,3.1875375175615366,3.13354291307857,2.750780793797699,2.834348771854563
44031,pop_1,3.7777034797637072,2.932285666703365,3.0525348962250676,2.982951021515541
44032,pop_1,3.3281312179171425,3.4131344316277183,3.292828715878184,2.9793741410026198
44033,pop_1,3.2549373192818543,3.4791338938298297,3.2278848520350083,3.1082187621935287
44034,pop_1,2.917092549319318,3.1905593600120854,2.9157004951233096,2.9070520248674083
44035,pop_1,3.129948824131195,3.466085119158911,3.0058501233866486,3.188351123940539
44036,pop_1,2.3395894968478803,3.26648821247177,2.7484470547760806,3.3309821893454847
44037,pop_1,3.155520167930232,2.8561183802063788,2.723338798709897,2.8779814842799065
44038,pop_1,3.281552197243456,3.281692651118779,3.0298108293753088,3.4287839716883193
44039,pop_1,3.525387092581677,3.4845080552270953,2.9805780588524136,3.575746090296847
44040,pop_1,3.63092290792148,3.1772088489055657,2.7839655911649737,3.731781846067972
44041,pop_1,3.6921341551345037,3.1092697984894477,3.0289408404579943,3.077124464092294
44042,pop_1,3.017559360836851,3.1764119352945333,3.1378181443943776,3.2902293913039364
44043,pop_1,3.5795409437847,3.7708283091207697,3.4694936398433622,3.493547040012184
44044,pop_1,3.303654459415573,3.2821808621028614,3.243846008021305,3.3085989580550206
44045,pop_1,3.20207667338256,3.204240130486434,3.0739433201332313,3.4326161838984026
44046,pop_1,3.5162247167588307,3.551552003457641,2.734793306109245,3.4448498003657044
44047,pop_1,3.010432015388121,2.8318930903291784,2.500156228070028,3.603499429345939
44048,pop_1,3.6388761406215946,3.4019266942088713,3.215485440461788,3.1468515752527444
44049,pop_1,3.5476553839435137,3.3572209006337137,2.8305805732305047,3.540282247451182
44050,pop_1,2.7036505042051893,2.9611981679812143,2.778184277913742,2.953056390629436
44051,pop_1,3.520558274774969,3.0838211534896107,3.2195741057245417,3.586330192243123
44052,pop_1,3.30954297377584,3.158295305690995,2.7783568201569246,3.250653908815321
44053,pop_1,3.169474137459549,3.330786408196962,3.1882807980542767,2.753832400258743
44054,pop_1,3.08175039984171,2.403531500576658,2.9456019004085405,3.487246383244449
44055,pop_1,3.2797793914594853,3.2760092681939468,2.7887818432424334,3.7130488702086013
44056,pop_1,2.543827560351176,3.1734550214835675,2.9125263869104305,2.7582308707311283
44057,pop_1,3.5545438482531875,3.2892586075581067,2.9904944243050853,3.677028613384117
44058,pop_1,3.1843666175870275,3.2678153865560517,2.444031689291929,3.3304348829138095
44059,pop_1,3.4691631992616427,2.7449280352364216,3.1053575137075677,3.2273760099252784
44060,pop_1,3.1418026551307636,2.7229249715287667,3.1044140559071356,3.509971762595681
44061,pop_1,3.200791908077095,3.169844226965461,3.3736204594369332,2.7665292372948134
44062,pop_1,3.3481560746514596,3.391921161339152,3.155048307199337,3.293252289407532
44063,pop_1,3.366261206463328,3.0488334858675943,3.189158431664448,3.2256587971562016
44064,pop_1,3.0027027464131004,3.404131245899493,2.5312557052916973,3.1079353792267463
44065,pop_1,3.7126056973160897,2.937164051862402,2.804308172988117,3.5050646930294254
44066,pop_1,3.411378255163999,3.033284993313924,3.087102117204002,3.601285214955113
44067,pop_1,3.339732086587131,3.3496182456751677,2.6716803106189646,3.2660961145577274
44068,pop_1,3.9369669939770433,3.4530073030833246,3.2805814209575184,3.277815816923652
44069,pop_1,3.1772265104023174,2.6241892424834363,2.7462571114881023,3.1897018799008667
44070,pop_1,3.8562127168387623,3.3584689517076325,3.3398453796502596,3.349273701936213
44071,pop_1,3.922562191702904,2.8882155477570923,3.2736772171992374,3.7232126936009564
44072,pop_1,2.895685444894608,2.6373030584649295,2.9861980432535127,3.4301996113102398
44073,pop_1,3.1739951783313702,2.8374694630999135,3.1361384846043077,3.4279354115293987
44074,pop_1,3.2027098036962647,3.1459435385935004,3.0855627590962516,3.1021427533490433
44075,pop_1,2.9446212566205583,3.2776994607938597,3.1030946692502943,3.1173061121410943
44076,pop_1,3.46619369861859,3.1785660908106177,2.4726444563602348,3.4795413910633366
44077,pop_1,4.0289554083532835,3.5889200154311385,2.583684518257028,3.4026893607852027
44078,pop_1,3.353053056411496,3.1072722071910945,3.1185651352606714,3.1349779639705107
44079,pop_1,3.1090281141423506,3.549659778195661,2.5338942036552754,3.898388512092766
44080,pop_1,3.6430513918454737,3.130197434184879,2.945090268150792,3.346624891429548
44081,pop_1,2.8540946219500074,3.4140165801139304,3.1804251477727807,3.215861352196629
44082,pop_1,3.033339562231767,3.3674634593510215,3.129323173573788,3.1446822590200965
44083,pop_1,3.9801364268346457,3.352719881597484,2.956427815859804,3.515347709402361
44084,pop_1,3.3162242680982357,3.067069082828614,3.004336972433533,3.441601793611561
44085,pop_1,3.553226326787068,3.0404862962676336,3.3159014692740327,3.5034676145403285
44086,pop_1,2.5469313327408516,3.165760233194125,3.0375390329290908,3.1398866065374156
44087,pop_1,3.5731596763603726,3.145285195348173,3.523079875369718,3.2245362437813108
44088,pop_1,2.9107425029610106,3.0811946533660257,2.91685671553345,3.2902268530268572
44089,pop_1,3.1884961462971027,3.2145253942280774,3.020185193138273,3.1305826126550977
44090,pop_1,2.927443132642257,2.7474946229051715,2.799485523746986,3.4907076700962296
44091,pop_1,3.387979026517222,3.139631350920902,3.408598169761012,3.029089514222401
44092,pop_1,3.1528753396229923,2.7464231587128,2.690415649102064,3.212923296490955
44093,pop_1,3.0099720403507275,3.201091169371741,2.858014668607356,3.4754517495386716
44094,pop_1,4.100735407810394,3.325463320441605,3.434944552516282,3.3370870597290434
44095,pop_1,3.8737554550779776,3.399426763286451,3.264071789788779,2.7817923396407
44096,pop_1,3.33585715742276,2.9774062817929683,3.0930535169574154,3.0992040739439677
44097,pop_1,2.9402743709716166,3.135274416365921,3.3641703313649898,2.924445777392775
44098,pop_1,3.5627097582098224,2.6325509043702526,2.9932047985664085,3.21702812767245
44099,pop_1,3.321329829355294,2.8000079384984424,3.077780835993688,3.4057272990691194
44100,pop_1,2.677862945411405,2.7774904974731007,2.5476614334386967,3.617733500863683
44101,pop_1,3.36606107891428,3.189585179630424,3.0666438953191424,3.9583911373270486
44102,pop_1,3.256365424577261,3.382017863584227,2.6118864070103354,3.8391135604427133
44103,pop_1,3.454219906579896,3.0281520789589518,3.1343821276662545,3.4071746298576904
44104,pop_1,3.2125584903118014,3.2317502309999333,2.9179794682072426,3.562984564704823
44105,pop_1,3.198605129749738,3.1500979315663455,3.213916292042823,2.8884631471255853
44106,pop_1,3.1732187479898313,3.0020910395089184,2.8431181626164643,3.1957581188832473
44107,pop_1,3.2009358499851452,3.0738794033970582,3.2775474290579236,3.2905292197142013
44108,pop_1,3.3454032319821225,3.2260167724566946,2.9634287825811643,3.33910722965224
44109,pop_1,3.291443771039467,3.1935958049482918,3.359297287862104,2.5774600664700955
44110,pop_1,2.666968475775129,2.415178796198151,2.9582491194986433,3.4153279773015592
44111,pop_1,3.4883802498234635,3.3291967871565715,3.1584911093896064,2.702829271818637
44112,pop_1,3.9014912297775144,3.5245744086597113,3.5962822920785573,3.0092920735786555
44113,pop_1,3.2964504451070127,3.6616972507896683,3.3432148362180576,3.2506988160005217
44114,pop_1,3.183089337418155,3.1323882777954735,3.181684728256485,3.3933838059659114
44115,pop_1,3.385318307614861,3.1920292705286193,3.3526757486415324,3.4677220749944686
44116,pop_1,3.069194236264512,3.1848696109513273,2.65570140176243,3.220489189263658
44117,pop_1,3.093503408907845,3.3301235372918514,3.2263926762867565,3.7393932334846376
44118,pop_1,3.334767871108156,3.5407326121837173,2.9675734045660747,3.2184639070672563
44119,pop_1,3.1247312708946255,3.224292872425372,3.020880066446969,3.2331152471488553
44120,pop_1,3.7317361992201694,3.3994476084313248,3.0057932020388196,3.8100315241204936
44121,pop_1,3.282863591616163,3.2528805979617816,2.9732335249018687,3.1947702872123944
44122,pop_1,3.347009971129753,3.1969023345818486,2.965945718583801,3.374162642434672
44123,pop_1,3.2877104101159924,3.6356857139793712,3.161721671291167,3.02007495672835
44124,pop_1,3.609248839513702,3.4783493902302416,3.5324443448598903,3.2747496074321294
44125,pop_1,3.319316334295038,3.0319252348872783,2.935314669421638,3.4890483344936696
44126,pop_1,3.222847459967307,3.3800337410115606,2.771893129241456,3.674462576739923
44127,pop_1,3.1302000195856854,3.1353305461106262,3.2862874552281442,3.140806172419611
44128,pop_1,3.4093028474355562,3.3815803552546133,2.849163209034079,3.152025248248586
44129,pop_1,3.243571546726812,2.994526652731653,2.7685463409275917,3.390041754268639
44130,pop_1,3.2902444388477035,3.203581053452655,2.755904026066493,3.8341701208478045
44131,pop_1,3.570344213201299,2.9370663394208956,3.222825164711466,3.1960477741652
44132,pop_1,3.2841997636609004,3.480495354911476,3.00227943211878,3.446660331727493
44133,pop_1,3.3231799007449236,2.727741431819365,3.1356662612253703,3.3719888484789617
44134,pop_1,3.0552671871200374,3.1215574968652384,3.3183250609613277,3.5215275898883416
44135,pop_1,3.3549989754429945,3.387428148263156,3.4160994520874515,3.0520474368325288
44136,pop_1,3.5151703541122625,3.2309928948813353,2.9401236198271326,3.099387086660423
44137,pop_1,2.8528924049710387,2.638901411460258,2.821204213754444,3.1651807597389148
44138,pop_1,3.1578932152849992,3.260195491873997,3.033893291711267,3.4687317557401895
44139,pop_1,3.2561184068065394,3.3812152034585634,3.003152288445952,3.489408049602365
44140,pop_1,3.4516550065867677,3.0579981094672215,2.3004301396357283,3.7909612258202987
44141,pop_1,3.609763240201609,3.4320892636996976,2.857371605548601,3.3104208168154834
44142,pop_1,3.202027007176041,3.064902874911436,2.979251945746804,3.578510477328796
44143,pop_1,3.4774914379803805,2.9660842533303313,2.889574527351074,3.217191928518952
44144,pop_1,2.994361442470299,3.3131505969636788,2.940936415244819,3.6329975631934763
44145,pop_1,3.149363813441056,3.2627629643235423,2.8729992271990747,3.1700219615764604
44146,pop_1,2.9540979988473475,3.081853602756911,3.42537281167492,2.9218714584040355
44147,pop_1,3.1975453900701427,3.520099255722039,2.6418358208114827,3.340706194094904
44148,pop_1,3.1838955031670353,2.475098221875686,2.8432214620960137,2.9598075027943853
44149,pop_1,3.3128857542124064,2.8367327168226315,3.197978272060735,2.8104154854504637
44150,pop_1,3.426231911345847,2.5728146711997155,2.57072393542519,3.347981078974263
44151,pop_1,3.039472896531081,2.7517306197298566,2.7506564442082806,3.3811099069019486
44152,pop_1,3.0754041371554393,3.151231658419942,3.387092973562029,3.296925658258151
44153,pop_1,3.1988955489410844,3.5624318880995047,3.207195469058645,3.4977924207477695
44154,pop_1,3.479715400195927,3.365874962452808,3.1585651404640376,3.3338232775402816
44155,pop_1,3.2073665936057787,3.3552876165150014,3.2942371406933533,3.0929056490871796
44156,pop_1,3.1491582182464044,2.9138340539328054,2.9019792750046944,3.3652297613470545
44157,pop_1,3.6366590733764865,3.086157676155076,2.8006224017304033,3.3192550022878
44158,pop_1,3.1996028227913964,3.187252067067911,2.922313537067048,2.990150960932946
44159,pop_1,3.40977082976179,3.383367874443849,2.9411805216770417,3.133211048364133
44160,pop_1,3.0218737315742326,3.030577895819751,3.0027433665487826,3.581896795038702
44161,pop_1,3.0268414842398137,2.9565854174991575,2.9556240024051825,3.2496519726093633
44162,pop_1,3.5472556000651894,3.4635538121871132,2.7783981389070176,2.925095634682172
44163,pop_1,4.020177177434562,3.5820050817064497,2.8026359442824664,3.382559649753753
44164,pop_1,3.7223415261544774,3.270447965169801,2.814427631034794,3.7051280997425704
44165,pop_1,3.8224341645766993,3.0250721956954694,3.2818609169380952,3.525871800951322
44166,pop_1,2.9236690953171647,3.2110781687853076,3.24894076750831,3.5736776002821133
44167,pop_1,3.3878596031349875,3.04335637742504,2.9805919619588255,3.0638593184532197
44168,pop_1,3.3119125876967708,3.0471472575747476,3.1613119513487344,3.1076459338225275
44169,pop_1,2.974638816587536,3.0173961767168516,2.647235722810338,3.3570861864824377
44170,pop_1,3.0811023014191914,2.672695945114017,3.2830185866326786,2.9454776830408598
44171,pop_1,3.072465427056651,2.823700807702857,3.1260408706505753,2.9184503563380946
44172,pop_1,3.3782165594886093,2.69283141325851,3.479334399095648,2.8824981722974994
44173,pop_1,3.766744213624199,3.6107302566224084,2.801268639801034,3.5549675001360272
44174,pop_1,3.1990779621799437,3.128546008573982,3.083753574662871,2.9143448004921977
44175,pop_1,3.6699050609911126,3.1707173488616696,3.244000687281888,3.1636531493261004
44176,pop_1,2.7470912305505184,3.270036052718561,2.75208340042704,3.595098093488079
44177,pop_1,2.8062706373660014,2.8695445367600536,3.0118438039692035,3.309838720733243
44178,pop_1,3.703914086862004,3.618656987177369,3.116504474119934,3.1569514756879142
44179,pop_1,3.4102599601100407,3.1915413511777517,3.235072249558732,2.9963217713053765
44180,pop_1,2.8073051478100814,3.086568114118733,2.714206046260215,3.4764112354678707
44181,pop_1,3.496745000168472,3.054637821619662,2.986836563353422,3.5234047352000224
44182,pop_1,3.474089038135005,3.0987406379123126,3.021003589447921,2.70179456877293
44183,pop_1,2.96729477655464,2.8425922386552713,3.212736859777782,3.776569757430291
44184,pop_1,3.143525019147039,3.3907075984421695,2.8912376959526513,3.5715035270416835
44185,pop_1,3.4753432847900707,3.304872554156593,3.178473173869788,3.5446456502734978
44186,pop_1,3.43178371890425,3.3129459754688124,3.3565864877261755,3.0116371249598983
44187,pop_1,3.376731818015485,2.8064429391494694,2.76623219830819,3.221237190246741
44188,pop_1,3.7329023665944776,3.399879051009949,3.007429063165468,3.4559612705749463
44189,pop_1,3.3878663042890267,3.3104609242330496,2.9130664448682944,3.2532461441742972
44190,pop_1,3.1424987998446055,3.251159015145325,3.1716121516172944,3.458090819906127
44191,pop_1,3.1075273783607575,2.8359985217825434,2.796191774583649,3.335773264999386
44192,pop_1,3.2121296238188566,3.1690534628564113,3.2219771354294093,3.48731327572951
44193,pop_1,3.5278999326274327,3.027080623109899,3.119431476153528,3.5284090273607513
44194,pop_1,2.995184114975361,3.861889377594524,3.1796859321588453,2.4127367887833024
44195,pop_1,3.5216226956141194,3.2177437732367107,3.2778629654517553,3.4321373208537542
44196,pop_1,3.438588968941025,3.230257906643559,3.2048840186901124,3.2289927902820463
44197,pop_1,3.635186689676758,3.375840483779177,3.3867492321252577,2.80636102922738
44198,pop_1,3.037371196174773,2.493635876335042,2.759769990684022,3.6257059906068334
44199,pop_1,3.352317088880744,3.50917367005261,2.885360582712274,3.501921865716236
44200,pop_1,2.8912446593767958,2.979630450095501,2.801028135317961,3.4266687581213255
44201,pop_1,3.4280365409748175,3.1883939705187476,3.2388579885345443,3.161899351524176
44202,pop_1,3.3796592962205216,3.0392503058195057,2.8193095217477864,3.297820971589315
44203,pop_1,3.4548210394027814,3.9667551526357268,3.2826796713738573,3.2735959145735447
44204,pop_1,3.760863017301925,3.434144910440332,3.0161375640963213,3.352492538019645
44205,pop_1,3.17863892984286,3.538747362404085,2.7139723467733807,3.0859718204967006
44206,pop_1,3.1774888114011954,3.4442532136328046,3.0154493823529194,2.8743230851411403
44207,pop_1,3.2754827567838154,2.9896011003366234,3.478032343160928,2.7331550911875033
44208,pop_1,2.983007240823019,3.1739091986255654,2.8325523113465296,3.4747774053177793
44209,pop_1,3.465126658369096,3.421725003443498,2.695788469268737,3.7499473351994586
44210,pop_1,3.1332680520038187,3.0986901326393617,2.8594738163060245,3.357237479746083
44211,pop_1,3.2684201349620534,2.9729139292598057,2.690886723524736,3.267134329974486
44212,pop_1,3.3551417566458945,3.29242835709211,2.8632921412437877,2.7753722541765304
44213,pop_1,3.380186785597817,2.9877082421723795,3.3011634311550373,3.5118511115210134
44214,pop_1,3.196455908563992,2.717624359502525,2.5281615796214947,3.836531155085185
44215,pop_1,3.3246666197666155,3.2389286516848177,2.9269693793527076,3.6604024710026066
44216,pop_1,3.223174381675142,3.35995893930937,2.953287291495379,3.4079551178093035
44217,pop_1,3.080838652587564,3.00435055026019,3.0723248242106003,3.456684507489738
44218,pop_1,3.444048284464468,3.3768811696372665,2.685850328755362,3.371226798314202
44219,pop_1,3.065439006741023,3.370079318255918,2.894989138274253,3.393816330521259
44220,pop_1,3.5543142861372896,3.3236861705668366,3.0514259653623976,3.7843179389729587
44221,pop_1,3.1232512543079207,3.3880662190143704,3.006520700857217,3.4720639145077383
44222,pop_1,3.5748918188708187,3.498630201039731,3.3708776984255833,2.9104999263528275
44223,pop_1,3.4699475035501792,3.0913585839165356,2.8674318164594097,3.6179017850969304
44224,pop_1,3.3396843835020977,3.286785724377298,3.2608887515087153,3.249956865645243
44225,pop_1,3.521380579043393,3.0375622137326266,2.9268662347438856,3.8747383732410943
44226,pop_1,3.0769470624037343,2.821668599306592,3.2720687965435236,3.005642947167436
44227,pop_1,3.238688275438567,3.6272751129307026,3.2351231690859126,3.1464369038249376
44228,pop_1,3.3618648904550934,3.0976778355226484,3.2025357534388776,3.7205273231504288
44229,pop_1,3.701041247323171,3.619235299608456,3.1499071657919884,3.4025871707366377
44230,pop_1,3.0946665256581043,3.1582203755952882,3.1298469153195825,3.574042422363622
44231,pop_1,3.0087361080065547,2.52481681412353,3.184901073618722,3.203900407124138
44232,pop_1,3.0531102690952903,3.3902030464068864,3.1536477207818967,2.9841194511148776
44233,pop_1,3.406997203119018,2.672026162778574,3.187240178748673,3.0537513983629743
44234,pop_1,2.913647204239249,2.7661567336644084,2.5953780308486976,3.52520322675947
44235,pop_1,3.354239617222247,3.4854401917364513,2.974097282893889,3.698787151000141
44236,pop_1,3.616972738061123,3.4197110057131233,3.1588918773016963,3.3983441820609426
44237,pop_1,3.258395257358524,3.3420724002616673,2.920051085762803,3.124408290689466
44238,pop_1,2.5318202645496464,3.3746576680702174,2.653609292602359,4.033464006822914
44239,pop_1,3.4334504677743514,3.023930973832313,3.138029376765053,3.0359087948745596
44240,pop_1,3.3196632367467283,3.367506340575051,3.1711771064044756,3.122024699756969
44241,pop_1,3.3933617115606984,3.0535028098024903,2.959223978034876,3.4318837074276516
44242,pop_1,3.175032416055323,3.3441586202307474,2.9549388159480414,3.2068227271006506
44243,pop_1,3.5104706691776704,3.2428700621538002,2.9657856398155285,3.376343711348043
44244,pop_1,3.203570488632926,3.1175654891383706,3.3986835666145554,2.9264958567189643
44245,pop_1,3.3192249183505225,3.0805098164295646,3.010234701488699,3.4870320106941524
44246,pop_1,3.530498884812578,3.4610342123433977,3.3378077749908757,2.9307017068526444
44247,pop_1,3.249543910645068,3.062538009487516,3.1148708608027715,3.0573641297524827
44248,pop_1,3.8092641915534484,3.171410724411718,3.2258974163691487,3.644741368741025
44249,pop_1,3.4571574112961727,3.089601183700289,2.474664707234685,3.3776299878161034
44250,pop_1,3.3829599034844837,3.1781548191190185,3.453071006112353,3.3034398646442034
44251,pop_1,3.5988350448518407,3.444859191080541,2.96172621538582,3.4443104720194406
44252,pop_1,3.094178252377783,2.7795992194721046,3.3146897127894777,3.3377641143605095
44253,pop_1,3.9515514147218913,2.738885477359024,3.243641083116131,3.160865841701826
44254,pop_1,3.740710314011931,3.1729273202265436,3.5211718401792784,3.2148580454921225
44255,pop_1,3.179914015006728,2.974610575412111,2.7789440988197165,3.1495021968480095
44256,pop_1,3.2349437007738797,3.231048872455974,2.7738766560983965,3.4907548855720965
44257,pop_1,3.561221055890413,3.100782047445421,2.9805105534650247,3.5067521181090235
44258,pop_1,3.348725025661893,2.876113848242682,3.411194529622799,2.7662431197821467
44259,pop_1,3.6416477406860683,3.17198821649219,2.6181450744714208,3.748730306240927
44260,pop_1,3.195865991142298,3.079211089422205,3.003498044780278,3.5495481470597174
44261,pop_1,3.50453447698434,2.7691789977472845,2.9090780769363653,3.6272056293503803
44262,pop_1,3.3046501319916075,3.0810915753272274,2.7815435921781253,3.7192055830955715
44263,pop_1,3.075111735567331,3.4675535686068155,2.501238784177059,3.588039340091901
44264,pop_1,2.9266987406006204,3.0418919467828305,2.960331795192236,2.883472476923735
44265,pop_1,3.4192104254807774,3.5408799355474443,3.106226384180229,3.326814357388819
44266,pop_1,3.6554324914269722,3.528035952837377,3.2323167338916594,3.4394785783282162
44267,pop_1,3.3934107796864605,3.183642501230957,2.8469755191812665,2.8650305974076953
44268,pop_1,3.6093697952380244,2.9179141496969065,3.5021955832355114,3.3631150611003306
44269,pop_1,3.563278099436084,3.179975742308436,2.8553132151119573,3.26901244444065
44270,pop_1,3.5164319583255255,2.9868316698391446,3.282635151419082,3.133757224298613
44271,pop_1,3.212458429441965,3.3107823833141965,2.8358442629010283,3.3439658019090994
44272,pop_1,2.937651557498258,3.078200265997302,2.820781665559316,3.70214624796481
44273,pop_1,3.5634883212839132,3.2133119425295336,2.9363029582127633,3.2850909183618002
44274,pop_1,3.2807911734418553,2.7665140918381157,3.1551108163484,3.47487084229532
44275,pop_1,3.164652844978867,3.1972887954875393,3.555085878302889,3.2700668128699673
44276,pop_1,3.985227869555067,2.959514829709659,3.2566768276843674,2.998895241144761
44277,pop_1,2.9633055698515163,3.362155541294845,2.7503551513623745,3.1651889153790025
44278,pop_1,3.408785987352,3.4348560733435387,2.527708899456763,3.869504489110355
44279,pop_1,3.2186925675908977,3.5526231194504003,2.5713336129264506,3.6582937651486835
44280,pop_1,3.316454558161877,3.054637259898474,2.9835359508282235,3.2156145139382666
44281,pop_1,3.3790377309235655,3.3608694106732973,3.4016700514142375,3.333705848820394
44282,pop_1,3.1788895232971566,3.1965724155077995,2.996622834094612,3.1361465829136197
44283,pop_1,3.014229162171779,3.040068440696482,3.13738432774019,2.630031071543703
44284,pop_1,3.340665386813143,3.4630944585597243,3.056475975693033,3.326364311961693
44285,pop_1,3.3496607007431973,3.7913411964980024,3.2279835021999523,3.315683375348409
44286,pop_1,3.125947776346334,3.0398887782675033,2.9441096181053052,3.282805846122859
44287,pop_1,3.8245066402942194,3.0598792898554312,3.116170143446318,3.2852190139373594
44288,pop_1,4.002160022164786,3.4548322558373985,3.0928643752806235,2.938380316814736
44289,pop_1,3.6508931828952766,3.6012880177384736,2.879958155660825,2.846630845914929
44290,pop_1,2.8671209853520976,3.2330216731387296,2.5057330219462455,3.5978766293377102
44291,pop_1,3.553723925705028,3.5751684851688688,2.908406226320607,3.3398276188349856
44292,pop_1,3.475401757026388,3.099216386912436,2.4108581657971775,3.3463112280970218
44293,pop_1,3.2905988369644246,2.956159462510488,3.043444717470785,3.84835235244192
44294,pop_1,3.347794091210986,3.5125098424948034,3.2457877661786405,3.0925254094473185
44295,pop_1,3.1063221097481746,3.443226036480421,2.5758200858790996,3.737515597264963
44296,pop_1,3.064006673578732,2.996096128987994,3.283138594737461,3.226730010335105
44297,pop_1,3.360213436429417,2.897574270539236,3.105610349000372,3.789883438447921
44298,pop_1,3.1735859917255156,3.175551766553964,3.23455877889235,2.9107208347799016
44299,pop_1,3.6214402322797987,2.548524040893204,3.2328237568416274,3.0183696695834716
44300,pop_1,3.5132850908817996,3.170451733157777,2.8754235979697107,3.028796660927461
44301,pop_1,3.854882503558562,3.2072727037559114,3.3130777194323,3.2526186712372835
44302,pop_1,3.5503449311401662,3.662431177211993,3.07687950505395,3.0772352411118504
44303,pop_1,3.336953858568486,3.0515768507509304,2.9959854267345616,3.2427254329225583
44304,pop_1,3.502416210259327,3.0149165397448336,3.1171805913738324,3.288037025044087
44305,pop_1,3.503486533975055,3.0046365961161343,3.0992728891611425,3.570345531875327
44306,pop_1,3.286785027334409,3.567587396979173,2.7517937152244643,3.5329807759679746
44307,pop_1,2.961852042757086,3.2403174394776992,2.893414087547357,3.265525059261439
44308,pop_1,3.217064554001931,2.8689506014858064,3.249493167683784,3.190723259281798
44309,pop_1,3.1047141310959545,2.9138925565503624,3.1679419693917734,3.6250252463853516
44310,pop_1,3.082708970755137,3.4569289223041926,2.754939200574584,3.321425759828171
44311,pop_1,3.0995409140236125,3.3034117227119406,3.085111833521275,3.6353964788125026
44312,pop_1,3.2663871287747517,3.2889332860045317,2.7021635914427042,3.404892490775391
44313,pop_1,3.4797632971007126,3.1018947282344382,3.0350031398673485,3.26336260265347
44314,pop_1,3.454903778667509,2.8756462833335745,2.96772743148405,3.2582319011739598
44315,pop_1,3.613823654348411,3.7227447411621073,3.1275595403388006,3.3910683363299854
44316,pop_1,3.4843084699762574,3.367535642964045,3.32115509464852,3.134322335857295
44317,pop_1,3.283639784285766,3.4995511280258915,2.809410688409076,3.532415239972442
44318,pop_1,3.2165602575391175,3.381996867174289,2.9498941195944863,3.0466186024146427
44319,pop_1,3.37865065438426,3.0668509041709955,3.1179759727360588,3.4905611766061013
44320,pop_1,3.1513054098442077,3.1287966777622582,3.0409571686300927,3.164603615273109
44321,pop_1,3.0148519226547354,3.176577280373005,3.0239285175366253,3.6793991987166366
44322,pop_1,3.34219624699798,3.2878193393813735,2.9279536779485937,3.4492112141653752
44323,pop_1,3.6989821627093584,3.3272996781762005,3.212802669147973,3.607879330911184
44324,pop_1,3.6606873792441648,2.743574381327479,2.898797657299641,2.9598069918387377
44325,pop_1,3.114221018238243,2.9924083246982325,3.1377767134276113,3.4052649703730045
44326,pop_1,3.3592420881313747,3.090897401354603,3.6628489477096293,3.0261619980619563
44327,pop_1,3.099010611071772,3.2144160664515478,2.9358246622741198,3.369230314986338
44328,pop_1,3.6921412832670564,3.314401207483796,3.276550733325924,3.805280063468293
44329,pop_1,3.170931508309373,3.2372993368863,3.100309575693939,3.2935174602507478
44330,pop_1,3.2246102708500546,3.05892299899527,3.185006688008439,3.0941815530833936
44331,pop_1,3.2482003385294083,3.3421249577747716,2.8808474420229766,3.5114028337488215
44332,pop_1,3.2499722846251986,3.6523259603576084,3.14863067382015,3.0378986277173063
44333,pop_1,3.1806699887569145,3.335556754128123,3.0017460909690357,2.896965134621414
44334,pop_1,2.8346828022064807,3.4600176729829126,2.760483531703942,3.2957154771011443
44335,pop_1,3.6197492848451067,2.978795513727817,2.664253002872618,4.13948560533254
44336,pop_1,2.92236658973762,3.0596427960419357,2.7070786932105446,3.427427060617034
44337,pop_1,3.0138587152892886,2.9412740461812517,3.0200454546679474,3.4177328832276053
44338,pop_1,3.1954981183873192,3.4447368935074083,3.063628876724755,3.1532497979609277
44339,pop_1,3.1598011615863104,3.179801465022152,2.875612012073332,3.1946973663443625
44340,pop_1,3.260716914111864,3.3747785290643026,3.095797949422716,3.173426401856985
44341,pop_1,3.303063329831636,2.6944680169324267,2.981821345710202,3.2688319063157087
44342,pop_1,3.753383956843352,3.7014381495772986,2.995187004400224,3.142237433811507
44343,pop_1,3.3701719433948436,3.285500202072295,3.2529786294232736,3.359536811162475
44344,pop_1,3.5680520913782723,3.169825692781473,2.8819892372093294,3.473564248225623
44345,pop_1,3.201404500197189,3.46423224556741,3.028034431144584,3.351259865345589
44346,pop_1,3.6733139241859543,3.475461002597165,3.3467483825004836,3.5032396160490906
44347,pop_1,3.4450695743697564,3.610132614367319,3.153298257108216,2.8685609763004343
44348,pop_1,3.5181376317819417,3.1810333473866432,2.8836978344499977,3.6991793773637878
44349,pop_1,3.4931829378160093,3.207259992658578,3.0376100024611428,3.5736522890999955
44350,pop_1,3.4531568892484867,3.137842288340668,2.8268112597456665,3.3478529583404133
44351,pop_1,3.625792299453017,3.0661804562573582,2.988313376234898,3.2310831088512733
44352,pop_1,3.4018110708280407,3.436383760898057,2.838139507046488,3.258097350340935
44353,pop_1,3.411850502451574,2.8665185012722403,2.7783412386825654,3.1820285272031663
44354,pop_1,3.653455387387206,3.389340569880443,3.371710471862427,3.383579408401321
44355,pop_1,3.1520693486338245,3.214179405459965,3.040009055625581,3.054309025517989
44356,pop_1,3.140173527445865,3.0162089831201353,2.8632303493684064,3.394992316758053
44357,pop_1,3.2777315336233985,3.069651984777821,3.0100053350362854,3.1398318040064566
44358,pop_1,3.219878821833314,3.050019809427165,2.982041588488299,3.131433093262271
44359,pop_1,3.1948048148135273,3.1819544067889534,3.1070765717849467,3.9670654885844443
44360,pop_1,3.5682578569100705,3.1921509534574937,3.06573017778021,2.917119252716726
44361,pop_1,3.265975304296703,3.117653839015741,2.712932450721586,3.6148563766754993
44362,pop_1,3.773470709980768,3.3750880088241,3.131220279035669,3.0941247506997467
44363,pop_1,3.1185835225135063,2.8275650654248987,3.1633044591281214,3.504226117031349
44364,pop_1,2.925240919510442,3.3225991366281757,3.2924624183324,2.8538278757150315
44365,pop_1,2.932837923999914,3.039131052674448,2.762700468111068,3.499009490056173
44366,pop_1,3.5573711799002563,3.323222545926839,3.1711490696873588,3.5438731298191173
44367,pop_1,3.248545903417609,3.164341694107903,3.2308493962894773,3.0876297209118904
44368,pop_1,3.870999018693165,3.0591529213004036,3.1685766147014554,3.478977797684443
44369,pop_1,3.2946629890447325,3.0475901588007805,2.986451303643718,3.2753839865938383
44370,pop_1,3.788621775978885,3.2656979610885695,2.681105203042314,3.6135664601515436
44371,pop_1,3.0940591830675923,3.1803204165166292,2.907970875240265,3.682754027487797
44372,pop_1,3.4394846366875,3.16201289247116,3.1836070128049845,3.2579082109459274
44373,pop_1,3.819910907879532,4.192453315546927,3.06851057411332,3.214187387335982
44374,pop_1,3.211038047721072,3.124073559193597,3.251590913778785,2.914462520067066
44375,pop_1,3.273072194748163,2.906829595269875,3.5868557945954556,3.6426031241289794
44376,pop_1,3.5740134069854577,3.0582555238169906,2.9269353266117006,3.1318965089183175
44377,pop_1,3.3064752744650745,3.432653926053112,3.098139140978219,3.213369781105923
44378,pop_1,3.5421089534853016,3.652140847701288,3.031866743096504,3.26896635198955
44379,pop_1,3.0638080582187617,3.2938322448837467,3.018425479298088,3.558489795248386
44380,pop_1,3.363646951075113,2.8392394728328223,3.0785075016436614,3.262879453799032
44381,pop_1,2.800381734101458,3.039783231748607,2.998717398146341,3.2787643698792004
44382,pop_1,3.295305187623757,2.808927491252444,3.2042098580529026,3.421002418746942
44383,pop_1,3.3262273687175434,3.117796082255773,2.8851894692853373,3.2598865713532197
44384,pop_1,3.2061109880940277,3.2226825015411005,3.082650960965336,3.141252420348617
44385,pop_1,3.9118093814214925,3.2273147985706796,3.0383681854304245,3.5845567365916042
44386,pop_1,2.784165973183324,2.891438409090054,2.6651165090797826,2.952026432074652
44387,pop_1,3.0138549523160196,3.2096868601849837,2.5942937987249537,3.6761283111874827
44388,pop_1,3.7065676120142443,2.811807877641907,3.3135960420983563,3.131291864529179
44389,pop_1,3.6666289870667796,3.306909994588644,2.8006375350307753,3.551064065158781
44390,pop_1,3.6393163675213565,3.7450292360928055,3.054699022065855,3.5304445496628487
44391,pop_1,3.2472254552847817,3.189417347871557,2.767969662835119,3.3500616649362542
44392,pop_1,3.5629876270975314,3.482950788835601,3.122356844373559,3.230027426059395
44393,pop_1,3.1961754573210124,3.2313690702867772,2.718896400202964,3.712076478296324
44394,pop_1,3.319446334361778,3.24648709680574,2.821480426856168,2.851675232282635
44395,pop_1,3.394728685360305,3.305973386925637,3.0600539894696768,3.4568240830797685
44396,pop_1,3.242872567672908,3.249908725287537,2.818589822628224,2.5981716641167694
44397,pop_1,2.9805470685856292,3.208777614521541,2.836790532901567,3.228751749612304
44398,pop_1,2.7268221674206297,3.3007392244548033,2.6257076853914936,3.2630401253427026
44399,pop_1,3.421869728504625,3.3102287872419702,3.1691680151823864,3.3583640021182095
44400,pop_1,3.1490480744374887,2.880408923314716,3.185271156967302,2.654287280828672
44401,pop_1,3.569856701680824,2.715951425516895,3.1976225929504025,3.2319724939208543
44402,pop_1,3.1283132780307157,3.7930035137201235,2.6555949152669647,3.96405491359036
44403,pop_1,3.1623336201041936,3.4480862453680725,3.204523878104789,3.4112794601628518
44404,pop_1,3.2794591188591564,3.0993780258228965,3.0247929370010036,3.133014510578724
44405,pop_1,3.363600120941216,2.8718044691073334,2.882480879593812,3.400046699906252
44406,pop_1,3.0260892866158793,3.0564014082105526,3.25623836037841,3.4683406875667164
44407,pop_1,3.569522097924839,3.1756019041465122,3.2094929007759263,3.3214957528063427
44408,pop_1,3.5978621606525008,3.025090650878556,3.010613520196873,3.76741414778114
44409,pop_1,3.111362512120569,3.353800201650254,3.0696921466797114,2.9010285351513274
44410,pop_1,3.0080137557357602,3.4434523612591432,3.0783949930940815,3.4320481130400635
44411,pop_1,2.924836314024207,2.887318323822958,2.5553764125430067,3.4964433527504055
44412,pop_1,3.3130298133360907,3.4629706828800995,2.751719143528128,3.1052462884330074
44413,pop_1,3.1163924162232486,3.017236834620361,2.5787872355275274,3.7988086226444526
44414,pop_1,3.516496015065497,3.217128280543278,3.178162490066583,3.630693573273092
44415,pop_1,3.5163461752394434,3.146915103747304,3.390535310731083,2.8193215560187634
44416,pop_1,3.369250982668149,2.9407882787748263,3.045412146935731,3.2351698757307332
44417,pop_1,3.399019765925951,3.093233639094217,2.7241134050627807,3.4706162026250693
44418,pop_1,3.836919736219523,3.4291991198391796,3.2402478739977423,2.9033151754728985
44419,pop_1,3.0422377871398036,3.0214984793479984,3.164287396652893,3.2064618013916206
44420,pop_1,3.498056713885191,3.867145032060271,2.999904536109252,3.594336451022876
44421,pop_1,3.0977381359690743,3.4551513354308367,3.029832072939493,3.1379078103615536
44422,pop_1,3.7973531718390205,3.201589553947067,2.9337938908291896,2.7699938705921485
44423,pop_1,3.078451236195987,3.3924018073159625,2.6087555687626987,2.6517160430878373
44424,pop_1,3.2232222815322746,3.1365623997910532,2.8720189154998845,3.081180299732572
44425,pop_1,3.5929194530889186,3.2373563845211293,2.923287726110803,3.236666647335739
44426,pop_1,3.485949867653155,2.6504068904657156,2.962328320617536,3.4938068387902765
44427,pop_1,3.3764630660778447,3.335160531428072,2.9915665242718146,3.589994155507578
44428,pop_1,3.2885587437058947,3.2095609298603005,3.4847378324666907,3.108461769335688
44429,pop_1,3.7574522413071354,2.9523877425775247,3.228220748827891,3.5504290754719463
44430,pop_1,3.393270124530404,3.1600182565357984,2.568275861349083,3.288606000714312
44431,pop_1,3.0432377327693025,3.107579089003821,3.070710382837853,3.0753720490492555
44432,pop_1,2.843598324330544,3.26931272600459,2.7271480467552243,3.370679317165213
44433,pop_1,3.5657459673975063,3.599611426885699,3.6611996341110986,3.364384007395417
44434,pop_1,3.1390345812626705,2.826851217733941,3.1566076706051165,3.057429370128229
44435,pop_1,3.469629029067948,2.970112820188052,2.8794758256751174,3.949243139824277
44436,pop_1,3.265705256335596,2.814994833000248,2.938451298933634,3.2985627670273834
44437,pop_1,3.11947295209973,3.165303501255493,2.976491480528554,3.2007868345666965
44438,pop_1,3.2198126202132955,3.1767966224008726,3.0371299233321203,3.2307166647085293
44439,pop_1,3.852793105236552,2.894241604980054,3.181634179719476,2.9005055893125076
44440,pop_1,3.549742702609216,3.6541904935150717,2.772030976886822,3.4609597896899604
44441,pop_1,2.9688656470647365,2.580984214593649,2.9065208603948482,3.5321477947285054
44442,pop_1,2.864528235982647,2.989262386056297,2.842226530430242,3.3899954203416933
44443,pop_1,3.356052110383711,2.963384544904027,2.9329700102162928,2.8235492375117928
44444,pop_1,2.687918608765845,2.9517280952020837,2.9782623938774426,3.4440381908135906
44445,pop_1,3.089858864928211,3.0359542517313534,2.613737828762994,3.7384613121141004
44446,pop_1,3.5844936154009384,3.5423659612269,3.065198859037698,3.0392628005080815
44447,pop_1,3.6326108083079793,3.2242636436133694,3.3465336491275606,3.1595568578226434
44448,pop_1,3.322094993597987,3.327694607539837,3.2086101927349975,3.28354981712307
44449,pop_1,3.088798575263267,2.73625639249624,2.822250895283457,3.223604869572905
44450,pop_1,3.3935069643659097,3.0122804810301824,3.3559549858427813,3.0238253508184325
44451,pop_1,3.6374554618975528,3.043377218881083,3.0803655096261053,3.313088542586351
44452,pop_1,3.612800337205466,3.4554749931594038,2.9092889873527397,3.13084451489309
44453,pop_1,3.565511225567484,3.2403918069715485,3.1655546548422735,3.2203804351525256
44454,pop_1,3.310812335782879,3.697329659359995,3.2220188808673487,2.9898797000118984
44455,pop_1,3.22678113038743,3.065911915026471,3.5391508099567552,2.833702278766379
44456,pop_1,3.4180881784439774,3.1317895992457068,2.9909475478297507,3.656663290236184
44457,pop_1,3.4062023445816583,3.297836706501728,3.14707614351527,2.882860199077345
44458,pop_1,3.065488304418806,2.679382615531556,2.949766173815191,3.4533822238556855
44459,pop_1,3.311208805167853,2.636681582484193,3.135879176619679,2.6005679070293084
44460,pop_1,3.3696679341013254,3.3192824931434273,3.330924624606538,3.432224751788337
44461,pop_1,2.891429787632629,3.1634880272633477,2.5599929073811767,3.2983283352877817
44462,pop_1,2.55287191093636,2.9025433880164737,3.1310503161213425,3.5756321075651756
44463,pop_1,3.1873510345143448,2.8451243282806207,2.7148242339691446,3.7019110559199984
44464,pop_1,3.357566797920284,3.2285567352809954,3.0531780622465887,3.2713164893173885
44465,pop_1,3.578881009978999,3.016297217331834,3.3979204309091275,2.781094805897523
44466,pop_1,3.3137671844951946,3.4275534579588505,3.014893437144997,3.2364837181570962
44467,pop_1,3.5355913124506873,3.255035649941442,2.926050841229591,3.304687537890865
44468,pop_1,3.272471093268048,3.2547387476067673,3.108395150780615,3.5552513863870328
44469,pop_1,2.975616658879121,2.8139565460202993,3.007496254940579,3.4705846700355627
44470,pop_1,3.0253669168861683,3.1194821307599376,2.547160285974527,3.4174013099876177
44471,pop_1,3.136520447992489,2.8194069847901324,2.6145997702659862,3.286357755881972
44472,pop_1,2.8735022415694935,2.8046214979986583,2.5559734300018704,2.996600940776943
44473,pop_1,3.0732448689947742,2.829549670142571,3.0784412138363466,3.179131887587568
44474,pop_1,3.6214428946069463,3.2322711093532024,3.1285864157335457,3.6162547895177894
44475,pop_1,3.201879560465586,2.673855289924208,3.0022972454581645,3.0100978522297517
44476,pop_1,3.4849352160607983,3.1626675815190586,3.2631182607511584,4.088846338145506
44477,pop_1,2.9385192317723363,2.9614279211161296,3.281983345777027,3.8514042332586484
44478,pop_1,3.0966355403865737,3.398742862495231,2.684407218590599,3.214069698940559
44479,pop_1,3.411313145252597,3.1289267495641084,2.589034775021788,3.460656688786407
44480,pop_1,2.740770155033258,3.229741561360774,3.14678072689199,3.3607303482712716
44481,pop_1,3.3367822982578024,2.8960999371341014,3.0607493680303084,3.105131773003954
44482,pop_1,3.1281502263150114,3.724229947775608,2.6147821468517876,3.1059731085140503
44483,pop_1,3.0477084040723814,3.20022106765238,2.6386812300497633,3.3371158205336857
44484,pop_1,3.4292222693791694,3.013010626520736,3.4833952218923465,3.46946475335288
44485,pop_1,3.0709210692564075,3.128487179967562,2.747906428736872,3.092919737258713
44486,pop_1,3.009536967313974,3.208186201032311,2.815296057647292,3.3888170918827325
44487,pop_1,3.2204881342509135,2.445205618585316,3.303197410597333,3.2890988682418367
44488,pop_1,2.8343628606955384,2.927574261862944,2.913259557072144,3.1899839086356963
44489,pop_1,3.2463713002756736,2.7672972194699965,2.9422867506148633,3.504112314796566
44490,pop_1,3.223598206683009,3.15703055024367,2.9958418935103146,3.4804350531460755
44491,pop_1,3.5734881104796608,3.5212736372780196,3.4454592247299103,3.248540635155322
44492,pop_1,2.816918507858073,3.1676983752622623,3.0220905220730234,3.091797023476156
44493,pop_1,3.5712999493712534,3.2267180572716847,2.9237416853310725,3.387743964386168
44494,pop_1,3.130608791684124,2.901665360496353,2.684042445206178,2.9477576977597084
44495,pop_1,3.377501438337934,3.721136380165345,2.7033381229867093,3.507197236832934
44496,pop_1,3.460312238298558,3.2746318130251773,3.3165165082667034,3.380316895186968
44497,pop_1,3.5556670445517224,3.3461674911743406,3.182382784204619,3.334895590229727
44498,pop_1,2.8034392079657926,3.10850646427851,2.917047092140438,3.6548181955527523
44499,pop_1,3.0908430270197433,3.60742877511889,3.0521554397168327,3.3599653536326914
44500,pop_1,3.2429982352302305,2.895739564771388,3.339189375488093,3.283872147361486
44501,pop_1,3.8220030954556985,3.487255348294702,3.1840622267158474,3.195664481773503
44502,pop_1,3.4389146337852257,3.1596608134304844,2.7657009314727166,3.6778134566661667
44503,pop_1,3.214714234301064,3.338051596815689,3.011925523979287,3.802573149756199
44504,pop_1,3.045631524528441,3.6955912774118636,3.3422964514746845,3.3278108103696034
44505,pop_1,3.4447835788667387,3.4002076128815175,3.050987783589026,3.4805087858414927
44506,pop_1,2.9923411959530153,3.3348246358737255,3.060705589092458,2.7475570634389928
44507,pop_1,3.1810967023330528,3.0848194885623,3.4696335608560536,2.627088254899931
44508,pop_1,3.0133213091337736,2.8508690496840514,3.165857216243959,3.4157488156261238
44509,pop_1,3.44368437168704,3.1743447981713517,3.0153802137120076,3.4647003560404053
44510,pop_1,3.1560851069193316,3.1630174151807373,3.021305767286631,3.399465740304767
44511,pop_1,3.332954056908763,2.7505237340495183,3.166703233523556,3.271071433441777
44512,pop_1,3.8972045412561327,3.4025309204147485,3.351027147555397,3.5196431343158676
44513,pop_1,3.4675443809285325,3.114340961320599,2.715182034560221,3.3190022000167954
44514,pop_1,3.438028657389768,2.8348160628309014,3.0326243460785993,3.5929602337322786
44515,pop_1,2.78586339020815,3.0605032593667185,2.715712951518361,2.8945723682460716
44516,pop_1,2.9994981691601477,3.147191037415907,2.995484971288298,3.4386325463203
44517,pop_1,2.867720677730762,2.8744135334279934,2.5551621488019367,3.445884899976918
44518,pop_1,3.459355573633157,3.29088778631386,2.7582245016768248,3.90399018182841
44519,pop_1,3.139269185867696,2.852178076141056,2.988594065785656,3.479517581723595
44520,pop_1,3.320991153232161,2.9580511957807185,2.698231542166963,3.4815561070031174
44521,pop_1,2.9034815903387567,3.4780346622526026,2.742115422925471,4.206718850778149
44522,pop_1,3.3647744493380207,3.3671836596465092,2.8213540527517287,3.4774076492320276
44523,pop_1,3.015143005189057,3.2181859029123987,3.179819204887478,3.583420257435906
44524,pop_1,2.984421766689599,2.8041216582102226,2.6423993763759057,3.718534624533169
44525,pop_1,3.1220658625221946,3.4264383299804955,3.102039050244335,3.3978778552891447
44526,pop_1,3.3034960087278233,3.211043409077263,2.9016746861712135,3.249700148425595
44527,pop_1,3.214428660436267,3.3765456242798866,2.7415844177822843,3.4611729930335495
44528,pop_1,3.6168120737233704,3.014959761649035,3.0886816825357637,3.0336689335597447
44529,pop_1,3.350920650335797,2.926424139230708,3.0850388188436852,2.9122959837750315
44530,pop_1,3.2905929098709903,2.8818322136016996,3.1015938014152953,2.872806099232855
44531,pop_1,3.1241519881451327,2.9058251342878423,3.344774587549507,2.6945955119810128
44532,pop_1,3.2659599622920847,3.2593451192231013,3.036918536815916,2.604099072515948
44533,pop_1,3.442317873642832,3.2109701066516543,3.266252530589388,3.7454552001925654
44534,pop_1,3.6342035698161954,3.3344629392730765,3.1571535632051195,3.407152273563352
44535,pop_1,3.0805785035259285,2.885255641715816,2.901789352398907,3.15247157110819
44536,pop_1,3.6297420535114595,3.227500241534382,3.096186037347613,3.5732354765723966
44537,pop_1,3.028377348667854,2.6853360587965494,2.7413612240830045,3.4454940181268126
44538,pop_1,3.701880536076592,3.0685839682944116,3.2960508826388857,3.8399317582932713
44539,pop_1,3.041099350475991,3.612601776065975,3.3553540214649735,2.868984764481961
44540,pop_1,3.3768888061645024,3.123263228996505,3.445922500842766,3.017681662427059
44541,pop_1,4.049270115770648,3.1324166432921965,2.902826200931075,4.049628737687181
44542,pop_1,3.1794830531164378,3.150243118837021,2.8448987012585434,3.110106478602124
44543,pop_1,2.9342616697680977,3.2524150197424304,2.82144815774777,3.402879887772804
44544,pop_1,3.3597863279034126,3.370765484412432,3.1230621607966893,3.6365400055770354
44545,pop_1,3.5352512292803917,3.1798416010236945,2.7084696082513573,3.4245304882714107
44546,pop_1,3.043450377667164,3.0476076631688964,2.6726298798925847,3.384353392455815
44547,pop_1,3.2614962046001956,3.3014423913248123,2.970498860894323,3.3262160242571097
44548,pop_1,3.495679469357026,3.077025058405462,3.0728880572113684,3.4196978694056095
44549,pop_1,3.7522775907214942,3.3605160736051154,3.4222227420932203,3.269319225733933
44550,pop_1,4.0183379227106215,3.161928840727008,2.854255330878932,3.823125495848007
44551,pop_1,3.325955622534094,3.4554065287615523,3.2756432849679786,3.4121987718452407
44552,pop_1,3.4293142200267233,3.4395808967342814,2.9552739116075517,3.273551568171658
44553,pop_1,3.305868311656312,3.459287355290416,2.9152390342499994,3.584224949423134
44554,pop_1,3.1430626194923654,2.695121062367652,2.412693110505801,3.808095860423277
44555,pop_1,3.576786392747894,2.9069689252391555,2.901661835239068,3.185834633596905
44556,pop_1,3.007432600630856,2.8082230153346814,2.8377272044517468,2.7472000620659798
44557,pop_1,3.5006493479947975,3.1841424307962476,3.0578647649457795,3.2685804386222017
44558,pop_1,3.2664536560708783,3.0258804157387433,3.123063076437305,3.1747975848453427
44559,pop_1,4.080965897047818,2.9968596985823632,3.2740750446232316,3.4086981514149723
44560,pop_1,3.4804584920076307,3.2226853511439195,3.467826994958508,3.186643607542607
44561,pop_1,3.1604179301562123,2.8702039661331518,3.0143777432774512,3.592681272027068
44562,pop_1,3.2245746008045626,2.764013199666172,3.1159898248789464,3.1091314201045566
44563,pop_1,3.3497467872659272,3.2176561360037375,3.193610333061411,3.177791057659976
44564,pop_1,3.451908723172811,2.788151262182811,3.0944242702061477,3.5777266519040682
44565,pop_1,3.4239487626300487,3.387228201510667,3.0615694308074235,3.1932953388031162
44566,pop_1,3.0218388146906885,3.198938948810561,2.9448859855474327,2.9752894117076893
44567,pop_1,3.7702565366566847,3.2685949187741645,3.080535851288775,3.8198691429221316
44568,pop_1,3.5118378097274343,3.222530922699968,3.047720727446836,3.4131433231847903
44569,pop_1,2.957022429275557,3.0758362101152414,2.830757274306307,3.154210684770041
44570,pop_1,3.4191451118377523,2.911086230507145,3.5558451795648773,2.953025066304975
44571,pop_1,2.984966907100395,3.2570310382942114,2.913834480883671,3.2430316695802976
44572,pop_1,3.016731820179628,2.795425601656233,2.7786659017643145,3.2347833885823465
44573,pop_1,2.9141356907700278,2.6726945947586795,3.157077812523788,3.4475337212543247
44574,pop_1,3.7673186996926105,3.0985040775738346,3.117946440632891,3.158189333498164
44575,pop_1,3.4757614565728856,3.189244046678446,2.959906713661978,3.2702555742189476
44576,pop_1,3.2234982972705426,3.1375082341121487,2.869650043034544,3.0529073004340863
44577,pop_1,3.2098614710235,2.984747223033361,2.6846988358358157,3.9060096713618426
44578,pop_1,3.528702477684785,3.448611324047503,3.175433324384749,3.200342879686794
44579,pop_1,3.3625314408501117,3.4032384582861783,2.8801829610530945,3.2746367049595406
44580,pop_1,3.526460874505918,3.3587407072608584,2.9936719434491077,3.37933049195294
44581,pop_1,2.9607953031531826,2.4798614322234602,2.8379995916964114,3.330603428011959
44582,pop_1,3.1251260684947497,3.164910437530448,3.2983997068916797,3.4928900309177555
44583,pop_1,3.4776410290862456,2.687723167029877,3.2331352993967393,3.31726817338518
44584,pop_1,3.385650901568158,3.4377846847081828,3.2683136731093505,3.4677568314141682
44585,pop_1,3.6299993066323375,3.3331487519690004,2.9012612104100692,3.621906390645688
44586,pop_1,3.1501803143645524,2.8395549837943244,2.81898199876622,3.042617668859464
44587,pop_1,3.2900237405953585,2.811880601668015,3.090332602223635,3.1637700627046246
44588,pop_1,2.9228817247572283,3.2253570133497798,3.03317640715762,3.3471606266714735
44589,pop_1,3.025488666262607,2.739912451367408,2.9576282454143272,3.356954934409647
44590,pop_1,2.890206182836601,3.236998196728688,3.3313541277888845,2.9153992484137286
44591,pop_1,3.356873388626131,3.3394516742949234,2.8774111940915277,3.19570463916307
44592,pop_1,3.3050960789575217,2.737462326580718,2.95880109566681,3.532981355602384
44593,pop_1,3.127553718712428,3.310988797873872,3.163308631311156,3.810123307385936
44594,pop_1,2.9955551676161667,2.9830325610618433,3.1704399250737847,3.3615688585968266
44595,pop_1,3.5862479283714688,3.1773068640499753,3.2797587001597313,3.045913887676893
44596,pop_1,3.5207873347631153,3.808266091869854,3.1714238411380866,3.210039294491504
44597,pop_1,2.747257393149545,3.135495864791993,2.8132225436232834,2.7852657468124704
44598,pop_1,3.2734273372965044,2.7989135858679126,2.9135528403244284,3.6354945226095547
44599,pop_1,3.9041264577037613,2.891430000977344,3.242618479430397,3.439077469071962
44600,pop_1,3.0368800636562594,3.02222780132271,3.299526894477723,2.96881812838724
44601,pop_1,3.163292483260967,2.785460459444175,3.06980957087651,3.239162505963463
44602,pop_1,3.4410010858498654,3.2537653622679197,2.9652427222589517,3.2464795061929097
44603,pop_1,3.128734496852481,2.6020933578267234,2.725032382224334,2.9523039695047286
44604,pop_1,3.3788925210791927,3.3974183305867705,2.623084237515018,3.24334405116871
44605,pop_1,3.90794798523683,3.2868757284594063,3.1391512690052092,3.3349591279279265
44606,pop_1,3.7763893778599487,3.2827759591897476,2.8078151811030843,3.247346586865098
44607,pop_1,3.2026346899007074,3.4338720191433887,2.9234914773508907,3.2821242168457347
44608,pop_1,2.7987150116242034,2.926723826600565,3.2665793368172795,3.0642297922962403
44609,pop_1,3.3404519977431226,2.7216561385740916,2.9724942828857057,3.543410697045152
44610,pop_1,3.117942152939227,3.4450383824349586,3.1054137536396818,3.278882847533257
44611,pop_1,3.272264514634199,3.0933637581991453,3.2571853099936856,3.341491306340024
44612,pop_1,3.221349642461276,3.284965286074374,3.0186025509948187,3.331027648669467
44613,pop_1,2.971628415902742,3.3026872102076994,2.7953594629012803,3.4466694648236733
44614,pop_1,3.7782892899017795,2.804899646977669,3.1511181350206896,3.3665972344673296
44615,pop_1,2.9479820210983587,3.1937330849533523,3.057167402775524,3.378917821413879
44616,pop_1,2.991575067385093,3.241771632790698,2.613518610191447,3.48479510021751
44617,pop_1,2.7825250375350463,3.252365417700344,2.6891802400934224,3.8007768733935428
44618,pop_1,3.0284054290559843,3.1370467512949882,2.6300640198468037,3.2576739591155257
44619,pop_1,3.1623692516492654,3.2343295856873904,2.941798298020288,3.277488355017604
44620,pop_1,3.318357648829818,3.7203604305375215,3.0263697910476086,3.6351146261459903
44621,pop_1,3.366335756859234,3.5620483587862757,2.893774857959727,2.9167766230430408
44622,pop_1,3.4134020973654127,3.2022290484941958,2.72198965404676,3.468120060754683
44623,pop_1,3.663570905924096,3.409934072936431,2.746801458281551,3.1630742974477983
44624,pop_1,3.4861793440639866,3.6761280062168202,3.2568935320725116,3.3045825014089947
44625,pop_1,3.2568521359771214,2.794488710248754,2.6185242752430145,3.4723946605906892
44626,pop_1,3.623027910633783,3.24518844206914,3.1678382726273275,3.576540031564796
44627,pop_1,3.358307121349839,3.3069802935588117,3.666141463065518,3.3967910162313752
44628,pop_1,3.435633359439606,3.1118969262726948,3.036886105426647,3.922882714532113
44629,pop_1,3.7642747145347486,3.510758392210347,3.2107917178341214,2.7319428614321817
44630,pop_1,3.572235606704252,3.3083994637450918,2.949657747683326,3.3275844506377577
44631,pop_1,3.4197760994638107,3.037653132142185,3.032650211379142,3.046292837228252
44632,pop_1,3.3418566627628308,2.743424100120048,2.973623896752383,3.741873729586474
44633,pop_1,3.5521282881733325,3.389747212111777,2.7684098394210013,3.691904258530308
44634,pop_1,3.136519670918123,2.970481681396711,3.1270695559292374,3.3807557390826304
44635,pop_1,3.9769230734732774,2.9700725031181863,3.236765752875429,3.3534743030122347
44636,pop_1,2.680070882485756,3.1517739285494253,2.798565856936495,3.155381475170943
44637,pop_1,3.300504477225562,3.043582573853721,2.9723129300251694,3.281055491885785
44638,pop_1,3.3115177590992526,2.950625130828149,3.105689898346025,3.598184855060785
44639,pop_1,3.2968709296724996,2.8942975378772813,3.253836964205665,3.8941942492239714
44640,pop_1,2.921377049692299,2.7521613715615043,3.244922307406195,3.6733004314262243
44641,pop_1,3.283196359432448,3.1870109091280843,2.644805497448391,3.4451458939942525
44642,pop_1,3.1504968781977456,2.567616187860315,2.761058564977761,3.591336983436641
44643,pop_1,3.1085275325828996,2.921235710527502,3.2062421315075755,2.6913790427946336
44644,pop_1,3.2978788933569687,3.7582469438978365,2.6840240812954037,3.419956260421418
44645,pop_1,3.2389616890230317,2.9218808465802093,3.1982512585134493,3.1264154587952637
44646,pop_1,3.185066183901421,3.290742953305568,3.2679370597045483,2.7618173959083294
44647,pop_1,3.457305924778567,3.0453767879541296,3.317545782941037,3.5172248260309433
44648,pop_1,3.9281571534336117,3.1195415916690417,3.313154719864709,3.5904121056373124
44649,pop_1,3.5784678080925865,3.097385214967486,3.1948282578123304,3.3819610859725198
44650,pop_1,3.438283790820785,2.9924898182724027,3.2609384866785254,3.378969403322134
44651,pop_1,3.2613822772545227,3.702899629761031,3.2749274945337783,3.26952768540888
44652,pop_1,3.196379902995628,3.4653529434847807,3.0246629561887386,3.8286345175087693
44653,pop_1,3.443993741259682,3.066050429730007,2.5731324140000016,3.4703134256645503
44654,pop_1,3.1668761376097367,3.292526253732872,2.989819469312028,3.0240337437220814
44655,pop_1,3.5918182246473958,3.5836087128116754,3.2473896285006707,3.3154516817466124
44656,pop_1,3.258260694137716,3.1395207723160516,2.7887829833231543,3.6325601150107847
44657,pop_1,3.3074311279443784,3.3285821122327137,3.0030566370169023,2.9064733912270193
44658,pop_1,3.228082820193635,3.145167681728385,3.2064000098565466,3.286083876640678
44659,pop_1,3.0802861112046367,3.0645031345946157,2.8722470846609647,3.5417483257913704
44660,pop_1,3.7429446881580937,3.084942501253556,3.0497841050799335,3.2152820384464307
44661,pop_1,3.020650165743572,3.167757069446807,3.1377159493845266,3.0239464613578866
44662,pop_1,3.1225211586625723,2.810005658103285,3.0843161306375473,3.6743527661891986
44663,pop_1,3.6537326034792112,3.104279200644673,3.0075142964241697,3.055553619084819
44664,pop_1,2.9873171425791547,3.2631684051953664,2.740707324443071,3.6689500131252393
44665,pop_1,2.9346896908129168,3.184671823296719,2.846563927384173,3.424469672033765
44666,pop_1,3.147354096160068,3.2228892152927457,2.8516681779084143,3.5989452184996926
44667,pop_1,3.6216889326046813,3.7208316513528477,2.8595156284138117,3.4333540231176043
44668,pop_1,3.751284110571052,3.373218130308755,2.9538248355136374,3.379834549139142
44669,pop_1,3.101773600066163,3.159817829349473,3.3083903039757896,2.7923491896521857
44670,pop_1,3.069150455621479,2.855955451156861,2.944606786215432,3.437298425998225
44671,pop_1,3.1032023435750076,2.739701486618268,2.792796884800836,2.748427729055819
44672,pop_1,3.090968659446944,3.18931674792371,2.928611670654782,3.6684362247810545
44673,pop_1,3.296063839807804,2.9452808027035964,2.6271011223851444,3.4007327543088555
44674,pop_1,3.222710006787643,3.5925023254509307,2.8095531479143925,3.4795730873731947
44675,pop_1,3.61973726874481,2.673064220485719,3.250085379874524,3.635975546614776
44676,pop_1,3.5096644090215574,2.5170720710016923,3.288593175993418,3.18148822542477
44677,pop_1,2.876834535221227,3.361808140927746,2.9462999835426253,3.2134387329890384
44678,pop_1,2.9194984930530556,3.232415334651949,3.195428150293344,3.716629200259617
44679,pop_1,3.4386121295132126,2.9191307807886466,2.892332757898107,3.167973054921696
44680,pop_1,3.415044228073009,2.9476921055439864,3.139992632185221,3.2419934879800527
44681,pop_1,3.785035729544543,2.900982221332228,3.3810922671633032,2.951814009997252
44682,pop_1,2.968918543822843,3.506814539328581,2.834998264712264,3.384029926017368
44683,pop_1,3.001496060974388,3.2713152599771558,2.668073400930327,3.6038496466079177
44684,pop_1,3.476020175126902,3.0079499807568126,3.048370597087867,2.9689648722942823
44685,pop_1,3.232443140892965,3.4481309350247344,2.7088779955002407,3.01840813968362
44686,pop_1,2.8227660171294082,2.910880704329055,2.716174647873207,3.3834658670280073
44687,pop_1,3.4870168691559362,3.169608193384054,3.4947817669164274,3.0848479097888175
44688,pop_1,3.112633227020478,3.0393687767003956,2.5016869529347696,3.1999135859735075
44689,pop_1,3.3802247367467078,3.144828444839789,3.0587426537802216,3.0196071968936065
44690,pop_1,3.426854504225333,2.9487673859658714,3.1972095327688,3.1579788965785824
44691,pop_1,3.2442688030145184,3.245048878770971,2.916231577837061,3.605798331892737
44692,pop_1,3.63350863897019,3.676949414691494,3.0565203902454177,3.13675475875308
44693,pop_1,3.1298059075041325,3.0175886924546518,2.578738974156734,3.8268161609396154
44694,pop_1,2.921392996254428,3.0349767467898583,3.3293279501324755,3.050240636731051
44695,pop_1,3.0302556939691323,3.1589295050644406,2.9434059350280415,2.9921304394164787
44696,pop_1,3.638715150328176,3.1771484079603804,2.996549876496144,3.4740245042946665
44697,pop_1,3.3965613920879036,3.3062881441733687,3.1394046465012337,3.046558404106426
44698,pop_1,3.1678251884582904,3.16225586508616,3.2173681558834537,3.255440727922923
44699,pop_1,3.3773217021037936,3.0592605562605937,3.05472036834878,3.166830316944901
44700,pop_1,3.8443363890897957,2.9536186351245264,3.0431866777836367,3.3465956234309786
44701,pop_1,3.0552504311981368,3.075671711570858,3.0884289433514507,3.1377602352361724
44702,pop_1,3.345899513812699,3.2443245430599004,2.736010085990894,3.4036515118847195
44703,pop_1,3.0451651521865464,3.5158947820318107,2.8289371497046716,3.2127998364877466
44704,pop_1,3.170877379725752,3.5846021268213963,2.91273493499796,3.492302237756953
44705,pop_1,3.021438435337141,3.1615592100889973,2.7566750013777397,4.061115215325977
44706,pop_1,2.8723195696547856,2.9194393415230557,2.651562262414888,3.169470327608029
44707,pop_1,3.5583706984239662,3.717111209626423,2.90063784854166,3.247561374732559
44708,pop_1,2.9874030409298102,3.0721503451495695,2.968561424995824,3.097060812997535
44709,pop_1,3.1444544235478062,3.0627680550363845,2.654298296684235,3.3064698693748973
44710,pop_1,3.276962916288919,3.356905157026885,3.2046768680404387,3.146718972658811
44711,pop_1,3.708392388612463,2.9919082323963075,2.9469648026567206,3.4892326009099808
44712,pop_1,3.4642374167332814,3.1392325648073336,2.9811981016033524,3.5490786559705207
44713,pop_1,3.063051074327557,2.7525815739047537,3.2136793464543087,3.5420876903265257
44714,pop_1,3.175979105190893,3.2328272598038796,2.691373888364704,3.313913655185543
44715,pop_1,3.4600709693915745,3.1303628816443774,2.9250393003026938,3.428271234184591
44716,pop_1,3.293728385543265,3.0818438002766984,2.94669796869858,3.095729052126417
44717,pop_1,4.0260062571026225,3.6282051903307,2.9253304775634987,3.318124296623917
44718,pop_1,3.735614117997896,3.531671665751859,3.1554210539726033,3.082865416687115
44719,pop_1,3.240022809695751,3.1013950272971615,2.8847151363394756,3.3670127017994
44720,pop_1,3.59829209311281,3.225343398217651,2.7235887339715723,3.1749899239691186
44721,pop_1,3.205994220544596,3.0360443231832788,3.249857254381059,3.2877357995222987
44722,pop_1,3.292532526611241,3.639082047411605,3.1821348185056424,2.9923699076439476
44723,pop_1,3.657675923413737,3.2042531576043145,2.8462706285854242,3.4672994607639884
44724,pop_1,3.8265118275112573,3.3502915857671662,3.3089298828558165,3.526320936086031
44725,pop_1,3.296631162498227,2.950255962207374,3.0336178646567062,3.364011772982961
44726,pop_1,2.958535184593579,3.3591236574845484,3.0350524799365766,3.3109751043570297
44727,pop_1,3.7382230237474894,3.1095224754832946,2.953987409045352,3.4372214810850004
44728,pop_1,2.9683489256906923,3.0786253788719864,2.7598277675788956,3.205978535733258
44729,pop_1,3.0369765007937666,2.7427308731068702,2.8618669037592834,3.018060378470554
44730,pop_1,3.5568352596303994,3.366443290936871,3.090431858188596,3.6336056559431835
44731,pop_1,3.3200455701281593,3.0919444971453665,3.1185179971271664,3.8775071302655073
44732,pop_1,2.9540904341845304,3.023569376433626,3.16560605048353,3.1657804392627127
44733,pop_1,3.625947094719726,3.0371847315962044,3.2246010849106757,3.5156294693828842
44734,pop_1,3.4437727837960908,2.5574973753312245,2.9698555323786677,3.35191606006287
44735,pop_1,3.2724979264137675,2.5954424140149572,2.8605097071462335,3.540427393320614
44736,pop_1,3.4839116161923824,3.254279535287769,2.7637349759666945,3.999793268813712
44737,pop_1,3.0687653234176886,2.8248993980275094,3.046728285903362,3.499993774146458
44738,pop_1,3.3347226592203443,3.496549639788606,3.1892267220194794,3.556129129759354
44739,pop_1,3.310342748715956,3.0653311317822447,2.766126901529393,3.686951400837938
44740,pop_1,3.169245350671698,3.5973462760879538,2.580734986764241,3.0757908247421426
44741,pop_1,2.982080462557153,2.959110575922118,3.054623566799961,3.0152503372360053
44742,pop_1,3.792737602766188,3.2689517542922206,3.4086698212257263,2.9255233134371523
44743,pop_1,3.5730863803380855,3.0387708200842747,3.498536476612373,3.481047517568411
44744,pop_1,3.6624995679412824,3.2747136881945473,2.8423575487492214,2.9057935239765156
44745,pop_1,2.8423137778311505,3.0965524672304126,3.0700521327931356,3.356751495343691
44746,pop_1,2.964593766830203,2.8695514374133664,2.618612456309173,2.953372179021499
44747,pop_1,3.486021061749825,3.5537683089352994,3.1424634831302183,3.7446796370734265
44748,pop_1,3.687051883883672,3.226689400963213,2.937768614273764,3.070096256900591
44749,pop_1,3.0962288010489556,3.1872744189790705,3.0526687691353227,3.032164522773948
44750,pop_1,2.841131935309311,3.1472896627264433,2.851215006144656,3.3936295104810563
44751,pop_1,3.411482805720691,3.3563285678222337,2.9465806833192585,3.1902923301248354
44752,pop_1,3.436594632819951,3.3822753725948855,2.954213487963617,3.0111886061370052
44753,pop_1,3.384906395164274,3.310481581875537,2.7122806424466863,3.6615136793301475
44754,pop_1,3.6596204623110986,3.351667382701606,2.942678352329859,3.2166686485867344
44755,pop_1,3.385421909373122,3.2726653611258065,3.0741977003841208,2.8834598700257024
44756,pop_1,3.2528327757589115,3.5962200199106387,2.716796712334935,3.1385295847589054
44757,pop_1,3.3917087345815786,2.886501624071833,3.2568499592523295,3.148878142638841
44758,pop_1,4.054499529848097,3.52184489657194,2.8785224781445216,2.8630778924674827
44759,pop_1,2.9588454476610684,3.3105051614061787,3.368330613959873,3.284432415772197
44760,pop_1,3.0259806123406454,3.2540036704745567,3.159207972716347,3.322261078435052
44761,pop_1,3.0773612886254824,3.457875836420579,3.0942936566958155,3.5910174677635998
44762,pop_1,3.2985555787298995,2.8815304076140573,3.060159387964341,3.0398396843471924
44763,pop_1,3.693269176825144,3.3080747478338783,2.6849842494794043,3.5308487038899954
44764,pop_1,3.385497815881139,3.4852370822954306,3.0664053995982163,3.3474777920268157
44765,pop_1,2.890433311074271,3.34728633556734,2.689503633614535,3.4847549601688486
44766,pop_1,2.966197076843875,3.3829672422503756,3.3210264614164284,3.3111835910345238
44767,pop_1,3.707735622019117,3.1592815969263253,3.295550487261754,3.5005525949449576
44768,pop_1,3.2596520793699515,3.23560693511049,2.9447956783126488,3.5188446600118515
44769,pop_1,3.708270724130815,3.3936116663285247,2.9450642222513443,2.7934606044518473
44770,pop_1,3.5992830817744865,2.857464804253608,2.9135933264342886,3.234583316469561
44771,pop_1,3.1485455340742,3.30196515997971,3.0412314551437043,3.2682674656662085
44772,pop_1,3.112168366496525,3.0436476230480043,2.8671639740475405,3.2056615304189857
44773,pop_1,3.597664751453824,3.1158794463852897,2.989700719309894,3.398878070278157
44774,pop_1,3.120958415197886,2.8622072928259583,3.126707484361496,3.6514359168107786
44775,pop_1,3.1644102081832868,3.458934767862315,2.6674781264872225,3.6584053940860763
44776,pop_1,2.9603351019124755,3.067822653596821,2.836771198585657,3.1008857227095947
44777,pop_1,3.5610856103992323,3.24020744034991,3.2025746071304995,3.253501477003022
44778,pop_1,3.280107813837859,3.35924233749954,2.9746327111983693,3.3150602225982237
44779,pop_1,3.1723042004666406,2.899271339712433,2.655818193249726,2.9519639538875673
44780,pop_1,3.3867366151253884,3.4130960255634464,2.636359384898393,3.13996122621506
44781,pop_1,3.035168663632036,3.3704064285755284,2.76318060249752,3.3641604146085897
44782,pop_1,3.465227280597821,3.16933867026782,3.013286607332807,3.385915479447583
44783,pop_1,4.1446088976410564,3.196974656489361,2.9642802716481547,2.8084302946843995
44784,pop_1,3.378016597586659,2.962381723159551,2.9002814848667717,3.1191359489797104
44785,pop_1,3.0313826733957234,3.363637318479391,2.6913933758982576,3.078376639027811
44786,pop_1,3.1674265013991105,3.2327936958919725,2.9328747083687037,3.3360020861311637
44787,pop_1,3.476318238475255,3.3704119556311922,2.8960995192450674,3.4431833176765845
44788,pop_1,3.5705783459162794,2.930280869815764,3.3881226289458763,2.9035711794093055
44789,pop_1,3.223725886039193,3.9328501173745507,3.318315577846668,3.3144037305359144
44790,pop_1,3.5261868588982197,3.146025925457098,3.1830547005209935,3.522150580493924
44791,pop_1,3.108613811913303,3.171129518637719,2.824747972410438,3.3852712180320306
44792,pop_1,3.596071573885257,3.3304011163713154,2.840433262299911,3.20401672353742
44793,pop_1,3.3087742783493943,3.25415403513082,3.206562294556659,3.216075363346503
44794,pop_1,3.1828278245880104,3.2052344922348284,2.8034031068779597,3.805183165061751
44795,pop_1,2.8300255274285746,3.053393235443387,2.998252793124152,3.449087851645882
44796,pop_1,3.253596908276299,2.975409860781431,2.970593072578897,3.4606834879834145
44797,pop_1,3.400133311195723,3.2640850973865687,2.874620680684074,3.4824365784066638
44798,pop_1,3.426981743309525,2.8458810292635905,3.186484849706979,2.696876226026505
44799,pop_1,2.8509932488537153,3.619060671296315,2.589386784127153,3.13276333171986
44800,pop_1,3.3093525311512453,2.896351896743643,2.800161278703071,3.2275220215120854
44801,pop_1,3.3206494915378495,2.882578035236956,3.0238732908655845,2.957330456588107
44802,pop_1,3.3262425234512016,2.9472642211938456,3.2123738892167966,3.4792219503216364
44803,pop_1,3.3800360955189177,3.262589494808854,3.1627409703371714,3.320719423484913
44804,pop_1,3.69165400804795,2.812187976991033,2.97717405389544,3.1970807432302872
44805,pop_1,3.2889431839417567,3.4640059411040665,3.1734124014281253,3.2184614301402408
44806,pop_1,3.1867187772106296,3.4306767243858802,3.1028339950127184,3.103540607857555
44807,pop_1,3.329445962085002,2.857574122004251,3.175688064743052,2.968664776990335
44808,pop_1,3.1555429265072603,2.762614054417183,2.96374557727605,3.2962528332218795
44809,pop_1,3.3396024581038093,3.5241454642284946,3.1031476493601566,3.5182941481700265
44810,pop_1,3.244984522479079,3.5170602246251597,2.1325742346289314,3.3210144278378206
44811,pop_1,3.603698758575709,3.280421024202298,3.1031771323945394,3.316891890565718
44812,pop_1,3.046958645070043,2.63287417707787,2.891038816518315,3.0487220236501464
44813,pop_1,3.2382570164630553,2.690522691990478,2.710559166206683,3.6508289204825752
44814,pop_1,3.163837275309153,3.1078271758619196,2.5639436152568513,3.474136758663159
44815,pop_1,3.115836135940822,2.7476141344864584,3.0477626891902623,3.4247251734236572
44816,pop_1,3.324505449479773,3.7854154970483362,2.988283142447227,3.031036422980233
44817,pop_1,3.5087054968205993,3.6281912932098668,2.960099227613102,3.3421156012762396
44818,pop_1,3.4069095750411083,3.0302520965290953,3.4269765913986285,3.013420231484331
44819,pop_1,2.675728379444059,3.2236901099327424,2.6254024009831767,3.6861316560746955
44820,pop_1,3.6076744781512704,3.1258183996979167,2.8805031565381816,3.1568757403230903
44821,pop_1,3.0184340823298785,3.126773343767892,2.7590983880916515,3.06680627666231
44822,pop_1,3.9045989350176376,2.767158445170405,3.203953050043889,3.2083728610610596
44823,pop_1,3.064195800389471,3.481712417738418,2.968564624165302,3.0665107511352603
44824,pop_1,3.1861365685007432,3.2907758345492373,3.2708895040700128,3.0335957216274023
44825,pop_1,3.516439832968371,3.039824155973906,2.610626668956587,3.8482401924527374
44826,pop_1,3.3019807134024406,3.2266817780251693,2.9020736216573257,3.342814118688597
44827,pop_1,3.70044651265133,3.416167985064825,3.600804588188226,3.423668068711532
44828,pop_1,3.189797815220796,3.3262709321611106,2.412791638102277,3.945103317118971
44829,pop_1,3.125071844145377,2.6828131366035417,2.54275953286375,3.3135301263917833
44830,pop_1,3.415679229323376,3.085744262061564,2.6423554164334946,3.3341975370606836
44831,pop_1,3.0072021389890544,3.5712034305253377,2.8811836232995836,3.1389509995720792
44832,pop_1,3.0944418769159276,3.2525401593847785,2.8689330834278133,3.037508005578603
44833,pop_1,3.155893680161718,3.2305577140213653,3.365081589378507,3.3293881822385023
44834,pop_1,3.73493275027846,2.960386910955801,2.971187655012574,3.004848442639876
44835,pop_1,3.942163700912073,3.069592617132136,3.1334998714093354,2.9500045328851594
44836,pop_1,2.9754155968729012,3.2634013316658,2.2914508142304113,3.4625204854854568
44837,pop_1,3.0116845893363036,2.7147407162264203,3.494234041758787,2.6148927014917587
44838,pop_1,3.6614738621648777,3.082319925705556,3.1039397478622632,3.667150658690273
44839,pop_1,3.338229471379448,3.122979840324406,2.9397160549407575,3.2514802549008586
44840,pop_1,3.5863730832442036,2.877040221100689,2.8803621628219642,3.356564525966854
44841,pop_1,3.520935941954262,2.833912105687409,3.170193106874774,3.66702618389529
44842,pop_1,3.130799132502166,3.1639822732866887,2.9899350161314158,3.6909316832924115
44843,pop_1,2.762669822883574,3.4557995525834415,2.953711370361521,3.8667587584715117
44844,pop_1,3.796033717370434,3.5208629167832526,3.407864783106168,3.093938293828764
44845,pop_1,3.001781171678939,3.254608050133773,3.09898699432025,2.8490702683824667
44846,pop_1,3.1250214920993615,3.038321191501173,2.989285619351705,3.016158464896411
44847,pop_1,3.2368726292741083,2.747471264059106,2.9620716024790177,3.0005250996312784
44848,pop_1,3.6089520384482072,3.054578848881873,3.1826165299618334,3.3493980115457838
44849,pop_1,3.182727204261981,3.5901661694746503,3.3686020804213,3.0668317298202075
44850,pop_1,3.158169646907331,2.8612132676790583,2.994079696834234,3.3926011447958855
44851,pop_1,3.3002115543746977,3.8055996450379324,2.909267443697807,3.2702451218240958
44852,pop_1,3.028666168491684,3.035380489003634,2.899210111790691,3.291810250900896
44853,pop_1,3.4888800716177713,3.0869455883903187,3.640974537659632,2.9760595155829326
44854,pop_1,3.1108907780472013,3.0617184300685216,3.3377125938219563,2.902676968185723
44855,pop_1,3.4969546705721055,3.5266514086960044,2.8177349817262543,3.5335994380296487
44856,pop_1,3.1636050165645364,3.0017218237360326,2.28265465367612,3.398608573786956
44857,pop_1,3.612995837990161,3.304448017823682,2.994979968711228,3.5977374699177282
44858,pop_1,3.352766452864314,3.587766188123959,3.33328983566662,3.2678007953724317
44859,pop_1,3.485130101635371,3.392579832839153,3.2714651642921875,3.335863246585054
44860,pop_1,3.758245785252619,2.7878100236885,3.1025962956855047,3.3286078874121565
44861,pop_1,3.3753488699707863,3.5930616587715596,2.8614301503563833,3.736157491756575
44862,pop_1,2.7561926561854615,3.098919816924419,2.80714552786455,2.851821832992026
44863,pop_1,2.8722200635286748,3.4890144199567343,2.801136130229191,3.718160065254088
44864,pop_1,3.716582914223903,2.8279113782068244,3.312672224074626,3.4440546389267386
44865,pop_1,3.509431440787128,3.2954276679341716,2.770710502179772,3.167121897607126
44866,pop_1,3.4113692548362753,3.1277655798881843,3.1950177644348905,3.124552041103904
44867,pop_1,3.109576379371413,3.1186512588802744,2.887730750958323,3.3256048639263738
44868,pop_1,3.008673305999772,3.4811170840126096,3.3771699251494702,3.1629259047166336
44869,pop_1,3.2788013408074397,3.4493347648289547,3.0897097083557328,2.942956761071398
44870,pop_1,3.077789492266461,3.099566499444976,2.8692932164735865,3.3429530129166043
44871,pop_1,3.224577713115187,2.5113161263332966,2.9529817602783153,3.0115560507609493
44872,pop_1,3.4947800539312524,3.3635058836443337,2.975233580203737,3.2594188340994963
44873,pop_1,2.9563724355738965,2.9615097178407495,3.378996603082673,3.1571419757051697
44874,pop_1,3.020163575018643,3.4181241318237796,2.7707836952074376,3.4546438223268363
44875,pop_1,3.2708173461622794,3.0329076305120877,2.6875910669460894,3.2882741964970323
44876,pop_1,3.340295371885255,3.1152335728819356,3.0895699791447613,3.3403781450035623
44877,pop_1,3.0014750105195227,3.383255113220497,2.7164165194958825,3.3758751700809664
44878,pop_1,3.067350780247891,3.231537997765281,2.4429108608875225,3.7399635627865893
44879,pop_1,2.5562955964562737,2.9727259095670773,3.1605769448987537,2.7453755311091177
44880,pop_1,3.610570159383971,3.3355019461777142,3.3150356605789453,3.434047163186442
44881,pop_1,3.475676218629019,3.4752901770954807,3.1275624454366935,3.3736055873784396
44882,pop_1,3.001647117495908,3.3113424003024803,2.7329426876272027,3.7559611375184403
44883,pop_1,2.8676714844600566,3.627433205456955,3.0495595592473648,2.901100395375633
44884,pop_1,3.0640180503307124,3.368398180034124,3.057060199066147,3.2258540235911695
44885,pop_1,3.408842374048801,3.710301028793879,3.3195248436432605,3.481213100648677
44886,pop_1,3.535471558364806,2.7984086093206693,2.7678765197606348,4.049230421432889
44887,pop_1,3.6176248288333155,3.083670108381313,2.8902421331320824,2.7658102351060605
44888,pop_1,3.0799419146592073,3.073005144266184,2.731774130874128,3.3442442575620372
44889,pop_1,2.9951287051937174,3.2962513516001275,2.513023055151122,2.9976515983623484
44890,pop_1,3.3295653859211267,3.3036249040607513,3.280906530359815,3.2712184275893015
44891,pop_1,2.9741883811981156,3.0848045022730606,3.1648281820966124,3.0288703873202736
44892,pop_1,3.151843646170997,3.364798187788984,3.059375720049606,3.201960793450939
44893,pop_1,3.8901115581716397,2.9606875297650115,2.799058264272613,3.395795426314874
44894,pop_1,3.060685246330514,2.7904274517352565,2.902496532551244,3.4270090887544598
44895,pop_1,3.2760516038873373,3.1359536009501183,3.1022404572475657,3.2508341267731238
44896,pop_1,3.2650228511755164,3.2061865945943344,3.090739970788013,3.4838906519032236
44897,pop_1,2.9233345065814307,3.3206044018592094,2.8127534306575552,3.2517434042452273
44898,pop_1,3.870270157308515,3.751244677606631,3.447692584346303,3.955294840538022
44899,pop_1,3.4664224698352792,3.3313806780966604,2.940129869240724,3.2577534724811423
44900,pop_1,3.107520951526372,3.3066437513967837,2.8896962850456833,3.48955271017518
44901,pop_1,3.1693166756318414,2.663782060827917,2.9338979832411156,3.6003988394434714
44902,pop_1,3.280311320418633,3.6600000747470967,3.118940790329195,3.0704656434387747
44903,pop_1,3.4888856841386917,3.347486558891906,2.5904054298541035,3.608044681961588
44904,pop_1,3.2957935631322735,3.054782495353107,3.4373312843247863,2.906384366344814
44905,pop_1,3.260349469530424,2.8451118845989742,3.2470018510738585,3.2270186648284858
44906,pop_1,3.5665353836410687,3.4522894135945448,3.1852540031468513,3.465303606052882
44907,pop_1,2.8888183589787944,2.718864866105435,2.957591229890014,3.263046914387528
44908,pop_1,3.539421457473689,3.5474435622063853,2.7841872454796417,3.6705299403618805
44909,pop_1,3.259613732070684,3.1023241885992334,3.0896378174247006,3.345034039021891
44910,pop_1,3.509715880082281,3.3008644830948817,2.9766827626429255,3.2840152636282225
44911,pop_1,2.9807602546913685,3.5246354759273197,2.9660619051734733,2.710307469684433
44912,pop_1,3.318384176754451,3.6733582132417566,2.7687322108613994,3.6576568929944466
44913,pop_1,3.534769920073319,3.5496819957194754,3.2029100270755038,3.060774524460586
44914,pop_1,2.7429825503425658,2.73130298981474,3.3264119913148344,2.919249088889111
44915,pop_1,3.4313316422453135,3.0880233838811333,3.037528797180276,3.262664250393412
44916,pop_1,3.4170691653063154,2.7785727878113464,3.0817991719602924,3.4938064875553128
44917,pop_1,3.651840001574231,2.995767735989229,2.617011812158047,3.610188455402627
44918,pop_1,3.449065667535592,3.1230827431234065,2.138724271993765,3.702778924126642
44919,pop_1,3.4557142948173647,2.9086512853609854,3.087928309020472,3.3649354871290673
44920,pop_1,3.233618500162296,3.2918126552691334,2.8393300343411654,3.4814965969774527
44921,pop_1,3.372883578635639,3.256168516314739,3.003702639198687,2.7690217780446957
44922,pop_1,3.1125110714179027,2.882103371576775,3.2342063696225143,3.077232434060686
44923,pop_1,3.1516067069515445,3.0137559983144495,3.465556801285744,2.752979112417968
44924,pop_1,3.520196017404112,2.977721813374039,2.9192713572646705,3.044802647898956
44925,pop_1,3.1462517749463403,3.424808175081092,3.0425457782637,3.087819809483728
44926,pop_1,3.0928038618596223,2.9148796815411875,3.0731847923040987,2.8916741764286957
44927,pop_1,3.1933325039886773,3.341493432462924,3.1029726844026215,3.4142990211813244
44928,pop_1,3.0273506801731553,3.212596748844663,2.9291434064695254,3.449131011459876
44929,pop_1,3.253155830970691,2.935076123858543,2.8843900582454887,3.587364092708398
44930,pop_1,3.4943377620378344,3.3000086662606494,3.5256911955241517,3.1119343786283022
44931,pop_1,3.2600484183809884,2.9024428632034125,3.302283181179921,3.1712248644583876
44932,pop_1,3.36786936003535,3.2302848777806044,3.1578579945856813,3.3316891711679744
44933,pop_1,3.4463821686434613,2.967358897389995,2.7901409288539947,3.671781232794568
44934,pop_1,3.5277145315665046,2.9290552323433876,2.5383999876963452,3.5990091500856916
44935,pop_1,3.2712399952398648,3.1283890119091065,3.582342720607092,3.3958754126083077
44936,pop_1,2.675977254539885,3.2599270880451403,2.740669448152237,3.6994345220725897
44937,pop_1,2.832569114312918,2.7495439349673068,3.3308119942450216,3.1650080612295795
44938,pop_1,3.519484764706196,3.0563676837708877,2.7990634560566177,3.256027740147083
44939,pop_1,3.04925008719188,3.4600494891876385,2.573290529610997,3.4277813306773792
44940,pop_1,3.51491463290883,3.2007462317201316,2.9742769127377326,3.630301263148757
44941,pop_1,3.5175409013952468,3.53520265319223,3.1029467070058425,3.1602384656354205
44942,pop_1,3.387010301896189,3.3952208905947625,3.2835609366232354,3.4588292064668904
44943,pop_1,3.3813514749597906,3.281042572238745,3.2534087066523596,3.2768407001089916
44944,pop_1,2.2786435814605945,3.394729004497695,2.8053716776240316,3.6260517845097273
44945,pop_1,3.383300214360874,3.4108526553650944,3.157782032739159,3.238612554104385
44946,pop_1,3.0241934552569267,2.9231439938454105,2.8829724670773436,3.6057790540476726
44947,pop_1,3.473937322931643,3.0160151786949747,3.289063675368218,3.3694380269250135
44948,pop_1,3.2323220251327145,3.2363150612769864,2.9112689083338714,3.426876114129715
44949,pop_1,3.291359583962714,2.9350813140961085,3.097878402406646,3.467323821548171
44950,pop_1,3.107559455073072,2.6587438252927176,3.219985777461344,3.491900834224947
44951,pop_1,3.4562977421889522,3.124833711873155,3.080172851659358,3.306639456512424
44952,pop_1,3.998725189005583,3.281043871468472,3.0874252470586385,3.5432530360061625
44953,pop_1,3.1450119464066875,3.339347010124492,3.0620079437752836,2.895885964701153
44954,pop_1,3.2242364982100717,3.0796652268571574,2.7554758583266965,3.6754514446490067
44955,pop_1,3.470455710996351,3.4124696197340314,2.9015534525711177,3.8773536122880805
44956,pop_1,3.0336214512330133,3.4984886492722556,3.139549011671933,3.364417951535266
44957,pop_1,3.0083625866780896,3.565027630603619,3.394585761616998,3.1076724866050145
44958,pop_1,3.3808128157782904,2.6136464420542898,2.927945747310216,3.2845770632737596
44959,pop_1,3.3575892185785308,3.394276052168596,3.1950351711695553,3.118625749890634
44960,pop_1,3.309425571573883,3.2290155726214387,2.7222882412766864,3.13473593677258
44961,pop_1,3.3757689761342777,3.7122718186277255,2.926633150631085,3.618794433003812
44962,pop_1,3.0984032801808046,3.0082236710752817,3.3983877858756735,3.3934139802690417
44963,pop_1,3.172480377304514,2.7693103514925186,2.847484898013209,3.81025850706683
44964,pop_1,2.7923434948518535,3.2281525128864668,2.9623712116042578,3.450723807471309
44965,pop_1,3.4432563971575885,3.1553321121439923,3.3037761872050666,3.0675489204130413
44966,pop_1,3.3852761583492277,3.2588029484846244,2.938056122188513,3.679975049142396
44967,pop_1,3.429949599713542,2.7512149358775657,3.294036857084578,3.5848349214257227
44968,pop_1,3.428340477820259,3.240080017707697,2.994040503660844,3.1449051922353917
44969,pop_1,3.3762365372407257,2.9709562263821363,2.782458400070536,3.014844134089993
44970,pop_1,3.156006101357849,2.874296410596946,2.942478534990485,3.2522715949089243
44971,pop_1,3.1548312580321634,3.308012774972806,3.2456022832520235,2.974828511966044
44972,pop_1,3.5220569240988646,3.2846911478514222,2.6840836946809685,3.1295792926200576
44973,pop_1,3.365154442983015,3.336242685390769,3.4713858429832545,3.3575079100004968
44974,pop_1,3.189871060870053,3.047383340042647,2.9090747595396063,3.2420361422655546
44975,pop_1,3.262557580411627,3.1632364415782357,3.0094909384891064,3.327781449765954
44976,pop_1,3.528505487796513,3.0054506611441907,3.088280899852033,3.4150650753032163
44977,pop_1,3.7442122438959884,3.5273158578371078,3.3284039621857144,3.650021099923265
44978,pop_1,3.3345257674605207,3.182926139196224,3.1839328395126607,2.615335979322878
44979,pop_1,3.6935958645096054,2.8544090439472285,3.011187111552252,3.2353650874594684
44980,pop_1,2.962245444545564,3.248426757069635,3.322555171899456,3.296552670977868
44981,pop_1,3.0490625281428905,3.1248814943758396,2.6933739399935535,3.528160249881985
44982,pop_1,3.1628285194000028,2.997289897888342,3.307816415520693,2.9899471286324926
44983,pop_1,3.529755112641295,3.3600727027693766,3.1975441702486163,3.175502373654359
44984,pop_1,3.683414765053526,2.9620307750442203,3.4092427334129836,2.9981614905619516
44985,pop_1,3.4438198737883496,3.1984375356498336,2.9557448848784125,3.3560078463778926
44986,pop_1,3.166890346728133,3.1576095513124782,3.2194240141369184,3.446555210422185
44987,pop_1,3.8888620706989485,3.9122945481141675,2.8311736659941094,3.3898073439516243
44988,pop_1,3.347146105214663,3.004608233470286,3.4367482263208986,2.7472928652896638
44989,pop_1,3.458698544700695,2.890250160584307,2.84230682758804,3.414217648422966
44990,pop_1,3.452384741247848,3.0896721460766026,2.738292546655926,3.018085313054912
44991,pop_1,2.9308167578334987,3.1065010210213924,2.733758681011565,3.422867312907954
44992,pop_1,3.126049410833884,2.980604088856939,3.107848400519111,2.9675111253008644
44993,pop_1,3.061577738204046,3.1017809154267,3.001759953658829,3.396789906324307
44994,pop_1,3.3660547468893482,3.302853202364914,3.1970339857187797,3.3945502963677416
44995,pop_1,3.3450671675511314,3.1190165639239615,3.1803107942694306,3.251583774665133
44996,pop_1,3.243431233639399,2.9990429353906363,2.6466659215513664,2.9537021790848157
44997,pop_1,3.511274026896615,3.226939247061363,3.1784383861044523,3.2481686592242505
44998,pop_1,3.617536734274943,3.177126323674161,3.027572681880591,2.9196397187559895
44999,pop_1,3.6625847763009816,3.4783654117489324,3.008249790740059,3.2897974020711303
54000,pop_2,2.965533787758896,3.220499594321616,3.790879204152964,3.0862747081367603
54001,pop_2,2.819914656216941,2.841699503184011,3.597125059322999,3.1224123770559187
54002,pop_2,2.614289705863846,2.573158463232331,3.1298060521902005,2.578846117328442
54003,pop_2,2.6567407717660747,2.9823344735966417,3.1328400628565176,2.9539474493030253
54004,pop_2,2.820598957724859,2.6225202033579254,2.779602725404862,2.366069711640161
54005,pop_2,2.693343019002623,3.3762792842462184,3.3579151854297935,2.992853578099403
54006,pop_2,3.2425233128472923,3.2349798279144704,3.439599537100539,2.4424188870907027
54007,pop_2,2.681828168063046,3.227068437554459,3.477659624344827,2.7120468061228546
54008,pop_2,2.9726626382021406,3.0409225366647585,3.9817124582414074,2.619237499970007
54009,pop_2,2.6547442579963296,2.7557524990963422,2.917615817374857,2.945873554962039
54010,pop_2,2.730622660152439,2.9139246136772097,3.0548474084076136,2.733897890594162
54011,pop_2,2.926971910516341,3.5034785906877133,2.7118872942666936,2.7656833524244746
54012,pop_2,2.7827984486982444,2.6133708261590867,3.536282110891331,2.286258065478304
54013,pop_2,3.3160174278840175,2.7503640315245415,3.054320146740948,2.5062646143486917
54014,pop_2,2.8526629903983007,3.2072911734105056,3.244212416816623,3.1356550977491113
54015,pop_2,2.8526381438936412,3.0462144743235737,2.932000323016091,3.0418633246955564
54016,pop_2,3.2380544413531465,2.9286750192546878,3.590351443794767,2.573294539597564
54017,pop_2,2.8578572013521315,2.925732727658667,3.2176402633789274,3.140593190893961
54018,pop_2,2.9505266714407448,2.7033265172935765,3.801223729183719,3.483236970032994
54019,pop_2,2.9929797877621893,2.631197752162626,3.118405101988574,3.110764215349004
54020,pop_2,2.7195314224765657,2.4362183398955946,3.049412211724836,2.5685200730464275
54021,pop_2,3.064080596548322,3.092989361811509,3.377282507283726,3.0107776754220765
54022,pop_2,2.7871898358044382,3.027022986865075,3.129485106664346,2.791529737616649
54023,pop_2,3.000398063206313,3.079689436147068,3.509845005631545,3.341202900672449
54024,pop_2,2.9825208025233825,2.237770213293963,3.5891824649771427,2.46905309427715
54025,pop_2,2.705077669859144,2.9379519453421317,3.0826988949825846,2.551864433567092
54026,pop_2,2.5308037342364584,2.753356017429004,3.3536359815489916,3.1016245898471757
54027,pop_2,2.9318741361976826,3.3878972220031156,3.1123425052274887,2.6787481315000337
54028,pop_2,2.734866031375676,2.601758418590957,3.355928525832821,2.68554391981236
54029,pop_2,3.0548098557111505,3.098136654606668,3.8752474053135915,2.602651820192823
54030,pop_2,3.0083502445498276,2.932115770844065,3.4842067275710016,2.5007582036105513
54031,pop_2,2.98025808277165,2.964629856162551,3.342048911588061,2.7242219007084088
54032,pop_2,3.2514546174869627,3.148442934689598,2.908711773305426,3.3519774523397907
54033,pop_2,2.8019452337350854,2.8545086512948328,3.648735517558899,2.778277372677316
54034,pop_2,2.466873944348371,2.942491626125432,3.652015824055439,3.324726899756043
54035,pop_2,2.729480033735822,2.8201437104737463,2.9530309983494636,3.08099142206039
54036,pop_2,3.139936725918836,2.983741543198774,3.68776532677118,2.351948860791612
54037,pop_2,3.3551559606665506,3.0481593592924217,3.3900966901674745,2.7845546538826538
54038,pop_2,2.9511878856990768,2.9644078034389247,3.085411324584058,2.895584304163516
54039,pop_2,3.168137677138584,3.2108116402345037,3.6731165514423467,2.313953892908194
54040,pop_2,3.038069940590922,3.022177997053018,3.5684254876785935,2.9062476550010903
54041,pop_2,2.622823213910199,2.8868374124296996,3.3520666469157043,2.295115598065912
54042,pop_2,2.767761623360931,3.367166619666821,3.3374793810673804,2.782960286903667
54043,pop_2,3.430343410295243,2.9848412957213237,3.7639109646233004,2.901441716803402
54044,pop_2,2.686587158927124,2.8108494799450696,4.121010595879894,2.6361667441058385
54045,pop_2,3.3339921818952676,3.066592582054306,3.6134672578758336,2.6814357511473115
54046,pop_2,2.6654630486618167,2.9905988743612393,3.1472737466811105,2.9213237121803055
54047,pop_2,2.5583370354198403,3.2397068662628272,3.0987594812113963,3.575853937575094
54048,pop_2,2.675255906256452,3.001813655631479,3.3106657400650064,2.5675512736447295
54049,pop_2,2.5483826150712376,2.8173975385007606,3.564449992383983,2.9755428484640705
54050,pop_2,2.466870603883719,2.9991402383297237,3.493824419773076,3.047149630300884
54051,pop_2,2.721655823160777,3.002269486200706,4.104619798728694,2.2809416768839403
54052,pop_2,2.7330946169871186,2.9073171505837285,3.597920399269906,2.26565588258021
54053,pop_2,2.7312032083620603,3.4351844105550793,3.357465099209414,2.8509453217628136
54054,pop_2,3.2887130222374803,2.687855465565834,3.319654984810436,2.6495076010788705
54055,pop_2,3.0239629770004965,2.787515463016497,2.957172376663692,3.041213622101094
54056,pop_2,3.138402040611417,2.8741394640599167,3.610742877792803,2.799655557832641
54057,pop_2,3.1309082023190036,3.1221129392917657,3.5291978265376653,2.4836544546831614
54058,pop_2,2.979373050928919,2.6947695235018974,3.635640221256816,2.8536207912888405
54059,pop_2,2.7791800179340167,3.046163319926164,3.235543136041793,2.3700001555053603
54060,pop_2,2.899939771903538,2.568481583213395,3.163431263461298,2.4138262026212316
54061,pop_2,3.59905363637547,3.3413560519785555,3.3269910436412333,2.268125318391521
54062,pop_2,3.01447249010474,3.043546800124413,3.640886844689229,2.494676900140121
54063,pop_2,2.7867012534953814,3.1517073039906367,3.3193361604610994,2.629524699018628
54064,pop_2,3.408092611579404,3.083372649491292,3.7310721489933187,2.769919986687981
54065,pop_2,3.069796906212031,2.641551731848825,3.8564441800240488,2.6608356586869526
54066,pop_2,2.4540206071762523,2.862153050311486,3.314010695585447,3.113195376603391
54067,pop_2,2.6819792769466746,2.775125653597652,3.1273242467863738,2.7837471849698106
54068,pop_2,2.965390183492051,3.278819989216923,3.8951067097277305,2.2567487212758897
54069,pop_2,3.1453327232930337,2.6440781649968237,3.3462888313810355,2.507399311632838
54070,pop_2,3.228500778391466,3.148725303483171,3.2853442357026266,2.5639335189726693
54071,pop_2,2.508419836738571,2.6184163508267497,3.5215940993190786,2.6578066934573195
54072,pop_2,3.2587767602545052,2.9845955207075647,3.718877717102777,2.6740930136357446
54073,pop_2,3.271997012208367,3.0730724351083336,3.534981088281433,2.5200187186151064
54074,pop_2,2.839958354896258,3.379951361379756,3.111879394259346,3.169933757970133
54075,pop_2,2.4547868037385956,2.9464775496596083,3.4666050642905657,2.7826023570333005
54076,pop_2,2.912153122329381,2.7769591589847242,3.284121030948353,2.7568300260584007
54077,pop_2,2.9419411042254167,2.8102598032150063,3.135509283265527,2.8269140620183038
54078,pop_2,2.8888299125895602,3.0040215807280033,3.71467420148521,2.818390735967803
54079,pop_2,3.2693663275846614,2.9549304758853556,3.023032188833247,2.8324596554672836
54080,pop_2,2.9418064080197777,2.85115315830355,3.2208567147439675,2.973861596638335
54081,pop_2,3.1286332105618277,3.1007702127238725,3.6397608047303516,2.7229348448430475
54082,pop_2,3.07132423436745,2.9278279056433454,3.343362390462018,3.1422861372841795
54083,pop_2,2.9793367915222144,3.343635933393784,3.5243761399148337,2.4821698768294107
54084,pop_2,2.805005288857806,3.26167205838825,3.532864813786591,2.509530644829572
54085,pop_2,3.0585972640982977,3.021820709351515,3.3067426159132314,2.2344702204633977
54086,pop_2,3.0474570361262567,2.9999971835763244,3.497162629263671,2.7685935191894364
54087,pop_2,2.9640704471840413,2.521605646070228,3.9602241663742728,2.8728584684320806
54088,pop_2,3.0801196094449192,2.7560781534010337,3.5421822408022927,2.90802130766405
54089,pop_2,2.9772186247831804,3.3507599136741315,3.1637146222711814,2.1881584598143187
54090,pop_2,2.7746497954952716,2.831847304339159,3.6193534993471324,3.233024338783932
54091,pop_2,2.7771529370887813,3.1865657004858705,3.6478706939875014,2.3342441119270863
54092,pop_2,3.3566542033002733,3.1767421405998975,3.584713098171748,2.7135292445425283
54093,pop_2,2.9019332740289996,3.052658342861427,3.351506730845168,2.659645780867351
54094,pop_2,2.879594434651088,3.18179576748105,3.1500979448905313,2.720316571794732
54095,pop_2,2.775432788528876,2.9358032878208906,3.2331391451505374,2.700883431893964
54096,pop_2,3.195997081448766,3.010444047871727,3.337979402423285,2.9506903650651357
54097,pop_2,3.040218526183443,3.205037639311659,3.1287116482214956,2.7072613618253323
54098,pop_2,2.9249081089530478,3.346680634532488,3.395354327728083,2.3572994912030345
54099,pop_2,2.938336625058392,3.183198238816619,3.7294327087542958,2.2377977260110584
54100,pop_2,2.6950622007869596,3.1723549621265588,3.6984847298242385,3.216072544768058
54101,pop_2,2.998441152029372,2.828183206705733,4.040946619201899,2.8542191744090872
54102,pop_2,2.884105170003043,3.1063306556127963,3.747308398871062,2.7602800100525164
54103,pop_2,2.883113252149198,3.1432549111887287,3.3975144974467133,2.4221000820727365
54104,pop_2,3.12703552477301,2.6288789480149566,3.5165737447014407,2.7920994704630107
54105,pop_2,2.849054034230751,2.8597133212994184,3.3095269394828923,2.6503620220158064
54106,pop_2,2.78232532557937,2.755814716155005,3.3395326117293407,2.499105412303143
54107,pop_2,2.9197511036311163,2.72793051358385,3.4954520715347677,2.9498512217073882
54108,pop_2,2.8384457714486926,3.2203228288679706,3.48373199246798,2.76080937621327
54109,pop_2,2.8032645133455882,2.8629884751034065,2.958599344252693,2.496266966649238
54110,pop_2,3.047128624169501,3.241590944303248,3.6568568720983943,2.800945309409823
54111,pop_2,2.5897314593597867,3.1014064377746724,2.8237447552644115,2.7546236026462116
54112,pop_2,2.8823056876513014,3.0103287425076863,3.6370364765793513,3.2459281296027145
54113,pop_2,2.8387786857254538,3.0036219818261465,2.887996849043945,2.543326417763312
54114,pop_2,3.6222126140067092,2.796609941106737,2.8834779846245135,2.6856736334889644
54115,pop_2,3.028594631552496,3.1819405482005756,3.237232545315865,2.3620425872789776
54116,pop_2,2.751261746855557,3.191028350331268,3.0880733386020753,2.7997809966689817
54117,pop_2,3.0608963188122202,3.046538941763418,3.8458502011533557,2.4831143171433845
54118,pop_2,3.3658414436198285,3.152486594876395,3.172557400644849,2.544766784546712
54119,pop_2,2.9572910304087805,3.1646335124860365,3.0682748296297198,2.4549832788608303
54120,pop_2,2.7756163178688302,2.7440210172526056,3.8929066536463877,2.366443810073299
54121,pop_2,2.959735062820579,3.0819550261957556,3.5445626069803207,2.796314971079471
54122,pop_2,3.1873105721508748,3.3986714092306203,3.6268537278804756,2.5151044213772384
54123,pop_2,2.5869431784855816,3.4526761666579207,3.931697583242432,2.753514834960868
54124,pop_2,2.923631859072529,3.103274617346592,3.95653683916457,2.9777680039411263
54125,pop_2,3.0464945901445173,3.129752042569003,3.4108069880028222,2.937356841052414
54126,pop_2,2.7275487635168103,2.9199044476496065,3.024570745314956,2.9687450954428334
54127,pop_2,2.6904967623364353,2.8491881515225637,3.205057768930515,2.5063864452281384
54128,pop_2,2.760783925566779,2.863233943594593,3.034008418218524,3.390054316667402
54129,pop_2,2.992137825740752,2.760287245240758,3.267556691169439,2.823875483947648
54130,pop_2,2.92004476915287,2.8572387975063673,3.1705440356870493,3.024306887990443
54131,pop_2,2.9357665548491463,2.9421825513063737,3.4585707062442355,2.490827049853249
54132,pop_2,3.1076466476242004,2.928933849109683,3.317847378509597,2.60642692488976
54133,pop_2,2.9188497662552177,2.5904834888908885,3.5158503830715135,2.756027957284428
54134,pop_2,3.3080490470379993,2.870709122360994,3.445448437572201,2.7075343199977326
54135,pop_2,2.8970634382209237,3.199192989451553,3.218738757317731,3.2550379430304863
54136,pop_2,3.3400849998542688,3.3227873037511446,3.5563428512452373,3.0716908500629345
54137,pop_2,3.242823510430396,2.814646799450295,3.2201726705562277,2.9663831724955756
54138,pop_2,2.9858437877289745,2.990702703602317,3.3621251760258692,2.4731293531984337
54139,pop_2,2.7356633939292134,2.7236369477112974,3.6880810376112185,2.8944346051240304
54140,pop_2,3.0399819084324866,2.4565372129300735,3.2811380030499784,3.212832317299592
54141,pop_2,3.029071401890922,2.9601407326865044,3.3229359448390072,2.72987269572241
54142,pop_2,2.6947397767155232,3.271274283010834,3.4439632371662254,3.1787396936999444
54143,pop_2,3.0850969963947596,2.572682893222517,3.7017776599497796,3.0254618620925346
54144,pop_2,3.028105976451137,2.6627434762688544,3.4701422575225727,2.6662616806942565
54145,pop_2,3.019055915149681,3.202893736618861,3.2562167884918263,2.4506979217753178
54146,pop_2,2.9384622849253197,3.29172014171991,3.3380876584924906,2.8025610131013856
54147,pop_2,3.0315614305444583,2.9951489963437785,3.217512918369197,2.7031978553145897
54148,pop_2,3.0697140535889216,2.732119216192571,3.257226101081375,2.6390043562438166
54149,pop_2,2.758350309373775,2.9660239834132636,4.062737218541026,2.7553013706755274
54150,pop_2,3.161773702292054,2.5920975790241614,2.8347890529795916,2.943750486017953
54151,pop_2,3.1212048534127272,2.915229495403084,3.4453782264734687,2.4819269205227847
54152,pop_2,2.6334471031538462,2.9025716417532132,3.602395218605056,3.1222096841502993
54153,pop_2,3.178912771732731,2.8371724196976444,3.3956058915926297,3.1497965548798144
54154,pop_2,2.593855906505073,3.2224586778077335,3.7355883528891445,2.8490166447396454
54155,pop_2,2.8636096487405314,2.781972589781328,3.4369996217925607,2.673816585882297
54156,pop_2,3.0261668532563863,2.6655227523263374,3.107112784229963,2.7778243438947743
54157,pop_2,2.9839811841731287,3.1250236967632157,3.287232344208283,2.618500839658771
54158,pop_2,2.653961350360516,3.016587450171627,3.6063940483582937,2.497567735726157
54159,pop_2,2.7651765624868814,2.9935616872502617,3.401651547486978,2.421933695854005
54160,pop_2,2.8539530300965756,3.0708209884864806,3.433471228989296,3.0202060496091274
54161,pop_2,3.0926226008693924,3.12321517454301,3.9116071476754386,2.7909756878505534
54162,pop_2,2.621046245529858,2.9601930952299202,3.47719701609949,2.7841062384863093
54163,pop_2,2.8615707495947986,3.0515697940207214,3.240425155287078,2.754868460703405
54164,pop_2,2.7535175586975824,3.1755413108725485,3.1949877827370474,2.145137915780806
54165,pop_2,2.896488341677266,2.77572626140877,3.635746098450055,3.032235992672342
54166,pop_2,3.107639084947262,3.0236313916448294,3.255564873297253,3.383072360205266
54167,pop_2,2.899695316463559,3.587904904192031,3.253027848353763,3.0928646330483494
54168,pop_2,3.0393057149481613,2.776595366057006,3.110379829946052,2.6479019367396806
54169,pop_2,3.0913526909500635,2.6673579265726186,3.2243129464964744,2.2913975383344503
54170,pop_2,3.2231054618112718,3.12225286633859,3.0498873145535406,2.443803615850004
54171,pop_2,3.146423822355586,3.2731667448704047,3.089384412479863,2.294522341636165
54172,pop_2,3.410442924946329,3.094522046442128,2.878362295029432,2.710813738117862
54173,pop_2,2.877209093902264,2.8670375021304015,3.3252303917980326,2.570003238492449
54174,pop_2,2.543457402884293,3.1540056030248236,3.569971787330284,2.5386173920263286
54175,pop_2,2.8242936578710425,3.130130648538657,4.087643672268196,2.4662449581139403
54176,pop_2,3.181725360456239,2.959907553148151,3.5982173940382953,2.9193096224208164
54177,pop_2,3.291717508720729,3.050247464151116,3.889140940496003,3.0735725806858074
54178,pop_2,3.1085364600699137,2.9493134338901514,3.5017342062104695,3.3801923591384138
54179,pop_2,2.7807560405452905,3.2187359325000684,3.266634165916415,2.6098022238900254
54180,pop_2,3.1519581407761366,3.1315482469535416,3.4118168358589998,2.287356055181239
54181,pop_2,3.002147485135681,3.1522507451797153,4.012348612851978,2.362550160877001
54182,pop_2,2.8252513318065997,2.771313346117559,3.227530886677464,2.884260234532791
54183,pop_2,3.0360499811580848,2.9222388019128234,3.5998372415536966,3.0854458598328898
54184,pop_2,3.0802639829230762,3.111622681756186,3.209960752339956,2.847536106864291
54185,pop_2,3.033646030172705,2.6256119323985505,3.3217134157880412,2.5227958008951017
54186,pop_2,3.2874483450275216,3.101686573778786,3.9248784081847004,2.5007797822912723
54187,pop_2,3.213901198412643,2.8650964149050604,3.4478653737327956,2.0867648574894275
54188,pop_2,3.21505927266889,3.266034592431241,3.7480847311274883,2.7348919834118592
54189,pop_2,2.8751046826081583,2.772325869020058,3.77074715572713,2.6618452432091444
54190,pop_2,2.597194530897363,2.899869819190526,3.507752175127663,2.311411244188126
54191,pop_2,3.006237941010478,2.837718692697763,3.1387957160815576,2.8549794164441042
54192,pop_2,3.288264071920339,2.593404566677412,3.8758078653768937,2.8585012207622933
54193,pop_2,3.124259781976829,2.798032357687933,2.9328380425399656,2.728492647458019
54194,pop_2,2.9935020168315587,2.88203579014067,3.394861665828715,2.7175921921497097
54195,pop_2,3.0027726884381756,2.818382754769157,2.8510140539830395,2.822319765534226
54196,pop_2,2.8294754036373715,2.8809032856598127,3.5664107791843445,2.9458396053177744
54197,pop_2,2.746257142680967,3.0080384702533607,2.7660954996716365,2.930307914616781
54198,pop_2,3.4123172238119364,2.461274696645971,3.4131524569981884,2.9096256134661607
54199,pop_2,3.1054205876702152,2.871814678051969,3.6272210629026826,2.9499471329588958
54200,pop_2,2.9175145134412444,3.0388811462816947,3.698888692515432,2.862776327553589
54201,pop_2,3.0673320518553893,3.229800896183774,3.489894595473449,2.572437581094632
54202,pop_2,3.348370172283154,3.1972029254518617,3.4512645762046223,2.6821758598455334
54203,pop_2,3.2233403844117463,2.998582246750499,3.498867289153147,2.4093222792114872
54204,pop_2,3.0685408097497975,3.319025150848031,4.045762793454287,2.9273974199024577
54205,pop_2,2.726869992337866,2.9801948810163665,3.252322468157792,2.7231159270582452
54206,pop_2,2.9537687994666824,3.3429863662304586,3.7663753307788945,3.144891274858989
54207,pop_2,2.858309049816178,2.827097702258388,3.8625133691340277,2.7666272583733136
54208,pop_2,3.051498904620401,2.9031727485243013,3.829363431405961,3.0964817025063747
54209,pop_2,3.516809550284426,2.579829300894235,3.1053808231918167,3.03481245258439
54210,pop_2,3.0044630338567515,2.89279466038268,3.918162138713309,2.81528520728104
54211,pop_2,2.885625443405803,2.969252806951885,3.0999654623736244,2.5409697272881644
54212,pop_2,2.836166900300922,3.019931320506941,2.9306404633523244,3.0828147112554123
54213,pop_2,2.887957861041767,3.15875127832995,3.40292839714355,2.9372770782205726
54214,pop_2,3.3382729840791887,2.5481272160280066,3.2432339120496194,3.4278529235921136
54215,pop_2,2.566836585986465,2.513436905195807,3.721396237469465,3.5039458401180346
54216,pop_2,2.462495627938752,2.9009877705364806,3.3838897065691493,2.8822524350642587
54217,pop_2,2.9889784637857293,2.9480724812739156,3.3138687420655284,2.6634125608535775
54218,pop_2,2.902482031380227,2.7273220176367454,3.260875725329415,2.577978779308483
54219,pop_2,3.1138973785218735,2.9870301933203356,3.811274478728665,3.0492388086600695
54220,pop_2,2.7696525609795413,2.8442091805246994,2.673746747961856,3.225732214683044
54221,pop_2,3.3073056958285347,2.9701880222187076,3.2904001459504206,2.136718716851884
54222,pop_2,3.09779329686606,2.841068655237848,3.65775826998645,2.5174295840253778
54223,pop_2,3.145713208690679,2.643029121020682,3.0837508312970767,2.9286347169843463
54224,pop_2,3.093562598577152,2.9120109537151055,3.007025013718193,2.656082783618737
54225,pop_2,3.0792009509155203,2.599553429653956,3.2761433604669077,2.4816540234796025
54226,pop_2,2.712261946030584,2.6685031479953074,3.545453652280698,2.9037889048199372
54227,pop_2,2.834149320385224,2.836329819864851,3.462537124431222,2.467229528606818
54228,pop_2,2.9412738568478596,3.076273590070488,3.107693092964951,2.7255721961425516
54229,pop_2,2.9993926640198585,2.700147100897006,3.6544540798686382,2.987408045632518
54230,pop_2,3.046892584519077,2.7691691310891318,3.755711390109113,2.664863344277586
54231,pop_2,2.4218643917844576,3.1702532957097644,3.486173607589617,2.614893415664166
54232,pop_2,3.015502128586496,3.111890200592362,3.300418897955251,2.9810986417723866
54233,pop_2,3.218943638300757,3.028334997504336,3.4491380436304113,2.9051744139942013
54234,pop_2,2.826081378723371,2.8228906845430677,3.101987104197015,2.935109619916921
54235,pop_2,3.1018962971162596,2.8240751626510354,3.071509537250999,2.2779010904699004
54236,pop_2,3.111972153500593,3.0711232206200902,3.7082302083539624,2.6376589227316676
54237,pop_2,2.728717831415923,2.618008081458834,3.8290210612968414,3.0062497565301998
54238,pop_2,2.5032609360195957,3.002005549858737,3.547887735822262,3.32803598901778
54239,pop_2,2.9784559276265155,2.96441940285141,3.5381170576987144,2.521575206808318
54240,pop_2,2.853677831254707,2.753955140315865,3.657670890264481,2.890554630863289
54241,pop_2,2.838352435572871,3.078966525070186,3.874315558593396,2.8077730510739753
54242,pop_2,3.3189117663714978,3.0252616855690984,3.82325252678342,1.9729299081227878
54243,pop_2,3.359141914151706,2.9306481032720066,4.011239935678069,2.086779299015439
54244,pop_2,2.7867619362792344,2.868018893666833,3.3781564148699834,2.7902127948032036
54245,pop_2,2.4868290578518084,3.1968445224569626,3.5815422892082216,2.7261951243612392
54246,pop_2,2.885319106227356,3.112524535061533,3.6654638725612925,2.986555211783779
54247,pop_2,2.9394346299714664,2.966191537255809,3.333659191974167,2.6244938608306105
54248,pop_2,2.838658651278639,3.2059012063348487,3.6715022024601516,3.2413628377416357
54249,pop_2,3.109776908706161,3.0958579238233,3.4805867852499737,2.94121469868845
54250,pop_2,2.8310901406702804,2.77405690899957,3.538742814662459,2.4276803887825813
54251,pop_2,3.206606832638207,3.116055925509166,3.510602780716565,2.9048470400649804
54252,pop_2,3.1399134619856204,2.8420351061375806,3.0911717243704646,3.0460533594832087
54253,pop_2,3.2785405115614292,2.6026487859606595,3.414750892923864,2.6584140404382373
54254,pop_2,2.8640578260126004,3.0023332984515996,3.824009931963441,3.010816063951312
54255,pop_2,3.1056915228448463,2.868445187222373,3.4198669269416637,2.432353688321955
54256,pop_2,2.9105487332927673,2.5500952926333347,3.875841775427643,2.927347275006832
54257,pop_2,3.2054837100843305,3.0604675769323455,2.934566780817917,2.260070151308412
54258,pop_2,3.2797214072792134,3.358688957366925,3.9684763043409825,2.4156798176183383
54259,pop_2,2.8122324858652967,3.1706085472993855,2.9672719546880986,2.877307997659396
54260,pop_2,3.1076909988823793,2.878534118191431,3.3562326927378385,2.3510640776474614
54261,pop_2,3.381666358316714,2.8915988424849046,4.043121439866577,2.422446541293409
54262,pop_2,3.1563639666201193,3.0433893869175255,3.6927763628417094,3.073731220172086
54263,pop_2,2.8455251024951784,3.12343358522896,2.9250710382649814,2.8436290495226935
54264,pop_2,2.965037069765825,3.0466348494356534,3.328334506987939,2.5446609071643054
54265,pop_2,2.9848059104180535,3.184535413527339,2.9398778863015966,3.270897033587617
54266,pop_2,2.5954089977631947,2.9978091973962413,3.4745926086387953,2.7468557584822313
54267,pop_2,3.210606366169329,3.2714606795129537,2.923018892639797,2.469941591866252
54268,pop_2,3.501516083896935,2.9442960756990937,3.8225525410678625,2.63846999478045
54269,pop_2,3.3955427998194736,2.9680150390884497,3.389182629237596,3.025709530269388
54270,pop_2,2.851162443566359,2.8294313962975375,3.4099153671132587,3.2886272121799287
54271,pop_2,3.2370592810046213,2.790659792944008,3.1373220306757443,2.664343830118163
54272,pop_2,3.029091826688716,3.0237238028424738,3.6795273816826235,2.801008068753073
54273,pop_2,2.8113545447754675,3.0579271284835063,3.120774302948413,2.9695657171264678
54274,pop_2,3.010609332616738,2.881013696288129,3.6204147438808825,2.8033134938416997
54275,pop_2,3.1494499230177575,3.253524126710089,3.2597719506957974,3.006640504341737
54276,pop_2,2.8355130382304923,3.09181944315289,3.327058554801707,2.68783493196186
54277,pop_2,3.183286308117511,2.973852894525587,3.2329029607845774,2.4101879355717486
54278,pop_2,3.0675899040683836,2.9125114034198325,3.3407656904628107,2.6342678112048823
54279,pop_2,2.8670290027568472,2.88179264161407,3.2459753870429955,2.5776921932281835
54280,pop_2,2.9776666105805463,3.138846908879831,3.617196450152845,2.496873988147013
54281,pop_2,3.048194417775814,2.8631283278378077,3.2883978870149226,2.8725632275459274
54282,pop_2,2.738901017653471,2.978734019953153,3.120705513262397,3.180985074279786
54283,pop_2,2.4555327945133048,2.8100864804635424,3.57202213314785,3.235897486150729
54284,pop_2,2.481240744105376,2.8089984504109795,3.257313308414367,3.280856466249848
54285,pop_2,3.211101036578424,2.515720687967218,3.375362295251693,2.558530031446152
54286,pop_2,2.8377179224206475,2.418239154561967,3.041357343543246,2.6020772319470282
54287,pop_2,2.955917431290147,2.9877425579081516,3.9304328568673066,2.774309691387131
54288,pop_2,2.859336584401125,3.2383843036791355,3.7866815384952224,2.330600683511514
54289,pop_2,2.9994663467301588,3.3749325296045196,3.848828307193981,2.29815901697439
54290,pop_2,3.305292270106593,2.9531962964847454,3.916483254496052,2.147070224801466
54291,pop_2,3.2200773304081336,3.0845080691182942,3.400466560843634,2.8723214489525697
54292,pop_2,2.643811027363508,2.8354039443842516,3.495589679718144,2.528889630077364
54293,pop_2,3.1425654489862374,2.8810877194765037,3.289139524545981,3.093526968579009
54294,pop_2,2.5405627788547482,2.977033862056236,3.5098087294423466,2.87354312122795
54295,pop_2,3.1104343437068107,2.828767091470128,3.2540791028777756,2.39337077049916
54296,pop_2,3.4555553122124434,2.8084600337601797,3.06600166373755,2.711005759983893
54297,pop_2,3.3978756091201414,2.7674066952779484,3.2558556794632385,2.6965871693951953
54298,pop_2,3.194239387736814,3.0856452237707597,3.485033125488099,2.9389407161492285
54299,pop_2,2.979545176017473,2.7530365291604593,3.061476615145608,2.9852613597298223
54300,pop_2,3.1649042628750377,2.8356206351509705,3.6180044347007625,3.180430087698174
54301,pop_2,3.1791794332654084,2.938224420943149,2.8880926440430055,2.596038159648516
54302,pop_2,3.2068866701569645,2.9470895030812003,3.118252420130075,2.833915384633457
54303,pop_2,2.784002318866748,2.864395538323254,3.7948681373788133,2.716616165736664
54304,pop_2,3.0998659181635877,2.784743974382864,3.4637190312001604,2.7189913609752634
54305,pop_2,2.8808942055594025,3.2151913073880642,3.723246551213288,2.6516676393000815
54306,pop_2,2.588966870583131,2.74528267722298,3.6352167632438146,2.6391107067703645
54307,pop_2,2.799766722443093,2.7473179541980537,3.2183981388245466,1.8522892285647503
54308,pop_2,3.054528912245835,2.8034896056380014,3.594969713260759,2.2946581567887394
54309,pop_2,2.871491604034683,3.0140107642012124,3.444817439109505,2.3057010138601255
54310,pop_2,2.490913021274097,3.0860490269569496,2.9378969078692885,3.0919476748489614
54311,pop_2,3.1836937654798367,2.979014477615797,3.0361268580965906,2.468871191783558
54312,pop_2,3.200072558157328,2.929971268982864,3.1483867095748277,2.6884725984364106
54313,pop_2,2.9631669263350564,3.4108630902801216,3.6985836434909456,2.9609021568472413
54314,pop_2,3.444695729911524,2.677416545955002,3.7218746655284414,3.0809875139937413
54315,pop_2,2.943817352331982,2.9596165051524195,3.2023878770435443,2.7100077559645266
54316,pop_2,3.053355354652295,3.5961832725451846,3.982974057996394,2.8461144052547978
54317,pop_2,2.7789706420687614,2.77831319250481,3.596202498812366,2.964618799791876
54318,pop_2,2.8134862573037807,2.7683796030249814,3.3358089096935735,2.71929348434779
54319,pop_2,3.129364667079525,2.9642699446696925,3.3950505152421435,2.9654533944917967
54320,pop_2,2.9729443126965878,2.631412010759045,3.267652142839071,2.461369186636426
54321,pop_2,3.3107346751211413,2.9581156758869898,3.706569939767524,3.1671836587637565
54322,pop_2,2.9032692527647246,2.9664969266613905,3.7691139755596064,2.87423242974507
54323,pop_2,2.51736005099512,3.1717369648646376,3.690543909365086,2.1749101335968968
54324,pop_2,2.9655844726643004,3.0740269692643265,3.706030761627203,2.479995088246232
54325,pop_2,2.7253535432560665,2.867822356101245,3.125593776468643,2.7622240563780456
54326,pop_2,2.48447486355138,3.1129189821214185,3.546566519087549,2.5805174496583545
54327,pop_2,2.9161082614947005,2.883668623729716,3.872123482971329,2.449043539239809
54328,pop_2,3.061348925713823,3.1266045857354547,3.5716115338726397,2.470682935943865
54329,pop_2,2.9064308078634613,3.2983273256887755,3.875258961789167,2.8039416990048087
54330,pop_2,2.632273804413156,2.8836174782859803,3.295102707241925,2.940200070377659
54331,pop_2,2.620977876638838,3.269948161633531,3.2947781341528057,2.988781108055312
54332,pop_2,2.9395444816145706,2.7908098720858994,3.516565487207954,3.022896661900192
54333,pop_2,2.697375134313397,3.116450439631869,3.484776976132381,2.8934360016697873
54334,pop_2,2.7631209118137896,2.9680047183744205,3.251639484423985,2.9293437782838665
54335,pop_2,3.031953321639879,3.0264897275837606,3.221251112614576,2.17744783433732
54336,pop_2,2.9114353730375884,3.2256682887025923,3.5930281788850134,2.4375464239085347
54337,pop_2,3.10714734600387,2.992221691966536,3.202978799006432,2.617723394488234
54338,pop_2,3.242045011332512,3.0395256092563914,3.6566952033420312,2.7408638281276403
54339,pop_2,2.8401854480494464,2.8093761111895237,3.4430691838351906,2.560830832525746
54340,pop_2,2.9958361210192144,2.94303422192185,3.1768150762729044,2.91867688798599
54341,pop_2,2.7646447479180414,2.997761512168761,3.39922581583601,2.9038430116708414
54342,pop_2,2.932067946308618,2.790617594294511,3.4924784059275433,2.5957564203776204
54343,pop_2,2.848120608129791,3.371522071667203,3.2580159236347477,2.7609717045284503
54344,pop_2,2.9529015888355574,2.576342154681722,2.983677573275323,2.512671480444359
54345,pop_2,3.0552331531718977,2.6221627945010564,2.8736453166843496,2.197061407112198
54346,pop_2,3.0117631241846192,2.910807539993791,3.7847337781176718,2.4604846758346226
54347,pop_2,2.8898014302636317,3.205817003869136,3.548788139795871,2.6853883518982062
54348,pop_2,2.971229575954735,3.148744388320579,3.3341100743941614,2.4058867041303693
54349,pop_2,2.9167883667496954,3.168000113231452,3.4929921352948354,2.9314020933009077
54350,pop_2,2.9248579907990244,3.021120062504312,4.087644996105576,2.7316367957285292
54351,pop_2,3.457636571951219,3.0924850209536565,3.349161105403128,2.925306514251636
54352,pop_2,3.1130194989168527,2.9112914070199944,2.9449354862527364,2.593127605816603
54353,pop_2,3.1782924502295886,2.8764560654847853,3.1042111238707433,2.7526971405466196
54354,pop_2,2.5921965404563574,2.6642623321799017,3.381234443869742,2.882202543107229
54355,pop_2,2.764621064267437,2.642189235791338,3.2758755445937293,2.62800969108393
54356,pop_2,3.0009249280564942,3.3139307672845533,3.62800818886071,2.88687849601226
54357,pop_2,3.2578751397154897,3.142077691414295,3.4155658117616436,2.5671420433695986
54358,pop_2,3.160482429816345,2.7979741405776326,4.022509887464564,2.3196464300129116
54359,pop_2,2.7706906338450903,3.078909291598231,3.3323901367235798,2.3881398637024005
54360,pop_2,3.1921497133800623,3.0851374004593417,3.269995246560442,2.59945722805879
54361,pop_2,2.8669551278327168,2.8141393786420683,3.044393413223979,2.5159818875252036
54362,pop_2,3.2019234171500077,2.9494428035678224,3.03013862472187,2.760162481654823
54363,pop_2,3.0727748803981654,3.1069577062564555,2.9048801538438975,2.8132851340978227
54364,pop_2,2.762897735053428,3.4847514893153444,3.4860201782441624,2.9097002722575573
54365,pop_2,2.9262268445532684,2.6787861318433857,3.693104884616139,2.967224249537582
54366,pop_2,2.7312180858921695,2.8015731204997296,3.1060749109122954,2.224636064915853
54367,pop_2,3.092677300408555,3.3076513727965176,3.3035406377787524,2.6429377084595935
54368,pop_2,3.2244771834268695,3.2466833725794935,3.5865868441447306,2.2359726328279734
54369,pop_2,2.7167819386567893,3.2490560049893182,3.663294694135808,2.744484477098811
54370,pop_2,3.7582333849777476,3.074428277705876,3.6401567625755886,3.0542600186743902
54371,pop_2,3.2224592565981007,3.258186913259367,3.1188340504130316,3.0789287109336088
54372,pop_2,3.065921175288534,3.098201550517434,2.907729897266419,2.5360094715690975
54373,pop_2,3.4462753184757915,2.9559291036619153,3.1276234571656008,2.445981281068223
54374,pop_2,2.8806096543278343,2.475876584900078,3.3277466805006695,2.6756213527747534
54375,pop_2,3.1556012756857146,2.8657830854161874,3.576100368757131,2.299713352854885
54376,pop_2,2.828298303221712,2.9219531140639323,3.6053108054973872,2.5718605883545926
54377,pop_2,2.906355910825773,2.9433016096947333,3.884906736002172,2.9294709532838508
54378,pop_2,3.3435730495655838,3.4702386336053976,3.3397281493089794,3.1614060678357
54379,pop_2,2.7823840100430983,3.0310932345558994,3.2752060685584334,2.600373781043166
54380,pop_2,3.1331020739162905,2.9039005491722776,3.5335820168988223,2.7408286987705393
54381,pop_2,2.976955870721809,2.6285811371384633,3.4068285973115935,3.5063529506037514
54382,pop_2,2.9637398936494153,3.2118151473390335,4.2008126570066056,2.528411433732915
54383,pop_2,2.5998235961253497,2.972749152807411,3.3603907663462653,2.840393477203735
54384,pop_2,3.0404415930571673,3.0305320544725007,3.462975487159852,2.4848056311834803
54385,pop_2,3.1547703256083515,2.8669667946113084,2.877733878649631,3.151236923439053
54386,pop_2,2.8396669776059746,3.2607923843694167,3.81187589532039,2.852507656228844
54387,pop_2,2.593411360429806,3.1346187714878426,3.3318715829442143,2.5426620164256075
54388,pop_2,3.2289308244319117,2.5653117625935575,3.0589090780067334,2.432259828256905
54389,pop_2,3.1855768842989365,2.7267398424284273,3.244720583424467,1.793275509514572
54390,pop_2,2.6528740645031315,2.8545739674730317,3.4751960482181032,2.727424365471783
54391,pop_2,3.3177746155149848,2.911893386669747,2.911205252989107,2.508463282514357
54392,pop_2,3.2635723567088446,3.3103855480099464,3.7367906417657206,2.7226174697679393
54393,pop_2,2.680882892439526,3.076159000997071,3.669856066424358,2.954483646864796
54394,pop_2,2.7615286760422904,3.433304798858024,3.620757711146106,2.028228180913277
54395,pop_2,2.8757893970888366,2.9418513698748723,3.3593302901384914,2.6053290318694327
54396,pop_2,2.879211521032649,3.127290934078373,2.824556653625173,3.0037073763426116
54397,pop_2,2.8017277081453322,2.861245946873651,3.488889277109147,2.1909411252813906
54398,pop_2,2.727543211543862,3.4304800626616188,3.0611590164829146,2.990082925891103
54399,pop_2,2.8752016284902964,2.9162246328291856,3.2919350464713237,2.855197884888061
54400,pop_2,2.9687750200532617,2.5882541967384127,2.9969717706129577,2.772745428243809
54401,pop_2,2.8820547329478376,2.742482521505694,3.455110353570386,2.633881479444591
54402,pop_2,2.8975628578155606,3.341971877781613,3.6675713326803865,2.526907255099093
54403,pop_2,2.9659080901893016,2.961886569899062,3.088533287204531,2.526383691338023
54404,pop_2,2.9884011518260283,3.0332147791543527,3.3417814799336467,2.9129830490453488
54405,pop_2,2.8612073951986106,2.857490657399209,3.8545347177891225,3.0544613537820333
54406,pop_2,2.672653718181985,3.2739500919230444,3.6970364558970434,3.0447064120965703
54407,pop_2,3.063349966547118,2.7640525800083204,3.2494569410330385,2.9207670536363266
54408,pop_2,3.0593342791600104,2.745219320647051,3.2061191700607163,3.0127228097001613
54409,pop_2,2.834558961483046,3.2118840232616486,3.416211833101069,2.9725274414921983
54410,pop_2,2.8843610330020404,3.0206158917562167,3.6309478056656443,2.657689944810486
54411,pop_2,2.7393427138788167,2.932728320935568,3.6908716660773737,2.817935223678214
54412,pop_2,2.9499748453871724,2.6973137341844384,3.2519852362920068,3.144601740086872
54413,pop_2,2.8560111261339327,2.6380904660805125,3.3728387491347713,2.3716028738213675
54414,pop_2,2.773992208968379,3.4141084441176424,3.4080642190363997,2.8266963188792316
54415,pop_2,3.3878309626011673,2.6922536857889887,3.272251761001869,2.6780430033591576
54416,pop_2,3.1202472466722035,2.954456175898413,3.321823708334842,2.4992292554927085
54417,pop_2,3.4882031853082314,2.918933757221064,3.8680337936588742,2.576213486494187
54418,pop_2,2.951267995929268,3.4354052810913527,3.3740242965413625,2.5081896193291966
54419,pop_2,3.1380447154931232,3.4398321395128044,3.410404854934353,3.4455695648390465
54420,pop_2,2.719340601891467,2.902644673682903,3.1359922999329597,2.9084357437551054
54421,pop_2,2.9402304138063955,2.9025794279673476,3.597760794182012,2.449521394035902
54422,pop_2,3.0970940893986625,3.1498344942919583,3.4340180615312064,2.7578275062989257
54423,pop_2,2.8330648806381977,2.947463910704109,3.5069408762893906,2.521298978213843
54424,pop_2,2.5972902841982117,2.7472578384547495,3.459405889039984,2.9846366251630188
54425,pop_2,3.3236776522710483,3.021932576148514,3.762663974593079,2.995591188650556
54426,pop_2,2.896809207416355,2.8337671993906346,3.5039517072820106,2.329044751418039
54427,pop_2,2.7742545186884007,2.7699082506854946,3.470099660574282,2.8081942894478984
54428,pop_2,3.223970778180261,3.0372560309447056,3.4381154184406633,2.7864909333755534
54429,pop_2,3.00577576418702,3.2376588194345586,3.9826826823340946,2.2247878310502047
54430,pop_2,3.1700269568518014,2.960084124521431,2.9781936091354924,2.821791859014408
54431,pop_2,2.68734471282747,3.003967198884873,3.723980678059835,3.069695522016135
54432,pop_2,2.872429861756879,3.136609203218719,3.184860110621361,3.1183810667819905
54433,pop_2,2.439121371195204,2.958584280796731,3.301869473433514,3.071654117486571
54434,pop_2,3.046990855894328,2.5423026443750856,2.9582566959849848,2.603373307550675
54435,pop_2,3.052513746657852,2.8099436055527907,3.393230194963584,2.84101212948489
54436,pop_2,2.551040654985568,3.1366335973848463,3.2461100243121264,3.035960264577536
54437,pop_2,2.490881684401059,3.1631969557318893,3.724477353390144,2.808121647633748
54438,pop_2,2.3382327210607383,2.925010067277699,3.2964582888056735,2.9683735874637676
54439,pop_2,3.2151023791405384,3.0318234927977548,3.9281535012475155,2.335873375056063
54440,pop_2,2.964724064100822,2.5891743679393033,3.419626772056597,3.042608615515276
54441,pop_2,2.864528864272872,2.7931412114006946,3.0621104457852604,2.719285993735008
54442,pop_2,2.8862636831252155,2.742789708312615,3.179438363413874,3.1185166910795754
54443,pop_2,3.1878086193435395,3.337110251021901,3.060164882173052,2.7884167491797394
54444,pop_2,2.67718008268191,2.825300026101626,3.2584107024529994,2.8898324138959843
54445,pop_2,2.9661446991768607,2.815292206158451,3.013216845981265,2.641756784481555
54446,pop_2,2.829994658570247,2.893417032238809,2.983427430814491,2.3224117248928478
54447,pop_2,2.770313508686618,3.148370110549921,4.187341667023185,2.930439115760745
54448,pop_2,2.72068228293705,2.6860689685747925,3.445902914173257,3.1555841550665025
54449,pop_2,2.9375529906731983,3.177359493934972,3.4441121992186163,2.411531833131434
54450,pop_2,2.9329416116677227,2.9772291458789812,3.132989264691632,2.719138351899998
54451,pop_2,2.8741672286516797,2.9418529825821214,3.2174648339622114,2.680212152085501
54452,pop_2,2.982371864119474,2.7548829929487066,3.715654189494986,2.751530616108707
54453,pop_2,3.2349811878008623,3.3825922751125654,3.9267633019306474,2.359679954561994
54454,pop_2,2.8236603243295026,2.7072756601952217,3.1494159739426237,2.6674630471395364
54455,pop_2,2.8647289150096404,2.967011706943059,3.5991558479358092,2.573318819578099
54456,pop_2,2.835641220875515,3.0821022056210867,3.399059021079757,2.857424493208672
54457,pop_2,3.13652744380621,3.118204496926119,3.794260175686683,2.7905516462010107
54458,pop_2,3.252348724439196,3.0853082571548427,3.993746348642176,2.7699676310029666
54459,pop_2,2.994377393037063,2.6282650960655833,3.6818774590084686,2.780247141831561
54460,pop_2,3.0932820491288178,2.622188659476686,3.0712144307575624,3.2748615996697934
54461,pop_2,2.6225013232051606,2.937586450531804,3.1555204006931494,2.556991621741988
54462,pop_2,2.896380815655587,3.229011162427433,3.3831107877027033,3.0329535641744374
54463,pop_2,3.2069643296706505,3.28317302997077,3.4487325690061503,2.484355029061061
54464,pop_2,2.8925940900908973,3.2718293529050757,3.9084603172705568,2.555380711163589
54465,pop_2,2.867367693246171,2.9910355363865553,3.9619319644349864,3.093024045442914
54466,pop_2,3.1436852344440243,2.9199650072111507,3.2927498712301255,2.569540023093562
54467,pop_2,2.915244133030196,3.00703973783327,3.2869628286417147,2.7280446720631333
54468,pop_2,3.0644300847715504,2.8530037960285877,3.3778677374878847,2.4331940871309143
54469,pop_2,3.2321498570179656,3.133625479943318,3.0673719123542664,2.5853893808958754
54470,pop_2,2.8154978382098546,2.9322648934495814,2.9587557865402205,2.907727362887318
54471,pop_2,3.066609439755782,2.8586787828580063,3.8387501514514026,2.3665861415014593
54472,pop_2,2.7100487397098156,3.264218388713935,3.738642402341381,2.883048228518106
54473,pop_2,2.775356193468276,2.9883334434534796,3.2124168319468525,2.7730543743153184
54474,pop_2,2.903120077860848,2.6528667894842495,3.279671369785954,2.4388699533879277
54475,pop_2,2.971564176392221,3.3759186178126277,4.009760787790031,2.80561019374094
54476,pop_2,2.781726532583138,3.0479401852079664,3.4000798696913113,2.399095892430712
54477,pop_2,2.7550660871288644,2.942945170479133,3.675233874756177,2.577024290182902
54478,pop_2,2.9345854078993066,3.077686387054383,3.63180375047356,2.9562365519300986
54479,pop_2,3.21053008701579,3.1084712679023436,4.186689268752593,2.7336039330204995
54480,pop_2,2.8888830096021696,3.2709972778991183,3.4419709356625363,2.6713655708500745
54481,pop_2,2.469713195359065,2.895444624634211,3.425616075034464,2.8866275558781975
54482,pop_2,3.280694735938914,2.3990828168756395,3.047523267844221,2.9071960261025334
54483,pop_2,2.592908542360396,2.958069759212348,3.6621381475158468,2.951907147943477
54484,pop_2,2.531098460755196,3.078408458582652,3.5015466531635866,2.5145125281774168
54485,pop_2,2.812963614019445,3.0183992320386253,3.6611546508709596,2.4844562415156015
54486,pop_2,3.32876096386984,3.3592974100931303,3.247790360459238,2.766699631215452
54487,pop_2,3.1754883259096616,3.0217902805422523,3.145514421608626,2.444959046073408
54488,pop_2,3.044707106044461,2.940423573168952,2.7168059702321457,3.0311116244432377
54489,pop_2,2.707762056407253,3.0530766737166823,3.374297559502042,2.4615175081850413
54490,pop_2,2.6734333564610036,3.314336574407953,3.697859400317599,2.8757603624033115
54491,pop_2,3.0836732756281893,3.0213758069565606,3.1839771705095763,2.2834567949493647
54492,pop_2,3.503767876071714,3.002953443412586,3.374759263853274,2.729338561742225
54493,pop_2,3.166283932466946,2.967136322196514,3.515022703986733,2.5411104343563458
54494,pop_2,3.396772691210668,2.8023857253240534,3.7011530494164098,2.5714876962778654
54495,pop_2,3.0604439395674663,2.8727076392449944,3.2962581262597057,3.272548650515764
54496,pop_2,2.8209767161824395,2.784683193133973,2.987030008128976,2.785237072835482
54497,pop_2,3.1665247735207447,2.9741149007244423,3.322849173548316,2.485388497393217
54498,pop_2,3.09459927337388,3.46595837345926,3.319248952873146,3.050356617519973
54499,pop_2,2.9366110723439167,2.8233004881280426,2.9399018508707226,2.5651649146822417
54500,pop_2,2.839838872114685,2.6468013522832345,3.4290405691946892,3.176781124532144
54501,pop_2,3.0506767015460365,2.9520919205263993,3.4472171930076185,2.7443657387641403
54502,pop_2,3.1741403970588444,3.15118774227935,4.115004943844295,2.669072111084254
54503,pop_2,2.7748028766030637,2.9474539330553458,4.061584305856982,3.1814456616103657
54504,pop_2,3.388039359261711,2.6780558544510455,3.6905679092566954,2.3452484590803593
54505,pop_2,3.2949926796458753,3.2087692948032585,3.1482962887891373,2.433853213988621
54506,pop_2,2.822765091830521,2.878979563849535,3.2583493897428366,2.6165742865069617
54507,pop_2,2.7112152616272414,3.3012671119487185,3.862807615844724,2.7317569858658817
54508,pop_2,3.0770675026992618,3.1157795175317355,3.712613312493159,2.9755685694388694
54509,pop_2,2.9366911128435014,2.697850191840668,3.7330320855001333,3.3644253063194376
54510,pop_2,2.8981570116269157,2.890848713654045,3.444579722442528,2.7499416006749384
54511,pop_2,3.1222891267016246,3.019295762553179,3.6528624038599182,2.477041274885728
54512,pop_2,2.442597930171984,2.897035616968725,3.8083097765839464,3.060234064560712
54513,pop_2,3.074558884462547,3.1292733265052295,3.378417632824865,2.822424591575304
54514,pop_2,2.764680786006981,3.144855544139131,3.8152079809177195,3.1120868563501736
54515,pop_2,3.083597684421752,2.67889215182984,2.9488469716305614,2.3893599152519283
54516,pop_2,2.9677375276524947,2.697523975814907,3.508353013215671,2.7176112161456367
54517,pop_2,2.7348865568687617,3.088166285587426,3.6101147731566767,2.753415575372775
54518,pop_2,2.857671065816511,2.7390162097348907,3.6608699522756996,2.3088677926938046
54519,pop_2,2.9267482957293964,3.0322652631008014,3.6248824848760086,2.8315555900380778
54520,pop_2,2.7931981657368925,2.836792385187098,3.3639689522115392,2.777221838992961
54521,pop_2,3.2867801094988582,2.7653459583067646,3.6467808219421918,2.5029946699771073
54522,pop_2,2.686686935510452,2.777352941993169,3.539957976708073,3.135723928986353
54523,pop_2,2.875938661114755,3.154345401753401,3.426062520251818,2.704847632217044
54524,pop_2,2.6055905750057744,2.746677776853265,3.551046112903691,3.034630043110522
54525,pop_2,2.586052722258807,2.858841470622256,3.209911386280206,3.0102975095672635
54526,pop_2,3.368224871066246,2.906796863084146,4.043460520839166,2.826993622182624
54527,pop_2,2.68849065818933,3.0287217107665687,3.7172231204824033,2.752072874528071
54528,pop_2,3.006853518165921,2.853923805623933,3.206104401421622,2.3617436651319226
54529,pop_2,3.2642954839003715,2.8993445662101234,3.426156163349726,2.3001201522043564
54530,pop_2,3.2080212855754966,3.082820018110934,3.2994433295235757,3.08167019834162
54531,pop_2,2.843848942809989,2.9772394794827806,3.1177869550604007,2.773510003763329
54532,pop_2,2.5893237575790646,3.091564411156835,3.4584428126333457,2.273483381252574
54533,pop_2,2.909513251324159,2.804928963946424,3.817921251796064,2.8977983191265215
54534,pop_2,2.895612891574115,2.9548659302368994,3.2792610641029913,2.8903961791858688
54535,pop_2,3.055160195395582,2.935661230520816,3.6000603289678716,2.752303797049014
54536,pop_2,3.111072822364436,2.734013189973799,3.004980581691789,3.0542189691967843
54537,pop_2,2.7113141975349837,3.136052848039079,3.7008253980447674,2.7375856315614278
54538,pop_2,2.858465419909077,2.6800124004002788,3.2079814681292977,3.0945851663360164
54539,pop_2,2.4987155740407583,3.1688836240094815,3.648126137539495,3.0657262404752648
54540,pop_2,2.6038564526080115,2.8733048215937926,3.1363819034771643,2.7032254654681243
54541,pop_2,2.7010585112775094,2.9479797940542865,3.476267294716903,3.1571497609580366
54542,pop_2,3.094430823954546,2.88827165984283,3.39917406104344,3.071374739693416
54543,pop_2,3.3421513570341204,2.741034584376356,3.4077402071620773,2.671653505117292
54544,pop_2,3.009518560441634,3.098706552293941,3.2489076252634304,2.874810572973699
54545,pop_2,2.7821795501304916,3.006795478757389,3.6535097840011095,3.4126536449266047
54546,pop_2,3.2308381907801302,3.12394566278455,3.5344272250196007,2.6945568851923265
54547,pop_2,2.931234680894711,2.9476506480288216,3.8997119796557813,2.942441303671726
54548,pop_2,2.6923611700600474,2.991046999073192,2.8404608787073458,2.7273383080049936
54549,pop_2,2.7345566339549627,2.990385372632599,3.067813139431872,2.5360007020894053
54550,pop_2,2.8666152857115486,3.2132700855514273,3.692175689987014,3.3258540620392765
54551,pop_2,3.108717799245253,3.2197265730600115,3.460519653340337,2.4261112903267397
54552,pop_2,2.982968166682819,2.757141636786364,3.0393676578345414,3.041123280291392
54553,pop_2,2.6395861886760623,2.8711249313736955,3.5329865765694555,2.5606511766455626
54554,pop_2,3.176959279315204,3.058826941013452,3.0031986878548254,3.0418841553444618
54555,pop_2,3.045023908588883,3.1019704317842534,3.36963536090702,2.2839517707060293
54556,pop_2,2.688524904987025,2.9151116676559097,3.7398070445156635,2.6490121807335334
54557,pop_2,2.9985112304907937,3.1076593855444186,3.6348911316429486,3.059805169456982
54558,pop_2,3.215891374129802,2.940631717852345,3.108107847277063,2.5278143859807605
54559,pop_2,2.904854436633862,3.2377430401233047,3.726578571886884,3.150860634032014
54560,pop_2,2.829852391302987,3.2677451082915776,3.6332773546739032,2.856318653071032
54561,pop_2,3.1167306361585343,2.813430609071849,3.8020493956948087,2.6691450002673283
54562,pop_2,2.747828545520274,2.932319900254984,3.597283250939909,3.192313916948066
54563,pop_2,3.3242007382542167,2.880003567724903,3.5766194137252665,2.480185707634376
54564,pop_2,2.802382114090065,2.8442003578624893,2.857605407618401,2.9586407159846786
54565,pop_2,3.5808601160853697,2.984733000161656,3.5704526126987357,2.584215461515421
54566,pop_2,2.4459440139489987,3.076507890975786,3.304715734454062,2.6324179851515312
54567,pop_2,2.904414789354274,3.1490415578319078,3.4928233751794924,2.7652598860681725
54568,pop_2,2.3909985334421986,2.8413013283721864,3.3790671964627226,2.946228831181042
54569,pop_2,2.7760563874362107,2.8321442479332664,3.4368180266830715,2.8919310549204407
54570,pop_2,3.126699652357433,3.1252019254775103,3.5980191215408253,2.234800668372171
54571,pop_2,3.088811052039828,2.873305508258413,3.4643375525369087,2.6607243087944106
54572,pop_2,3.421273911903613,2.903907108977917,3.277573964909971,2.7930379575907316
54573,pop_2,3.6343410244538865,2.849468112105623,3.1723244928395027,2.88991355397768
54574,pop_2,3.0592199175074164,2.6253401723445244,3.7176763228380607,1.8518867109707071
54575,pop_2,2.902403900355273,2.7418374980913716,3.3276007663859137,3.1211282287523545
54576,pop_2,3.22267688937053,2.96124856684538,3.447780225760029,2.5653315701295725
54577,pop_2,2.655311461928546,3.080042444390363,3.3873922453759384,2.4557228372341324
54578,pop_2,2.8162896333953538,3.0287549043691757,3.2292186066849227,3.0341152715143784
54579,pop_2,2.719656324338954,2.994431446011814,3.4549912637884854,2.4996730438051005
54580,pop_2,2.869040486114146,3.05266240157827,3.968160462477762,2.9287706455124525
54581,pop_2,2.137869028335365,3.000677855607555,3.4882062889401264,3.0082089004814296
54582,pop_2,2.4563779176111527,2.887687181954265,3.5618111782676305,2.5578235279762995
54583,pop_2,2.8316164307194978,3.2687753565863313,2.846965966315192,2.7491788650430324
54584,pop_2,3.136738652910731,3.0182266277624086,3.0083486683056924,2.25284037266483
54585,pop_2,2.6908276828342674,2.895147650459083,3.751742689012561,3.006194299125644
54586,pop_2,2.8360380985549023,2.9877860477809395,3.2527110813595232,2.7891072732208047
54587,pop_2,2.6742776213450625,2.571965012521424,3.644708321298663,3.205720326399668
54588,pop_2,2.4168490127691395,2.9871082941292784,3.530605925380798,2.471574858051305
54589,pop_2,3.166116280924041,3.0067854754622227,3.286631851243461,2.6869155752636877
54590,pop_2,2.7027684884633905,3.072235977983317,3.538372604737757,2.787771655297592
54591,pop_2,3.041228847311651,3.1654665761988445,3.489465744559647,3.0243059098212473
54592,pop_2,3.060028442661164,2.9566427787555707,3.519120786137518,2.7160872282101143
54593,pop_2,2.531673773705016,2.757200505121962,3.8087225489928653,2.997592746452182
54594,pop_2,3.005243902958898,2.9009359900031697,3.1668428227228125,2.8958421834113
54595,pop_2,3.0005247269834814,2.9498876715968203,2.951211248195858,2.447702778158371
54596,pop_2,3.1880577361045006,3.2789619090154862,3.5989972580574525,1.9960546135875992
54597,pop_2,3.3213571514911138,2.986304725302011,3.73757515877657,2.4765118443718723
54598,pop_2,2.7636529144884774,2.812308585660563,3.34394321874313,3.0485039929535453
54599,pop_2,3.00646201996946,3.261585359388968,3.3167837544240872,2.538543200121279
54600,pop_2,2.929040500159703,2.8863769793055187,3.2581992557881736,2.82473837386432
54601,pop_2,3.368189540909527,2.967920399458327,3.0791749569728033,2.5924223758326472
54602,pop_2,2.998527586232927,2.984034525156476,3.43403792699652,2.4734366932159415
54603,pop_2,2.9536096925148323,2.6770376195122787,3.2755101034485525,2.5807034319117554
54604,pop_2,2.728405252247737,3.0215483579927893,3.5923880532642576,2.544682150398893
54605,pop_2,2.923732306642278,2.9813030263446922,3.449250198072732,2.8838528378760233
54606,pop_2,2.8892016896226416,2.7058483538857687,3.229474708583153,2.6414674000685783
54607,pop_2,3.071889957262518,2.9185711222545687,3.3800799540592776,2.72421007442919
54608,pop_2,3.161356893016689,2.307698991914751,2.7761475081934157,2.2237708645156635
54609,pop_2,2.8760065668664834,3.1423309397088315,3.073214801710417,3.0892415934538136
54610,pop_2,3.16453985535245,2.696445596411973,3.7904625850989837,2.7716790154953457
54611,pop_2,2.847348793205163,2.491736989990744,3.157330516749966,3.0404982330032597
54612,pop_2,2.906361823094501,2.8339759941532714,3.598521699942871,2.9229829543419474
54613,pop_2,2.9113576244214476,2.7442258050322774,3.3884089493298397,2.935598332702232
54614,pop_2,3.1416054935251796,2.78161800030904,3.5881435366474563,2.698022522878396
54615,pop_2,3.242231321764224,2.8257259657186373,3.2561970198432855,3.033081575656454
54616,pop_2,3.15223387930976,2.8825720175495935,3.7225196444061215,2.819483209389358
54617,pop_2,2.8850916851422546,2.83492029197948,3.378950050559745,2.4501706257475213
54618,pop_2,2.9604708533510378,2.9958530355004616,3.1535903154860527,2.796471450274331
54619,pop_2,2.8214612325678083,2.8958691728348662,3.4169724980922056,2.795974435452149
54620,pop_2,3.060482354595742,2.7548815055244193,3.2056125412384264,2.294376757727379
54621,pop_2,3.503430380156096,2.993933967485073,3.6678438642715006,2.090045201160525
54622,pop_2,3.245861843178371,3.154285152282,3.9392721295558735,2.751617167293648
54623,pop_2,2.8812638911241115,2.8799286013705805,3.633700270844083,2.8780646308189963
54624,pop_2,3.06424181177613,3.344127508404741,3.493136477962247,2.983024467212385
54625,pop_2,3.2653357722747365,2.812495122647871,2.6894911033716316,3.202656321772631
54626,pop_2,3.1481568364489902,3.1845655886352078,3.356413189876091,2.8139375676212994
54627,pop_2,2.843316581071213,3.378412455361617,3.570488190669985,2.462765473388254
54628,pop_2,3.0736108824572184,3.221597005416979,3.3887592917363922,2.920612018099131
54629,pop_2,2.797171429218421,3.261754997159964,3.0532016600158105,3.3167425153804593
54630,pop_2,2.7215288625394347,3.613917148794746,3.344967637980826,2.3417612058169275
54631,pop_2,2.6837918691429534,2.769930415958852,3.3184161134305885,2.5632198739888556
54632,pop_2,3.2598649957972676,3.3377700573156996,3.456066602854948,2.5745143670565214
54633,pop_2,2.870055395359259,2.6006476619040524,3.0812632001205276,2.7864148206710513
54634,pop_2,2.286012149313072,3.124183191342106,3.4469907036410192,3.1806686617516213
54635,pop_2,3.014589754568696,2.3235669765848965,2.9614812331105833,2.9845880895659365
54636,pop_2,2.8434382291748834,2.8662160459867487,3.5050254383125723,3.2902857173651574
54637,pop_2,2.8634528614399115,2.864116080266052,3.112909660432984,3.3925406696709635
54638,pop_2,2.9486650608674587,2.9068430116999173,3.3993994541683534,2.837026235178562
54639,pop_2,3.152353132336558,3.032437537143051,3.5361926638712227,2.764824898286424
54640,pop_2,2.7909374115722123,3.1831340934394925,3.249005959920171,2.3603384200067103
54641,pop_2,3.006962135200332,3.332009837293831,3.480346687928266,2.386466386845925
54642,pop_2,3.270903986454537,2.9054700076197255,3.4597420960173415,2.4145536825704492
54643,pop_2,2.8871798941966045,2.929913572592606,3.254743892519739,2.3673205839197182
54644,pop_2,3.2975807282312823,3.076926484171747,3.6395605053588547,2.7956583283851453
54645,pop_2,2.965800224766442,3.1962979783699,3.763744577792659,3.004411516391417
54646,pop_2,2.805707468866606,3.2087879369741654,3.290126966819766,3.0380141980095887
54647,pop_2,2.8598973042016818,2.82863970606634,3.4793234875357895,3.3542049203110706
54648,pop_2,3.0022713532472856,3.0592993841791287,3.3876675460503543,3.119463298535894
54649,pop_2,3.0038923304400393,3.1336472655867347,3.463193176636836,2.5292667671015088
54650,pop_2,2.8769723366922064,2.782728595696001,3.352414550289545,2.7827819979777337
54651,pop_2,2.9014286303321746,2.9432035317152496,3.1970493526147674,3.3125313297074004
54652,pop_2,3.188815870046863,2.542552137814999,3.1249777203750986,2.6023984020111013
54653,pop_2,2.995465313479448,2.819763785436148,3.484309031016786,2.610350911110168
54654,pop_2,2.933977420120608,3.1161490193293124,3.14775781410303,2.7984380863937703
54655,pop_2,2.7612157585694415,2.950481161590613,3.3102698610492785,3.0208639131442876
54656,pop_2,3.1000231758228805,3.156156518433593,3.5036689125009746,3.0603399518356937
54657,pop_2,2.4888667787635783,2.9313799717758156,3.3603447609647605,2.9861298161200063
54658,pop_2,3.1561218875925507,3.1821590577258467,3.326816849658559,2.3340101518005927
54659,pop_2,2.8972606178123725,2.5106748222395745,3.4284597666311964,3.223966161560285
54660,pop_2,2.960486703929463,2.9584064134651964,3.1283478799298097,3.5059518830898075
54661,pop_2,3.64610586087723,2.9780724825931246,3.312208375729434,2.733319759659037
54662,pop_2,2.7531528039576387,3.2336982912616805,3.380419140223504,2.3085873450519543
54663,pop_2,2.8167974385677237,3.344277067809804,3.4417761107708813,2.5428431490715693
54664,pop_2,2.8064530177621934,3.2922563606095903,3.0174829718667198,2.6807447191331977
54665,pop_2,2.7996565804224023,2.947070132412643,3.4047985768635574,2.619596137592449
54666,pop_2,2.9946974488687497,2.972952984361624,3.0720686594902955,3.1438421763029534
54667,pop_2,2.753458603002463,2.8850141576859563,3.2110029470540487,2.709484352317311
54668,pop_2,3.1444549695647503,3.0938109636755016,3.088788904075015,2.7667380974238234
54669,pop_2,2.641491033212444,2.857735558506245,3.26358944964016,2.6596676731390976
54670,pop_2,2.610994158636157,2.639641849954898,3.5878970510600796,2.444463308439579
54671,pop_2,2.925846904122969,2.680054926187964,3.38530651575271,2.8913637012638604
54672,pop_2,2.937150102906458,3.1290694935622088,3.580282399993865,3.3619929795803447
54673,pop_2,2.8568443323554966,3.055950110181854,3.158676199931611,2.985306667661554
54674,pop_2,3.1793480066742195,2.887727669225543,3.1185160488183152,2.7479694023824894
54675,pop_2,3.1363496054505706,2.6285480848277527,3.5000050275166403,2.8343601213300156
54676,pop_2,3.046585113242837,3.1837177149000646,3.6160583980789025,3.1022440820396158
54677,pop_2,2.7217236259267814,2.8760488105759734,3.150617996566905,2.032288984931343
54678,pop_2,2.550422008183586,2.7655214471222402,3.5685729669522748,2.8851819262559526
54679,pop_2,2.837437563724643,3.188310944993259,3.8754392931889536,3.420157349578504
54680,pop_2,3.226046399397303,2.788623395641047,3.8774649367260525,2.7851959294305146
54681,pop_2,3.2509185132622562,2.9087888828553816,4.055223091974315,3.059518355036762
54682,pop_2,3.0987688981891868,3.3140352156030093,4.1343505795372915,2.6402003139504098
54683,pop_2,2.9421709486522145,3.0436389974905955,3.424311043745712,2.8840661279095787
54684,pop_2,3.7150014749135862,3.2115166890007756,3.5941228458519228,2.3932952332654778
54685,pop_2,2.802094841794226,3.0555361834333206,3.877137458556909,2.901937250300156
54686,pop_2,2.9124978198831406,2.892682666236201,3.3985619853366504,2.767801746162579
54687,pop_2,3.0104309052380183,2.9610106842985635,3.60286391514438,2.6769910348494133
54688,pop_2,2.8822474439855177,2.846327791576311,3.528267188398179,2.8173658461505435
54689,pop_2,3.1198012247697324,3.474407621267326,3.5812485873516606,2.666923624780678
54690,pop_2,2.9857071726082505,2.9236748640525723,3.70027880597735,2.481481176144965
54691,pop_2,2.926402808790309,2.907486377344932,3.7363279284375146,3.3030203719367623
54692,pop_2,3.3289979551944695,2.75222972018921,3.2968514505676336,3.044232755730576
54693,pop_2,2.9874294741499043,3.2096695723790143,3.200544813451963,3.0758237129902595
54694,pop_2,2.694128744352987,3.1702725005160386,2.980797218665187,2.7144578976978604
54695,pop_2,2.7521522349888015,3.0972153165285627,3.451646939718052,2.460057141425926
54696,pop_2,2.6919845385533656,3.453733848643995,3.3166971796990046,2.482349277923413
54697,pop_2,2.95433010309831,2.986618137859429,3.7431652329416902,2.7842221293890317
54698,pop_2,3.208220838691237,2.9830075916889442,3.5812225354735125,3.2567667822409807
54699,pop_2,2.6557604105627526,3.2824851046266756,3.502859222990179,3.0008703072491394
54700,pop_2,2.8995066672236214,2.989101458985674,2.9714967529511895,2.8090687898277262
54701,pop_2,2.7237813255229524,2.9655866516423575,3.5066431243314553,3.1675712761209276
54702,pop_2,3.2346035583567967,2.6963432115873878,3.591154131226787,2.6473548226552968
54703,pop_2,2.911298568438227,2.641019833154685,3.7523264518222303,3.1076255776947925
54704,pop_2,2.982438423388555,2.8379714424072886,3.5882722862288734,3.2540538098365914
54705,pop_2,2.9337731774413824,2.786300104564126,2.62050236954474,1.9308963315569385
54706,pop_2,3.166674035249512,3.1519448506588805,3.2873546986618862,2.544843304182702
54707,pop_2,2.7735665375114165,2.839583184243068,3.302356535636006,2.7503457012026526
54708,pop_2,3.1317730037688714,3.1787534437481297,3.349155235088507,2.84120773883603
54709,pop_2,2.9981286360079706,3.152633100302195,3.7633317194176246,2.2509814769758236
54710,pop_2,2.8818849065629024,3.124943733368436,4.139517402643131,2.928873810695286
54711,pop_2,3.071887271201763,2.972448692250128,3.1164170200534094,2.735881271073939
54712,pop_2,3.108441662419613,2.8083645687678858,3.8518845890411613,2.725340204473417
54713,pop_2,2.873197274364731,3.127941174715572,3.545274203086128,3.2790833200637355
54714,pop_2,3.113160288672421,3.0161436511260074,3.291561569334985,2.345950639595986
54715,pop_2,2.3539660383808765,3.3512293733726595,3.132408699086859,2.91752325588207
54716,pop_2,2.840962201903264,2.8630281749885937,3.641298038085422,2.959967457929527
54717,pop_2,3.2126738063466216,2.9280346666344754,3.144967282292074,2.335995729923018
54718,pop_2,3.0443613685316215,2.7363642824630707,3.4580450150748496,2.8190509009657134
54719,pop_2,3.009318086265477,2.8016126496679497,3.191473133152811,2.4003264374793836
54720,pop_2,2.7585372628925264,3.0337727929897573,3.5691161584838995,2.758056018634068
54721,pop_2,3.2388346332974547,3.1904380569663977,3.697385054250375,2.6985453774913757
54722,pop_2,3.121696031468401,2.7385711996366227,3.2624339387070838,3.0702086848586445
54723,pop_2,3.0130524323605723,3.1078542908146547,3.7083417765935325,2.963603628007298
54724,pop_2,3.0183763976760862,3.183701969890336,3.548778486785592,2.900053810372866
54725,pop_2,3.2246568527037813,3.0635098860405194,3.75175551560702,2.467775213511992
54726,pop_2,2.7098542916987896,2.774948739524541,3.692356514754731,2.3602150850784303
54727,pop_2,3.2827146358978205,3.3183954090526377,4.0076213093850175,2.337325751770859
54728,pop_2,3.0228543076979846,3.1465947609814204,3.409943818696467,2.2861258196707364
54729,pop_2,3.032578500231257,2.850875808632797,2.843095637623791,2.9855779948575454
54730,pop_2,2.601502963292023,2.934907678690986,3.523630871763084,2.5868115341194926
54731,pop_2,2.4743062222691865,2.7476343422438587,3.6862628432837123,3.031361460258828
54732,pop_2,3.0706196089140945,2.9120933389710997,3.8884511799617045,2.6065961466310865
54733,pop_2,3.5625515235430187,2.7279594217657577,4.015925785582604,2.196346062609776
54734,pop_2,3.2940480316034875,2.775181630850714,2.871818488079129,2.651517599414233
54735,pop_2,2.9798548161522542,2.9839316656099664,3.1948277557131863,3.083308043456621
54736,pop_2,3.213639162558345,3.0340641496484624,3.642007566387427,2.3295229317150348
54737,pop_2,2.845495787003966,2.693747299166682,4.109734548814023,3.331183779266267
54738,pop_2,2.8824857505286663,3.1805264522276717,3.789339719428057,2.700644394882912
54739,pop_2,3.0177589344963094,2.921211715289706,3.4750795436888082,2.6015178891473383
54740,pop_2,2.8054333341080224,2.9393553573536164,3.252833271700037,3.1326151454563744
54741,pop_2,3.2956361578404456,3.025371074330661,3.521040949569093,3.045239221921541
54742,pop_2,3.179837248539695,2.7171456819972084,3.2346252795590886,2.479989979744645
54743,pop_2,2.6471702100600054,2.985323979047784,3.125086759494089,2.8656113558442913
54744,pop_2,2.5630357541189186,2.748171323756272,3.7163528628246096,2.73915709317121
54745,pop_2,2.8071910526490043,3.097974217059059,3.951065994631998,2.5809793692327725
54746,pop_2,3.1660871576878145,2.9026808778007274,2.7909538646041123,2.5781772247102177
54747,pop_2,2.8105446727998364,2.853950264410458,3.559073119276597,2.9721773433195207
54748,pop_2,3.1109537804312186,3.052370069005363,3.745251249229349,2.5362793999620745
54749,pop_2,2.6051995723902563,2.7756927645390337,2.9334155093690932,2.9709050487572806
54750,pop_2,2.99447550427553,3.203562696228669,3.1700974218402758,2.8045507929699167
54751,pop_2,2.9311991303433933,2.6765641589469094,3.0116671195462046,2.694703196864714
54752,pop_2,2.8168132223663953,3.0953862946508046,3.7617210601607587,2.872522990221384
54753,pop_2,2.8716733866975885,3.0740728103461246,3.1755890314231423,2.910717610340794
54754,pop_2,3.0763057198868466,3.156233409738041,3.6029105659466802,2.8495051596488357
54755,pop_2,3.347817459724643,2.846540083427612,3.497674807595635,2.14145724784639
54756,pop_2,2.664430195290329,2.9760490092240106,3.624749080733245,2.9324537172979714
54757,pop_2,3.148692456992222,2.988401827973784,3.4578699666003145,2.579494031040297
54758,pop_2,2.8417560047679986,2.8180317276176243,3.2939239280763455,2.017434011037819
54759,pop_2,3.3018254044637705,3.1323876836508786,3.804091283659886,2.8508723066110813
54760,pop_2,2.6768064698328247,2.5995866496029567,3.1158247892462727,3.5582184528573113
54761,pop_2,2.8539029934125826,2.7090813064759676,3.890027051501678,3.3015386144844268
54762,pop_2,3.0691233544379957,3.210573849095085,3.2297775806076694,3.0016618917250173
54763,pop_2,2.96810164541786,3.008955061666057,3.561546620376614,2.04282844932898
54764,pop_2,2.786986920353485,2.734349473438894,3.626869954568679,3.0300603112652635
54765,pop_2,3.2089924741666858,2.55718845456661,3.646091824124595,2.7734584120781385
54766,pop_2,3.4551147808900766,3.201213600222295,3.747846913485569,2.7910759491990973
54767,pop_2,2.8083555445289883,2.8349867599800294,3.257742136966387,2.5374704703409816
54768,pop_2,2.785959471774092,3.02832100002,3.524351725559779,2.52717903498312
54769,pop_2,2.88717414355069,3.0286848848619616,4.104475545254938,2.8477004103190495
54770,pop_2,3.2095277046326407,3.1703203778384985,3.743222351740808,2.8878745849447305
54771,pop_2,2.7531671447388173,3.2960375446202868,3.400183433892186,3.0159072856585567
54772,pop_2,3.1741839995108645,2.931616173072731,3.230554300605678,3.0596283279325402
54773,pop_2,2.8537481021027915,3.2275929363597746,3.4992987181681103,3.14620872837491
54774,pop_2,2.567976392459841,3.0036472013474946,3.470729600004691,2.888173152738648
54775,pop_2,3.12837549303308,3.1069039487366856,3.2842420579059644,2.9659682136449868
54776,pop_2,2.446033793287739,2.985340841104177,3.3571198262984168,2.5849934349333554
54777,pop_2,2.6801425374277232,2.978792895461468,3.187535287929776,3.2572483706344095
54778,pop_2,2.9074551193470652,3.017789800406772,3.9902394269167525,3.062700028478446
54779,pop_2,2.868453290437485,3.0925614878029593,3.1786370600174068,2.99071451365481
54780,pop_2,3.285715847502032,2.654734888004488,3.517950333816329,2.8210733437806796
54781,pop_2,3.32416232571995,2.690449423977761,3.870585942520827,2.890945973230122
54782,pop_2,2.8415456568694077,2.709188533763366,3.2891474534050458,2.759735385409214
54783,pop_2,2.410731442794132,2.772425230921708,3.6337583135941203,3.204752592372752
54784,pop_2,3.275225525037427,3.330703471740482,3.884308164782857,2.600871233917622
54785,pop_2,2.881970384446068,3.0522318098936747,3.360628287676299,2.989657105019991
54786,pop_2,2.550619877221462,2.82737546113979,3.100526642455331,2.8263603448381116
54787,pop_2,2.633340495433947,3.193084897320027,3.286296502184261,3.304584965587485
54788,pop_2,2.956518038157981,2.8528339188803686,3.387192370716234,2.7350796097676495
54789,pop_2,2.9808488238695303,3.372792491430123,3.746315159642894,2.9822091969382707
54790,pop_2,2.8706410979435844,3.095150416853922,3.7689952224319145,2.68469842206416
54791,pop_2,3.258523728942487,3.239054735156799,3.0573830910765607,2.9818650668397395
54792,pop_2,3.191520295754719,2.7843122819610433,3.738028547299655,3.344742260750877
54793,pop_2,3.0482132727646936,2.8123765868621673,3.9735704119150173,2.533594313842697
54794,pop_2,3.0157327446138638,3.117506755392853,3.2400507580095925,2.792287992407235
54795,pop_2,2.81632402604486,2.789430213236834,3.406355955524862,3.045544168059364
54796,pop_2,2.562300833875834,2.7977123590994566,3.4266743642939868,2.756508396338342
54797,pop_2,3.1585044100117425,2.886115264227688,3.2830363069409136,2.478543517086173
54798,pop_2,2.9170013736447173,2.7540599622301616,2.464724514137045,2.403302809363529
54799,pop_2,2.940980667293439,3.1440340884212614,3.621563951786556,1.9613511688451892
54800,pop_2,2.870833800349962,3.205416141163748,3.336729466816926,2.8845716958479923
54801,pop_2,3.134549150680806,2.658027322777786,3.30079884309805,2.535382429221655
54802,pop_2,2.896479262485271,2.6377721216810186,3.2525451591483905,2.6180303840316923
54803,pop_2,2.9536659725621055,2.8558097430677085,3.245072773048275,3.0067152493803118
54804,pop_2,2.607040804152829,2.5527782039787024,3.5239850539263897,2.705707100399071
54805,pop_2,3.3053212148031124,2.8440853502524095,3.483656618687343,3.26243369074249
54806,pop_2,3.2601013379848727,3.097319722658779,3.313374518208695,2.5787835445139065
54807,pop_2,2.954079215348876,3.148510982172233,3.1621227974660995,2.8141067901319308
54808,pop_2,2.9473136932645763,3.0665154004469906,3.631857017852332,2.434250523358144
54809,pop_2,2.9360198158815805,2.820941740237047,3.218672631153103,2.9473885292054094
54810,pop_2,2.7889224723751465,2.8297795440706133,3.771628099704096,2.643501085655838
54811,pop_2,2.7086906622618083,3.0277401921543143,3.3609799854318076,2.676429355373632
54812,pop_2,3.3694368078636097,2.7743548602125587,3.4605549086088923,2.8129649273868016
54813,pop_2,2.66636593340192,2.8614098005403745,3.2555008518036117,3.2833767047901117
54814,pop_2,2.7455167993536405,2.758740019350554,3.5669644103149993,2.981320789691022
54815,pop_2,2.5489223515346593,3.3571791740126353,4.044864748970262,2.994832770938185
54816,pop_2,3.166207374734497,3.1795625724430607,4.019214447864374,3.126196444194579
54817,pop_2,2.5394809453059004,3.143200564907791,3.143012418714195,2.6766079760364887
54818,pop_2,2.8407942470198124,2.78488724954335,3.7070826884738928,2.8056029991483107
54819,pop_2,3.0738972862236555,3.053766371364596,3.0445499552206323,2.4818050312148183
54820,pop_2,2.74598201244158,2.7669039719667925,3.2029876877071235,2.5835452924877287
54821,pop_2,2.8492338427336996,2.7285053869395184,3.6503153306673,3.0228581014867157
54822,pop_2,3.1485697725916344,2.8700672090439308,3.5950206571025953,3.3112843244525934
54823,pop_2,2.8422751755589726,3.0696627167132315,3.249687345669803,2.7568667261362045
54824,pop_2,3.0839929097738406,2.9931569139404948,3.7120933814350785,2.717394498769446
54825,pop_2,3.1381908836098074,2.9262536177837606,3.4067135371359423,2.2056949590782766
54826,pop_2,2.7863131983338536,2.6783361241579735,3.113714596290008,2.5809200421700043
54827,pop_2,2.757867526631863,3.097856406857055,3.603250522083953,3.156128024190573
54828,pop_2,2.599592422506731,2.681611527220176,3.8830255379468213,2.427827261053719
54829,pop_2,3.1325548828483334,3.1025154751367614,3.429471684264315,3.1694191445089435
54830,pop_2,2.85569762657867,3.315213622489335,3.3558451041820963,3.2395610967661397
54831,pop_2,3.060592743644319,3.2267639814275464,3.3183342420373463,3.14197984839476
54832,pop_2,3.068293580674613,3.2336297895019337,3.351101232262032,2.6532900267237665
54833,pop_2,2.897359501483615,2.8623709695182407,3.3825740318092437,2.915838167648514
54834,pop_2,3.1767569971988094,2.966668415670303,3.1596746938843308,2.706729456094061
54835,pop_2,3.161357005121729,3.132606345879965,3.034543294268827,2.6528360760240597
54836,pop_2,3.0277184027278006,2.6350670348097376,2.833542290199852,2.4921644558920186
54837,pop_2,3.0512872405140787,3.08401869633576,3.1111398219577198,2.965356603696524
54838,pop_2,2.9168226715406154,3.0366793427960053,3.4325603994148723,2.8714003574033433
54839,pop_2,3.3372949848881657,2.736800814255498,3.755456694233866,2.6696963049380162
54840,pop_2,2.9123962396071787,2.8996030017915606,3.2156840515283505,3.3603008687769425
54841,pop_2,2.7654757721039114,2.8003675212185137,3.412892901141648,2.6268330454040565
54842,pop_2,3.031077068432989,3.16040928453662,3.2134438159874192,2.8776249248090475
54843,pop_2,2.8723344727810933,3.2224402035826682,3.8978617084593656,2.794409898634732
54844,pop_2,3.443674894370265,3.2173321921704563,3.9240762082860408,2.3722492602291747
54845,pop_2,3.2601625425961793,2.904656893327574,3.1021340305663383,2.615903678149076
54846,pop_2,2.7984234991418138,3.050498254397138,3.3246475987837276,2.822450087284293
54847,pop_2,3.0681273901949395,2.414360183805612,3.04766436354839,3.2293848664415865
54848,pop_2,2.7152825561344622,2.991380098558707,3.458780469297202,2.701080667657336
54849,pop_2,3.32540115094505,2.843330645696528,3.72903923946998,2.542545461874354
54850,pop_2,3.095481836136015,3.0205746041680195,2.766932569565775,2.82237241308069
54851,pop_2,3.083144955547688,3.0574263727961117,3.5367784677855982,2.6677684323400896
54852,pop_2,3.1702248884943556,3.5286251895523666,3.50536226662382,2.1608948768718412
54853,pop_2,3.0708302966948122,2.785803981550093,3.9855751367111902,3.0439092580550358
54854,pop_2,2.6436128771292258,3.1383111610686547,2.9691747983054237,2.550289440597845
54855,pop_2,2.6973921656749797,2.4501608108678634,3.0667505315099124,2.3636431054565774
54856,pop_2,3.0583446693726053,3.078573778344179,3.44755878848612,2.727588991913193
54857,pop_2,3.3109424947360173,2.9640750356174803,3.6769306939094406,2.5710366365407804
54858,pop_2,3.0900971752431925,2.8269546431826065,3.4908201780047325,2.2659165117263846
54859,pop_2,3.129747190086226,2.9971752721538762,3.991814081064444,2.5329489837383456
54860,pop_2,2.970716651295735,2.8644338393967828,3.3006152610472155,2.5727856706665784
54861,pop_2,2.85081205205633,2.863541459165049,3.8314636678454597,2.772114576235241
54862,pop_2,2.572926821315448,2.8064003664817507,3.8466974903601643,3.318826742556876
54863,pop_2,2.799967569961268,3.1008023814290544,3.7990778066306863,3.5700475283421893
54864,pop_2,3.254841504952597,3.026294023206256,3.741299826763813,2.7334420736152847
54865,pop_2,2.6138115850647266,2.5834743647257774,3.70319052663372,2.960899851916318
54866,pop_2,2.611232492377191,3.3204457637364793,3.9704510785840452,2.3810861112457267
54867,pop_2,2.889929866070653,2.8913259075056112,3.497333687103824,2.7972923775429126
54868,pop_2,2.8591160408717164,3.1246546732543665,3.689395723548924,3.068189508032021
54869,pop_2,2.9550717200551797,3.0488740867834223,3.8149804924651307,2.9689991517070147
54870,pop_2,3.0210127083622704,3.2747586638514075,3.188129928709379,2.467504824401742
54871,pop_2,3.0725756310851176,3.0601855829245386,3.7604522711018284,2.862052561275042
54872,pop_2,3.1255410825909373,3.078743427289574,4.284285606193955,2.072608885880886
54873,pop_2,3.31440066800925,3.06403992647128,3.3534962357947142,2.3864882686065942
54874,pop_2,2.353369443516154,2.7524577193539703,3.2515867332848147,3.6701843271878016
54875,pop_2,3.229884912382136,2.930781261212697,3.5387576864907695,2.664794117411722
54876,pop_2,2.909923217763875,3.4801814110015794,3.7094717144580756,2.1013932360495255
54877,pop_2,2.9464997583699164,2.628847621194268,2.987084552552016,2.890192283338422
54878,pop_2,3.062496042191544,3.2794231463158994,3.5912808644713117,2.57221169992965
54879,pop_2,2.772811730781323,2.9892516641221207,3.433592283077876,2.9738271510197802
54880,pop_2,2.827792728998035,3.1594621394310973,3.6771187931257514,2.858042546817919
54881,pop_2,2.9787207442850963,3.254352641161329,3.305639765921014,2.1601153076532085
54882,pop_2,2.953999469189471,2.6968415088914046,3.1775050190038003,2.696101470205191
54883,pop_2,2.797137963513857,2.46328152698635,3.5005252402801372,2.9760682779608802
54884,pop_2,2.9610448460362786,3.0034945285690378,3.9509264844337353,3.201934902498963
54885,pop_2,2.9426530040569743,2.8619541879632124,2.996329477502633,2.825636878854684
54886,pop_2,3.149411926791417,2.7792746967841193,3.8137350927753553,3.183552577002426
54887,pop_2,2.6082310341530195,3.330990674885998,3.3565321849948115,3.241434720946782
54888,pop_2,3.11428323052336,3.1040820365639337,3.9702451585792526,2.497623103139556
54889,pop_2,3.003985799995326,3.1207113089741587,2.99529752001388,3.0962759097180665
54890,pop_2,2.989585097710301,2.6112451278618525,3.3259550188897027,2.950228007891695
54891,pop_2,3.299637094082954,3.0075199287126706,3.5827141183297275,2.303212983078662
54892,pop_2,2.9156234856626724,3.263464625893564,3.714147524795476,2.886518649665693
54893,pop_2,3.5278453489876163,3.346487244909294,3.3178359177126664,3.0258257209223
54894,pop_2,3.1856369226856884,2.932414193471846,3.4356323954051433,2.8841887270923214
54895,pop_2,2.8999077031146987,2.722519836362749,3.4476900505295203,3.558576228381531
54896,pop_2,2.963789360661314,2.6625516744104774,3.31419281344244,3.053206525771899
54897,pop_2,3.077272027257771,3.0380535451273287,3.5294602968059663,2.8725021840060356
54898,pop_2,3.139140602034161,2.9633146022165873,2.8081578216802217,2.389164265000348
54899,pop_2,2.724756124487775,2.8951702965942796,3.3380438177878755,2.571983579486991
54900,pop_2,3.203970347963389,2.3590464576340193,4.391871707785129,2.5817947316658074
54901,pop_2,3.107539630232777,3.026021415546604,3.4679420665677148,2.7655450803704014
54902,pop_2,2.8432170407358863,2.932680589004736,3.7159240890135123,3.465624569870877
54903,pop_2,3.207225742990024,2.887733198686202,3.297950585200593,2.845400818819274
54904,pop_2,2.6146052231400256,3.3296633838385836,3.715234497022819,3.0786794832431705
54905,pop_2,3.299655697972925,3.0603199890192037,3.82502101899415,3.058837686625202
54906,pop_2,2.896657023730053,3.063490654483016,3.8290314378038453,2.531445627724124
54907,pop_2,3.1924463482897636,3.018886328961871,3.384314359840636,2.555353412005759
54908,pop_2,2.988015597172671,2.7040890720692556,3.8071871259932535,3.0105811676136014
54909,pop_2,3.130922839016749,3.015512568645544,3.6248479824162243,2.751016607480661
54910,pop_2,3.4237174807852546,2.6925659576304843,3.7274683824531616,2.550884750320669
54911,pop_2,2.7031367627054745,2.630142319537017,3.245236806946386,3.4351397121827425
54912,pop_2,3.0563470155567765,2.4591213839528914,3.3661652979723353,3.4216820363445213
54913,pop_2,3.0395397364958576,3.035730790090695,3.392841557056481,2.8364317633103786
54914,pop_2,3.2834768947008057,3.0040747510663626,3.349704871054596,2.0565390006546846
54915,pop_2,3.1797824720239745,3.029065563102019,3.286838439328387,2.334054613689892
54916,pop_2,3.2461252207844487,2.6616701313138114,2.9410554054502147,2.58274401176239
54917,pop_2,3.0845469697898142,2.8468413376364183,3.295536850402708,2.232991075594914
54918,pop_2,2.9564544134594484,2.6331461715433555,3.25742384309713,2.8983662000910377
54919,pop_2,2.732327532004919,2.9670863143929234,3.5044794932369907,3.243633046700943
54920,pop_2,3.0322163457119626,3.2373321836465396,3.47847379319305,2.762237518414104
54921,pop_2,3.1070810469121226,3.12785474645551,3.7514627549649355,2.667975141856747
54922,pop_2,2.8465240023118965,2.6186244452958127,3.383347362023053,3.045592852231597
54923,pop_2,3.0538504934323836,3.3944072085117387,3.2014480972331665,2.663212024232651
54924,pop_2,3.060866835847229,2.7357178185442366,3.654838361734097,2.7856186250316384
54925,pop_2,2.9566977970112682,2.8603131396336243,3.755949811868133,2.8341123813722398
54926,pop_2,3.164346770033551,3.4667771424798524,3.4485201588769074,2.8879011683680957
54927,pop_2,3.221436975230676,2.8522795984468106,3.3750621224189676,3.3535775721889
54928,pop_2,3.0356665904468008,3.0623236159232574,3.3640927629894763,2.6463832850517544
54929,pop_2,3.210956014308357,2.7065432511610212,3.0394811218380977,2.5591168233742043
54930,pop_2,3.130925891583463,3.3445439953098806,3.3022529009648185,2.665226454244958
54931,pop_2,2.5976547145153237,2.5349698648529944,3.4715350911113543,2.4051328727918846
54932,pop_2,2.7552091653647808,2.6917927953225638,3.479664434955388,2.81625278940065
54933,pop_2,2.814496885838979,3.0397091193250523,3.2000292769152474,2.908334267164135
54934,pop_2,2.9489481077446023,2.7471112004948557,3.694087255714867,2.782277077853793
54935,pop_2,2.79953667043667,2.6035640828717783,3.360252062074731,2.7787539493001288
54936,pop_2,2.5405974203020754,3.024137783353246,3.4142930677146417,2.842225271640892
54937,pop_2,2.898370490003662,2.9784060384441293,2.8581947830333294,3.0781099946483033
54938,pop_2,2.93324809401701,2.941138657089807,3.7305635088701083,3.365802308582037
54939,pop_2,3.1969808895985565,3.0759400978710763,3.2810131332113333,2.8541796967301933
54940,pop_2,2.9377864953024058,2.9798757300259635,3.483743724394989,2.8071700067474312
54941,pop_2,2.7568281005023354,3.169007492343436,4.091512050619513,3.5833317173607804
54942,pop_2,2.9026245326593396,3.4466865645804505,3.3932212459077276,2.9006624634678886
54943,pop_2,3.086323835521265,2.682373155716765,3.406753039149021,2.537554675745424
54944,pop_2,2.8246702256441334,3.171250066879257,3.736537688947079,2.752989775302284
54945,pop_2,2.826568219217716,2.7512602046271932,3.6471893704781486,2.939570090129521
54946,pop_2,3.172798508742273,3.561020748950118,3.507527243058966,2.422808486226036
54947,pop_2,3.100311804602056,2.9231961288662784,3.14117571959363,2.6015255717088386
54948,pop_2,3.565937784916458,3.1917501776636215,3.3412735516035914,3.0140453159250407
54949,pop_2,3.3796808013092456,2.7923871631030126,3.355251334720977,2.8624929353736595
54950,pop_2,2.8874297454496936,3.071947520141294,3.726712196812836,3.3313626776406133
54951,pop_2,2.9346503743958383,3.3673875648837592,4.068394974774407,2.659714279584958
54952,pop_2,3.100614199928299,2.991624480970781,3.3548126619949055,3.2194618299099322
54953,pop_2,2.9980844943648624,2.7304679894766584,3.1995235064663365,2.6160135559681725
54954,pop_2,3.1496482720335086,3.132623525884946,3.7899407255031035,2.7569739918624507
54955,pop_2,3.0232287521305583,2.7055347859767997,2.866136635230941,3.289161118873003
54956,pop_2,3.367376356513572,2.9497618977679587,3.1016418956177514,2.2343768620438063
54957,pop_2,3.257362793185239,2.8273834654565393,2.7446918754326766,2.639630923787746
54958,pop_2,3.004034844744304,2.9865939362285086,3.1244327805720102,2.710002641847587
54959,pop_2,2.5311217038644673,2.877408617831178,3.2982010568647433,2.792087872851273
54960,pop_2,3.154703071130783,2.965495504227246,3.3512072737958443,2.741244239151411
54961,pop_2,2.581351100176791,2.8880017415615242,3.1052988587134513,3.3394526059569705
54962,pop_2,2.7791240151234855,3.039176368446161,3.3099558295284295,2.7688737403445463
54963,pop_2,2.3644029514636062,2.5687501981619314,3.336080109663108,3.0157261029124154
54964,pop_2,2.826591577948193,2.975087986614058,3.95469706480209,2.5531308837050806
54965,pop_2,2.901680385657155,3.126919021588225,3.4725622657809225,2.7201239458092927
54966,pop_2,2.9724754044106176,3.321973468227805,3.7606141510973616,2.5301627244700073
54967,pop_2,2.7470022478639136,2.812068896153999,3.275977561529337,2.5364952357412576
54968,pop_2,2.917223778478999,3.1321556403146587,3.0364105882966954,2.646850752703693
54969,pop_2,3.33033003726244,2.8497454529298576,3.6703860585600236,2.6750027193936354
54970,pop_2,2.8681844013760665,2.9206792426968082,3.156940446012926,2.3583076262889575
54971,pop_2,3.2324961098608616,3.0398506695115195,3.6065042577293185,2.380319896335906
54972,pop_2,2.915390479747258,3.001745684977065,3.3997170264751615,2.993916224065702
54973,pop_2,3.2214057985773557,3.066402810772196,3.764559867269368,2.961069899204143
54974,pop_2,2.85054211050993,3.0454110476693272,2.924418279448193,2.759641419813853
54975,pop_2,3.1250900130400057,2.9272884973335036,3.315539561733309,2.6816512520132356
54976,pop_2,2.856061579535243,2.4531559051289658,3.4418974016210724,2.8848466074793895
54977,pop_2,3.2534953019606614,3.2885953500942833,3.7540965396588915,3.1644000462251185
54978,pop_2,3.206986136854235,3.1216732708428285,3.4340246572521176,3.011995701812756
54979,pop_2,2.959867050601651,2.8044654509214966,3.3691678306748507,2.4612912092257884
54980,pop_2,3.026426335927732,3.218205444566093,3.847094525835187,2.8866121692467206
54981,pop_2,2.8401125864509495,2.94646663417819,3.5603668780485385,2.7445820267182284
54982,pop_2,2.7852037294512733,2.7534173246240847,3.2879943303941914,2.501638720448218
54983,pop_2,2.6026601781137724,2.938586404394123,3.9123099117012394,2.7766016741739596
54984,pop_2,2.8050703368272023,3.146767809034891,3.4733420059652023,2.6498668697984296
54985,pop_2,2.837086577053433,2.843665696275379,3.072321862246289,2.6440848032513693
54986,pop_2,3.1468080185718708,3.180810628977397,3.7937966017256834,2.5913649468633086
54987,pop_2,3.281266610523112,2.825022683558736,3.1050705795748326,2.516190025214447
54988,pop_2,2.9596048437596942,3.076178776502728,3.3743774389813948,2.449381990369053
54989,pop_2,3.0279790432757303,2.8570118939166376,3.3225074959801106,2.4065358696815324
54990,pop_2,2.703975506482871,2.6087893438317806,3.232573315064779,2.807129435103245
54991,pop_2,3.1771649547007286,3.0768219054230816,3.424542939914661,3.2374085301713067
54992,pop_2,3.237674209249029,2.979137652556426,3.737384245230536,2.4488104875829477
54993,pop_2,2.878911206331255,3.105046764188693,3.6086080648335606,2.4569687590744285
54994,pop_2,2.4330864318862395,3.1043859479219256,3.3246384321185865,2.3002065682780795
54995,pop_2,2.6332396304323926,2.8500315356681005,3.450651047457294,2.7958592670199844
54996,pop_2,3.0099352549458067,2.7761744657717062,3.325588667261655,3.3774792255456845
54997,pop_2,2.735902940385393,3.0122433531612764,3.208578290252045,2.7859671099190026
54998,pop_2,2.952750229551569,2.9558918646941077,3.576408782516942,2.5351253337578
54999,pop_2,3.204714402450603,2.97781643136509,3.73931738371344,2.5745648736442246
64000,pop_3,2.7575479690637903,2.777866608659455,4.45790428808338,3.44513259641648
64001,pop_3,2.613891666730511,3.109964293141977,4.477877615823582,2.88887221060619
64002,pop_3,3.3735770179541382,3.0195014142209704,4.382979383950271,3.219304504006452
64003,pop_3,2.815182797076999,2.665554378603013,5.218262338384077,3.7778760243436516
64004,pop_3,3.0692133443326615,2.740885372814412,4.868932415824812,3.510477735257122
64005,pop_3,2.7034312348598117,2.7767949636608265,4.461342350637592,3.3409167702345863
64006,pop_3,3.0382707268146247,3.1296494977495284,4.308074608413293,3.1377197421997076
64007,pop_3,2.6386018783545686,3.287349830096189,4.515918698273425,2.933375260248721
64008,pop_3,3.0190898000539788,2.8555602058770613,4.998926123640744,3.0292871749433155
64009,pop_3,2.906203771897764,3.300426514683355,4.808197893448261,2.9404112398419566
64010,pop_3,3.2858836060262493,2.953863923935104,5.294935233416063,3.4002403347254098
64011,pop_3,2.8471998821467057,3.186370266561829,4.387220732647485,3.400987428205569
64012,pop_3,2.647427389103438,2.7206617563909936,4.761905596791584,3.676602395766903
64013,pop_3,2.776772641415006,2.996567720190621,4.16699117687979,3.370881523657832
64014,pop_3,2.8396627453078014,2.8725235897914416,4.771286111547343,3.3585166455850826
64015,pop_3,2.9498677209037876,3.174081976331005,4.74584613659257,3.226248334226132
64016,pop_3,3.2702439571851283,2.615623146930001,4.808267068828212,3.4633042117697235
64017,pop_3,3.2874988419848057,2.572957812443226,4.6227980082765034,3.60845312193478
64018,pop_3,2.9592762109679844,2.9114783682981233,4.861641135506535,3.6618332896390955
64019,pop_3,3.0388451346165275,3.1534373230991233,4.5344954198736485,2.879240991199718
64020,pop_3,2.7303107737636654,3.193517756947376,4.581519098358662,3.0091539111831827
64021,pop_3,2.73311236343834,2.6079209901864875,4.505638143407903,4.08049878845234
64022,pop_3,2.7016295388536107,3.1196441752110964,4.791126263723622,3.141744849007497
64023,pop_3,2.727811246175149,3.0962261641934297,4.714596515876193,3.2093972845853336
64024,pop_3,3.3051321710386707,2.7746760559746075,4.680818667830059,3.1603948363653482
64025,pop_3,2.6834145960511817,3.0449900972860724,4.519680434096719,3.73987776379126
64026,pop_3,3.186680589056142,2.5585401512859733,4.786926064721118,3.9254549709673654
64027,pop_3,2.9483642382740656,2.940099240943259,4.386177279829518,3.5010584923055985
64028,pop_3,2.8629181381903392,2.686494272123418,4.892693383352186,2.9306978200435836
64029,pop_3,3.085383988135549,3.120197700902624,5.007936816234051,3.20142610174518
64030,pop_3,2.8509613381859142,3.113173722334876,4.814824361906674,3.246710939555099
64031,pop_3,3.1431394869294773,3.284079175454192,4.913472365616419,2.9454226654947715
64032,pop_3,2.869094780327491,2.7856342225378063,4.941199935652655,3.458623985259581
64033,pop_3,2.6889476997808033,3.1930011919646315,4.781024772211711,3.162342281838606
64034,pop_3,2.8807806653231425,2.6986967939540087,4.2719028668132895,3.162282021135225
64035,pop_3,2.7338211451619685,2.892293933043438,4.776928021044475,3.45444605986352
64036,pop_3,2.9693262283479154,2.6146426685191786,4.524510953333229,4.068105554041818
64037,pop_3,3.258104462868959,2.855004625119185,4.690212635982238,3.203319909570977
64038,pop_3,2.7483144320674695,2.9175901567668476,4.639836542867833,3.5979845737137293
64039,pop_3,3.1632304448273856,2.936517714826794,4.547780175630663,3.573898547786196
64040,pop_3,2.7098945919028097,3.203338776006007,4.411816940129856,2.8106102070377523
64041,pop_3,2.8502206816357734,2.9112545258641456,4.663858904883659,3.469689995986299
64042,pop_3,2.659487918559354,2.9052384770610615,4.5826901147226256,3.652162447285475
64043,pop_3,2.9358793150665097,2.697733874504129,4.902374543871545,3.634486339552263
64044,pop_3,2.781143358501323,3.187019135273828,4.49903741970834,3.9161992698019996
64045,pop_3,2.4395544403600966,3.0497832477320235,4.824697261144456,3.2143142691155724
64046,pop_3,2.7776786576160957,3.143056301967742,4.6885931216843595,3.2363330996677733
64047,pop_3,2.311871877995726,2.763780968463922,4.309569826798998,3.6798811778708416
64048,pop_3,2.9163109659591555,2.7927766059752828,4.876997035170352,2.9734627076979923
64049,pop_3,3.233102074862039,3.3504465281547646,4.8618256011640355,2.9805668931080214
64050,pop_3,3.11102777343039,3.588356175099945,4.664928750201244,3.4137328171991954
64051,pop_3,3.298071445201231,2.829357946201609,4.623076430975288,3.3101169618649386
64052,pop_3,3.0897356016063444,2.8306316657611466,4.856029180171803,3.1457409190890875
64053,pop_3,3.080166819380755,2.999193828776684,4.730927357344602,3.342377467569554
64054,pop_3,2.9396271545034662,2.996156018630486,4.942610155909216,2.9572851340384787
64055,pop_3,3.5056543994386327,2.973740515752142,4.821475963090143,3.217073561413979
64056,pop_3,3.021947483648511,2.8500923122246578,4.588302244433638,3.4240812975351247
64057,pop_3,2.937175053090057,3.2564423660460435,5.369763111069343,2.843423756157866
64058,pop_3,2.845629052842085,3.528160312951913,4.92439383395984,2.8219385961252614
64059,pop_3,2.988932346057535,3.440921614097148,4.518880869567789,3.0846411915908036
64060,pop_3,2.819746652840184,2.497223329920428,4.388441573839766,3.353198276494629
64061,pop_3,2.8051055390139203,3.105454310619439,4.827694494351073,3.3551947602720738
64062,pop_3,2.831751971321289,2.874194375645226,4.659183496843566,3.5735199377317817
64063,pop_3,2.9128183805371686,3.2553703924041524,4.5731640400087405,2.9440025458381016
64064,pop_3,3.185528984550203,3.0350364970006236,4.5643263449400004,3.2232448069423776
64065,pop_3,3.0158833362395554,3.291411255178133,4.571999208661586,3.2089926578460837
64066,pop_3,2.581398681299391,3.381864791656054,5.204730889203613,3.428478581431981
64067,pop_3,3.08002862090804,2.8967148821005657,4.583764037932088,3.0149589458732144
64068,pop_3,2.880764209824865,3.245196624909522,4.984758456081332,3.3383021737523855
64069,pop_3,2.5863176382192457,2.6051642248079667,4.73396045801067,3.5593738171870424
64070,pop_3,2.6964222222297938,2.296232789499506,5.118881733111796,3.9945967529039077
64071,pop_3,2.7981175370394467,3.2645102274189632,4.877397037529727,3.507597594932121
64072,pop_3,2.8561564704429916,2.8745315014887134,4.491287365787652,3.7759138597790174
64073,pop_3,3.050725236812262,2.9941876469369864,5.394022557417284,2.9912498286902744
64074,pop_3,3.1879871240540014,3.0370805574884674,4.8983125201070745,3.1961211566258836
64075,pop_3,2.6425042636302596,3.220032440392345,4.556155850779832,3.54596692032855
64076,pop_3,2.7562379212777737,2.8529001969733487,4.433865698097634,3.443570002479081
64077,pop_3,2.749327522496104,2.8949975830021435,4.60895557531106,3.4789286791218643
64078,pop_3,2.8089038274090345,3.062156325794259,4.866733479154741,3.6900247403597373
64079,pop_3,2.9234920661344113,2.764077258232335,4.5039294005275385,3.72472199921755
64080,pop_3,3.020704170564568,3.5543086486100317,4.910763419010635,2.881146682679919
64081,pop_3,2.8433483021848427,3.0591573786542914,4.684752896639215,3.153405570269676
64082,pop_3,2.7716364434029193,3.043734923381204,4.5779145082546036,3.212341660108487
64083,pop_3,3.1384278869768663,3.1200787059848145,4.794652482975613,2.906709632447694
64084,pop_3,3.111980553752039,3.4298261623978616,4.503445797312096,3.4109762543764575
64085,pop_3,2.860602253981763,2.5277841510497954,4.836997837311058,3.379063203082199
64086,pop_3,2.5112595725936466,3.1491449392669697,4.690031326909785,3.149968120854684
64087,pop_3,2.862521243110176,2.9751950787527246,4.5233193490987,3.3989437163935663
64088,pop_3,2.854408620151493,2.575159501833478,4.80434676330631,3.485108465759777
64089,pop_3,2.8929708487618995,2.637913309034589,4.75159234200601,3.3828338751527585
64090,pop_3,2.735134817634547,2.63665720819922,4.447466671653963,3.6592695528226207
64091,pop_3,2.5330686271062177,3.105018357615495,4.812401533226404,3.359913977043007
64092,pop_3,3.0123669072344876,2.9548929189290907,4.827961828925844,3.642120888318233
64093,pop_3,3.092791868887667,3.078649242708395,4.749527041148855,2.933662075227552
64094,pop_3,3.1899091442762675,3.0923891595259443,4.409922644175484,3.150991413752291
64095,pop_3,2.954330354388407,2.591150761792194,4.667072606704625,3.476035545550051
64096,pop_3,3.1898539038470264,3.5332371262230655,4.723208016910374,2.920860171077865
64097,pop_3,2.9104249403645595,3.084637975694538,4.296438831619587,2.9394068109917164
64098,pop_3,2.8820481993335623,2.90155358797701,5.153090675446714,3.4891290494291445
64099,pop_3,2.7579258875858668,2.919088836669763,4.332676985599826,3.43617760194584
64100,pop_3,2.9141306413854244,2.7363126188337827,4.529466535628461,3.3911043052913663
64101,pop_3,3.272528110985308,3.0314167411942847,4.556329600275861,3.144500710468181
64102,pop_3,2.8920897147958216,3.0520682105306634,4.722751865841397,3.5131581762486865
64103,pop_3,3.352576415940038,3.0579229410140742,4.940139681957691,3.0758199737431617
64104,pop_3,2.3934653508718013,2.903605900617172,4.7811965117344375,3.4383213959739596
64105,pop_3,2.842110045689513,3.1410700048660463,4.721690346832509,3.1098377300034468
64106,pop_3,2.718000296943295,3.035126025018355,4.566158248522478,3.2400215670021466
64107,pop_3,2.281939093761846,2.6188397334034947,4.486268473241118,3.010372190039336
64108,pop_3,3.1075769527233676,2.675720714735281,4.783548602353598,3.5001041244369695
64109,pop_3,3.0440893710106796,2.8298054801298447,4.764152602708034,3.4059726032618567
64110,pop_3,2.9127768573717825,3.256644885586505,4.897429262837059,2.966014357034074
64111,pop_3,2.7854343995401516,2.8942999844452317,5.059956553928521,3.320629641146125
64112,pop_3,2.58752417757796,2.9785653379254384,4.252112438236192,3.672434365820826
64113,pop_3,3.0909073204716484,2.8981628102486736,4.886735448738735,3.853701858358447
64114,pop_3,3.0940826282203124,3.416943248010529,4.903290127159215,2.5217187984539597
64115,pop_3,3.224737618346657,3.5141698672187944,5.106465529272434,3.1736881783576822
64116,pop_3,2.9754116661041916,2.943858186614936,4.405714095600025,3.4679005268627776
64117,pop_3,2.967655340955689,3.0204877242361903,4.834138678116802,3.087798561385455
64118,pop_3,2.8864085339588863,3.273912197810632,4.647957395902236,3.2175221201174944
64119,pop_3,3.0667168168578214,2.9774645516750757,4.461189549581969,3.6773639103423195
64120,pop_3,2.8510782436215996,2.8464515975609777,4.590559388121278,3.6229093638477776
64121,pop_3,2.8518938467896016,2.8870955937413685,4.601961979017354,2.806526690997355
64122,pop_3,2.87744252554051,2.8505558855785322,4.671132876639458,3.7569156643454593
64123,pop_3,3.621058017284962,3.111911444707907,4.754598107392865,3.366337368137911
64124,pop_3,2.6389735209428413,2.9632120232416215,4.568562796186623,3.1883699309518834
64125,pop_3,2.921546759833481,2.8856763457222048,4.867305444239497,3.240880312011379
64126,pop_3,2.9621993317953623,3.2200012174523867,4.183794214397917,2.846553412463404
64127,pop_3,2.714873861684585,2.9350132069013948,4.712403824036076,3.3263283011057085
64128,pop_3,3.052294921700762,3.4287068885237244,5.234633526478736,3.4720717124626237
64129,pop_3,2.8539672790183848,3.4514295443299163,4.847570144473395,2.846721280619295
64130,pop_3,3.216392202334713,2.783504070694619,4.453165296270702,3.142172670096271
64131,pop_3,3.0374405996028764,3.264771976633362,4.653709126719761,3.0226594794340254
64132,pop_3,2.736552025882741,3.0630523424106197,4.473855022165576,2.9781866760958318
64133,pop_3,2.852330995684837,2.753170278088586,4.710218253068173,3.7038738360583006
64134,pop_3,2.7574765871524565,2.8954507197917883,4.894207827362483,3.736074230425003
64135,pop_3,2.8440224978833726,3.161928228394608,4.875512228520035,3.208570784539749
64136,pop_3,3.0371545429441253,3.2171907789282534,4.801263775415728,3.5404391211438666
64137,pop_3,3.3227136246039306,2.7377121815880043,4.899341743939668,3.1623979787311485
64138,pop_3,2.623536821574673,3.1855863845513777,5.224542369115452,3.553129554131341
64139,pop_3,3.1447976966188733,3.0861216182254045,4.909942195951404,3.4214325902973606
64140,pop_3,2.791948290831437,2.604194572296623,4.852828336207941,3.184994621718436
64141,pop_3,2.9673737027327887,2.709634876901313,4.680166224367436,3.4331761243899375
64142,pop_3,2.7802700032782224,3.338851133066385,4.6932883522831945,2.928347465495746
64143,pop_3,3.44749789470763,2.7276206168528367,4.785993742908725,3.3422964145900367
64144,pop_3,3.3966135546387672,3.1574112083116552,4.929803596244208,3.5149287889545056
64145,pop_3,2.332264809525467,2.8193734821090946,4.691090816284771,3.2012119240679886
64146,pop_3,3.3585089923105356,2.6804433582281373,4.533542641902017,3.5074460558261404
64147,pop_3,3.1393674185683604,3.1836849114566528,4.905950827999001,3.016600781833745
64148,pop_3,2.8759747499167974,3.068609567229512,4.39192114548843,3.6041161142734155
64149,pop_3,2.9614716173099276,3.079279946513026,4.291907016564306,3.3788209920661
64150,pop_3,3.0652953058343733,2.830242612808356,4.38142020437314,3.0906604866934284
64151,pop_3,2.7174273545479637,2.92517889965274,4.472120122187707,3.0913258417960123
64152,pop_3,3.024109800775216,2.835294028986798,4.791811871901789,3.2657876867504645
64153,pop_3,2.9615292339493546,3.1954643831426273,4.645421705954418,2.8228327921560394
64154,pop_3,2.871566186124714,2.758516377251791,4.282799669541639,3.5243943714071375
64155,pop_3,3.0846643456848946,3.04064355425378,4.4130340462103925,3.0970462556860885
64156,pop_3,2.654024364342537,3.018293676398195,4.774777247681938,3.5148247742102265
64157,pop_3,2.6717509499148338,3.1047175865172254,4.776576519782473,2.9648325388753562
64158,pop_3,2.694994512397336,3.303993185955247,5.238108695462394,3.2949838329743
64159,pop_3,2.701445160773873,2.933878615411635,4.636357862316846,3.4699603934422467
64160,pop_3,2.656241776040564,3.12056728699327,4.914885630764075,3.0493594957481935
64161,pop_3,2.9708710122178257,2.9981714765306005,4.826561674329149,3.268157262423874
64162,pop_3,2.5985586683440567,2.6156074316013003,4.682782572113324,3.8146775152469172
64163,pop_3,3.0054192252361496,3.208006349736447,4.966250121015611,2.4168780909071526
64164,pop_3,3.333257509873075,2.7500310520971545,4.167751542639795,3.4553171532934575
64165,pop_3,2.979018414340759,3.1635022694915658,4.805022524015369,3.227785687241804
64166,pop_3,2.9759471453074657,2.9487092730319078,4.733421665128645,3.244828508172808
64167,pop_3,2.754574183915945,3.2371827146222993,4.673845450258078,3.2701005815315733
64168,pop_3,2.788718850069451,2.9345669526689036,5.19383021347974,3.16306637289049
64169,pop_3,3.3860642735986484,2.7528159841242483,4.676884772514929,2.8664228818993487
64170,pop_3,2.7071302304786973,2.944671731848108,4.733563709206897,3.5469802069600656
64171,pop_3,2.784771177557294,3.2432073614815855,5.240420017681262,2.8414353878165706
64172,pop_3,3.098855857024336,3.1016258559240195,5.1417634239152505,2.9874076534647602
64173,pop_3,2.817318956552061,3.0665469219598713,4.552400238975061,3.5583612339227235
64174,pop_3,3.1927827763964967,2.4924380620054065,4.863749635681791,3.616913156453882
64175,pop_3,2.944413407764439,3.0050108303187337,4.971668818392999,2.9795980890930043
64176,pop_3,2.774987352989114,3.112248092345982,4.581883945825539,3.354244960406632
64177,pop_3,3.263109291201799,3.204885894969792,4.820237493735585,2.8548850929287597
64178,pop_3,2.603826332484697,2.9563318775659555,4.905326171838593,3.043757395186928
64179,pop_3,2.92268586690106,2.8735344266730896,4.783993950805308,3.15823399398947
64180,pop_3,2.76062197801977,2.6824136380885437,4.397763485479642,3.6101367494109518
64181,pop_3,2.6010299303133615,2.9162270802376518,4.817530489046369,3.232926266232419
64182,pop_3,2.7132572547817033,2.889892733568119,4.346229026598551,3.4620250808638064
64183,pop_3,2.623088350903423,2.5809182192616005,4.8949187316549905,3.366694390639302
64184,pop_3,2.8221075114030976,3.1689240383445445,4.849497791635359,3.158833334135829
64185,pop_3,2.6596470191307664,2.6259580686470656,4.859448991894971,3.92999969503465
64186,pop_3,2.579043583312754,3.4466218272855746,4.617047603359679,3.282195975742763
64187,pop_3,2.9144513771192937,3.276012562712822,5.245655375702409,2.8834226058388164
64188,pop_3,2.9054251590574833,3.407692263314603,4.980061670026429,3.1661255865094273
64189,pop_3,2.392352289662024,3.0505970319370608,4.680984348600638,3.451170708488551
64190,pop_3,2.710347787935967,2.838490745917344,4.772111957804963,3.4262498915856914
64191,pop_3,2.58633422482058,3.1467457607562754,4.610661725581776,2.8747302971397817
64192,pop_3,2.924950449401902,3.367681456133943,4.613845042186771,3.0458637276040625
64193,pop_3,3.0682060506432802,2.78004243467017,5.006619652562843,3.287451214594518
64194,pop_3,2.913318943213907,2.721118629533481,4.242485571183678,3.6930652110622906
64195,pop_3,2.835262512279934,2.6520331693406254,4.392435535042814,3.620100730861949
64196,pop_3,2.9198811330719368,3.098965731351693,4.47543888761794,3.3662578709658693
64197,pop_3,2.789931594138216,3.0023178902318413,4.73708436434429,3.497242394847906
64198,pop_3,3.2700787418491166,3.1406554450592767,4.59004885552977,3.4687347462521823
64199,pop_3,2.931975243372933,2.7400984657494547,4.585951119865701,3.537382799934714
64200,pop_3,2.9618431387038924,3.107968931140268,4.54485232211982,3.653760800117703
64201,pop_3,2.902723364398265,2.855493891413712,4.612029990795998,3.7739746734924937
64202,pop_3,2.9806787020342385,2.7501875590858686,4.715161119723096,3.570013913194141
64203,pop_3,2.6275805283242875,2.994337680300292,5.225000943822512,3.5240223648385336
64204,pop_3,2.897128238732172,3.1935167256490264,4.802503920830415,2.7244681726623714
64205,pop_3,3.026309281181691,2.63431130928505,5.013258031062607,4.10387544319897
64206,pop_3,2.819723072066919,3.4974138539988866,4.82062780463022,2.704922196369626
64207,pop_3,2.947812661630332,2.7842748537373514,4.596709310982316,3.5715182622691524
64208,pop_3,3.025414011858173,3.2204754134664215,4.62823795536729,2.439748507778157
64209,pop_3,3.2500691551692884,2.960199010972898,4.832323369301257,3.0350613782670677
64210,pop_3,3.2373973054464535,3.4741225389335186,5.164968576534946,2.766851383127763
64211,pop_3,3.165675553037118,2.777710900017062,4.630120597778338,3.6184883677497517
64212,pop_3,2.599936095014616,2.7374386843758662,4.550165714617768,3.7727710660413005
64213,pop_3,2.5907387355115685,2.7766740234409366,5.109661752091503,3.236164130235879
64214,pop_3,2.762528970060628,2.893207870043641,5.1460419909766575,3.759668567134643
64215,pop_3,2.9488996013030473,3.1711516943717997,4.704100962798055,3.2831312264162067
64216,pop_3,3.145681116825364,3.0784917469970194,4.7093862303247995,3.2755945730434735
64217,pop_3,2.8315910883858812,2.6024996586317832,4.386035443197149,3.5918642636447284
64218,pop_3,3.6633865712114657,2.5547971714767637,4.807347225229315,3.373412770680482
64219,pop_3,2.5631154243074943,2.9929164156844164,4.407832330697332,3.408241374558201
64220,pop_3,2.6194737701219415,2.424655478418744,4.779488924835278,3.5871716322782934
64221,pop_3,2.68387362575344,3.167128543337255,4.682645632289938,3.028777734631701
64222,pop_3,2.9633570313945152,2.745663927629005,4.301139393272181,3.4489462122635675
64223,pop_3,3.109620647889489,2.7713416481449187,4.459464860127917,3.5638009986802257
64224,pop_3,2.739722446369297,3.0318388586616756,4.71541365293113,2.9635801781301656
64225,pop_3,2.6179104081140596,3.0982624979700475,4.546134864079423,3.579325269987979
64226,pop_3,3.0883021546346323,2.984048440696119,4.4396618459841966,3.183212600243047
64227,pop_3,2.9989433826801317,3.3806861945552207,4.895838086756492,2.8868187721323593
64228,pop_3,2.9190083919643937,3.046919969253509,4.8185614985049705,3.2737450052087285
64229,pop_3,3.1199028208195876,3.0240735159541487,4.817200295219332,2.715542517480108
64230,pop_3,2.9118813255776246,2.94846097189946,4.6918506167145,3.7747480922546996
64231,pop_3,2.9410787038870847,3.336638091369055,4.524525705178463,3.383269812479285
64232,pop_3,2.6153928614612267,2.9443581399093293,4.838609957462324,3.534639169316099
64233,pop_3,3.1643821595802675,3.26409209070883,4.475265233624162,3.1731731618025734
64234,pop_3,2.8785785458533035,3.418326296321167,4.966534945123555,3.0731930361284006
64235,pop_3,2.7158287690279668,2.725661313643782,4.8151331124379935,3.346343866735244
64236,pop_3,2.700839896318816,3.1569546326549958,4.434616344090452,3.472089420805615
64237,pop_3,3.02987874534148,2.902876701696284,4.754831556012289,3.446889217161536
64238,pop_3,2.8891071180772414,2.7051525153659233,4.532569149732043,3.4072844727507485
64239,pop_3,2.833305289725171,3.1866600117678416,4.6376500335330135,3.7307887877303196
64240,pop_3,3.119258342932799,3.304906818965701,4.771173237104167,3.354251606085785
64241,pop_3,3.4147346965477334,3.021312930253118,5.111185103824835,3.2395307790190415
64242,pop_3,2.916299412918209,2.951870524136727,4.932808166573425,3.4556071870924874
64243,pop_3,2.776012239914909,3.372409684029437,4.768377188061189,2.9553720494161317
64244,pop_3,3.181486857903011,2.9488095973453365,4.322362094984285,3.589729709598116
64245,pop_3,3.154653866731613,3.003508210754962,4.730280804010831,3.4432405030932056
64246,pop_3,2.8344637754940627,2.9625228068341363,5.101336772924186,2.932766978972924
64247,pop_3,2.8607150931753136,2.6820883133745363,4.579908815155198,4.044778525301524
64248,pop_3,3.277869357957306,3.401849808662434,5.021483639702794,2.745468102152814
64249,pop_3,3.3473960592344993,2.9695421184023303,5.122155157871538,2.6442305477055013
64250,pop_3,2.8844913951411706,2.8700768252889173,4.28071697075337,3.243738191592377
64251,pop_3,3.068880583181496,3.4181676704050137,4.769828000228814,3.1228622774270156
64252,pop_3,2.5634725631538364,3.069571843557159,4.502752792410387,3.1689663580902945
64253,pop_3,2.7296469195187494,3.0406745009035125,4.7697714713904125,3.2682439719162195
64254,pop_3,2.854793341977429,3.070183330157757,4.641104186748065,3.4280235729743334
64255,pop_3,2.874198891848275,2.8684877746662494,4.556456800060713,3.672713088852763
64256,pop_3,2.6439369484255493,2.896849581643453,5.021111605010529,3.6847955225213735
64257,pop_3,3.0519212970367944,3.1049137537089515,4.259516290749822,3.402507033537215
64258,pop_3,3.1751279668668033,3.1240884543064134,4.9888686593525895,3.1482780220601607
64259,pop_3,3.2952686288623694,3.2520182121058903,4.7481334702036175,3.2362460442040115
64260,pop_3,2.6942055899581154,2.5402945995340365,4.921864893807869,3.2294128981891816
64261,pop_3,3.2757003443855446,2.4850199047214097,4.417684235246984,3.6396730510737867
64262,pop_3,2.6690679065871827,2.9151032907196566,4.33775935791894,3.2682896963156587
64263,pop_3,2.5723084372512965,2.967144673982619,4.445688036585646,3.739633094121441
64264,pop_3,3.124540074995852,3.0980714859213263,4.299503712025461,3.354177315769929
64265,pop_3,3.038660080674767,3.1301129752030374,4.7213958624732655,3.5341264433191752
64266,pop_3,3.215180024384476,2.9866069192457636,4.107574498378501,3.203994704434541
64267,pop_3,2.434309173146669,3.235265331302354,4.654943128600902,3.375729970174962
64268,pop_3,2.838735019721166,2.8742415679655924,5.012550453382927,3.2372005580516428
64269,pop_3,2.305658193115157,3.1377203600125063,4.426401517114946,3.278411765943169
64270,pop_3,3.139789243259689,2.6035817770525203,4.51484124129291,3.4111288185132707
64271,pop_3,2.81454071270347,2.9446065824713017,4.633784276839085,3.714756103862749
64272,pop_3,2.839221578192494,3.3361642964748435,4.50457655338866,3.2502447031971404
64273,pop_3,2.846039525277881,2.6402987453449867,5.289858359127712,4.106726345107511
64274,pop_3,2.946668958186946,3.2675453876427683,5.009976357113754,2.990905878137077
64275,pop_3,2.781358592328392,2.966564109661689,4.46854296967097,3.322001141363873
64276,pop_3,2.8017482353329983,2.8827768655445922,4.38229461999539,3.8228137185925837
64277,pop_3,3.0219915022399686,2.924933983880584,4.355561198504897,3.329179428989863
64278,pop_3,2.937665356535353,3.4589773997445596,4.624429026980147,2.7998816624977745
64279,pop_3,2.7787991850138596,2.981387897605685,4.371983000713962,3.4764384192783964
64280,pop_3,2.63049235359341,3.080153663351435,4.508486807033314,3.590239405862824
64281,pop_3,2.903024245609551,2.9426571749401846,4.680836144952045,3.5537676018592204
64282,pop_3,3.0088916687087788,3.092322968293154,5.154329334164458,3.239275988734241
64283,pop_3,3.101715856085714,3.2867796268193916,4.642120097360051,2.980161553424809
64284,pop_3,2.851330596700251,3.066478812138823,4.87364119557342,3.2090430406004953
64285,pop_3,2.814681226190621,3.3334073877495105,4.181412021370461,3.1845763253423867
64286,pop_3,2.7279557932011715,3.105091018559294,4.766340775724086,3.2190575928930163
64287,pop_3,2.955026606087673,3.3842430485154877,5.085963099255295,2.710715166173665
64288,pop_3,3.2173188876986516,2.9362336965006,4.033016130052031,3.4175213495241468
64289,pop_3,2.796559710732596,2.8813909389959953,4.568497835376516,3.2307623503307377
64290,pop_3,2.723345724032079,2.7887859954914997,4.67875438798798,3.5437343761864755
64291,pop_3,2.6897683725487154,3.0638148095039064,4.549054618143231,3.8035273120179576
64292,pop_3,3.237873316635965,2.8753500409332378,4.132852020871039,3.5426928646655167
64293,pop_3,3.1881523088888106,2.7536072935465583,4.822192244751196,3.409721578397953
64294,pop_3,2.6630075357816554,3.0117805168149077,4.249318404187417,3.544297525958272
64295,pop_3,2.8928543053391236,2.929053384995999,4.499241603413657,3.5393390212731557
64296,pop_3,2.837667490254719,2.892879827532484,4.8348762758403305,3.270154603313244
64297,pop_3,2.860089110872535,2.843205124938889,5.222707350638666,3.0911962946656657
64298,pop_3,3.15611173699044,2.784746186685956,4.656031637707275,3.5066153960740998
64299,pop_3,2.768375970421818,3.4226741831212797,5.345815239919441,2.893210944191249
64300,pop_3,2.9729768027660923,2.7212715863475245,5.006889373046487,3.5018535618158304
64301,pop_3,2.699371223250403,2.655585910526103,4.838790247167096,3.1565533736816684
64302,pop_3,3.550880334929928,3.305123992863828,5.102576091421202,3.407410560576623
64303,pop_3,2.9648870480464122,3.0692071717926503,4.6574769735499695,3.0242551921759615
64304,pop_3,2.7103976230861706,3.071213379096023,4.5754852034971565,3.0575346413431395
64305,pop_3,3.3785580254679246,3.095150341834071,4.423287612382372,3.525996140841308
64306,pop_3,3.0668286605025696,3.148096605439228,4.39199752994672,3.2600206694536316
64307,pop_3,3.12270522149763,3.144224473944366,5.22941743235608,3.0008136264447245
64308,pop_3,2.6698911663122953,2.977579584727266,4.495492532900154,2.9617264470289606
64309,pop_3,3.333089684197825,2.8589374924740167,4.808334363065438,3.5078342496319426
64310,pop_3,3.0847474146799727,3.418315178094835,4.901663728437133,2.9741685398531783
64311,pop_3,2.92579019512057,2.7548075639444893,4.552374814692425,3.6145932796329587
64312,pop_3,2.536507211796978,3.1956951581464366,5.048988616854655,3.2177198972637484
64313,pop_3,2.9751754098761434,2.8550180692407956,4.804460214717129,3.3389474450450565
64314,pop_3,2.8415132471365627,2.982572788022069,5.105225766888254,3.6465064994631113
64315,pop_3,2.675493975781612,3.604097894113139,4.752725900216544,2.539011847748187
64316,pop_3,2.8345751530879553,3.308178252238661,4.570001489644364,2.942651273126166
64317,pop_3,2.5767128731308655,3.1942923976354445,4.987296825961451,3.1626700577050744
64318,pop_3,3.2464358283781367,2.632317659273883,4.491322117529621,3.593078821069282
64319,pop_3,2.8116451037255064,2.9235773492761736,4.787252272005975,3.3508280659627268
64320,pop_3,3.216000187376511,2.8816156626637794,4.652301633315943,3.325411357525529
64321,pop_3,2.8581620310764215,3.336355951259537,4.754365007204203,3.0166736409551427
64322,pop_3,3.095494753525381,2.910582882624062,4.421238334432094,3.599555902979778
64323,pop_3,2.920180446374551,2.8807267703282022,4.624479852464227,3.5118814445624857
64324,pop_3,2.878869201764925,3.0706473288317517,4.623654958592672,3.3167329722615757
64325,pop_3,2.8786228060178423,3.2019774129737977,4.682296189267286,2.941811615570237
64326,pop_3,2.821396731297439,2.619352360752054,4.723330661627932,3.3806650773934486
64327,pop_3,3.087860751419037,2.9918674471173645,4.919035881527829,3.3749358242468834
64328,pop_3,2.989520648199112,3.2803221095143975,4.722320734506802,3.23289413643778
64329,pop_3,2.92228780334778,2.5918242404606397,4.97686680171521,3.3872480800284492
64330,pop_3,3.139657540860833,2.974278899865761,4.562440345411587,3.2153514965099506
64331,pop_3,2.7304133196765723,2.798659847665344,4.557114500297068,3.3772507192920798
64332,pop_3,2.511206483269801,3.0014917062264663,4.88883336902569,3.325936924923338
64333,pop_3,2.9464327563722303,3.2831729740461357,4.726491302068201,3.3760886796640657
64334,pop_3,2.8471332391260353,2.898894880929817,4.704089852683877,3.6867065910148917
64335,pop_3,2.876553781562229,3.3297180520985608,4.612365382968031,3.5346255456944116
64336,pop_3,2.454960747193008,2.817439294269923,4.782463311193176,3.5653704105532604
64337,pop_3,2.8794309397955558,3.1217208658771405,4.385234708997273,3.6805640672633215
64338,pop_3,3.172646570693165,2.392006098990641,4.7353647144756925,3.830134051241947
64339,pop_3,2.6395770222876953,3.1547369704619284,4.848585405038096,2.9349505411728503
64340,pop_3,3.3422967396628707,3.4020581459352037,5.135215636921709,2.718854813690454
64341,pop_3,2.774792126560165,2.8791141651117065,4.736576899787139,3.337223480353868
64342,pop_3,2.6482340196614955,3.0194733449324302,4.768320988340251,3.4704679653560606
64343,pop_3,2.7023561410586123,2.9022618002028517,4.431189682138545,3.861153826164487
64344,pop_3,2.9198341343675986,3.04111207494071,4.526321551380364,3.30827007157845
64345,pop_3,2.8761671465606358,3.205848197763156,4.679479296254703,2.6243361880870313
64346,pop_3,3.3332081258452457,2.8618621910849753,4.925838804924697,3.6594153042879713
64347,pop_3,2.998842603712674,2.876187370608908,4.7331700215849954,3.139581432189464
64348,pop_3,2.9863048896526623,3.143108684413301,4.7958664870047265,3.12156975667748
64349,pop_3,3.00184743862364,2.889462842218446,4.828073819884543,3.3847712710010103
64350,pop_3,2.647613570870229,3.0294521127490026,4.9524408296663855,3.4040177804711735
64351,pop_3,3.149109998251032,3.107120175264877,4.9066999330920185,2.9997277414187953
64352,pop_3,2.4967348634404107,3.255132511304006,4.723956894325136,3.543575093686924
64353,pop_3,2.8099177986974238,2.698701990625459,4.505856832993696,3.125441046008787
64354,pop_3,3.132635013058282,3.3121791488023398,5.090528994296083,3.0975929447235426
64355,pop_3,3.252434242394775,3.1551991621657427,4.801056558575008,3.4063578878655436
64356,pop_3,2.67317027086436,3.308869961674372,5.138414647435129,3.2074644682861906
64357,pop_3,3.2892012196124156,2.778943405400154,4.79947847084376,3.070428753124506
64358,pop_3,2.954195652237984,3.053727463769159,4.391624953990755,3.458066010103294
64359,pop_3,2.7610587443129577,3.3013764998957056,4.812717502032034,3.8452807664957493
64360,pop_3,2.7370703535523506,2.904377183140312,4.45250132951558,3.5051592546492762
64361,pop_3,2.9609979698484192,3.0494062212155617,4.776775832406356,3.2362259173608097
64362,pop_3,2.7680375052488397,3.011679599965027,4.530222202834201,3.2970542073126268
64363,pop_3,2.9284576701829614,3.1142878075352862,4.957702422222379,3.082843353573244
64364,pop_3,3.205541003904955,3.244114999661318,5.349048236191892,2.7295491984378186
64365,pop_3,3.161872532305038,2.721711000564653,5.349027661011287,2.968248210531034
64366,pop_3,2.949206281728936,2.8178955800225736,4.88229993392456,3.7129048877361615
64367,pop_3,3.044429826876989,3.5241387714748234,5.130551177831787,2.9708977198006172
64368,pop_3,2.501351898520669,3.265548784070106,4.670099541603311,2.986327718099429
64369,pop_3,2.7772629740274044,3.1517919577876152,4.309250944576647,3.2068214355023494
64370,pop_3,3.011566236475627,3.0160965288564423,4.729324517022404,3.2005430050707573
64371,pop_3,3.125287402750852,2.735484379789097,4.551154997875176,3.478834555747826
64372,pop_3,3.2052108049286185,3.168396489201233,4.784319404677709,3.4229613464057826
64373,pop_3,2.924706394816019,3.0936262046367995,4.551080158537535,3.0230473679858996
64374,pop_3,3.286281337086153,2.9708250484259757,4.904435268944668,3.11956231460855
64375,pop_3,3.022891627000391,3.107429581834505,5.240484005597749,3.3136266852168257
64376,pop_3,2.768582155973289,2.989184379525571,4.586672244621268,3.24329087661117
64377,pop_3,2.6448866813793126,2.9800020312349003,4.8554422375733335,3.821382752451313
64378,pop_3,2.835549105664492,2.7429870120538067,4.905378031023955,2.8916922423448934
64379,pop_3,2.8927514269286223,2.746296089936519,4.431252627081724,3.2617341153647197
64380,pop_3,2.575797152937987,3.017916350776819,4.42109839485058,3.4246742436474387
64381,pop_3,3.167577222201911,3.3348002428389716,4.9691000663410385,3.5363325942956867
64382,pop_3,2.9580011626209863,3.0893183417683474,4.425815612735683,3.3046661029545246
64383,pop_3,2.2740114428629696,2.48812391738855,4.701682936882629,3.6223575365448086
64384,pop_3,2.8035590274842805,3.17333979677026,4.736467132345841,2.8622173018962322
64385,pop_3,2.595791449490781,2.8212058908635727,4.625372940199213,3.4933809691003135
64386,pop_3,3.0522150289486114,3.282414826328011,4.987454464544946,2.9998373479840756
64387,pop_3,2.9464572569955347,2.746596231902387,4.788824677250537,3.2180099090380025
64388,pop_3,3.3072975527169577,3.007922919409925,4.705686089330065,3.2698145391989892
64389,pop_3,2.7268499224715126,3.148248600310793,4.846184672567008,3.008041576779019
64390,pop_3,2.887482386741122,2.9883392221120113,4.517134509701712,3.2614281897454758
64391,pop_3,2.5777511325221196,2.9950233311850254,5.044752356523319,3.7009566894244936
64392,pop_3,2.483561633184028,3.3831204962764336,4.605149580482985,3.1271894291339013
64393,pop_3,2.5584954375529496,3.406856487983974,4.631260054056323,2.893221936831406
64394,pop_3,2.796581141716846,2.973283294357951,4.961817002630612,3.6429087426220548
64395,pop_3,2.8124644251655706,3.120935670263377,4.684029768006285,3.2605833814931806
64396,pop_3,2.608087746436061,3.223059816275204,4.301136085143041,3.3697744096895423
64397,pop_3,3.1435286982909845,2.793832917135569,4.719994322765764,3.3304404318494853
64398,pop_3,2.46515710136458,3.0482779965279536,4.454820653257289,3.3762171036378428
64399,pop_3,2.5973921375701368,2.8072116732169006,4.504092332136649,3.3659761399798964
64400,pop_3,2.6386046466881177,3.5287493530328535,4.704764328887274,3.0439692301040706
64401,pop_3,2.8219108115413016,3.2186693751935764,4.9652979736783704,2.9333158887277704
64402,pop_3,2.9873514686556546,3.2142461847749715,4.435856727377117,3.018903469177858
64403,pop_3,2.6867573198901593,3.21823047909242,4.487696658060782,3.7148272540687053
64404,pop_3,2.9543337526465625,3.079499046940241,4.555571148984525,3.585947952466155
64405,pop_3,2.6564290671691055,3.0870488182968407,4.481004562709984,3.4920027962046016
64406,pop_3,3.255144265297326,3.3319956980821064,4.883740850395218,2.9243426450754733
64407,pop_3,3.26564120837267,2.846533716270312,4.758913732973593,3.4903321313852835
64408,pop_3,3.3339269550091872,2.848989145484593,4.463772177286065,3.475595809788775
64409,pop_3,2.681280489229555,2.6031993779074574,4.992996900207612,3.3319965061770525
64410,pop_3,2.6973268898425196,2.7622968202868434,4.69980032016172,3.4645930250236763
64411,pop_3,2.6779205640203734,3.0793383146895814,5.319469405466581,3.2627662547756784
64412,pop_3,2.81611300464866,3.0728531779729855,4.385100439023484,3.2081112840733517
64413,pop_3,2.8688502428624805,3.3238157014822582,5.17968866284016,2.767490513151365
64414,pop_3,2.7977068448578497,2.814645925338817,4.976436893370306,3.7464926303947994
64415,pop_3,2.7454840283117385,3.1401166783998327,4.602107667475139,3.402443883722554
64416,pop_3,3.142227311782302,3.1050978265925995,4.524925081135525,3.1878150876144065
64417,pop_3,2.7673375187629112,2.8891837110218015,4.952851068615962,3.6062737171458523
64418,pop_3,3.238217393020519,3.1000352693448425,4.959470834338415,3.2437179363449715
64419,pop_3,2.6447674539189485,2.9558534043030287,4.633822103422744,3.5032883322993413
64420,pop_3,2.94769453694339,3.139250305508526,4.694470485909917,3.3190316634899784
64421,pop_3,2.6488856215954963,3.089010119723554,4.592409859663086,3.220553273106951
64422,pop_3,2.7728652920943406,3.0355449134873735,4.9743974007127045,3.167212002705901
64423,pop_3,2.794770611459587,2.8929642295340683,4.598714587680375,3.7897945427733197
64424,pop_3,3.298664789409633,3.2175451059811757,4.401356765782571,3.047030877204697
64425,pop_3,2.888695980542564,3.0626511108281247,4.274953646074354,3.727355268663384
64426,pop_3,3.0628371061963002,2.9333284377687803,4.98754863782197,2.955123369814347
64427,pop_3,2.892805272996699,3.2699127364887217,4.632395347492761,3.3543864631757447
64428,pop_3,2.731823003087311,2.950210461157974,4.7077891317962495,2.9097877295408887
64429,pop_3,3.256837666804962,2.9514996001566813,5.030227071856485,3.116955984401319
64430,pop_3,2.947414154426955,2.7086992426887853,4.066232986021303,3.565884784153489
64431,pop_3,2.810254050909482,3.005179050390738,4.995677785503079,3.276402462822256
64432,pop_3,3.459493808631474,2.9116126807260314,4.719062446385547,3.19098905923709
64433,pop_3,3.0936512601698993,3.1893829523940704,4.518631179285402,3.3508762043480735
64434,pop_3,2.5620081583928584,2.708415246343327,4.808211787548117,3.5925335410219748
64435,pop_3,3.1099530545951515,3.4126272026427955,5.243765208920115,3.0626048897852742
64436,pop_3,2.9224939757265207,2.9304695313183644,4.4628327966445,3.5238654549315807
64437,pop_3,2.5373476233217236,2.9291880440899702,5.052918524794789,3.762879431087638
64438,pop_3,3.185994723078685,3.065579872141855,4.463892868360145,3.2694657198061026
64439,pop_3,3.245180568672452,3.6114910767249437,4.930950769112216,3.0653412068906123
64440,pop_3,2.6867422519447888,2.7998588315473536,4.594336974218227,3.7804749551694914
64441,pop_3,2.858315886515497,3.13121893807029,4.908952771769213,3.1691043744124654
64442,pop_3,2.9713794634885895,3.2547029337432716,4.593342048972001,2.5041636846143067
64443,pop_3,2.7638905271780767,2.5053133520681063,4.407468480857454,3.169504943482455
64444,pop_3,2.751637602949981,3.095563132260526,4.687787252777868,3.5767290743551494
64445,pop_3,2.896217629203897,3.124160653517212,4.545136890137922,3.205845693359544
64446,pop_3,2.9308502202371556,3.0698766152560744,4.54688268765523,3.437968959266089
64447,pop_3,2.7586590291023394,2.8174583606590677,4.628213572295012,3.6525811780641915
64448,pop_3,2.792344682096311,2.739488571058428,4.676398555149486,3.787157553692919
64449,pop_3,2.9306963962858186,3.0066656718856697,4.6489658035326915,3.6188554988058708
64450,pop_3,2.8213760418914586,2.6682915684589195,4.374286378335012,3.2171140823545143
64451,pop_3,2.897588494916677,3.1761938851405196,4.733717343693266,3.807353571429698
64452,pop_3,3.136686664364503,3.2126636077052173,4.7000673315316694,3.0979698073354265
64453,pop_3,3.0167971405651324,3.2147388759127438,4.597408886687389,3.028752173276903
64454,pop_3,3.1422195034347453,3.1183243274516874,4.23581515859631,3.3671792616460468
64455,pop_3,2.8041780979545625,3.140468333174931,4.99200358233497,3.4206528643217755
64456,pop_3,3.141619358676336,3.0843230027948634,4.7746416802794105,3.6490665237487963
64457,pop_3,2.7904570867393383,2.969850034027629,4.4885768079549475,2.958525820726629
64458,pop_3,3.0751734843405294,3.0060726271325353,4.837255116424324,2.7582788787371695
64459,pop_3,2.806627467507912,3.153797137326587,4.620632504648194,3.585150061687697
64460,pop_3,3.3135986854291133,3.058680925064812,4.4713865403356525,3.1941833336912504
64461,pop_3,3.1582986408122014,2.813862588065964,4.521891912186377,3.361284811140172
64462,pop_3,3.1718226784350767,2.7437750452992584,4.809922739842616,3.147847917107942
64463,pop_3,2.9460724439083115,3.193612242906881,4.987992746033574,2.9723773377124862
64464,pop_3,2.6742505359174054,3.012250551028298,4.532194208902817,3.431416752608482
64465,pop_3,2.726865727071046,3.0855383588832215,4.770849741209963,3.4050673936679243
64466,pop_3,2.6307315980964754,2.9521885153314082,4.988187586299793,3.5556339393676994
64467,pop_3,2.810917035837181,2.7412446702805884,4.36365473426721,3.516368039574884
64468,pop_3,2.84641884458378,2.985156902228852,4.691887816103783,3.490848685473281
64469,pop_3,2.4342602710761576,3.07459415987822,5.091363140045028,3.314528273718613
64470,pop_3,3.1110488264317735,2.9690007527084785,4.866175658794553,3.0134242519221215
64471,pop_3,2.790836859999616,3.051723502354877,4.746980419573434,3.1642750305019454
64472,pop_3,3.033036396892896,2.8907654088906014,4.920598315013229,3.121978807274665
64473,pop_3,2.896343174891135,3.116236061037911,4.472428456993801,3.4791538280543906
64474,pop_3,2.5429781528393955,2.8335660601757584,4.419858946093766,3.721384107456979
64475,pop_3,3.050474247424729,2.763696863678437,4.902440657803705,3.5321481129022803
64476,pop_3,2.7698575956179323,3.3619931202289766,4.724612108570451,2.590157301299305
64477,pop_3,2.839101212754842,3.2701063444760026,4.644212708808694,2.957447898061253
64478,pop_3,2.7577783581912954,2.6423971927845864,4.760459716492984,3.9027231404078795
64479,pop_3,3.124002954304418,3.413364548546312,4.88306795218286,2.862227606829905
64480,pop_3,2.870184381905416,2.977122158102501,4.918207761904853,2.9335770483299117
64481,pop_3,2.597445029036501,3.3173452232002556,5.091126562048143,3.6065251706269543
64482,pop_3,2.9508554612779982,3.059008807485492,4.574167421837521,3.152652569809049
64483,pop_3,2.8773428606965368,3.1335668095360734,4.558581100026613,3.446473163696356
64484,pop_3,2.848880116325041,2.732241139080341,5.00945432717064,3.492191856818945
64485,pop_3,2.9481152402181143,3.2386028348260343,4.960500240034799,2.946265399271588
64486,pop_3,2.9591890966648196,2.951008839868388,4.772477362521282,3.5696429401721184
64487,pop_3,3.0505233509547103,3.3811268202229003,4.790986203171025,3.108136827181541
64488,pop_3,2.8892726928644183,2.7703249742003346,4.610806265805344,3.658323016709607
64489,pop_3,2.807216196327351,2.971372377184243,4.836984333479497,3.108674737435226
64490,pop_3,2.818980505396948,2.768022605472104,4.502208433615176,3.7337405820760834
64491,pop_3,3.2141186491021116,3.1954407199494517,4.860624366041622,3.1727087344753815
64492,pop_3,2.698034364598164,2.87398075692982,4.746327603541724,3.0819721470462733
64493,pop_3,2.981117540101076,2.8198406169886865,4.957366961917843,3.31314447780893
64494,pop_3,3.2271614888772597,3.2212963197721827,4.742160600060712,2.7733569491694268
64495,pop_3,2.8368494671538453,3.2598296034628995,4.527038430434405,3.0465745272828153
64496,pop_3,2.704151479353498,2.7231303966118605,4.805223249525581,3.3968479917748127
64497,pop_3,2.79340211341537,3.0294467324531333,4.591092314445962,3.069255149129026
64498,pop_3,2.9233402496052747,3.221647550924635,4.855545564213563,3.00335456051121
64499,pop_3,3.0795185714566715,2.9569353432130128,4.891779838993997,3.9855777166006865
64500,pop_3,3.2237405484076525,2.9934726237908764,4.336817565443606,3.4966697035435854
64501,pop_3,2.775102023726208,3.357495256042933,4.816699087864928,3.4361830264181075
64502,pop_3,2.7847009701305057,3.053972380238997,4.807909589590766,3.352488162404397
64503,pop_3,2.873177597986674,3.2260158469458244,4.826362732745037,3.483079728808268
64504,pop_3,2.8225807657637385,3.467316608074171,4.833156352887041,3.0695496220571554
64505,pop_3,2.576727669969003,2.8990812660639653,4.575755109046506,3.297483506401364
64506,pop_3,2.870648017068523,3.4284877760022754,4.609856947999082,3.0206232172633336
64507,pop_3,3.0434068873558284,2.496839014554,4.648764866485021,3.7913373950765763
64508,pop_3,2.9193979042183518,3.164194696477581,4.878741123767392,3.233722226835714
64509,pop_3,2.94661405527047,3.0265512860023,4.648099295414265,3.14809844739849
64510,pop_3,2.866833175516822,2.6814735209445884,4.86193696127288,3.246837258081045
64511,pop_3,2.815591174200221,3.064556405501389,5.041266454752112,2.935796335006847
64512,pop_3,3.141164130680628,2.955460831590205,4.844718088870191,3.201860995132781
64513,pop_3,3.050335043409499,2.7761918127308793,4.670172261310324,3.477608734108692
64514,pop_3,2.699147092779097,3.072051798689251,4.627800617453606,3.0492332991511497
64515,pop_3,3.001400795894387,2.804923327469401,4.494288624419856,3.3144224105491773
64516,pop_3,2.916867759912714,3.100700574219309,4.544213848077657,3.3912054154494418
64517,pop_3,3.0294315950549535,3.554035008987284,4.550801603996571,3.182579077974993
64518,pop_3,2.692599525962591,2.9266973373723246,4.465689529158349,4.012918204379194
64519,pop_3,2.6348294788167976,3.28876475342925,4.683845206276076,3.1840123330386922
64520,pop_3,2.8013021279810024,2.7748378844277344,4.474595983506337,3.5359789778495117
64521,pop_3,2.642102910552128,3.0146070673558145,4.59289418942626,3.1078033283763147
64522,pop_3,2.9889413823461353,3.048193751265989,4.486247337050252,2.761221985055519
64523,pop_3,2.941466520638914,3.407605146911553,4.855859847089155,3.3994469773147498
64524,pop_3,2.6870359200054157,2.8926871302586536,4.772928035051543,3.877868152022822
64525,pop_3,2.7416854939384576,3.195200541094841,5.156369766379249,3.0211643388193594
64526,pop_3,3.042716620939729,3.1823643580915477,4.349440210660803,2.979184877620969
64527,pop_3,2.908287020725812,3.2528053872280536,4.535236138407861,3.195154308388986
64528,pop_3,2.645806087608067,2.8741635092930378,4.443550256024283,3.5222820496705687
64529,pop_3,3.1648915733143452,3.4445117699894956,4.680147748366936,3.0146828274506428
64530,pop_3,3.062599478112578,3.262353914084263,5.278834608360176,3.12076924398292
64531,pop_3,2.782748424768225,2.973253186216205,5.1429194551099275,3.413787330671828
64532,pop_3,2.609555428364907,3.391146242275288,4.334533603994385,2.8583932612833673
64533,pop_3,3.5677532246282704,3.0394849281204883,5.05074921354638,3.0785902652783252
64534,pop_3,2.999734450600266,2.7104622754886547,4.629031711554169,3.521245286225109
64535,pop_3,2.746056123687154,2.9010671337694705,4.8902808875107215,3.2352292743850617
64536,pop_3,2.8891702688537237,2.9733652192905793,4.67147694428164,3.4753817379675556
64537,pop_3,2.8156601550107245,2.898575356914475,5.014706718553796,3.1344255117534074
64538,pop_3,2.723882812468695,2.932194762514717,4.8583303200921,3.3744991956504777
64539,pop_3,2.8501861166598728,3.3005068809207616,4.951967778904338,3.4716187523654174
64540,pop_3,2.7796401502301022,2.8046900061893747,5.002630813215797,3.7031113259759825
64541,pop_3,2.742862912322294,3.1347704812090256,4.304693557892262,3.169497205235405
64542,pop_3,3.089480581120882,2.6762773547328846,4.2671164029536515,3.9488431995834747
64543,pop_3,3.0324845323306144,3.3379866896175616,4.985243904547462,3.258624738545614
64544,pop_3,2.8838763578579623,3.0392070543150846,4.5226130325708755,2.8747190283026507
64545,pop_3,3.1740339235850397,3.1055763262308145,4.813600764378467,3.332239961029756
64546,pop_3,2.936929960676331,3.0554257775390363,4.874166566105022,3.430318207657997
64547,pop_3,2.7647845493739593,3.247437789678996,5.0875701143429755,3.6002983653388614
64548,pop_3,3.07253251935303,3.1601983891607386,5.314330266036769,3.0223193021157146
64549,pop_3,2.9102470393347937,2.94527396369753,4.7233502980272615,3.030590176746987
64550,pop_3,3.044020765059107,2.6811673675102106,4.85611133138961,3.319090633126003
64551,pop_3,2.409149315638912,2.8963285128967837,4.3806259151155365,3.7634277017984603
64552,pop_3,2.7461366145774604,2.607025250903503,4.189870009985623,3.7574864481830863
64553,pop_3,2.7547812352930805,2.959528144990926,4.732295422637216,3.332639794553299
64554,pop_3,3.3514006325734362,3.251583921557275,4.581196407885778,3.4319688270664335
64555,pop_3,2.693044599794425,3.0483001837474855,4.569843905745722,3.653967962770221
64556,pop_3,2.4560765142241854,2.923577106544063,3.917888549890756,3.334362104610041
64557,pop_3,2.9047533696466754,3.2112184708395013,4.802018442048517,2.9971918903904293
64558,pop_3,2.9361081667094426,3.0961293436252375,4.635112747541098,3.432146027987232
64559,pop_3,3.0227492289811955,2.9724962573842006,5.077974094458579,3.54150732677747
64560,pop_3,2.9598116815932123,2.777060120576561,4.791875756319646,3.142602266778612
64561,pop_3,2.852429697802588,3.009784648031896,4.689378653385985,3.176509614539359
64562,pop_3,2.7162394057383676,3.203879386179465,5.004775725115108,3.320738982491825
64563,pop_3,3.013826057294706,2.8994523107023014,4.590067824479433,3.5114476317542294
64564,pop_3,3.1124170972803578,2.677385270834355,4.581214980809111,3.3991732401580803
64565,pop_3,2.607875762587521,2.8480071742957236,4.801114824325886,3.546374316131406
64566,pop_3,3.3502269401442586,3.15552211630372,5.349853539463817,2.9502100697012583
64567,pop_3,2.91261712784828,3.400689480853675,4.8004134701790635,3.2942861442986517
64568,pop_3,3.096897305720957,3.0553746361871124,4.699622910605242,3.249842347143652
64569,pop_3,3.089184649198375,2.558203637699728,4.289715802401568,3.460945779745889
64570,pop_3,3.216399762505485,3.1440738064261704,5.104895876569409,3.1605550630697006
64571,pop_3,2.8251156677746776,2.697819703808479,4.614136751839149,3.620484948072819
64572,pop_3,3.100322728384644,3.0163388397902926,4.890831603149578,3.5047063347341223
64573,pop_3,3.0800432237881936,2.8464402157105058,4.534395312559153,3.2528755790046944
64574,pop_3,2.8363947247381502,3.053221533036346,4.709163077796315,3.009106736588012
64575,pop_3,2.9045134229764638,2.9113801035276414,4.55836236726055,3.604175744940821
64576,pop_3,3.1446352634887482,3.115803477411067,5.205911366036289,2.7682486580375483
64577,pop_3,3.160704563855625,3.173820395538816,4.746370964558838,3.1774655993117427
64578,pop_3,2.6693757926855635,2.8697714613827348,4.7390499823453265,3.427846299190155
64579,pop_3,2.788336200857318,2.570638001516995,4.2875062770031915,3.5778816743805013
64580,pop_3,2.9982869877822713,2.760008638963016,4.569712738086596,3.301017235675268
64581,pop_3,2.9373100151596323,3.0016941389237863,4.705272150496382,3.0761311024187514
64582,pop_3,2.9944372560217736,3.35059968982024,4.559734928695115,3.208316314326641
64583,pop_3,2.8915405767388025,2.89160053123546,4.89405783312981,3.3527155620131732
64584,pop_3,3.23351051365794,3.57875404391459,5.010309550054739,3.455627465421065
64585,pop_3,3.07245104609862,3.4976311252085135,5.139731976298232,2.974547093815579
64586,pop_3,2.8251910859111766,2.9607156774698247,4.722046415671653,3.809832509254482
64587,pop_3,2.730683313694104,2.9870269297542196,4.915764218561855,3.606198063617534
64588,pop_3,2.6935655094518354,3.1987701869779355,4.436106059802683,3.2197430662883284
64589,pop_3,3.0390080796549293,2.9471819252169325,4.8506676453885325,3.3110460273207782
64590,pop_3,3.12034124254359,3.195690169845767,4.917746534104373,2.7532124719784825
64591,pop_3,3.161092302418194,3.235053998872369,4.972223514844048,3.0035276537683537
64592,pop_3,2.7730278944938123,2.823142681852641,4.8211599935186875,3.3146599555479868
64593,pop_3,2.8101980207207484,2.932213388659001,4.867269601618793,3.3566379753013393
64594,pop_3,2.828782375962188,2.9647391077228993,4.8853500811584505,3.3637024415081687
64595,pop_3,3.238115797071879,2.8447756664452655,4.767151748778199,3.8044736849813674
64596,pop_3,2.507134456664048,2.8650264415469597,5.1972321911083,3.7489660053071927
64597,pop_3,3.0261086727542663,2.8460887353554254,4.775433463226459,3.4605467501700233
64598,pop_3,2.5370593511629433,2.687509241903437,4.628125038121608,3.4605278938441124
64599,pop_3,3.1386256374328356,2.7354001091606177,4.566089027980728,3.3210728748124683
64600,pop_3,2.966261754075335,2.7574917562577834,4.536485061868958,3.3818828407844665
64601,pop_3,3.078378707070009,2.649350072919737,4.546421242156994,3.354539576215722
64602,pop_3,2.961681856221222,2.7865738402789697,4.769651371386093,3.435804505149608
64603,pop_3,2.9707085882183546,3.3523955258730256,4.666033434665367,3.4546228920907556
64604,pop_3,2.8796576053026754,3.0960896876604957,4.512894919846037,3.4702520161835206
64605,pop_3,3.0953537433727836,3.3007965202509753,4.700695317823182,3.259585861716959
64606,pop_3,2.8500886239151506,3.1374654374797557,4.493007966953648,3.114090659235137
64607,pop_3,2.999985289373221,3.506435826561126,4.760952613753595,3.1266545213845984
64608,pop_3,2.8105369059080445,2.848549770550455,4.787129965827301,4.005960850352702
64609,pop_3,2.9783345797388803,2.90757043709056,4.363024998995423,3.5556238642111198
64610,pop_3,3.0063317256354347,2.872120856445101,4.761514716063309,3.3885790698510063
64611,pop_3,2.6612381394859783,2.89212227814313,4.683368121629497,3.6343236005142514
64612,pop_3,3.3925640068105904,3.593603500391083,4.460724586343313,2.9280543866146305
64613,pop_3,3.453642967426889,3.054566613454016,4.86368517024271,3.1289412052615937
64614,pop_3,3.3112470264484797,2.7532120228500654,4.8455043773090765,3.360945666450663
64615,pop_3,2.5165083405339845,3.093534127463781,4.596937599839081,3.3104393419604707
64616,pop_3,2.961055086369635,2.705869690564374,4.7868382397553955,3.436992754970537
64617,pop_3,2.739006422201286,3.3099986086372666,4.839373555344308,3.121853511913374
64618,pop_3,3.0634820121115593,2.93335380281509,4.827033843723105,3.24824536660896
64619,pop_3,2.904100980734228,2.5703125725284064,4.355709647817752,3.3421740032198217
64620,pop_3,2.772974968941827,3.1971565333882968,4.560355528759821,2.9144954762559205
64621,pop_3,2.814093395351717,3.259266814355016,4.1964034214272585,3.486982563125737
64622,pop_3,2.7742480620703747,2.753543872964707,4.555507665400403,2.990328929981644
64623,pop_3,2.672167987799307,3.2007508010429078,4.788503584967297,3.4182692796977108
64624,pop_3,3.1962506308017065,3.3455921673821822,4.7466132796935625,2.7805542156328973
64625,pop_3,2.6844657595038974,2.9974552272574426,4.677565017566983,3.089369193699222
64626,pop_3,2.905387561171969,3.247352123209322,4.888915111102954,3.604413019187074
64627,pop_3,2.5913226156801388,2.654597910117141,4.158490147272916,3.8082605359150508
64628,pop_3,3.152866583543002,3.1533581253702843,4.828750063966413,2.9064668820850468
64629,pop_3,2.8222927396612176,2.847005051609432,4.54644276057135,3.4704395419965652
64630,pop_3,3.0195751672249105,2.9476446593853005,4.792299551170799,3.0162182397759243
64631,pop_3,2.909338688248285,3.1970965504834084,4.836249810141661,3.431490487145775
64632,pop_3,2.957329172630359,3.381307040604074,5.021989704970386,3.226219439643851
64633,pop_3,2.900676679397131,2.9986366096066512,4.376347511849257,3.5033500220813716
64634,pop_3,3.421631487505231,2.884907515249778,4.769238091208479,2.877681427495019
64635,pop_3,3.2407969362388718,3.078138611045358,5.082349577647471,2.9603728855522697
64636,pop_3,2.8623451309880528,3.2536844028956873,4.605297892615566,3.0593549227507135
64637,pop_3,3.0316363475359247,2.866730368334417,5.178755465121217,3.3912103250316137
64638,pop_3,2.9265325515373726,3.1794101529012524,4.361492576211169,3.3794751802852194
64639,pop_3,2.464962643782628,2.9270317489955824,5.0255796142689055,3.365425555736376
64640,pop_3,3.144621851550319,3.5666621799255314,4.807277430684118,2.9160851562489305
64641,pop_3,2.5792339962786537,3.0770610092585815,4.753254936531741,3.371702915201935
64642,pop_3,2.7106232849259926,3.0157327628490846,4.528531501784354,3.805395197598095
64643,pop_3,3.2370494542442736,3.1225567590880026,5.2775775923860495,3.269041222974894
64644,pop_3,2.969741457895899,2.851927424127276,4.878944137060104,3.376366232433456
64645,pop_3,2.570622639534527,2.7986363108321872,4.493833815679963,3.618134762881808
64646,pop_3,2.6833084829869365,3.210463327715104,5.0112307165155086,3.1727150415473475
64647,pop_3,2.8802216673842076,3.327117625819645,4.9391916031479886,2.7419632747238856
64648,pop_3,3.159879942429543,2.787300839689508,4.713486682398903,2.8508274572744594
64649,pop_3,3.034680395535336,3.6534515037819832,4.529684875210203,2.801880140611753
64650,pop_3,2.9100311864463344,2.6816827033808783,4.5086612491850735,3.580098249050317
64651,pop_3,2.9849325860248492,3.541264067357053,4.612312801475096,2.8058933858910162
64652,pop_3,2.920736667599479,3.211540918222603,4.782312134799772,3.048502116273559
64653,pop_3,3.0120521197237093,3.497588606261312,4.959339960348069,2.896532819788906
64654,pop_3,3.1293603805746844,2.8419486588213223,4.6978012455368034,3.54761510005059
64655,pop_3,3.0937879350893702,2.5378797990886257,4.143531548546851,3.369143490451488
64656,pop_3,2.9625252578201984,2.8329786428139747,4.770583756676525,3.3328391335182683
64657,pop_3,2.8706331131601543,2.888711926156685,4.853494069299196,2.9151594570375483
64658,pop_3,2.9111207295273065,3.2078194932033255,5.084263683676849,3.1464001120045166
64659,pop_3,2.6915633383216044,3.101680675430822,5.3639055050747455,3.086054773733122
64660,pop_3,2.950420023269819,3.3696435788668335,4.628883819604889,3.1585591088706058
64661,pop_3,3.1357520376872503,3.0773093149084256,4.968418957144008,3.441230202301371
64662,pop_3,2.556752972923595,2.9096994241300926,4.015875300046608,3.261258077359753
64663,pop_3,3.5012383384311847,3.161082590829024,4.381763281407556,3.2722323237910156
64664,pop_3,2.949625521362852,3.3110740218760224,4.794742908301767,2.937958556380611
64665,pop_3,3.1600857750893057,2.9131947983129516,4.600746207303958,3.174150349916319
64666,pop_3,2.9802756713245606,3.102110471186963,4.9094814173046855,3.422591549639336
64667,pop_3,3.291303848321762,3.309969702397053,4.922249892998617,3.1047377514195675
64668,pop_3,2.905865819107073,2.507400625605378,4.130853854358497,4.151611424265213
64669,pop_3,2.825443661887122,3.0002307357369484,4.972860377185451,2.9557148772932424
64670,pop_3,2.7008546202606905,2.6897229132019826,4.472079462569108,3.7364803932246597
64671,pop_3,2.684077515071646,3.165990777395871,5.044198405552479,3.284178155819325
64672,pop_3,2.4938174950965712,2.717090713934496,5.074165987229156,3.8801069784772366
64673,pop_3,2.6023845288926486,3.085862084867648,4.917811431947696,3.1899264817057404
64674,pop_3,2.9638917177114257,3.080053382995984,4.546461701235487,3.2232354901366667
64675,pop_3,3.2379959413473993,2.9946758148776156,4.966489685290794,3.5961133527756024
64676,pop_3,3.277811499194513,3.0989043352530086,5.164648051633514,2.850257337619621
64677,pop_3,3.155392806171822,2.7506621755728937,5.036697882227826,3.8286597501130943
64678,pop_3,3.365665125862962,3.4216197233284684,4.086972301980123,3.622060236648101
64679,pop_3,2.7590807922147107,3.2886723291181887,4.646851911313487,3.0702411360597384
64680,pop_3,2.714127717660243,2.7716246788580543,4.719218527267721,3.318543840566754
64681,pop_3,2.981502211850928,3.138507579826635,4.696933225689517,3.187881565929421
64682,pop_3,2.522285812042668,3.6294637549732154,4.864122226636056,3.0882730267528844
64683,pop_3,2.9186515157175386,3.09259064498345,4.433550884867338,3.195045986660195
64684,pop_3,2.991365571487561,3.1451855485277416,4.70877100158556,3.5844336938566714
64685,pop_3,2.5481249441166915,3.0495433785047545,4.507015522591635,3.3787060706441747
64686,pop_3,3.010237448281417,3.598253615550072,4.871036820936363,2.8976935875108554
64687,pop_3,3.094883925731543,3.1320270172729447,4.487643285543778,3.377368167039379
64688,pop_3,2.6132673148663965,3.114422978582254,4.150372115866347,3.325190469013414
64689,pop_3,3.1184872905546,3.0323234985769068,4.873582756865524,3.34542499650555
64690,pop_3,3.0589060085622637,3.0864148851885926,4.126464061066624,3.3078411881953547
64691,pop_3,2.904157387546687,2.894462970106922,4.670129504893032,3.5809373875733908
64692,pop_3,3.192147422125595,3.0521936260854345,4.9297516260444,3.401704898658937
64693,pop_3,3.408737136231236,3.3565728241278614,5.00690705732623,3.2178559458739215
64694,pop_3,2.927906774674813,3.4516087086796596,4.757993327265991,2.8825942179818314
64695,pop_3,3.1554391397906154,3.6181393860721043,4.991773613357258,2.501957119591835
64696,pop_3,2.376553109046942,3.012277793974575,5.025414148930436,3.2755754387119738
64697,pop_3,2.944617061682865,3.068594651234587,4.631291805638775,3.4679159082266406
64698,pop_3,2.9165501715763296,3.346630213105941,4.6578854860798735,3.298027566854849
64699,pop_3,2.9460971397907345,2.8126122457348868,5.047110817716588,3.092935747236391
64700,pop_3,2.6823693744201913,2.774414630528965,4.7975394802137385,3.02094791043529
64701,pop_3,2.7828277750955444,2.7244210725135285,4.80099659230254,3.25512367830957
64702,pop_3,3.0944870043496406,3.232484634481175,5.081581716035183,2.955648204007726
64703,pop_3,3.2974738729261572,3.3004214379245855,4.8984811154560886,2.7431696399605956
64704,pop_3,3.187943168110086,3.075462076014369,4.8491071812844835,2.9867277499141043
64705,pop_3,2.7906903874271665,3.198523449617936,5.05636674357965,3.2043166603684323
64706,pop_3,2.5270723957562105,2.577267511076775,4.483181187288202,3.554129780953128
64707,pop_3,2.680651047524935,2.94984165247423,4.9421078050833245,2.8326798303989777
64708,pop_3,2.9124514493184366,2.855501982512605,4.101737037848794,3.856987185480848
64709,pop_3,2.8322039067248626,2.8981217779728725,4.578120218561248,3.5560803642095316
64710,pop_3,2.6984467571760344,2.89792544291632,4.938351950118495,3.5835590543587106
64711,pop_3,2.7758379444653984,3.318629913053147,4.913195123613207,3.2611580374209814
64712,pop_3,2.678036971105849,3.5301651001539267,4.369251840407297,3.328805008392634
64713,pop_3,2.7932940566485653,3.0111971302878384,4.73792673742895,3.4432045241311333
64714,pop_3,2.9753709306942624,3.2299388366274995,4.495159633530763,3.674115195166771
64715,pop_3,2.8465652616084176,2.602697143736599,5.207503609040632,3.712716362570098
64716,pop_3,2.7886455449900485,2.58461809885522,4.347824043370743,3.6816444290000305
64717,pop_3,3.035437228572159,2.74041364734776,3.940660592022147,3.323078757174376
64718,pop_3,2.75254042284525,2.9304101428476725,4.789767698079889,3.3667580650959783
64719,pop_3,2.6966573109654823,3.477249796021095,5.1180010906911715,3.0172812552531614
64720,pop_3,2.739671446607882,2.5561212972053857,4.5427358412417025,3.7948075703631234
64721,pop_3,2.647556746576402,2.959711800152817,4.46333387376144,3.424058313515671
64722,pop_3,2.93656324358396,2.66667132720272,5.07958653998429,3.581523192388405
64723,pop_3,3.3093924763368148,2.56803915798473,4.345857676136641,3.84699175165032
64724,pop_3,2.336939224043767,2.9765482362769604,4.575920841330886,3.3429277649839224
64725,pop_3,3.0537472336426874,2.98477114923038,4.680462519510678,3.419983005988943
64726,pop_3,2.8012839660466278,3.3446744244282747,4.712907223627657,3.2029740595694878
64727,pop_3,2.85664467240102,3.2700101600796136,4.720793652877272,3.2650039102369552
64728,pop_3,2.9176282758173078,3.10076105679111,4.376658176108921,3.129314315621462
64729,pop_3,2.884041241415286,3.1353112974693964,4.90197796364186,2.7465696754390136
64730,pop_3,2.755195038397576,3.066795631263401,5.002533761169235,3.2222675642039302
64731,pop_3,2.7606020317601465,3.090941061464361,5.098690176879479,3.2256226173827716
64732,pop_3,3.033602396457023,3.4980831321244494,4.749326116984676,2.8205302438578213
64733,pop_3,3.220668799308686,3.0399007688232627,4.742684800871345,3.2230146129870048
64734,pop_3,2.9305824465469685,2.928595646311996,4.480652096530252,3.1042169894916505
64735,pop_3,3.030430002791235,3.259805614735626,4.440009647301146,3.1616786037752598
64736,pop_3,2.5693504791233304,2.7635321140824844,4.831718685615647,3.6279923570779644
64737,pop_3,3.1244843186705284,3.307106763121059,4.635208114297081,3.1692066419219738
64738,pop_3,3.1147863042848836,3.1425754611585006,5.1540795081312725,2.9409479141969737
64739,pop_3,3.051487289203205,2.97513455217945,4.765240468031483,3.0508408218768888
64740,pop_3,2.69310159554823,2.757194808688037,4.736768379176179,3.615029047665114
64741,pop_3,3.071107999608978,2.9216873329388102,4.762508445658976,3.1994909367380244
64742,pop_3,2.8791009863228454,3.370534598183925,4.489207643520078,2.8968435381657867
64743,pop_3,2.58709885241612,2.924939753982806,4.4357061431283835,3.170912869200732
64744,pop_3,2.7912472648194933,3.013392849053462,4.8706413325415605,3.5013893030700927
64745,pop_3,3.149615226015184,3.1606028619168804,4.829744347720743,3.428214213091354
64746,pop_3,2.700839779951679,2.7695535754357885,5.441426043486906,3.7279175491654515
64747,pop_3,3.1145347790388636,2.7333638024268225,4.908315258166165,3.4693491355191535
64748,pop_3,2.9307785233213806,3.1121120728527063,4.513408057249864,3.706699325592801
64749,pop_3,2.7761944898499338,2.8930378820669147,4.752474396814611,3.279674030793998
64750,pop_3,2.5660033820012873,3.239348034242139,4.971482351510591,3.1298738808432036
64751,pop_3,2.8590663450158327,3.102335631707506,4.827426651251376,3.08323456221953
64752,pop_3,2.3915702838571904,3.0907480595979666,4.888949653008217,3.3143219658524092
64753,pop_3,3.042425865508475,2.8959714789296256,4.58066971171721,3.5147580733626795
64754,pop_3,2.7956243824877265,3.1845571319303376,4.897731334477639,3.035861506794623
64755,pop_3,3.028852113762083,3.1459881046541285,4.522471716505518,3.364464276180615
64756,pop_3,2.8319967297958186,3.1540375706295913,4.399380164236602,3.450002735063471
64757,pop_3,2.9048987808463282,3.1581514247067406,4.868845837371561,3.1297495181310793
64758,pop_3,2.528501697845387,2.9272358177606606,4.5427571570791,2.895967632432049
64759,pop_3,2.6499455789907373,2.9928910631032326,4.458491329023813,3.4515964049982
64760,pop_3,3.2926418182914334,3.2474507228761857,4.4733272138874405,3.505076007670125
64761,pop_3,3.432768100821348,3.157318318184566,4.38951758530104,3.2352360639412776
64762,pop_3,2.9024266137214454,3.1278791187559483,4.8398279973561245,3.2341006521678652
64763,pop_3,2.7648097866527435,3.102426821385751,4.853141310916842,3.273037513789466
64764,pop_3,2.516574758734681,3.39517518483625,4.725784163406892,2.8024904800472954
64765,pop_3,2.809609463571251,2.692596342673994,4.888395219008347,3.03910503859046
64766,pop_3,2.355290264177901,2.820768806948966,4.75145856323893,3.3548522815747894
64767,pop_3,2.7248913101996797,2.6974378276926756,4.596678485305208,3.3823140407713512
64768,pop_3,2.973583127654128,2.7026448818304494,4.911628390681784,3.639529366782754
64769,pop_3,3.153951986488446,3.2818327206695272,4.402471442436204,3.547063253380602
64770,pop_3,2.9446610117680354,3.039779609967888,4.408090316510774,3.4115884276833355
64771,pop_3,2.9533093056282245,3.4848655407366014,4.802172948838307,2.735043844060846
64772,pop_3,2.68617379598349,3.0713727234554744,4.861255873511034,3.1833279652839694
64773,pop_3,2.9233070904391414,3.3524753156105476,4.780343753121856,3.042373525636116
64774,pop_3,2.739057997853446,2.888538253878958,4.535009773200428,3.609819269145895
64775,pop_3,2.9462649759401334,3.3511775605475225,4.844936550889989,3.280589954847856
64776,pop_3,3.2456361672965235,3.0241798793234365,5.001115514297968,3.078926474971954
64777,pop_3,2.537447757082646,2.625250147203453,4.409273861428169,3.8723310743712864
64778,pop_3,3.034326176272522,3.0714697436606,5.088513983593033,2.756904062086866
64779,pop_3,3.3803097806792723,3.5395925301656517,5.035607501508499,2.6649379555761623
64780,pop_3,2.818241153104632,2.933987723625589,4.473199374736528,3.3639045608610094
64781,pop_3,3.006396175502758,3.147545197689273,4.632624393043303,3.100661606711849
64782,pop_3,2.7905767189337793,2.5051113799469507,5.037576191062296,3.293593001090861
64783,pop_3,2.978275054933627,3.086014367029709,5.052428086204282,3.3841182834394004
64784,pop_3,3.2957287705442546,2.5517600675103025,4.879828144477681,3.6955762275476416
64785,pop_3,2.7284695542580484,3.261024226244588,4.532114460689624,3.0603808971916204
64786,pop_3,2.671834426890836,2.9975757738646944,4.6026720636828715,3.550686764515771
64787,pop_3,2.7388623361781157,3.039208047957424,4.573466957342774,3.5198873442490966
64788,pop_3,2.998852834234964,2.8099553667935835,4.841354241315094,3.370867725213932
64789,pop_3,2.8795784028649063,3.236357628306272,4.851135795061153,3.2969558025135517
64790,pop_3,3.0251007932246132,3.032308432054452,4.527753559511372,2.9056108929766307
64791,pop_3,3.1710557856294543,3.00904035634371,4.870814663754214,2.8401539412547843
64792,pop_3,2.8055610230490204,2.7743813671812316,4.326431614141289,3.805360887928837
64793,pop_3,2.9412577559750246,3.337211485267199,4.62070010720172,2.888962572312757
64794,pop_3,3.0663765161179324,3.125875371908071,4.532033648092222,3.1217820746996052
64795,pop_3,2.9791535568811573,2.494353372795251,4.636382573961202,3.6559128559461964
64796,pop_3,2.961378350843566,3.1965394793505713,5.199320266876128,2.774045818283021
64797,pop_3,3.203069187177985,2.974020845535849,4.448371990250385,3.4770255006763704
64798,pop_3,2.892129877556657,2.8564128796245996,4.668212164818465,3.36297976554901
64799,pop_3,2.7815959184699883,2.707247805184847,4.864231147341283,3.167756146735916
64800,pop_3,3.0584751631424414,3.143529670955531,4.963078677665429,3.08109460449511
64801,pop_3,2.5951978562373523,2.9855282058525328,4.695936850377411,3.4892294902821632
64802,pop_3,2.7965070083647317,2.930314960875766,4.596518039594512,3.2503908409375537
64803,pop_3,2.724693549938596,3.050647760457688,4.379731646965609,3.308823990282896
64804,pop_3,2.9930961939877467,3.052057944404737,4.810116780385115,3.63945754547249
64805,pop_3,2.7226391767792295,3.0591002698976113,5.170312354755355,3.2250661546523243
64806,pop_3,3.2525003888536492,3.277563666675269,5.02619232259552,3.7038479073577975
64807,pop_3,2.8775114361320973,2.9590425599270933,5.139234398462445,3.7790312815594542
64808,pop_3,2.482338191638929,2.699545335673805,5.135343744667814,3.7205666124298395
64809,pop_3,2.899261304671858,3.082788160855319,4.598422181233633,3.2028126213916472
64810,pop_3,2.927554179947001,3.0594226164689284,4.850341289849391,3.2018636116324273
64811,pop_3,2.8225099043263264,3.1232399652322824,4.5283765904338615,3.200504981664883
64812,pop_3,2.662105641170874,3.195941378657794,4.351923323391018,3.158818831501821
64813,pop_3,2.927708022788264,2.9670693127176255,4.662032462293095,3.4493327510598784
64814,pop_3,3.144082000744016,3.1107412524844373,4.749337474690253,3.251110055311401
64815,pop_3,2.91523246030985,2.9917174054372158,4.943666154193591,3.417988248559891
64816,pop_3,3.450051894039336,2.688256202134737,4.596349896160975,3.9010725867141254
64817,pop_3,2.7099739739709037,3.084194124132218,4.266784490024227,3.573249329353249
64818,pop_3,2.5615746654372535,3.0116417627402483,4.990683427860088,3.442743519068386
64819,pop_3,3.073520690127952,2.945578190896949,4.425665495730891,3.5126301206757917
64820,pop_3,3.0161916144185423,3.041434184429625,4.703297809914475,3.4713274124280145
64821,pop_3,3.367875783662605,3.1921068539391375,4.672815308648748,3.4391430783020502
64822,pop_3,2.895450483877063,3.1178024739036316,4.747414900587006,2.6894611171646394
64823,pop_3,2.7560644301504578,3.026516318434123,5.07292187353098,3.1732074881970114
64824,pop_3,2.867342198969116,3.1537944856683633,4.888346787639731,3.0646439879704523
64825,pop_3,3.2613545364319054,2.798709285767939,4.4686332062141005,3.3391344210067846
64826,pop_3,2.511408837774377,2.8660843116482355,4.492424217580855,2.9017560486343656
64827,pop_3,2.4482086258584914,3.162050379011286,5.12634006131543,3.640226394629504
64828,pop_3,3.3468833658792563,2.967683031174907,5.007137243804577,3.433234815327655
64829,pop_3,2.907514266602073,2.771126980465607,4.597271969364763,3.4030337702809543
64830,pop_3,2.7060114535396704,2.913003329155949,4.920558727309501,3.686292450173422
64831,pop_3,3.0490968004082055,3.3030789442218693,4.985826711888687,3.249893905766266
64832,pop_3,3.16502308880628,2.9547083382329853,5.0864827488483435,3.733516452297914
64833,pop_3,2.9740821881981945,3.1885816076230515,4.712809666888898,3.140574599790713
64834,pop_3,3.17542736547533,3.482632224616853,4.773745117997525,2.7235556017320572
64835,pop_3,2.635721997447792,3.0142165215496854,4.570961514326102,3.305557544931052
64836,pop_3,2.8888337774484967,2.9098994286565403,4.856396326429291,2.781756985795222
64837,pop_3,3.054129045646676,3.2140728630709883,4.969303903664425,3.2227807047676795
64838,pop_3,3.110308864183931,2.979922462302513,4.925440862828585,3.125628596889183
64839,pop_3,3.015849439459279,3.0148272074789046,4.690834176133741,3.4493846880602788
64840,pop_3,2.954585628505405,3.1373108508035794,4.696098212594839,3.525166349530703
64841,pop_3,3.084646696715628,3.1556537087676277,4.456338845756889,3.501012415289475
64842,pop_3,2.7876990953773473,3.10140964916048,4.697800671111302,3.280243877450221
64843,pop_3,2.7981372698735583,3.0581346118956003,5.260349020249845,3.168565837024613
64844,pop_3,2.958982926925423,3.0988619030687286,4.344290700011637,3.3451824981507134
64845,pop_3,2.552375691713189,3.177806300148992,4.4328334093383495,3.478092339042147
64846,pop_3,2.8540453630306923,3.1160620913792734,5.140570799754945,2.8110715736107847
64847,pop_3,2.7302281683371508,2.417859777991248,4.488165531676775,3.9735531962562236
64848,pop_3,3.1885178657389113,3.5898658961974563,4.743847135768216,2.9625421304743798
64849,pop_3,2.8077163030446246,2.930689394545615,4.694561681112944,3.041698963918053
64850,pop_3,3.2522526685586333,3.1082952720404564,4.328217550419464,3.5013086770769526
64851,pop_3,3.017968858892394,2.934381304806391,4.740608062946687,3.6004565610335506
64852,pop_3,2.9513263339677347,3.013119492856237,4.449590539411381,3.4945123495462864
64853,pop_3,2.6680679634919215,2.965857697539112,4.707169685829407,3.2462578995022024
64854,pop_3,2.8255672908580114,2.793191923598652,4.775771017087184,3.422606886232653
64855,pop_3,3.2547923334339703,3.5378055244183986,4.974070536840721,2.6804504099118445
64856,pop_3,2.8315923301107055,3.432521978922881,4.513727824694426,3.1276952024542513
64857,pop_3,3.077181218023706,3.1817191387183157,4.489473731890979,3.323183431790018
64858,pop_3,2.8987156385768515,2.861013026903149,4.801460857397141,3.407612920756806
64859,pop_3,2.820495231746842,3.176193848875357,4.842106987119438,3.114384111819002
64860,pop_3,3.1803840382716957,3.4597868585299536,4.781886196152793,2.770453544755142
64861,pop_3,2.939332935690591,3.4904664624482753,5.087260309775416,3.2457566351531466
64862,pop_3,2.85425919540084,2.9892626383924603,4.570973204367605,3.1386413401728714
64863,pop_3,2.9195591214089482,2.896086018831957,4.66942435626629,3.0873560139904033
64864,pop_3,2.5615476780665416,2.9671946522550163,4.772118916801971,3.4107882338768913
64865,pop_3,2.620967170150632,2.736336278524451,4.755960851851357,3.5886501951007554
64866,pop_3,3.2598082499535312,2.972784968770744,4.681696176056963,3.384117538037538
64867,pop_3,2.678739883770063,2.818362555711379,4.499079248964073,3.7915379722776286
64868,pop_3,2.552524457468335,3.0716130739203282,4.832734465439596,3.2852423979038443
64869,pop_3,2.701525483138556,3.1659197407469812,4.851819793222918,3.4372539450413075
64870,pop_3,2.905843832310703,3.191177806282076,4.850207830443992,2.689006067821983
64871,pop_3,3.010402998930949,2.8004000847160047,4.926271711883848,3.0145880820795345
64872,pop_3,2.5205262009495977,2.600783435800555,4.580100617775657,3.1127920325363796
64873,pop_3,3.2880672096015604,3.149699999401063,5.024644362788303,3.5464500410705804
64874,pop_3,2.9667232585872476,2.8630202712612105,4.738644761153069,3.447003538037893
64875,pop_3,2.704853937026965,2.62820783017404,4.77716889111039,3.024084880732146
64876,pop_3,2.6480554065896715,3.1509664911393997,4.826951821366831,3.012025701050964
64877,pop_3,2.662340436300641,2.6393256312596387,4.71086445368946,3.886814174371014
64878,pop_3,2.6170177745051415,2.7955389389622622,5.0304043705888555,3.8450877261617773
64879,pop_3,3.0463067050980426,2.9226253010965353,5.029865745139006,3.2761092490636092
64880,pop_3,2.8839899795138098,2.834020851567787,4.526765038566858,3.353851726439734
64881,pop_3,3.1433128570051854,3.1958705208377944,4.243102027374163,3.5126570375572377
64882,pop_3,3.232228271591898,2.7574933359565046,4.5732700568229205,3.534876021853023
64883,pop_3,3.1692867150093664,3.181857635804698,4.2892760926356335,3.1778761847253363
64884,pop_3,3.0821498892670487,3.0165086309478033,4.703130529712977,3.1104804934326413
64885,pop_3,2.6383880546607323,2.642686991518626,4.672883330374909,3.718946598879383
64886,pop_3,2.8038511081770445,3.1523609771660235,4.731163362677999,2.8418270792805282
64887,pop_3,2.779652328771798,3.063278479366814,4.906113653679132,3.463928135277619
64888,pop_3,2.9563174319658785,2.978414899184611,5.33355702038864,3.33066427053474
64889,pop_3,2.878949654410668,3.0081399361401284,4.198626514527681,3.375365963086037
64890,pop_3,2.995610839820633,3.098381876570687,5.2715774820761885,3.187413108625606
64891,pop_3,3.0563667046093315,3.3558545491064233,4.950107779310955,3.116653540324936
64892,pop_3,3.0124099815239624,2.888585152682348,4.6281331850095,3.5397668861640312
64893,pop_3,2.972395667754679,2.927228856618927,5.15730920444711,3.278727658244433
64894,pop_3,2.9067767611601267,3.380694901496382,4.708483067937432,3.2194392892755714
64895,pop_3,3.089686155477045,3.014298872973466,5.140746784902449,3.340654513698009
64896,pop_3,3.114006716253522,3.2092865569110187,5.014127125650479,3.3331690742074347
64897,pop_3,2.890314495810246,3.1763920315378993,4.3649988532051704,3.3034821967337304
64898,pop_3,3.192791997648151,3.2919039516841693,4.76765995481846,3.450381781277355
64899,pop_3,2.7624191372710176,3.254107152929178,5.08768849380244,3.8460422267999355
64900,pop_3,2.918518573806689,3.024809409997197,4.518912026082919,3.2861068588334112
64901,pop_3,2.96089557940208,2.8812558929412155,4.633279608997612,3.318928662756536
64902,pop_3,2.922293938334438,2.9486130308807645,4.564192994947891,3.14534981887134
64903,pop_3,2.550099218185516,2.862979577657699,4.825744499962457,3.2106331257275813
64904,pop_3,3.1253695612909116,2.938856184725754,4.9564887366132515,3.3600328040553014
64905,pop_3,2.9630306356266916,3.0849810149265204,4.698647384687363,3.139032545348493
64906,pop_3,2.8233788479213855,3.1210329825733805,4.864258164264926,3.388437780810644
64907,pop_3,2.9238810035647003,2.992827989646069,4.844923803037663,2.8430717576975635
64908,pop_3,2.643008024542164,3.427375662067156,4.891185347761816,3.582332560869129
64909,pop_3,3.058308352843499,2.5179980600042287,4.853910102385422,3.6072481100757714
64910,pop_3,2.9174400096843307,3.0361432144003175,4.504056508558284,3.318643552921776
64911,pop_3,2.799012340000788,3.3264461782152632,4.881285250443887,3.0926604389254218
64912,pop_3,2.9806212556001106,3.513176936360242,4.652585702809159,2.9052865267359653
64913,pop_3,3.0301474357130433,2.8998173767163475,5.280921904618008,3.1306135860285043
64914,pop_3,2.7470156008470097,2.82417451178953,4.847449208551398,3.623537775812122
64915,pop_3,2.98798515142791,2.8076448552182156,4.447955278498673,3.5585934137320097
64916,pop_3,2.7173442440257647,3.1106565302551035,4.589747524039521,3.2943974490733106
64917,pop_3,2.916999537385923,2.5202409577260854,4.5531266838382365,3.5414060258270967
64918,pop_3,2.810659749077351,2.7589086044988624,4.773785161776452,3.5670308617448496
64919,pop_3,2.875262316940979,3.1609489667181023,4.195807034032015,3.7253180832411235
64920,pop_3,2.657779075137243,2.8556452474669554,4.6439990815040675,3.2760524060078433
64921,pop_3,2.604777217347685,3.4334191235038714,4.642666015691024,3.076443677963772
64922,pop_3,2.71067533723168,2.8729839327128115,4.567332017253369,3.6381719289338568
64923,pop_3,2.9164522645621926,3.113642425150655,4.780281110089725,2.875249824247591
64924,pop_3,3.306593771007014,2.838108331879816,4.502903635256578,3.269504227333844
64925,pop_3,2.701625439685084,3.119788770715145,4.552777166668494,3.2180571528070896
64926,pop_3,2.726945816733571,3.100328990501756,4.9155254851623615,3.1122384177401328
64927,pop_3,2.888779235603457,3.1295762409298837,5.00838918499116,3.33337555494204
64928,pop_3,2.749222748742545,3.1918680933182966,4.417190126206304,3.627676765741213
64929,pop_3,2.716832442104095,2.958843031318075,4.437347408903728,3.1194801354356843
64930,pop_3,3.2157071963575636,2.8464449352402608,4.899431435158434,3.505430617423814
64931,pop_3,2.960192101122336,3.1029837918004297,4.839182182048326,3.518053144174872
64932,pop_3,2.84712300215907,3.1887861902394246,4.85740979887303,3.281344300840145
64933,pop_3,2.9258396505943716,2.8290096747691456,4.556152205563801,3.474677847644461
64934,pop_3,3.033944653919473,2.7981063448528394,4.691176749376266,2.6024441274351835
64935,pop_3,2.8792606569370904,2.9054737556740196,4.7345338801901,3.4989290129331407
64936,pop_3,3.0521649628143335,3.01949704481625,4.8046405088626996,3.740312080144374
64937,pop_3,3.0673522041165104,3.097259252490556,4.987046076282483,3.1631232091855765
64938,pop_3,2.7091074276256086,3.0598526905769723,4.963839846238552,3.308975954444123
64939,pop_3,2.8888363724578108,2.849147520893613,5.234740499956244,3.6292422653071967
64940,pop_3,2.5849988042580074,2.8061655902935376,4.7729636923336045,3.471843148264212
64941,pop_3,2.794964291475149,3.059216631480078,4.441488382686675,3.2296564572402344
64942,pop_3,2.771582809578194,3.144835028086819,4.888834930693016,2.5923701749294876
64943,pop_3,2.8708534038451434,2.8417562758304156,4.796751723583103,3.3397860140580846
64944,pop_3,2.5329142007309438,2.566757139368843,4.790090185263275,3.613997735230452
64945,pop_3,2.8963792191039213,2.7517436712459595,4.449979523707093,3.419855058836175
64946,pop_3,3.005997388574421,2.9883562119537275,4.839990813885266,3.765210543770839
64947,pop_3,2.8936920312723537,3.081397212264686,5.039875343990341,3.4379636122108135
64948,pop_3,2.8066550658046046,3.284097065906753,5.042355684217872,3.210320550744567
64949,pop_3,3.1231266518878904,2.95863284878308,4.389961569866154,3.6863697785011693
64950,pop_3,2.7610001571546876,3.1463829711612847,5.162095666530828,2.919892837728458
64951,pop_3,2.806791145544307,3.0627362777137495,4.446088293543929,3.425216788812535
64952,pop_3,2.8682524142686865,3.0259744933956454,4.641091806914917,3.620075236176566
64953,pop_3,2.6104676185940314,2.847845905226014,4.812732282027364,3.3640182455294854
64954,pop_3,2.9171845377564445,2.8134622550044024,4.874782067564992,3.005834753987194
64955,pop_3,2.9560222753485217,2.733554518903,4.227474705921948,3.299291525447179
64956,pop_3,3.2926674332898163,2.8175290910915525,4.8702899988808275,3.520687392493039
64957,pop_3,2.955975590188912,3.0523244627486825,4.93668575171997,3.49644423491961
64958,pop_3,3.0151104179858303,2.7186929026073354,4.447263714258692,3.203047127589944
64959,pop_3,3.0247155643186416,3.073132491409246,4.617875468561081,2.779772896664589
64960,pop_3,3.3037467367064663,3.083518194318033,4.967915727545931,3.2045461382717826
64961,pop_3,3.1046139359256846,3.1850626316182615,4.767972876386521,3.0810066354190355
64962,pop_3,2.6314353015779455,3.04161110423227,4.559983844692615,3.379202283809159
64963,pop_3,2.7198011866776244,2.43048884024043,4.924669859414532,3.627056048607312
64964,pop_3,2.8219824775876243,2.9553777098919833,4.634877017007216,3.151524816237553
64965,pop_3,2.9831640395323658,2.6501505551092537,4.587956435411976,3.708159006851973
64966,pop_3,3.139617229555792,2.7527340468032766,4.891996974304413,3.618759097524031
64967,pop_3,2.988407848611125,3.2337912060351006,4.980091198006409,3.203200647114141
64968,pop_3,2.962631173701837,3.3670626245680846,5.354823788010292,2.934576376501445
64969,pop_3,3.001027559059033,3.0801962695690004,4.325512731667162,3.6889704225226856
64970,pop_3,3.2127034500080605,2.9005730356934762,4.557098120316321,3.06516389061735
64971,pop_3,2.832748791634376,2.784601893944704,4.69951924585028,3.43008137849367
64972,pop_3,2.643343582302761,2.649456212296931,4.584188260410029,3.584713217690617
64973,pop_3,2.9162060567480426,2.749510516404095,4.538090640451145,3.068681981405687
64974,pop_3,3.362437512570306,3.2585930165493635,4.739516746480517,3.138743411564698
64975,pop_3,2.995834512124661,2.8576607617357865,4.754312044612615,3.2500305715376605
64976,pop_3,2.9593527125741392,3.1674966555886233,4.780075218112808,3.252944374520726
64977,pop_3,2.8737936617148243,2.6506572381496856,4.778714687637173,3.241292216058558
64978,pop_3,2.8309849133580838,2.7829699602945484,4.70379269258788,3.7461429472376504
64979,pop_3,3.0106378986625564,2.8025354416790558,4.944387916406377,3.3651697795020765
64980,pop_3,2.903457934943192,2.402045732345581,4.932478557786536,3.7518026034316216
64981,pop_3,2.7353866327983702,3.031129290933803,4.701536769259097,3.459985355291485
64982,pop_3,2.6984986290179536,2.459801586114656,4.538729743468162,3.267496938288802
64983,pop_3,3.065806598547422,2.9645422786996556,4.337612438177263,3.2813237004917575
64984,pop_3,2.8088276781446497,2.773626513190752,4.798094779065127,2.7705205383105462
64985,pop_3,2.888895396250597,3.1068068942957736,4.689385643047859,2.8830491546883197
64986,pop_3,2.664437929627325,2.9708109719944087,4.609128552807776,3.6879976310459193
64987,pop_3,3.083368353872336,3.122525754107993,4.916127998932159,2.9464084299468993
64988,pop_3,2.8898420022994236,3.347372975563473,4.998018470417137,3.268455138908452
64989,pop_3,3.15709047769261,2.861368118632523,4.471987686110818,3.3994755837008928
64990,pop_3,3.1470533325554504,2.9935190519166337,4.72924279683054,3.354477427834398
64991,pop_3,2.5426794615443535,2.894514308837003,4.5795055837042895,3.3719887803952577
64992,pop_3,3.1469397603226383,3.1484400975684816,4.502172437040443,2.9678883372037475
64993,pop_3,2.8363699501122963,3.16127973163249,5.060359675657626,3.2037168645971534
64994,pop_3,2.8377977593373926,3.4891696110743635,5.097567163213737,2.81128089811659
64995,pop_3,2.6452553918997013,3.207983710788288,4.413264370743181,3.1766972729568357
64996,pop_3,3.0043756045506163,2.984196854150477,4.874942482775085,3.3273065469845777
64997,pop_3,2.914417936789117,3.048895141278989,4.404657675986886,3.2346496038067376
64998,pop_3,2.52971119861997,2.800715344598393,4.334487929538603,3.010789061879713
64999,pop_3,2.4800968720326195,3.118886654903067,4.864833328781961,3.0745715881631166
74000,pop_4,2.9932122327799155,3.307706981783531,3.3254612281005054,2.393982551313342
74001,pop_4,3.256627814261902,2.3300330730116645,3.3002883051547465,2.4833322377077844
74002,pop_4,2.9909338921417814,2.905893901366967,2.82767840038994,2.881962200071986
74003,pop_4,2.6827092346572834,2.684458950495109,2.9308441580008586,2.645469064375147
74004,pop_4,2.6882234408282226,2.7269079336435063,3.339396875253366,2.525085952275768
74005,pop_4,3.2467048884993712,2.73112032800428,2.9848609582070225,2.644049771584043
74006,pop_4,2.9379669331848666,2.554122252692648,3.36287689583025,2.9017253077171086
74007,pop_4,2.9786552627934957,2.4762256751189016,2.94480344376452,2.839040876498283
74008,pop_4,2.693919802967043,3.244530788988435,3.1442454508403013,2.4785991075132063
74009,pop_4,2.8898055080247276,2.9365267590370627,3.01553594747146,2.726909069346068
74010,pop_4,2.770741461861382,2.420276600664006,3.403593092809041,2.672643967838956
74011,pop_4,3.0906670930492197,2.7497685959620104,2.865616101945738,2.761919138344892
74012,pop_4,3.251311066829454,2.5857021658157926,3.7962979922263127,2.999789650860168
74013,pop_4,3.1082638694877174,3.0264327370977178,3.10044067056416,2.2987833748275177
74014,pop_4,2.805101649836886,2.77345771141773,3.1374738767036803,2.690846068641946
74015,pop_4,3.0366156191606897,2.8979011250362903,2.7446029050513014,2.5809515954836737
74016,pop_4,2.9474948789716042,2.608295919862317,3.4092292434713314,2.387668054216609
74017,pop_4,3.2289258879664784,2.8414926710781665,2.9065919638929847,2.506969419221294
74018,pop_4,3.120838553355017,3.096883174614341,2.7156311869157954,2.5133580802691498
74019,pop_4,3.1453999520716414,2.5576558187323686,3.0487423884728315,2.6618609758162224
74020,pop_4,2.829323052090997,2.966711474602187,3.15229690954822,2.751241278966159
74021,pop_4,2.8468358888338137,2.4125931043796784,3.1294359789501605,2.7918014419055295
74022,pop_4,2.535952035260829,2.520299556062503,3.8437776933640126,2.760314878483142
74023,pop_4,3.1734214543717263,2.698123582812477,3.14218217787103,2.4696153162513395
74024,pop_4,2.9673197263812954,2.639012785583544,3.4021211735005803,2.6504922396682145
74025,pop_4,3.2532310257189696,3.171062069972703,3.2770846011580823,2.494033714789349
74026,pop_4,2.8302988445608883,3.0524851490767513,3.348461857106983,2.514167236340499
74027,pop_4,2.7765321912179854,2.7710935188442,2.870989652762703,2.427020736290183
74028,pop_4,3.129811263850546,2.6490066416366016,2.8336946690859657,2.9454028973091124
74029,pop_4,3.0164569663492116,2.852849726809492,3.5390822518337335,2.6168154667794803
74030,pop_4,3.2850130032529297,2.6862980722445275,2.8015023313276664,2.4182061691028167
74031,pop_4,3.2933990599481717,2.6912203111999555,2.681007092599933,2.913284413921712
74032,pop_4,3.120308575772239,2.559373171718578,3.0182608733627627,2.7471374497422154
74033,pop_4,2.9980832677696245,2.6385702179658233,3.2336156729322845,2.6009062311507605
74034,pop_4,3.234532024348624,2.8680798043717584,2.925483319461721,2.278185087007355
74035,pop_4,3.1466825685619297,2.9239955088484497,3.0567260794678304,2.680815699924055
74036,pop_4,3.1009701962459353,2.9481933186550737,3.1527467240805627,2.431664044676486
74037,pop_4,3.418446236948145,2.830680793863061,2.9298156045645203,2.5967339101406623
74038,pop_4,3.0314389837787075,2.9389009791367835,2.869227209107225,2.24143948217057
74039,pop_4,3.100223240866623,2.899514756752379,2.7490566219858112,2.5612462518530714
74040,pop_4,3.0321993295451666,2.4313438765156214,3.2828123000430893,2.7579473051104912
74041,pop_4,3.118877010795943,2.8016564940990203,3.2741050873024937,2.380638345844804
74042,pop_4,2.920802749587583,2.815282011283841,2.7321065053989027,2.7168089654296503
74043,pop_4,3.0084180581643136,3.6127984631836663,2.9844321457244067,2.3502575636717267
74044,pop_4,2.9657776934845947,2.952380585490667,2.889011760354887,2.271967162186149
74045,pop_4,2.6047542209090238,2.6589880676919395,2.9590553327865816,2.5755375983837805
74046,pop_4,2.9635238351568853,2.527715367232833,2.972166441862493,2.749131536800504
74047,pop_4,3.0696953673103713,3.1516615744297303,3.281405059164063,2.6101036477956248
74048,pop_4,2.8633131428355543,2.1539815590491616,3.373502690203345,2.5962224651732035
74049,pop_4,3.1146765788630892,2.722286104563178,3.1231275588266985,2.5977692395856247
74050,pop_4,3.045076807715741,2.570612231044352,3.4497854370860295,2.965360281820017
74051,pop_4,2.744216198090241,2.3615673579201637,3.5024382717646514,2.664218469835538
74052,pop_4,3.1379749436477264,2.958900357456268,3.059816561510371,2.7805409887775694
74053,pop_4,3.265179115530062,2.8149243822602417,2.6929412333258145,2.621847860030862
74054,pop_4,3.347429293091198,2.580706469379809,3.1717666588938567,2.189948683454853
74055,pop_4,3.0175905601135056,2.5533815270384657,2.9309407132017626,2.3662024547381777
74056,pop_4,3.2527711632654546,2.644727426805109,3.255457805884971,3.0754959223993317
74057,pop_4,3.1109625370727207,3.090109234747215,2.978887661721613,2.283766541615169
74058,pop_4,3.131915781049147,2.564804211386049,2.9014778811499,2.7084282274398115
74059,pop_4,2.7842053307765617,2.5941150379594036,3.0421636143580764,2.685861837875952
74060,pop_4,2.7645475639059836,2.817522546608947,3.146088950526971,2.7123442123981913
74061,pop_4,2.942944710891346,2.6089251601820234,3.601872895400205,2.9012344902773552
74062,pop_4,3.081205008484185,2.716434016300228,2.708057502189002,2.5764950544441825
74063,pop_4,3.324866016304574,2.719894018051911,2.552968996379006,2.5897725983772326
74064,pop_4,3.3139314035900727,2.550870044313248,2.993822237519125,2.597170042620324
74065,pop_4,2.716797297453582,2.746503647739215,3.10751869990849,2.747616460939107
74066,pop_4,2.682685891010841,2.3427717391414458,3.3854796407656145,2.757131554465782
74067,pop_4,3.0233567740419995,2.328184109594952,3.430379474460458,2.7827580088764283
74068,pop_4,2.6664884890408205,2.8086948316272604,3.21646427200056,2.2736064617673457
74069,pop_4,2.83976155963885,2.504703805547084,3.497978459613227,2.626074462579375
74070,pop_4,3.021604683943125,2.9428539152414346,3.1132450128446436,2.721122824386559
74071,pop_4,2.8535980015165667,2.491754047660121,3.1853120503432195,2.234866474127836
74072,pop_4,3.0425679167259196,3.2685484630693447,2.7882611757141036,2.2059745119058087
74073,pop_4,2.9950934646711422,2.8426742490270156,3.0333247199896944,2.746783915779049
74074,pop_4,2.751232427512512,2.8198434236891488,3.05961833200269,2.8249223660532983
74075,pop_4,2.817312708962181,2.519316297283643,3.4351755676782867,2.1673230033130335
74076,pop_4,3.1240876586069635,2.9894613154036507,3.147358813727169,2.5474607622381344
74077,pop_4,3.300606333732709,3.0992865399011365,3.0117900654774585,2.4435802198903587
74078,pop_4,3.2041751783992076,2.8921657105369745,2.919521975077037,2.034902689193962
74079,pop_4,2.9342487630512375,2.285708368011414,3.724064453035205,2.8003782597739044
74080,pop_4,3.1995941369363647,2.847726634935836,3.13914621261671,2.28829090297428
74081,pop_4,3.031946452926674,2.3020711440258332,3.3210841083718843,2.786209262119753
74082,pop_4,3.045242243754186,2.8367628280943498,3.5422624975236667,2.9765000596234343
74083,pop_4,2.8657952965186975,2.785613910433723,3.0201392855232885,2.617417604733962
74084,pop_4,2.996581526075705,2.372671886185709,2.8182266470173163,2.9403507766952077
74085,pop_4,2.8156354395939225,2.5192478660126447,2.9952390553030157,2.870584577326426
74086,pop_4,2.749128436531218,2.993618048905573,3.2281253279624313,2.5087970705890466
74087,pop_4,3.1396700699363684,2.3799811450791717,2.8097072731387582,2.9259404985884374
74088,pop_4,2.6375463234916245,2.868907060822021,3.137725102739766,2.577921105344267
74089,pop_4,2.562338118640837,2.500021723484393,3.1757498831185647,2.9065714315796294
74090,pop_4,3.4249679104761404,2.9974762059729296,3.1201643687416083,2.9787280418106907
74091,pop_4,3.1189093594228314,2.4311005501132503,2.8335911444182154,2.5818066503825254
74092,pop_4,3.08565599432679,2.7696220251301553,3.3404617622107144,2.611285917122242
74093,pop_4,2.5665041152816515,2.7245516596017616,3.305409269207327,2.252130329862547
74094,pop_4,3.1790472336190314,2.835927768257732,3.172064443786869,2.2738299582541566
74095,pop_4,3.170416889218462,2.8302182161312053,3.026959518984327,2.7772397161222937
74096,pop_4,3.0846270219235024,2.975387647490596,2.850248238899146,2.3160385432762842
74097,pop_4,3.0426516684390923,2.854182569478543,2.731817920190539,2.334425129634484
74098,pop_4,3.1006313394835763,2.4202897257879377,3.49023922393331,2.8217042929083145
74099,pop_4,2.7640884162982475,2.72774785995935,3.100340861394502,2.3809744010545786
74100,pop_4,3.082007792787827,2.782891511012764,2.9712547724291993,2.346393016433017
74101,pop_4,3.299344748533879,2.9952289444488494,2.8116946944364765,2.183540754733614
74102,pop_4,3.069583309268361,2.7844212434313373,3.1071430062161594,3.0049761926914003
74103,pop_4,3.189657516395073,2.5275171375360377,2.9142147428337224,2.481391452704914
74104,pop_4,2.8114750195855565,2.5522958081618063,3.5456382635469006,2.789166045126539
74105,pop_4,2.945475923524026,2.909300482310007,3.167009638464568,2.4505060629395166
74106,pop_4,3.097491967590019,2.9254676776450577,3.0285467757550646,2.869824281922052
74107,pop_4,2.880953400239331,2.743247689136223,3.030569162412779,2.834186710107251
74108,pop_4,2.802745635103742,2.74385295674154,3.533039153765116,2.6262112618157785
74109,pop_4,3.1071352064547675,2.8108614318248906,3.2463065737694574,2.1754743638474663
74110,pop_4,3.058530905651935,3.055798575323663,3.029237120884793,2.497699613094741
74111,pop_4,2.804218363858149,2.6365601042762274,3.157667774768025,2.9396939832584468
74112,pop_4,2.9541359052457272,2.8805219479481328,3.2374233349368025,2.4788843868939403
74113,pop_4,3.189707897366174,2.6446929317543377,2.959890634972108,2.8816641392849576
74114,pop_4,3.078874198914289,2.610984479110193,3.2597277557758355,2.698274036553089
74115,pop_4,2.8496894266911794,2.3906868278578894,3.5779406526256645,2.7440533581405764
74116,pop_4,3.245681934387151,2.7358191312870903,3.2302818988922004,2.608911810002376
74117,pop_4,3.2035209996458027,2.875428933879088,2.5736096426335457,2.6450686672480277
74118,pop_4,3.063538171941216,2.5419367663454637,3.05613839384088,2.494354727787612
74119,pop_4,2.9877094778169977,2.7401283697597365,3.5999626495964265,2.4807038055580892
74120,pop_4,3.1899181315239113,2.6293649544443283,2.9962336290518965,2.541298346079203
74121,pop_4,3.1871483147156563,2.700547457883677,2.9241854189060654,2.7196678546248783
74122,pop_4,3.1594436299005473,2.7991360396592806,3.421401401739262,2.660763043354148
74123,pop_4,2.7254848851920883,2.813461016293862,3.3742714415260817,2.6334592307517983
74124,pop_4,3.135681608426504,2.6805793111237235,2.797629711001095,2.5195847039025954
74125,pop_4,3.24505200140535,2.617119979219958,2.9495796689279734,2.2965239302318565
74126,pop_4,2.9694926215255633,2.3431355890087024,2.959682450433756,2.9349153354752837
74127,pop_4,2.7547369341975023,3.0938747187472098,3.3232044980061692,2.6027092397917757
74128,pop_4,3.203034490866623,2.892443301292955,2.7525653229219578,2.643030664063565
74129,pop_4,3.1470650585293436,2.4604032059493726,3.153033251771492,2.2793420566695297
74130,pop_4,3.029720350864487,2.672569239982356,3.2791568239398914,2.438219817184244
74131,pop_4,3.070397224045893,2.455843806956681,3.5004890110768714,2.741371554019582
74132,pop_4,3.1494505322214392,2.468738491510199,2.8826066831483956,2.9324524202214777
74133,pop_4,2.9321216587417642,2.5437620730558326,3.0052545412945926,2.371772568088239
74134,pop_4,2.7858880247947524,2.249029012302925,3.314370451313472,2.791767743136726
74135,pop_4,3.2357526341246188,2.6208046715513116,2.9184491531315935,2.553924478954486
74136,pop_4,3.180414137352612,2.678114424007132,2.8946038322051026,2.498778049236481
74137,pop_4,2.641214376254436,2.8529971210270673,3.4060461760428535,3.090165084807491
74138,pop_4,3.2456488749509673,2.6065346258760926,3.3596361039692626,2.8398632419240455
74139,pop_4,3.2621213208450577,2.7524608027466004,3.2403608187196986,2.2398789604399147
74140,pop_4,3.198340325175315,2.8140359596468363,3.191559542561273,2.525348765550531
74141,pop_4,3.0003106324361277,2.4418741682702416,3.559643710879012,3.011555302840494
74142,pop_4,3.1126092298198356,2.648288894432883,3.430953516517714,2.6092246957506218
74143,pop_4,2.538895914582028,2.291885991491639,3.557693661276745,3.0106104962762217
74144,pop_4,3.20870756625055,2.7599102125043458,3.022139512025506,2.4183476806006556
74145,pop_4,3.001394908138598,2.928400350956031,3.18408320758158,2.843303399077199
74146,pop_4,3.314901875911871,2.611052968170087,2.865848579521413,2.8458783731079267
74147,pop_4,2.9733427572642532,2.963546996612,2.918461024845539,2.6375524228118277
74148,pop_4,3.3598782834085057,3.053701520157549,3.0245375592722845,2.5812701829720517
74149,pop_4,3.18159393688961,2.852086528805449,3.1364240636050122,2.6483321424914674
74150,pop_4,2.9344055968093734,2.0534195170260636,3.255436253018544,3.0649378168630657
74151,pop_4,2.918464174905745,3.1757105659018046,3.1238837683011655,2.5496486427555323
74152,pop_4,3.076659491021532,2.864997406299454,3.21972584468236,3.1695999571654276
74153,pop_4,2.982016144857813,2.7981372181278594,3.398702067574648,2.6542702135964356
74154,pop_4,2.9417125076031723,2.6893476378271544,3.072340419774901,2.7153078882679065
74155,pop_4,2.868972890925019,2.700595408040349,3.152639013297237,3.0399472298430217
74156,pop_4,2.8800088709639557,3.138146144023739,3.236386229211309,2.6362855768941236
74157,pop_4,3.0237701908854127,2.9961887108804293,2.8953468777377185,2.5270078049567433
74158,pop_4,3.207192623534326,2.4697109363961016,2.9432775721332356,2.949434457888217
74159,pop_4,3.5994691327889408,3.0673753563849555,2.998314431367421,2.3748772467423107
74160,pop_4,3.138001124757096,2.3813942415628233,3.308920741121025,2.9894152080554246
74161,pop_4,3.0315361330992796,2.835338584546381,2.7228617119839487,2.903318506260279
74162,pop_4,3.339793072043924,2.8648857937492243,3.1254190220319864,2.4240471773232954
74163,pop_4,3.206945715017482,2.659757283682371,2.930072344763077,2.432328108392841
74164,pop_4,3.1061326438224275,2.5738011569831225,3.09875765988697,2.64220305001957
74165,pop_4,2.868700692380591,2.59269511007557,3.182996093957673,2.943773198594946
74166,pop_4,2.952549967520478,2.6634898901390662,2.9685317688119235,2.617970056641058
74167,pop_4,2.8731969467947676,2.4077198923750953,2.7982360762753133,3.0072772007578816
74168,pop_4,2.8770453931608952,2.517039813936317,3.5466522607132243,2.8468740856109647
74169,pop_4,2.7742808560704164,2.5065863266722572,3.5482509047093624,2.701070772956966
74170,pop_4,2.944515431218673,2.7412539954320696,3.4189730638066482,2.816716894925541
74171,pop_4,2.8713685026009528,2.910870998657264,3.269559680874943,2.5750045385463824
74172,pop_4,3.1064615374438227,2.9502713392613025,3.400866701926465,2.4961084802809888
74173,pop_4,3.056188783666736,2.3598408322108004,3.422005100854772,2.9532188300262723
74174,pop_4,2.7237309265037832,2.3794718247394258,3.2030008460276216,2.719880034858155
74175,pop_4,3.027927297182502,2.5577320217946693,3.0226028009859522,2.2589548480158745
74176,pop_4,3.1327494606699804,3.066743694238322,2.9672033875798123,2.3599775482655434
74177,pop_4,2.812503466362968,3.025761807546518,2.437317915766543,1.891291067461804
74178,pop_4,3.165863405399011,3.2913102802681555,2.863109596241123,2.217703628323839
74179,pop_4,3.0693110095242835,2.6610152410287173,3.394621653715927,2.4721141704253307
74180,pop_4,3.137861081481191,2.8941225068156613,2.99145253182808,2.5578736675205316
74181,pop_4,2.8087365396295465,2.6033231664356062,3.241619099268553,2.570835570371538
74182,pop_4,3.124571467775585,3.019695006804806,3.4525250210481198,2.4786342199113927
74183,pop_4,3.017886951960004,3.066270524045,2.6462828828416525,2.325005765703239
74184,pop_4,2.8304765998208303,2.7247136739889157,3.357561237983622,2.759087450012336
74185,pop_4,2.879740905654353,3.1156744446545783,3.0067392783252997,2.413573620551118
74186,pop_4,3.235715284041203,2.733673118251563,2.9650729066094064,2.60001208460938
74187,pop_4,3.1297857877814423,2.9010380960089783,3.149404234826053,2.7296305665241927
74188,pop_4,3.5389499990432007,2.5938417663652387,2.5447276749393346,2.8434395392006957
74189,pop_4,2.906343202078247,2.4091760852544812,3.364129811150299,2.7672020996337725
74190,pop_4,2.8345743929248437,3.009025707123046,3.0963176677066575,2.437516229216197
74191,pop_4,2.995987239589064,3.013330044006942,2.7684783658112124,2.457094289162317
74192,pop_4,3.2545400590573075,2.7885874396985026,2.9279064960907437,2.5999407466262014
74193,pop_4,2.957062936356103,2.5394080605551954,3.272747112405276,2.7232368320078577
74194,pop_4,3.10684943858082,2.802277343730233,3.2721675690537637,2.8301731175789344
74195,pop_4,2.6087002434494475,2.267822931886252,3.0591244798652713,2.8803083045746947
74196,pop_4,3.194121451105708,2.940177601700846,2.8167338398354382,2.4988050946843594
74197,pop_4,3.004774263886023,2.458727595402718,3.0936699490205917,2.8002245420923866
74198,pop_4,2.9469869455281392,2.53956790022491,3.4267992258118007,2.626242667470358
74199,pop_4,3.1269634427920487,2.827290364076622,2.712114752987537,2.9893062887374073
74200,pop_4,2.9851053238793526,2.599630740053064,3.1845014085894943,2.595508829422102
74201,pop_4,2.948945841409557,2.703274880356714,2.968775405968654,2.57802588386713
74202,pop_4,2.7510408267726585,2.422191865456844,3.154823669493157,2.4206128792391444
74203,pop_4,3.026893690682507,3.021409407471223,3.0579979727294937,3.049403440987943
74204,pop_4,3.108331880055312,2.759432585430972,3.652280700151942,2.700359827920051
74205,pop_4,2.5848930600882345,2.2834315270759347,3.3961819089312226,2.807962462630099
74206,pop_4,3.439206833684003,2.501361774030923,3.245498345261979,2.6430259329183303
74207,pop_4,3.1090305230967075,2.9241252387152232,2.9669155923613757,2.52589763808977
74208,pop_4,3.1085120168014178,2.7730547884981833,3.282171377731423,2.4088557497567806
74209,pop_4,2.9297462568787522,2.422250590970605,3.4708294208693315,2.683530533246165
74210,pop_4,3.289305320890419,2.795593885092803,2.887613691487331,2.343866251336779
74211,pop_4,3.268241215062353,3.0351147074308256,2.8731540352535063,2.274625031022965
74212,pop_4,2.914708835798946,3.0393671678908185,3.1091228887110045,2.233897446138218
74213,pop_4,2.651253325505403,2.405028737849755,3.5340401768983796,2.5544247256317525
74214,pop_4,3.1318729994891483,3.1508450884950236,3.2569520770288736,2.3709109535819786
74215,pop_4,2.9793807692707324,2.4535011262726423,3.4646183729500826,2.581657329778794
74216,pop_4,3.0766700360407957,2.899950970896179,2.840314054801539,2.799488250017045
74217,pop_4,2.9395375651441,2.7051678472811767,3.1739926594364913,2.656964363770005
74218,pop_4,2.963686590309005,2.7549173447181006,2.750713884751091,2.3506182020464963
74219,pop_4,2.8643851384295917,2.8251168323395057,3.0710336715639595,2.5624598257291713
74220,pop_4,3.25127843919985,2.8087519988358483,3.1784380689713996,2.43557848003726
74221,pop_4,3.0314702205048576,3.021581864219161,3.1910663844681317,2.325806480265186
74222,pop_4,3.1212489616767,2.4622075161798365,3.345601322248579,3.141237507053391
74223,pop_4,2.9697681532472275,2.4224945376822817,3.4930736171109245,2.5124959863041445
74224,pop_4,3.1388221948972297,2.3066559740079025,3.1928624252428186,2.9166810400189047
74225,pop_4,3.0422582356625174,2.4963090948664326,3.3253507705701373,2.9254466204702054
74226,pop_4,3.040702180373228,2.5791860931970407,3.7799934112360893,2.502282685300668
74227,pop_4,3.007427242963935,2.779441568030962,3.673940789400848,2.8313689219433265
74228,pop_4,3.011222735988944,2.910194166191383,2.58685705221798,2.5966291500823133
74229,pop_4,3.028954961907939,2.592035154160385,3.136290801303013,2.683515606015126
74230,pop_4,3.1829996545149557,2.6578169848808946,2.8493640703623457,2.6800058182926527
74231,pop_4,2.6384465261628574,2.553476630204409,2.857759262695542,2.6541036973489502
74232,pop_4,2.7171553510999944,2.7443271981405024,3.2091250642410754,2.4567175682184867
74233,pop_4,2.9641105250119213,2.50185805636298,3.4092572320772687,2.6020301173170335
74234,pop_4,3.0823766402438753,2.7799273921997183,3.1309438849796876,2.5057488929933043
74235,pop_4,3.058836779729844,2.923010364184692,2.8976476209808983,2.593350273785956
74236,pop_4,3.326612366381821,2.8698858070924054,2.790064773846306,2.484223964943981
74237,pop_4,3.2315830982337412,2.8716925341098287,3.1471272775230283,2.5897704395199437
74238,pop_4,3.193693383665256,2.480064794513219,2.7674789071296146,3.06964609613517
74239,pop_4,3.075579765910273,2.277366776483584,3.2907406632581746,2.9822369812072838
74240,pop_4,2.9605882159247274,2.406568824463023,3.062859322444573,2.716832471610717
74241,pop_4,2.836614477048453,2.9385476764633913,3.403875937279749,2.258423470069293
74242,pop_4,3.10593317987872,2.7236300599543295,2.786408485474315,2.8321057493580906
74243,pop_4,2.8967963554459844,2.444995598379615,2.9308289105943075,2.7895433591233254
74244,pop_4,3.312268814094557,2.331885810818871,3.584405950331538,2.9419014218402584
74245,pop_4,3.4261497589979473,2.456350295932218,3.17146475775873,2.5034128833189784
74246,pop_4,2.943788646214264,3.140408167770621,3.0035651741230716,2.476507113493123
74247,pop_4,3.038009844200002,2.9600103673287643,2.758256015694301,2.187731876238276
74248,pop_4,2.9567414595732653,2.9273984981895325,2.956988128006875,2.7786936426548237
74249,pop_4,3.2161260323529337,2.5386928464667724,3.236651961832379,2.750959754519481
74250,pop_4,3.066683944914509,3.002240222585726,2.8886343028649053,3.165345791864334
74251,pop_4,2.8354127789257286,2.82886916840569,2.827025642908456,2.1789842737914644
74252,pop_4,3.0412183028576174,2.8844473036454756,3.2780938549496357,2.5877651808870246
74253,pop_4,3.138183837500633,3.170519435853541,2.7385739205856154,2.2564578847492136
74254,pop_4,2.9472469035176156,2.613764475633731,2.895395632105344,3.062458558485176
74255,pop_4,2.9477555736333594,2.421946684184194,3.5573057793703002,2.825118692303834
74256,pop_4,2.767914261002128,2.573736931963933,3.3055451400588995,2.6711124112639975
74257,pop_4,3.2415769085842743,2.5145132009278988,3.269525249728523,2.863139334053511
74258,pop_4,2.758606398898986,2.7988806384015055,2.9986459083847645,2.8342519789102076
74259,pop_4,3.0542038481033096,2.5410020288011577,3.26647706831667,2.853241947351211
74260,pop_4,3.2876105461709266,2.7600144896562564,3.0217405688475623,2.619355671122431
74261,pop_4,3.422701383118367,2.5081627149446803,2.9943584104046637,2.8993467676260196
74262,pop_4,3.1052897313436496,3.0389527269024694,2.9901550221829236,2.541534252309759
74263,pop_4,3.351667169128776,2.7491032837113423,2.4682179570050957,2.58080727950207
74264,pop_4,2.9068390355022653,2.659063952637208,3.175512400638084,2.8314846174606285
74265,pop_4,3.039773365780057,2.5652813376878525,3.519477317148824,3.0540658443520847
74266,pop_4,3.1954212591856206,2.69295893762565,3.1497625665038638,2.437708662190197
74267,pop_4,3.126700905000672,2.548534669125099,3.0769668780976698,2.243534200283536
74268,pop_4,3.2331485276970318,2.5320864760637103,2.562899291767143,2.176760049742808
74269,pop_4,3.1568583546023374,2.8881863495743567,2.7998511013033305,2.434012111174592
74270,pop_4,3.1661496329735517,2.853210167203572,2.87408692067273,2.328835054804883
74271,pop_4,2.9096676831946273,2.4468617108829394,2.9780972859851467,2.4294430306447525
74272,pop_4,3.0879539957799667,2.565328965830196,3.323333936756289,2.341498673196853
74273,pop_4,3.2258573587436143,3.1197614830453078,3.213393200541815,2.753956033133033
74274,pop_4,2.9408809233062074,2.7413681198447684,3.2591234138697693,2.5546759475539536
74275,pop_4,2.92930027723236,2.067178528842555,3.506330532605409,3.0465647526363746
74276,pop_4,3.1373864197757184,2.5879409043508628,3.0569417618244485,2.8640411031160644
74277,pop_4,3.160820736503643,2.7073417709175382,2.867947581018288,2.827894060190705
74278,pop_4,2.786888952144121,2.7709400513013978,3.350058973709415,2.3946797576170993
74279,pop_4,3.110702778303646,2.702347760844751,3.190580375346338,2.3439995381742045
74280,pop_4,2.9671049326458934,2.454753160179938,3.300261306583797,2.523265326455025
74281,pop_4,3.1914467067120866,2.4480286956508883,3.4616405593239445,2.290403897858068
74282,pop_4,3.122474748479038,2.3118898233138836,3.195262088408188,2.748743418278969
74283,pop_4,2.685654356401602,2.8574689782225904,2.909642173166128,2.8627392480587415
74284,pop_4,2.861063873160952,3.096916211769255,3.090829162129927,2.9046800708349787
74285,pop_4,2.973682065105811,2.6642201321769985,3.0379745796017987,2.682754759552877
74286,pop_4,2.89788179175655,2.8699703584024503,3.146807801381122,2.867816696364788
74287,pop_4,2.73911193102738,2.350986784132952,3.265686845775885,2.6295436697213717
74288,pop_4,2.9017920523375356,2.9657145097419235,2.9033252767866595,2.648528381379515
74289,pop_4,3.2234051998763182,2.946583622416446,2.915469007989752,2.532717159260032
74290,pop_4,3.196705739288435,2.3778812425510565,3.4737546406491333,3.0875399390608282
74291,pop_4,2.7820296354984806,2.7756834486014816,3.3037584922449126,2.7166048897199815
74292,pop_4,3.3460783609032276,2.609680417200897,3.0772254885498334,3.0325540413698806
74293,pop_4,3.0826205871709624,2.892866163006004,3.1703886727683552,2.8197920992650385
74294,pop_4,2.8934593980481615,2.586725218148125,3.027992073131228,2.7250422365088376
74295,pop_4,2.6073061694357365,3.1461923277878414,3.211732595623604,2.9325709395774195
74296,pop_4,3.0642140439600865,2.294133741812482,3.863462917058353,2.6772558028942632
74297,pop_4,3.0477686344459536,2.7104930647126113,3.2509191065083307,2.128441673573852
74298,pop_4,2.987293069256529,2.5614871082364994,3.2306511470632424,2.784412218709525
74299,pop_4,3.2564853734725476,3.2763388871237455,3.0518595722621162,2.3114631499593434
74300,pop_4,3.032445747795216,2.7331789831842395,2.9622015492381397,2.4997683286184427
74301,pop_4,2.7620000090892494,2.729428896622069,3.479810927389276,2.885762710372436
74302,pop_4,3.107698860045475,2.920291264016668,3.313854730756803,2.5798268324496254
74303,pop_4,2.7682905974004823,2.3647711661544695,2.9854454686111582,2.723147017228181
74304,pop_4,3.1759867891171703,2.69751536179304,3.0515788362437872,2.586966673457799
74305,pop_4,3.039956245132976,3.272335939643255,2.707269567969821,2.3509998939299623
74306,pop_4,3.307579336198959,2.6206789260475767,3.1929579762429245,2.6905429443561264
74307,pop_4,3.0398961694485225,2.763006097462771,2.68952094290193,2.15991089493257
74308,pop_4,2.9608841998294904,2.9258976150217846,3.6697378591078045,2.849772940775011
74309,pop_4,3.000233683935624,2.769083876348069,3.275866237550942,2.6672574109505227
74310,pop_4,3.3624138698631776,3.0300910590288974,3.1084059048067774,2.548163511569948
74311,pop_4,3.0829108364066906,2.800571258171188,3.301200163030324,2.399143590705941
74312,pop_4,2.874413613293353,2.5755148312964455,2.9417978026503753,2.7704316307791172
74313,pop_4,3.0006870272437727,2.633870884992913,3.234757924184544,3.175406847648809
74314,pop_4,3.4653513147160906,2.994431597780816,2.9615532006091483,2.7232445472999096
74315,pop_4,2.8255752766751874,2.2943001007041293,3.8237837131196866,2.664642761250841
74316,pop_4,2.953741403315333,3.3511732431802512,2.777701202813524,2.251625649172371
74317,pop_4,3.0295270632165625,2.4402964956452253,3.483696985471044,3.2072965729591796
74318,pop_4,2.9085457090962126,2.7126152159846812,3.1061617933307653,2.7043583216522835
74319,pop_4,2.9928418543019544,2.292014363912471,3.4682607814673023,2.6896424538560897
74320,pop_4,3.224972292230084,2.546976147129766,3.3453124628212683,2.651869287580817
74321,pop_4,3.248723603062014,2.763354460761872,3.219071273654462,2.4979134226909614
74322,pop_4,3.0295405065812955,2.566090192111982,3.041319142094383,2.7112603539774667
74323,pop_4,2.930348705526567,2.8972879806895504,3.3061692861625516,2.547851123277986
74324,pop_4,2.782025247371559,3.1928330650279744,2.910376877325858,2.422666476651387
74325,pop_4,3.165634435247626,2.682680719916276,3.134219239781968,2.7400333791059746
74326,pop_4,3.453449286299085,2.65889584747682,2.9350161799188763,2.489781670478659
74327,pop_4,3.023657037172848,2.9137042611465254,2.909707107143271,2.521995184141783
74328,pop_4,3.2394189418593506,3.17211021967096,3.154659898390302,2.658720401692968
74329,pop_4,3.037457104082238,3.099440297945886,3.052004692464331,2.5881748513471443
74330,pop_4,3.5485830795977327,3.0001372843775114,3.0550492908487668,2.518197659605266
74331,pop_4,2.8531539684847442,2.7048953305496077,2.876916508261397,2.186291162582304
74332,pop_4,2.887074147104587,2.5733814080151345,3.3221691139178806,2.807820149772386
74333,pop_4,2.7907106143054334,2.7741444776971838,2.8597286470539833,2.543235309252943
74334,pop_4,2.7989558397616277,2.4735914931721847,3.3543078074670567,2.898194143246505
74335,pop_4,2.6130791098333406,2.5954277760780107,3.3660630680252983,2.556116953541437
74336,pop_4,3.3062190934729463,2.3654105312917095,3.1619098124769143,2.64910647031683
74337,pop_4,3.0285182719161834,2.82881459386599,3.418824048461011,2.5530414844635922
74338,pop_4,3.019188799117822,2.352116301352344,3.086995844350438,2.330808225295328
74339,pop_4,3.0168384380579116,2.499730747996512,3.546232902905382,2.7441980311382
74340,pop_4,2.961044819598704,2.585693699599999,2.8512544548064853,2.5952184977825437
74341,pop_4,2.679024536953038,2.2391087957661897,3.505615455325994,2.629481435449875
74342,pop_4,2.807322424809576,2.3563382337946495,2.8472268417775215,2.530025261251615
74343,pop_4,2.9644559983035803,2.785731527099883,3.0012789692413753,2.4502955125288404
74344,pop_4,3.00970628145141,2.67084979646762,3.309888914057381,2.7677595216115805
74345,pop_4,2.6580021425620814,2.8344032953178018,3.456333140840615,2.6121554208871802
74346,pop_4,3.2104206951868726,2.818698874704466,3.100713624227802,2.5029140167631305
74347,pop_4,3.3000021028969773,2.5371452582736227,2.9769512832761453,2.4838215672482478
74348,pop_4,3.1482660986415474,2.719430780810767,3.0305496842703468,2.2885440019276566
74349,pop_4,2.777208646942558,2.9865354389584526,3.087118314339531,2.1936913120549755
74350,pop_4,2.9271082870939975,3.0514369821103364,3.121656849415742,2.123812033344028
74351,pop_4,3.024097718388191,2.824418646691106,3.2778418157705116,2.3823195896544154
74352,pop_4,2.810318177844731,3.068715366993347,2.80968256250083,2.437559212380227
74353,pop_4,3.042550570102203,2.5850445621833495,3.2661226423701613,2.529766903589182
74354,pop_4,3.163405814930819,2.5378167012777184,3.167381886996197,2.5254854721247804
74355,pop_4,2.8129980633345077,2.66241406865834,3.296462799324603,2.8085964354881257
74356,pop_4,3.243346255878142,2.7862022067375993,2.888812597439342,2.91219677725709
74357,pop_4,3.08347618409295,2.6078740131986,3.161837515828503,2.6300381269075777
74358,pop_4,3.0826674873804834,2.5277229477483356,2.9211332852188727,2.9670143835700937
74359,pop_4,3.337283520598056,2.6603832864245858,3.4636210413734663,2.9023377039611584
74360,pop_4,3.043688778399836,2.7091575713370437,3.073482115288865,2.400728017792025
74361,pop_4,3.1632919309382816,2.6518889772009597,3.025462532624651,2.872275408151684
74362,pop_4,2.922216094527873,2.7474766279507716,2.971855512914081,3.057746730127211
74363,pop_4,2.9165817912785976,2.8875792443136588,2.9749684867563686,2.6291232617944886
74364,pop_4,3.029947543835966,2.8293559284823164,3.606407718607799,2.4816277916241365
74365,pop_4,3.184855084443514,3.0099206018360074,2.644092793411447,2.714718124868078
74366,pop_4,2.7388006825706586,2.3136673109539267,3.282565115818872,3.035004096150954
74367,pop_4,3.025969838484934,2.596222674216589,3.5484676871762075,2.4534532484732843
74368,pop_4,3.120038388218273,2.760090011662651,3.4916401378099318,2.646147560813931
74369,pop_4,2.918970808413104,2.8555031607725714,3.183170526864786,2.8131259766001957
74370,pop_4,3.2060436707428046,2.5194063598669305,3.449305854657756,2.5857504342986295
74371,pop_4,3.2911490254399594,2.502421221922214,3.1002805492582137,2.426757275701534
74372,pop_4,3.158588155618881,2.9497834514836594,2.8799898565721858,2.218592700202448
74373,pop_4,3.045231413399732,2.8938489365014073,3.1999631458423936,2.436953460299705
74374,pop_4,2.906834295212051,2.5280015825672364,2.9296950624151816,2.6789181987911985
74375,pop_4,3.2759736526000762,3.4090430902719735,2.443922166599126,2.121777746264669
74376,pop_4,3.055641198466594,2.8704811832068446,2.72646317096188,2.262271833061669
74377,pop_4,3.3322595403169912,2.604227605456926,2.8961694252463284,3.0789040783748693
74378,pop_4,3.3225591475511966,2.869604386000775,2.701707506407111,2.5487205421752437
74379,pop_4,3.265985706714948,2.5061616950864587,3.3277303838778045,3.0609900644067776
74380,pop_4,3.1241032864740017,2.4128923628023755,3.4090657699137736,2.8521132926685873
74381,pop_4,3.2103064182748358,2.3794117227071028,3.247938945307255,2.7847038256727004
74382,pop_4,2.7472719201194007,2.4939895401353347,3.3856793469793853,2.6702325574173598
74383,pop_4,2.651738141505767,2.6151285810455445,3.561330340777039,2.833883376973631
74384,pop_4,3.1320680175157274,2.8994695721423427,2.967801731736121,2.3395465309866523
74385,pop_4,3.030781834600608,3.0622443638867503,3.330628144308485,2.734528614324038
74386,pop_4,2.886432367450134,2.9548576341494694,3.2318868857741765,2.5781309466124105
74387,pop_4,3.137122578046564,2.832936512637722,3.157749017458367,2.3354209081481234
74388,pop_4,3.087114196273501,2.6061733476895803,2.975065116820064,2.866669560442969
74389,pop_4,3.069630204062371,2.771099048869599,3.352246496682449,3.0398008365025286
74390,pop_4,2.9811648612654946,2.6932072841027836,2.951111581059679,2.4403002161196268
74391,pop_4,2.9521035156111965,2.961212824052917,3.2530856917952446,2.42208594346127
74392,pop_4,3.0170360553124733,2.5575383558132163,3.5577276879795146,2.828238708929236
74393,pop_4,3.195897293172449,2.7619690835081117,2.7302037365205667,2.2898963545221824
74394,pop_4,3.2223518212644735,2.7630604588555356,2.8426269275835687,2.22685688792553
74395,pop_4,2.9558099220455256,3.0421960239915893,3.091380147468375,2.3130769343348008
74396,pop_4,3.091225686754074,2.7191629061893234,3.0136260148831138,2.9597461893947403
74397,pop_4,3.0144633883246406,2.5307913888097566,3.20357749623269,2.505243686133423
74398,pop_4,2.8763948136970225,2.910031725726124,2.917030258817022,2.4413124908510717
74399,pop_4,2.9907903820815265,2.311289043980182,3.374520050564293,3.3461161900773466
74400,pop_4,3.2403832001120643,2.7125874202586004,2.5209723943566393,2.9487824445645767
74401,pop_4,2.803150571896544,2.55767608535734,3.4426149712985716,2.4653249784322138
74402,pop_4,2.6944816196168833,2.49229497117033,3.5227949036873327,3.26701826868865
74403,pop_4,3.4485852993352295,2.807830636420108,3.224154252524495,2.6814640246898365
74404,pop_4,2.7799449624350143,2.919451655387792,3.452238398860821,2.511625169511376
74405,pop_4,2.7048258049310565,2.8850825708587773,3.2609782795627207,2.714296587160415
74406,pop_4,2.8950465483941397,2.416493610260307,3.9299341956925904,2.9584956966841784
74407,pop_4,2.6776218128475966,3.0665638768028756,3.1460352585523044,2.3732260720037637
74408,pop_4,3.221315364147121,2.398552668213673,3.155635096289274,2.5355495587654993
74409,pop_4,2.793346624332697,2.754841045042596,3.1559703656975673,2.4740597237152135
74410,pop_4,2.819420805662507,2.888047728603937,3.2024516884779843,2.283288261695146
74411,pop_4,3.3236232907613297,2.967432129656732,2.7334076025098746,2.892918606963938
74412,pop_4,3.0367547257780054,2.908364128183647,3.405135596188692,2.77940907174627
74413,pop_4,2.949808548168669,3.1206310833408604,3.083779704897092,2.4537501052165864
74414,pop_4,2.864017354509167,2.537171619972776,3.0941300800799425,2.456413203621345
74415,pop_4,3.251024505004574,2.5628723342049464,2.84223243012,2.6428174291848254
74416,pop_4,3.0348670121918677,2.486709238437241,3.36823947462297,2.6908865800018393
74417,pop_4,3.017942756761176,2.9973639818059445,3.007079993039278,2.4587862461422656
74418,pop_4,2.9781270454204547,2.857103507960743,3.0637696144161524,2.4391562879780637
74419,pop_4,2.9571891985853234,2.766375163253925,3.2638651861355914,1.9787612546122666
74420,pop_4,3.1811366598850417,2.502630242634576,3.3660237963287143,2.7431356241592932
74421,pop_4,3.3051800492665535,2.5786375433808315,2.9339175127947508,2.562133807452812
74422,pop_4,3.312871222012261,2.8380712418860004,2.9081964049367293,2.337436058537492
74423,pop_4,3.0696250879382188,2.7698851886676503,3.233578479734669,2.5890071407934934
74424,pop_4,3.3255501353363734,2.75041625636738,2.586010165356043,2.6430345140833458
74425,pop_4,2.7762818685562007,2.8637644692318553,2.605618991615165,2.858701031426105
74426,pop_4,3.228167697145043,2.6981276967544416,3.245266000818875,2.2146977959269205
74427,pop_4,3.1071018075338834,2.7112656388396816,3.314286347478492,2.7211659892111286
74428,pop_4,2.988439347593621,2.5116644731801396,3.011179117571675,2.816033698887702
74429,pop_4,2.780437536353044,2.649438583349494,3.627252717860741,2.6805625372716197
74430,pop_4,2.956181471670491,2.871854786045718,3.08674377837452,2.397580688273289
74431,pop_4,3.203560777275607,3.145883176027334,3.11954891396787,2.263768403447044
74432,pop_4,2.912458844717915,2.608155307111522,3.0516646335105015,2.6924472307978444
74433,pop_4,3.324443723201687,2.851240687139101,3.4310909806048784,2.2579660362668696
74434,pop_4,3.2073565866821836,3.0382581453603406,2.6688253198324388,2.543180825424494
74435,pop_4,3.3370447720445613,2.83946754019268,3.0229427958729063,2.5718298031415014
74436,pop_4,3.5605241297646706,2.6333315992019926,3.022359977631444,2.819699603939281
74437,pop_4,2.8636007671907184,3.0218678897336466,3.427699718071625,2.784444876213236
74438,pop_4,3.0837659607376704,2.804545140632446,3.0759794498758195,2.353663714857347
74439,pop_4,2.652985665932547,2.8254839740020743,3.386396074629561,2.5136090588144433
74440,pop_4,3.2555552798235645,3.12630608617397,2.5895373424371244,2.3401567483282255
74441,pop_4,3.0133078999977077,2.4548507989971675,3.2451854666275173,2.7498137746666074
74442,pop_4,3.0239657639649042,2.699062113457501,3.281177396449187,2.5211172572238407
74443,pop_4,3.05607452788078,2.920041926054724,3.3014495042663334,2.7947257789677615
74444,pop_4,2.7806855268674275,3.0499057804552403,3.386778031424932,2.471798145588132
74445,pop_4,3.17814023446376,2.7601588236556744,2.9426023982774585,2.3619258483620573
74446,pop_4,2.9363296599916353,2.732446759580577,2.881896135888534,2.739084638666464
74447,pop_4,3.128406461221658,2.6031169159310332,3.0131634552396993,2.6958388540905167
74448,pop_4,2.698861076502388,2.6986128653784123,3.0690698864889936,2.9190410187733646
74449,pop_4,3.0676955965174875,2.9165221843753497,2.754732075564722,3.1362968558330055
74450,pop_4,2.842181661465115,2.814639220405759,3.305814366508423,2.5898006139879968
74451,pop_4,3.4070465896446693,2.73387116199336,2.9973934053668794,2.821094234174066
74452,pop_4,2.9801372185001953,2.196031809278606,3.243172937607896,3.0038597469669877
74453,pop_4,2.8726091106474687,2.809939398172514,3.172598148416876,2.640424428017826
74454,pop_4,3.112227611520681,2.6938982243892258,3.2971225774635196,2.86443064793265
74455,pop_4,3.0293755294994202,3.1132559043841868,2.9996384464047385,2.629936809200517
74456,pop_4,3.2272577152079176,3.1738053659577026,3.1144594646138146,2.297868535405458
74457,pop_4,2.864497509239092,2.692821980565306,3.120969783378488,2.6237689455133335
74458,pop_4,3.3160522713793967,2.6671830570710453,3.1913368694314617,2.4594271487851094
74459,pop_4,2.6382988790025257,2.7441334514441054,3.5442639239578013,2.7145044467611763
74460,pop_4,3.131582909625156,2.6570365235736175,3.263281190388955,2.6658598240121516
74461,pop_4,3.549462217327962,2.5986676134439657,3.200425459727447,2.6072742330863723
74462,pop_4,3.1494855797474237,3.0070543552008018,3.0736273487118004,2.6181615325684966
74463,pop_4,2.689704281983317,2.604519349441623,3.223075724022904,2.816368585675731
74464,pop_4,3.0871607212860233,2.3187739219215144,3.169961766264247,2.955664892377855
74465,pop_4,3.5374227993840783,2.8727280751643027,3.143858181005351,2.622905734463437
74466,pop_4,3.075147644946101,2.3955980414568803,2.8845388103405583,2.5890234739935005
74467,pop_4,3.11499835172232,3.006111458799314,3.4558829681585306,2.5326168822696906
74468,pop_4,3.088258289807294,2.6793988185241613,2.5714912063971758,2.460410052838266
74469,pop_4,3.0632891520920333,2.6074191198738244,3.7480373773111726,2.576530291614647
74470,pop_4,3.084541421866144,2.619568703523332,2.7504022117833347,2.3985574934415803
74471,pop_4,3.136270487151635,2.7915786691785756,3.040915837044234,2.7097852493737338
74472,pop_4,2.6628634102890785,2.885034486189884,3.4086888231482066,2.4501767141327737
74473,pop_4,3.092849194061553,3.1616287118219217,3.241297177807424,2.5546925790797106
74474,pop_4,3.1839072452077297,3.0509419604304333,3.077722758214459,2.6240037337950173
74475,pop_4,3.3341011758979593,2.952731133907056,3.1793796754291126,2.486755757746264
74476,pop_4,2.759684976131659,2.960609627522344,2.7981404059811545,2.710887596876009
74477,pop_4,3.191139033331996,3.1895609493384414,2.963240089105116,2.375758606957026
74478,pop_4,3.1274833899592647,2.634868965647377,2.8969505450738304,2.8394999990112852
74479,pop_4,2.9155167737943484,2.9650576116174627,3.098507968887693,2.80731931219382
74480,pop_4,2.8416121113826494,2.530584095822426,3.030789576140315,2.7186279982057076
74481,pop_4,2.889880914263484,2.3294686595975973,3.0867978496586495,2.7630277798371337
74482,pop_4,3.5315633897742758,2.765608373874262,2.3359281693128504,2.837957606400044
74483,pop_4,3.1685178652852017,2.973778758995918,3.1118843671470335,2.4035423058081564
74484,pop_4,3.075042415751233,2.953441653814079,3.0201332165442123,2.3130132429604338
74485,pop_4,3.152944529975935,2.6407225679096484,3.1041146150520387,2.345989312869588
74486,pop_4,3.093600186031715,2.685484324851968,2.9933523675591767,2.479465184006522
74487,pop_4,2.7767442374757727,2.4843251261770645,3.0677938717881164,2.87259608650122
74488,pop_4,2.781648264023117,2.022783065663939,3.1935122038916615,2.573479432232871
74489,pop_4,2.9063688974927757,3.0088722960629206,2.7987712037258508,2.665429142080745
74490,pop_4,2.6584721510500855,2.5006768282216005,3.1481816019103928,2.9186297629444
74491,pop_4,2.9690591941174027,3.02135278225777,3.202116671825285,2.2205695869162856
74492,pop_4,3.062044790870053,2.305503551977446,3.098857773873947,2.913531581246838
74493,pop_4,2.9153620369939737,2.7747091374770383,2.9756627193094842,2.7849935622265507
74494,pop_4,3.268097431579027,2.717142596470295,3.010252749812286,2.7098834793175945
74495,pop_4,3.08068289359172,2.4405102631847946,3.2588205805813923,2.508020173638846
74496,pop_4,3.2779734108141514,2.601645819374946,2.808491227093566,2.4713247693975844
74497,pop_4,2.7254200608883155,2.320722472932008,3.3324318654329352,2.3960647246373923
74498,pop_4,2.683459693090503,2.53666497245053,3.307952914633427,2.7712357587345324
74499,pop_4,2.987497144369293,2.753517226500606,3.0228453721646713,2.3050659401330345
74500,pop_4,2.8929400525802786,3.2233445437633765,2.8672021610212677,2.445829376658447
74501,pop_4,3.133243588261229,2.9390366745508207,3.1437084547757497,2.7859938950289513
74502,pop_4,2.9504972441151445,2.470266327178056,3.7854928664530747,3.3483780455982814
74503,pop_4,2.4972063077278044,2.7929144455157116,3.238892388168251,2.787447588023244
74504,pop_4,3.1572401898473967,2.897125988850239,3.087493539701707,2.388771662369549
74505,pop_4,3.0240616547711308,2.6937501990390094,3.4139055971945385,2.549560869661306
74506,pop_4,3.272713419354884,3.335356507919627,3.352823551939319,2.590596867457605
74507,pop_4,3.0696182341712306,2.716584403361511,2.554201242009897,2.3540982355860796
74508,pop_4,3.143799976444642,2.93051907451299,3.0969272412818727,2.2113399614456117
74509,pop_4,2.7935943596226216,2.875439838710618,3.373534787785454,2.230039174506452
74510,pop_4,2.6962521039293836,2.7640534809076933,3.2871845821158376,2.878922548349009
74511,pop_4,3.0746354551040582,2.6365467295649783,3.2568116560206017,2.3747795455580976
74512,pop_4,3.2817985355730563,2.8824986735130627,3.1330905925659702,3.0522327035294614
74513,pop_4,3.188052073790479,2.473842162722147,3.0759123866932434,2.5071985403879933
74514,pop_4,3.0728464968201012,2.8173803824051054,3.1291188895534687,2.8769109030400917
74515,pop_4,3.180305053333034,2.8174502203825984,2.968570379924357,2.4851908594862913
74516,pop_4,3.1801639682360467,3.1753531785153593,2.75607007400181,2.581878565844996
74517,pop_4,3.4605688893271007,2.9325099138088038,2.8977575271413833,2.998999798303899
74518,pop_4,3.295425667053238,2.5631854302817905,2.9132850777229646,2.507276438329449
74519,pop_4,2.8109919711542872,2.2920714836547442,3.2046053994485324,2.415661301024931
74520,pop_4,2.9611237273211244,2.479395529426233,4.040443694496916,2.732765719525126
74521,pop_4,2.8050573011050206,2.847839045104225,2.925203021872651,2.7963356700069433
74522,pop_4,3.1071735897304777,2.3896690219037233,2.994317978078295,2.517752104015536
74523,pop_4,2.923757841742897,2.6003093031491296,3.3828323186515474,2.8708170493744047
74524,pop_4,3.533824326066645,2.705970941980122,2.9057800223114234,2.351067230864207
74525,pop_4,3.3452055455350163,2.7876449845281757,3.0998394338693083,2.7619659757180446
74526,pop_4,3.0540800430669077,2.3704231993843905,3.3032179524218375,2.409043875624535
74527,pop_4,2.793606376850613,2.824096662145223,3.0391451680290813,2.6031289531595787
74528,pop_4,3.092119505004128,2.6302025287695714,3.2994424442800185,2.724818978812086
74529,pop_4,3.0414248820139314,2.446193966091424,3.2959890092949222,2.7950136913445003
74530,pop_4,3.245716025633997,2.698106517668119,2.8591949009095283,2.340508632087407
74531,pop_4,3.1234707603579994,2.4989035704385243,3.386794038061586,2.1741358573718474
74532,pop_4,3.336967032745269,2.4081866270398526,2.89658740975561,2.838122057526735
74533,pop_4,2.9961898675489116,2.3773784473827853,3.6181629285310084,2.6993204164584754
74534,pop_4,2.526632551442434,2.7163232047036967,3.509323068286524,2.986453192012102
74535,pop_4,2.9710738957299765,2.7641488151699134,3.300896139879611,2.7192636292752046
74536,pop_4,2.884947353052765,2.5432586326964617,2.9730819817698966,2.479093062507117
74537,pop_4,3.27470339981361,2.634350987909146,3.0843508663122288,2.492583860745186
74538,pop_4,2.885814825556758,2.6683597663639365,3.235512071937604,2.642609154278273
74539,pop_4,3.6339064755353383,2.9921944872259965,2.804120605323522,2.513140368278024
74540,pop_4,3.209097966577842,2.856989105876916,2.8143951693753957,2.324514727577233
74541,pop_4,2.60994774381052,3.0074119054618693,3.05109137325489,2.4627257666358537
74542,pop_4,3.239182946169434,2.244652988714448,3.521579246526907,2.6666830674954163
74543,pop_4,2.8994634296110102,2.611291071078408,3.2210946823238134,2.6509589913115144
74544,pop_4,3.4936179147013036,3.1878305268831437,2.7022540338514247,2.091274646329106
74545,pop_4,2.95743436551146,3.250396245703269,3.107642803771083,2.0024261156344583
74546,pop_4,3.3883395448897056,2.6114786006308948,2.8843337752534426,2.913691402590668
74547,pop_4,3.0760846765236494,2.7936230769616577,3.1458220397715553,2.4404342372381382
74548,pop_4,2.8260712591795234,2.6653291897426823,3.1971822013916835,2.85854077367104
74549,pop_4,3.0001736784129496,3.0823897060385193,3.128021491756533,2.438023306898781
74550,pop_4,2.8714911721014986,2.4675935023746334,3.207534947198583,2.8863139408989236
74551,pop_4,3.2387686459020175,2.6326099986980998,3.601189494006687,2.640365237827475
74552,pop_4,3.010542676575478,2.610082312558362,3.050536725331941,2.47401823663028
74553,pop_4,3.0827219760880666,2.8784567871397764,3.3199714419442357,2.6109319488698803
74554,pop_4,2.9896995871618706,2.7891884374926876,3.2147453019065795,2.545054927979565
74555,pop_4,3.0824995852667088,2.848819515233474,2.7876490991175826,2.36057599756333
74556,pop_4,3.1960160750893847,2.325050278623827,2.76814828640337,2.798061900847426
74557,pop_4,2.926560719424001,3.0017970579928117,3.0354866903732085,2.299990420452262
74558,pop_4,3.202731413952128,3.020772192853854,3.13268643051803,2.689354172856024
74559,pop_4,3.1586467597000794,2.7616655292684986,3.1537156341542856,2.1662178007892074
74560,pop_4,2.5116411763045994,2.9770783016115243,3.664803327403149,2.591296132006545
74561,pop_4,3.1115600116888635,3.144682778891607,2.8739288545667208,2.3919957268811185
74562,pop_4,3.0131262242245653,2.4297855500307364,3.34950499157804,2.521351882740306
74563,pop_4,2.8297601920093944,2.985653668910258,3.3361766324894053,2.2405179015830163
74564,pop_4,2.9538098691949344,3.017257032350197,3.3630025898982545,2.813276520679748
74565,pop_4,2.9191693273119768,2.862069653076113,3.366087460507703,2.6455768060286946
74566,pop_4,3.406642552399081,2.8122321960827956,2.960891878765472,2.5802745022135922
74567,pop_4,3.3885573938498186,2.92016606041114,2.9458804253369646,2.2443205240457083
74568,pop_4,2.837978376723956,2.7470762297276408,3.280905436993477,2.560643913761437
74569,pop_4,3.121794583178767,2.814695353118102,3.059999493114357,2.6882366803388105
74570,pop_4,2.9001642218113526,2.961157336713707,3.246617100507818,2.603280784716882
74571,pop_4,3.0253637354891683,2.9008491913239838,3.362873177479786,2.4887286412194203
74572,pop_4,2.7713078806483296,3.0500528945958294,2.709706423363395,2.4438098231579954
74573,pop_4,2.6027781935810737,2.687043376007149,3.265626842002359,2.491452125012375
74574,pop_4,2.952465060993838,2.675382551533878,3.596672648651733,2.2979671355325286
74575,pop_4,3.0420720078481933,2.3122453405295245,3.227108611213409,2.580485863057413
74576,pop_4,3.223682744860914,2.7180231627498994,3.1804329824116633,2.4261150839492536
74577,pop_4,2.674310430451933,2.7584112215048835,2.987175158452666,2.766455264623275
74578,pop_4,3.1970561742114496,2.922294627933036,2.6843428563959497,2.590455257045068
74579,pop_4,3.028993182120141,2.803023593059736,3.330143035120495,2.744290133697966
74580,pop_4,2.8304586938647436,2.430993880763644,3.2825340731801407,2.5830114984687524
74581,pop_4,2.9038754042240105,2.6305383684257544,3.026165986795643,2.7315978785769377
74582,pop_4,2.9250773155470426,2.0808759699042545,3.5537813528731204,3.1070651994465703
74583,pop_4,3.074039312038689,2.5543050179818114,3.313838694024957,2.4498326573293325
74584,pop_4,3.364941373498565,2.8940694920421657,2.860696092862527,2.6647486576914052
74585,pop_4,2.3490549608952,2.634249016735282,2.8968424509485633,2.5923785843799463
74586,pop_4,2.871067171840187,2.865754541473883,2.96536768652864,2.206492224867571
74587,pop_4,2.975244155020828,2.613475896230005,2.820735576409554,2.3409498989687436
74588,pop_4,3.081756149191094,2.8686910475678817,3.2269438989093975,2.7835575949343414
74589,pop_4,3.0738357643916463,2.8389808689132536,3.146374286137509,2.7152569836521145
74590,pop_4,3.2739453475550198,3.0827847083880293,2.9143105146974304,2.5833587922833887
74591,pop_4,2.5883776290421294,2.845601684003688,3.067636167007882,2.868291018204533
74592,pop_4,2.987658771799254,2.912906846912267,3.1032673276887404,2.60384538247408
74593,pop_4,2.996281725732784,2.2202693283737718,3.137367519772076,2.912323862810532
74594,pop_4,3.597749021663091,2.722606724010125,3.6664580531241775,2.8102635402149314
74595,pop_4,3.3097235705750623,2.7648829562628197,3.0785688253713843,2.681374663090177
74596,pop_4,2.827117307750666,2.564481770030689,3.234711107429822,2.534386998561004
74597,pop_4,3.2855575504831993,2.78439488416408,2.609110605202693,2.4600309718501774
74598,pop_4,3.370422255346865,2.9460287716985794,2.544820918749741,2.2355721368170878
74599,pop_4,3.4373411630397688,3.1098436009108243,3.0020689690124587,2.2236050779869507
74600,pop_4,2.8487541898278788,2.672570477060346,3.219820005113109,2.954319556543955
74601,pop_4,2.7352579208860504,2.751938744810408,3.29948257909334,2.782754534240017
74602,pop_4,3.1000266481068692,2.6797096459761103,3.543661904824331,2.4909551735060997
74603,pop_4,3.1728617197826963,2.748560277095381,3.296959416768262,2.6049212459479114
74604,pop_4,3.389982815494715,3.0067646193707156,2.7680252561400014,2.212727704326204
74605,pop_4,2.7860852455349,2.8763458160033655,3.2907165187421037,2.520004491818378
74606,pop_4,2.871904673298551,2.7812441703740225,3.5582895050966648,2.7021153207110826
74607,pop_4,2.9276270707011784,2.8692619714084815,3.5921272444969983,2.4044777843625607
74608,pop_4,3.054197700593098,2.5154631976638635,3.6914870054382294,2.4706476462781786
74609,pop_4,3.364745059006343,3.2425577137879165,2.996954255109452,2.6378934050146796
74610,pop_4,2.5134818174322895,2.562161429055821,3.363031359213457,2.82305881628666
74611,pop_4,2.8916621347622513,2.7606003538523334,3.086739704952324,3.2036072559814275
74612,pop_4,2.9054554953542686,2.706541379981848,3.3650857625477593,2.5362332229606857
74613,pop_4,2.6575146938052923,3.0910900510207338,3.340517898352126,2.7543790392345815
74614,pop_4,3.122858015994055,2.7081727780790366,3.2997197034175008,2.6392314967403143
74615,pop_4,2.861550867714226,2.914838802997952,3.2698438958658675,2.8526007964926996
74616,pop_4,3.2889691913268457,2.5619805136552736,2.8615366254124526,2.362300727715543
74617,pop_4,2.8918099610537573,2.6011619560543955,3.1650718085193903,2.842081787172615
74618,pop_4,3.050438829688193,2.6839877424240717,3.1778933088827257,2.299718337947987
74619,pop_4,3.243581746378804,2.469552861485275,3.514492662970477,2.4386521671888595
74620,pop_4,3.006603464186708,2.4831243583221414,3.281096025194524,2.8421970970012245
74621,pop_4,3.0510235148324067,2.5433918984741783,3.1973150321660966,2.3475365323756874
74622,pop_4,2.982134950818161,2.5636645833253735,3.3113534276505994,2.8100815306517575
74623,pop_4,3.068879532817611,2.4303209279086126,3.378163077366962,2.76848482538185
74624,pop_4,3.1060458658528582,2.5324582186790487,3.3367398306955565,2.602109317593711
74625,pop_4,3.056008085750502,2.7487447401941507,2.738190663073391,2.384905295494086
74626,pop_4,3.020588834390518,3.1148024652146495,2.843807545151874,2.309059941716129
74627,pop_4,2.993300327897877,2.398897621837011,3.408699609437301,2.8578807482493493
74628,pop_4,2.9852496865551092,2.733774721979194,3.228973512656155,2.4057463615267505
74629,pop_4,3.172886562748439,2.9363133312645546,2.9213001776251692,2.907513341835675
74630,pop_4,3.1453974961686226,2.623468430673123,2.78843646516513,2.9415656674528536
74631,pop_4,2.7861319127578006,2.366662735138612,2.694640262632092,2.8295802046492717
74632,pop_4,3.1333147913184822,2.896509188291925,2.998181872927712,2.4381339297182385
74633,pop_4,2.883893277867034,2.351073753338516,3.47406406221539,2.936959847742686
74634,pop_4,2.8995451222532136,2.3496826530361608,3.695188517147363,3.106747919412929
74635,pop_4,3.080993792922678,2.7769288567837203,2.5788877191480477,2.4554178313155672
74636,pop_4,2.832954213402499,3.0557465024748005,2.941925709086525,2.5186567274642706
74637,pop_4,2.886916857022389,2.8047773561336804,3.3577358828661126,2.4871172966267787
74638,pop_4,3.0267534566968473,2.389245977328032,3.2180942336441722,2.9084375071559054
74639,pop_4,3.1646755213380935,3.022661609371049,2.402527472111533,2.8193720480422177
74640,pop_4,2.5379612928196695,2.429853059802856,3.1669791457866707,2.474105238247964
74641,pop_4,3.1084206149995457,2.583873682343799,3.08663688977152,2.5352620942222948
74642,pop_4,3.078492934140166,2.3346180033954935,3.514176224838902,2.8990603364914462
74643,pop_4,2.753535699217773,2.3364064766439308,3.318729674543605,3.000257434736968
74644,pop_4,3.2354001124905625,2.6102312323474224,3.313015067751151,2.593276478660435
74645,pop_4,3.1321258020243934,2.8174569777651857,3.8186581057062177,2.444953817118097
74646,pop_4,2.844789615579252,2.5165261214244676,3.007578360619793,2.507737445105524
74647,pop_4,2.785284275467135,2.5924206284118165,3.464529602011672,3.063557096036255
74648,pop_4,2.693145790959192,2.974542272167367,3.4311278915191483,2.783337529181916
74649,pop_4,2.9975162631634586,2.4753302820627296,3.2751227870536304,2.6626565003215465
74650,pop_4,3.129757740796501,2.6805779457337895,3.164010022196038,2.076225730776067
74651,pop_4,2.7094907315879846,2.7405602456370355,3.6725935733589443,2.577660654989914
74652,pop_4,3.282228422758071,2.78280992557718,3.2028878821676265,2.4820351883087697
74653,pop_4,2.7936787261865272,3.031044378099718,3.2977341856030327,2.3055268028869342
74654,pop_4,3.177697324318965,2.560859001189654,3.1772374653688953,2.927255325130457
74655,pop_4,3.1438111357752887,2.530866844130248,3.0550155072758725,2.9184909760927122
74656,pop_4,2.912256083839002,2.66610257584321,3.046527145328617,2.9287151345848432
74657,pop_4,2.9871392531207137,2.738177420549823,3.1723955670464785,2.9254020160260943
74658,pop_4,2.9934908387922414,2.828116680972701,3.3604556279559494,2.424285406605715
74659,pop_4,2.7685675427473297,2.457135791464622,2.9610303447084343,2.9730889023872646
74660,pop_4,2.9460741312277516,3.0378067134336133,3.2080682821631,2.3348546108138457
74661,pop_4,3.237736970872959,2.795869322296273,2.515693545514468,2.3340488360305205
74662,pop_4,2.878997733972977,2.5017695867338223,3.0907906358607073,2.1967635111791233
74663,pop_4,3.0985661657955155,2.6064878302916914,3.3943888020217665,2.464830474505588
74664,pop_4,3.273828907231307,2.9199858649030266,3.6298769530523876,2.3351428995632095
74665,pop_4,2.6340817486105093,2.321678824299644,3.808665649157116,2.7564764960293373
74666,pop_4,2.947817331146432,2.552983605333765,3.267129503828438,3.1128924618177614
74667,pop_4,2.8323723715745808,2.4630677786625297,2.7987832480812784,2.5360676644416347
74668,pop_4,2.9324144512477326,2.288302461067312,3.391376441709443,2.768181298259945
74669,pop_4,2.776639509886135,2.5718399145022124,3.7607846703702394,2.709456053730061
74670,pop_4,3.1913161139001867,2.624794043912543,3.0675141807875415,2.836254195272025
74671,pop_4,3.036423559324747,2.980231003876304,3.5819533081503008,2.2486130714997214
74672,pop_4,3.2974542740992296,3.3357390848271695,2.361002003631338,1.9286222221761309
74673,pop_4,3.2201116157406204,2.6799030798412664,2.745395576983371,2.8090939905576375
74674,pop_4,2.9657447713378167,2.4159206191534013,3.372628919630925,2.6215361198934612
74675,pop_4,2.8594023665234056,2.7299907991543377,3.088087879148053,2.2851281199257225
74676,pop_4,2.9180076982241605,2.7296508516551286,3.3637224126427014,2.5279147994925877
74677,pop_4,3.2103502710476337,2.8542766385919998,3.1433360745440777,2.4495574400761164
74678,pop_4,2.944670544157997,2.238258136710432,3.383470270706511,2.8294705041448966
74679,pop_4,2.786363928901912,2.9621173642306484,3.0600318188299007,2.346353837656153
74680,pop_4,3.0557860354306148,2.738236246252836,3.589021043117526,2.1364411995263644
74681,pop_4,3.380844252461944,2.6271403815653662,3.207091467786575,2.8054153678026887
74682,pop_4,3.204338617974853,2.665400318038488,2.9519354132484876,2.6694151717951486
74683,pop_4,3.240733296566152,2.7979384514101246,3.206850647162162,2.6562500256171853
74684,pop_4,2.948341303316389,3.192336801002368,3.0348435756909704,2.3275910954192343
74685,pop_4,2.937890362040585,2.6659074282443465,3.3306807557126485,2.485308068823018
74686,pop_4,3.2874505814861954,3.1191475990547786,3.3284967256764597,2.588604697755597
74687,pop_4,2.992242876989179,2.5758017679753387,3.3124563036937995,2.261837133060387
74688,pop_4,3.004097082410244,2.8398656158165383,2.8146842902828673,2.411438364032329
74689,pop_4,3.106734206964033,2.3253160297368907,3.491446202832481,2.8224648333983122
74690,pop_4,2.9680229473945423,2.6844122855128316,2.926113621691958,2.2719887597736403
74691,pop_4,2.722256845073991,2.4699767887726485,3.4895342100870756,2.9966677810068303
74692,pop_4,2.9285925375832096,2.709115260965846,3.3230171101536277,2.596599079997157
74693,pop_4,2.6335189379656603,2.687837148159141,3.2218835321389547,2.197726936961434
74694,pop_4,3.0999794876625475,2.5774845039877663,2.752994485356544,2.576045789226342
74695,pop_4,3.02075746390266,3.2012016076403365,2.8842706566826077,2.5656935600136106
74696,pop_4,2.9843754460783867,2.584342391740588,3.279011711968932,3.228795533116496
74697,pop_4,2.990637019335429,2.9713365033914974,3.276279725609327,2.3831089397508305
74698,pop_4,2.703294707777532,3.0694138674022837,3.251853805124725,2.638879279893227
74699,pop_4,3.0834231105082166,2.6843870659262956,3.24803139349175,2.608045499040703
74700,pop_4,2.8403723481644962,2.940647073917595,3.006865494892022,2.769383050236545
74701,pop_4,3.0493917605614085,2.2539117562967346,3.2300790842843354,3.1215183466025676
74702,pop_4,3.1601582456365263,2.9495437860537965,3.1894035653699344,2.121137758626945
74703,pop_4,3.0726801363707947,2.8332601058326694,2.9690739494935685,2.951118670602391
74704,pop_4,2.7872725391968403,2.581176822447518,2.956858946318944,2.3086344758843884
74705,pop_4,2.934535247356037,2.8018252664387973,2.8316724198445553,2.646712093013559
74706,pop_4,2.859368075093203,2.9453477954437397,3.3547995422153414,2.625849162068916
74707,pop_4,2.878636247840636,2.329832697194004,3.384755954104378,3.0383031032257493
74708,pop_4,2.512676349861501,2.7690211471959274,3.4920154141478412,2.4225194374004637
74709,pop_4,3.1576205802170727,2.6921490000292163,2.842849187144654,2.7114954975867995
74710,pop_4,3.191774778209701,2.6022084908319223,2.9046972018959702,2.7164564891658447
74711,pop_4,2.5974695703180934,2.5378018906451407,3.4285676811683388,2.6060936013448557
74712,pop_4,2.543741941949639,3.1627060362608796,2.9346057655881537,2.4640588612537813
74713,pop_4,2.824614459663416,2.5959626346711016,2.8722217132542034,2.42193962342462
74714,pop_4,2.993902085420996,2.695692492981826,2.8475090638925504,2.8354480627647836
74715,pop_4,3.124446361097596,2.8850454858240737,3.2027139865817436,2.70629521572806
74716,pop_4,2.9025728883787636,2.6413876954955526,3.2627740958105798,2.669603530849871
74717,pop_4,3.349936097709928,2.899008464429992,2.793259388524476,2.595231613467752
74718,pop_4,2.897213681380125,3.1150473624499098,3.1933558237802604,2.385769546714716
74719,pop_4,3.160713125007984,2.7074605029221583,2.978792389812962,2.5753266055623834
74720,pop_4,2.734085884388048,2.668233671731085,3.1016036608972346,2.5672047021933886
74721,pop_4,3.1438758770327344,2.49329229233145,2.973998819728815,2.7822101799529255
74722,pop_4,2.851506570405617,2.649964310393661,3.557325182374491,2.617026141984967
74723,pop_4,3.117034475121144,2.8167169336774722,3.016881979631371,2.9940450265023872
74724,pop_4,2.8742544353127815,2.9321051176461332,2.7469822901465477,2.5752876026773452
74725,pop_4,3.0714827041426482,2.4968723676949085,3.1721488340435653,2.8725411318811234
74726,pop_4,2.9389201117365578,2.708523440101839,2.9904100186562377,2.379119983515419
74727,pop_4,2.791755839379048,2.7417447840617437,3.3624918380265245,2.2779502042386532
74728,pop_4,3.0863790119503918,2.7952880091551413,3.129239410694238,2.145196583315308
74729,pop_4,2.785063861091941,3.1043227429162945,3.266974917716937,2.055101181609215
74730,pop_4,2.74759213540278,2.950264045136362,3.259765837982273,2.7711541575777785
74731,pop_4,2.9975504054399966,2.662878026628481,3.3247868895461665,2.9675849380196
74732,pop_4,3.009361820853746,2.7990407708099068,3.3929452578057417,2.757635930305607
74733,pop_4,2.908329528021719,2.5397523769190764,3.1547757028013987,2.557926200055261
74734,pop_4,3.306853505658046,2.7022539630573696,2.9291461166958497,2.775231890997261
74735,pop_4,3.0735720872641186,2.760934933289998,3.2810260226409245,2.7629987143573937
74736,pop_4,2.9349802254083808,2.8767872421402987,2.8243046187253538,2.853091190964298
74737,pop_4,3.231391202711472,2.6659754389599906,3.23775703259392,2.375432059269626
74738,pop_4,2.962159920832724,2.6237884098394035,2.9222607316780027,3.24786352515869
74739,pop_4,2.869931350192959,2.6690665852075557,2.9960615986197134,2.949395924832288
74740,pop_4,2.8979197183723535,2.811882793500251,3.4022024986236756,2.366615295310291
74741,pop_4,2.539229200037221,2.778454687910342,3.538033975740686,2.6813176189425216
74742,pop_4,2.879620877681664,2.3397339696071686,2.8886497077729167,2.356466662728416
74743,pop_4,2.799564915054771,2.7179084770512048,3.2643391245755113,2.4598926399402172
74744,pop_4,2.8314659283681123,2.725011320644702,3.3694281920844444,2.607504323429146
74745,pop_4,2.6300313380922695,3.0816632933293673,3.2626823465554367,2.499414709122799
74746,pop_4,2.912960810721882,2.958534427294502,3.1456682890171224,2.6228235017153883
74747,pop_4,3.340802368269591,3.0290677933859853,2.929535245468838,2.5165914859923433
74748,pop_4,2.956038414196013,2.4504263126180184,3.366850867546244,2.5959185200190995
74749,pop_4,2.975454255848148,2.68680791605286,3.0621894958101206,2.651078603641685
74750,pop_4,2.964323244638918,2.6517074785600165,3.2611720353460605,2.998107969632531
74751,pop_4,2.9917388357071517,2.5754076766463703,3.1318978176974004,2.5676257853432642
74752,pop_4,2.9858517643909632,2.6805577107204335,3.082282318358312,2.3832661268659567
74753,pop_4,2.694461916813416,2.5636591867707734,3.609626858616605,2.2839642007054857
74754,pop_4,3.196698473966597,2.48095585623507,2.778085615589774,2.8367517712229957
74755,pop_4,3.128461071698398,2.302907349377814,3.0662985503743987,2.6140323587490593
74756,pop_4,2.807882096765136,2.488876504864178,3.787889465906251,2.7081941162170784
74757,pop_4,2.9254230759945874,2.8254599741693744,3.0592965976627817,2.2989581499720586
74758,pop_4,3.1510815602128512,2.6975020935304364,3.4087709159781685,2.654578120982836
74759,pop_4,3.30595839806095,3.003290160485369,2.6518941896950556,2.4706165781670255
74760,pop_4,2.9016754952351396,2.7338615499429193,3.021695688791934,2.777035665192256
74761,pop_4,2.9524784521150833,2.782157054518109,3.298464915378802,2.4801456185647552
74762,pop_4,2.723674406596589,2.5667437277648197,3.1652091772213504,2.7095908379181557
74763,pop_4,2.81479757900265,2.567322623118114,3.674469555280495,2.9281649459736885
74764,pop_4,3.1404047827077535,2.9029741965410096,2.92220294430294,2.6578004693789468
74765,pop_4,2.673836682632335,2.7430936203355283,3.439523474405961,2.5284631344687654
74766,pop_4,2.956263380025392,2.976261780814417,2.7989452271379736,2.662746493485207
74767,pop_4,3.014820362460278,2.705085775330817,3.812559658453023,2.8868179043869255
74768,pop_4,3.2216591368773972,2.4023352193412446,3.353593704114746,2.7810126216693436
74769,pop_4,2.925211970002916,2.7968551756806677,2.900647819898493,2.9849096260141765
74770,pop_4,2.643300274906886,2.652640265980328,3.266096190942358,2.6806822463808033
74771,pop_4,3.101396175679994,2.5258292419403103,3.4206596213597913,2.6491129187096276
74772,pop_4,3.1731915108125057,2.7825437126486317,3.012798687701663,2.832755327448626
74773,pop_4,2.9723390760730855,2.15008518327927,3.2773629360586694,2.7721663332683737
74774,pop_4,2.6556774210845133,2.710955307266294,3.638792999644883,2.689627791443754
74775,pop_4,2.6922221365883936,2.7898790439855325,3.413974601313435,2.739878444167317
74776,pop_4,3.011362416476725,2.649756085350297,2.9606765012308314,2.5089889808226347
74777,pop_4,3.044188838165343,2.4847356171735306,3.3176818407773423,2.6143488090971227
74778,pop_4,2.919530592558704,2.455086130644736,3.4625807173485654,2.3040547425596123
74779,pop_4,3.3407499546223525,3.2217588546201035,2.900075702934507,2.9010948165955632
74780,pop_4,2.6775185675122857,2.8234871990062516,3.488493414256363,2.455478616371545
74781,pop_4,3.349945281372341,2.864182543823265,2.969319054511812,2.49323652600457
74782,pop_4,2.4390605368451133,2.4396620536889895,3.6637496338249944,2.8866924827394
74783,pop_4,3.0377592664631026,2.6968173624013656,3.415492742366354,2.7764628345671034
74784,pop_4,3.044129499405301,2.4399715074413346,3.284856466024219,2.9250116307882235
74785,pop_4,2.9985210288800994,2.8126262103483763,3.2368385483697204,2.9043619720138665
74786,pop_4,3.237006613574535,2.4537020638548492,3.1654084255300807,3.0938114697336987
74787,pop_4,3.3837904356231734,1.99687005562112,3.1109873351540305,2.2741648156058605
74788,pop_4,3.1738796816951718,2.6258821718436787,3.68155307731313,2.561430189942626
74789,pop_4,3.239968898793267,2.829849126570269,3.0838995012707318,2.862536180330346
74790,pop_4,2.8205153506806657,2.777266813978332,3.3899154247794026,2.5907953603145497
74791,pop_4,3.059298850420659,2.7500109176481864,3.044299219664769,2.6432354548301875
74792,pop_4,2.934303796716801,2.4278036557196114,3.1555562340679755,3.0025897457039634
74793,pop_4,3.1299839026190135,2.9101628411822884,3.2352422502204594,2.69045783752208
74794,pop_4,2.8596227924336226,3.0358659947951088,3.752074305413264,2.836259630446825
74795,pop_4,2.785733079555824,2.751614956090154,2.9403037000242405,2.5000567243308622
74796,pop_4,2.78726386811529,2.4376571079364924,3.7563747158981533,2.6412975930950156
74797,pop_4,2.947385662332779,2.5214974554630154,3.659222299066425,2.9060970344552755
74798,pop_4,3.111629992165153,2.449718339097013,3.6566271756273108,2.8555872003919114
74799,pop_4,2.9502969365278027,2.9491644274132898,2.721619670004412,2.3058532151237903
74800,pop_4,2.97218315296332,2.622367529125842,3.4503690551077266,2.5185226525311073
74801,pop_4,2.866962101695065,2.5751798736334366,3.0188321990644407,2.771895125501746
74802,pop_4,3.0718180362437115,2.8637202220101403,3.393472501582621,2.623301128168844
74803,pop_4,3.244731746409818,2.6902950840375524,2.9107454535641515,2.68289043425177
74804,pop_4,3.1123769409800874,2.6764708320845765,2.612091980267655,2.7874196920708787
74805,pop_4,2.6931815845179545,2.791338116755292,3.386397863834299,2.443421977790879
74806,pop_4,3.642391643911577,2.2343206739215797,2.795342097395998,2.9859768232414
74807,pop_4,2.5178785067452205,2.5153451187127533,3.611806066020082,2.9678642828640904
74808,pop_4,3.114607112004614,2.804780250306024,2.667681887581927,2.7166630965975163
74809,pop_4,2.9645623329692126,2.933558102768765,3.2255372060440854,2.3737403708597418
74810,pop_4,3.124936158712193,2.810453441847693,2.6816663481825,2.4104355975247684
74811,pop_4,3.345830958035204,2.5858367359357772,2.955315131813083,2.417362617163343
74812,pop_4,2.9471893497208197,2.4682448029535085,3.0914501542524513,2.7679574851589566
74813,pop_4,3.217857734628172,2.945739582524873,2.685511339904684,2.2398358717448867
74814,pop_4,3.4719499533110474,2.845880108970768,3.2783868764129616,2.2780291329952695
74815,pop_4,3.1530425913517828,2.4704123891750696,3.3448290210669875,2.6691293639600424
74816,pop_4,3.0864504501286874,2.57766742672319,3.3869402078160804,2.6903112972442296
74817,pop_4,3.056985735665359,2.780630924482027,3.2244812822441813,2.699557903168348
74818,pop_4,3.19454032602802,2.6720166327197483,3.154124297351144,2.237529548350658
74819,pop_4,3.153679543919566,2.954535426947254,3.0074512791553425,2.740434398125198
74820,pop_4,2.891693370904527,3.0162002465768087,3.0454494755978136,2.520612195089193
74821,pop_4,2.9578315649753235,2.7669936460336473,3.376004054436178,2.268477720423449
74822,pop_4,2.916025365483583,2.6822175556722767,3.035086506358807,2.897545413434216
74823,pop_4,2.998215244755042,2.856463784930789,3.2338785657888454,2.6677096798164635
74824,pop_4,2.934013341529341,3.1398642044021368,3.0330117232298868,2.6100618775365994
74825,pop_4,2.804490400954908,2.45518899918602,2.973373363978727,2.845970940249467
74826,pop_4,3.0574612577206426,3.0430012304646255,3.233846020700327,2.391024227513841
74827,pop_4,3.001879283764909,3.1325204016505195,2.7766677744432036,2.5719381518881703
74828,pop_4,3.185090363959658,2.7516393569318094,3.4430380662386226,2.492034653674602
74829,pop_4,2.8087344641086736,2.548284123649757,3.59264087488063,2.9252742087441277
74830,pop_4,2.8629040136351285,2.5854417207093148,3.406614956022805,2.3806455487934373
74831,pop_4,3.092267807651909,3.139516432686056,2.6713657992028343,2.029412767453651
74832,pop_4,3.1242195680328293,2.9341856198687344,3.1947232657442766,2.698129193517774
74833,pop_4,3.0770384580361143,2.4396654445011094,2.9311963915417385,2.83506162702125
74834,pop_4,3.470176236960869,2.8468384309415677,3.1105237737366362,2.324837208270609
74835,pop_4,3.1524668400487887,2.942453666665459,2.9146638558767433,2.455901283692205
74836,pop_4,3.0889023009892234,3.009948306342569,3.130280219118723,2.2490027111825404
74837,pop_4,3.146873675819712,2.5202525567147447,3.381861211581866,3.208166766147655
74838,pop_4,3.2629750961886086,2.97195616856807,3.0765593639367825,2.965142790470563
74839,pop_4,3.2101036772800184,2.509115683782003,3.2345721433033936,2.789088290017987
74840,pop_4,3.243805888393093,2.706902497021315,2.7131302068301193,2.633505135585382
74841,pop_4,3.1383510003439987,2.1671863919213608,3.416206035296,2.755159065263517
74842,pop_4,3.182293575716841,2.5327169756177295,3.502777663870794,2.374527306067568
74843,pop_4,2.825637114095012,2.7884997295225085,3.2266913598626417,2.470058566624016
74844,pop_4,3.0415189105420404,2.6628963722508376,3.1575333282219566,2.634988312456085
74845,pop_4,2.9448578850622487,2.9336018936818786,3.2146135594738894,2.7781809108828566
74846,pop_4,2.9589856230645997,2.632798625568701,3.384595287117176,2.2863728318546794
74847,pop_4,3.395548948419801,2.675797152170901,3.105799590975248,2.8043331494353176
74848,pop_4,3.0994850016021993,2.736542443165016,3.128805227253228,2.605957431346403
74849,pop_4,3.268192399464974,2.693306816305353,2.5350191002737965,2.608232261884549
74850,pop_4,3.1734353575139593,2.550147259259232,3.3112611460623236,2.5795214967584483
74851,pop_4,3.271581969942478,2.7658627679002725,3.1129090795682246,2.6615029568915207
74852,pop_4,3.197182053799508,2.605563608504973,3.173116702219835,2.5788526618107634
74853,pop_4,2.5243641880880534,2.643652147990479,3.2937240106149424,2.5001054766043582
74854,pop_4,2.9828502370245427,2.4841158015753573,3.035382375445727,2.925082691169475
74855,pop_4,3.0578518999971935,2.8164722840963443,3.5938364155026563,2.4882290854926397
74856,pop_4,2.7629969415259246,2.6515413241110815,3.3337632917857363,2.8057780608384153
74857,pop_4,2.8578697842763554,2.7015041028926734,3.30115329308597,2.237106565618043
74858,pop_4,3.003805158964723,2.6414930861728547,3.4813159762956865,2.47715787618731
74859,pop_4,2.9871434479469743,2.452682262505218,3.3156902002433695,2.8559891003705755
74860,pop_4,2.795482399924491,2.642838036779461,3.327254806748294,2.6565536149978426
74861,pop_4,3.018056846905248,2.4964404906308575,3.4898139630573444,2.7616942952593235
74862,pop_4,3.3257902321585195,2.6882583880387627,3.0493816560937486,2.769959172358048
74863,pop_4,2.840371854523595,2.241484731345962,3.649448137440807,2.74238230054662
74864,pop_4,2.815909880071078,2.819074547649709,3.2670131687503936,2.147283073022527
74865,pop_4,2.884496359747611,2.4831968943513822,3.214087411129736,3.0596361755868298
74866,pop_4,3.107304104475658,2.525827574823502,3.099756187037378,2.5884565709239604
74867,pop_4,2.3964408324065203,3.021138558976826,3.613744145076583,2.739262918942454
74868,pop_4,2.726886010032434,2.7661947966021123,3.1999198991060904,2.956050152224935
74869,pop_4,3.0304258112234215,3.2487664431802523,3.0773873477878135,2.29507126494239
74870,pop_4,3.161134630884539,3.0519708185905294,2.587667961591538,2.196068752964678
74871,pop_4,3.3121541357086377,2.949339518073868,2.9545908966884986,2.5077944454888144
74872,pop_4,2.944939431203475,2.9434319974124166,2.769756048939193,2.424422048769445
74873,pop_4,2.9735978438369237,2.818166002587423,3.397587277017018,1.9331365957704347
74874,pop_4,2.7327492057057996,2.2981743946780147,3.498921036496567,2.743973022458359
74875,pop_4,2.983871082231743,2.9929084716876657,3.3592766008508024,2.4895520661291752
74876,pop_4,2.840372118299454,2.9022173484585987,3.365623615517137,2.7692222530801365
74877,pop_4,2.789316764672876,2.59781131343937,3.156059505640216,2.5009013564548157
74878,pop_4,2.4379642099474004,2.8032257526618602,3.031949844559564,2.6545364183955567
74879,pop_4,3.184125194268322,3.196991308897741,3.0858163931091624,2.531353510131254
74880,pop_4,2.5277796276713973,2.3602930082251796,3.608383042058313,2.9624907786737262
74881,pop_4,3.0751100258939092,2.364424736718221,3.527865136788172,2.5686335365760766
74882,pop_4,2.78199021985342,2.068699659997757,3.9036866734114883,2.9299481080834497
74883,pop_4,2.8458618812154644,3.114716026915455,3.2014420527294907,2.2904927013392484
74884,pop_4,3.1226836669812394,2.798621188703144,2.961659722648251,2.537886185729514
74885,pop_4,3.318703624216894,2.9154575200402095,2.758904335030258,2.697824211548456
74886,pop_4,2.7865798148206706,2.731144803650448,3.341048501686738,2.560430338241945
74887,pop_4,2.7445485749436265,3.2513769413736373,2.778851281984562,2.3180650576833517
74888,pop_4,2.894307562737725,2.9776262226441603,3.2095224510420506,2.0005244610567194
74889,pop_4,3.0916494709233815,2.7930464151232766,2.8313078184948646,2.6297771376568586
74890,pop_4,2.739078924417263,2.6986740080191614,2.9582474339564175,2.7186140266746563
74891,pop_4,3.056474960197615,2.4919571640584772,3.5783883047272176,2.9267702179050303
74892,pop_4,3.1770719355906705,2.5033521875106346,2.9894169074451544,2.3300113085657173
74893,pop_4,2.3168085947863837,2.8719171551041125,3.7578367710108176,2.9530102815902293
74894,pop_4,2.886145130170132,2.428325228498732,3.5470559469199254,2.9708597360681672
74895,pop_4,2.8086749867241743,2.6206551537230194,3.397878373716231,2.7167116309001864
74896,pop_4,2.7553056949967196,2.6784098193255397,3.3222629327309945,2.8980638645058683
74897,pop_4,3.004629419553328,2.472750056415482,3.9314248664004743,3.0285094781312867
74898,pop_4,2.931953785277539,2.203879840938348,3.7213924466244834,2.585052127319327
74899,pop_4,2.839186706124107,3.03037658468537,3.0431992263428382,2.482072698613067
74900,pop_4,2.7851397669901656,2.5623857982803333,2.4409912086968943,2.3209786410838738
74901,pop_4,3.091606615448643,2.8610784634733406,3.092634314523597,2.5437849213992623
74902,pop_4,2.876816292199347,2.498436081668276,2.7999833907800036,2.8398594068479768
74903,pop_4,2.985113077696793,3.078677321862277,2.7796083197409565,2.5956352589864053
74904,pop_4,3.137807612041132,2.7136175080739138,3.284189368533042,2.6164128868829137
74905,pop_4,2.6692754353994275,2.190522101788872,3.238545927837187,3.2723083751141497
74906,pop_4,2.539352613504463,2.737900608521164,3.0279886443718067,2.4696296979895203
74907,pop_4,2.8400221988222065,2.5372116010698083,3.140375306842819,2.4929605990164285
74908,pop_4,2.93640537153344,2.4593346426923035,3.6206671248861912,3.0237700041190414
74909,pop_4,2.6744489858224587,2.742670184439311,2.9620476968426304,3.046434059710021
74910,pop_4,2.746772245039804,2.8906150804304764,2.9167404456918846,2.4565112082788763
74911,pop_4,3.159036379035776,3.2309055868014793,3.1212341835328443,2.173027467543293
74912,pop_4,2.8209781951952726,2.659910253063643,2.953016244729006,2.642062027217358
74913,pop_4,2.751603597163879,2.939644200067017,3.0993018304448396,2.511124278867064
74914,pop_4,3.059680817244997,2.617245292230551,3.301019999930694,3.0756827254965047
74915,pop_4,3.2286583270457316,2.838262071636353,3.0369910137744736,2.6111392696643705
74916,pop_4,2.930648280485787,3.090374419698065,3.533308250537186,2.488832084298305
74917,pop_4,2.8367847939372988,3.310527225230857,2.885006891576815,2.2687648437936434
74918,pop_4,2.99262149488242,2.8856003431383352,3.5298618052175845,2.8121738882152854
74919,pop_4,3.0618850379528024,2.491269294033598,3.4587421259126576,2.9874719702297323
74920,pop_4,2.967419876751642,3.301014908763567,2.893134767214208,2.413739800091802
74921,pop_4,3.0765892804332924,2.5879956680227085,3.110000401080041,2.4318663781943446
74922,pop_4,2.9660611686245857,2.8746576226541474,3.1494438944930803,2.528578959433388
74923,pop_4,3.1906770540765215,2.8526557641412906,3.5870603445932403,2.502045469761273
74924,pop_4,2.945592677053542,2.3324466945998,2.8331058748594766,2.477351123676499
74925,pop_4,2.818995244272247,2.7472909281458846,3.216291665463501,2.8694757545653102
74926,pop_4,2.7322944075901123,2.616374282088232,3.2531653993615404,2.754367808240235
74927,pop_4,3.090963236621866,3.269502293373011,2.601183160355615,2.3170131815648745
74928,pop_4,3.1525580087759204,2.6715342505835236,3.1390774503592334,2.8085110361071632
74929,pop_4,2.9820207292390495,2.9935858391500374,3.353951278292386,2.4741933957546176
74930,pop_4,3.1040383394006588,2.4254813359961997,3.5546703785261524,2.999455409234814
74931,pop_4,2.5263856913850895,3.0022700995820935,3.1968874685462905,2.5674967838540455
74932,pop_4,2.590846836787862,2.845558153499572,3.516596488600172,2.648102617613815
74933,pop_4,3.2271156473137688,2.5762509028291634,2.9806561145174295,2.45147033245814
74934,pop_4,3.1096602223145426,2.930668759294705,3.1830557218079325,2.54104963880699
74935,pop_4,3.017108151491853,2.996550795046538,3.09677229928473,2.985127054536118
74936,pop_4,2.6966561263464595,2.7894877120628134,3.0361161492572957,2.428451462968686
74937,pop_4,2.7278517216444516,2.7024280741495734,2.8218277161203553,2.8124074417607248
74938,pop_4,2.7696341197471592,2.892489434664889,3.2082521875715204,2.4042715703355517
74939,pop_4,2.904710346796366,2.637742413172248,3.2359053644601983,2.6340216811149273
74940,pop_4,3.1919217852051083,3.080133863524028,2.5582667842511397,2.3349197969815862
74941,pop_4,3.334371173312571,2.5930914363410285,2.170139135654739,2.2108576911570412
74942,pop_4,3.0132782235713176,3.1379279182575783,3.0351488430142806,2.3694995463712942
74943,pop_4,3.1906558367420343,2.314676410877206,3.4131311540922895,2.838124339999792
74944,pop_4,2.972338607318044,3.0668551559998316,2.8760927114321815,2.6544446353424327
74945,pop_4,2.9854704075368317,2.836221001074041,2.981385152380193,2.5595325105220645
74946,pop_4,3.0625769940617293,2.7483074504862017,3.0598499916435875,2.452938451668279
74947,pop_4,2.9831992537854783,2.853177342665365,2.957960951103606,2.7144639978794616
74948,pop_4,3.204934812033037,2.388450516579731,3.3827104237113677,3.2774024308844183
74949,pop_4,2.8911950099295667,2.279004342661197,3.4050028845927707,2.6657370903492352
74950,pop_4,2.890137450582413,2.9502472043550276,3.0536386269400255,2.378303278504492
74951,pop_4,3.306455688834615,2.69292841064341,3.1151681053148543,2.7194896917581866
74952,pop_4,2.864047123336397,2.5088250956805003,3.5119743987400565,2.9442652942458656
74953,pop_4,2.930670687155739,2.443676798844284,3.636370777267901,2.72267279971531
74954,pop_4,2.860376927592138,2.6864650014129845,3.439447973572847,2.4246010403368294
74955,pop_4,3.0810368265379453,2.668447429073065,2.493135699491064,2.700898731402779
74956,pop_4,3.0430621192283684,2.7709482486691286,2.9341431261642392,2.4876917858342864
74957,pop_4,2.9522935202646026,2.628769885793308,3.227409912984391,2.775771783254458
74958,pop_4,3.6563774878562167,2.71213279285354,3.1394258104870647,2.144483736025063
74959,pop_4,2.9413136754025047,2.670353160408117,3.202481107575594,2.552321658792047
74960,pop_4,3.117009379217793,2.9819020250816437,3.084394614031067,2.353573289160787
74961,pop_4,3.1069963728043253,2.5449106618685984,3.020555340868923,2.517045619083376
74962,pop_4,2.914489251309031,2.7752716091983802,2.868382723241253,2.4160273008921145
74963,pop_4,2.993488987039773,2.6815577800616506,3.494132237945019,2.6646357288188196
74964,pop_4,3.125458697753733,2.8912698127120726,3.4068729916843714,2.6957242295811
74965,pop_4,3.208926941362622,2.746012159031295,2.7097292082294095,2.7244906678219976
74966,pop_4,3.2417194846508655,2.5591037909918795,3.1257148001052775,2.7573182166248156
74967,pop_4,3.041719440897229,2.871358574654742,2.8485637819316967,2.6389240976522266
74968,pop_4,3.0104456547688905,2.6070489730422928,2.82690384262787,2.380865592973455
74969,pop_4,2.8365118902654687,2.703704310063652,2.880446431673544,2.670714940428374
74970,pop_4,3.0303614582934397,2.6683836160539145,3.551512475423505,2.9013974503478064
74971,pop_4,3.0000122341122903,3.0079313799523857,3.6045594742944953,2.7147949932910946
74972,pop_4,2.966063206495211,2.7670740756556276,3.252855692898219,3.0069247097902934
74973,pop_4,2.8486397942693835,2.8261874478711753,3.159594730577169,2.820918317822277
74974,pop_4,3.180565606575413,2.647425558139351,2.972879650373524,2.71383508406719
74975,pop_4,2.8907739669485815,2.5927371306833975,3.1860290097157185,2.6857011838076663
74976,pop_4,3.010994518516811,2.8000520753322062,3.146342587010879,2.4032649744800363
74977,pop_4,3.2468769953807124,2.7102291751695518,2.6252272002668238,3.000972069336346
74978,pop_4,3.149004515735861,2.313289323724661,3.010711458036247,2.94226207988835
74979,pop_4,3.174301669017124,3.2958370685169833,2.8900536985226104,2.0607247171158822
74980,pop_4,3.365865356943615,3.3972975850533507,2.5463556378183845,2.338979273362964
74981,pop_4,2.948070015424065,2.337547984009228,3.5709333447395264,2.5821994453102115
74982,pop_4,3.279752085563154,2.8806275618256496,3.0717135487200506,2.347600925256636
74983,pop_4,2.823306252138046,2.8184396656402075,3.3221489917589366,2.5712099086476994
74984,pop_4,2.9781458501246205,2.7599015798122086,3.5867131245145694,2.184108296838939
74985,pop_4,2.793461909944263,2.5936138498101062,3.637897866734049,2.9560407908859796
74986,pop_4,3.0300870487261338,2.7648679847785322,3.441507695069481,2.8225295686833634
74987,pop_4,3.0058512990412924,2.437904338328755,3.448764264229196,2.7320020495520088
74988,pop_4,3.119509580983198,3.182346259783176,2.887485452255515,2.511431732207336
74989,pop_4,3.382317763047426,2.6422670010016533,3.040056189379341,2.2309061987827685
74990,pop_4,3.1756782215686106,2.7806631530100914,2.775128712189111,2.335892189965796
74991,pop_4,3.2622875554707127,2.821722277826562,2.9229597402233836,2.485829720629384
74992,pop_4,3.2605454979464894,2.9990691953254727,2.808973787545104,2.282074640803953
74993,pop_4,3.236619831366267,2.8696046849056835,3.4144143317704514,2.495945103768349
74994,pop_4,2.968980621212584,2.409344280575431,3.2893396901131853,2.8854452545960876
74995,pop_4,2.8720736120448924,2.649005257215004,3.289673416455336,3.1210716976422206
74996,pop_4,3.048401219910347,2.8073223353509995,3.2018722258613797,2.6921213221331373
74997,pop_4,3.2426784363996752,2.647638582073529,3.374419599672593,2.4740790450536116
74998,pop_4,3.0294340942361133,2.4947843497788256,3.4105172256863603,2.487588085806456
74999,pop_4,3.2253846292074195,2.5975424016326483,3.0955777651847005,2.7646901178904333
