cell_id,population,gene_0,gene_1,gene_2,gene_3
5000,pop_0,3.111163843761653,2.672091688576197,3.4512256807795274,2.2221144798017756
5001,pop_0,3.7093244843783455,2.5784175112796954,2.956601164358567,1.9279702891732087
5002,pop_0,3.5065472856806683,2.5159072072550694,3.543211717713732,2.604769506776443
5003,pop_0,3.7910164741125425,2.442529403599038,3.4926616229371152,2.505008594985648
5004,pop_0,2.992227885829928,2.8536208046721807,3.202822648910126,2.5774987230947635
5005,pop_0,3.359046849136579,2.551022128558923,3.5419227269067397,2.51169446701381
5006,pop_0,2.9528233433956785,2.543239847902076,3.0867743194140886,2.527021771649759
5007,pop_0,3.3711573259664913,2.52903989875741,3.6255926163736256,2.714481584480114
5008,pop_0,3.3315666282981957,2.7713977150429514,3.372778775336113,2.602377739242241
5009,pop_0,3.4626728950329775,2.7296400838033814,3.1886476868595586,2.876563007920183
5010,pop_0,3.477314616939122,2.7418318483995083,3.0796490882973377,2.645637957933374
5011,pop_0,3.593912295987652,2.8986567139836703,2.9740032783787296,2.3567203886336308
5012,pop_0,3.15505065401053,2.4656638187468354,3.187727922263997,2.987719806559784
5013,pop_0,3.050795556883513,2.610699538823019,2.736797724041577,2.6348598597741444
5014,pop_0,3.5446961227112745,2.6649093746495076,3.47129711920465,2.7162884387067923
5015,pop_0,3.117317441890303,2.5825650555998547,3.2962068932111426,2.975111649011237
5016,pop_0,3.554327269950351,2.646176085702672,3.2662885142457725,2.5353830894085605
5017,pop_0,3.3444060497565378,2.495510258143685,3.4233587006860526,2.785525130410583
5018,pop_0,3.2642946717705246,2.6899977503350283,3.2937545640938777,2.42788583620029
5019,pop_0,3.9246522711391094,2.6534030755931712,2.80738411757865,2.3642934632565664
5020,pop_0,3.4710117126164692,3.0241378235455554,3.188373522757057,2.7425885721935925
5021,pop_0,3.394081724097666,2.4125392553244307,2.9162287029631195,2.5476871173073143
5022,pop_0,3.6322486168338908,2.4854621815067253,3.7662581828967676,2.2040832663964145
5023,pop_0,3.5256112081724114,2.6943842463887715,3.2627134159092783,2.7276115833484718
5024,pop_0,3.6354605104723965,2.389582526604132,3.0214536084496384,2.6724354259214134
5025,pop_0,3.4320595300493317,2.8733785992994165,2.666000470712795,2.83431316272502
5026,pop_0,2.9965921837086134,2.7513761637298657,3.2670308012720497,2.6698609844990853
5027,pop_0,3.3630056162891586,2.561191735380897,3.1093338967012616,2.4586454425439954
5028,pop_0,3.3410296405034847,2.4326286338448635,3.4296583843708466,2.9764762657756623
5029,pop_0,3.6761209602650253,2.4493960656121896,3.2429278961177106,2.604609203974125
5030,pop_0,3.3340138423734804,2.5374654910811283,3.284986547882633,2.1354912046064025
5031,pop_0,3.4596591753458017,2.604961661465476,3.580711909986877,2.5395199109568924
5032,pop_0,4.020793675014969,2.462665368008901,3.5483128635536247,2.349531766725242
5033,pop_0,3.196474749508362,2.579322895131099,2.9942523440404427,2.9156281342191646
5034,pop_0,3.6238025123664124,2.577892175194221,2.964629948037385,3.1443288921757615
5035,pop_0,3.719986232761457,2.3696629738218853,3.307738192532905,2.5802970740304034
5036,pop_0,3.326839317128912,2.364151559928799,2.9914038935367406,2.895779776038558
5037,pop_0,3.6684924430397676,2.6975349442592593,3.38878519181633,2.511232078985582
5038,pop_0,3.4708561926070893,2.7046513860781753,3.3842272074917634,2.850899514391089
5039,pop_0,3.1445220173265374,2.8120014604092995,3.372872212630882,2.909434209246242
5040,pop_0,3.369681860240846,2.9672978598022652,3.1953235714110204,2.6636664861317105
5041,pop_0,3.823506531676001,2.7904022962488755,3.319672500011711,2.5586332388812756
5042,pop_0,3.60330951914388,2.905382711335045,2.9477935571632377,2.819919816236026
5043,pop_0,3.0792858757025843,3.1219799208522625,3.4635039666955305,2.805145624637751
5044,pop_0,3.410809732858418,2.6247365622258614,3.363888102884761,2.7475048618974474
5045,pop_0,3.3458402304501695,2.3146326467914915,3.17822983890688,2.1294979846727546
5046,pop_0,3.4617115101972633,2.38182480357124,3.497881233106833,2.7708924977753595
5047,pop_0,3.432926809791118,2.3005802356939626,3.112246363062146,2.6276040764372723
5048,pop_0,3.4196341035870015,2.3961884765892902,3.1103175203171958,2.804580986254869
5049,pop_0,3.612761346675792,2.729416668691312,3.4149506359076316,2.456018711106503
5050,pop_0,3.3072368736822084,2.6751600385714385,3.4535208200008696,2.919099825415181
5051,pop_0,3.2650295071392117,2.3906310304414937,3.4105236350735875,2.569288373109089
5052,pop_0,3.652991591556546,3.167087537259263,2.8898844228224174,2.5355357613543443
5053,pop_0,2.99373303446598,2.8352210982493613,3.873018619577986,2.2446537977236054
5054,pop_0,3.583059909825221,2.5385531791777254,2.9970648387472254,2.062313091858182
5055,pop_0,3.3909046936235954,2.5671612386614666,3.09156437652286,2.434949489532138
5056,pop_0,3.1183409053912614,3.134156763317938,3.0229463680890505,2.834360096141494
5057,pop_0,3.4959408640776237,2.4880504766766887,3.496144930917102,2.1017973346215624
5058,pop_0,4.034195910540459,2.1158373107904436,3.3720846843976937,2.666626596474373
5059,pop_0,3.1423313921664424,2.8098081982263126,3.4805622354026666,2.995953360099335
5060,pop_0,3.4087718946585337,2.9007007198814803,3.9858249686399247,2.3567207917658703
5061,pop_0,3.646955166471696,2.8304521616514062,3.4200914464881937,2.5123848544536105
5062,pop_0,3.4989867726967536,2.763691894363507,3.8670300900552994,2.4861120878935483
5063,pop_0,3.7303391567137067,2.5918836703350965,3.4629346802075363,2.4327400769230216
5064,pop_0,2.995286802117229,2.477574033290322,3.203208915286442,2.776575528808129
5065,pop_0,3.5337832054607383,2.3268792587295595,2.831608393624989,2.79377593769662
5066,pop_0,3.3060686535937145,2.496539277861463,3.2204257762689092,2.6014550466997286
5067,pop_0,3.2827724841902715,2.6744475540089407,2.966544457037219,3.046198387252316
5068,pop_0,3.5094745897269934,2.6090815952687167,2.805481840583857,2.918857603858486
5069,pop_0,3.0111212136243135,2.7737149341692087,3.1120593256109674,2.505456347520739
5070,pop_0,3.331608335791342,2.5417292437724375,3.4149070680104705,2.8471220980283367
5071,pop_0,3.222018244641547,2.779436766490238,3.281014846293375,2.9930147796645894
5072,pop_0,3.632834062754458,2.632609016707783,2.9854960526772243,2.5933504920745714
5073,pop_0,3.312819694112399,2.8289167004398004,3.1197922422061772,2.5727711941941407
5074,pop_0,3.292573533446177,2.3597914173005625,3.4368689062928155,2.7486329255175845
5075,pop_0,3.278036094487372,2.500845883580753,3.273651967896786,2.961740388405504
5076,pop_0,3.0924370283505898,2.71787308705559,3.2491739314848127,2.515924937971323
5077,pop_0,3.1944150590348275,2.6469711685465205,3.361607639266857,3.2079987404438466
5078,pop_0,3.121465193254285,2.6866770920065446,3.100533816236682,2.5324290928425857
5079,pop_0,3.423524980184894,3.0062101669560906,3.1769808554300645,2.726846461496945
5080,pop_0,3.591411976254666,2.288850613642761,3.3013677827625987,2.5090332293038076
5081,pop_0,3.444283138626071,2.2066857754048543,3.251841549839889,2.786589668581404
5082,pop_0,2.9248605164591575,2.611277335692664,2.962457143474078,3.177047340531814
5083,pop_0,3.2819795128407176,2.5333582641610426,3.167148066103036,2.4476926428941908
5084,pop_0,3.3622287434035454,2.7375305121844686,3.29013041718281,2.661275206681522
5085,pop_0,3.199373428644249,3.015426367661638,3.3761791854242165,2.536737997895485
5086,pop_0,3.5538814836504424,2.5368319466974265,3.152070620002737,2.557309775380202
5087,pop_0,3.61422182619095,2.249013879458308,3.3028452247364233,2.7018185666267582
5088,pop_0,3.4108341188378932,2.427272282759969,3.430436961452623,2.1349967123375198
5089,pop_0,3.4751019772987313,2.5786239205526145,3.070739761204425,2.1909011052813145
5090,pop_0,3.6251497482521997,2.2897290342631447,3.194958757951648,2.5314650119923368
5091,pop_0,3.506283104756214,2.851247667619508,2.8126531802413033,2.7989513209647785
5092,pop_0,3.7954001066088443,2.2223149774000492,3.4550317043412058,2.4156026648205824
5093,pop_0,3.524819870320401,2.798052788693185,3.3716541539310687,2.8049118882389745
5094,pop_0,3.6355336344701406,2.175040790077878,3.119806368667363,2.3239339880679655
5095,pop_0,3.70647928678044,2.546853942311873,3.1603543714644693,2.8132652708986963
5096,pop_0,3.9229596944834295,2.334355616475132,3.3638927867689867,2.6382659217712647
5097,pop_0,3.358046747838515,2.25447444060958,2.9842853391130983,2.8788322320688233
5098,pop_0,3.4812031572940487,2.684337260731654,3.9178754976086174,2.565609983318329
5099,pop_0,3.3317567298158832,3.100185012067674,3.107260527584208,2.4228569677963967
5100,pop_0,3.2921510507699474,2.7906711572563494,3.47884708693088,2.6386321725972417
5101,pop_0,3.268291340264544,2.5638806846764957,3.457247403262579,2.8345299463252114
5102,pop_0,3.7622410367105186,2.4504957731598864,3.197733005874502,2.707405479668578
5103,pop_0,2.99704852796311,2.5803530969610655,3.3505922065784817,3.0556701459503874
5104,pop_0,3.763101217137811,2.869184131032098,3.1703784097462093,3.1071073529886446
5105,pop_0,3.653411438925321,2.845502512070422,3.2922895528366825,2.307589509512299
5106,pop_0,3.3215981812131505,2.7837004573319972,3.3636083353258273,2.2547698451572473
5107,pop_0,3.2016805557201287,2.8498024513491544,3.1916382005693755,2.4772812423399664
5108,pop_0,3.7285153010365346,2.6573428478857455,3.3387724901576648,2.643243268368609
5109,pop_0,2.863836715821643,2.575116366846204,3.0788743333803352,2.2973733545893595
5110,pop_0,3.423005106728645,3.0515072317689658,3.7736643720251712,2.5869137947386163
5111,pop_0,3.456868356513479,2.8082098375456006,3.3728516460869478,2.308556904030294
5112,pop_0,2.987263455075914,2.7650056696408387,3.275677451582455,2.4681150798525233
5113,pop_0,3.495409350824303,2.804485027662012,3.202467312550703,2.2412292264153897
5114,pop_0,3.3902675816927847,2.845960891316936,2.9388892206603563,2.6324055034219263
5115,pop_0,3.4654011400931157,2.3920744034957564,3.124100663736684,3.425293033790517
5116,pop_0,3.8921236083527058,2.6421325060108494,3.417155667806175,2.6668603170882506
5117,pop_0,3.535427334978205,2.4301011243432558,3.2232991183400252,2.5981601056104275
5118,pop_0,2.9956622569575404,2.940531392609043,3.485474689496344,3.0149904652035877
5119,pop_0,3.9437609462293866,2.544638409031332,3.6311762849444658,2.3028093728838117
5120,pop_0,3.5663564925671642,2.6745073269543016,3.134387063842061,2.6849953388092733
5121,pop_0,3.3283753859875467,2.2016680311851706,3.1270476622447765,2.8212191649944622
5122,pop_0,3.5899107923323608,2.5194715776171694,3.379417511978389,2.186795283364564
5123,pop_0,3.397505560400193,2.619101515811335,2.856124443033695,2.7762492838894177
5124,pop_0,3.2777029450491018,2.856585889565571,3.3329384019705413,2.70358703589284
5125,pop_0,3.2331443363146475,2.8287070608379628,3.7086542690934117,2.2449332545096743
5126,pop_0,3.0170947859672523,2.7722189867616156,3.15236782100027,2.938052302008632
5127,pop_0,3.2940080165646277,2.4391142811321167,3.556969692445389,2.557386071403886
5128,pop_0,3.0388222249181585,2.503861006714047,3.2085415399779165,2.326310593996101
5129,pop_0,3.4766359083680833,2.9225997975635707,3.0515403210788103,2.5166778140175126
5130,pop_0,3.371183120589593,2.826830640350287,2.933566396840646,2.842670638429364
5131,pop_0,3.70725653721653,2.6728834622994744,3.186542030087993,2.7156885380833846
5132,pop_0,3.6705236232338754,2.304450855473422,3.265798137562942,2.501543816519569
5133,pop_0,3.125172524295025,2.8133036712917314,3.006136433237341,2.5855148533098555
5134,pop_0,3.6158507813588674,2.5379106402577034,3.3011441444956833,2.57101402959662
5135,pop_0,3.5662517177950352,2.5358683375858693,3.727449337503604,2.532511406905279
5136,pop_0,3.3874423992780214,2.884697259399392,3.4260266357395475,2.3885301150182268
5137,pop_0,3.5336538598492235,2.5287304142585647,3.068946091831823,2.21698083990604
5138,pop_0,3.183556518370982,2.960450548512321,3.495029184471107,2.431327348229558
5139,pop_0,2.838254645065745,2.8709416115220994,3.1972406930922226,2.437980062687
5140,pop_0,3.339222495901269,2.7744181284661886,3.205815335804246,2.8957026831968027
5141,pop_0,3.6028074818665976,2.5131924858566195,3.39167701623302,2.284865110965885
5142,pop_0,3.3075359025516544,2.434284661503634,3.2334739747326906,2.937732643018231
5143,pop_0,3.397038826969359,2.9149385648172217,3.0855133844691696,2.670035548539126
5144,pop_0,3.5321381893669566,2.6164676128736546,2.99606738091106,2.371293965419174
5145,pop_0,3.311949343708383,2.832879605701549,3.517299818462993,2.1975238333490483
5146,pop_0,3.6122447296015734,2.7022609290572093,3.409368143135246,2.798717222742483
5147,pop_0,3.325738663643108,2.3558192953981143,3.1030742449424413,2.3422005935190464
5148,pop_0,3.2793207819165393,2.7403389241337153,3.338680383762666,2.57000150595972
5149,pop_0,2.8884888979736147,2.5688812263033305,3.0801610789577003,3.25859491972006
5150,pop_0,3.3770518193836288,2.570093704056295,3.2543117892554445,2.527166767484778
5151,pop_0,4.169962386949728,2.171093603888317,3.098628561957594,2.8228473912645753
5152,pop_0,3.979942923012117,2.851770043062936,3.353041073983043,2.7585959085360665
5153,pop_0,3.29988671345685,2.47764576669511,3.7003375178509677,2.2954213891566977
5154,pop_0,3.417691541174417,2.8708672486425417,3.082940072585795,2.7874145942305537
5155,pop_0,3.840961778097181,2.6681297848724617,3.1093579279728107,2.2023730402559045
5156,pop_0,3.302069719434445,2.597759490939976,3.2202299168101782,2.8282121906270383
5157,pop_0,2.718829007888661,2.857000561152237,3.5826064911298223,2.688018901557375
5158,pop_0,3.5652381612479065,2.8357061280062865,3.262241523130984,2.3908068137051055
5159,pop_0,3.518563168839272,2.691093087346482,3.362788797107294,2.2516560265244547
5160,pop_0,3.4163710287104747,2.467539172705581,2.919639888599241,2.8917053195031213
5161,pop_0,3.5577068860694916,2.4103306762505112,3.120680788927093,2.7527851737295217
5162,pop_0,3.3741336051045123,2.9880083553120147,2.900822587608661,2.9523367383170607
5163,pop_0,3.2997319178199733,2.7177918529956595,3.1996101770802117,2.142755264786922
5164,pop_0,3.2881549207588594,2.5629035040425863,3.3234302937664113,2.5759640408273268
5165,pop_0,3.342492323266306,3.0489810341013266,3.5671444148632836,3.163912863090936
5166,pop_0,3.288397968135186,2.9078839527901046,3.4951317685768166,3.0359504186813027
5167,pop_0,3.283582426754272,2.47766248807081,3.509721775409869,2.487987812933689
5168,pop_0,3.7494709630573135,2.4608073311508334,3.218949705481727,2.2655893773542224
5169,pop_0,3.125179664315966,2.7406794933856613,3.2724090323232216,2.909979109410486
5170,pop_0,3.2407873051395035,2.8758115771445696,3.318845005892825,2.5471305433447062
5171,pop_0,3.2667944276343164,2.8936032468062147,3.1936879932367916,2.9416840711602803
5172,pop_0,3.522611004728445,2.6411921708302994,3.413604818382309,2.785539908512058
5173,pop_0,3.2145582505400876,2.5931259030438203,3.073474537242847,2.6624107892254703
5174,pop_0,3.59699998872454,2.403035896126063,3.236142033122439,2.7132997207757152
5175,pop_0,3.446562588085162,2.83375178558949,2.9611658446697167,2.8075269741178728
5176,pop_0,3.384729026864009,2.500929107426337,3.3952001593651473,2.8370651244138743
5177,pop_0,3.7043655003776674,2.595376307507642,3.4039550826478755,2.1603439225875487
5178,pop_0,3.3536738926141414,2.373126793907426,3.0803925408084085,2.863030620201851
5179,pop_0,3.329097828412378,2.48712315744174,2.8811205962726807,2.4089140580516784
5180,pop_0,3.1544578287986345,2.7750244248399545,3.47069491592286,2.707658966689673
5181,pop_0,3.5060345539867503,2.5999095082065837,3.009555739656511,2.7130741355132857
5182,pop_0,3.230641597842897,2.5958683918942613,3.018689575443673,2.4113023176527997
5183,pop_0,3.550344512946915,2.74847521155794,3.389140049634625,2.5265585770774677
5184,pop_0,3.464875382992589,3.0049606743401873,3.536160052850846,2.4770819561156707
5185,pop_0,3.626129514304288,2.37727907055672,2.8771101508646133,2.7538942551293224
5186,pop_0,3.955330363464186,2.343125634388642,3.2106674446118717,2.8137737648463474
5187,pop_0,3.2038005550746287,2.412528796344304,3.1067998993460386,2.540109754888553
5188,pop_0,3.5669904948426288,2.9282197096854072,3.3778084535509425,2.5676786473562907
5189,pop_0,3.3159412594889557,2.777873835174987,3.674228216827101,3.0386250338360985
5190,pop_0,3.0531145562281763,2.8814676293090575,2.9435986851657034,2.4963349560391186
5191,pop_0,3.2121617894187406,2.7791016357641696,3.3750455583476557,2.7214009988613457
5192,pop_0,3.4529850011066356,2.4317476010168995,2.81978667901595,2.626250306792501
5193,pop_0,3.4751522785452984,2.9845529016690766,2.732524624922679,3.0199403080568263
5194,pop_0,3.387495123699191,3.032981931188947,3.0831912956987813,2.5370188035364905
5195,pop_0,3.3827415408747763,2.64362849046353,3.657549228347461,2.700111618362077
5196,pop_0,3.3750901775097937,3.0106657676307638,3.484436410075033,2.4944939048546835
5197,pop_0,3.5238752557317894,2.4582405390236772,3.2633172952659986,2.1392860625969843
5198,pop_0,3.6023213416968707,2.42524277167308,2.972907274798362,2.4857366019007254
5199,pop_0,3.255535826529842,2.514926372926055,3.265428236744694,2.280001187510902
5200,pop_0,3.6796897967640856,2.209229480347079,3.102743883509844,2.4753346896585957
5201,pop_0,3.6718712574264134,2.925696587001669,3.3383299060131244,2.6351361486002434
5202,pop_0,3.709516970476411,2.2743850980342253,3.4031601286789934,2.8452351347850313
5203,pop_0,3.6528658959599705,2.2581955451232956,3.192331906844378,2.899972624380854
5204,pop_0,3.3844640830652577,2.564316410347665,3.3658505966872436,2.640563618664091
5205,pop_0,3.384929391391819,2.505650241005914,3.2385724331261905,2.411965652734889
5206,pop_0,3.4257053350976463,2.292586635489839,3.429500341344472,2.4096134997893452
5207,pop_0,3.3834878131628074,2.653776544613455,3.061378230121847,2.2836244747924703
5208,pop_0,3.345392449232725,2.99266101263439,3.55853780066355,2.3534186201919844
5209,pop_0,3.4684601834660023,2.716076807391682,3.1371522132428447,2.742205780862235
5210,pop_0,3.1672945613276973,2.7136244052213847,3.5373567078203174,3.0802076979923902
5211,pop_0,3.224149973980821,2.964461152914057,3.150048777622321,2.416298422629002
5212,pop_0,3.0899291012616494,2.953736751162327,3.1017105539767362,2.5858608651408854
5213,pop_0,3.152301403992369,2.5194581620868965,3.8775562806121204,2.4850177716890376
5214,pop_0,3.657920056450438,2.481277701664513,3.720886936916778,2.4475753437451586
5215,pop_0,3.8255503152729315,2.403488359412725,3.0722346583764506,2.4005725829369458
5216,pop_0,3.1472932666670608,2.7584346168975524,3.2020976158301426,2.4228736250467393
5217,pop_0,3.725119992588917,2.575025950623785,2.9278747958373588,2.7353425243225447
5218,pop_0,3.6381902611957297,2.4010352683984792,3.24356206611404,2.7470353011703232
5219,pop_0,3.2441550425781034,2.624067570617145,3.0890829529933463,2.4127609712131166
5220,pop_0,3.7961540293577003,3.03478963594407,3.3394373833994684,2.3320551343658265
5221,pop_0,3.3467603134976724,2.5041436354573468,3.3658672810703356,2.332948551550784
5222,pop_0,3.881509986376897,2.580498039657385,2.8028224316302395,2.887493885532916
5223,pop_0,3.514421657341739,2.5236995281083465,3.1048281218557787,2.573766745399058
5224,pop_0,3.3405953793591734,2.629404040049293,3.466014652736487,2.568410710234417
5225,pop_0,2.917040300714514,2.8333427532844975,3.1496948012541544,2.9428110896173316
5226,pop_0,3.2569797960218305,2.380299353826175,3.2863680925762466,2.4483439216794247
5227,pop_0,4.00723082894042,2.285452077442306,3.1709806039037503,2.919771283501856
5228,pop_0,3.5257954965057388,2.714589436015318,2.8684042883782,2.4791540998573764
5229,pop_0,3.1035674080867217,2.795027518002058,3.2237020284390656,2.3735779354777296
5230,pop_0,3.8896368309422837,2.534913537068976,2.9208391905376496,2.6326821563789036
5231,pop_0,3.611475776332408,2.6806584257204906,3.6822427767049737,2.2742573914758966
5232,pop_0,3.5532986016533057,2.5054555760247763,3.0224414192370266,2.378450475717271
5233,pop_0,3.1591406708919725,2.554703640725004,3.3820824177693134,2.7197790072244876
5234,pop_0,3.9775540588602083,2.445349262360643,2.9224028775036746,2.772259842814603
5235,pop_0,2.8092193577975997,2.668014085194853,3.050963591525778,2.804407381307914
5236,pop_0,3.2994155290873617,2.8400091986939553,3.3070010678679704,2.8970634833718067
5237,pop_0,3.465608632257797,2.7502738075981044,3.4532319748337117,2.8115746157947856
5238,pop_0,3.726577192005521,2.536197718607284,3.476251686399434,2.734730093528471
5239,pop_0,3.1539622999966728,2.485168754996517,3.1838086421720173,2.720709929786594
5240,pop_0,3.7900042228176507,2.4537640354534402,3.02874799072073,2.9525545488073996
5241,pop_0,3.145285426425708,2.685342254707101,3.0881138867389666,2.7420906665332794
5242,pop_0,2.9668354566963737,3.021327992822768,2.999654475985723,2.889162854550826
5243,pop_0,2.853246479394111,2.6473574803877704,3.2424934174297766,2.7770891640421516
5244,pop_0,3.5074042494095403,2.4614319204719286,3.460808479216038,2.807844197952985
5245,pop_0,3.3883294666678294,3.0700191976387456,3.5344360276246474,2.2300539805574777
5246,pop_0,3.518215771885009,2.360773960255469,3.2625574650614575,2.7658482740933974
5247,pop_0,3.403726439174806,2.6702590576312866,3.3217618404392035,2.6023156685192284
5248,pop_0,3.7927711183758306,2.5797952897064187,3.219354422279531,2.5718663176730674
5249,pop_0,3.009898480300966,2.799498115311503,3.4130852989243974,2.6376265208572214
5250,pop_0,3.1757864634731643,2.859947844494528,3.3502969908038898,2.63601809486363
5251,pop_0,3.355617874300883,3.0218918455619694,3.482691799025028,2.4394620776902167
5252,pop_0,3.1633992521124052,2.9507959801949246,3.6867386812954432,3.191342357234585
5253,pop_0,3.7624308605103995,2.8806484693606933,3.243062218471431,2.3923928101545484
5254,pop_0,3.2398617303013313,3.03899187786095,2.8661511899811547,2.74199953580116
5255,pop_0,3.8080768326580046,2.520809974875707,3.495127987229136,2.3871999133513073
5256,pop_0,3.184367003713325,2.347474975652273,3.4259995647640924,3.00173753061615
5257,pop_0,3.5419334248738625,2.879217027943315,3.34063449954963,2.228446733904466
5258,pop_0,3.24648100252709,2.720851565718707,2.783385247688068,3.2835768617183967
5259,pop_0,3.8909305657221704,2.414357691645623,3.6819273716518532,2.689277456407651
5260,pop_0,3.443282098872666,2.3067010826911094,3.2059662942941745,2.544510601553564
5261,pop_0,3.314419646927416,2.957328201189215,3.151094969791158,2.5006618989373983
5262,pop_0,3.845286848786513,2.679993025588897,3.304878177284005,2.173087119356052
5263,pop_0,3.8088653244516006,2.6072594112202663,3.1129687721140096,2.663949886143292
5264,pop_0,3.329552670760591,2.612703873162946,3.1523760705819623,2.9801102508559367
5265,pop_0,3.642663490568328,2.2448310969698384,3.268297785203989,2.4559624368743753
5266,pop_0,3.414422110740106,2.9709085296855657,3.1559032826295406,2.7665045984834387
5267,pop_0,3.5870900332017404,2.335013676130251,3.2770108568765575,2.918320071893733
5268,pop_0,3.59373846383007,2.2405120255761335,3.5482186559337148,2.6136829010913285
5269,pop_0,3.5056417717031474,2.549484684494664,3.395916682167344,2.402623282793179
5270,pop_0,3.3086686902484157,2.6452025468855522,3.2821201335892045,2.5911895585718057
5271,pop_0,2.6778406550361638,3.201002222261932,3.2543183262948236,3.219552693921817
5272,pop_0,3.903006270556643,2.4146412651831146,3.189988610898311,2.443642931557104
5273,pop_0,3.1959430178434336,3.2423122259002075,3.3404788873196716,2.758899405445692
5274,pop_0,3.643858010643365,2.9780511587638046,3.609794172372084,2.2721731627012174
5275,pop_0,2.976080923262506,2.327459660412387,3.2573773646350763,2.6860814263839554
5276,pop_0,3.4399100014434314,2.9173816282763356,3.084833960564925,2.759038246526655
5277,pop_0,3.325411568788715,2.758904331800024,3.2179395184030355,3.0454486107644496
5278,pop_0,3.8339497282431125,2.7057467695258115,2.5928569864879014,2.6631848192327823
5279,pop_0,3.803985479758498,2.6347845777216574,2.665407054453683,2.648720902766889
5280,pop_0,3.510161859845987,2.55425307507659,3.1030038046034343,3.1276047056153224
5281,pop_0,3.6616568186561187,2.40077129983744,2.7847741979097718,2.377890967152514
5282,pop_0,3.6452046778837253,2.7986418273479376,3.600544993586986,2.396050450030221
5283,pop_0,3.1177720508172158,2.834152727806585,3.0882577539601392,2.863197138588371
5284,pop_0,3.7321951756705416,2.756501114325679,3.109445912477888,2.492643413126025
5285,pop_0,3.4556756579779875,2.6696718986498356,3.3123325526166414,2.895281280352393
5286,pop_0,3.2102888056957,2.775695058607021,2.740158256156766,2.85487495237557
5287,pop_0,3.0068632042789982,2.709226735734814,3.1836257912025574,2.586925869208859
5288,pop_0,3.5238222556463605,2.7635083202282007,3.3389424111733303,2.4100466593456153
5289,pop_0,3.440033087782109,2.9321193621239647,3.281626176671421,2.726764509598997
5290,pop_0,4.19780901727246,2.4284180697201263,3.8705020697397816,2.506570521394571
5291,pop_0,3.79566120815621,2.400013203493662,3.2165075236133123,2.7805326152669303
5292,pop_0,3.712328142294114,2.4876395775291016,3.3035132978809156,2.194785451551755
5293,pop_0,3.4645205501873857,2.6436869179549918,3.147080730528212,2.500795428464067
5294,pop_0,3.8379210870896134,2.8139710559342848,2.883067958686961,2.7353113188414295
5295,pop_0,3.5589075376442367,2.8946040667951585,3.0150495980420464,2.4941082005187827
5296,pop_0,3.2148618867927063,2.7114288365995183,3.085366340721577,2.756292964107023
5297,pop_0,3.5444396814457098,2.4221460375729142,3.383417685113745,2.829777109286185
5298,pop_0,3.2971005706283987,2.8546259277815254,2.8391474288341905,2.7778123038297307
5299,pop_0,3.184616211637234,2.726248847083531,3.24630859535477,2.559272872785934
5300,pop_0,3.38003380834904,2.9516507571711705,3.3221312336701923,2.225702352424985
5301,pop_0,3.5715599456175364,2.863273767847717,3.2486914640350846,2.962714283946073
5302,pop_0,3.356548871716381,2.6023254670733595,3.38768384833624,2.223809756221702
5303,pop_0,3.627027463538499,2.4222828655818245,3.688673082330267,2.339919083236764
5304,pop_0,3.288070075872111,2.824344370026755,3.3484141576183726,2.5709593131952646
5305,pop_0,3.216173447781447,2.525942332906794,3.3542498637509,2.7077174727183797
5306,pop_0,3.329101332722977,3.0343861761511204,3.408021780074699,2.8202532534628393
5307,pop_0,3.2284724813053503,2.5174678525358756,3.332221925775795,2.3164376959163984
5308,pop_0,3.3938380136454325,2.5746048541660724,3.1585534361460694,2.4485054493637937
5309,pop_0,2.7102564337936297,3.343699481366376,3.118408659948439,2.8613956641597635
5310,pop_0,3.542558604565139,2.5620638768368598,3.1280729487071977,2.4399315604404754
5311,pop_0,3.5099636639198213,2.2690343470288097,3.457288610468866,2.9870396233226177
5312,pop_0,3.3483155810458287,2.281469883906932,2.9494168124477853,2.7357203865127926
5313,pop_0,3.2993037092242714,2.6261336973130143,3.3224566122285624,2.7306206957526715
5314,pop_0,3.8261703789721655,2.1703563945681577,3.167106411332694,2.286532823339941
5315,pop_0,3.4236033384882942,2.738323760723442,3.16862979567233,2.838954190645926
5316,pop_0,3.517834654861847,2.8441775530322073,3.7251475865904964,2.7873057374412107
5317,pop_0,3.571610704384024,3.0858961002994687,2.8388873360094573,2.9567929382778764
5318,pop_0,3.5497793258011128,2.4801238412611273,3.0587341597298905,2.231708736777135
5319,pop_0,3.1167802100604303,2.8737870014103284,3.451310566096579,2.674449009767983
5320,pop_0,3.278767791486698,2.766952613443764,2.9063752823276188,2.8385064312082506
5321,pop_0,3.6438290536785303,2.692467604195192,3.314418682751829,2.9910822400401798
5322,pop_0,2.869189306740718,2.6714605178146975,3.287201739444396,2.938942449487689
5323,pop_0,3.490170377091905,2.423809096569315,3.1244739864369664,3.0814006577604762
5324,pop_0,3.3080789123144294,2.895284272835274,3.6012648957135713,2.731168004357716
5325,pop_0,3.3464667998901607,2.4402604332759603,3.1997984361286114,2.376307045953317
5326,pop_0,3.478764072142398,2.3369809213840433,3.0504793634569083,2.734177850462879
5327,pop_0,3.8643227214897404,2.79069533739624,3.3149563560384863,2.6888538632488705
5328,pop_0,3.257484430210092,2.4333346841650854,3.4748537533367427,2.9296942452784966
5329,pop_0,3.6636063002724564,2.3499015396255976,3.6714771326559497,2.3977023116034366
5330,pop_0,3.5006589158974375,2.770358851893596,3.0577967554103336,2.8799423738169176
5331,pop_0,3.1552188778606562,2.720975528061175,3.5901362884295103,2.647009818473101
5332,pop_0,3.6512102060009206,2.6673584254261837,3.498343584023065,2.296980466216275
5333,pop_0,3.1602154715947997,2.519542841702342,3.223201553615014,2.8423946375593534
5334,pop_0,3.736014188073818,2.4193846580105163,2.889280994027283,3.047300033348899
5335,pop_0,3.7743632019294995,2.50039536480081,3.2516239023123084,2.238915828426788
5336,pop_0,3.8141258612169837,2.4198520907637096,3.209439257676529,2.580187469484878
5337,pop_0,3.6871067711371373,2.479232194861842,3.513828084183016,2.742544436529929
5338,pop_0,3.637780711473009,2.2509458501737805,3.289463793778506,3.099366210385485
5339,pop_0,3.3850822365108124,3.1076437381974658,3.082750757777601,2.642532875409305
5340,pop_0,2.981845247318556,2.8365588330450575,3.5310452605043148,2.828339032553468
5341,pop_0,3.5749392284746904,2.5756777209715085,3.449373391412985,2.5993487454993827
5342,pop_0,3.352751728186882,2.5480107713443734,3.305264386141896,2.7498879194551398
5343,pop_0,3.793801614927329,2.6503594532672956,2.8117569617864184,2.9852691255373993
5344,pop_0,3.733137181103374,2.5283840377585802,3.6317302374002556,2.554987755572032
5345,pop_0,3.78250226512235,2.7797425899207777,3.470804323693383,2.3124809774959414
5346,pop_0,3.4072833623500665,2.602925173518323,3.578555953030007,2.7011928778919754
5347,pop_0,3.241570265693405,3.012480903294157,3.2840305724241183,2.9501219400382515
5348,pop_0,3.059339066241251,2.792731856719004,3.140094516480595,2.8528165402508754
5349,pop_0,3.6632815538088215,2.82319386068417,3.210647855630621,2.651712831546634
5350,pop_0,3.53701093549111,2.721086336309364,3.0192967742720334,2.6600236462916698
5351,pop_0,3.763438886057166,2.702357304811377,3.3361010985898045,2.700035700371481
5352,pop_0,3.6643574646169865,2.6061335893483712,3.0371065085227897,2.830777782262835
5353,pop_0,3.7425332498119053,2.2575101836245146,3.3093887882429267,2.525060073509485
5354,pop_0,3.2220330018144288,2.466043308235333,3.1222365749819074,2.834926551791736
5355,pop_0,3.704132237734502,2.7526251089613396,3.343063238241412,2.8607144518238585
5356,pop_0,3.86459148818341,2.6371505577214607,3.655581249469238,2.3299609242852912
5357,pop_0,3.6553823512089605,2.4877072334984605,3.07655405056475,2.353089884078748
5358,pop_0,3.4729062039408376,2.62368105538778,3.3041787803183573,2.4577488025598524
5359,pop_0,3.426691355219065,2.5594022565388372,3.145192880861899,2.591421552798047
5360,pop_0,3.712921683885015,2.3870452188614784,3.484053486589915,2.1419556618273514
5361,pop_0,3.3536207008038903,2.5050104349805866,2.980915542294582,2.954044440691041
5362,pop_0,3.5350880393724142,2.8183269216418476,2.9233269612323745,2.8123227717313504
5363,pop_0,3.538671418308331,2.255879914027262,3.0506027287288133,2.2773551497465623
5364,pop_0,3.6329427244809067,2.3248476176570967,2.448029807411742,2.765462499444948
5365,pop_0,2.9252873879720873,2.940270107092867,3.3628339729330223,2.6851817359120638
5366,pop_0,3.217944005133342,2.719762867152342,3.2974948846178225,2.134589458375439
5367,pop_0,3.846850424364598,2.4411394891901215,3.2059460416800953,2.4083232727448656
5368,pop_0,3.2043985834189384,2.9098326127461562,3.037829112133746,2.8737520312079377
5369,pop_0,3.5210185660689213,2.420050682775629,3.646285273045579,2.310292669011016
5370,pop_0,3.35926582723509,2.2839443133517014,3.2734729956846764,2.2545580126087876
5371,pop_0,3.205316872948878,2.9086116370743196,2.827141342305797,2.7750631516864948
5372,pop_0,3.554922112482878,2.4490433200027915,2.956646804785948,2.727270739141369
5373,pop_0,3.3162029405532434,3.1620546773647566,3.041135146189446,2.6104756977100876
5374,pop_0,3.6901611057404744,2.619280974648915,3.0366061959269186,2.5238352190592996
5375,pop_0,2.979674108227732,2.4855689539916925,2.990089099468044,2.9794966522577364
5376,pop_0,3.6775003575780287,2.7795408445200542,3.0948832916051114,2.6041614947981024
5377,pop_0,3.5575596912693075,2.933796638416383,3.0339870419762676,2.554564229573514
5378,pop_0,3.3381393640553787,2.705395283994917,3.3738387043946356,2.9561102425646157
5379,pop_0,3.304592823969329,2.5911459064481037,2.7590951363878666,2.5439887726765207
5380,pop_0,2.9036850970296153,2.800457973395131,3.325398344864826,2.9451893233204594
5381,pop_0,3.741882874332165,2.481213990927844,3.16392209198666,2.13708819372868
5382,pop_0,3.188912722019438,2.904233132103008,3.4003042602016644,2.7494170328898138
5383,pop_0,3.861221336036019,2.3873247294330158,3.370074764390576,2.8374188269356293
5384,pop_0,3.3604221573701945,2.417414120729967,3.1627283044354977,2.7084227297634005
5385,pop_0,3.4097657521828575,2.805904879283662,3.2735399904904625,2.445382849157884
5386,pop_0,3.25285518648377,2.822684976323973,3.5631264426222367,2.752055448292992
5387,pop_0,3.287340200462495,2.9293697602238895,3.1531959696541287,2.494797207309787
5388,pop_0,3.2323990233718027,2.8525698509976016,2.9365893893697668,2.3890063766062863
5389,pop_0,3.421524556449501,2.4746348268743343,3.007271856587836,2.3103000625436794
5390,pop_0,3.0790687655523135,2.783572830682139,3.1221633135698847,2.339042784619173
5391,pop_0,3.2807436727236032,2.7372124083901213,3.124626634785867,2.444647208612649
5392,pop_0,2.958980931723817,2.599970879846283,3.022902655772671,2.8056765686065455
5393,pop_0,3.464579971062582,2.9859932603166652,3.6231224449952104,2.6716111731302745
5394,pop_0,3.6176135359441575,2.5436741186644065,3.1102253568178955,2.847755926676332
5395,pop_0,3.5313954936914875,2.480881082886945,3.275902530151108,2.741753562163312
5396,pop_0,3.303991912757868,2.399473226473478,3.768289387970403,2.5528737863869413
5397,pop_0,3.506036628211819,2.4128199829420742,3.1041623478670286,2.2897507109338004
5398,pop_0,3.6556591715448006,2.8784256421396766,3.171872351091116,2.7495102074585858
5399,pop_0,3.661901249579288,2.5587299491343276,3.4204697433298414,2.4651283268961612
5400,pop_0,3.1432290271421017,3.0592707912573576,3.267090721972096,3.0071178972200094
5401,pop_0,3.949888858069732,2.2911789469989756,3.134807985267753,2.6319054723263906
5402,pop_0,3.6247015166048713,2.6000633437425087,2.892115143995855,2.4296432490421327
5403,pop_0,3.746326129622236,3.0274464645918995,3.513456786236538,2.796354879654638
5404,pop_0,3.364142452255272,2.6634665276915492,3.241426994883589,2.7188533505373678
5405,pop_0,3.5585389381206762,2.3102917864417165,3.1418662421416523,2.6179763410243395
5406,pop_0,3.490907263559305,2.5296804469415735,3.395957146821681,2.5827040815966535
5407,pop_0,3.666786768559594,2.6020381161194934,3.4639097877673852,2.6102828297183427
5408,pop_0,3.441831496799521,2.6018903859285443,3.480282303777093,2.6442124270179166
5409,pop_0,3.7853095432090815,2.4294343894625454,2.9532148353346983,2.3943362775497867
5410,pop_0,3.9415339329945405,2.831311460963039,3.0397091875080298,3.0757846962699733
5411,pop_0,3.553315926860617,2.9088692958832323,3.183237330790601,2.8540879621436224
5412,pop_0,3.504256502300446,2.5849553095838997,3.3969344536225523,2.4295356365253222
5413,pop_0,3.225160194954783,2.923319877473286,3.4659935670036437,2.509204495499455
5414,pop_0,3.704283032787968,2.8264126731941346,3.596423825266508,2.405016293593381
5415,pop_0,3.5249565910938663,2.9659165553256095,2.972801410011747,2.5983307866592247
5416,pop_0,3.7489223215466727,2.2010993814885347,3.4490732499889956,2.39733736135991
5417,pop_0,3.2760186202010875,2.6797217962411803,3.344004113896812,2.6824727009330656
5418,pop_0,3.7011950452366227,2.1001715885964938,2.8209855499555476,2.690735609534056
5419,pop_0,3.4840633366001215,2.6662482421736255,3.263189171476795,2.501409248245744
5420,pop_0,3.2869896351961128,2.8951383661212273,3.3854646835050524,2.4051097261637353
5421,pop_0,3.286586129551617,2.46182946899997,2.8822524144624775,2.26600926209341
5422,pop_0,3.454870285400135,2.6276616260237105,3.1558835395054983,2.8634584033409523
5423,pop_0,3.4708810247288304,2.3386985044726125,3.363897779154269,2.239655044406653
5424,pop_0,3.0842131586931294,2.8266419687606734,3.002327212881343,3.028578762566515
5425,pop_0,3.3430781704412715,2.8619604350263166,3.305309737873924,2.3933371218781123
5426,pop_0,3.654841797463875,2.8967950148534634,3.206486648034014,2.3995391026096424
5427,pop_0,3.5308031024663307,2.2721386291801045,3.16946233486353,2.9789339402143007
5428,pop_0,3.5714236694970776,2.5558876551482466,3.1289191269490444,2.6794025076993035
5429,pop_0,2.9637867883692612,2.613325125690253,3.114394372282978,2.6467002189999476
5430,pop_0,3.156993368135484,2.829572944762038,2.934505691468966,2.457137103195839
5431,pop_0,3.307836735820171,2.641535259289474,3.2529720242114606,3.087051380670218
5432,pop_0,3.7163063540256656,2.5902812223072145,3.194531081048803,2.5370128611068083
5433,pop_0,3.586218888883242,2.1153712308485204,3.139123860550095,2.6517062933172895
5434,pop_0,3.331464381777737,2.958126560035652,3.841721742830628,2.496901180621381
5435,pop_0,3.860850297917063,2.569320474415884,2.852270194761702,2.5560552645706553
5436,pop_0,3.2318171366664745,2.8246769639446754,3.250958387326106,2.512549742896229
5437,pop_0,3.2669550785097683,2.8964998633581174,3.3526938023372583,3.0117072521217296
5438,pop_0,3.6729908622363348,2.881609810253577,3.0496580819909704,2.4208243971195396
5439,pop_0,3.7676426434671035,2.8313145915062083,3.6974933128629948,2.1228663221548243
5440,pop_0,2.9244686817494285,2.8110931985103087,3.5807709732847077,2.675914276023325
5441,pop_0,3.6870971626344984,2.809947782106666,3.0041023096137414,2.5362905787892944
5442,pop_0,3.1081888124431156,2.443477415413697,3.4336144187593027,2.515569739205355
5443,pop_0,3.200566357033413,3.0164023435915017,3.486747276743568,2.5951813760329485
5444,pop_0,3.3551941705197095,2.6413562087674314,2.981734246261058,2.8428116650056223
5445,pop_0,3.238034273704998,2.586394200039925,3.0690362464299246,2.270131405587611
5446,pop_0,3.5752563665144943,2.4110431618468198,3.05607168262146,3.0308180588979243
5447,pop_0,3.516717886207792,2.7477854969204114,3.4081249864543866,2.799264506977542
5448,pop_0,3.2826708408033127,2.40193456522838,2.9032056986865657,2.8732550757962723
5449,pop_0,3.5663948673528227,2.2494477342657055,3.086495597885307,2.3123979280642875
5450,pop_0,3.4876806767668898,2.6226591807729855,3.3785578432870595,3.1276201382479423
5451,pop_0,2.849396507141549,3.0994076434013533,3.1130655744252778,2.372346908908372
5452,pop_0,3.5726637302692277,2.743825098929532,3.443286725544767,2.420126951965711
5453,pop_0,3.499908639365775,2.6789089958542194,3.0108290851347554,2.8538938706541623
5454,pop_0,3.442289924670675,2.724310242624856,3.773247113952307,2.1597471903246923
5455,pop_0,3.5127681350764814,2.3634076539418696,3.140100938370687,2.745273497918767
5456,pop_0,3.239757104909061,2.6477132463599014,3.2827703088019136,2.4503186156291936
5457,pop_0,3.402576664350778,2.4064393319174378,3.511878858345921,2.6052981568159326
5458,pop_0,3.5588848901243546,2.7129355532123545,3.5421896833093753,2.4743051427831877
5459,pop_0,3.5071468008810815,2.2805992967122473,3.175224224822168,2.1155454289837294
5460,pop_0,3.43190351132895,2.7472632831914594,3.5974264082682477,2.468985368304325
5461,pop_0,3.5301346026161564,2.7431227723097704,3.1856202233197752,2.5019234175058607
5462,pop_0,3.4441861785682035,2.373814377319027,3.4757926360566316,2.448337409784789
5463,pop_0,3.604491383299107,2.4583212243018093,3.618341222614927,2.3673190176436796
5464,pop_0,3.7169055452819935,2.723916862674806,3.157766552364388,2.9300919149001845
5465,pop_0,3.696180142901557,2.489173310018994,3.0991337069394738,2.6880979046704794
5466,pop_0,3.219112754360869,3.2885342556405264,3.4709091096980167,2.809841809222299
5467,pop_0,3.187176891663016,2.565350373095946,3.1140011333360555,2.6595756394321883
5468,pop_0,3.654379810502689,3.0980267027109343,3.4638314930028353,2.2801638611420487
5469,pop_0,3.561332199355652,2.393029639528117,3.1801694166146035,2.2614816042550148
5470,pop_0,3.4953644883467967,2.5319983462683475,3.5388368694181844,2.4718920663543726
5471,pop_0,3.215817950646028,2.7229835208156046,2.9973625322114765,2.8195696249875635
5472,pop_0,3.368422512130391,2.691138819467936,3.622445463302259,2.6350117557573847
5473,pop_0,3.380412544394392,2.6205654810183656,3.3714969535303885,2.790969049335703
5474,pop_0,3.337280545720103,2.693942467683714,3.201111883005205,2.426058841195469
5475,pop_0,3.480640209812698,2.4946111450780855,3.486746272957655,2.1935920989140794
5476,pop_0,3.4489863946034918,2.5522144811773657,3.3730711285629695,2.730892118650809
5477,pop_0,2.765339994458636,2.8469941770934506,2.863925128558214,2.8948730930992004
5478,pop_0,3.6612279509622856,2.6224384630499387,3.169063376331658,2.183486685976903
5479,pop_0,3.6122356252965835,2.501901353906962,3.147228645621848,3.019942059623923
5480,pop_0,3.6224503026158996,2.658792547199882,3.2317899893551485,2.800727652795876
5481,pop_0,3.50593241711316,2.771213017209495,3.446687588591589,2.779151376295064
5482,pop_0,3.581386207144307,2.207591778308363,3.0200615275783758,2.648618984041163
5483,pop_0,3.8622672431901393,2.578161687563525,3.2784283331321746,2.8403623246732517
5484,pop_0,2.9911196005903484,2.7634766726421383,3.946444536986129,2.2681480254378945
5485,pop_0,3.15002231704227,2.567262612131879,3.7453506174513347,2.6732654798572013
5486,pop_0,3.384229372373962,2.742999200840536,3.4199778459357084,2.7614934767049695
5487,pop_0,3.491991669371457,2.5239207952610045,2.976064242735068,2.274752919284385
5488,pop_0,3.599988688157354,2.6160953637715907,3.4856697660350457,3.066621271932861
5489,pop_0,3.1566233829094563,2.612093943017312,3.61375312697356,2.7929101570843384
5490,pop_0,3.3262030141080903,2.6349224992298668,3.6750982968976365,2.49396341273341
5491,pop_0,3.327028758648338,2.697273212538521,3.5261388592167946,2.5298106379860106
5492,pop_0,3.3369096255579787,2.5296597935891536,3.575307821967063,2.8811448440286354
5493,pop_0,2.9912131545785825,2.9978065461376553,3.413375330109871,2.4609131402975604
5494,pop_0,3.1174806965870268,2.791008740804102,2.6473637522780193,2.4257539417326983
5495,pop_0,2.9895594777591015,2.40373612252351,3.193454453034259,2.806745474283588
5496,pop_0,3.53724576395695,2.4547041047119857,3.235444206077175,2.5797815891195603
5497,pop_0,3.6678343267936926,2.2937753153408673,3.1105834261804612,2.8998957700530714
5498,pop_0,3.081570146510554,2.9797352464136297,3.3125846423288365,2.555737112190102
5499,pop_0,3.4639624412209615,2.4977603323234816,3.216431838238854,2.3035944237456247
5500,pop_0,3.1914986910136416,2.86775042723051,3.086569760131911,2.7571280578227304
5501,pop_0,3.591759327419564,2.7163921322566846,3.512416420013929,2.553865791714311
5502,pop_0,3.6675203067460997,2.2578392759319534,3.1663184177252437,2.590715108312275
5503,pop_0,3.313829895174,2.4088558271621303,3.1957989878531947,2.5704783500554456
5504,pop_0,3.6732960535005423,2.6323037069860864,3.359312335503634,2.6446057094232924
5505,pop_0,3.2720003800017796,2.7603970785092993,3.237388453226384,2.420940828688619
5506,pop_0,3.246560279987051,2.7928277121820346,2.8796098561123324,2.6909133277005512
5507,pop_0,3.538600355679052,2.7865429230050376,2.859349204333364,2.5926221071440727
5508,pop_0,3.516996960615967,2.6331352453395116,3.3553682350632497,2.9094955954162236
5509,pop_0,2.950953417484548,2.6889154123055388,3.38199438081125,2.9796364943772202
5510,pop_0,3.1548086948561105,2.9395353118470786,2.952149578838296,2.7214089505078807
5511,pop_0,3.389720119981975,2.816865840520682,3.1707093446522068,2.427167062678586
5512,pop_0,3.1002425513361134,2.312252726511514,3.2585633342987066,2.7098240406577445
5513,pop_0,3.6459403152828247,2.7455763260687145,3.5046256924446033,2.876499831763801
5514,pop_0,3.0676425146869324,2.472191371002015,3.5238845017792264,2.8314472908894697
5515,pop_0,3.45508817989716,2.6457631715660783,3.3057118428602386,2.6746360234164057
5516,pop_0,3.5996540254407305,2.7334912776234863,3.1185696822402305,2.7199023494781267
5517,pop_0,3.6687971838979174,2.7536211951699077,2.922993837337908,2.87835116621344
5518,pop_0,3.218026291967798,2.8361780468882336,3.033714181738702,2.4300805927461635
5519,pop_0,3.026689080160645,3.351875656577676,3.1855520182211,2.524803300262908
5520,pop_0,3.3377690946188125,2.8941679950587003,3.302685728801336,2.7385028401118134
5521,pop_0,3.204533107023992,1.995604912348937,3.560060845939399,2.712286001565797
5522,pop_0,3.2562254481704564,2.8673176268661855,3.373036873972705,2.519172776426691
5523,pop_0,3.884328402963041,2.471435141674235,3.1110079399167514,2.519643475835547
5524,pop_0,3.526211769019068,2.579345061306067,3.1217245927054873,2.488818580226025
5525,pop_0,3.792701937748745,2.635419617600198,3.078154503049996,2.327672229974366
5526,pop_0,3.6324906964634724,2.5606402395840764,3.224538388969888,2.6496184670934357
5527,pop_0,3.2694892277040073,2.514310974433748,3.313890110688965,2.5712694338422293
5528,pop_0,4.040951967525434,2.629972122542431,3.529583061425377,2.279980429968134
5529,pop_0,3.3749573387406717,2.3539916690289053,3.41065652112681,2.819674455658988
5530,pop_0,3.581171090673038,2.4115877333747555,3.3908587261105785,2.764549161913545
5531,pop_0,3.489827185170912,2.7469946609970814,2.9923368928672,2.676067823831233
5532,pop_0,3.729513647874344,2.530687053740789,2.809488048401836,3.0634346762449955
5533,pop_0,3.345797881888932,2.909746719604829,2.708761315148733,2.925965995446487
5534,pop_0,3.39601397951611,2.671298755929228,3.1129857069356928,2.29459758809828
5535,pop_0,3.6547034139737917,2.468246089149291,3.298169228192971,2.662920773878964
5536,pop_0,3.623022465860486,2.5383560283496047,3.301375144860415,3.0249125770690295
5537,pop_0,3.393290825270222,3.009105805455146,3.246223728830104,3.1615037334910996
5538,pop_0,3.785566641856955,2.605359045468595,3.3918776904309635,2.6356745003464432
5539,pop_0,3.3989778628657312,2.284871604816516,3.0849620391127783,2.726974430610991
5540,pop_0,3.411223809931328,2.841323558932418,3.5192151998288836,2.1878050447805824
5541,pop_0,3.6391535443393126,2.6175859493517564,3.347803805904236,2.909772164248225
5542,pop_0,3.3692798616530526,2.2947528587004244,3.489522979925117,2.815053161063903
5543,pop_0,3.6499566977723994,2.888594031479594,3.496166310012748,2.4312758743876417
5544,pop_0,3.414532923613219,2.7078699837346636,3.1748072741917093,2.849519925596445
5545,pop_0,3.0169495157844546,2.7842641897999236,3.320444237106672,3.157028935020739
5546,pop_0,4.010697146392674,2.5323954072602985,3.525341855609438,2.176933012413513
5547,pop_0,3.3256014034084393,2.9388970713189413,3.2285603722381833,2.6450203495933486
5548,pop_0,2.7104187502866464,2.8932418972634846,3.1383250780123446,2.8213862440367365
5549,pop_0,3.349418387192713,2.9329781206877765,2.915600883351318,2.8939480044112647
5550,pop_0,3.356255288601083,2.5053240758708095,3.171982476528741,2.5555837720111207
5551,pop_0,3.5280331384594756,2.5076401356726326,3.329168215792988,2.729948837368318
5552,pop_0,3.4817018219873783,2.5312321381277942,3.486827352654885,2.548532548968176
5553,pop_0,3.5048145796313577,2.975943494712015,3.417118753189888,2.754053296389277
5554,pop_0,4.102888049330938,2.610467981474356,3.0437273265950626,2.5284065478087405
5555,pop_0,3.4358511065315143,2.211223232089894,3.616809896621903,2.7878982273491912
5556,pop_0,3.7503580560015464,2.690656375193664,3.297503880412271,2.7462897684760175
5557,pop_0,3.3649297281950075,2.84697165836997,3.4775856655104262,2.929282056346871
5558,pop_0,3.5524852958554534,2.070723390298915,3.3736692512641118,2.314180237947213
5559,pop_0,3.7384160533382023,2.3798296950519076,2.971759777848735,2.514621041201542
5560,pop_0,3.1757316601256065,3.2243673072228543,3.5177271078560945,2.801513153097985
5561,pop_0,3.131963415270911,2.766175627513073,3.5891874416894085,2.4886497287770695
5562,pop_0,3.025382576956333,2.3932603255937215,3.239082312222229,2.4774324984107134
5563,pop_0,3.2934816901621953,2.784247532341653,3.1869389639604195,2.4614183614515373
5564,pop_0,3.5203090210469115,2.660402021116846,3.4445768521876063,2.7575069851583542
5565,pop_0,3.699683972633382,2.2462151818569063,3.1679062583635327,2.3018464167107484
5566,pop_0,3.2332385043432343,2.9055351289744964,3.213413268410883,2.790862991760209
5567,pop_0,4.00305900367142,2.3324432581783836,2.7693238851388595,2.7690419207781147
5568,pop_0,3.7618221284209397,2.4326492266912965,3.568775510595438,2.6830769637283636
5569,pop_0,2.984855671533935,2.7950207227866124,3.1773121257630157,2.6942032926993673
5570,pop_0,3.5690978456186264,2.310034548477089,2.9682817756581623,3.016370313206435
5571,pop_0,3.501864370934637,2.473326149713294,3.437838755995101,2.560621933414997
5572,pop_0,3.2178969200849292,2.991256728235337,3.3072232867749807,2.4303492821876844
5573,pop_0,3.4435568601476128,2.99445311229743,2.9748499207952723,2.451518339518606
5574,pop_0,3.629376022523695,2.2227194008510227,3.2586352681005297,2.461917118256461
5575,pop_0,3.4348348872728187,2.6051940052214735,3.242687089976384,2.645136208339966
5576,pop_0,3.6962243753971027,2.7100815565238916,3.2958689438947983,2.869155728855387
5577,pop_0,3.7250694508724345,2.8969755361912277,3.230714536126345,2.848698240484737
5578,pop_0,3.328154240874956,2.6595173793858287,3.021696648100629,2.6924651220294034
5579,pop_0,3.5106310714293927,2.395254676857419,3.3524268984037366,2.718889116748389
5580,pop_0,3.519755825944281,2.55281328202255,3.1037600479566527,2.470585342146402
5581,pop_0,3.5420611524827246,2.623481196820469,3.10516394249537,2.734643657104524
5582,pop_0,3.502530973906576,3.00739206393876,3.369621168853744,2.539417062359766
5583,pop_0,3.18387838085102,2.624740711832889,3.51217359135575,2.35576532249389
5584,pop_0,3.783188330346392,2.704623386562228,3.227479827186795,2.832731986358435
5585,pop_0,3.4755192647451207,2.3895351260750313,3.457255140069662,2.8583197096778377
5586,pop_0,3.900325675451872,2.348228020974668,3.141267669502027,2.064303682114064
5587,pop_0,3.317394405067018,2.564291823068005,3.302335163010076,2.513823503284495
5588,pop_0,3.1601508306079547,2.716634074447586,2.9520966534790047,2.8292024422892204
5589,pop_0,3.3799603769792275,2.740568938780705,3.20442407464341,2.842909235185825
5590,pop_0,3.3608386465813433,2.43740129645052,3.4353405073131507,2.2892575530700268
5591,pop_0,4.1392811626296995,2.5777789908840623,3.4833913906849965,2.3212705125763105
5592,pop_0,3.5476854502659068,3.005854444795114,3.418532066308885,2.490079954610608
5593,pop_0,3.4258621627050085,2.6180969981589226,3.2058631556604475,2.885223648018814
5594,pop_0,4.045364400965717,2.3613200560307,3.0729598628261234,2.6423581229018827
5595,pop_0,3.395640222722498,2.35150495196592,3.2961534486354265,2.1609530734288174
5596,pop_0,3.5917414286097062,2.6011436994162094,2.898111085217074,3.0682911104302186
5597,pop_0,3.2479346053471847,2.5086769397552007,3.2422119037517816,2.87490596143051
5598,pop_0,3.6512994598542234,2.727077414685572,3.7688131445741906,2.2500402450961525
5599,pop_0,3.3842435877298342,2.6172828159822457,3.176510717074011,2.779796814612797
5600,pop_0,3.5928394767991145,2.570029725946015,2.518995895202286,2.2958206329975
5601,pop_0,3.458921442924924,2.524881605423583,3.7015482974503198,2.561198302179488
5602,pop_0,3.3765742431755514,2.4096426665975996,3.338557016003429,2.338130118339149
5603,pop_0,3.362444978387562,2.583184613889333,3.1219824445374553,2.4910714278305077
5604,pop_0,3.8516323538175183,2.473836252693308,3.1677415373860254,2.5424889316913153
5605,pop_0,3.559477631454307,2.440209463316188,3.2868025330583173,3.0010962675824153
5606,pop_0,3.918341530399441,2.290772539308825,3.2987149356286323,2.5818674527713186
5607,pop_0,3.4811989894891338,2.6388189278559664,3.0948513320754567,2.5906710020266006
5608,pop_0,3.336602657009012,2.414980993395193,3.212265444010708,2.5197080145559765
5609,pop_0,3.4000807154804433,2.8050493366857703,3.225437017215668,2.623917867964516
5610,pop_0,3.697214608961286,2.4616070060056696,3.4110674065380877,2.8319414856246503
5611,pop_0,3.61427043564005,2.7410128029400482,3.030418588052055,3.0082029346880277
5612,pop_0,3.425855907981414,2.7338424815473976,3.1099111448918646,2.495918132714309
5613,pop_0,3.3579859629479154,2.3970711690821456,3.6396890529382935,2.837812508889167
5614,pop_0,3.4077658546867036,2.7640467912087487,3.2663010976234736,2.5348140029187336
5615,pop_0,3.708488389104282,2.6339944417999592,2.6747503818302714,2.9416946628501175
5616,pop_0,3.419505165696436,2.538336521780511,3.9072239116281904,2.4026055142782807
5617,pop_0,3.3265359336958795,3.1058894941069624,3.586599015829435,2.4006481903742776
5618,pop_0,3.8876773389435315,2.2758486868246663,3.307867448180353,2.807388790716763
5619,pop_0,3.289088649954889,2.5479199032571445,2.978593725821944,2.1175781065203148
5620,pop_0,3.262843351169079,2.7858598328874664,3.26266343192222,2.527592058798423
5621,pop_0,3.551291162435045,1.9217917821318362,3.272805580003587,2.611560962190259
5622,pop_0,3.798851297988882,2.53350318107816,3.260857741720709,2.6955314895629185
5623,pop_0,3.524430346053655,2.8154077534596755,2.9903932814331755,2.2341778288743495
5624,pop_0,3.3408128419496395,2.9196473219585917,3.2608862082416015,2.490394189710839
5625,pop_0,3.749003451298632,2.465710778741936,3.1150262689268837,2.4640906307037382
5626,pop_0,3.364068455809897,3.2269883222956723,2.975245844756118,2.881887146473932
5627,pop_0,3.4794196075016437,2.481779221451003,3.0409007215684847,2.5479563218834906
5628,pop_0,2.996630928434737,2.7000341966598698,3.740036677689721,2.2358714976802485
5629,pop_0,3.14014685002582,2.684469768033435,3.3429628378998038,3.0120888280286926
5630,pop_0,3.2145940184392354,2.4596728029696493,3.3345614696367294,2.4839043902564764
5631,pop_0,3.384996002859713,2.8852289767551587,2.9367333724116955,2.503040934096172
5632,pop_0,3.486439993279573,2.7620516380662994,3.4319172650381566,2.4509836371029907
5633,pop_0,3.7303808167919685,2.6624390874881207,3.219899434970927,2.9338357199620226
5634,pop_0,3.404592106597894,2.555799759696792,3.086577392559204,2.3617126005195836
5635,pop_0,3.331508551707914,2.549616830808576,3.0748936489619068,2.5252738991156765
5636,pop_0,2.9405454303403316,2.813388806032001,3.769228543987833,2.6945953149436304
5637,pop_0,3.581513002466689,2.711870255327608,3.6054857907223017,2.6821366655441223
5638,pop_0,3.3636653546791595,3.06446870120713,3.056889830690675,2.8794271059547416
5639,pop_0,3.0677855996323458,2.814275973796903,3.086311096472034,2.5937893965310743
5640,pop_0,3.338123340028731,2.3875522629570542,2.9899560714049485,3.093242575381076
5641,pop_0,2.9048055775092796,2.8430481542873993,3.1025905185346354,3.1017914322111855
5642,pop_0,3.622342943421061,2.7408014076523344,2.7210495770472463,2.2179719293924256
5643,pop_0,3.429320942007238,2.7023192878401097,3.612297669787521,2.63180225474023
5644,pop_0,3.164388299313,2.8919163553108107,3.4934417001335487,2.079790294531835
5645,pop_0,3.2128092262515984,2.9352346559460822,3.238930000249824,2.914641428143062
5646,pop_0,3.1062183958352985,2.505446739251805,3.519457028005678,2.6570355448991294
5647,pop_0,3.6493080346126483,2.643488689615273,3.264325443428431,2.6192066513253063
5648,pop_0,3.4382834944622966,2.968412925751848,2.9262569010396557,2.8670000743656305
5649,pop_0,3.1668682906977734,2.6368327727468825,3.2469382232718167,3.0570970553956283
5650,pop_0,3.591867595939352,2.5272681108967605,3.1217850494978823,2.6479014984254894
5651,pop_0,3.5099823902852436,2.5662101907940014,3.246729711853032,2.6018737484163452
5652,pop_0,3.430872228149916,2.284838406827775,2.987827514617229,2.881283717643288
5653,pop_0,3.766430064114695,2.213972617296276,3.226810465219469,2.8787195689608858
5654,pop_0,2.816282871406885,3.0885294262994587,3.316694547264282,2.9074919198713984
5655,pop_0,3.5710714838842144,3.0791559637248804,2.9534239896367724,2.66835980817128
5656,pop_0,3.0474314013482533,3.010043030904714,3.079683494722983,3.201171253394876
5657,pop_0,3.552198226771319,2.355544955074167,3.208084642654001,2.6029627983161854
5658,pop_0,3.250343731382883,2.381685662788555,3.3571676506156676,3.4303751678055803
5659,pop_0,3.2216145418923894,2.7273337549493597,3.1372419602510653,2.8714452196946194
5660,pop_0,3.5738982722157213,2.6007610787749855,3.4486013882016997,2.4950892240333835
5661,pop_0,3.2424516621277295,2.755042456106019,3.3321112180817325,2.383454913167991
5662,pop_0,3.033242385175336,2.7136428833695914,3.297445695109137,2.8508640442970847
5663,pop_0,3.735684763635662,2.4263680010762583,3.2316050965910783,2.8586829087076286
5664,pop_0,3.799236719749151,2.390607387992961,3.19105503580628,2.608893611879044
5665,pop_0,3.445289775117767,2.7911290975954435,3.2809542466828487,2.7789914173735437
5666,pop_0,3.499741168342709,3.0656577188705003,3.074642871152132,2.658170605999193
5667,pop_0,3.893953010392952,2.208437568646749,3.4181992439709123,2.3563007394761737
5668,pop_0,3.916133152173829,2.663537075919764,3.655458180512307,2.5998949010547947
5669,pop_0,3.438336633652815,2.763279213474851,2.804923557147687,3.0360393341025316
5670,pop_0,3.422798255417176,2.992603520544124,3.2660798244654967,2.420221543827538
5671,pop_0,3.1830841123420837,2.5485088554511255,3.5439524508336135,2.6610592501343087
5672,pop_0,3.135191093027665,3.085446908791557,3.312936441664732,2.708525414517174
5673,pop_0,3.368535042630529,2.342171577686162,2.9134518437469428,2.5240250317505204
5674,pop_0,3.350492247774395,2.9682240675333236,2.7118152497789647,3.239405019287385
5675,pop_0,2.7253656096190753,2.76053434293689,3.3812537908734033,2.465486119635598
5676,pop_0,3.302471273709229,2.4842925333325283,3.5015103167357298,2.586281043448232
5677,pop_0,3.078643241396065,2.878896443680441,3.2830252006986673,2.291784684184027
5678,pop_0,3.350719032379278,2.7254756817217203,3.117399825516271,2.676239874673473
5679,pop_0,3.4369901247521844,2.477013846758325,3.4066145531686813,2.5396580393229016
5680,pop_0,3.3253531972228907,3.0041136641480226,3.4362143386853314,2.3978733889182204
5681,pop_0,3.2753212203505084,3.07208192213567,3.434837933506002,2.9640200738436344
5682,pop_0,3.8128832534473096,2.401666501640465,3.210336399829362,2.152383579120476
5683,pop_0,2.3384478927469647,2.7394475966479837,3.518025134768288,2.5477663219593683
5684,pop_0,3.713311604775006,2.6083499978408247,3.573126213039219,2.7110929951272547
5685,pop_0,3.042482925761699,2.3727084404758,3.4541412528402597,2.323353311004372
5686,pop_0,3.2713359189645312,2.6922115671653923,2.84123992556978,2.6023758781973716
5687,pop_0,3.7994461214424358,2.442057362410995,3.3146504047293694,2.7092577423642084
5688,pop_0,3.014996608267272,2.4501266322947206,3.5265750424582993,2.7017684139100897
5689,pop_0,3.343845348321573,2.778235007579519,3.598168988108331,2.729339059777604
5690,pop_0,3.0302146336811266,2.6259019052604424,3.4101166461765464,2.8582912197713246
5691,pop_0,3.4839849211092533,2.745236320146251,2.722541747362236,2.8289633902939917
5692,pop_0,3.5748217612998996,2.6299723399103687,3.6813413238442187,2.4430581650929186
5693,pop_0,3.5865865697278903,2.250208024386279,3.344653345854052,3.2133153451055034
5694,pop_0,3.523182153835151,2.471418532642898,3.1033287467635957,2.5421513412617727
5695,pop_0,3.3124462117573543,2.926632290165984,3.339449072796931,2.5302924722066047
5696,pop_0,3.5727068255668852,2.789698334798163,3.5707782217146122,2.8819548448194614
5697,pop_0,3.4039058023282256,2.5111669259133294,3.1056267497311354,2.473816793832027
5698,pop_0,3.3405803716462525,2.908402846062551,2.6848984115161962,2.8031571482335016
5699,pop_0,3.5290107817338465,2.8263843262154347,3.3024003043535353,2.8814384942754954
5700,pop_0,3.0381361070509687,2.876189862452999,3.544374789441532,2.849246585894257
5701,pop_0,3.268248596940519,2.7721454785907143,3.367900917795117,2.300750980069646
5702,pop_0,3.3558197552760474,2.423703921651538,3.5942186716613898,2.6179970166793742
5703,pop_0,3.4351119511194828,2.1737910693296962,3.159783787575573,2.3668085128937015
5704,pop_0,3.2762690255205844,2.58968669898839,3.2421247008196534,2.809663828037643
5705,pop_0,3.372144598454289,2.7524970779250126,3.3814478748177006,2.472875234353932
5706,pop_0,3.386062697316118,2.8534882363961915,3.5524030066794294,2.844465511005161
5707,pop_0,3.6120676202172195,2.906269963713267,3.1685429578632016,2.9758399681053125
5708,pop_0,3.175108975496276,2.52578045145529,3.2363767749979067,2.582271684754083
5709,pop_0,3.5469607747296754,2.517927168319465,3.7413444103729585,2.507563917050865
5710,pop_0,3.4683171925774086,2.6711208793538415,3.7480551078802087,2.8476320056363376
5711,pop_0,3.4224221654776246,2.607794941134815,3.312307459754922,2.630950093087263
5712,pop_0,3.370060473629674,3.1808976445295043,3.9110513329251075,2.748173293763551
5713,pop_0,3.045511228611187,2.822172453026685,3.1866258296589898,2.684072775935254
5714,pop_0,3.2483500182704206,2.64557009252071,3.362065259068598,2.972533355682785
5715,pop_0,3.6519273829327066,2.706177382963845,3.6853022028530487,2.889442093469649
5716,pop_0,3.4091268015269423,2.2376960134555697,3.10609150539377,2.6482925947775833
5717,pop_0,3.1473327768325077,2.5406682095190787,3.2177348705511424,2.9759538631159077
5718,pop_0,3.463981944853028,2.847899809456911,3.2737922411941196,2.691567513139727
5719,pop_0,3.5579931834022775,2.17590778135835,3.078436193902051,2.383781096654699
5720,pop_0,3.6229885325782294,2.774633867534403,2.8147316180472535,2.5700885838973266
5721,pop_0,3.594283498120658,2.7226755454523324,3.2975243335943363,2.3517885236413654
5722,pop_0,3.9626820901687694,2.591175646974213,3.5233414568249457,2.890985128980863
5723,pop_0,3.9685958673726125,2.3297068414522544,3.2378607824167127,3.0980046530336183
5724,pop_0,3.53889436320247,2.5191870043180944,3.2144875488379374,2.9610186564510763
5725,pop_0,2.8750049112904894,2.6368434113858794,3.3950196494388996,2.7495216787026466
5726,pop_0,3.304653983016628,2.7901396797222158,3.288335126806861,3.0402578369365894
5727,pop_0,3.1843148650610433,2.7199341266954233,2.7628314491379933,2.4344725502826376
5728,pop_0,2.708014398471412,2.4988302929597497,3.3482696092337045,2.4899481517055775
5729,pop_0,3.482193909482412,2.5793228989681576,3.10219934596556,2.7223064843191236
5730,pop_0,3.4484923577243625,3.256711143923683,2.9669698678958025,3.0705042208158324
5731,pop_0,3.42375157474276,2.6029949075381342,3.2970823338089907,2.848358296956164
5732,pop_0,3.201317954561736,2.8776758590918723,3.5570641078899943,2.5497130155149317
5733,pop_0,3.385704011219597,2.7926848815309695,3.364961913083434,2.5526694571313557
5734,pop_0,3.5505998404060635,2.4486859009906796,2.77115488606723,1.9816290141356165
5735,pop_0,3.2600868697600442,3.0625199458733476,3.6176960010765034,2.7833152508456385
5736,pop_0,3.270938914966308,2.700409876801413,3.1768608314665143,2.5465835029095785
5737,pop_0,3.3565433652141006,2.4847672215011753,2.8789389441044877,3.192113504307296
5738,pop_0,2.823062076010331,2.7473530398665593,3.2875306314430954,2.428270196767735
5739,pop_0,3.2762778307958795,2.8720493516356616,3.0864564249349407,2.3357231057837167
5740,pop_0,3.2642861723481587,2.6789699766672297,3.2892905921104343,2.5077791341221585
5741,pop_0,3.114751110254496,3.11389695441135,3.1975508819054004,2.8115718163128034
5742,pop_0,2.937444106754375,2.5525476295344505,3.0823209208021867,2.4414928250319283
5743,pop_0,3.3521197004026306,2.809816059840838,3.203592926010374,2.6217225897263794
5744,pop_0,3.537801419800638,2.599019934426958,3.491508995658114,2.492171300856126
5745,pop_0,3.1146895735477105,2.7271788928085936,3.1130701536486844,2.5999239378351917
5746,pop_0,3.973601396996298,2.13133419290845,3.3858890219320648,2.2989604154933825
5747,pop_0,3.3863988987001825,2.4218425452057026,3.4835699733431937,2.2890304150895973
5748,pop_0,3.79878040118021,2.2725285136355224,3.4120899249470584,2.8533799329021443
5749,pop_0,3.4479409381651944,2.580589601905078,2.8451018401972528,2.8071495623187777
5750,pop_0,3.332177888055251,2.62138416839683,3.058454509982783,2.829402532345653
5751,pop_0,3.2482847778537787,2.9200721952469952,3.1640504397376312,3.0603644880611056
5752,pop_0,3.40816092628172,2.480102562495637,3.2903503936410545,2.6662239848069524
5753,pop_0,3.459133317730255,2.8831517263426973,3.702013635020984,3.0759714664395763
5754,pop_0,3.7373255975025392,2.885579101027075,3.2186753667479695,2.1772619614659283
5755,pop_0,4.016797810984814,2.3987821511025382,3.357523302159619,2.5844940233854383
5756,pop_0,3.764379258962945,2.484847702979049,3.5796287313297905,2.858458445129453
5757,pop_0,3.3279917877307743,2.6643208452876834,3.247097865143327,2.50500537848256
5758,pop_0,3.646976810488117,2.250343336092451,3.4599911942579715,2.450276231057557
5759,pop_0,3.664144872191875,2.5786352561489876,3.1787654510237657,2.553769942976987
5760,pop_0,3.4819151762781804,2.881563685928065,3.4019237151006867,2.862997392718291
5761,pop_0,3.5060361781383804,2.764082259028448,3.210971011311124,2.6842874151465232
5762,pop_0,3.582080848604691,2.2092131050164032,3.037052057675897,2.621422768421071
5763,pop_0,3.451046038300471,2.506159200059985,2.8127852893710266,2.595502708697225
5764,pop_0,3.285649169605309,2.581413381631128,3.086068756869838,2.6983335364962144
5765,pop_0,3.5567210398434854,2.2933920712983986,3.446818844153569,2.9966599569247307
5766,pop_0,3.0408922042247655,2.7311930174407,3.2842092250859616,2.5986864206233795
5767,pop_0,3.372540917580683,2.3935273840158118,3.224776153562866,2.838665419906637
5768,pop_0,2.9534672938919657,2.7520732671465975,3.2986297163759652,2.847739260649366
5769,pop_0,3.3824366816645313,2.596330367379998,3.027169965776561,2.3530231283774006
5770,pop_0,3.239452633619831,2.1066532511098948,3.4832279987036294,2.8958686909495808
5771,pop_0,3.970786468431488,2.614546042245752,3.762300844424461,2.176986490606567
5772,pop_0,3.26579719985928,3.063342984225274,2.902261678513225,2.790188858630208
5773,pop_0,3.7234515263137835,2.678422621909158,3.432214214288063,2.2672891013493124
5774,pop_0,3.3656500388248696,2.8091023771020684,2.9999540752347533,2.5472317069092907
5775,pop_0,3.4096141183878768,2.4621162985254506,3.600331146614449,2.855730121776964
5776,pop_0,3.7097870604006427,2.6966397078561237,3.141267776079944,2.3911453495047073
5777,pop_0,3.2896955227800686,2.387420646268603,3.110708262753535,2.5021954576037513
5778,pop_0,3.545069683935735,2.326065628387989,2.916764826378153,2.669379878180221
5779,pop_0,3.787405390042477,2.793442357154767,3.0060155260523658,3.0508496218209062
5780,pop_0,3.8308502170756644,2.3078697317348453,3.68871666308166,2.3497460325743993
5781,pop_0,3.4550892670498117,2.983981687897937,3.083088515110185,2.4165232430094514
5782,pop_0,3.2805051576025925,2.6024361725071907,3.454515300560834,2.8699986537494935
5783,pop_0,3.6889388239701137,2.7707835535974823,3.5603515425540775,2.6289747913007147
5784,pop_0,3.435540898498942,2.4617940106178495,3.122331931160719,2.90651741725561
5785,pop_0,3.675054876857402,2.553401850510239,3.159242339649639,2.5644980421158468
5786,pop_0,3.3399810951474667,2.9357082228035094,2.8313465843640397,2.3434386602795283
5787,pop_0,3.3130350421477046,1.9065932593827972,3.3288728293549203,2.493049098053665
5788,pop_0,3.7696418908103717,2.243965600581902,3.131784297826714,2.5479987643157425
5789,pop_0,3.383123028064536,2.768387549795631,3.2598706242995936,2.1569276522125667
5790,pop_0,3.837180222030544,2.890376542376183,3.2512789549186043,2.460487504053121
5791,pop_0,3.846760531760454,2.819540437163201,3.3623221423416862,2.34587045887535
5792,pop_0,3.490993669103317,2.430024421507063,3.3183271218372385,2.5163018722342425
5793,pop_0,3.3452832671832544,2.4242916251434425,3.2492100575404783,2.820908584779639
5794,pop_0,3.16095696767712,3.060782007476603,3.355059540124216,2.7997993529787863
5795,pop_0,3.737933787246264,2.8253607313377453,3.2014364526399515,2.565417568630548
5796,pop_0,3.4485252489587825,2.675395504588575,2.9556531868322384,2.56061856447865
5797,pop_0,3.4578930929576845,2.5461135394332195,3.0689673022460493,2.666372178998676
5798,pop_0,3.88477976437177,2.447326037437696,3.4407114643057524,3.029810333714516
5799,pop_0,3.1308988803640503,2.862319740024052,3.357440578651274,2.423005945689486
5800,pop_0,3.2767234427361496,2.8747217656993183,3.411050162297568,2.7587665935687564
5801,pop_0,3.352990533082717,3.0069985223506994,3.4263100488973537,2.6530694535390764
5802,pop_0,3.4073596316893124,2.7187944499105505,3.783307664299136,2.523354517967624
5803,pop_0,3.2792865333922534,2.4254163289222443,3.3328109561862593,2.3465888125956123
5804,pop_0,3.4451894373449883,2.0964167061204546,3.761749885552188,2.4463042400001163
5805,pop_0,3.0342390827599037,2.8484188903532903,3.2914163775476135,2.6750463602698504
5806,pop_0,3.342948215899441,2.6359924439358102,3.5819468657541575,2.677214857513465
5807,pop_0,3.557132777337093,2.383972926849603,2.8106001271167513,3.1451765882989866
5808,pop_0,3.1463375135252063,2.735671067135275,3.5491913271809055,2.8408030863424663
5809,pop_0,3.2492974034314956,2.4347918016557344,3.0468065364397026,2.8098901637662115
5810,pop_0,3.214620834595649,2.880573444341636,3.285717650096239,2.859569494672449
5811,pop_0,3.375198836662143,2.4552872176832836,3.041134192956074,2.6213792543529544
5812,pop_0,3.6183467886902307,2.4853733225237025,2.817056137579373,2.5571613320808972
5813,pop_0,3.552671226909997,2.4788150189970186,3.7132532722580374,2.2026538559259388
5814,pop_0,3.4236425652655793,2.9835471071005877,3.145132845419524,2.463250271922401
5815,pop_0,3.627210164991915,2.503010789542393,3.3720399445799782,2.3960247495289946
5816,pop_0,3.718928366232816,2.4984377794339934,3.032414840098869,2.709006856128757
5817,pop_0,3.808657066732475,2.3888280721475064,3.071657539907397,2.177045566837815
5818,pop_0,3.7613014429009697,2.467245066662225,3.321486554801347,2.939454818263862
5819,pop_0,3.267150861894369,2.600111675360543,3.0869425762872074,3.0294823045819412
5820,pop_0,3.509926731807586,2.8819742892075473,3.7170238111422216,2.00703564464895
5821,pop_0,3.0889086757845647,2.923712801173375,3.0465315051356767,2.5227468052430595
5822,pop_0,3.18398390539823,3.1318286243814835,3.1276312187949005,2.987325085625516
5823,pop_0,3.3644072490592154,2.6166103920999486,3.6877272767998686,2.269438621095294
5824,pop_0,3.536778730418356,2.948836083143871,2.857639194501078,2.799465945480663
5825,pop_0,3.987012363900754,2.4831443300965375,2.726954900470463,2.7200440484119617
5826,pop_0,3.3039481017925914,2.6613636046588187,2.791004466750475,2.8279327421346427
5827,pop_0,3.2267258823144296,2.272760549224518,3.3249666686571104,2.4625950267452295
5828,pop_0,3.5960545444102703,2.809149507114295,3.413318072238133,2.446449274990797
5829,pop_0,2.8522213537333267,2.701069620979033,3.2080016046944686,2.7917931025125218
5830,pop_0,2.9444012147840013,2.66070324416297,3.0773799701396194,2.423930557556781
5831,pop_0,3.397722296633607,2.7788417540572192,3.2884015682042267,2.3551919547419726
5832,pop_0,2.9468394075117783,2.621085197524989,2.793454922914892,2.6533455137173645
5833,pop_0,3.3677395403490458,2.746929169360897,2.916856498714011,2.571703598399889
5834,pop_0,3.504502752645874,2.8702875545716924,3.5700745513979015,2.9261693676556955
5835,pop_0,3.5237403408676893,2.6024795627483996,3.3638216076782355,1.9954684003622738
5836,pop_0,2.873615265317864,3.0591489690710088,3.372623064664985,2.9701702308792886
5837,pop_0,3.3532635836481886,2.2023163360151994,3.1653658434439147,3.0343309250714174
5838,pop_0,3.23006967975733,2.900635013357201,3.4771578330472015,2.572424269364226
5839,pop_0,3.7233012828732446,2.4093216507125237,3.1649801836934617,2.44463678255217
5840,pop_0,3.4226296114413786,2.6096338391448177,3.4143232749419554,2.273969412260285
5841,pop_0,3.6722805848856557,2.4396852599967733,3.1220868022664066,2.4864967203649977
5842,pop_0,3.7917706202860026,2.525106760995286,2.9298317410980177,2.529120851622282
5843,pop_0,3.242039473039616,2.790628956059388,3.0797917880002252,2.8754938308426428
5844,pop_0,3.5566308021892405,2.7669410505988776,3.430805980502856,2.8684546372738517
5845,pop_0,3.2775350112015964,2.9132052361527903,3.4911622301281597,2.4715324825249807
5846,pop_0,3.4542527108244636,2.944026965885475,3.1423837794450296,2.4185060076927765
5847,pop_0,3.3987345562833027,2.5359471093979953,3.185400436754611,2.6957470835111654
5848,pop_0,3.642617235801228,2.612945884637098,3.4078846236543274,2.320066613320441
5849,pop_0,3.726869238977956,2.817678715308983,3.316979972046686,2.4389479631002993
5850,pop_0,3.022469317377493,2.225431380787729,3.0703872303952418,2.6527012677322084
5851,pop_0,3.624483211153257,2.7541156160472093,3.294851298664481,2.7433275694163384
5852,pop_0,3.3689738505167965,2.74376515911061,3.46584447513115,2.657186448287261
5853,pop_0,3.541799955557999,2.3735162410313153,3.389996020691388,2.5190343148105168
5854,pop_0,3.383309178857481,2.5333886776449726,3.061669964879861,2.9744501975992823
5855,pop_0,3.141260664664413,2.314924624741998,3.0708272410202904,2.7633623885846057
5856,pop_0,3.9966671348455516,2.4343165202041512,3.399966866423519,2.598520635536656
5857,pop_0,3.2106763132059934,2.5347707438565803,3.449753377655316,2.797447697244744
5858,pop_0,3.3911141920534558,2.573423357555544,3.286160111517175,2.387656858975269
5859,pop_0,3.0382543939277817,3.0143276276119155,3.2836182330382817,3.27014366914919
5860,pop_0,3.311183251479271,2.591044436770775,3.604893254967364,2.801672992855605
5861,pop_0,3.39443494357089,2.496986097925161,3.5638371446903503,2.774449686885109
5862,pop_0,3.2110208628890065,2.693349458095514,3.368777882499231,3.037887470282973
5863,pop_0,3.2523659551060966,2.5324190276056306,3.3451274751310707,3.1747554457632874
5864,pop_0,3.6307268651535494,2.6973731885943053,3.0900774556302197,2.3019326819837533
5865,pop_0,3.639623994084763,2.2487455497968165,3.418504987577132,2.8277176960938393
5866,pop_0,3.2375885706060523,2.676938037172284,3.072985764902835,2.6854941857365815
5867,pop_0,3.6498093963299314,2.463987930523277,3.457502336038323,2.3015984511420196
5868,pop_0,3.835292102037519,2.661698788198447,3.010537685957638,2.068344546965184
5869,pop_0,3.637753187969993,2.405586671671248,3.28869113683622,2.211058002519287
5870,pop_0,3.6120538105450715,2.732771370988273,3.5791777853590405,2.3360360104491273
5871,pop_0,3.496726210950388,2.8297556955691605,3.299694027299798,2.8787966740874094
5872,pop_0,3.1850750146449616,2.587449206006463,2.7772974034628817,2.863462013530962
5873,pop_0,3.7823887930143254,2.6065295764528083,2.943540710117874,2.3994409089020694
5874,pop_0,3.2857379296452542,2.5604316482534046,3.1196020907265773,2.653788199981469
5875,pop_0,3.473841074673133,2.7360904764596654,3.6111700117002714,2.3687614018820744
5876,pop_0,3.3531190917369744,2.2948377142337346,3.081563717842137,2.5735484504619714
5877,pop_0,3.2406664582629165,2.4503344592036305,2.9953754291359047,2.973423776123091
5878,pop_0,2.554646977944082,2.832857439767981,2.988114557489595,2.5382457309457984
5879,pop_0,3.2328582698015436,2.9123272265084785,3.534515561738895,2.4621581308528833
5880,pop_0,3.219190682915217,2.5343922932901073,3.628462174899764,2.927601123276242
5881,pop_0,3.637471357225826,2.141986770372063,3.0757160826402576,2.664006741394242
5882,pop_0,3.473408356017961,2.8745032977343055,3.3339241522040286,2.484096682417461
5883,pop_0,3.1468628162825283,2.9499846719374103,3.341211963394431,2.5849453447855533
5884,pop_0,3.4821071916334017,2.7929028938699147,3.0502945148238596,3.06051213007088
5885,pop_0,3.374014690268285,2.9443856721180897,3.1862845908012054,2.3323003514058986
5886,pop_0,3.8291048423052367,2.425869412512554,3.4174122651030223,2.378370762308094
5887,pop_0,3.047983779020376,2.6292115881950893,3.3291466102921805,2.638502274612131
5888,pop_0,3.765439192827461,2.455535892155865,3.0297226271017057,2.5081328495319566
5889,pop_0,3.367752823509368,2.6814980438871903,3.257513066012519,2.4891723415732177
5890,pop_0,3.898119812458021,2.614629629359521,3.096858758387653,2.0199813929508412
5891,pop_0,3.7271422716765255,2.566172595937748,3.3960019054071524,2.929790191081632
5892,pop_0,3.2035493668801793,2.8482846861041646,2.99243633586621,2.7239933081057504
5893,pop_0,3.457473729991031,2.8455517924003453,3.5201765986831886,2.6029227559081023
5894,pop_0,3.2988472783575973,2.6511918563164016,2.5494691210955827,2.8046102206616834
5895,pop_0,3.5480671706700435,2.327940381103857,3.5511191210303767,2.8100360109333042
5896,pop_0,3.745415522732758,2.3554587670924247,3.3672310319232235,2.56025413618331
5897,pop_0,3.4179814681564284,2.695909905210652,3.7020089796857056,2.1895069725448124
5898,pop_0,3.344650123655608,2.72540559582226,3.2803542530702257,2.6934979434830786
5899,pop_0,3.5179629495087927,2.646916630999386,3.2088749269313617,2.4606238279981523
5900,pop_0,3.024644792507543,2.738705180649573,3.4169569751720714,3.0829649340058283
5901,pop_0,3.763879292912652,2.3019463191076444,3.4689376707368056,2.876269952622677
5902,pop_0,3.6115386549092596,3.0985012682745006,3.060469339669391,2.9086569657879435
5903,pop_0,3.516941360811512,2.5025273388562637,3.2865295806438266,2.6500845819725303
5904,pop_0,3.7198461294447256,2.745217497759455,3.3685148188044782,2.4363649678656136
5905,pop_0,3.275227993902516,2.8247081940284122,3.1972691887956013,2.3612137678551277
5906,pop_0,3.398285148707347,2.797702068463465,2.894133968468978,2.670493878314215
5907,pop_0,3.2300046744465982,3.069446109187978,3.1263753300285515,3.0195348239643796
5908,pop_0,3.5025274116371548,2.29553578654307,3.3422729201028902,2.8189737239690014
5909,pop_0,3.0308417329766977,2.7142941912515703,3.3721796663118178,1.9623727419746178
5910,pop_0,3.4429242432097733,2.970339520533379,3.4545588668756766,2.7254495988809353
5911,pop_0,3.596793449749315,2.7391470888714435,2.9545291973759595,2.452832449641537
5912,pop_0,3.300669008988791,2.6194083529359933,3.0900260290566592,2.5018478252233427
5913,pop_0,3.7469054256939356,2.231061968480696,3.2173713309587146,2.690561409860208
5914,pop_0,3.6286551796405213,2.737366828534597,3.3785191130049257,2.686193151738658
5915,pop_0,3.2813390570391503,2.458113273048953,3.3535770856884835,2.207071532437314
5916,pop_0,3.6761886919266127,2.153655454794191,3.214042925551734,3.0695618179210262
5917,pop_0,3.319277322785958,2.2542325540148282,3.370875132099042,2.8090857107069933
5918,pop_0,3.5312056359603763,2.9102392666574923,3.058440541971959,2.9976246132503612
5919,pop_0,3.7778245802603276,1.7576737016788138,3.1972311340500195,3.136958863683851
5920,pop_0,4.026055491742917,2.3312194281139154,3.4991586538682284,2.581232973977329
5921,pop_0,3.972959764100139,2.2158675249359363,3.558720639413944,2.2292804664656214
5922,pop_0,3.3884096880324432,2.5950943186913182,3.0072136632294306,2.9974345185951035
5923,pop_0,2.9064759240608833,2.7223736302178323,3.0420626163144653,2.1961300151028014
5924,pop_0,3.2754511698808413,2.6624838876554353,3.5901493934883693,2.5878085808375944
5925,pop_0,3.843982666854677,2.692072547474601,3.3873968847940605,2.2983977910540787
5926,pop_0,3.5093900684553203,2.3794666485041813,3.3768398467978455,2.6866175934412055
5927,pop_0,3.8755164797863153,2.455635586088133,3.2442743959379463,2.4646540111379736
5928,pop_0,3.372305158223273,2.536273629610148,3.3667435766826057,2.970242732215835
5929,pop_0,3.5741150821075287,2.4929429460628816,3.416753104166932,2.907021749601078
5930,pop_0,3.525180363556178,2.694129831488013,3.243643869637082,3.0982685721049137
5931,pop_0,3.6091058365139994,2.7624138713792634,3.4817958744310245,2.764275989555376
5932,pop_0,3.6754211026278063,2.8772626544009476,2.798315457669909,2.3028669687706596
5933,pop_0,3.1352790055187474,2.861604724023054,3.3216774543084724,3.0370625767988915
5934,pop_0,3.2416839782608666,3.1337596304058004,3.21110283032752,2.922777183061711
5935,pop_0,3.50736021511631,2.4824312330752263,3.200366161178907,2.4662152650570954
5936,pop_0,3.248374907689942,2.3935163329479328,3.2649626900960382,2.556986676475765
5937,pop_0,3.5061042132801874,2.7617868853237786,3.114295118661808,2.361091339658028
5938,pop_0,3.4638091217815985,3.02601688738815,3.2763774494625197,2.517984307519322
5939,pop_0,3.6788747254728844,2.5276475223251933,3.4916161137241946,2.418415809577041
5940,pop_0,3.2716629294339215,2.8405381834388232,3.5067272017947007,2.7818549853044376
5941,pop_0,2.8908766225602984,3.209206043064715,3.0626381908306275,2.7946493560383043
5942,pop_0,3.1110655901269344,3.0500520652000174,3.554420888114203,2.602607688586377
5943,pop_0,3.423558116506662,2.841368918688833,3.220628095008816,2.6273156546027576
5944,pop_0,3.231205220224644,2.5543870071665906,3.242791139325328,2.4750068238338656
5945,pop_0,3.387060750995364,2.5543394982831,3.157901144689332,3.084646057332881
5946,pop_0,3.600699176283586,2.3742619223118675,3.4272075954880763,2.1596131274014354
5947,pop_0,3.0241560078004586,2.6009559935527102,3.107938746931385,2.9897043598946555
5948,pop_0,4.026177404285241,2.5241241735988535,3.695065258947885,2.6980173732336894
5949,pop_0,3.648542961931783,2.9337350130538042,3.1696642537443096,2.628227262922014
5950,pop_0,3.0723380493620027,2.7352515413096112,3.368733972081765,2.714695893282349
5951,pop_0,3.8080263464190924,2.7152852659126148,2.796062608765223,3.3735653181681884
5952,pop_0,3.3215201816443205,2.5397110492273116,3.2443402669384183,2.5491254076683587
5953,pop_0,3.2535355999692506,2.919872965360701,3.2332651192936517,2.275225433892222
5954,pop_0,3.54833043718427,2.6219088204582603,3.2919947422968483,2.9603983895225228
5955,pop_0,3.7899661869275723,2.272186777240307,3.21195779781751,2.6487305205667138
5956,pop_0,3.024059569774395,2.7015521515059406,2.725911216123462,2.9058809185496015
5957,pop_0,3.254281188809328,2.4556695752819726,2.675610499373695,2.9328265970395075
5958,pop_0,3.477023413084584,2.847620727449026,2.869258356348757,2.5761623767348363
5959,pop_0,3.0260255425652334,2.6906804366066024,3.800408713591702,2.2115905684978947
5960,pop_0,3.085395502284716,2.9402935955508807,2.9435758494356867,3.122368573107983
5961,pop_0,3.4434746656257538,2.4616221474135975,3.423379913949425,2.452852260931622
5962,pop_0,3.640356117175505,2.855321188017937,3.1157446525375954,2.230910284919006
5963,pop_0,3.5765619294716817,2.3913551170252862,3.041422564476414,2.7005593541820803
5964,pop_0,3.54176874212298,2.4737998739007963,3.3091328932415003,3.205871253125271
5965,pop_0,3.4699824776231343,2.883148292886475,3.033674250576659,3.0024869853308034
5966,pop_0,3.1459481126366744,2.521929120042625,3.256897111878081,2.6379357858969024
5967,pop_0,3.129508190260486,2.202063856576352,2.7690412135905973,2.6581706898764237
5968,pop_0,3.2791543561489154,2.5682987673400524,3.6414781590741203,2.542763581879017
5969,pop_0,3.8991786991931465,2.367217002751801,2.935071304917619,2.7113299054079656
5970,pop_0,2.9056443076779295,3.056494993124207,3.394100286941541,2.762652516618157
5971,pop_0,3.55831877340103,2.8108308749095645,3.150759072913054,2.6166737547463645
5972,pop_0,3.1911650454932032,2.378231170615666,3.422746996159931,2.446065153480882
5973,pop_0,3.541899758082237,2.300431116228124,2.919554414955782,2.7488977173115536
5974,pop_0,3.0484269611271877,2.864726730614976,3.2492223008182988,2.15542383666878
5975,pop_0,3.6364935574529005,2.475108671605051,2.8865582609576714,2.863499309645967
5976,pop_0,3.7586428969980936,2.1283911797367647,3.3197890853099996,2.425102566370115
5977,pop_0,3.0054818306689794,2.525385157972884,3.405919147468071,2.2391720225413954
5978,pop_0,3.145096796552198,2.5572220078596,3.4503779282894538,2.7118665403506563
5979,pop_0,3.240284533663845,2.6956615055832613,3.0382270946711443,3.0238327133013394
5980,pop_0,3.3165035085723806,2.8739049158565355,3.524141868649192,2.586006781495333
5981,pop_0,3.125715517492726,2.893372356642919,3.501483623737393,2.8606585532980437
5982,pop_0,3.567055767103597,2.7434424483813045,3.275942388049414,2.47775736362772
5983,pop_0,3.326646189237179,2.5825902659470468,3.5910356349160995,2.7110016201340437
5984,pop_0,3.690726345341154,2.507969074062561,3.1232898849318964,2.5996859832906383
5985,pop_0,3.309766295949783,2.716899475249227,3.179608971682747,2.841738848720277
5986,pop_0,3.188288964376326,2.748586610057232,3.410591144795678,2.3731705004156645
5987,pop_0,3.0748997851540585,2.6610563322115257,3.391596961574085,2.749450127237489
5988,pop_0,3.400978551129809,2.520476242674097,3.716698292759048,2.4682780040460552
5989,pop_0,3.429453358358339,2.804245537604718,3.3958412607532735,2.739133276919111
5990,pop_0,3.437961447215266,2.2512992187992356,3.176583071514271,2.9916241756658257
5991,pop_0,3.5432337136224135,2.3463690318217387,2.7323442048803472,2.8568232053574203
5992,pop_0,3.1504020691908026,2.817046814336203,3.0901168831990216,2.5212948917012046
5993,pop_0,3.327228276931047,2.6921528552969503,2.7862034146252843,2.9238761977585477
5994,pop_0,3.211989036724528,3.2194014750206414,2.9432069305689232,2.9973244932998058
5995,pop_0,3.4990857412352554,2.413894061154166,2.9013272805664854,2.8636960746391216
5996,pop_0,3.3983422977369275,2.5555991271175107,3.3134315021057708,2.260219792091862
5997,pop_0,3.0976647660123264,3.120435694799603,3.327329244228108,2.5024196197005217
5998,pop_0,3.6011477892146018,2.4294947930086286,3.3842653464391095,2.644194821701447
5999,pop_0,3.507663352693248,2.2801842673235946,3.584231197112462,2.7066417533769735
45000,pop_1,3.3948691942283147,3.072455036967373,2.5920794287334243,3.9263560525247825
45001,pop_1,3.712952120804742,3.124052096840253,2.651209200895734,3.4184498317763277
45002,pop_1,3.801599152600424,3.343306333587577,3.1531652540462294,3.5732182693977177
45003,pop_1,4.104004330319176,3.533655285874855,2.6497222554562656,3.3758407540099227
45004,pop_1,3.5465510695677516,3.199701361092844,2.6481754182534685,3.353750629061739
45005,pop_1,3.749134516018724,2.6436500101712155,2.843377387180034,3.4068737964706326
45006,pop_1,3.4423798484508144,3.1243876069852075,2.66963588138055,2.9368635760574766
45007,pop_1,3.6402604091297066,3.0500737529049973,2.6482875249022966,3.7462274102090185
45008,pop_1,3.6108167734739354,3.1860719716302066,2.6748039659071114,3.2639483781578087
45009,pop_1,3.589274069834301,3.10049933604709,2.7820960030864823,3.269056998833876
45010,pop_1,3.8103466339640986,3.398342396405285,3.125472386384387,3.176316421501162
45011,pop_1,4.06135981515968,3.540142600693706,2.852610550674591,3.14316346808562
45012,pop_1,3.421747420796121,3.262690502349615,2.801992326945574,3.1113877763954028
45013,pop_1,3.9599294235595184,3.1936804098345597,2.9213430685205077,3.076996214261054
45014,pop_1,3.2402937059850165,3.2502622083587034,2.7779450787224533,3.5225989775651696
45015,pop_1,4.193753249488289,3.7168066571643386,3.2464116853158034,3.3632741168296336
45016,pop_1,3.55376429287086,3.0491033904721,2.7639126187228014,3.559817805415998
45017,pop_1,3.726496862621193,3.434088806585043,2.7208610562762248,3.493394206402325
45018,pop_1,3.777271744026875,2.7235093398580705,2.9012676637463715,3.5552014832300336
45019,pop_1,3.9441896082148724,2.9823637181015443,2.5488615303045106,3.2490218276954455
45020,pop_1,4.06343017595124,2.7683008553330617,3.2147951557181433,3.077711565920971
45021,pop_1,3.423386459037807,3.225451489164156,2.681509215302139,3.6014402353456565
45022,pop_1,3.69447067294578,2.8008769154756665,2.9754090329192757,3.648688418877206
45023,pop_1,3.911813068246309,2.9855654490718706,3.0450670627574756,3.0119061559858724
45024,pop_1,3.542047118103506,3.4882060886676776,2.6324445377676597,3.645268995230475
45025,pop_1,3.3744965523829666,3.3761508273336016,2.944771412094986,2.8114848491617734
45026,pop_1,4.056816813925653,3.3857340643766856,2.8111162325995416,3.5445905980809984
45027,pop_1,3.9612740919876863,3.441025573489794,3.066726737929793,3.2209860153424814
45028,pop_1,3.409802627951836,3.1583077384832676,2.890315464361824,3.5178148082436906
45029,pop_1,3.6097522496943544,3.3936007001880752,3.1305079254751886,3.4368254574111097
45030,pop_1,4.170443293394935,2.739163011960576,2.6870759086951157,3.469665441139727
45031,pop_1,3.505171931066754,3.6146586669618337,3.2002175704672835,2.860647356423553
45032,pop_1,3.3337210512479727,2.844812606587207,3.15204276952334,2.886579628896039
45033,pop_1,3.7706070742270286,3.1511036437356217,3.0595585204565516,3.827392853081905
45034,pop_1,3.848897951808038,3.4651267873136997,2.6175918777646396,3.7197251791478054
45035,pop_1,3.308134506189901,3.303943115782656,2.3986990664613126,3.411329408557349
45036,pop_1,4.032243770407729,3.1781491115459595,2.8125285148966928,3.212824189744642
45037,pop_1,3.638956709560274,3.158588250549643,2.985019649317573,3.4348404815259603
45038,pop_1,3.472891225252293,3.26441374115329,2.948537991652699,3.3562367607974557
45039,pop_1,3.8033739830814213,2.636768890353356,2.638406988892338,3.895791580987772
45040,pop_1,3.375479375747941,3.224035725465271,3.0151213819328357,3.2075554278791873
45041,pop_1,3.017257361321636,3.197275434933856,2.9010624973106047,3.5949486196634495
45042,pop_1,3.183968506516536,3.318852184048589,2.5277960608979364,3.4985884248649297
45043,pop_1,4.0505242347215855,3.063612415747592,3.2143381529218504,2.683398232504911
45044,pop_1,3.4306265086040835,3.404253628826435,3.155702132317334,3.3275214428266304
45045,pop_1,3.6475924783971108,2.936698079506537,2.8854704799186828,3.2896798820348336
45046,pop_1,3.2085698665268687,3.2755571249734388,2.872268112237137,2.83226039776348
45047,pop_1,3.6067967160744265,3.182597504158826,3.002144111822798,2.8960679142105654
45048,pop_1,3.5598613295528736,3.673069990473597,2.716464442232574,3.319851247833979
45049,pop_1,3.6851949264682173,3.038633425948465,2.9647639421390117,3.268166509268425
45050,pop_1,3.412526944407215,3.85707137752281,3.049885208881708,2.937571276845697
45051,pop_1,3.9252924744094986,3.2531441972079307,2.4950342970678143,3.063055110495992
45052,pop_1,3.271250505851029,3.1645186841746202,3.0605279473004443,3.203903913902643
45053,pop_1,3.651643604967529,3.1708303246686205,2.959078424135351,2.832478514126801
45054,pop_1,3.7929482716047573,3.01230950976369,3.08880450032726,3.5036895394221483
45055,pop_1,3.5350940286293673,2.977133792655679,3.125022017791574,3.5126652589123433
45056,pop_1,3.814476544241907,3.0097732094823413,2.668925098249161,3.1525517247267554
45057,pop_1,3.4633117200315247,3.283428000431421,3.2897867127902,2.7960519685624776
45058,pop_1,4.0132638244589245,3.5220052225534997,3.4148791378833256,2.9152820343790093
45059,pop_1,3.647031442867283,3.2567019196194873,2.5728190566984512,3.141940423623353
45060,pop_1,3.6515119344220883,3.253162495682538,2.780457365810574,3.7310159424745053
45061,pop_1,3.920856143266663,3.029255562740838,3.0009457958770898,3.420960790633191
45062,pop_1,3.637501813469649,3.2876368446925097,2.8075375448168858,2.9178707768572956
45063,pop_1,3.271453062502945,2.8663756154294275,3.0013422366762974,3.4218671247584247
45064,pop_1,3.81982927276399,3.179268167774983,2.9490081612768555,3.334373375145231
45065,pop_1,4.073560664650197,3.1767634683110346,2.5053765303683293,3.4330506030660626
45066,pop_1,3.9482771062937108,2.8664372795309987,2.9544841576223555,3.387548883112298
45067,pop_1,3.450047470708732,3.1933104576680345,2.8298476112619544,3.0495619105317764
45068,pop_1,3.940041012194464,3.622186962529239,2.739606197358806,3.604602202580993
45069,pop_1,3.687498762419386,3.4368030544551273,2.5829189154019563,3.6434894876677455
45070,pop_1,3.6015102844122833,3.010263900269518,2.97102649866611,3.176464512854212
45071,pop_1,3.977298304305575,3.6386418931856714,3.170340336176805,3.504208371363556
45072,pop_1,3.338845565686436,2.7391721883733973,2.808166033990535,3.255670650898414
45073,pop_1,3.7595420018430254,2.770601200303155,2.9828651551975485,2.9813187119091413
45074,pop_1,3.8316819631597325,2.995923894631938,2.677666736955926,3.5691439870721995
45075,pop_1,3.5996195639728303,3.3253540881728405,3.1443699848930033,3.3159571265879015
45076,pop_1,3.586446507827469,3.376344642663852,2.7187300802204213,3.16464054560449
45077,pop_1,4.439841700863432,2.7598666420047024,2.9771962665229115,3.905236241486688
45078,pop_1,4.196967848021017,3.1590304020045163,2.808686802800972,3.2912751871697714
45079,pop_1,3.856039720425887,3.343734036182665,3.185137715427269,3.447327587574358
45080,pop_1,3.8095866396755445,3.7081290207849964,3.090397708999272,3.467110339819223
45081,pop_1,3.5921462909429893,3.2065221885694104,2.773822244940981,3.4697039850556632
45082,pop_1,3.437029078970512,3.332296677356517,3.092240917992572,3.27984195647218
45083,pop_1,3.982043367331421,3.422267063275,3.004118953653252,3.107075099183203
45084,pop_1,3.57249515385559,3.5089939576014855,2.8635139564062233,3.3865350449653335
45085,pop_1,3.959725912131931,2.793211957141206,3.216041348567293,3.055873356272703
45086,pop_1,3.978509257630584,3.3085894844281376,2.7507269631715072,3.1075795463935396
45087,pop_1,3.3493210532352062,3.099119674322058,3.2210172528834864,2.912085898878126
45088,pop_1,3.4902900883838446,3.1377668919663466,2.6935007837040343,2.9715264021120658
45089,pop_1,3.627247459364581,3.5034829461277885,2.644984255796755,3.5701334648166183
45090,pop_1,3.9301269422327096,3.3010507727740634,2.856179663664208,3.219630647150612
45091,pop_1,4.030470354534034,2.9490457884790318,2.7452932461683424,3.8870441380031258
45092,pop_1,3.7635699130476308,3.065571317097122,3.1209731808414323,3.3882109507373395
45093,pop_1,3.6008430891075607,2.9214782277796734,3.12069261381892,3.4202152102691374
45094,pop_1,3.4249133096281543,3.2935655561565778,2.892074893326223,3.3364849759235904
45095,pop_1,4.016547517202501,3.027713916776492,2.742264739885668,3.735676771372488
45096,pop_1,3.8315799410202964,3.369379119172532,2.9256774957667107,3.6176622456569523
45097,pop_1,3.426376298930019,3.321581795630145,2.8138241079080215,3.328881361125191
45098,pop_1,3.5429038506932136,3.912846518827508,2.7210201030149896,3.6396538385614314
45099,pop_1,3.314610011209438,2.977444018866548,2.77684560691526,3.2612723413897107
45100,pop_1,3.829157959883909,3.4045269319684164,2.4238896927424296,2.868027454550341
45101,pop_1,3.897797329894347,2.7384396972630847,3.116182255073018,3.1325100861324837
45102,pop_1,3.583486263654232,3.417930571360226,2.6698887007181047,2.9722748979274187
45103,pop_1,3.120273558137608,3.0602819705222837,2.8681534210791004,3.3754642441178184
45104,pop_1,4.30300851497899,3.258617368783967,2.7506159244980557,3.6350153861805734
45105,pop_1,4.093356330579758,3.3056831511152427,3.2947768610352983,3.5420019000615857
45106,pop_1,3.6362382739838757,3.181586902180351,2.663498676342827,3.4827980499290967
45107,pop_1,3.608880645452646,3.23407956289894,2.7147333247201733,3.3558093294773412
45108,pop_1,3.7238065939720553,2.98907529619424,3.409593318176846,3.461476744759935
45109,pop_1,3.85951762448732,3.517870419070475,3.3521356643877107,3.298647438570442
45110,pop_1,3.6000262220616506,2.774413206133969,2.999672368523686,3.2203786963745973
45111,pop_1,3.050547457012192,2.965132291742779,2.486219434087033,3.1578238522657585
45112,pop_1,3.95393013361079,3.174003195089563,2.5775629716359276,3.0326984908503674
45113,pop_1,3.683300411603206,3.45286884635208,3.1194476827420385,3.106743884626544
45114,pop_1,3.8341411722416403,2.9650265566822394,2.8607143394766688,3.436107046559799
45115,pop_1,3.8947783856394693,3.3005892477311343,2.568671500248393,3.0236661173604706
45116,pop_1,4.13663175752643,2.934116472176154,3.034967511013933,3.2778618684361844
45117,pop_1,4.125868397929725,2.685004634345711,2.7329684237727645,3.378292431497692
45118,pop_1,3.491911058529566,3.1373855923438443,2.9286548683141342,3.276830178984914
45119,pop_1,3.454130654291269,2.8900068690772693,2.9452126564426084,3.4306302169561813
45120,pop_1,3.726484227264577,2.897913791656234,3.1994319440066668,3.541031679917739
45121,pop_1,3.6018138820383303,3.0836882793495914,2.5612681231941563,3.2159923733758347
45122,pop_1,3.766236793328071,2.9411495925118167,2.9026319370609905,3.507621979138263
45123,pop_1,3.3828457738165385,3.435382207060904,2.7879487503837437,3.430062268411166
45124,pop_1,3.804963939344998,3.1738264144677393,3.018686311853434,3.2628961288971885
45125,pop_1,3.5660981160046017,2.81587355529693,2.703409134370325,3.932386796332325
45126,pop_1,4.089102743955668,2.8947857020151493,3.2026837983873246,3.432805537343917
45127,pop_1,3.225643900457356,2.9228219349816325,2.9325016585020616,3.3598091521021005
45128,pop_1,3.7793444198539756,3.7168415061659803,2.792953890833627,3.8499476551241116
45129,pop_1,3.6346350675785386,3.2859705071061347,3.060716284780527,3.314896218757807
45130,pop_1,3.3870261793513405,3.2939868919663615,2.959804236531157,2.906137903296913
45131,pop_1,3.478103101510497,3.138350452794537,3.011267969819846,3.2367920281383853
45132,pop_1,4.0928332068586135,3.64341820564542,2.7178542953667977,3.6781865975218397
45133,pop_1,4.008794796049639,2.9736861017097236,2.6126952227156655,3.942177080414687
45134,pop_1,3.9032183245550547,3.204756683612821,2.9540966067588696,3.035888656855017
45135,pop_1,3.889018227390021,2.7988505921897446,3.120217340121208,3.401857467986926
45136,pop_1,3.487125600296915,2.991598804577814,3.008308866268291,3.363566200564919
45137,pop_1,3.907064895058455,3.165495766964349,2.9788030300169437,3.3470889018160985
45138,pop_1,3.804704872237676,3.161593470649055,3.356286840068538,3.460217862295726
45139,pop_1,3.3140936008657778,3.1726331025062735,3.1782312503736243,3.1620238267804153
45140,pop_1,3.7321337139187643,2.8551153429047202,3.0579553120603524,3.236467025374473
45141,pop_1,3.1940217125000006,3.234208682313204,3.1305427253095814,3.6938996198825635
45142,pop_1,3.6714881797845638,2.699729790075215,3.0505002982119716,2.8967336909325505
45143,pop_1,3.6868249730470337,3.3354406897329167,3.149532907308564,3.344206768336089
45144,pop_1,3.34088579865621,2.772343480022468,2.4739490981521093,3.3793355774783156
45145,pop_1,3.8533612063691502,3.2174756549450443,3.3028604003469595,3.5070485002404563
45146,pop_1,3.935800432825371,3.3765788632875986,2.9060559828092005,3.81552418397687
45147,pop_1,3.6378800477552313,3.426767075718404,3.1951232044232967,3.4633732454026256
45148,pop_1,3.3989927823375696,2.9861069346765534,2.6721704697575466,3.6532363295496744
45149,pop_1,3.405560332220728,3.4807103743512275,3.058011257889739,3.502019479753008
45150,pop_1,3.9124208377526166,3.1522311650519472,2.8460538737735788,3.370306620646689
45151,pop_1,3.677782739045074,3.520174710297338,2.6610875155449913,3.398578030000923
45152,pop_1,3.810884580909211,2.9367660715140143,3.060824720552236,3.3553443987155385
45153,pop_1,3.821153768753681,3.062188934897748,2.7767540992047017,3.342621010449903
45154,pop_1,3.248495503487173,3.660343179915478,2.851986273698877,3.244928036399706
45155,pop_1,3.196420942888434,2.7556298329836304,2.3706038070607214,3.573460117985172
45156,pop_1,3.3791789976600635,3.2808678522997083,3.304501122685603,2.719094756771717
45157,pop_1,3.5878867963473144,3.270436810852981,3.167961312086967,3.4035673435226705
45158,pop_1,3.738761218494946,3.1434090558408263,2.873313891883583,3.2458095951302486
45159,pop_1,3.275317172608849,2.8912689812826984,3.3081371326202214,3.0467395056792546
45160,pop_1,3.5884441909075946,3.174590057898086,2.689776452776438,3.451381155083743
45161,pop_1,3.293795102375084,3.409269240878431,2.7129468435251947,3.148500542434088
45162,pop_1,3.8644687525559895,3.3006452777470248,3.1122004652237294,3.325429135420387
45163,pop_1,3.531215679982108,2.8844127684403453,2.682816022472307,3.363040674420225
45164,pop_1,3.7094007545953187,3.003433566441992,2.4049614008129407,3.612712382313072
45165,pop_1,3.4914394483624354,2.7789367939497787,3.030554768063445,3.041434766570266
45166,pop_1,3.365022464831348,3.100319841323623,2.8764200405806526,3.575529638645591
45167,pop_1,3.0582230779173316,2.7296230386132265,3.115963764002335,3.311308447203655
45168,pop_1,3.9379084650954197,3.1433155270321467,2.8510121581343646,3.493762339374419
45169,pop_1,3.8947099569298698,3.0065220986091266,2.8785116993607756,3.3375210453258948
45170,pop_1,3.285561348637102,2.948116522569894,3.250511205039703,3.2867462104636127
45171,pop_1,4.0375582442900475,3.414024943103376,2.789137831749875,3.5562948733106787
45172,pop_1,3.8229071085995896,3.127096766564898,2.7946509538942137,3.4367793514687284
45173,pop_1,3.6853813250916483,3.537161902246695,2.9638732510035632,3.455305176529123
45174,pop_1,3.8500480671318305,3.4658292111506803,2.893308735324171,3.525216711996057
45175,pop_1,3.542080703687523,3.013288003583926,2.741175974322937,3.424647358266735
45176,pop_1,3.7975678545036873,3.4219427954471273,2.9335213147417645,3.389228831675871
45177,pop_1,3.755101536057749,3.222349401042357,2.7436150809470212,3.439388568055262
45178,pop_1,3.469430142138538,3.392073563833636,2.8099499116249387,3.4574301385204445
45179,pop_1,4.006471208331873,3.628410431606299,3.2668884737653925,3.5314846174271035
45180,pop_1,3.6531747708063964,3.1388860190891563,2.7654384041459816,3.331311241720633
45181,pop_1,4.249505234689645,3.3414472883094772,3.02620407469893,3.0825958303460754
45182,pop_1,3.190429738537763,3.5591875234572203,2.8240292059163097,3.265980083542933
45183,pop_1,3.3291885604102998,2.692974397441838,2.7609337543857015,3.454089906007577
45184,pop_1,3.6182957430385256,3.2706185032067054,2.9748556245514175,3.138882589254887
45185,pop_1,3.8232704043873444,3.308657638385309,2.2669247078928714,3.6074377613590562
45186,pop_1,3.974495279681789,3.594956014784145,2.788782617090128,3.978924911660145
45187,pop_1,4.106596056690517,3.066317769896126,3.0989488867012365,3.4981129678344414
45188,pop_1,4.2786384448877195,3.170324470854251,3.2474428058051656,3.0542939611089746
45189,pop_1,3.1545334042222457,3.4921264073733576,2.4458745225890857,3.6224071196966157
45190,pop_1,3.9926459885550964,3.402896072147208,2.9099111902984967,3.6226922043569347
45191,pop_1,4.105217863114388,3.4951052381191117,3.0314727248880478,3.3862032183199213
45192,pop_1,4.082897790414585,2.84038134666382,3.1716722125800834,3.226933856900282
45193,pop_1,4.1745912666870515,2.9638604176511505,2.6001814097416496,3.901848531028212
45194,pop_1,3.7006901551493465,2.848309424663263,2.874629472732179,3.9532055309080327
45195,pop_1,3.6941383864669084,2.6919707381855797,3.00353796592276,3.2783579364394018
45196,pop_1,4.407236094024837,3.355797160607306,2.9384489182365416,3.778424448809965
45197,pop_1,3.681646265406097,3.138187609866603,2.87626120628922,3.0399745347362184
45198,pop_1,4.020275107723862,2.911132087304153,2.9938183249398294,3.360683496071382
45199,pop_1,3.5952775271315613,2.8958166638004967,2.7853928724840893,3.4398689051094262
45200,pop_1,3.765531743718963,2.7847028980610418,2.942193216070144,3.508328902725481
45201,pop_1,4.03766141084066,2.957321381842,2.9759536361905976,3.1796531756310817
45202,pop_1,3.8442802268657896,3.317746122382259,3.0063797451472656,3.619655004079798
45203,pop_1,3.7031902528170306,3.372542531012785,3.1369360110728253,3.316989295373211
45204,pop_1,3.55873492720599,3.154051267739286,3.02562448887372,3.657971278038276
45205,pop_1,3.8616044646506125,2.914656767752578,2.954233799951838,3.5101229259942466
45206,pop_1,3.998424770322999,2.7292520011870445,2.9655430963592955,3.049723902888216
45207,pop_1,3.7227260747094975,3.3036311995328336,2.8370236115190557,3.93188165822934
45208,pop_1,3.6637662245286076,3.426395239316676,2.982508991114969,3.035715564311035
45209,pop_1,3.40831505826541,3.4627582164056614,2.748042283684677,4.083462425999137
45210,pop_1,3.5618755277260425,2.972081675738945,2.904965705972814,3.321017191050542
45211,pop_1,4.404212052985685,3.2658836420593453,2.807325518175532,3.4589785695809825
45212,pop_1,3.078967244292557,2.68603273293576,2.9592338812889074,3.253860898434175
45213,pop_1,3.5333453826771204,3.633146309071845,2.8205159946336376,2.8861847291924105
45214,pop_1,3.4960199648083172,3.2143426554078096,2.808911790524396,3.5072870281073634
45215,pop_1,3.5449811653864582,3.610058330022022,3.0084746943385112,3.212745995911377
45216,pop_1,4.210510476434784,3.60361401739891,3.2782850826883383,2.914004393988334
45217,pop_1,3.908191871078472,3.165319382863169,3.1437309451681212,3.8342751339680494
45218,pop_1,3.731888933457859,3.221812580367263,3.0728420567005057,2.823192509844263
45219,pop_1,3.4478381135535825,3.6110373993976133,3.0910326644302666,3.1883023754305113
45220,pop_1,3.827397685703576,3.323554006840611,2.8719917746384134,3.211775285989721
45221,pop_1,3.8269307430621904,3.041350965775045,2.8572349421079015,2.692953254907143
45222,pop_1,3.7472401087666984,2.902309077575324,2.9182568628719148,3.571609927657582
45223,pop_1,3.6191593310998043,2.75454129316714,2.6871272381362554,3.193794833416172
45224,pop_1,3.8934125121504395,3.5435693690339995,2.8823987980884214,2.8232246023968095
45225,pop_1,3.9771969398154456,3.11463190750028,2.924227164729299,3.6184285219087267
45226,pop_1,3.8478757620157396,2.936435330717503,3.4108355618141344,2.784752324841494
45227,pop_1,3.5026578020523753,3.3170128348056904,2.8848012980650712,3.558064611823242
45228,pop_1,3.3897086974995045,3.123419849936686,2.805233290167656,2.9634535385200356
45229,pop_1,3.5389609314894974,3.5039624260508284,3.1829273302734227,3.111001472625026
45230,pop_1,3.6976031239822533,2.9887998324228477,3.2293098181272875,3.6612657390605903
45231,pop_1,3.484044826933181,3.486020823958232,2.9956164163744434,3.1365959382114266
45232,pop_1,3.501720812188875,2.799224602971358,2.937335075229859,3.5747925843297206
45233,pop_1,3.4279799923967977,3.4807244178544074,3.059938053068085,2.988557485616653
45234,pop_1,3.66008230379782,3.1179233061897245,2.5386275595198824,3.464748128015733
45235,pop_1,4.05278283745262,3.286793421177534,2.820827425902127,3.363948419897862
45236,pop_1,4.137905913715101,3.227567127920919,3.4266110943218426,2.8611556984390587
45237,pop_1,3.2932261981941022,3.2744748745517973,2.5855010743890072,3.1390342680629857
45238,pop_1,3.6780548999787865,3.2879682989206085,2.6874644228694713,3.1267844255940647
45239,pop_1,3.943489099638367,3.3775731138007425,2.414160999642414,3.153392445825601
45240,pop_1,4.0001055370677845,2.970746646727858,3.0180886323634817,3.308056292548797
45241,pop_1,3.482096012424784,2.663574330459866,2.41900242289149,3.634259940506688
45242,pop_1,3.3739748888200194,3.146435327089487,2.940244728760611,3.2884922683861078
45243,pop_1,3.8278037935714595,3.2268101786343983,3.0299684631340833,3.5276655592741197
45244,pop_1,4.012284214898561,3.2405015031873154,2.846928001022859,3.479850564548195
45245,pop_1,3.8904475410990025,3.0468286604561134,2.8353182065916087,3.073076177206815
45246,pop_1,3.7737663746690346,2.6052998891421177,2.888590360573607,3.1636788135030067
45247,pop_1,3.541322835641304,3.34649402209373,2.7682722551514223,3.0787191152325613
45248,pop_1,3.624489561069693,3.183689155028748,2.912520974244406,3.1785317221757743
45249,pop_1,3.9461977615193713,2.985910338001249,2.6311848012617585,3.250364855717692
45250,pop_1,3.8347707552590227,3.1427332975006306,2.8638940107947866,3.8022195871200015
45251,pop_1,3.8606228043338233,3.336002128517862,2.5361285190414895,3.678759634403281
45252,pop_1,3.6366165223615563,3.6659545732391403,2.759042410173873,3.333773801468061
45253,pop_1,3.7428257492612893,3.2655329298300724,2.677555617221367,3.900942002022933
45254,pop_1,3.8433535059163884,2.8989567014071067,3.141582852904348,3.539486320741007
45255,pop_1,3.025552841441094,2.712959090454866,2.8143355277511493,3.424024038114025
45256,pop_1,3.7969359513259,3.030273689167612,2.953582327683558,3.2199826442195953
45257,pop_1,4.0089967264751385,3.049509544709264,2.7300715135727676,3.480135445422036
45258,pop_1,3.6993101796141414,3.5671904379784967,2.8192968192333665,3.224161099209921
45259,pop_1,3.8439491247055377,2.813064377181259,3.110825613085972,3.3399393446740993
45260,pop_1,3.9074798462636164,3.5300628511070142,3.20636983660083,3.724594178811725
45261,pop_1,4.058806321809496,2.9157112595366983,2.7509022952982507,3.088813901178833
45262,pop_1,3.9576355373465337,3.2528636363469987,2.7905174721670694,3.359721703313243
45263,pop_1,3.508504112506403,3.353344172207361,3.036401786384011,3.334762187983049
45264,pop_1,3.7048991422677457,3.1858520787737836,2.7054908438972007,3.381665700272033
45265,pop_1,4.0548509779759065,3.1829574865111585,3.012856084338137,3.3341713042511536
45266,pop_1,3.835114516365606,3.0187692833688473,2.9198699098171894,3.25898616357464
45267,pop_1,3.289251240255705,3.004647588914662,3.0892287985244478,2.7333028581048593
45268,pop_1,3.4671479351049777,3.0689576843456665,2.8266079429628053,2.959402820628558
45269,pop_1,4.216020861708518,3.603617198413908,3.208721264397574,2.9827989482680994
45270,pop_1,3.4609048419499127,2.8632241092257247,2.9691720721003443,3.3262544021334053
45271,pop_1,3.7927134366533073,3.398597421990189,2.7596144040167543,3.586617317629329
45272,pop_1,3.5949298087712447,3.134243461320978,2.9149624496476103,3.5599345871346704
45273,pop_1,3.2998606036202456,2.957093208179499,2.8713098756812623,3.3079353148137427
45274,pop_1,4.041334403383809,3.4185038654659863,2.372210165661131,3.2800144666725304
45275,pop_1,3.6747368468982042,3.3265089260415257,2.788124361916744,3.1337826287731434
45276,pop_1,3.7432064639568923,2.8848463150165404,3.0527769066322232,2.975579472277164
45277,pop_1,3.54327633706585,3.170490901959834,3.3286120981375955,2.962307047624973
45278,pop_1,3.8039688617332796,3.1218306736423918,3.054616248379813,3.1888251123241216
45279,pop_1,3.2714712682694254,2.9206033339402726,3.3023074456145505,2.509608163118166
45280,pop_1,3.3693352309381024,3.2273350398298777,2.5501551219291074,3.3156192693448183
45281,pop_1,3.5934177030648886,3.230700458048962,3.1089039577546984,3.128472051428046
45282,pop_1,4.210926323420554,3.620696927108895,2.671785136968515,3.574673717095386
45283,pop_1,3.5843182865355385,2.889531065751593,3.030598487687611,3.1348273988121473
45284,pop_1,3.703568910534603,3.137366959578722,3.202011944253817,3.4903961706853304
45285,pop_1,3.521805294655669,3.0607157697089127,2.792097731512695,2.530866047854758
45286,pop_1,4.311118720314335,3.2733188780193716,2.840008105639198,3.2385708811447684
45287,pop_1,3.656667499501473,3.0014037989609994,2.9644391925957256,3.5355719047049834
45288,pop_1,3.7283088126483,2.3651495387015546,2.7973013324739866,3.308678581297537
45289,pop_1,3.873688430706762,3.7993664943655716,3.2016476890757524,3.362852096359623
45290,pop_1,3.9883453167562495,3.350869260793299,2.760584378968417,3.6629289819545217
45291,pop_1,3.822310221084326,2.6421703932504075,3.1172048897025846,3.5081314059977617
45292,pop_1,3.3256627283862303,3.1383797143935306,2.921495129603679,3.0697950121664275
45293,pop_1,4.336698196702707,3.1233853682393367,3.0871922076572615,3.1002480025497037
45294,pop_1,3.6378936422997334,3.3496270968014685,2.8989240551634925,3.381936422040219
45295,pop_1,3.9695953713527907,2.8458646093835944,2.989362265024757,3.100320819236645
45296,pop_1,3.540577814189114,2.949215678801844,3.15590606387381,3.060292469832816
45297,pop_1,3.752034561233711,3.1071343782535377,3.089989292190217,3.1379642373252943
45298,pop_1,3.8569713709355913,3.297816146716383,2.724889144118438,3.440628738809834
45299,pop_1,3.350059256915434,3.339013574399778,2.2475814502243714,3.097378386985693
45300,pop_1,3.6709426068150357,2.846438078125269,2.6139499944115907,3.8569140277656992
45301,pop_1,3.7151805892707435,3.0425858244342376,2.4779380693100896,3.604455732590883
45302,pop_1,3.4475485524683416,3.131547703534364,2.9652450261699306,2.867605506232149
45303,pop_1,3.8069286381003824,3.2076462054507258,2.4506543021113383,3.783022199338438
45304,pop_1,4.147496170630597,3.397165727658364,2.936083754895027,4.045550218386179
45305,pop_1,3.602267808059886,2.844438565340933,2.7355853186840937,2.7961009002401718
45306,pop_1,3.5616943618053685,3.1142563360287863,3.053362709667595,2.974600355523103
45307,pop_1,3.6640421796496128,3.4848594165752593,2.8511737681429756,3.3397149343088084
45308,pop_1,4.0240023566766485,3.040588002218677,2.8625778966230064,3.690563239091415
45309,pop_1,3.4090986538511423,3.878830101200951,2.5784580030939757,3.521949329066602
45310,pop_1,3.7219897532232116,3.449403368720285,2.689082314229928,3.121570875813574
45311,pop_1,3.3234348212349274,3.1670156892499755,2.916657727869901,3.419772063888444
45312,pop_1,3.8166157837609203,3.221652627275905,3.239907291028535,3.222703532476781
45313,pop_1,3.4215490854792394,2.7937528565833905,2.831778601009758,3.981814618761697
45314,pop_1,3.983285086745271,3.6449666416709254,3.0002074960792546,3.2134301908643486
45315,pop_1,3.397381090089044,3.5800242603415153,3.009853692516378,3.5250700874838903
45316,pop_1,4.2266956523541275,3.599915402508031,2.8258358388979548,3.661160040990467
45317,pop_1,4.124963103174645,3.2273783851400113,3.0817265882688316,3.5380630103210815
45318,pop_1,3.7837171966889103,2.824502946633372,3.027740363248661,3.4598817816835936
45319,pop_1,3.924325187471302,3.078024992781034,3.5930492588519276,3.0357922859081694
45320,pop_1,4.2845025431573776,3.2587793682873274,2.6139656541426657,3.55468489763862
45321,pop_1,3.6548045958361004,3.37728779567916,2.812524888020871,3.233816495962575
45322,pop_1,3.4184860993124078,2.863435767540324,2.924887048756358,3.3673602099391857
45323,pop_1,3.2018991659274567,3.4172781711310134,2.916853992555486,3.4309650662854847
45324,pop_1,3.027230457237128,3.193709578026542,2.873396210536084,3.3734142820199744
45325,pop_1,3.531280689410696,3.155240297877233,2.6619967994895792,3.2487659542215557
45326,pop_1,3.696659250519481,2.999192882186474,2.6583840878307146,3.3564229545118356
45327,pop_1,3.3414285581196883,3.751960362135311,2.8988852133102836,3.5222607335421725
45328,pop_1,3.593307563015663,3.1393323253747814,2.719820434776586,3.2984576768946376
45329,pop_1,3.9678798274027836,3.2702371525378187,2.6047282541650825,2.7351711153239213
45330,pop_1,4.027911486479177,3.32257931772717,2.948367643522535,3.0105261483623975
45331,pop_1,3.8888469931314744,3.274787648120343,3.254430917298343,3.1652728847901765
45332,pop_1,3.6418788263499895,2.8822313237561037,2.944336743640393,3.419209763009622
45333,pop_1,3.658366830762878,3.242059250391271,2.990569708608568,3.271991210303023
45334,pop_1,3.974051393168035,3.3569778175355824,2.55109193800758,3.3238991187775344
45335,pop_1,3.7895940818401406,3.2425874974375852,2.932169204985491,3.5645278374551737
45336,pop_1,3.493386410245215,3.267716248554484,3.323271522094351,3.059879943146803
45337,pop_1,3.258460216391188,3.3967135790637784,2.845435956166283,3.2971724826636972
45338,pop_1,3.521028923414126,3.1943076669858175,2.698005970564456,2.8108511247131194
45339,pop_1,3.350243053544581,3.5317055696946715,2.68571270038568,3.342505949927582
45340,pop_1,3.8070925548170464,3.193937789057168,3.28301332835652,3.274568099395778
45341,pop_1,3.7715637330941623,2.730422749978226,2.860945706548181,3.7089459497484705
45342,pop_1,3.640103142553536,3.003017403957177,2.7570311169696806,3.500523506047302
45343,pop_1,3.317023026186559,3.500992430789552,2.460301442880523,3.324749599179106
45344,pop_1,3.3538670771635544,3.1695076664076627,2.9788965485596837,3.491691711353537
45345,pop_1,3.9203461869631617,2.9560697645893494,3.0566184354743138,3.548354441235421
45346,pop_1,3.4325521942773936,3.374338891725341,3.107978101420196,3.3424400234081384
45347,pop_1,3.5315441382578117,3.1880898617182467,2.6940568869360955,3.355942901410208
45348,pop_1,3.8762528182178984,2.924406158681873,2.8866147516438967,3.171483623817617
45349,pop_1,3.801778779359009,3.137493927856322,2.9463300402669526,3.6646538437094405
45350,pop_1,3.899900960346325,3.3779634922066575,2.954550441147424,3.4946491318795214
45351,pop_1,3.652404279855963,2.9945318315027767,2.5122183142236474,3.278688761501441
45352,pop_1,3.647705474299314,3.1530464829692986,2.962025961829364,2.9846130009986545
45353,pop_1,3.6969498356094816,3.3731277692074566,3.1136325929880604,3.3251148436570213
45354,pop_1,4.238653429050052,3.256555944328259,2.764600445059794,3.6397695614239423
45355,pop_1,3.3491223232241105,3.1926099782267774,2.7072872400354564,3.3488826619591396
45356,pop_1,3.936187900722401,3.264089782253183,2.7831909326999438,3.2837728573198133
45357,pop_1,3.296547186471369,3.3085008470515147,2.5188351897348062,3.45232143573845
45358,pop_1,3.467222865627013,3.3255039608289407,2.923076951169532,3.455029754239392
45359,pop_1,3.7801571204099713,3.498828199895022,2.9955904524393198,3.2949608966262507
45360,pop_1,4.377424886321165,2.9781085074149054,2.9256547310423424,3.4294370123615776
45361,pop_1,3.2158297702362844,3.4182946882321623,3.238242524081787,3.019795676871665
45362,pop_1,3.5535807340829035,2.607248891900786,3.370832354411144,3.228331710996804
45363,pop_1,3.675863121803891,3.044426096802869,3.166707896040134,2.9634287898730265
45364,pop_1,3.7577548403861476,3.587224260718048,2.649392134451815,3.519671447389226
45365,pop_1,3.9899376036013647,3.7801501417333814,3.3531878578088135,3.414696786941508
45366,pop_1,4.146579563148229,3.214720128195369,2.9558337072239116,3.5158055919819944
45367,pop_1,3.3999249485587235,3.249156702905481,2.775215155502026,3.593140246498679
45368,pop_1,3.9212150129740366,3.3971175167835814,2.930011755698867,3.272145065364366
45369,pop_1,3.413794389738034,3.2481232702147933,2.854371677118433,3.723482123993545
45370,pop_1,3.534963856654931,2.9518778903173177,2.592125123917104,3.587829178710505
45371,pop_1,4.018976511513766,3.6023778854186803,3.040836606188149,3.0236303906414945
45372,pop_1,3.948657162064493,3.1801816259480256,2.835807666420167,3.8066119789879367
45373,pop_1,3.7345944040129013,3.379521737738803,3.182771348913535,3.022729474093136
45374,pop_1,4.097287749450959,2.8041290163165025,2.7722062793074347,3.4769423459074122
45375,pop_1,3.8758763882773244,3.4015652890567467,3.1554472517353527,3.068956253804309
45376,pop_1,3.6569527373734854,3.1779648703251167,2.8041117706783942,3.144392650721755
45377,pop_1,2.9655595508800263,3.1565954578449165,2.815811738753734,3.538530016287682
45378,pop_1,3.905767173033861,3.6128091311413972,2.7670987202821835,3.3903598099915384
45379,pop_1,4.20502034366334,2.8629077582375273,2.859829264858925,3.607085174859818
45380,pop_1,3.295577449160629,2.9789594880114323,2.8798922906722018,3.525388319311906
45381,pop_1,3.4456133912764204,3.3737882825929137,2.893799911899266,3.068678286150465
45382,pop_1,3.56727288242408,3.118071982800292,2.740733740542657,3.504456582566826
45383,pop_1,3.8139900097756336,3.4772544976580915,3.302103183135193,3.355802207549517
45384,pop_1,3.4920051170194117,3.2544393930452693,2.992911111077878,3.607416451356303
45385,pop_1,4.206473464466353,3.5801802863649512,3.240210186148826,3.3326534958902525
45386,pop_1,3.4055849168822085,2.9613475207006466,2.8835824890564328,3.900499584366258
45387,pop_1,3.176372875850501,3.185793235794904,3.0604152626358947,3.0216219490173812
45388,pop_1,2.9135620056388754,2.9515248994909977,2.983586254085779,3.0917175633553122
45389,pop_1,3.427780192148321,3.077537418452469,2.895630691467213,3.525750769923401
45390,pop_1,3.7004556303696097,3.273487536511295,2.7691095012077476,3.4320913570872067
45391,pop_1,3.396860295608756,3.389761988967615,3.0320073223304957,3.5088750246422884
45392,pop_1,3.9119998501521516,3.0721063495551215,3.370744028873517,3.3786151551167882
45393,pop_1,3.5366753437674676,3.242037241752331,2.5953434120846883,3.3868415151134323
45394,pop_1,3.366233021428931,3.3273246150990055,3.2599969009668532,3.091487229369316
45395,pop_1,3.565976115613149,3.2715651996030872,1.94882262828646,3.6648613685993814
45396,pop_1,3.7663605374936138,2.680673461635945,2.692975543450383,3.68530740166992
45397,pop_1,3.3751176603890185,2.965730057149225,3.0087363502360307,3.6865297530738568
45398,pop_1,4.4335540520403445,3.4496563861479626,2.941672118229655,2.9558505431351434
45399,pop_1,3.540495204523575,3.2318485379519455,3.1265879100845058,3.3704435921521188
45400,pop_1,3.8051821475338854,2.842641476207049,2.5771702178418048,3.543397025793317
45401,pop_1,3.396602906723716,3.1821633145783412,2.6324693343756853,3.8579197367599734
45402,pop_1,4.176553533089194,3.3899554759466812,3.032592375013947,3.7221032907457228
45403,pop_1,3.986265758585425,3.3529026845086993,2.9342470202830957,3.3461988098108346
45404,pop_1,3.6218831702911998,3.3584807107955066,2.738397555301075,3.579287254490422
45405,pop_1,3.3508698316321883,3.3877718546865117,3.144441821761411,3.1031573467572535
45406,pop_1,3.364054639605448,2.7074568745300556,2.918625920781615,3.4841906348942677
45407,pop_1,3.4790957432378247,3.3467854741185223,2.539827462418341,3.4068737988610063
45408,pop_1,3.5470038462162172,3.262599500655238,2.658141932537588,3.2252024779045576
45409,pop_1,3.878443758521252,2.9530367404389084,3.1030124187816948,3.132805082822694
45410,pop_1,3.4786004892210305,2.8715684263019368,3.057748528617077,3.622435816493109
45411,pop_1,3.789679819812426,3.587145906580217,3.1928262481332377,2.7746786274194615
45412,pop_1,3.665438438401552,3.1369407721930047,2.725258041573949,3.516006287334236
45413,pop_1,3.16480302220633,3.134178422827201,3.106242576320526,3.184228148185596
45414,pop_1,3.5468947678219456,3.307403608511468,2.5422744938714885,3.3950300319616105
45415,pop_1,3.834041050838353,3.164889080794343,3.24150890120472,3.187180939634607
45416,pop_1,3.620050365467634,2.8645576359663085,2.6244542820242978,3.476663028835904
45417,pop_1,3.7165826586694792,3.113286178891075,2.651756993278362,3.357027957278532
45418,pop_1,3.9346424269917595,2.5629182159380424,2.923999390854145,3.5686448517596787
45419,pop_1,3.5864730917713525,3.5546806033818235,2.96586534377789,3.714285177198399
45420,pop_1,3.689613886208948,3.261554768877827,3.251796657201634,3.3256066141050633
45421,pop_1,3.9357629456409935,3.4039469614893307,2.6813483726591403,3.3085612235187196
45422,pop_1,3.8410607082150476,2.930833913309754,2.951548303562559,3.4406145316108327
45423,pop_1,3.7536294610901026,2.8372816371426324,3.1955890630294874,3.201984423885791
45424,pop_1,3.7288092539123623,3.1967743045029025,3.2116615019421726,3.0230986260209667
45425,pop_1,3.655486681131119,3.5834048822345017,2.412656235392102,3.5488406097363216
45426,pop_1,3.364500633977163,2.9982050945476724,3.127760943603463,2.887526370955739
45427,pop_1,4.201766722238353,3.292597000913605,2.7403055554518563,3.952954031665564
45428,pop_1,4.077646168972638,3.004218958830437,2.9330923921521497,3.421958347696291
45429,pop_1,3.579862308479654,3.5286993756534537,3.121515632245575,2.9858822221372447
45430,pop_1,3.8335782203715607,3.490056984296193,2.9167590672621064,3.437009092583122
45431,pop_1,3.7527644924783865,3.6040131760923373,3.0834047626022705,3.346908544535338
45432,pop_1,3.573715456299082,3.596585211623295,2.9935568676082376,3.635466757558227
45433,pop_1,3.180795836208979,2.9682070055475522,2.7249165574590117,3.2752659230899135
45434,pop_1,3.3184486470420227,3.05177633508526,2.945498119399404,3.0570469646745915
45435,pop_1,3.8477126060188898,2.8722524548618438,2.936152528203546,3.3232070352389425
45436,pop_1,3.7568686471133206,2.8558877131909113,2.5940114350376478,3.7079867382512752
45437,pop_1,4.030891604014121,3.0538704231148723,3.4668982444260936,3.3706008492318595
45438,pop_1,3.68270302781801,3.2114232921716592,2.9183021618439806,3.5466168916064738
45439,pop_1,3.4967924790189353,2.761856552943965,3.000433093055464,3.0453621960728348
45440,pop_1,3.407201888186097,3.1779050347454367,2.6383344375913413,3.521966394079414
45441,pop_1,3.478048083493634,3.1441476912421344,2.4404746460522215,3.1507861088842923
45442,pop_1,3.785308964494299,3.070387775981218,3.262554914058202,3.700837117095948
45443,pop_1,3.417608542420503,3.0782425301366323,3.416196008469387,3.3153783318885592
45444,pop_1,3.5979045640357676,3.4886208850466165,2.8216475449111513,3.635526771699855
45445,pop_1,3.2749364024911,2.630896603392605,2.8089811418675135,3.1793604129301305
45446,pop_1,3.7095948574334847,3.058624034234863,2.608065404900166,3.607883483222031
45447,pop_1,3.536006705915616,2.9678167715770982,2.954600170526729,3.193282980768003
45448,pop_1,3.94005485011307,3.257001375321169,3.205988830128725,3.359863172379402
45449,pop_1,3.8644788247966755,3.063406060592391,2.705634927058558,3.250746075487934
45450,pop_1,3.8396437655746696,2.922300243522753,3.189315516926186,3.429221397375854
45451,pop_1,3.8779211297947853,3.1639192920988024,3.0726579580171105,3.1699905130638735
45452,pop_1,3.8713181843579547,3.2667796920561147,2.698120071067837,3.4337246085072253
45453,pop_1,3.8785919428048663,2.7789040189199263,2.7646243936649593,3.618137047274061
45454,pop_1,3.8347993238267364,3.4124083732428963,3.206371207305529,3.2046654503760683
45455,pop_1,3.4925162232539964,3.3425011815678682,2.9212068595174427,3.5390226840018912
45456,pop_1,3.8458180006725238,3.090442014015034,3.2172232787761215,3.422856574294592
45457,pop_1,3.6670983508967616,3.050959385864801,3.2503665602480543,3.199748045877103
45458,pop_1,3.638685645783581,3.1378272907693665,3.3107770551057643,2.948501393511523
45459,pop_1,3.600038079729572,3.3687680114303262,2.879431671778655,3.2863241895570785
45460,pop_1,3.9471836157624196,3.351700108949208,2.927151822589829,2.8581818696676797
45461,pop_1,3.725289874049025,2.976682954957601,2.8909495355100794,3.2107390783957257
45462,pop_1,3.496584556498766,3.4454166903638677,2.7420278483291076,3.4703628562712585
45463,pop_1,3.4717466013799014,2.890552218701895,3.3862752364024993,2.7039295308732045
45464,pop_1,4.240256794555544,3.2246988765264906,2.821452815342175,3.7253849529808813
45465,pop_1,3.910021359826815,3.3057035384955458,3.03754602348233,3.4152275444436038
45466,pop_1,3.7931291064856363,2.846640385469573,3.3384137711901,3.4375104976399933
45467,pop_1,3.9977752647594906,3.3719744860564527,3.1483212576293584,3.0776169249899716
45468,pop_1,3.9561694609053677,3.139270918017286,3.4083243400455183,2.932401364056
45469,pop_1,3.5544444260890153,3.4415474306150937,2.9871750740801724,3.7554486182928484
45470,pop_1,3.7336148260789184,2.9090759147887244,3.1016029972522627,3.317120368213741
45471,pop_1,3.599013344383592,3.4304193044022186,2.8525065746824954,3.196066821326101
45472,pop_1,4.053184207641522,2.741012242588022,2.672938539350472,3.4395228052201836
45473,pop_1,3.961825571555732,3.117590644422917,2.6724191188557596,3.6856730195435348
45474,pop_1,3.8910866127866925,3.5500364684738708,2.6838407845281287,3.7578999841344
45475,pop_1,4.034635569789681,2.8930030601187755,2.487837710237814,3.4327537475054575
45476,pop_1,3.6026581080807403,3.379290633347732,2.893832326378372,3.191313189683951
45477,pop_1,3.5389712536856446,2.922064630189803,3.1630226761621847,3.489850381251748
45478,pop_1,3.8237628400172676,3.0573011975961877,2.8407613034794186,3.0283826800380353
45479,pop_1,4.121034801767322,3.5826123647330754,2.7622287399843763,3.3720807105666224
45480,pop_1,3.245949741287196,3.093908937897152,2.814442661689668,3.5665948985555556
45481,pop_1,3.6657150062451125,3.1739886306922167,2.6022111962158534,3.829092112567734
45482,pop_1,3.2895284802278604,2.911912579603453,2.8888194068843407,3.1544047286658037
45483,pop_1,3.5902914218513096,3.0071357980241205,2.876897445727,3.321493083885715
45484,pop_1,3.8533914194698142,3.229960004067023,2.759839063875375,3.6721669730413455
45485,pop_1,4.112021177255965,3.1835284513734514,2.870994690496488,3.3689694212286825
45486,pop_1,3.318309196945101,3.03146748026421,2.776746832820819,2.7722302828038763
45487,pop_1,3.4746205360450078,3.516149960119348,2.755906098117261,3.575754370123077
45488,pop_1,3.5560526580800795,2.87440044738843,2.7540328788279886,2.9672417736555903
45489,pop_1,3.8646963133886216,3.2950050357554033,2.5610238076326683,3.7265387012528874
45490,pop_1,3.561822374518486,3.4006625348193866,2.500310887730099,3.3959251046903773
45491,pop_1,3.572373097530098,3.4427217685764036,2.483734493471808,3.6529436511585236
45492,pop_1,3.820580416966076,3.0967275367235803,3.2876649720719726,2.9437257388333125
45493,pop_1,3.7977889113397345,3.2114755862055797,2.6876817072558135,3.675719191962272
45494,pop_1,4.295640812999843,3.163161528222846,2.7189385663048857,3.478596875523109
45495,pop_1,3.9587333782122753,2.7082879606142627,3.2327677506409813,3.685258286059542
45496,pop_1,4.007737777517468,3.36390605619331,2.853947181480285,3.138794470953195
45497,pop_1,3.815855784361848,2.7991026355977007,3.0062770762840696,3.163878889334145
45498,pop_1,3.583680455736665,2.896443291554893,2.757049932575425,3.4531345840356
45499,pop_1,3.626074403096227,3.663927180958327,2.7093747961133126,3.567947872124078
45500,pop_1,3.854851948646686,3.211625565110426,3.090085207449698,3.400115758078451
45501,pop_1,3.697472032880149,3.476203129974587,3.23524861174592,3.185823599458947
45502,pop_1,3.7362013640108835,3.236088022558804,3.2561165991089474,3.11078014758918
45503,pop_1,3.570041065960376,3.2437466234155763,2.632285558228891,3.5083361972225764
45504,pop_1,3.7060769497966013,3.171893636651231,2.950953648652218,3.6264065928938383
45505,pop_1,3.406130386562238,3.508189674833144,3.03445344202889,3.257072044748846
45506,pop_1,4.050267135772465,3.1660335215383686,3.293977569372852,2.8878647422769177
45507,pop_1,3.733867432803594,2.942965658497623,3.0590961456217607,3.0397198695100807
45508,pop_1,3.4970993000350887,3.1920599302710513,3.1763605463639597,3.206776625328935
45509,pop_1,3.7588522359507452,3.3284335902749307,2.885048953415795,3.103668396376568
45510,pop_1,3.788639861465609,3.2491265585454063,2.707257671261582,3.48592605940148
45511,pop_1,3.3258592633284745,3.1173060144184066,2.791325105684735,3.588186954181641
45512,pop_1,4.14593062020233,3.4770561246251726,2.77088799173946,3.4415356564624293
45513,pop_1,3.3692217518191803,3.2800092374739567,2.620147226962727,3.681752107755692
45514,pop_1,3.840979731298665,2.9149665526251476,3.0204972841970945,3.9953294282581844
45515,pop_1,3.244130442737074,3.0037289756006977,3.073292587329705,3.0926074749643577
45516,pop_1,3.7946092010148713,3.4615124360510734,2.7688598702770904,3.3975392720554396
45517,pop_1,3.8578915269470735,3.1570306907689036,2.6079400049095143,3.607894438019561
45518,pop_1,4.053743238623142,3.3653600864052544,2.9449563353794783,3.5538811782716544
45519,pop_1,3.8703396835928374,3.2440313284512423,2.940391032966691,3.401664506278393
45520,pop_1,3.595458324934008,2.942973795140786,2.7884383659716137,2.986260777054797
45521,pop_1,4.41096460176006,3.5403008804556033,3.059290520964109,3.1466655425706747
45522,pop_1,3.8833154395571676,3.258240625041046,3.1962676342256313,3.213420615317617
45523,pop_1,3.427624639536729,3.1172176782864685,2.708312843289058,3.330688260339635
45524,pop_1,3.619657516050625,2.853140197552065,2.641452475636693,3.147964394382836
45525,pop_1,3.6914738747880915,3.6025629734598463,3.110009578867944,3.2795400501612515
45526,pop_1,3.754546379894519,3.6498198772550903,3.3112691999995505,3.208201864824343
45527,pop_1,3.7382222372169083,3.2646575022471525,2.945794676111414,3.5234953427254445
45528,pop_1,3.7801418351477936,3.3774688997528415,2.8826555873156066,3.283356607308942
45529,pop_1,3.4033449607694775,3.466653443154026,2.616435761659306,3.3521070264027566
45530,pop_1,3.564501383740801,3.1129501279478213,2.850772317362058,3.231193993318511
45531,pop_1,3.731914362834624,3.5001523412436133,2.982416409933576,3.4633286767398985
45532,pop_1,3.3883014038383337,3.117425583701848,2.5758093262168056,3.9668496454093156
45533,pop_1,3.767673815049845,2.802377136683074,3.0263135815028197,3.2222056544686386
45534,pop_1,3.8885458655831533,3.776896500726439,3.1648415874831626,3.602244087298727
45535,pop_1,3.9430348904821977,3.39400872069894,3.0449196063732833,3.0807794055601376
45536,pop_1,3.78579820726325,3.0854064773415635,2.977622790269184,3.565781788078517
45537,pop_1,3.649763519397507,3.2789679640403357,2.946319039754805,2.960244503375269
45538,pop_1,3.5297800932076795,3.1809817101203635,2.883644250577571,3.362719809969944
45539,pop_1,4.183307048170214,3.6861325355387313,2.836947921533894,3.3573848099048837
45540,pop_1,4.099337714108613,3.334748468728296,3.04230339129489,2.7400671784831943
45541,pop_1,3.471670040390169,3.3774418332213942,3.0608423837615746,2.678184144181473
45542,pop_1,3.842613633953776,3.0291361074973504,3.0893730253541367,2.930463479886138
45543,pop_1,3.8924247546196193,3.315815412915333,2.65497154484765,3.0166966611078534
45544,pop_1,3.583775374241208,2.62961020028198,2.85152581255126,3.4099389058243674
45545,pop_1,3.962441447427548,3.1778500229750053,3.00439205334525,3.448994365105287
45546,pop_1,3.5761803842337367,3.3550350556632695,2.9321600916998443,3.6129872195661
45547,pop_1,3.6638171131722492,3.023029024336183,2.799737338599153,3.091893320550814
45548,pop_1,4.181362459775848,2.913036002175503,3.256292520790358,3.451780076209034
45549,pop_1,3.2609838948737515,2.742274217841647,2.944759348802079,4.186319931842826
45550,pop_1,3.616047553805378,2.983962887073074,2.9415833924093113,3.3268170686457297
45551,pop_1,3.9521334341829406,3.1483681819394858,2.8134248607986394,3.679758223038762
45552,pop_1,3.2695126649300335,3.0535197322311003,2.9981517734663203,3.1896808741974456
45553,pop_1,3.7879434995938936,3.422727292458713,2.714465510079821,3.3100984315896085
45554,pop_1,4.123604754410174,3.3795970919110325,3.2043078971232823,2.5549191539833127
45555,pop_1,3.678765439562599,3.574419672617463,2.8719724447758854,3.5263064980235357
45556,pop_1,3.691732385163422,3.675654617663797,2.999309758973649,3.2871559655502343
45557,pop_1,3.985718944787829,3.4032174958467154,2.7346236139684286,3.4185664450311264
45558,pop_1,4.0457071005706124,3.0818790045112383,2.969430746424688,3.7747841731724447
45559,pop_1,3.567687489214715,3.318992129481911,2.841467403599271,2.999283190891353
45560,pop_1,4.13443290138946,3.0841800934783117,3.2940493030869247,3.532730974426602
45561,pop_1,4.15041898679198,3.624243719830193,2.922114576715974,3.673021787283059
45562,pop_1,4.185190636282288,3.2557624935268903,3.2317231615630444,3.4609690777032345
45563,pop_1,3.9967569049939033,2.848562371908071,3.030445190294599,3.066458516951667
45564,pop_1,3.949733525921857,3.4472848395369553,2.9690049559248974,3.6360212335170683
45565,pop_1,3.7370100710356393,3.4227051781863973,2.748620438552054,3.49735272945933
45566,pop_1,3.939440313847688,3.5022543686420406,3.1542625853114337,2.9418146344150107
45567,pop_1,4.107937385397562,3.4238130619788807,2.9420863139872884,3.446805035462546
45568,pop_1,3.582951835986666,3.0770646853386063,3.149653821682605,3.0054628021742174
45569,pop_1,3.089729630770379,3.287744142323142,2.4771826069875416,3.453662112540988
45570,pop_1,3.8311287578824875,3.553325882200249,2.887222426578681,3.784531499604899
45571,pop_1,3.8449554982565353,3.079406090464155,2.7802516733277893,3.7551757532731482
45572,pop_1,3.6686366182956784,3.238175976685044,2.7866437988750046,2.98663966937686
45573,pop_1,3.851977994898423,3.163051495113279,3.098219769009744,3.6262756645110303
45574,pop_1,3.610082523794332,2.967566187114712,3.1417455713738476,3.111245168230666
45575,pop_1,3.767331974539139,3.2819684145636594,2.7450908825631015,3.0388969441133287
45576,pop_1,3.6994224225986665,2.916472441350846,2.97714711445242,3.3339065361304843
45577,pop_1,3.3681948468962535,3.334593865159503,2.661389098223058,3.315182069975487
45578,pop_1,4.082268240270749,3.5119325205948804,2.934830179420402,3.698219036266408
45579,pop_1,3.1274868372957085,3.2060972162719428,2.6531127355378237,3.2430848458676005
45580,pop_1,3.8350339119415318,3.0866762927818856,2.8153499917322047,2.959590419395247
45581,pop_1,3.845058004134912,2.6592449466216177,2.9517257967834123,3.4190455433270546
45582,pop_1,4.036839566779008,3.124408284724132,2.9168723070629463,3.002936221520923
45583,pop_1,3.9690372048867815,3.4316487215603004,2.7764857182009397,3.46420888295509
45584,pop_1,3.8409923242975905,3.006833848755156,2.9003133641290892,3.266784362078971
45585,pop_1,3.9196900296203956,3.285963722002497,2.8801539462751053,3.3528219322601047
45586,pop_1,3.6384781684072305,2.7800829765658475,3.062796816681544,3.7623792451695617
45587,pop_1,3.7202508077628162,3.1502074448009068,3.299748033656476,3.1932907993297492
45588,pop_1,4.282414662317587,3.1175525020350157,3.115331695511055,3.649123923823651
45589,pop_1,3.7185668981821887,3.3015131196809553,2.8224670597673396,3.4585439509218956
45590,pop_1,3.663808395258464,3.2955708860389543,2.764377036122631,3.5431426533926067
45591,pop_1,3.9714142929281215,3.543187781515709,2.4400971829568787,2.9439817310950858
45592,pop_1,3.771238854550903,3.7199694238705834,2.7657816664566877,3.0483474691896855
45593,pop_1,3.8479479786108555,3.2923425563148143,2.840412358799249,3.274217821790471
45594,pop_1,3.486733389901595,2.946400734828644,2.7804952085311334,3.1190459138961177
45595,pop_1,3.7761246059873743,3.126917184032118,2.727574835661177,3.3791039062260397
45596,pop_1,3.4087484726426625,2.792183449719486,2.906524975205859,3.5877305049704824
45597,pop_1,3.383565745814493,3.430847646190718,3.0717412627962863,3.1275588029529486
45598,pop_1,3.8365413912904844,3.151207407858952,2.8930169247883417,3.5175413630165453
45599,pop_1,3.390054580642843,2.9969348947712118,2.664859113245647,3.428282509293542
45600,pop_1,3.9688226071958987,2.926791435779643,3.0180058380466575,3.804041031224517
45601,pop_1,4.075476836344346,3.104340874189155,3.0683879727232313,3.1622411669491317
45602,pop_1,4.06146276044319,3.296067654628569,2.895190517146313,3.333854177955056
45603,pop_1,3.5176273563097307,2.916587882590844,2.701253073510136,3.4222955761499407
45604,pop_1,3.3619559811047344,3.0405997560800704,2.7660018086427294,3.350610728136561
45605,pop_1,3.55683972397075,2.6529232178368574,2.8408268672587904,3.136356334715674
45606,pop_1,3.91503821647473,3.2349443550878965,3.035957138213037,2.8857876207944004
45607,pop_1,3.538373104103394,3.6038014748679887,2.5303017594326165,3.2864138267646577
45608,pop_1,3.6117378788846963,3.624173508271312,2.7425465167409535,3.4477655452131084
45609,pop_1,3.6677530443728945,3.56478446576123,3.356771439733323,3.1646407047819913
45610,pop_1,3.4348357866027657,2.943292887817598,3.008635664575739,3.4732375338660018
45611,pop_1,3.4707763312016766,2.654379076097136,2.8912785362715914,2.972969740981958
45612,pop_1,3.8901668890121455,2.9681508073809484,2.672571246424236,2.9239658892150207
45613,pop_1,3.7100039714640367,3.085122643362637,2.596635459047642,3.5296187968606967
45614,pop_1,3.7094719507216682,3.1613827552436824,3.11018929600624,3.5664145777639904
45615,pop_1,3.641041853510422,3.5815546051616236,3.2568319114541215,3.0618901199195134
45616,pop_1,3.8027691487161155,2.9018743202015145,2.5159980024518434,3.5055171809872974
45617,pop_1,4.343906828409366,3.4877839994622097,2.6510956943173145,3.420227085991106
45618,pop_1,3.703458202085509,3.1197824777563583,2.424144236690148,3.406950963405829
45619,pop_1,3.5855230639382514,3.4093550476748598,2.855560481005521,3.061903443939228
45620,pop_1,3.4006893250186416,3.1681743587729794,2.985265559162911,2.9357395359662495
45621,pop_1,3.4976082234035264,3.1950462773448325,2.9391537810496424,3.245871769683131
45622,pop_1,3.618278742462777,2.9297543912895456,2.632428771316082,3.7488788199261984
45623,pop_1,3.1982040967112297,3.1307171577715818,3.57259413763654,3.255347001171698
45624,pop_1,3.731299909823032,2.976209423565008,2.8948760280646906,3.360143163532465
45625,pop_1,3.610804597532173,3.0213522593389546,3.1120148669172174,3.6585591221958027
45626,pop_1,3.8541022993063847,3.458978698442404,2.883992185301574,3.758449019698082
45627,pop_1,3.4276718346111923,3.0186185072205296,2.8335951953447442,3.1412205447957753
45628,pop_1,4.382793737037766,3.091006868683383,3.015583709897508,3.1875830489712356
45629,pop_1,3.4251963076378518,3.4858026904384434,2.498001098372878,3.514998401675447
45630,pop_1,3.764890987807943,2.834245330027134,3.0184116256516664,3.0296141605196723
45631,pop_1,3.8767866994341635,3.101957179636391,3.0077475966835308,3.139260290168063
45632,pop_1,3.282908696064117,2.7446071474066542,2.940749900049087,3.587007685613859
45633,pop_1,3.7912009334783265,3.0765510600409454,2.8332913319078927,3.3955482837160424
45634,pop_1,3.7348591210997863,3.3469394417687,2.8499123118868366,3.410399761257967
45635,pop_1,3.4305742686988636,3.1058010037237804,3.290818374338081,3.1278873773680296
45636,pop_1,3.6776344403392973,3.1694516644359814,3.3774275509764395,3.0944598455544448
45637,pop_1,3.286336332402179,3.5171332395519763,2.6558939658817917,3.3853250357653075
45638,pop_1,4.1127658571069095,2.923820817834223,3.0987679369892214,3.176935530879757
45639,pop_1,3.314611358762734,3.4695967670884214,2.7697319207591056,3.5482599569300897
45640,pop_1,3.9535192270327,3.227606705766518,3.330047441201224,3.1043483768722444
45641,pop_1,3.803442963630927,3.37344345532696,2.8620237620043354,3.280938125222018
45642,pop_1,3.3298483895441664,2.989397017437577,3.012541920724374,3.5330948616596842
45643,pop_1,3.404983345087383,3.2206607330428887,2.8877984494171356,2.9770066079376294
45644,pop_1,3.6774557913928523,3.194823627276203,3.127619067219171,3.3964127016516947
45645,pop_1,3.5951451316862277,3.299187898710641,2.338688964122411,3.8527305169795714
45646,pop_1,3.6219332642610884,2.8553063966172023,3.016313702385748,3.3515038003831816
45647,pop_1,3.5254959333910194,3.4753632430942383,2.703297924444992,3.319938568622023
45648,pop_1,3.9780437268370785,3.578191236754133,2.86124791108304,3.7873285058989143
45649,pop_1,3.6416046838752902,3.4658339389255377,2.967790366179566,3.1608590094074263
45650,pop_1,3.7914774118799226,3.0284306177993976,2.9224540128970697,3.6549634646517206
45651,pop_1,3.817548685560087,3.2571138307162673,3.2655232440781274,3.5992570888344444
45652,pop_1,3.221496561107397,2.4615605923558443,2.9791128188669274,3.031002118938212
45653,pop_1,3.2311727694322756,3.294090596842011,2.9974530031638413,3.3696150173947936
45654,pop_1,3.226710815827627,3.192380099408678,2.4468220506630556,3.619335552775794
45655,pop_1,3.426476229896981,3.2688836973477433,2.5637277383093373,3.228228837048513
45656,pop_1,3.111563567172112,2.8883141800915157,2.903622054180031,3.1753808629904228
45657,pop_1,3.8264679707304556,3.654971571067203,2.909611550115824,3.3111057817194975
45658,pop_1,4.114095090995232,3.215156171207256,2.9565386441043415,3.0681749908850215
45659,pop_1,4.199276351408236,3.5518098020384734,2.8599172138414133,3.060413028623547
45660,pop_1,3.8088376772268,3.443686585906634,3.048361847917663,3.7895798947914026
45661,pop_1,3.6181184898159304,3.0309273967293007,2.70575812743801,3.260132639472052
45662,pop_1,4.004354972621551,2.918050331777823,3.0647143755099022,2.9202241029264417
45663,pop_1,3.9374221189789234,3.2604200849649043,2.737323124553824,3.024233997320655
45664,pop_1,3.631663865176787,3.0873483907109605,2.9414200077981363,3.145125740877366
45665,pop_1,3.7685232994776734,3.0231965305108734,3.0983470973892366,3.405698431946372
45666,pop_1,3.444062802731458,3.486903053922253,3.0303399049064756,3.299050495685121
45667,pop_1,3.5142726886994544,3.154840394771543,2.7786464389128374,3.3713849800149918
45668,pop_1,4.13052812850671,3.143080565292157,3.0247598622204994,3.1247930526214533
45669,pop_1,3.573067535204922,2.769221519929883,3.2479961645470166,3.3842683639511226
45670,pop_1,4.096916748457623,3.3826402877110024,2.8911048725374053,3.3549033712108587
45671,pop_1,3.684864180731877,3.0935608225794438,2.9003403784292456,3.2208615621639605
45672,pop_1,3.518543964588716,3.0638297949942728,2.816488321534009,3.2122771923879756
45673,pop_1,3.365279450851036,2.831260675938335,2.858894780065082,3.039164657657866
45674,pop_1,3.5108195027783733,2.9397962431003384,2.3917339444811834,3.757739884159545
45675,pop_1,3.686646011675261,3.3008718534432098,2.7852460590436134,3.6141942030046423
45676,pop_1,3.932517152847246,3.6911285604363204,2.65371654986764,3.3407968961849175
45677,pop_1,3.440151016975618,3.4311841121089257,2.8577785989731974,3.14044583270261
45678,pop_1,3.5028645852629543,3.3616832886147328,3.2770166569635366,3.174359953737206
45679,pop_1,3.8429644915942216,3.625749316264781,2.9467201835038055,3.5250313041015127
45680,pop_1,4.053606541066053,3.05251602346883,2.708306308690436,3.8314189552522127
45681,pop_1,3.721957890800799,3.028038167485282,2.878469722405274,4.046508169997642
45682,pop_1,3.5766028412591475,3.0794151806764947,3.2547251265154546,3.482440617685216
45683,pop_1,3.181238994418558,3.464717924108542,3.1725044648448684,2.909625717590133
45684,pop_1,3.436234227207156,2.6853309849422753,2.6402112215990283,3.2241158334298095
45685,pop_1,3.7146773132630164,2.9085192018824193,2.7870897612508196,2.8730848265851807
45686,pop_1,3.806835354765257,3.5430051297571445,2.790427225041064,3.5145344138979655
45687,pop_1,4.006083070293804,3.0368791362553593,3.3254130526745356,3.217104907350994
45688,pop_1,3.304241629660166,3.098290390897469,2.5998834673900686,3.5857486340850877
45689,pop_1,3.5897317703740055,3.247902967394322,3.306951513772923,3.0397599773922104
45690,pop_1,3.5682607556401207,3.133777827297307,2.638031134586302,3.425889808365303
45691,pop_1,3.919325391287065,3.215570284808939,2.5596661762397597,3.661554633713905
45692,pop_1,4.033058350344487,3.09106973634847,2.9902650340023764,3.437583999716301
45693,pop_1,4.332292984346083,3.580618110270947,2.9682877304430324,3.3169637219585297
45694,pop_1,3.730772989918897,2.966543692202057,3.2403575044203503,2.913555956751923
45695,pop_1,3.890812851070111,3.64984478809916,2.4798655020650657,3.1473981707337417
45696,pop_1,3.2955992043841356,2.872498121649138,3.128520073494915,3.3993314255661593
45697,pop_1,3.494456508246606,3.8025170456706108,2.681962638433988,3.3162572636331475
45698,pop_1,3.9162737489716783,2.9331627665261464,2.924914349014123,3.2463179392324943
45699,pop_1,3.7463778429349714,3.2744651008301338,3.0720550154158732,3.316984465601675
45700,pop_1,3.699643027792624,3.6683029727839584,2.727139776799523,3.028940217662147
45701,pop_1,3.635880255222362,3.3368448944250617,3.113850126827667,3.2713112308051118
45702,pop_1,3.6098416553715515,2.8820821162817687,2.9005148045994265,3.516888306097155
45703,pop_1,3.656817664462839,3.0841244988423084,3.2668937508884603,3.1718428782967485
45704,pop_1,3.844591935877248,3.0149047296065876,3.251104780251603,3.0040568379618953
45705,pop_1,4.161855009855504,2.6457883111609557,2.5956106189777772,3.571462065461593
45706,pop_1,4.205472477749622,3.4262072613537344,3.3445256395898495,3.1057892117480006
45707,pop_1,3.89641260502154,2.7893856520500435,2.664996726806714,3.348234394790868
45708,pop_1,3.5520136056708873,2.942069903690189,3.0206377357948786,3.3296680688604328
45709,pop_1,3.832281515620518,3.308822221553476,2.759633692032771,3.1957258008907745
45710,pop_1,3.4468381630124054,3.146261159169675,2.863305085181861,3.0704752547100957
45711,pop_1,3.7510594236935595,3.452948106039943,2.955082079608731,3.6257131984194206
45712,pop_1,3.678191242686403,3.468595325097917,2.9924954062328863,3.2525146762086012
45713,pop_1,4.051785797857348,2.7390170830580667,3.0650261151409546,3.0145514480123374
45714,pop_1,3.7026416865302534,2.9319364706000552,3.27606488137596,3.37302595308441
45715,pop_1,3.692439502458032,2.7915102537463015,2.8954000253244345,3.6541907522705226
45716,pop_1,3.8022014439325127,3.1338024268776232,3.0672328438421683,3.4839741796925616
45717,pop_1,3.9307140208366933,3.3127132000941364,2.594960570219294,3.6088012452798672
45718,pop_1,3.7755593347208274,2.9223279335198638,2.657726933837609,2.9709592375571443
45719,pop_1,3.845491482332905,3.3255533346612443,3.423016179804541,3.3834517478662933
45720,pop_1,3.7350926594583354,3.317190210802422,2.976342361215021,3.826291838351765
45721,pop_1,3.5519083334971935,3.2269092904105454,2.896754456561208,3.616024794420439
45722,pop_1,3.6693387179215167,3.1319546158375946,3.222082488434387,3.012738350641362
45723,pop_1,3.669865143193656,3.138575492445158,3.0181972072992873,3.7291399685425075
45724,pop_1,3.8327199408126633,3.1666190407943655,2.6340867337965754,3.679170027233593
45725,pop_1,4.402458604655052,3.7851294125252215,3.2135284999179015,3.462031358827881
45726,pop_1,3.791012845234853,3.1729428512657454,2.9057029507836236,3.1869134563599766
45727,pop_1,3.806264308747784,3.20869262346295,2.44000313468658,3.2203926754893777
45728,pop_1,3.4924551647215867,3.1488307205662975,2.8764294446553382,3.5542453966303262
45729,pop_1,4.190949732099219,3.1826961360041803,2.9815780361497635,3.863784218504829
45730,pop_1,3.7978469808888455,3.009949644137983,2.734564843648815,3.947908178339983
45731,pop_1,3.6266238166511764,2.8683996055990915,3.1118116373788083,2.6620735963547046
45732,pop_1,3.9722304485495625,3.148739917254147,2.6406850876226855,3.206873413139551
45733,pop_1,3.531372548414501,3.2391851797870634,2.7602715517466425,2.836776434463783
45734,pop_1,3.652439537781388,3.1992244194565465,2.7140282340859367,3.3634606930806186
45735,pop_1,4.116462917440556,3.332820440405187,3.033930153678813,3.448664922310528
45736,pop_1,3.7756339570860042,2.8833399960590165,3.0527940502498576,3.1801041617965424
45737,pop_1,3.7147582139782247,2.963896410612313,2.7764956538462884,3.531256110791934
45738,pop_1,3.6941938086833668,3.578454080615411,2.6977707545726695,3.641472839954376
45739,pop_1,2.888311378111281,2.992221178065946,2.982665585530354,3.3097026997658694
45740,pop_1,4.390263430486421,3.2174609218917323,3.2551496070726853,3.450786716153707
45741,pop_1,3.865738569002629,3.374796865655262,2.7826332080320526,3.4537874455576367
45742,pop_1,3.438543049272278,3.2866378995754046,2.899889280816105,3.407391150402542
45743,pop_1,3.546663735680053,2.8211892931090703,2.5340525330117445,3.380247379453399
45744,pop_1,3.825772215941791,3.4328359968401614,2.72817892922169,3.64619274094702
45745,pop_1,3.6399358914840727,2.174323862464218,3.0010102468209667,3.6339656221333874
45746,pop_1,4.039170793488201,3.4078331861155697,3.0092152889750667,3.315534627890315
45747,pop_1,3.2876453023791448,2.949264618443068,2.632264873423255,3.3700505553904874
45748,pop_1,3.818707304591995,3.246746537845918,2.609201594459676,3.267506779820666
45749,pop_1,3.6750817163547826,3.396922257014396,2.715287166339861,3.598198388821462
45750,pop_1,3.5782294827290713,3.526531943837784,2.4645321803737956,3.954635714460563
45751,pop_1,3.5635205407583626,2.7043964633343665,2.3986342708269524,3.173911357668926
45752,pop_1,3.2402562115261246,3.413585829904398,2.763161969682869,3.1888187634857426
45753,pop_1,3.284799421876027,3.110002529888151,3.082950211798566,3.100492573251795
45754,pop_1,3.5831220975140483,2.8229886978900423,2.863176388963137,2.976778005015495
45755,pop_1,3.6571443227695686,3.433698762473326,2.920530024569037,3.0459456333050423
45756,pop_1,3.9453352607630734,2.8168640060562415,3.187565111698712,2.8894066319639733
45757,pop_1,3.420962864045964,3.446541172699781,2.8079384332882107,3.715724263703304
45758,pop_1,4.136118583949435,3.2456823533033585,3.326843211907627,2.963979408211361
45759,pop_1,3.696933316454939,3.11559887099028,2.794571792316621,3.9058976981895253
45760,pop_1,3.9977166207503365,3.4032573333617897,3.290907860744001,3.6104090079533813
45761,pop_1,4.181008793759075,3.117101987649734,3.0211268078466684,3.1139091928878826
45762,pop_1,3.5859113666380473,3.4602879221935448,3.085891997103087,3.4040981997738626
45763,pop_1,4.199401330324976,3.3050830268030547,3.0959759309871657,3.3483967484533355
45764,pop_1,3.613759232121269,3.2252956126574883,3.2773115285973184,3.1199809013457713
45765,pop_1,3.6075532153203866,3.384875539153053,3.330339609490585,3.6171223041579506
45766,pop_1,3.4527302848314596,3.1645067251896326,2.86532721665343,3.139317624892612
45767,pop_1,3.4669071052275635,3.1984098519771886,2.9987519940557523,3.1441017827946403
45768,pop_1,3.5051505141965795,3.449451026621286,2.902240645436838,3.148267276236041
45769,pop_1,4.073563742920117,2.8279655496709193,3.228520894442044,3.2121162942637413
45770,pop_1,4.457216772177264,3.1808581856404676,3.1832163566309033,3.083353855310568
45771,pop_1,3.549411592021873,3.1983384472993035,2.8741090785202617,2.9307271878988077
45772,pop_1,3.3272684687946743,3.098798902804576,2.9254674745583804,3.381596228595719
45773,pop_1,3.267283015879369,3.1237105172348563,2.43742402333888,3.3491767190365733
45774,pop_1,3.676107121970562,3.3018406654448618,2.7251073083415505,3.579373736397544
45775,pop_1,3.561388703267379,2.988652565465964,2.7575617270243384,3.4999733226535787
45776,pop_1,3.1058389097072534,3.003395152205449,2.4280342748022155,3.0462199587451124
45777,pop_1,3.6633713466777467,3.046248041664787,2.4531641555086168,3.7532294532483945
45778,pop_1,3.6659650363097986,3.6618790820631695,2.5982881683944794,3.586897089336347
45779,pop_1,3.4362524639294234,3.56713479786744,2.8701722276492876,3.601276336213296
45780,pop_1,3.4591210949175153,3.3357224405380053,3.1170027412957335,3.2825990693498563
45781,pop_1,3.4677222174112345,3.362666214562509,3.052713798527719,3.1604227058636756
45782,pop_1,3.988288505017227,3.0843932765442346,3.29887440673748,3.1170927823814463
45783,pop_1,3.788082599457252,2.6648778186700666,2.6665516212259224,3.583079171073484
45784,pop_1,3.678667506044618,3.042538692150357,3.1692285380230985,3.135629297467031
45785,pop_1,3.710310456643215,3.238657592414543,2.730986528671201,3.547976545367901
45786,pop_1,3.6922600415841527,2.604735187832821,2.5845954598216885,3.265458671110099
45787,pop_1,3.6775543744716126,3.2706356325889367,3.108869065947914,3.2875223600382735
45788,pop_1,3.206703019124826,3.2553540571059747,2.2949498493824394,3.784233397382442
45789,pop_1,3.076991032486356,2.9755189530964747,2.5719922970323412,2.8559461182019423
45790,pop_1,3.3524121895249523,3.1082978859305337,2.1524696007014423,3.6454439727134353
45791,pop_1,3.698720860415315,3.1878573994055017,2.8215668510086807,2.9996945187732202
45792,pop_1,3.9956878916147467,3.2759206961678538,2.9749718176155526,3.5670012207991926
45793,pop_1,4.445258006243558,3.5987573085704,2.934346297006978,3.442353607921679
45794,pop_1,4.023626738896637,3.0187629375599965,3.0658392298836277,3.668502695906788
45795,pop_1,3.642579628227407,3.4576867372794546,3.0464317632686386,3.1787553521203593
45796,pop_1,3.811608792103137,3.4664900350619967,2.7353531444825405,3.2541412575551565
45797,pop_1,3.8777162076688625,3.6098660956091684,2.668299360880492,3.3544662051435634
45798,pop_1,3.459640322887099,3.191043810921418,2.6089175062033827,3.517625703127243
45799,pop_1,3.748484479018076,2.868357342098816,3.16292105768733,3.414939781478662
45800,pop_1,3.6737462727550736,3.296178386339139,2.8945602984790426,3.485452940442417
45801,pop_1,3.7006589566473087,3.403003238079506,2.717239970470827,3.336429680068277
45802,pop_1,3.643128151057858,3.399473949995009,3.497187903802778,2.866698664221901
45803,pop_1,3.917560142963672,2.887227298900174,2.804127274024887,3.187289674624065
45804,pop_1,3.401279216618178,3.396850504496789,3.4349385182214243,2.9956310122581495
45805,pop_1,3.830299302344691,2.923582411551369,3.1615390057540336,3.0717005955227434
45806,pop_1,4.08514902365757,3.1574142045237714,3.1820956627168044,3.005216389496623
45807,pop_1,3.3915418841360836,2.662149138923082,3.199200356652177,3.036336847107379
45808,pop_1,3.873377857037406,3.0772565238128218,3.0013682594861972,3.1953712429624765
45809,pop_1,4.192624433908331,2.9187330141691357,2.757923027090286,3.560242797139166
45810,pop_1,3.6718918871620354,3.3562648245447524,2.8799628658304375,3.5022469960355824
45811,pop_1,3.5212496743851744,3.1719263944564466,2.8437384488485873,3.921879953236388
45812,pop_1,3.851259059184972,2.803997600550316,2.7815373446597857,3.4446899344270396
45813,pop_1,3.771021813989799,3.1973622671112403,2.9694584912832425,3.298439005166975
45814,pop_1,3.6145495395757927,3.2017793185320755,2.9657986950236706,4.018170249333686
45815,pop_1,3.7368175860048174,2.7990406911665415,2.703478752827513,3.659166943385835
45816,pop_1,3.604433981843673,3.3117266733859294,2.8760425133897076,3.64727138254077
45817,pop_1,4.166601951235314,3.219391875151865,2.9086976343713395,3.1288755525222154
45818,pop_1,3.260970254240428,2.6902196532577896,3.057248848963017,3.4277299638924115
45819,pop_1,3.803203264731558,3.3484289424872964,2.9704509020830696,3.167618465514324
45820,pop_1,4.161629102286707,2.6795042649899963,2.8224737254489813,3.3784954600164494
45821,pop_1,3.7851122610617285,3.234569820204601,3.0460652499324348,2.9444245156892697
45822,pop_1,3.8592907879891287,3.8695645493849944,3.172262745173062,3.737308498795197
45823,pop_1,3.6869512136837352,3.1556619799422223,2.7918775077880724,3.5199827130625136
45824,pop_1,3.6104340416971734,2.988098638276176,3.0010431747343227,3.5852263298018427
45825,pop_1,3.422181728352402,2.381427268862377,2.601834516764013,3.0670220739882943
45826,pop_1,3.4033901448956017,3.3634311666306176,2.7023516698912715,3.7874461136762214
45827,pop_1,3.522037912603135,3.1424458299482514,2.9160239015300995,3.6516421827114067
45828,pop_1,3.7883175642846862,3.1160086521869754,2.9012148465523575,3.1306199704526443
45829,pop_1,3.5734759372429177,3.1660146260435136,2.5322097070758955,3.4521337389435653
45830,pop_1,3.6539988410108433,3.401157909627691,2.7174672318567783,2.9644645231448368
45831,pop_1,3.5688721427273755,3.452498730854165,3.218697309121437,2.7491850424435267
45832,pop_1,3.6608481367859764,2.9714227679895355,3.11466342326253,3.281723672900047
45833,pop_1,4.127366777247558,3.120606856629421,2.933336985452205,3.1620153500386112
45834,pop_1,4.10818493890026,3.1111546561668857,2.694241778169324,3.6368621617138004
45835,pop_1,4.097418483687617,3.406648811911071,2.8593278439300773,3.7266539759655917
45836,pop_1,3.3435279518297665,3.011101030530828,2.626658045090194,3.3337987998251077
45837,pop_1,3.576240246549153,3.5097520963917326,2.717185750011637,3.4557285366798305
45838,pop_1,3.5096551805962943,3.1717496678393506,2.8393217992228537,3.480597374209165
45839,pop_1,3.6555353168787,3.1798228087971117,2.7317839717072374,3.505976765131967
45840,pop_1,3.376660661485826,3.3222181332428775,2.6324454363041547,3.311964818152362
45841,pop_1,3.383600820240018,3.103286851231912,2.8754660790785023,3.1084817216483445
45842,pop_1,4.171721711453692,2.9677642680413374,2.80254991687164,3.147830305039256
45843,pop_1,4.3360982010034474,3.397978486139236,3.167523370878204,3.2567034465857554
45844,pop_1,4.649887205022557,3.8767149968523444,3.278193405875482,3.367483170489269
45845,pop_1,3.878910308664394,2.802145064339907,2.900129340087189,3.3654107661244073
45846,pop_1,3.661233245803544,3.0908070861248125,2.7972044003156156,3.2736890775273446
45847,pop_1,4.073421536320022,3.5741317327832784,2.770912069586078,3.333301895911748
45848,pop_1,3.4284846129243367,3.3699562667064415,2.7854837563796675,3.5670533218460507
45849,pop_1,4.050325529409534,3.0835649824368345,2.9718255788688115,3.3249585031029234
45850,pop_1,4.042793211609047,3.3986835466217524,3.113970649911918,3.030191310116085
45851,pop_1,3.715004900631986,3.3034850985450754,2.6547722964437748,3.7260206956389768
45852,pop_1,3.199570231756936,3.095843283801937,3.366959053913992,3.1949643022244905
45853,pop_1,3.4789419721677395,3.161675715943829,2.73269436196394,2.974837795764395
45854,pop_1,3.691708055237071,3.137680562964432,2.9451064163156726,3.4053201141820404
45855,pop_1,3.6372134678533983,3.067908880792412,2.8797195808204994,3.3260130357291517
45856,pop_1,3.7024310710654715,3.6224848221133836,2.892991260800741,3.007591060803336
45857,pop_1,3.473534764586861,3.620125852481858,3.130182457948692,3.4061662893329174
45858,pop_1,3.1295616027356514,2.789723567160082,2.991162266145911,3.2214694688616667
45859,pop_1,3.4316507333633055,3.350216894206999,2.5631494824786984,3.1755957857602906
45860,pop_1,3.453514360443602,3.0753356222346246,2.8716645143124633,3.0467894956859136
45861,pop_1,3.521281241703879,3.224109516007434,2.923044781228422,2.934301257092974
45862,pop_1,4.037082983103784,3.1788677289700265,2.713995105979412,3.658976300572405
45863,pop_1,3.2286545769106847,2.9205070975053133,2.6234902062439387,3.3275538761839236
45864,pop_1,4.05701965111405,3.703218221949104,3.3051072384366824,3.122929951870855
45865,pop_1,3.9446936363128287,3.4512258871018284,2.8386944604615483,3.302715556204601
45866,pop_1,3.5717380679080812,3.3854354479959574,2.942980791181357,3.271926973044846
45867,pop_1,3.864768052583658,3.4634200728817754,2.787037343983662,3.558966990291309
45868,pop_1,3.895866006768938,3.1488865870321825,2.7132858110382787,3.427366990561103
45869,pop_1,3.6652376554130526,2.9218647691532413,2.755100604611708,3.4693271463189563
45870,pop_1,3.896882155383167,3.358784087238036,2.9710128916137273,2.8101047448035104
45871,pop_1,3.582468638523343,3.1429787066882615,3.0000362701698324,3.372928871303834
45872,pop_1,3.560826221401974,3.4435275647410255,3.193619752237885,3.432295136593162
45873,pop_1,4.13677710853377,3.2197671865875286,2.919645962915853,2.8662061255146978
45874,pop_1,3.6165495483083556,2.6872702596803286,3.0110338624969635,3.283150820286392
45875,pop_1,3.493160309813131,3.0908683665670957,2.478255984749486,3.6361602310191046
45876,pop_1,3.567275757556279,2.795034152134673,2.8386767359365206,3.1109789985269485
45877,pop_1,3.6416083632813856,2.5686783073987622,3.0764317302887507,3.68873872659119
45878,pop_1,3.668532351960228,2.8027202627524987,2.6485015675500465,3.3185809727148037
45879,pop_1,3.7313937971292295,2.9087088499215867,2.9651091606786757,3.459829282992277
45880,pop_1,3.7999162457179376,3.1501329577527915,2.8146552365605757,3.3826384993293956
45881,pop_1,3.581578206080837,3.298094458048342,2.965112800238935,3.331770641679601
45882,pop_1,3.6473505791798777,2.6496885661930345,2.984978722922365,3.047137794952112
45883,pop_1,4.168621070578608,3.036607211307616,3.1794717830047956,3.6356029664189835
45884,pop_1,3.3495661035152313,3.1725009140927445,2.8699875041257172,3.1649321020912384
45885,pop_1,3.9948946297132597,2.8933072344708326,2.878954173832276,3.4900563172850894
45886,pop_1,4.083975193977937,3.272600679091522,2.8912704821836224,3.4196183514023937
45887,pop_1,4.063617092664573,3.003899880617738,2.736407245304282,3.4461286705592866
45888,pop_1,3.443406976301443,2.9809725026686897,2.7642162673600783,3.4444982190756916
45889,pop_1,4.112653057161681,3.825972507222656,2.9445597745918497,3.1588372606660773
45890,pop_1,3.556955314951513,3.1579219832015024,2.764623680832719,3.090371293565952
45891,pop_1,3.5468990875846536,2.5792404132527977,2.928244604084497,3.3567600363191765
45892,pop_1,4.08552068404388,3.079395158458947,3.2118596113241136,3.2954972153874005
45893,pop_1,3.605606036026385,3.2269803367643726,3.05782195221487,3.1558401076398854
45894,pop_1,4.090644115816241,2.8754526200281845,2.519508926908747,3.619201185846357
45895,pop_1,4.016655182431642,3.2866520550161744,3.048180914162574,3.059548995730412
45896,pop_1,3.533778616175634,3.4068461623624935,2.8871668774032546,3.4335928779823672
45897,pop_1,3.5134705389753758,3.18993748922087,2.761535879525958,3.193654281514929
45898,pop_1,3.5748467465526335,3.4988640216013485,2.8216713979960653,3.073987839383911
45899,pop_1,3.5999137663312597,3.690467927193185,2.8003723524253417,3.107431245059755
45900,pop_1,3.8690912575081167,3.2686766641359637,2.6027962380782816,3.2811429214087524
45901,pop_1,4.212762936765731,2.9126711432621595,2.9384636929804078,3.3772961433340796
45902,pop_1,3.889720612276957,3.1944874778209087,2.9451991351804137,3.2792458702365335
45903,pop_1,3.3801581649258488,3.7529681733199354,2.7520600553229366,2.911608296623177
45904,pop_1,3.3652638914004784,2.4039692615504045,2.589879217821761,3.1862684392156746
45905,pop_1,3.818107307325248,3.3427122004044914,2.9970052205830893,3.256437515952249
45906,pop_1,3.7971055336794146,3.5825611343492474,2.9077804886081644,3.3986003180967823
45907,pop_1,3.66205961574481,3.12847162944723,2.914795432622736,3.665085897844053
45908,pop_1,3.927769329460412,2.662605578133208,2.9080517443114413,3.120466801937893
45909,pop_1,3.8521142304384655,3.185222013630107,2.8436455486437984,3.289876417973945
45910,pop_1,3.740473078753873,2.9724969146666282,2.835313937878768,2.9917806736718875
45911,pop_1,3.933577147992989,3.134879794447902,2.4945857668696765,4.013552480806514
45912,pop_1,3.725803784382698,2.7993081630447896,2.676532145159417,3.2499281771742563
45913,pop_1,3.477706036729189,3.372159345004826,2.9606510793112495,3.117936126630106
45914,pop_1,3.2217611286199674,3.4955422252888013,2.864118754003261,3.33313018809485
45915,pop_1,3.65784015174946,2.8006161053752208,2.6964139334083694,3.18315899756312
45916,pop_1,3.6916729854328114,2.7835376842810504,2.7431668215655396,3.2616558197637002
45917,pop_1,3.584006416679417,3.2004123880992643,2.6683967024436717,3.0055197057433016
45918,pop_1,3.259642139577328,2.99976517525666,2.972291252499646,3.177516311108428
45919,pop_1,3.9195563175739148,2.7550200713202844,2.7510557799342865,3.7948415120133148
45920,pop_1,4.204319786397841,3.096246548309037,2.8250488280304853,3.0144009234446028
45921,pop_1,3.6636888583870197,3.1285382981625616,2.81580928977065,3.1435085810563868
45922,pop_1,4.0484824328963755,3.7606577302806943,3.1486352103406,3.669402742937821
45923,pop_1,4.105598774072166,2.8544865330170452,2.76434375390662,3.188197337515709
45924,pop_1,3.776422373833005,2.872479965870133,2.7524019578711694,2.929030429839007
45925,pop_1,3.3557491599779934,2.7138450526407407,2.968890032739048,3.3055677297602286
45926,pop_1,3.3871823047771077,2.9404591926331367,2.9054388106692435,2.810952644413111
45927,pop_1,3.73636447523664,3.2759773097659703,2.934170503277324,3.340796566479047
45928,pop_1,3.8283834141765203,3.0616825831728467,3.3626621337149007,3.14341632547108
45929,pop_1,3.957639632738944,2.969931670930697,3.0751396808394893,3.0172115826834736
45930,pop_1,3.617910976274907,3.1266925012090425,2.779926648434577,3.086803416470088
45931,pop_1,3.1645033593588834,3.4373129022081623,2.5712635588048744,3.357190768669867
45932,pop_1,3.271865377349422,2.865427476051917,2.533710081397265,3.635166168898645
45933,pop_1,3.389452836227934,2.9812678764413723,2.8755581941523394,3.066920265502795
45934,pop_1,3.560896152164149,2.9912199204699377,2.9494215402506225,3.1100716022200623
45935,pop_1,4.244439477464005,2.959533619531223,3.0241169245725392,3.10943293149081
45936,pop_1,3.645275884310772,2.9680950030380497,3.1196812460013126,3.351842530370635
45937,pop_1,3.737387604843264,3.175104765338839,2.6135973885768493,3.6449799311442903
45938,pop_1,3.5324519790338176,3.498702917149465,2.7920994912754082,2.856975311174143
45939,pop_1,3.303157895075353,3.2295441812733903,2.778547528494028,3.621885249130589
45940,pop_1,3.1913127044543907,2.4443742392415237,2.9543256841389014,3.125773686108139
45941,pop_1,3.839831104829771,3.023885576100887,3.118825216399841,3.316803915846503
45942,pop_1,3.800883946775177,3.538548268498102,2.731323992501338,3.156294149107303
45943,pop_1,3.4606358955538328,3.1029685707502903,2.7880525769943256,3.1622425823755087
45944,pop_1,3.1590843339048753,3.2156611274781906,2.633217403253809,3.3436794675164503
45945,pop_1,3.8414042236485435,3.1383356488463567,2.799332904424096,3.49686424493952
45946,pop_1,4.048167919590684,3.4439215845627897,2.733083148987092,3.247287435458423
45947,pop_1,3.426282078182142,2.7512614052843083,3.1080866547998314,3.3383846891408377
45948,pop_1,3.5458122178874243,2.8861920563728467,2.986211982906233,3.271644713147328
45949,pop_1,4.190989467650918,3.4546598134255624,2.9927823912301252,3.6264850580192602
45950,pop_1,4.020555949454598,3.0494355221559393,2.8822109806944542,3.424295540880498
45951,pop_1,3.98757239810883,2.6749914321906614,3.0843297282473343,3.021903297161942
45952,pop_1,3.3688430152978603,3.147248839321325,2.7895828575997457,3.668074218688705
45953,pop_1,3.4787525799115713,3.236419534395439,2.8330211994058443,3.645231648070376
45954,pop_1,3.6910320399030128,3.3139715627602717,3.015187853531597,3.9383241704757594
45955,pop_1,3.4664221562458146,3.0529982079649853,3.18356945503639,2.820943294503306
45956,pop_1,3.5494952741902024,3.2554415704404285,2.7911606394717845,3.099303124025809
45957,pop_1,3.943243601838101,2.8509983539188637,3.3447874552778893,3.175496116505872
45958,pop_1,3.6977000501756723,2.704125902714675,3.04555274121069,3.0806744518859617
45959,pop_1,2.9585179786892257,3.3278018548715274,3.1480728710340595,3.153136149929686
45960,pop_1,3.5939478378251675,3.005012421791581,3.555863940131364,2.771931256100105
45961,pop_1,3.359084349777556,2.7623982846323725,3.1070970964481686,3.2846453819682977
45962,pop_1,4.319185411992798,3.176911242777548,3.1286549337578493,3.102119575768565
45963,pop_1,3.8466265484097293,3.63736498920407,2.8282478030312928,3.2438444477357113
45964,pop_1,3.6075418700683217,3.3453498926593137,2.7942683891124434,3.31885865489515
45965,pop_1,4.099405808957273,2.8807194728070202,2.577784892387349,3.634175346134892
45966,pop_1,3.75517184873079,3.1530846702506565,2.965355819707421,3.2521758214568948
45967,pop_1,4.002124714269256,3.329004543371038,2.6051281998753146,3.4775913516744046
45968,pop_1,3.898998900463512,2.4542402764133557,2.600663798290714,3.7143091208133105
45969,pop_1,3.3924856349517736,3.295358716621255,2.7253691573704035,3.229205697499469
45970,pop_1,3.594067651074026,3.3558855857305776,2.9657721775074086,3.5468789037760033
45971,pop_1,3.8206388668334985,3.626041340205156,2.359281001977301,3.3573096280166155
45972,pop_1,4.097905665709385,3.6187682176840257,3.186646554003808,3.169658795443209
45973,pop_1,3.9868341027407146,3.5623192970815922,2.7768962844336333,3.596587733334907
45974,pop_1,3.8980636015025705,3.0387406162688286,2.577169923878098,3.358165649842718
45975,pop_1,3.7656478304968912,2.916855115571398,2.7329494458312547,3.3199299998873313
45976,pop_1,3.548053926424879,2.8640720423070665,2.749302647330012,3.1100423575711305
45977,pop_1,3.8411172591334086,3.1971678572306814,2.8175089662686026,3.618977734772414
45978,pop_1,3.5591891037809638,3.206341314309218,3.025810925395086,3.182156543230596
45979,pop_1,3.8704614754040505,2.8476156867178197,2.7855344058693112,3.122618899123228
45980,pop_1,4.171611849303385,3.4010612969558367,2.739021184709335,3.3630565671202244
45981,pop_1,3.531433713062655,3.4203748196293957,3.137182977274205,3.0503383513991507
45982,pop_1,3.6338123548931223,2.682075180373043,3.078263293718297,2.967376565936531
45983,pop_1,3.742745865219596,3.086917707227983,2.4545585518303197,3.7714726301874126
45984,pop_1,4.310196766963866,3.1825453065567486,2.4468366634239103,3.4646130861049973
45985,pop_1,3.5528830809693166,2.8624091864654355,2.836526722717165,3.134475883773831
45986,pop_1,3.593038112992847,3.129422936758273,3.2327152031873614,3.317855603131587
45987,pop_1,3.713129862458119,3.050414363323015,2.6619939846077214,3.765289910190037
45988,pop_1,3.5347531307629456,3.353829710704073,2.946264479667707,3.384162240226847
45989,pop_1,3.6339779667046894,2.967923511311464,3.0342778765490634,3.509693087657945
45990,pop_1,3.337229286022157,3.406917864931527,2.4705154108677525,3.234800717250641
45991,pop_1,3.9494456514464793,3.2348426439587112,2.8128535273790387,3.598701097861687
45992,pop_1,3.7196123343324854,3.302641824914492,2.8074263252679152,2.9256501255538585
45993,pop_1,3.5168640034636756,3.289789359221958,2.7632669792367737,3.5121473419363802
45994,pop_1,4.067367787462813,3.476907460321133,2.8099354226641444,3.475046993627329
45995,pop_1,3.395345578116149,3.260007110470327,2.7893635663468994,3.699953832074219
45996,pop_1,4.008579233416718,2.942645248411583,3.0894740152532743,2.9601241150295845
45997,pop_1,3.296299857589805,3.4467886085612416,2.767638525301409,3.041573058091562
45998,pop_1,3.5343793375506034,3.518982248466809,3.0098799146697215,3.6331042554978215
45999,pop_1,3.253285821034923,3.3086608747168573,2.874127817839549,2.7829197683308977
55000,pop_2,3.182255816178215,3.439657656544027,3.085824425594006,3.404002397210501
55001,pop_2,3.1212859852651453,3.6836411677429135,3.857973551160648,2.9201688835545285
55002,pop_2,2.964970858679393,3.643036508102935,3.4444446255143157,2.9571719265626917
55003,pop_2,3.4902422002800355,3.4781682864308836,3.26982123648393,2.6941206726672746
55004,pop_2,2.709466560005716,3.479785983551981,3.375307852959413,3.691534936383906
55005,pop_2,2.99505500824691,3.3609328679293737,2.9802065615447977,2.329270335956574
55006,pop_2,2.588964925130901,3.464966865441044,2.9647194749801264,3.0636457389854237
55007,pop_2,3.0734889979907716,3.4578620059307785,3.5807332357582062,2.709195603220415
55008,pop_2,3.157873091068135,3.2710396767651577,3.1979403516284544,2.3858629349748903
55009,pop_2,3.2401833300149225,3.7908620757555207,2.809053480780959,3.114724476923835
55010,pop_2,2.8419754683629876,3.2918779214291045,3.0226785014350166,2.4689374249904628
55011,pop_2,3.221270926020596,3.488742923205799,2.835675941038557,2.5496976533311297
55012,pop_2,2.63600445840293,3.546636016628966,3.450611066124702,2.86333450981619
55013,pop_2,3.409438576514879,3.833804497803669,3.8573511001315595,2.7072560473477125
55014,pop_2,3.1640592640112986,3.1935772059925243,2.8844362065295153,2.9597615411571407
55015,pop_2,2.9034789567602948,3.548247499738698,2.966098796113298,2.4826153742571715
55016,pop_2,2.8832486946484246,3.5559586815358055,2.636058232752658,2.653779264242349
55017,pop_2,3.0065978297296416,3.342158893496623,3.0784735499102833,3.2039596892726263
55018,pop_2,2.4633787047680373,3.6736244657748878,3.312373608847746,2.4428031478718424
55019,pop_2,2.6912253475903354,3.4008331236675495,3.280059699553801,2.452266759625798
55020,pop_2,3.025155033911777,3.699461898828995,3.31292016360325,2.91518479972127
55021,pop_2,2.836600408109057,3.332484141632276,3.4292514775982625,2.612090956138384
55022,pop_2,2.8349837700991465,3.3161617909883208,2.7339777835289985,3.208150790652663
55023,pop_2,3.156680663177466,3.4051315451815274,3.2437923690648325,3.4086866542371497
55024,pop_2,3.3355154280031734,3.4279480819609804,3.1965230580667625,2.767096983599998
55025,pop_2,2.9228651867820923,3.9747190506571526,3.2586594447990898,3.007794013209118
55026,pop_2,2.7085911295434437,3.4804666938762967,3.234720763294563,2.8378385389298337
55027,pop_2,2.952149663044088,3.72469457586797,3.5968236057848055,2.2956123916571607
55028,pop_2,2.926276178110907,3.138160433740965,3.071930378248016,2.791841861746778
55029,pop_2,2.9309171854896414,3.660194828412475,3.615221966747286,2.6293358266275875
55030,pop_2,3.044243443814852,3.9298025535002834,3.4247560376302446,2.6126864478962903
55031,pop_2,3.032422631660343,3.3742768375807084,3.264973128516923,2.85656984827597
55032,pop_2,2.902284300709181,3.6320860700581497,3.3662169706687197,2.650127816952025
55033,pop_2,3.0211456213879773,3.1923404764063754,3.5294389383709577,2.6298318259750544
55034,pop_2,2.7245799094388032,3.38301985705255,2.8472074669269585,2.9962315998523543
55035,pop_2,3.2878781667024755,3.5501893115977667,3.5354766086292706,2.6784167884917487
55036,pop_2,3.0781030248929295,3.3150904776175003,2.8481455754161726,3.4499930338473566
55037,pop_2,3.077982625410636,3.85247180868518,3.328215252297226,2.3032752471587057
55038,pop_2,3.3780396093604312,3.4242798279931796,2.8285993559698848,3.289658431966094
55039,pop_2,3.0562135819225396,3.6062187632927714,2.8651215448778853,3.289423144189945
55040,pop_2,3.026498304767036,3.31727099596809,3.25779419443805,2.9183445603129896
55041,pop_2,2.7928319189678654,3.4298116620098806,3.402967443177282,3.396187433295349
55042,pop_2,2.9032148104301965,4.048402620737373,3.374456824664836,2.3222884394287293
55043,pop_2,3.53985143764821,3.7307111275855522,3.2571333225561236,3.383575112220054
55044,pop_2,3.174774675416202,3.4620972725591064,3.034242373300213,2.6589323610692044
55045,pop_2,3.229863357745663,3.7546589948837115,3.462941828366841,2.591618992415425
55046,pop_2,2.861948019915601,3.4556988567637563,3.9475271694243044,2.7169205962925753
55047,pop_2,2.7843734047777007,3.054437484112841,2.6744697659027534,2.9813717049169215
55048,pop_2,3.002248389135073,3.695422486222647,3.5494801106025173,2.863591496085192
55049,pop_2,3.1996606499986795,3.455758885775749,3.2178814175893726,2.938098849334336
55050,pop_2,2.809370974763695,3.345700089064687,3.196422302224384,2.414533317632744
55051,pop_2,2.861829625057311,3.479595333657211,3.0493934349681386,3.48005797491233
55052,pop_2,2.5611975755426126,3.4274618940594017,3.4765381659076193,3.032971560792694
55053,pop_2,3.037431637489387,3.549662075936326,3.534455628864311,3.183132561774518
55054,pop_2,2.58325219125645,3.535414369910017,3.1805737961665526,3.136633259319271
55055,pop_2,3.3608767115526184,3.1927616583176714,3.6867294617912187,2.9204695422842093
55056,pop_2,2.610937337142003,3.7545034551285905,2.6651706071676706,2.6344743964282045
55057,pop_2,2.9818043252688295,3.0433663882200745,2.8955077819845823,2.9821443530670515
55058,pop_2,3.203543339155992,3.2920039838377466,3.254950586315906,2.6567777489175834
55059,pop_2,3.0671815447588973,3.45119480430827,3.2153302810635913,2.814848163105114
55060,pop_2,3.250776174364446,3.7512686858915845,3.125494930596756,2.822927048403297
55061,pop_2,2.3622315347259626,3.4571728750652904,3.435637174710649,2.9238840721606376
55062,pop_2,3.119134968221288,3.400188638542152,3.3287180483634446,3.4810959813997724
55063,pop_2,2.9484553376781677,3.501663914424156,3.0020923826260937,3.5137961810554508
55064,pop_2,2.7425502115141907,3.628032438054965,3.4478317035179553,3.360702657655411
55065,pop_2,2.831963177726499,3.551013293994957,3.146909673759478,2.896163488811051
55066,pop_2,3.087712632213798,3.4556856545414303,3.0053120783603022,2.7088447873418193
55067,pop_2,3.1526915764584063,3.462756053278066,3.310290108840867,3.12848197109065
55068,pop_2,3.1544702236889908,3.0148905800549985,3.5154830939547135,3.0820927959521875
55069,pop_2,3.342746719413759,3.7115506873344524,3.086630845004336,2.21315169916302
55070,pop_2,2.9756832173989745,3.6439466092084647,3.0909630954750513,3.329590247279194
55071,pop_2,2.810397146745978,3.565182529235532,3.4149421709164978,3.1509012535866168
55072,pop_2,2.883722431795996,3.2645821613382973,3.2509938419477855,3.0606997940739546
55073,pop_2,2.997870836428504,3.5737174544041856,3.0504759120160427,3.2278189199712455
55074,pop_2,2.5967765763754556,3.4299273854534014,3.0100304781819847,3.109639932402201
55075,pop_2,3.0807464212629934,3.581599626420837,3.034405986264949,2.7514029351105416
55076,pop_2,3.4149353199497807,3.663845978772097,3.236283140674333,2.5510819286639035
55077,pop_2,2.7723473283747264,3.625614791704159,3.487625027763384,2.8177290989070194
55078,pop_2,2.7820214586872205,3.519198318300316,3.5806664575223333,3.5146919972508224
55079,pop_2,3.026935115903057,3.1974402239155713,3.3663729340757307,2.813712113307855
55080,pop_2,2.8435122045714065,3.8024165601064563,2.9604322904919615,2.476614702190432
55081,pop_2,3.1352852127920814,3.4550928427890413,3.1886471211045624,2.95466209128347
55082,pop_2,2.949229184557574,3.5132118541446866,3.3134402969071397,3.095356953095867
55083,pop_2,2.2567545870494805,3.825698965043271,3.2522905032091654,2.7234859905117186
55084,pop_2,3.118164424850365,3.6067510999710337,2.582798121964244,2.701132647117674
55085,pop_2,2.922085939611209,3.3295365696462027,3.252645249246185,3.334494875674797
55086,pop_2,2.8866309554297644,3.8541459022831015,2.899546113155755,2.6559728652400993
55087,pop_2,3.043354520839343,3.4525996043581446,2.9221351954402435,3.073762634408489
55088,pop_2,3.0465635235725554,3.2807870513878457,3.477422866249685,2.6080274260841567
55089,pop_2,2.5065124074445126,3.3344074819691505,2.9272769231274336,3.1375466305027833
55090,pop_2,2.8255250347700476,3.5598163701577934,2.4329951664137357,2.345690181215571
55091,pop_2,3.1516896931635987,3.7169792990827006,2.8483167721488982,2.9173589146247227
55092,pop_2,2.671098217425302,3.6611571879356664,3.8437922919860714,2.5509943653052822
55093,pop_2,2.9731621165858417,3.417360003440442,3.6581337352009227,2.827112185370603
55094,pop_2,2.8658385063840233,3.5991184938784304,3.1716210112891043,3.000722031058165
55095,pop_2,2.607391211208478,3.789419904449435,3.207505770975725,3.1744621105683484
55096,pop_2,2.6954537312587394,3.278578973856084,3.393169076602447,2.92835302386583
55097,pop_2,3.2818022797096478,3.6180692289076855,3.3389872341029316,2.8301108451640586
55098,pop_2,3.217472840319208,3.876587221074626,3.2748565838197266,2.922640404077629
55099,pop_2,3.029522070288797,3.896721559123853,3.383563249795354,2.1831468794291546
55100,pop_2,3.1805798047250833,3.2878945460214246,3.154178971260755,2.3448050986445392
55101,pop_2,3.1568879643545915,3.6765379157802442,2.8353182714321283,3.189059078630343
55102,pop_2,2.948754244078005,3.2519259832019425,2.973177477249443,3.012221042288888
55103,pop_2,2.8388276608936267,3.546220930374743,3.231756031420645,2.847267894954433
55104,pop_2,3.3123118415453994,3.8800592839129338,3.6111276232427367,2.6185547443967225
55105,pop_2,3.252202081590037,3.3058307039435713,3.079182211549704,3.023171773218324
55106,pop_2,2.8086682627255315,3.500609660526338,3.4225480225663416,2.104461632752387
55107,pop_2,3.0516022021444003,3.2865760010975946,3.0723531200571075,3.0127474683760607
55108,pop_2,2.836249934387201,3.5707180289022427,3.7701655117753523,2.26838327175009
55109,pop_2,3.2242096032794585,3.6333882365334356,3.025656955343962,2.7492951759754627
55110,pop_2,3.266677677502515,3.9942842612507103,3.803078272368522,2.507166377685639
55111,pop_2,2.6779985012304572,3.906646356210321,3.5384286300991916,3.0285081838389973
55112,pop_2,2.8466854478375154,3.729608161117862,3.2061706526342304,3.0459204641525734
55113,pop_2,3.090422697790834,3.361201539195747,3.798308206252246,3.470912738076776
55114,pop_2,2.5068565873213258,3.6637725382225548,3.3227335826223294,3.1296975431212677
55115,pop_2,3.0983359784580617,3.6325216967945515,3.1051347103126585,2.94561721638583
55116,pop_2,3.0488115253804975,3.5151794217744894,3.339737874785828,2.5109864835321756
55117,pop_2,2.954266447973437,3.6505110492587005,3.0641865126592327,2.96861155293511
55118,pop_2,2.8414209782200346,3.311717781347571,3.0402949884569437,3.0943445470830815
55119,pop_2,3.0553392633538365,3.575291502136506,3.6010860305378385,2.909608182806709
55120,pop_2,3.115165269490003,3.2173898355639965,2.5979538194031186,3.145144331222848
55121,pop_2,3.0062333563676975,3.7745233320825675,3.698839445510082,2.74407347753587
55122,pop_2,2.5141526376034378,3.464705318202356,3.0357408833107233,2.9773041677347742
55123,pop_2,3.105256759761382,3.5646956200623157,3.433246543080363,3.2564503031744176
55124,pop_2,3.0910922933322813,3.260128453359466,4.15121313389313,2.6154489106767818
55125,pop_2,3.1451594368722944,3.340606026853758,3.1900543687007,3.0906648588746743
55126,pop_2,2.6321084140652697,3.7621533598525105,3.132230573768119,3.3430514624307843
55127,pop_2,2.7219831968830097,3.2803900933490495,3.173970245535684,2.9589462116812255
55128,pop_2,2.998581252253236,3.964574543136884,3.01681593457976,2.672817626540378
55129,pop_2,3.01388249451587,3.4976713467693727,3.294791236957999,2.4769169915454405
55130,pop_2,3.333261673479998,3.623667119302162,3.108965841615516,2.4411573679470426
55131,pop_2,2.9619353119744005,3.745094543338433,3.474908513596485,2.599093776147358
55132,pop_2,2.6382056760836003,3.8103532639764106,2.746098977773586,3.069028172017233
55133,pop_2,2.9969201845948494,3.7057456063302068,3.178849583762983,3.1158850291704803
55134,pop_2,2.7097249110798067,3.2711348213475815,3.0919650575178634,2.9278085344206604
55135,pop_2,2.605468328523257,3.7322757585332127,3.5517195515751196,2.415528055737955
55136,pop_2,2.9462100645012828,3.695403657096087,3.8676453953215844,2.3337684667137912
55137,pop_2,3.06923509577197,3.2717423192448267,3.2952702534647504,3.213819988280233
55138,pop_2,3.3531169357790027,3.6697685466807752,3.113170381615373,2.633174456967543
55139,pop_2,2.8518568268700775,3.1540617745836474,3.2040593659705627,3.558525878212395
55140,pop_2,2.54781942095575,3.7941497861964737,3.1677875668581947,3.2268792512525484
55141,pop_2,2.8267214793707756,3.2531753528104943,3.117920287430231,2.7912162696154676
55142,pop_2,2.827579317484105,3.8472503686410735,3.6917111206085393,3.183822406193496
55143,pop_2,3.1482932375492627,3.835816679185671,3.485332161822351,2.6715082607460827
55144,pop_2,2.8892902174193598,3.6556432159463057,3.6272321859059904,3.4261409843382045
55145,pop_2,3.1888182353301118,3.547836196735162,2.9247130679562723,2.808276200019892
55146,pop_2,3.191898916021255,3.437880698969556,3.339953843544725,2.544870086956569
55147,pop_2,2.9366265017651556,3.6702400173449954,3.1182274364407334,2.9658174515373084
55148,pop_2,3.0909659678869725,3.659048844964784,3.391010550465164,2.4846570471123104
55149,pop_2,2.867526059245326,3.717044447463912,2.9799748320102637,2.6152074370449943
55150,pop_2,2.7622054683629527,3.472078351214955,2.9097465261490076,2.5571741745954877
55151,pop_2,2.8127055888486403,3.5443769799700506,3.5339361477680327,2.5588593486078848
55152,pop_2,2.943062639822623,3.6788278664458787,3.0441237382050113,3.2273999439661236
55153,pop_2,2.476601324083869,3.5018761792264965,2.8700936479577015,2.946683716221204
55154,pop_2,2.6716852155689317,3.829917618882441,3.790547976805222,2.961495246367113
55155,pop_2,3.3110667915356817,3.4437254653773075,2.7451263383388165,2.5754706201467203
55156,pop_2,3.1639973809423223,3.6448836661138513,3.4114069632197768,2.695081186026046
55157,pop_2,3.24069348960473,3.9643082022179352,3.723864265281302,2.659192508834961
55158,pop_2,2.7957405073165473,3.0137123062273754,3.458213981636021,2.6880361740074474
55159,pop_2,2.6541596315339193,3.2391629290892996,3.1737788476557,2.3927051829404364
55160,pop_2,3.1937220019619033,3.569095983332587,2.5484186154023125,2.8433272296081453
55161,pop_2,2.9340804501888704,3.433733220688507,3.0626781051484895,2.9283797803771057
55162,pop_2,3.0962358307033684,3.642312760836955,3.383205159971998,2.9133451923552705
55163,pop_2,2.7294099879420566,3.532571878158225,3.3808349435699623,2.445035472880203
55164,pop_2,3.136383826316865,3.6360302603262005,3.056327778187322,3.111061069453109
55165,pop_2,2.8222116875588212,3.2703260303309043,2.9566341280808417,2.8991601575841113
55166,pop_2,2.9911125056652432,3.575691625059737,3.8171133096269294,2.7481793159821377
55167,pop_2,3.0771872592662146,3.7741774189271067,3.3704519618297826,3.076268251295751
55168,pop_2,3.012811452725852,3.5237279954039837,3.2001384630336247,2.757451426220138
55169,pop_2,3.0370687302646515,3.5523376805659366,3.6278423196106617,2.1005538400679686
55170,pop_2,3.316266121740287,3.4584359731949776,3.360716250747416,2.6244686063718565
55171,pop_2,3.0035468759476074,3.335879572669005,3.151181125481341,2.5600074924252856
55172,pop_2,2.9193944216075187,3.4875113809421547,3.4062833903593543,2.55644303782673
55173,pop_2,3.4712432713583534,4.047800080869564,3.0641336673944872,2.9052610477139527
55174,pop_2,3.12628970170345,3.6504802600114643,3.4635492138605612,3.101630396186952
55175,pop_2,3.0802777072513337,3.6068292953013974,3.1228793508102703,3.1190146811758828
55176,pop_2,3.3953487776499522,3.630842878503226,3.558625259260652,2.4350227146105494
55177,pop_2,2.7476656526044483,3.4375178752751414,3.1586246878355797,2.994204861229381
55178,pop_2,2.8591495790716626,3.4539483368373602,3.4662769562339695,2.868611783158808
55179,pop_2,3.3161473844125644,3.452772962171712,2.870145950293236,2.9245776542894024
55180,pop_2,2.7799064178836237,3.339506546343962,2.8217119261239185,3.187618711842141
55181,pop_2,2.517815027197291,3.416983425917581,3.242517929292011,2.816873874712996
55182,pop_2,3.236769541153701,3.524750590460182,3.3326019505281286,3.203033590217648
55183,pop_2,2.7539218652524706,3.4345074067442245,3.0889817331187133,2.701382351090081
55184,pop_2,2.779664352607166,3.823337799210087,3.4149065196263773,2.936549144817033
55185,pop_2,2.95350896075535,3.2326504183727023,3.0198511966298347,2.3590846235854404
55186,pop_2,2.9672342091492094,3.195757819227074,2.9328449487151467,2.179160100220241
55187,pop_2,2.8589435461547272,3.698345762589628,3.9385540443282974,2.6610025274041216
55188,pop_2,3.1423900892662875,3.5496924057909465,3.8930691984157737,2.4882130736539203
55189,pop_2,3.146680420173184,3.7268816157671623,3.36812598178144,2.3443565362598435
55190,pop_2,2.468143573504975,3.480160259873923,3.259308525641279,2.847239257976068
55191,pop_2,2.828985775690642,3.828806784238905,3.30433457991234,2.8702034719012857
55192,pop_2,2.5000831337678373,3.4178897122811565,3.367585488265573,3.2689300159657284
55193,pop_2,3.000528379114778,3.6671612089103753,2.7567128608838427,2.9165505428988836
55194,pop_2,3.2446750383728737,3.5751952650298153,3.3225435627891255,2.6528608047016937
55195,pop_2,2.7442572720433835,3.5712944664036788,2.8985669006465207,3.077633290167366
55196,pop_2,3.1908882403124923,3.4146157194382076,3.264682701969297,3.053874212401298
55197,pop_2,3.153871978505413,3.678645208625362,3.1484839896582306,2.8042148042880184
55198,pop_2,2.6090171724340068,3.4757148278649685,2.6953342967528644,2.922937555573383
55199,pop_2,2.390875775002635,3.406470473286216,3.257074376079203,2.9185397766933785
55200,pop_2,2.792465210944648,3.90384899314818,3.1576647369967694,2.932298848586232
55201,pop_2,2.846940137421599,3.782807275446171,3.3180974408482578,2.5209542314036284
55202,pop_2,3.1657750165921184,3.611302426543376,3.362701211857934,2.8483545695483743
55203,pop_2,3.1383629394876067,3.2983001474279683,3.1776188805781023,3.1697088542817666
55204,pop_2,2.6929187215195065,3.2933117095971354,3.3346868866212596,2.9368392731970974
55205,pop_2,2.8713522352419507,3.7469680842632203,3.4732390704788787,2.858467049034905
55206,pop_2,2.522588399120159,3.7911458320412827,3.4840566062551988,2.72183674467917
55207,pop_2,2.4728077186707207,3.589522918864993,3.5853664745980405,2.7215473459345927
55208,pop_2,2.626919211327252,3.649545829197689,3.7060124280177456,3.1380802620692076
55209,pop_2,3.0332082776858975,3.2465286063424688,2.9453686923571265,2.786170451052738
55210,pop_2,2.656822723651686,3.7589183286699606,2.9579611461346214,3.136604170886339
55211,pop_2,3.168647084142167,3.629343190473624,3.276227174677508,2.7964743389772986
55212,pop_2,2.776381663528699,3.6600171047973333,3.4301865312583066,3.385151969522196
55213,pop_2,2.9527441401915646,3.792163873819639,3.550560713055387,3.0030412752039313
55214,pop_2,3.049465843912784,3.3651379974136284,3.3390363339326554,2.5622661072735475
55215,pop_2,3.0043209756146685,3.693240626759052,3.204549682352028,2.5928362038535675
55216,pop_2,2.8620354021343357,3.8630465776553105,3.4602734005250646,2.8971509421346626
55217,pop_2,3.082488365206636,3.606227789697883,2.846007899616243,3.1585956424309227
55218,pop_2,3.2260708262736797,3.736168608816307,3.6609740331220495,2.916138483808507
55219,pop_2,3.2381562818376906,3.6375962318474953,3.7252282065132123,2.25350942864778
55220,pop_2,3.2015771774020516,3.1692505437877916,3.1859722663456376,2.9765272605852067
55221,pop_2,3.1440434829032875,3.139345545564674,3.3168827692184824,2.9447437071511358
55222,pop_2,3.099211933548613,3.7197644711728635,2.964127444502789,2.7649769091572822
55223,pop_2,2.7495924447253755,3.485613347428122,3.374733788245328,2.4580075031745094
55224,pop_2,3.1894607828219654,3.6447434066046323,2.587519768012032,2.9572551684331163
55225,pop_2,2.976284441708244,3.3511382366750215,3.316653030842362,2.8222258862493477
55226,pop_2,2.7386273599323463,3.64825740676706,3.522350726508097,3.0157234923918934
55227,pop_2,2.806201133625466,3.4713167512122878,3.5177516150043564,2.9434291726558643
55228,pop_2,2.9226693572725035,3.4074577693650006,3.3515580035126633,2.599375274281843
55229,pop_2,2.9694673908731013,3.3546290693817635,3.3413777708166825,2.8835045003366697
55230,pop_2,2.951117975909804,3.734076057937509,2.896448864639056,2.889177751571166
55231,pop_2,2.6619771334934104,3.7901987478818615,3.154998466194069,3.1331309255840623
55232,pop_2,3.0423477793645635,3.759783182924517,3.980584945301571,2.9262209923768046
55233,pop_2,2.9270620509655387,3.2864251722548885,2.6879571158555073,2.886736620471982
55234,pop_2,3.3479178276805333,3.7196265817373844,3.331255093577494,2.8937974528823815
55235,pop_2,2.7776108502120715,3.3700467797158793,3.0835413950985884,2.825956006451995
55236,pop_2,2.414216719727647,3.310845250725121,3.239463577394891,3.3520853565285487
55237,pop_2,3.1845927690526796,3.1707367616633224,3.2163226227693102,2.7945884461266277
55238,pop_2,3.216659813254971,3.473693945158417,2.6562717182999958,2.5742230288321433
55239,pop_2,3.103368573968681,3.321646315544054,2.898497238950429,1.8125517496314814
55240,pop_2,3.0355241723600117,3.881312889603701,3.434596127778012,2.8100472452667598
55241,pop_2,2.5963754117727187,3.485947718394665,3.588306773923292,2.7131143760053815
55242,pop_2,3.07766258145177,3.588363300559956,2.888039748513681,2.7966704261869255
55243,pop_2,2.7609855833409536,3.3216673289096446,3.419129358591351,2.9478261882729
55244,pop_2,2.8195246835724648,3.152318809633727,3.8292721751469343,2.7481271014784956
55245,pop_2,2.781572380029458,3.5157068425507996,3.033517345304304,3.110788244296457
55246,pop_2,3.015435600040783,3.6393258176772876,3.165524831945777,2.9229267635170237
55247,pop_2,2.4766398785526227,3.759849134897157,2.9916980690124926,2.8117281921504826
55248,pop_2,2.852346227405092,3.4633032005447424,2.938922330233217,3.491875851557801
55249,pop_2,2.9178135942772228,3.552351708415897,3.6692088468133335,2.8463383841134346
55250,pop_2,3.028105266214283,3.1341617684397245,3.105195080760194,2.8704189461146923
55251,pop_2,3.2797854631161196,3.509311866057676,3.4137175006949962,2.523826792756579
55252,pop_2,3.27568657946062,3.769088296216799,3.4971168969558244,2.6619632204520243
55253,pop_2,3.069323708695852,3.307684633211222,2.988246694031051,2.443374984989355
55254,pop_2,3.020999849910522,3.60391710862289,2.9375725126124066,3.1620405930811106
55255,pop_2,3.005109726237731,3.338090117823242,3.033884737803241,2.8825401749952966
55256,pop_2,2.7357988678757015,3.3630783878419828,3.4427635536223407,3.148696595237085
55257,pop_2,2.689743506531245,3.724476524720654,3.0790964992315617,3.02342171159068
55258,pop_2,3.0473387285499833,3.3947272939985957,3.283020652663633,2.5687509535871076
55259,pop_2,2.720246820799078,3.2085031946308566,2.912338230908243,3.0885906450240683
55260,pop_2,3.108235995936211,4.031711978820405,3.469242283635589,2.9959067460167055
55261,pop_2,2.6872413613173176,3.743305691370865,4.025411908819788,2.577745917594411
55262,pop_2,2.8323871735462145,3.2219850772477256,3.1034165264989344,3.1480849094859487
55263,pop_2,2.834468179585827,3.6936069573034747,3.487763559700792,2.9945980456739547
55264,pop_2,3.1110443068790716,3.635590241031332,3.1000091378192534,2.680288579247256
55265,pop_2,3.091251407379745,3.5622684891008642,3.4482718635925282,2.9890374394151364
55266,pop_2,3.1510174814304324,3.5140152092014207,3.219173208195176,2.6832909934461986
55267,pop_2,3.079859426823859,3.576883246707607,3.968826767314385,3.175809656358049
55268,pop_2,3.026767406028076,3.534032773332835,3.1748885060577114,2.835560019526709
55269,pop_2,2.9807396233127643,3.384397694391922,2.9572952946835094,2.812036599618773
55270,pop_2,2.6862800896696974,4.035650159878545,3.440178067522616,2.5543113620849267
55271,pop_2,3.171518739761709,3.816924776388078,3.374016785456284,2.500454601126335
55272,pop_2,2.570309996297885,3.6393962236268207,3.0738825029532792,2.4374964487208124
55273,pop_2,2.5977685890494033,3.8393520045317,3.6298812083340843,2.5935206816920933
55274,pop_2,3.0329555451202186,3.8436993203452414,3.010836450163731,2.9069496862299995
55275,pop_2,2.9680665634880072,3.4029625880613352,3.8433901570696265,3.141929162617744
55276,pop_2,3.0541442695160557,3.5250341444096263,2.7734818911104444,2.7881335689201086
55277,pop_2,2.9328643372367655,3.5373289492931845,2.8478414506671568,3.1679686917498375
55278,pop_2,3.3727223984208643,3.6737050773106943,3.2585688888724365,2.789399895858825
55279,pop_2,3.412925072576993,3.6875145358634773,2.600093457008811,2.692746162998407
55280,pop_2,2.97063012920391,3.890036800158799,3.4181637391398643,2.4804689348430613
55281,pop_2,2.6699402240395362,3.5383976236662407,3.1145189047526785,2.954732542274376
55282,pop_2,3.475002013754646,3.419497473494129,3.5012708835995627,2.64225514321661
55283,pop_2,2.4178061153270534,3.847792555407442,3.6141604410315904,2.9144198432497714
55284,pop_2,3.1274234994827146,3.491610865359952,3.001267421235039,3.050349040840127
55285,pop_2,2.549137523364194,3.174200046849323,3.266077570599599,2.8094066170987695
55286,pop_2,2.6779401643387923,3.520003880193765,3.0431509627247695,3.248891249079463
55287,pop_2,2.873809633144885,3.4518251437136502,3.5433167350602686,2.882498824583809
55288,pop_2,3.3623314820525563,3.6261443794166577,3.316739833854444,2.6244407076023184
55289,pop_2,2.8996127436857426,3.195732596662983,2.860002221622972,2.8144055805243124
55290,pop_2,2.87597826419455,3.502992871654036,2.9567754752781266,3.3723898838769553
55291,pop_2,3.2232897888468295,3.618491877072914,3.12542160993236,2.8135286406731215
55292,pop_2,2.740203327988881,3.4672844134577745,3.591124364311297,2.970760863377349
55293,pop_2,2.798316502591515,3.409975993265717,2.9088629678801214,2.441840081135521
55294,pop_2,2.743151220453389,3.766109706083312,3.88894063184179,2.6825195260397345
55295,pop_2,3.0338175051210983,3.461094931941073,3.496342361030984,2.807901149920261
55296,pop_2,3.194642834268355,3.7476834810219373,3.277127856213041,2.7479651465463926
55297,pop_2,2.8410234786545936,3.655987263827114,3.2674687152452324,2.705024672951238
55298,pop_2,2.804635360515034,3.2123457609870596,3.311563536785556,2.849543506266448
55299,pop_2,2.9982849179564273,3.4839036438318143,3.096271612476419,2.319749447235204
55300,pop_2,2.4706392766781478,3.5107874681027114,3.6588656437716196,3.453884856538423
55301,pop_2,2.617399740410483,3.5211717175142145,2.9325926832369507,2.702971836413161
55302,pop_2,3.052557471253799,3.2247046115482436,3.575633287016023,2.7852825859774186
55303,pop_2,3.0825274065317387,3.5083523555840954,2.950592471810742,2.7793479769589844
55304,pop_2,3.1429078613170263,3.181484153187703,3.0040807476073117,2.62955964294966
55305,pop_2,2.4218300227047767,3.5700699271608762,3.1669037139359535,2.9100435797694266
55306,pop_2,2.597283461940194,3.885492066717103,3.2316668752226003,3.0410207941145795
55307,pop_2,2.704885638125762,3.819367543148584,3.6811552539300556,3.0910126592505924
55308,pop_2,3.0150488701114453,3.4762201488730327,3.198848108510114,2.5237319371295506
55309,pop_2,2.6133585527362175,4.005985820454992,2.83558805395948,2.4794876563259023
55310,pop_2,2.806253588643495,3.937883090721105,3.1285741753947103,2.7989602610862536
55311,pop_2,3.006514908308049,3.660944645867983,3.3538306158508364,2.8525436719188986
55312,pop_2,2.941257137936151,3.457548713120211,3.1086250585602033,2.878241269797465
55313,pop_2,2.620098490824586,3.7270943398464307,3.165976981591007,3.1745842778327513
55314,pop_2,2.9668522945882887,3.6970754163494313,3.1661001318882915,2.733583335231127
55315,pop_2,2.521393259941215,4.019482758688468,3.8508765521518176,2.9550531317339277
55316,pop_2,2.852285600735896,3.7963881263869186,3.113127481244744,2.8028520522959224
55317,pop_2,3.245105554863337,3.2961241043223404,3.1141736589925295,3.1362240941799997
55318,pop_2,2.40770454194929,3.8659986473881984,3.1265248500105027,2.4558697144883284
55319,pop_2,2.6337440199591264,3.550485331466392,3.3620586320431256,2.7722775071455144
55320,pop_2,3.1483954676115316,3.3858886465999785,3.6835504496341045,2.6214506391389616
55321,pop_2,3.038983724548607,3.5656004080044217,2.7896558877924504,2.798581633074188
55322,pop_2,3.0309684981421383,3.67179555560955,3.4569088160973847,2.576491700641987
55323,pop_2,2.813807702027964,3.633233292320247,2.7848753330797082,3.4201265648230246
55324,pop_2,3.2010058923174824,3.789422791513258,4.0822767655303185,2.8470432937638965
55325,pop_2,3.205565248422836,3.2105323184769428,3.4357105230372222,2.5842176604657445
55326,pop_2,2.956527610833008,3.084953589917097,3.7788233025206015,3.1192028958539764
55327,pop_2,3.191875487397685,3.415575941410033,3.427029311824878,2.4184025003353353
55328,pop_2,2.8418794303184938,3.4916317186200754,3.18770218745351,2.8053087393250467
55329,pop_2,3.063500660197603,3.455699629098056,3.280535263176129,2.975109484765645
55330,pop_2,3.2768199542660623,3.6536460489976226,3.478894038622924,2.988253249945002
55331,pop_2,2.852597353683665,3.3188831873986517,3.4842120217468135,2.5077239753962517
55332,pop_2,3.472742582241052,4.1515342169069624,3.105504475408487,3.0573128636450617
55333,pop_2,2.838464504901916,3.1338294963550695,2.9061266267694306,2.1239048287471447
55334,pop_2,3.3631033550884055,3.724825776337723,3.7463802097942995,2.3010648834410135
55335,pop_2,3.4490320221629482,3.6478680599126365,3.6135440802382597,2.798169414100277
55336,pop_2,2.8433412709369064,3.4186179514102775,3.3712428088670237,2.6858278361898296
55337,pop_2,2.7130496528667796,3.6227121355283716,3.824027932379299,2.5378030015855475
55338,pop_2,2.953122484916222,3.7344490601238256,3.182324179483923,2.927846994425329
55339,pop_2,2.639012279302008,3.7996493154992215,2.5884961726567064,3.0112792028495674
55340,pop_2,2.6969626412425467,3.6175398781072112,3.081238854064818,2.5284434487059135
55341,pop_2,2.8440323403260246,3.6246082650609677,3.245764188762432,2.998219427291357
55342,pop_2,3.0834858697869723,3.173645381595421,3.067963012085119,2.254330788123395
55343,pop_2,3.0020532290432214,3.4777805936248436,2.939819661704094,2.9636772314226842
55344,pop_2,3.194644773998007,2.918475509475635,2.9210326053475795,2.922365874739046
55345,pop_2,2.7895122217517847,3.5071772080697943,2.963026409225315,3.470449269420233
55346,pop_2,2.9124297131496544,3.8211833577813605,3.746063441955023,2.6989490548734176
55347,pop_2,2.6110094786702236,3.7599189240512234,3.500212133812885,3.17691471800741
55348,pop_2,2.8075149131422856,3.5102530309546207,3.0678885681700527,3.183024426235566
55349,pop_2,3.0944812763342884,3.4933930085541602,2.565900370124298,3.094604257045698
55350,pop_2,3.16283026677743,3.9545275254738783,3.7018807631395414,2.8844555743254725
55351,pop_2,2.8832803619813383,3.6760289651534093,3.2280585627599043,2.7998303483423377
55352,pop_2,2.74054377786222,3.4528728037081353,2.644750958478407,3.2428751956640323
55353,pop_2,2.741827445273613,3.3238945455804054,3.014788903749279,3.3293501971337864
55354,pop_2,3.2100172327609973,3.3635454553615265,2.99978845343668,2.7588937237021613
55355,pop_2,3.2303720695135256,3.229343243505857,3.6070984524435348,2.9737528346627427
55356,pop_2,2.9264573080867247,3.352885300304199,3.3826403989514238,2.917336387009425
55357,pop_2,2.969886415763844,3.8464225535359198,3.1688227599933545,3.2579346832050713
55358,pop_2,2.8516567213585997,3.2222742275801153,2.8576503154862793,2.8331613952045225
55359,pop_2,2.97056853370205,3.598949048792364,3.90014210420608,2.6303132888101963
55360,pop_2,2.709955010825239,3.4670601042455615,3.6542554917185703,3.165322508558595
55361,pop_2,2.9615611794471706,3.4729232067659868,3.0585267167641854,2.5851668758967437
55362,pop_2,2.911967072633272,3.3847730136680396,3.558418145262691,3.0878512452336375
55363,pop_2,2.813016150157121,3.39864396530402,3.4515947994521934,3.213943482094352
55364,pop_2,3.0072412610120596,3.2478609021432696,3.0558387862606793,2.949525793965681
55365,pop_2,2.7301892677556117,3.5465743914995227,3.3916803981607306,3.173458931399797
55366,pop_2,3.1726808235503308,3.682329891010017,2.9356290688453024,2.628509886412363
55367,pop_2,3.3477733394014138,3.5606975328260986,3.127703131112178,2.7535663948273985
55368,pop_2,3.0289138736340124,3.3950033609576975,3.2053309127124163,3.199227488644446
55369,pop_2,3.0901718720312243,3.2617160248549726,3.245124727013164,3.067552698350566
55370,pop_2,2.95641202638318,3.654713088453077,3.952813796335026,2.5543473274262767
55371,pop_2,2.807305994526487,3.493976514516012,3.876622640433999,3.5566535194271447
55372,pop_2,2.6966434532166397,3.306217129836707,3.5059449425213036,3.0309970000491884
55373,pop_2,3.003751799888918,3.471327736548919,3.0039131843464864,2.8873140115405445
55374,pop_2,2.8604859997949723,3.6751708502816745,3.690511254130414,3.3320945103085076
55375,pop_2,2.8673661877876513,3.522392668823509,3.2022005787398946,2.4957525821318107
55376,pop_2,2.926918054539079,3.4350501706477026,3.0138334661837836,2.916918775474986
55377,pop_2,3.2529526284737647,3.2852605150305494,3.157354379992403,2.785069250352119
55378,pop_2,2.9409093769744863,3.4308929690238275,2.9965690227861033,2.7392654130035727
55379,pop_2,2.8842296730462835,3.4538135497324802,3.233637464330646,2.585776150483886
55380,pop_2,3.062509799952644,3.450225658403963,3.1126419470492706,3.155136800150376
55381,pop_2,2.6810540801077694,3.720248748654772,3.4400328823151503,2.923116648481571
55382,pop_2,2.7417928729608536,3.4417415242452574,3.3542625837188136,3.3521781679085105
55383,pop_2,2.9822225717785114,3.682918623684409,3.34017284232271,2.5801409824721477
55384,pop_2,2.6863513612589682,3.6350225069283075,3.3454881304791395,2.9803741094735288
55385,pop_2,3.083326876916628,3.410208902007649,3.2321993000670886,3.2031156055637324
55386,pop_2,2.7406668470593085,3.5417565110953353,3.446505728741427,3.2698016930136213
55387,pop_2,2.910107422917291,3.5468195537445006,3.6830432555543706,2.356529547861837
55388,pop_2,3.350917360089391,3.628348379159725,3.2005600543026738,3.3291728535678105
55389,pop_2,3.2321179634297414,3.5877715293113264,3.6552756809479052,2.8205270799570044
55390,pop_2,3.2233034987094547,3.6596226539335492,2.886620209501465,2.3349568990321012
55391,pop_2,2.5961762334362617,3.641655545894396,3.3407922363788334,3.0970522948653603
55392,pop_2,2.7409214237844335,3.7755895458731,3.5137088335757882,2.653708711202984
55393,pop_2,2.9853849216234174,3.6639501796349316,3.2052096583128304,3.1499164566607925
55394,pop_2,2.6418559590309427,3.3460957473116855,2.761085636347248,2.2566120609128926
55395,pop_2,3.236344578238433,3.4505423040949705,3.5877210280881515,2.69968356863625
55396,pop_2,3.2561304529051354,3.5202215048874157,2.628050766162215,2.876229819985674
55397,pop_2,2.929783296412711,3.7087779211363556,3.4488309740444363,3.081852920879255
55398,pop_2,3.0582641559258805,3.7277076276683037,3.1521595140683902,2.7202138569832774
55399,pop_2,2.621089258366406,3.7458997622793135,3.5308235129769883,3.012671651114265
55400,pop_2,2.7885197039135123,3.4356273397887995,3.023174978481567,2.5789791449329633
55401,pop_2,2.9142744530927036,3.662474510978358,3.0025428570092982,2.969646982131206
55402,pop_2,3.120642348329076,3.7150919290210616,3.074603571308429,3.3296446127652253
55403,pop_2,2.8794580237331173,3.4051654948658263,3.3331402378628074,2.457354707316826
55404,pop_2,2.972815879195583,3.3374723136545494,3.1412119872135125,2.710836848340906
55405,pop_2,2.7805573361369142,3.5340081444169007,3.0128430633103562,3.1962486592740587
55406,pop_2,2.628712030986642,3.886541464365685,2.894330185347982,2.8491736177926517
55407,pop_2,2.8355705777357723,3.738342431868309,3.927079233272734,3.1480760934596104
55408,pop_2,2.909353755221514,3.8077734308967837,3.183760182625171,2.68171471877512
55409,pop_2,3.3748657730906553,3.618391529202857,3.2312265697421116,2.983684623015314
55410,pop_2,3.259376707821332,3.4922986636275684,3.7394583488969566,2.716646526573029
55411,pop_2,2.751437638597669,3.908407279195037,3.645977962313411,2.797567728272098
55412,pop_2,2.5637651666996377,3.5017880773332815,3.3811091949129852,2.6073782374246166
55413,pop_2,2.619768612719066,3.3560490036366337,3.4907371670426524,3.2107006679655368
55414,pop_2,3.012227866716167,3.639983424976165,3.527149875028061,2.9372803783383836
55415,pop_2,2.937121191201374,3.5627330967181035,3.0835788791992225,2.770492166835435
55416,pop_2,2.9187187582027727,3.832140960446634,3.2987362538376286,2.6307870929180464
55417,pop_2,3.090030780126701,3.0208619888855766,2.908522923176017,3.1127444881490227
55418,pop_2,3.1913613530468745,3.7382734350290088,2.8825153756126607,3.0113110856669993
55419,pop_2,3.4421926729937264,3.5892379717814187,3.626559843884791,2.69671021737691
55420,pop_2,2.652618099921008,3.6300646674557178,3.1398449238865713,3.1768862190393947
55421,pop_2,2.598590528837642,3.6067783299281797,3.235045280051833,3.101107412727311
55422,pop_2,3.2155415399890916,3.661251977919729,3.1831961684662664,2.7092490637343682
55423,pop_2,3.075924919349101,3.5494777043425096,2.83031551254473,2.9511115744282277
55424,pop_2,2.8708431990029597,3.414572876579114,3.152464599024429,3.2218231549064864
55425,pop_2,2.5843059835084143,3.779622285061688,3.4311785178909657,3.080626160699314
55426,pop_2,3.018086962258772,3.1282944235879424,3.1903910109820983,2.6518265989576557
55427,pop_2,2.6628863127781868,3.456252103051839,3.0943646534651443,2.8226162784779407
55428,pop_2,3.0222980056717135,3.589945437555221,3.462272629453752,2.606335221005443
55429,pop_2,3.3831574808727383,3.577521068032851,2.868640843110397,2.7379909219873917
55430,pop_2,3.040253283271573,3.6275023535910753,3.3008611069947165,3.1605789320004734
55431,pop_2,3.0172021025551654,3.1164592112708656,3.229726859337773,2.9578142016121824
55432,pop_2,2.639938869748681,3.600003219619379,3.327530391930039,3.3657229494647805
55433,pop_2,3.1847152445160956,3.5534796111970564,3.548900113054276,3.005778607583861
55434,pop_2,2.9816303089109795,3.5874223100910645,3.0256467833350205,2.824093128459834
55435,pop_2,2.8297805327134675,3.456726792383074,3.564790174012841,2.600943707357641
55436,pop_2,2.8941000345418115,3.3324689442579136,3.0199879078707643,3.1814927748430333
55437,pop_2,2.4566630961069307,3.2917616735300643,3.3588559216148672,2.5871744758923443
55438,pop_2,2.7576778137021924,3.3550805068898417,3.1187905973625765,2.641815797272115
55439,pop_2,2.6661586586542607,3.9618443704694104,3.412229656479903,3.002475574611544
55440,pop_2,2.6220766599330143,3.3266250579979735,3.1441293678822335,2.486392249793657
55441,pop_2,2.7923626564483803,3.466023531258916,3.175803341400523,3.268592834183239
55442,pop_2,3.063806728676387,3.166998312262514,2.8694443001169327,3.4156865883290886
55443,pop_2,2.8661342801054634,3.43512906748339,3.244442094951598,2.651642979844199
55444,pop_2,2.907873030202197,3.3218161928199965,3.553070460955589,3.1460767823013445
55445,pop_2,3.107975018588794,3.5819770542825258,3.5369639324637006,2.826416921174652
55446,pop_2,2.9003682421440176,3.6256967785947936,3.6474717807350885,2.867163802431175
55447,pop_2,2.937388942721847,3.4215826470656414,3.2486977293065302,2.763785996423225
55448,pop_2,3.502884623619116,3.355704251846905,3.265153477338338,2.6536591976939494
55449,pop_2,3.1344557718277932,3.175631014876535,2.885715573442537,2.798998081130931
55450,pop_2,2.842062802003943,3.1738729194581814,3.14914177813798,3.0085616682116987
55451,pop_2,2.8735662682221093,3.6688003865952106,3.5272654743089733,3.394421677426781
55452,pop_2,3.0932320729422167,3.6382780549711815,3.2464624037459844,2.96255022937109
55453,pop_2,2.4051696828661027,3.5553087623100867,3.393542762709964,2.8572259582558424
55454,pop_2,2.9739269512603155,3.412285984758622,3.691809566411262,3.487156540174864
55455,pop_2,3.1604408489438427,3.6129655119702795,3.03100478494523,2.700615408830855
55456,pop_2,2.775938528451327,3.734086021194337,3.690437222897698,2.7268597016533085
55457,pop_2,3.1203919391416184,3.4928189086146455,3.4250402455010613,2.8700091152368414
55458,pop_2,2.912393455640413,3.5862503413498668,3.527434156217654,2.6251884858688723
55459,pop_2,2.557201131724402,3.7328838582006796,2.840137521291797,3.4785498864927846
55460,pop_2,2.998125353133476,3.4445515597915204,3.2010449109474686,2.9230904016032713
55461,pop_2,3.1883566880331426,3.636502396958923,3.4478124549932523,2.5232813397483493
55462,pop_2,2.419114131008098,3.613358069432973,3.3902755610231115,3.144367822412449
55463,pop_2,3.136045272255319,3.8405390866125444,3.1847565688891297,2.4379253031215256
55464,pop_2,2.5420023649163377,3.3840712620776174,3.205663293194802,3.163324833888111
55465,pop_2,2.8332211668685754,3.6913129796023196,3.082569037910896,2.8815159781728967
55466,pop_2,3.4346050401881865,3.599344962518679,3.5763101813141898,2.859097845715409
55467,pop_2,3.164179934758135,3.7606060505777235,2.950377209492288,2.5977966387227256
55468,pop_2,2.762973095463565,3.871950593036459,3.254774557373176,2.080494018361386
55469,pop_2,3.16650485771739,3.6337790451605856,3.117547073005244,2.5868993320567064
55470,pop_2,3.107001062263091,3.3106964076331873,3.1114229986271775,2.573910508938803
55471,pop_2,2.7265158315366396,3.3159718532553297,3.2978181065343355,2.8380115127360406
55472,pop_2,3.209586661441661,3.31301719361266,3.0223706652233755,2.7334181065888066
55473,pop_2,3.034707182158614,3.7289785736514887,3.364481139197926,2.62315402927536
55474,pop_2,2.9453790908553534,3.452208345013563,4.047088575059479,2.8703993840918387
55475,pop_2,3.0025526498921917,3.0202741260822736,3.857123725102291,2.777928914087606
55476,pop_2,3.107908707772085,3.9094866194087583,3.637731800348757,2.785881360968521
55477,pop_2,2.847598650282198,3.205893644932772,2.986796495029045,3.016395431745679
55478,pop_2,2.90092410913597,3.744403637459671,3.6487633597991533,2.9723812525697326
55479,pop_2,3.037998551634491,3.7246016463965077,3.0727821349564204,2.9197085539613523
55480,pop_2,2.966960276466793,3.6302592977453862,3.220459714526507,2.840142894060445
55481,pop_2,2.7737752473199633,3.8258977821208515,3.2127543304212587,2.7524555100275045
55482,pop_2,2.9349891937890247,3.6095500916973213,2.850862551882385,2.9741877900559306
55483,pop_2,2.8885155668725155,4.03151844640456,3.511918946381292,3.0889642661588796
55484,pop_2,2.9497807691661815,3.531996002444478,3.2438508136635287,3.002414483726569
55485,pop_2,2.744520941930765,3.2509492263446322,3.694498093383352,2.84887909811999
55486,pop_2,3.51146421101845,3.3563702783194516,3.010259797208016,2.6608161526573824
55487,pop_2,2.8651498124356176,3.2867569270064303,3.287703162666613,3.1418188216559937
55488,pop_2,2.9003139656636328,3.4338682197701704,3.110785624161168,2.6978653255087472
55489,pop_2,2.9639186518666545,3.914888175872141,2.933625727510169,2.7988714270915107
55490,pop_2,2.8492695321214847,3.847567664641196,3.1075380942567707,3.076984389498743
55491,pop_2,2.8424593067034247,3.59963606186497,3.586948626141013,2.3036138572587186
55492,pop_2,2.7660061755672505,3.677789847657661,3.7584843684870286,2.6651361856346525
55493,pop_2,3.056074250321976,3.3407385928965176,2.8837164582878225,3.0139839596051132
55494,pop_2,2.743145236766458,3.77955631275266,3.4865072918488687,2.876640296665215
55495,pop_2,2.9384232975491127,3.873975975819527,3.072924934471129,2.795293710241533
55496,pop_2,2.8661918594918734,3.452834593729629,2.773953299803071,2.7917190279127513
55497,pop_2,2.845618966351212,3.844740481937032,3.8674680340558187,2.8776639360628176
55498,pop_2,2.9434329081504953,3.2002319847996317,3.0476142777722424,2.750629801169416
55499,pop_2,3.0166937653555643,3.339096978495347,2.9350995627830123,3.3328951731449
55500,pop_2,3.1529788167222437,3.511698997275902,3.4387924012898137,2.731837477370253
55501,pop_2,2.961718825095925,3.5182263087304477,3.298393176407696,2.8487390276829263
55502,pop_2,3.02167129955634,3.2814752030433714,3.0527485672793255,2.948440718449559
55503,pop_2,3.3310242874038956,3.497489954714246,3.538967441888296,2.3662186091081594
55504,pop_2,2.722110818222229,3.577124870368133,2.8448899768647116,2.8261921516255235
55505,pop_2,2.8987614329065274,3.4577010703844273,3.0810645741738223,3.076178164436765
55506,pop_2,2.870693538123539,3.344971360627186,3.5087785517731374,2.433464609367169
55507,pop_2,3.4778809315435084,3.663798883861003,3.0677183466914477,2.672660938753993
55508,pop_2,2.9543561002439644,3.630713938142163,3.3668464393099304,3.461545108438588
55509,pop_2,3.1521949676487604,3.1528637806440756,2.5599621866334505,2.830505993173695
55510,pop_2,3.067194033807827,3.245180725547648,3.4223370101997452,2.9384602513324767
55511,pop_2,2.9433613812145656,2.9203956081329197,2.6099922685939343,2.8988663247875146
55512,pop_2,2.7752939596238315,3.3648091626392604,3.2946401604282256,2.752123513655115
55513,pop_2,2.9891247890687374,3.340943985194311,3.618556473026189,2.784129658778808
55514,pop_2,2.9387266194870043,3.3415972515855508,3.176595123901968,2.8932683619310033
55515,pop_2,2.843190996358932,3.694909286879882,3.532368718033184,3.4954457989591186
55516,pop_2,2.602734375561799,3.7704139829812497,3.679851975693113,2.9062556905263617
55517,pop_2,3.0479018668021833,3.515475798107625,3.3366985630176416,2.9613801674221403
55518,pop_2,2.82042757035703,3.549302662977209,3.0171959158155732,3.0649951736635512
55519,pop_2,2.476863798168196,3.5811837470743977,3.5213718911497103,3.3229769002881957
55520,pop_2,3.584274004723102,3.4683028725841183,3.5118008655413817,2.2549427203508516
55521,pop_2,2.872305656660471,3.4624576137972554,4.033145396157734,3.3205285327740577
55522,pop_2,3.1353169007130353,3.3458038905122183,2.507302272448694,2.696759919083073
55523,pop_2,2.995550018621891,3.677792774469045,3.492012865775181,2.4520740346199457
55524,pop_2,3.1647441092455004,3.387016289459836,2.8465748704107243,3.363344094784708
55525,pop_2,3.2605407781768276,3.5658206708414157,2.992649606709749,2.907553284670314
55526,pop_2,2.897170003344255,3.428201329287685,2.821520489420796,2.514228939177373
55527,pop_2,2.887426468175048,3.299471200833727,3.5116628397743592,2.768752517137653
55528,pop_2,2.841189417130544,3.6758290452798974,3.5518458055499242,2.6810574277542867
55529,pop_2,2.9246235158573324,3.695189156021956,3.2562558024188712,2.687937006787485
55530,pop_2,2.9877656945986724,3.4283794174717737,3.394443913130755,2.6084669520250006
55531,pop_2,2.8913309235793148,3.6240051202124435,3.109085156616879,3.034820909429865
55532,pop_2,2.937651657199758,3.8611895174070123,3.5503089178454132,3.3235528407580457
55533,pop_2,2.704286663797212,3.5186291817597284,3.868733396907188,2.911587647882761
55534,pop_2,3.0873804048904914,3.5466001655966255,3.0711530463071637,3.148614157695766
55535,pop_2,2.8938157404248415,3.7858211217325746,3.426327406789604,2.7171962116736124
55536,pop_2,3.226398842364754,3.785101533720612,3.367848891789254,3.0362346995614713
55537,pop_2,2.535122084973296,3.66663090356205,3.4920610455199688,2.7402058874791555
55538,pop_2,2.992723649037043,3.7144838961916795,3.186720601226618,2.4174442552940394
55539,pop_2,2.4231179915283168,3.2023249514686523,3.307797559948907,3.189687249663826
55540,pop_2,2.6723971951325862,3.444846294251071,3.5871850013532165,3.510693897478759
55541,pop_2,3.177822333114038,3.739705412623253,3.8055340426990307,2.8674155583465546
55542,pop_2,2.799962619656323,3.3755730494654514,2.836970748062768,3.1647752765594945
55543,pop_2,3.064761811700236,3.7924002367906793,2.8982438992081487,2.8905267197637676
55544,pop_2,3.0320674632235587,3.8427584982026155,3.410764585464227,2.5307923782235893
55545,pop_2,2.8484772510270733,3.62154452907571,3.343066921560242,2.5557230622893172
55546,pop_2,2.8161353808316605,3.7739374091867464,4.050401209382452,2.8669412920967283
55547,pop_2,3.3579076602240105,3.8881235465750072,3.7172920997063272,2.6527734355902055
55548,pop_2,2.9201822053204567,3.9173001697256544,3.4192428609884016,2.7356756551204775
55549,pop_2,3.3812017136185126,3.7267634474359124,3.102241310013829,2.746468079375231
55550,pop_2,3.369034485909451,3.278032204581173,2.501969339379222,3.0124421033478246
55551,pop_2,2.811904084103723,3.4226455347722466,3.3680496131838185,2.991403992176494
55552,pop_2,3.135371809582285,3.6422186417775824,3.3972896535418835,2.2880674151524074
55553,pop_2,2.945513266570789,3.239168132397159,2.5307261222013855,3.129369429435885
55554,pop_2,3.2598997188450203,3.501329694431134,3.3177816610196027,2.159785795807231
55555,pop_2,2.8667817648164147,3.5332037584775775,3.3152064610937892,3.0110141079881854
55556,pop_2,2.9147787771171916,3.196278303793507,3.303854468367415,3.145243153702953
55557,pop_2,3.0674652626093963,3.4399152885707984,3.091400107698062,2.7662602627257886
55558,pop_2,2.936649437421031,3.808430086379755,2.5420107904579097,2.4796174494197527
55559,pop_2,2.6188228760695016,3.491151007180353,2.807539272451138,2.854911351314782
55560,pop_2,2.4610667526424725,3.4788384035708266,3.399866150857337,2.9306991245331875
55561,pop_2,2.9551759056016085,3.2463929632758983,2.6618240097651764,3.1970086308857333
55562,pop_2,3.125203303476738,3.634067202990341,3.626183584967706,2.671848489912965
55563,pop_2,2.84480294643603,3.3220660061142433,3.398663407059212,3.2900905383329744
55564,pop_2,2.8852070616147842,3.718938927593167,3.720581590575203,2.5813595623765155
55565,pop_2,2.9133061871248707,3.5758607007663783,3.6251825833911426,2.9349566351452974
55566,pop_2,2.953244271373171,3.622204022841756,3.527042119643012,2.6198062121810604
55567,pop_2,3.1219826783933216,3.576399049270701,3.1401760332389275,2.91444971194706
55568,pop_2,2.733382142594174,3.5189508592470196,3.3538996460345127,2.6288041773189055
55569,pop_2,2.6511690972591584,3.3220752927738086,2.834543741995677,2.6944373148429004
55570,pop_2,2.9317074604105993,3.38909112407419,2.704961479102227,2.853268308864527
55571,pop_2,2.797646876292723,3.879149897946032,3.5159549005106805,2.8380112632331516
55572,pop_2,3.139922738449668,3.376963224599141,3.0623216177504484,2.739632308798699
55573,pop_2,3.108138087900057,3.7625843641164916,3.6135971526086252,3.1535483632610664
55574,pop_2,3.2456781293559467,3.9449474987294066,3.1682975137801814,2.736076836470843
55575,pop_2,3.10843556381247,3.5267981463900946,3.4909077183981276,2.637088268071485
55576,pop_2,2.976640771616386,3.388568538464619,3.43586032936004,2.8827248662226594
55577,pop_2,3.064298007537579,3.6500910792500685,3.192204914302563,2.789025612573703
55578,pop_2,3.190938204995865,3.736415657003942,3.381312054306496,2.6952830352952097
55579,pop_2,2.7969034849300356,3.5328366642438542,2.9279128206402882,2.9675333026318667
55580,pop_2,2.719515619153078,3.5383089215746772,3.6080625118386975,2.30787024522522
55581,pop_2,2.7919709911836255,3.6754959478831677,2.8899898867585954,2.477347201528258
55582,pop_2,2.8772712108474803,3.1828168811615254,3.094334866590084,2.610958327172782
55583,pop_2,3.196315623251877,3.2494166654605436,3.5730364617047585,2.4319056453440395
55584,pop_2,3.231666900046254,3.2116469133983507,3.445973089692957,2.293409562300844
55585,pop_2,2.24974023215806,3.361895995072833,3.38251747878327,2.721869269264684
55586,pop_2,3.188216867859273,3.808230716333581,3.472050728534177,2.496971459320203
55587,pop_2,3.1946363850679744,3.5996450596803884,3.6609557773085224,2.9134011945716196
55588,pop_2,2.8170790023394607,3.743976937052575,3.318206325520529,3.1051943076241852
55589,pop_2,3.0437755232957917,3.734605751364857,3.7809774005567784,2.879021410536562
55590,pop_2,3.1760447034744486,3.3918266612778365,3.183713528675324,2.6724331743937664
55591,pop_2,3.01743979004128,3.549014086716861,3.669036846796145,2.5615653062904693
55592,pop_2,3.378923647049596,3.678434950940925,2.9742268094789246,2.3974518968929885
55593,pop_2,2.672888413441186,3.8266556960363016,2.5338013026293003,2.8164139540335915
55594,pop_2,3.1559130700508033,3.5775175761700924,3.17251429162602,2.7771586501214207
55595,pop_2,2.9903636135099734,3.491239757132984,2.5762850364110585,3.4937351436388884
55596,pop_2,3.3665870342789117,3.649497584335039,3.5139475937193603,2.5909096422839655
55597,pop_2,2.523183262349197,3.418987170829524,3.17627221512226,3.1554985592601903
55598,pop_2,2.825064192319576,3.4353988971410514,3.274819063497633,2.4626005180855643
55599,pop_2,2.819638415630405,3.438196820324416,3.2672531077377913,3.276748469994868
55600,pop_2,2.754904887746112,3.3318466002230864,3.0726035390179107,2.7878617586731527
55601,pop_2,2.8176047226318994,3.909711093206845,3.1752977646896987,3.0186501265890797
55602,pop_2,2.8221057444225606,3.430157450833598,3.5263745601876195,2.3889757218161902
55603,pop_2,2.9833412168156914,3.7635343097778695,3.218572183757689,2.844552381670678
55604,pop_2,3.2493489388150496,3.1914447806182467,2.661458746032488,2.5849548902263857
55605,pop_2,3.367538027008916,3.4649016013426785,3.6816346833764526,3.382984118893681
55606,pop_2,2.9859943253462675,3.4312192218059563,3.2315540793886575,2.3029890406231406
55607,pop_2,2.4651742907098884,3.6668413005383265,3.106114035278279,2.1832515971170237
55608,pop_2,2.938616775191732,3.5492913576905902,3.388620059299686,3.1982021065773982
55609,pop_2,3.0330034254069878,3.1933151736989704,3.2603175722371462,2.8629608896294307
55610,pop_2,3.0962104140126,3.4887700893414184,3.432998596467948,2.9177361446307386
55611,pop_2,3.0094863277533546,3.4058919858526844,2.8843181312707795,2.889511104337187
55612,pop_2,2.892320169407576,3.552075146770392,3.2584548587226556,3.036991082288442
55613,pop_2,3.003759018414953,3.6403068387492605,3.066884581249096,2.8673043916408893
55614,pop_2,2.9796516495959837,3.645607443896985,3.3330262081750055,2.9665455374561622
55615,pop_2,3.215603253747487,3.555508522038811,2.929752616744048,2.7819941225430647
55616,pop_2,2.9218627204989134,3.80845095953088,2.9141264204985657,2.5873001840232517
55617,pop_2,2.9281826700647384,3.8704758054672674,3.2231201894176147,2.8697258400157137
55618,pop_2,3.023195873243442,3.573761221161557,3.2636428977134635,2.741464450662602
55619,pop_2,2.9777527704030224,3.4287046932684664,3.1615801063556535,2.8275699206853
55620,pop_2,3.0264023471601114,3.5534541447463504,3.619200023168067,2.9902956519707486
55621,pop_2,2.5865531676337854,3.8362091772540965,3.4234817212908313,2.786198275388274
55622,pop_2,2.673549943208466,3.599726004975677,3.4856007011667325,2.7951301065014125
55623,pop_2,3.1592191619271723,3.683476646215259,3.192615941865227,2.370318545265271
55624,pop_2,2.8473522939658076,3.2928374919456975,2.8635008690652977,2.588757307145637
55625,pop_2,2.834039681831563,3.277025776715057,3.1326821810993604,3.0534530326183216
55626,pop_2,3.225569527832895,3.6127032583851757,3.9076584648547854,2.713981209613594
55627,pop_2,3.0444118324132066,3.2587496394073794,3.2528100070430384,2.8846297423207456
55628,pop_2,2.9410950389701456,3.7507346695874766,4.046051471240651,3.0456668562209726
55629,pop_2,2.936985405400109,3.5560389578501397,3.845811125096403,2.873348490806335
55630,pop_2,2.8841646301459813,3.9318615499036276,3.755400150088997,3.087719978375252
55631,pop_2,2.508068617390177,3.5709750107084237,3.1538173439270687,2.880132184374934
55632,pop_2,3.253812404757362,3.3073635468487774,3.373801664875643,2.6499024091893117
55633,pop_2,2.711791955342009,3.893756363491175,3.395855391411454,2.624267785918971
55634,pop_2,2.8669649363990706,3.4399813802158543,3.1259526530200947,2.9109230895506752
55635,pop_2,3.0282686049318843,4.028478733388055,3.5709826710358166,2.7981640371058765
55636,pop_2,2.903498907628349,3.5820204912293088,3.4842675209703415,2.6991413281919536
55637,pop_2,2.615196887814593,3.724727868475405,3.007070692838541,2.9210471615874147
55638,pop_2,2.9495659694566427,3.6149218815848205,3.0121564535561722,3.084511998531616
55639,pop_2,3.2248153126308616,3.254847806920543,3.2736338934261684,2.920950421572102
55640,pop_2,3.1685124876067277,3.3450646385502596,3.2781005499062528,2.642737604542511
55641,pop_2,2.6024217267297183,3.634736525512674,3.6989510033546926,2.634415041170511
55642,pop_2,2.971156890460889,3.6785088295796475,3.8037233757244424,3.353211652803768
55643,pop_2,2.8793951506707747,3.677686367357268,3.0383516197646845,3.3654144471857794
55644,pop_2,3.2441790682973397,3.5907234264483843,3.102876155491234,2.6899607220851767
55645,pop_2,2.9397115445483943,3.461104631649799,3.192674824802334,2.4906717006431527
55646,pop_2,2.822558683073526,3.7868345344319394,3.479084054119737,2.7006769743566093
55647,pop_2,2.938003426760038,3.079909929475913,2.6274890464182024,3.5794691869550057
55648,pop_2,2.9272001608041864,3.2382972109564268,3.110964238140391,2.758492520213508
55649,pop_2,3.3186493477491417,3.4371753608208553,2.909915955851992,2.5969049274371856
55650,pop_2,2.7643263110045204,3.641976817419036,3.4796378015313385,2.794341357869737
55651,pop_2,3.0392722475933756,3.368408772938195,3.106225838418794,3.0750027706063534
55652,pop_2,2.9872131778046396,3.6027650486970813,3.3879100827766675,3.2303578548156433
55653,pop_2,3.10844224964013,3.274564180867182,2.977568850214245,2.4174675106673216
55654,pop_2,3.475536032876763,3.5145682021252265,3.210913757715876,2.6054324787476606
55655,pop_2,3.1477160927008883,3.6158930649098227,3.6121763707525463,2.464781621759526
55656,pop_2,3.2939667985133467,3.558424031945605,3.086750331026548,2.4815766676880715
55657,pop_2,2.6909683047316477,3.5037673037289823,3.3777541665763207,3.2232515816876446
55658,pop_2,2.887511756291452,3.290858910922994,2.8594968558121794,2.7647245436351735
55659,pop_2,2.8183439706419104,3.6750783093852006,3.1214512565053507,2.8717394420665747
55660,pop_2,2.9802509385277975,3.631984500500502,3.3001904344782185,2.746408231615657
55661,pop_2,2.7620084772799736,3.7342307944609257,3.5271942318079477,2.985660267516685
55662,pop_2,2.606444656733051,3.514925204313951,3.1317304809273865,2.495956544467738
55663,pop_2,2.9188696409098984,3.546809353965727,3.0994841708075396,3.2325371462187484
55664,pop_2,2.8163643206314672,3.3103616132194844,3.354728769946023,2.777683215140188
55665,pop_2,3.314185463264168,3.442347942285323,3.6569659727072756,2.8610643705214205
55666,pop_2,2.7247153562939963,3.456364874473668,3.1337051257661757,2.296847106219867
55667,pop_2,2.769926129482671,3.673009655887256,3.4140634288663816,3.9997288329471896
55668,pop_2,2.730350914188012,3.4182758200535406,3.5343748242282205,2.816237754616204
55669,pop_2,3.1904814804197597,3.5572204119969633,2.9775657096678563,2.9806775854585754
55670,pop_2,3.1701113024284124,3.6812875343953393,3.4205258185314174,2.949854778028418
55671,pop_2,2.92680094972716,3.8852295559263967,3.313127530681604,2.917352195043195
55672,pop_2,3.315200082176259,3.8565366945250537,3.301808125419521,3.0627083235853467
55673,pop_2,2.979551307977006,3.440295893810697,3.0973387436785242,3.0267321915337684
55674,pop_2,2.8243298760923854,3.6914346684120893,3.25851223072316,2.6226400357819846
55675,pop_2,2.760720229207816,3.581161435988383,3.3222150634430703,2.8502247597722876
55676,pop_2,3.3254651952162404,3.389470549448067,3.3537185978101762,2.7053052029158975
55677,pop_2,3.018821708053955,3.365931791819544,3.256529370136168,2.7524880463383634
55678,pop_2,3.080426480339173,3.419286734291791,3.2009581445070907,2.59789288623486
55679,pop_2,3.1255653659538694,3.349104290754181,3.4292386766325014,2.5796346175463176
55680,pop_2,2.981779411752953,3.782782457650074,3.3292262599048312,2.768316013917496
55681,pop_2,2.9276899032980994,3.7411403554445126,3.2383498056299596,3.0614172720902824
55682,pop_2,2.78075895232465,3.2317322963880386,3.6525947571783717,3.381446759814359
55683,pop_2,2.7960215142923133,3.4057585732182254,3.52021470135721,2.6915127103833503
55684,pop_2,3.0609960513535497,3.8576148757006243,3.411016173935696,3.110066271867195
55685,pop_2,2.8448722350085793,3.5862854210408504,3.4802066303359873,2.863322928577385
55686,pop_2,2.767376798831925,3.760495264008028,3.77376874846433,3.009476569111102
55687,pop_2,3.0086188456051994,3.508149772570885,3.2968250232052068,2.985563556045517
55688,pop_2,2.8671672305460145,3.2397150924472222,3.2699304742931186,3.0755016349300086
55689,pop_2,3.317593178363661,3.720474750841591,2.8896017391683,2.765650974631696
55690,pop_2,2.6718733377565185,3.4821801803519588,3.2590999988389435,3.268200764847545
55691,pop_2,2.764179299938529,3.480591828293735,2.809541128866005,3.469944589955556
55692,pop_2,2.973197807937103,3.595361727882508,3.146633324094054,2.969944684989791
55693,pop_2,3.107600422719582,3.43112679256211,3.525309328523927,2.7872040598139014
55694,pop_2,3.265292509090159,3.517501018172843,3.6201788130765995,2.7995311702571235
55695,pop_2,2.8444783114511587,3.827902320580095,3.0887673506790208,3.021478572922623
55696,pop_2,3.090931464595648,3.4914676265416413,3.0887051756210036,3.013085213404303
55697,pop_2,2.7605523602384654,3.8052933335766204,3.198931056939427,2.855184425567995
55698,pop_2,2.9890453685968494,3.337819297078829,3.3135751785900274,3.350230365847905
55699,pop_2,2.6842274193751394,2.854034736685497,2.881178341982829,2.828879486204414
55700,pop_2,2.964721168097489,4.007862958596065,3.448841485008815,2.316676506624146
55701,pop_2,2.819844082525084,3.7242039147533657,3.352520056646942,3.1207236706305044
55702,pop_2,3.2385705428564164,3.7465005325003324,3.488672419650868,2.8382498384770503
55703,pop_2,3.2602413671216928,3.526604236102209,3.1049400226554624,2.513408238691521
55704,pop_2,2.414368233204714,3.639461430551588,3.2155304266511586,3.069830171221443
55705,pop_2,2.556305106042637,3.5796255983877794,3.2866999433470196,3.1340546682740404
55706,pop_2,2.8156245332784513,3.782526918998088,3.3540433317906957,2.832683690812866
55707,pop_2,3.3084529215209546,3.3663390790224184,3.587337216395295,2.594088408226032
55708,pop_2,2.9364277378808032,3.7061960416378397,3.5874562040866462,3.27195328228146
55709,pop_2,2.7907589625250844,3.6651580254491,3.1604464680454667,3.062046435295031
55710,pop_2,3.020205097999083,3.5726433959011143,3.0317748049759587,2.956811508518877
55711,pop_2,2.951955444678147,3.736162830577128,3.2736600279905494,2.671351083810852
55712,pop_2,3.080702880133094,3.518525549371254,3.5044917034967233,3.314918180510692
55713,pop_2,2.9891497065481216,3.7541868129889684,3.550986924282213,3.021743543308981
55714,pop_2,2.607133425631517,3.787052252157299,3.7364928777996247,3.6521214583771617
55715,pop_2,3.243005654799881,3.366952144298583,2.674589950449415,2.2685515168367196
55716,pop_2,2.8008408684352673,3.747445119233484,3.9483539059437764,3.173473740077232
55717,pop_2,2.809545474512726,3.6643980482691454,3.3726920023397855,2.527380458955556
55718,pop_2,2.7338200133895687,3.8944979149940107,2.80017332837565,3.345142080105202
55719,pop_2,3.130875615623432,3.664517349462401,3.0210814628307605,2.782137443156269
55720,pop_2,3.3002184145563978,3.373174716295652,3.1458444556971523,2.8250649333861277
55721,pop_2,2.675959538275057,3.598756619421229,2.894237987581943,2.862534538576735
55722,pop_2,3.3100763810188902,3.438097276371793,3.4092349505303265,2.69106080048088
55723,pop_2,2.6242810453377077,3.575796173387735,3.873951909264782,2.467704752626558
55724,pop_2,2.675108095899208,3.374520886065871,3.5200518776112886,3.177790135214057
55725,pop_2,2.6705368429972,3.3115746612663948,3.3007267334502908,2.728290078518586
55726,pop_2,3.3431313185660265,3.128375531434223,3.0405848352428873,2.9128807675039834
55727,pop_2,3.2822323306690144,3.454706886124281,3.086148820049901,3.0280649791214223
55728,pop_2,2.9238325383076265,3.333803339875207,2.835968996143677,2.9265417415723234
55729,pop_2,2.86978137324659,3.374294708458767,3.4900956344724148,2.795774861007574
55730,pop_2,3.000705226072717,3.2538174901955426,3.580227678482043,2.9082989490586817
55731,pop_2,2.8748190189525635,3.731779775870481,3.6109497263315524,2.9481331203196506
55732,pop_2,2.9485027999448814,3.636037741800815,3.670948833748581,2.6880412426238847
55733,pop_2,3.22496545244419,3.715095177299937,3.068108161549495,2.6585467975701995
55734,pop_2,2.7281590449025375,4.070737105729313,3.5336262031397934,3.6030093238031387
55735,pop_2,2.3782369152711964,3.37658243250228,3.4727474458220584,2.930638288061215
55736,pop_2,3.069682798194184,3.2436073739257663,3.1449938574294585,2.4225175047795133
55737,pop_2,2.4717475977975845,3.534047651593621,3.1470479397201228,3.4214717100102665
55738,pop_2,3.0767595232816194,3.451506680940077,3.5177416025457138,3.079872261754374
55739,pop_2,2.9237562868893976,3.435925177528509,3.163520199114692,3.2454870833424887
55740,pop_2,3.1770534405043445,3.5645146158794554,3.3759761511073663,3.24826856841552
55741,pop_2,3.070729688110678,3.4702892561369136,2.959612019886693,3.0940191223906255
55742,pop_2,2.9238424690587292,3.803354702464344,3.4247674489641433,2.7336793309372256
55743,pop_2,3.11919195555523,3.6087488381865054,3.2013125779249716,3.5628636612661584
55744,pop_2,2.87066785512218,3.412875583311694,3.6660286974478193,2.9027433780003347
55745,pop_2,2.731435346106196,3.4350290791877054,2.888966560312749,3.1974872410104043
55746,pop_2,3.1886521704901,3.4831738288984666,3.8166604787201597,2.5979945898024885
55747,pop_2,3.0470905286887087,3.676460167123845,3.511089241043778,2.524740735825722
55748,pop_2,2.8819718321216654,3.019729608859365,2.83413857731695,3.3569246140666644
55749,pop_2,3.008995933961956,3.709984051464307,3.5556920525247353,2.899120455432495
55750,pop_2,2.921272224620024,3.2629265615738725,3.5337117582999378,2.844759208978692
55751,pop_2,3.0961799187195265,3.088949479200624,3.20492780030617,2.9614376713967605
55752,pop_2,2.7412952603537564,4.141681469999783,3.1881695801344114,2.7492937014768404
55753,pop_2,3.1810406327823766,3.184629032741558,3.209932478077982,2.9880623398586295
55754,pop_2,3.18494673222743,3.7522261069016207,2.9144869679539553,2.998203793187505
55755,pop_2,2.5368132857377823,3.482401199344189,3.4128391992804517,2.3123350545686456
55756,pop_2,3.1384651778208514,3.6640893725072043,3.058951684481928,3.286482866406034
55757,pop_2,3.1645322233479454,3.160583798409227,3.2390057061093436,3.177307307610147
55758,pop_2,2.9046618401537723,3.665107175303176,3.0002868765758244,2.466852644569939
55759,pop_2,2.8961376802747685,3.56189391873562,3.294117689860437,3.153050234416496
55760,pop_2,3.1890840339903432,3.8824276767938177,3.399009159870573,3.1736052730338353
55761,pop_2,2.9230489415942116,3.540005904975446,3.196904091820173,3.032944017268216
55762,pop_2,2.6601690071981854,3.8881276679314807,2.7616876864070066,2.449968183866312
55763,pop_2,3.0381666794771545,3.7268784714585297,3.0132178081235415,2.8444236771283555
55764,pop_2,3.320552284649288,3.787456620334625,3.1015034772844574,3.049005074103349
55765,pop_2,3.101682687423001,3.6851379898758174,2.8138007218834984,3.1559449996567843
55766,pop_2,3.2168570534356484,3.742281793972471,3.156653768153718,2.1677923631908436
55767,pop_2,3.122075065538532,3.3368786870400378,3.446708283279724,3.0204122170660344
55768,pop_2,3.183101087591581,3.2591472571153197,3.3046842203481352,2.4168392010043376
55769,pop_2,3.0494104540929063,3.5458949417570302,3.341057840465409,3.046553155797981
55770,pop_2,3.0866741700150637,3.5332677649334636,3.2860568038870492,2.992945301325551
55771,pop_2,2.8471896590058754,3.2965495974292502,2.879906549203549,2.480209150484559
55772,pop_2,2.9966011141255144,3.2427973778037873,3.5003552064697447,3.1373786972500484
55773,pop_2,2.816323055623645,3.5217633462176785,3.4201852933969388,3.008005840586087
55774,pop_2,3.1464188493405683,3.3705503113391515,2.946656798120289,2.631251737308464
55775,pop_2,2.786573548979031,3.912919438784903,3.3309804658915874,2.8460591675856883
55776,pop_2,2.261750108321686,3.6135593271086446,3.1918310935476075,2.7645108580152855
55777,pop_2,3.2351253408182656,3.2044469165006446,3.0599637260251504,3.1971461031294157
55778,pop_2,3.0043197190470936,3.740214572198787,3.3732576820412405,2.8978326329604682
55779,pop_2,3.1528327631225275,3.6802403542347077,2.9967495990985022,2.5962362284095306
55780,pop_2,2.618503509187443,3.4305489381025147,3.241104194381869,2.7245519802348523
55781,pop_2,2.793188348331696,3.6679346559128545,3.027368930169002,2.821254547250631
55782,pop_2,3.3618104766709727,3.909188300899114,3.522882211989455,2.887201713569909
55783,pop_2,3.1506314922125576,3.4281360930445386,2.9341610049429745,2.6201443234706634
55784,pop_2,3.134657187724406,3.2668792670790268,3.0455999230148936,3.1695179284344897
55785,pop_2,2.9758853926933386,3.739716675802163,3.9056302533832947,3.045568565957909
55786,pop_2,3.095558722489757,3.6649097343868315,3.297767967590463,2.9621560199056054
55787,pop_2,2.792950953745872,3.53900990603314,3.307310433750997,2.9969263992914863
55788,pop_2,2.594047597903401,3.906077609141458,3.0230327408861024,3.063294619202194
55789,pop_2,2.6342892350043114,3.1087655269556804,3.145735141344031,2.6974730348395046
55790,pop_2,3.0110947665202823,3.6519472686202032,3.536552396722202,2.858434536121568
55791,pop_2,2.830094005365054,3.475409622532161,3.603787103867724,2.6032533900414183
55792,pop_2,3.2247989965152852,3.588787541437197,3.2147944425845947,3.138392750175888
55793,pop_2,2.8181543338959294,3.3896453545194536,3.243777744806734,3.0149399725415353
55794,pop_2,2.828257400017795,2.988582082518979,2.9147873018452555,3.212608060221394
55795,pop_2,2.99049121738659,3.64361018804079,3.3917790485923707,2.737696220280321
55796,pop_2,3.220085820464768,3.3359010021381774,3.3561722239866354,2.813334911014382
55797,pop_2,2.7197469172806548,3.35992560599804,3.4960345329027116,2.8390328913642904
55798,pop_2,2.9662917800372552,3.5029889759162804,3.187487264879587,2.9155231247591997
55799,pop_2,3.2142868133239086,3.8919639036897644,3.5271484012257974,2.6491842461515756
55800,pop_2,2.953698869648749,3.199713971205058,2.959617777979746,3.0026522402679854
55801,pop_2,2.9449291184137256,3.67717006089184,3.002293974841753,3.321207857710623
55802,pop_2,2.9548328894988134,3.902409155986665,3.6881701442310653,3.1657972830555954
55803,pop_2,2.7856810282557927,3.688555206124661,3.4648918143668963,2.792538169672684
55804,pop_2,3.016382679390543,3.5105212680236204,3.238503039044051,3.213107326680677
55805,pop_2,3.100742946709307,3.8689529752324505,3.54156503116735,2.6098325067495445
55806,pop_2,3.334299866886469,3.437637843620359,3.6399057574462383,2.463412678649398
55807,pop_2,3.091615055195991,2.9185278814710482,3.047103874070597,2.8195064709010556
55808,pop_2,2.6062692941011223,3.408221280545165,2.4241934642551968,2.8559838853323494
55809,pop_2,2.5604661999087974,3.3568684742758044,3.0060490582162456,2.3852270616165225
55810,pop_2,3.208339924778675,3.783807228273663,3.2999185476864707,2.4392634517253295
55811,pop_2,2.8613982897310475,3.935943359265286,2.974646460905425,2.5926134842365895
55812,pop_2,2.983591393813071,3.7127672877424485,2.6864177564668994,3.104368498591356
55813,pop_2,2.4547192635941624,3.631485477154677,3.24528801554248,2.76159031990217
55814,pop_2,3.31761939631484,3.6145010380296942,3.8715326965260903,2.441755867826341
55815,pop_2,2.7628985091140135,3.516264489949964,2.756916369883707,2.806668964150863
55816,pop_2,3.182627136052722,3.734264639749668,3.201826371202132,2.839849159847052
55817,pop_2,3.343587302397793,3.369326956825522,3.182477522451949,2.831788377323175
55818,pop_2,2.865387132143511,3.608113739429168,3.7792328739006646,2.456250347042567
55819,pop_2,3.016019737213072,3.4090920015892627,3.320767835202532,2.9721718337191643
55820,pop_2,3.0985613443411752,3.392580400647023,3.2627460210849804,2.8307107987329685
55821,pop_2,2.9690223519148664,3.4279776771278314,3.016247030216636,3.2573197304081103
55822,pop_2,2.927740423424073,3.503862737986399,3.714884164740909,3.109287232240898
55823,pop_2,3.024622873532848,3.6079298015812253,3.096087220448861,2.4484820640839136
55824,pop_2,2.6058802178430582,3.0935368627052924,3.2331281222024906,2.9357741870169263
55825,pop_2,2.8940139778407605,3.691167308778097,3.2147764148482247,2.4104940516780324
55826,pop_2,3.3971475360463956,3.4211821934524522,3.2193654249848547,2.3500100852459274
55827,pop_2,3.2843783017995847,3.428958082841994,3.486330878091438,2.8157230261533392
55828,pop_2,2.6818397481678513,3.345928662261539,3.044023650001085,3.358319561398037
55829,pop_2,2.816952878613369,2.853554432444146,3.4733963859730292,3.110187779055322
55830,pop_2,2.9989074436783714,3.432018323157614,3.762859072842316,2.677432046265823
55831,pop_2,3.039441944539656,3.462491384977161,3.2478165766787086,2.7771254298725006
55832,pop_2,2.82863337135492,3.2917349126417195,3.502594961614597,2.4437872358216297
55833,pop_2,3.1459434435915425,3.438194631718938,2.9023075731617345,2.5969482666997763
55834,pop_2,2.7983991378124626,3.126899982971861,3.7556909606051727,3.25298492817498
55835,pop_2,2.7778715136839534,3.710270691433563,3.623049331888211,2.7664681295623756
55836,pop_2,3.0494175150775926,3.7052222694437003,3.480900949297579,2.391952866700456
55837,pop_2,2.776629078521294,3.633700623171791,3.0382168293197536,3.0518977511592054
55838,pop_2,2.965112007746615,3.452917852585559,3.352643044537203,2.531584234346294
55839,pop_2,3.3212370131113427,3.417024286029473,3.1636541667625204,2.7143417919706634
55840,pop_2,2.547152603568211,3.7941453869602726,3.1707371743405552,2.9539737687497385
55841,pop_2,3.0757701995888325,3.487463575534381,3.1669504917189775,2.928041496949097
55842,pop_2,2.852656258552725,3.4333266246010665,3.135370645395282,2.9313604364887933
55843,pop_2,2.5893910148417505,3.794441501567085,3.2284452539801403,3.0353105651208256
55844,pop_2,2.9167435269337743,3.476653643927496,3.181857179195046,3.165392857520711
55845,pop_2,3.338065042761113,3.351226258170536,3.6162882690179794,2.986768026380626
55846,pop_2,2.9910845077096293,3.604626729326792,3.5476070569797855,2.7551699780125953
55847,pop_2,2.7978922220080173,3.827647926518383,3.497747623507432,3.182646742470381
55848,pop_2,2.8665449631435638,3.569450716126358,2.4951682239621715,2.7090235160102574
55849,pop_2,2.631823679512004,3.76375754170629,3.345385857530988,3.0140959194490144
55850,pop_2,3.071873859044145,3.5288144205086933,3.278817964939171,2.99784974823048
55851,pop_2,2.9149061155419953,3.0918017153005053,3.355720576310797,3.0936526106418945
55852,pop_2,3.1614842532654728,3.426598266015978,3.4966134709537875,3.0072040452973
55853,pop_2,3.050724953982291,2.9950588455957052,3.1545900588630196,2.913600032835731
55854,pop_2,2.8841157301190217,3.6052594976433605,3.149759721183103,2.6793460805661864
55855,pop_2,2.923440345848506,3.8825880668637485,3.453197454504846,2.522010244280779
55856,pop_2,2.640497539780141,3.6517470869709787,3.6686075441674135,2.4358588675872346
55857,pop_2,2.725657198345869,3.9620729454898638,3.5927717847386766,2.8710048952691873
55858,pop_2,3.3880354205087504,3.6276844819195166,3.201056919782529,2.148414109613665
55859,pop_2,2.7991661412710545,3.559807179780631,2.820029488355355,3.0734579496730907
55860,pop_2,3.0834750429241966,3.690396657983751,3.151617827413991,2.2920961313363977
55861,pop_2,3.1983385061583367,3.5631567710141474,3.4131940435897903,2.111735685967549
55862,pop_2,2.7623473231921496,3.56902671130483,2.659493868565478,3.1929028645965336
55863,pop_2,3.134533395042755,3.0685941948805873,2.9612730674919785,2.93629109694693
55864,pop_2,3.038821573924641,3.4947363124230333,3.3355853411027097,2.1441922639880717
55865,pop_2,2.618994838424838,3.6620293132448354,2.8290101827896934,3.166301829713058
55866,pop_2,2.9571703804703806,3.74950621742956,3.29925598364442,3.0780285539353907
55867,pop_2,3.3197720511277744,3.791349949862509,2.9014691869840794,3.2441276079182897
55868,pop_2,3.2589699138961814,3.414149270195046,3.3898287723713305,2.843609700742637
55869,pop_2,2.8525112233208105,3.3060282071286897,3.2735520860146257,3.3281463258162356
55870,pop_2,3.0072233122627376,3.241441019790043,3.429745830666542,2.9273239368008834
55871,pop_2,3.0541080755059853,3.2856325580378507,3.469888519070527,3.1487768462529986
55872,pop_2,2.4529052041062633,3.3321256163596282,2.8524680319772493,3.621214419614438
55873,pop_2,2.8474719973933973,3.392065711152223,3.011607203334553,3.2872936371703743
55874,pop_2,2.6776413363278535,3.752726379046214,3.470248025415069,2.9488477229864998
55875,pop_2,3.2259436087612,3.767266672800313,3.4201968070167172,3.33534779576967
55876,pop_2,3.3309363554796048,3.2246904579136566,3.11547737796283,2.9905725423563543
55877,pop_2,2.723291371334479,3.2542325954029874,2.9900324100549307,2.874320065765978
55878,pop_2,2.9037075377981867,3.4486156479480625,3.451958358073859,2.238908672172866
55879,pop_2,3.3140836322381553,2.9094849702995886,3.2632376015961135,3.3108614188539014
55880,pop_2,2.888119491203651,2.882281768985182,3.00850635022257,2.7126440728460084
55881,pop_2,2.741118869874394,3.7522846875439093,3.3622995859166225,2.7045447097344284
55882,pop_2,3.175064546996431,3.356996637787652,3.1060957516314947,2.6775996004086595
55883,pop_2,2.7152887228337232,3.2815572471490717,3.2352975204653442,2.651829053231275
55884,pop_2,3.050319554653022,3.6029000654603927,3.3752481753933705,2.6805736955395556
55885,pop_2,3.212789687708213,3.676131389661413,3.8862732031793454,2.7918833756788874
55886,pop_2,2.997533839879064,3.3972789672172583,3.096166112194309,3.181747632529091
55887,pop_2,2.806925959246655,3.6059141210844317,3.2206754312788295,2.665374118756913
55888,pop_2,3.2134904010355156,4.080078814947267,3.1832522266967183,2.8469308801718354
55889,pop_2,2.9667970966649735,3.4206823394663153,3.5005389982580324,2.7318066321565637
55890,pop_2,2.8169055284778257,3.3548656348653156,3.309970765786554,3.1612929183464007
55891,pop_2,3.025444016023818,3.7146007662927576,3.5447886997731937,2.9902625805029004
55892,pop_2,2.96538750831865,3.490092364333618,2.8241937308870018,3.4130817111749066
55893,pop_2,3.480204024680035,3.3877947685919523,3.37813369014956,3.3912591332004705
55894,pop_2,3.0359798284202055,3.2255205893676258,2.7875440841333203,2.8573375827691776
55895,pop_2,2.816738318555619,3.2305260075936,3.2349008249592885,3.5515206859614534
55896,pop_2,3.4085745060293613,3.6573402745891874,3.3465875703411516,2.849911949050756
55897,pop_2,3.072406676482308,3.1822739503810378,3.291402271016667,3.0337527106352793
55898,pop_2,3.260980017576349,3.377462842563689,3.445109681674008,2.7105394132175835
55899,pop_2,3.6912409472641485,3.5005174102765166,3.081072137063865,2.673218849042373
55900,pop_2,2.8060989877750804,3.424606591081968,3.642337759692985,2.5236319898305197
55901,pop_2,2.789241126083309,4.03326005134809,3.4538460414196135,2.951026588677549
55902,pop_2,2.499972543315782,3.143227515481035,3.563830771103456,2.6176190688848098
55903,pop_2,3.3303141162754737,3.6797244580089936,2.998151809799626,2.6538111993459146
55904,pop_2,3.2637618145646563,3.393071035728923,3.5547272122005205,2.745036492360485
55905,pop_2,2.9081934714576745,3.6126197935062607,3.500437197152038,3.2280920804065647
55906,pop_2,2.7874311106303553,3.6709040830913,3.322796014553425,3.2413010107423648
55907,pop_2,3.1126537276380515,3.6302866136811924,3.428148444898237,2.6301707769728346
55908,pop_2,2.9236152632623784,3.521133785803139,3.128346102115347,2.7396164168661974
55909,pop_2,2.9159660363982987,3.4102345689903206,3.627299883178573,2.5320219900128893
55910,pop_2,2.8880482915972117,3.592332240526364,3.3579064036012687,2.4082949856085847
55911,pop_2,3.1108655268253718,3.342610630298261,3.143709900536148,3.0284972232180616
55912,pop_2,3.0632899245531986,4.0374368355025805,3.191366118015515,2.373049007560557
55913,pop_2,2.8915701591798713,3.5872098768265577,3.570991421126232,3.171369468396468
55914,pop_2,2.650587750840329,3.498557011506228,3.0516462376737845,2.800959649655245
55915,pop_2,2.764078381760796,3.432986461213946,3.2404371494159303,2.9340403456351365
55916,pop_2,3.298560779857522,3.349708712218841,3.4916211832912682,2.6023992522639263
55917,pop_2,2.7749291873836563,3.480981332537303,3.742591016050534,3.3466645220499402
55918,pop_2,2.7170164944807613,3.584462363167982,3.068778164712252,2.91343004783506
55919,pop_2,3.119728989274927,3.743043892051963,2.9479779840060933,2.6028767468309977
55920,pop_2,2.8918116905539892,3.2511244611100176,3.5668593462073734,2.859429006357026
55921,pop_2,3.0795438062247813,3.5192140331699884,3.121468497035841,2.7807604666571306
55922,pop_2,2.731980539680299,3.45604357410153,3.325147837007712,2.8753466766810294
55923,pop_2,2.7709554891204817,3.7617581348340483,3.6771566394399198,2.838538386406207
55924,pop_2,2.576688699314569,3.392305614442961,3.039815633101067,3.4984319891418845
55925,pop_2,3.240128325171658,3.5435390728506517,3.092611381518398,2.465274253439471
55926,pop_2,3.3898222622067724,4.043399978587567,2.965605980584381,2.829721325228392
55927,pop_2,3.2988644320362837,3.448312881976133,3.6102617941392534,2.4595707058067404
55928,pop_2,3.087522583782225,3.46763623270081,2.810752395455846,2.7830120581030706
55929,pop_2,2.8655987366286646,3.4405528009851243,2.987308503125704,3.037244233123364
55930,pop_2,3.101728417258505,3.5209547510788326,2.8340948579193297,2.5776454415098917
55931,pop_2,2.7993388166416207,3.268478291171618,3.323440881351229,2.9078041747453867
55932,pop_2,2.9618268326104396,3.5205735517547256,2.808084234359515,3.2194882517886243
55933,pop_2,3.321277196312159,3.5059563108986387,2.966643081451158,2.93469011872434
55934,pop_2,2.9157478854432477,3.768617882224077,2.9265941646634888,2.481717434512448
55935,pop_2,2.7831366248034506,3.343514129881491,2.6583849531556187,2.716272506832839
55936,pop_2,3.2781735599765174,3.7133390912084883,3.404891861278816,2.7165001275462966
55937,pop_2,2.8722622120481462,3.7851301923469336,3.4764059842217185,2.712530873462436
55938,pop_2,2.716200361823213,3.568480826464302,3.138304718018913,2.610783742288617
55939,pop_2,3.3673546526374145,3.396694233805991,3.1720981822943353,3.0274492632766554
55940,pop_2,2.511428606252124,3.4835085892630375,3.56339309327566,2.700130189447598
55941,pop_2,3.211225754230062,3.6424230023893043,2.877272544570254,2.4536752716390753
55942,pop_2,2.857408221069835,3.5003872324768106,3.2111433679549095,3.180012406075442
55943,pop_2,3.128537447936297,3.3932148943678526,2.970724576605011,2.8307033650608275
55944,pop_2,3.048524335941556,3.3128357077166934,3.610980373587046,2.1842611174046245
55945,pop_2,2.713615357527407,3.5098277738821135,3.0880706239488602,2.7978226828243407
55946,pop_2,2.634533916032813,3.50610143754827,3.293230988659288,2.910779330126873
55947,pop_2,3.0600474158056787,3.22170800162956,3.7846880913496124,2.570758941762151
55948,pop_2,2.744072998162514,3.4756502717386915,3.291347225736569,2.8987134560745833
55949,pop_2,2.976033909046795,3.3522239081799743,3.3585032093253,2.7740404932987
55950,pop_2,3.0852849357673966,3.3962941275576437,3.0465678290594553,2.563821762695894
55951,pop_2,3.006191088247091,3.8636896358866584,3.17422542043926,2.491524790149037
55952,pop_2,2.8262747246905384,3.4738508060089166,3.073550135543456,3.0201904766324583
55953,pop_2,3.1647190541740553,3.427240040798442,3.3018139695807953,2.9277340500176177
55954,pop_2,2.8248901394625436,3.1809365327975017,3.0806379287070063,2.959508176736816
55955,pop_2,3.0948810947825383,3.743285119480357,3.7382847711113825,2.4779187244242538
55956,pop_2,2.7748808144048134,3.452580851195973,3.5264764105623962,2.776530152831699
55957,pop_2,2.813733691430878,3.573770053753806,3.1085066220933255,2.7309097286720796
55958,pop_2,2.7207787398234693,3.4718612875603077,4.041729366070319,2.997562272687308
55959,pop_2,2.688037914087657,3.6825387170749613,3.3923533737123597,2.6535753955351638
55960,pop_2,2.9103934505936286,3.4395375973400375,3.2332483668556127,2.703159414313143
55961,pop_2,2.8581529755677693,3.5783415840628967,3.93352897442937,2.9467739255447185
55962,pop_2,3.0050306188857516,3.3059479566527505,2.9154785623935378,2.7109549079004185
55963,pop_2,2.990145013383381,3.585129657131446,3.468731429314177,2.9205964557163986
55964,pop_2,2.7792583680718668,3.220974165352035,2.9604208678352393,3.029140158738294
55965,pop_2,3.213492101819277,3.4502410071924516,3.390700120584416,2.9658463956807073
55966,pop_2,2.5256867761599806,3.548824652163327,3.0227224247329256,3.255618363833678
55967,pop_2,3.051322905655267,3.5537716670791557,2.840437789525614,3.1088998806078045
55968,pop_2,3.2430121628493898,3.6450839948138976,3.4707267601539797,2.159624253001812
55969,pop_2,3.4469906757559663,3.644081812162833,3.5067204882768253,2.898239381852748
55970,pop_2,2.7877026163208742,3.33886167720688,3.101197054467519,2.6466844513233174
55971,pop_2,3.0894754762665664,3.269719122857765,3.137980147947901,3.554480782370933
55972,pop_2,3.1012009081820877,3.8572901148154073,3.1613055057409363,2.612344302262088
55973,pop_2,3.085495590673914,3.9294885170960696,3.516643505329045,2.861135275463423
55974,pop_2,3.3935075675881885,3.3065879288683946,2.882413846647179,2.9841907007430986
55975,pop_2,3.052430280826103,3.596603555796837,2.8920450613923343,2.9434464277640893
55976,pop_2,2.7954443120641117,3.2241345128142997,3.1870253460676166,2.4942455068767986
55977,pop_2,3.3236558493510153,3.3001124755789775,3.0653713122078146,2.6090121578572774
55978,pop_2,2.65713459890378,3.7958100449649264,3.3053265174184316,2.7791915648627104
55979,pop_2,2.7579132032620888,3.377515040766101,3.066085531116901,2.621895913698522
55980,pop_2,2.8144710310738827,3.2424533145836802,2.7991183366816457,3.2816383816715438
55981,pop_2,2.8251875541808267,3.212300790255142,2.9248739485938797,2.995606756815667
55982,pop_2,2.9597817009409972,3.3876653351126267,3.364869352481507,2.463891214024787
55983,pop_2,3.0540213991817424,3.5677145378031874,3.553051393206731,2.991411496576858
55984,pop_2,3.031404497426823,3.277978824678948,3.012596060152709,2.7837216069008246
55985,pop_2,2.7327365428277677,3.4394376906243966,2.899392320452282,2.899432138405311
55986,pop_2,2.8296104240802102,3.661465145832158,3.3304273982702943,2.9859276890015454
55987,pop_2,2.56759633718424,3.39495877624201,3.1687700080011667,3.02270871393474
55988,pop_2,2.7981101091503495,3.62357813941716,3.4491555007155785,3.0064263164021767
55989,pop_2,3.1095925696844766,3.522340928323857,3.6431281635504846,2.5328987288192617
55990,pop_2,2.2895158744501556,3.8323381225216266,3.197688783677188,2.5423612189557514
55991,pop_2,2.746911120297444,3.823506125741891,2.2564569189748647,2.9762427808961465
55992,pop_2,3.331148934465104,3.6277067249233164,2.9381721563193537,2.6949143984767696
55993,pop_2,2.993391706972287,3.9835552211415473,3.7836923982746655,2.528021910654094
55994,pop_2,3.251641678746783,3.541373588222526,3.2782861684804785,3.1318057303682214
55995,pop_2,2.8467316898447343,3.5463965754276665,2.7205493780842835,3.0202040601653204
55996,pop_2,3.0573076464019735,3.372278918118129,3.4312435828547296,2.4146990268600854
55997,pop_2,3.1330899989912107,3.5050509243547947,3.2045025491018437,2.8511010913019432
55998,pop_2,2.818819910575474,3.9509357057216894,3.524820265366988,2.7684085871155957
55999,pop_2,2.901693199228973,3.6886095912936208,3.502280306670612,2.62005340949061
65000,pop_3,2.8456072525491782,2.9393861151104046,5.561471142876788,3.478061854015024
65001,pop_3,3.0136351176734273,2.8057991087362493,5.7214575237563245,3.2376065298449146
65002,pop_3,3.0942972237783293,3.232490340050183,5.627073383814608,3.314884938222171
65003,pop_3,3.0365715250366176,2.9217689991198976,5.222516454584383,3.532131649037389
65004,pop_3,2.5317270472569313,3.1624536312279785,5.937697628890175,3.2508144738695743
65005,pop_3,3.140896852367783,3.290144899857496,5.47987014754278,3.2132746699077863
65006,pop_3,3.2527336965579434,2.9920246511011936,5.558629971494685,2.874568095884087
65007,pop_3,2.650331951669084,2.9897536761182377,5.928594041633412,3.142739489288424
65008,pop_3,3.06289580393392,3.1657892118025526,5.465779543824506,3.3958143341134064
65009,pop_3,2.9331178297464024,3.4422856599974976,5.2544751379206245,2.959502121379185
65010,pop_3,3.1184432096127384,3.1022554842723453,5.8799481266803255,3.403115520867337
65011,pop_3,2.8606904704968783,3.3283932410115313,5.821278119740847,2.841907471955684
65012,pop_3,2.929611104504626,3.0021446685241986,5.750316800552462,3.0976221578655716
65013,pop_3,3.0791496203314512,2.923846765018255,5.69893962870695,3.3057397409631744
65014,pop_3,2.945293582417279,2.6215765943638094,5.461644549742202,3.6347592157803765
65015,pop_3,2.9854120961434667,3.0388770965833936,5.835842221305537,3.4863760911594377
65016,pop_3,2.969784701495008,3.2284681220177314,5.583517002887706,3.221002787752325
65017,pop_3,3.256442845342766,3.0482799480300846,5.551191545928097,2.7136269724915305
65018,pop_3,2.745602294197895,3.063145043466218,5.553002970386236,3.0084048672034154
65019,pop_3,2.765515952908008,2.9066622087193648,5.183609322162514,3.170925914256704
65020,pop_3,2.984951251433044,2.9911369728611823,5.658797708405849,3.2768102615181207
65021,pop_3,3.1923256705284224,3.376205690065758,5.179273721952958,3.0971159363778105
65022,pop_3,2.3576065998019735,2.6923056745599285,5.523880689175805,3.609068511751141
65023,pop_3,2.8468202748153835,3.2247733365043554,5.596364383338233,3.6619864146869676
65024,pop_3,2.9387080229619453,2.8308674885476757,5.392815810987157,3.5143118548365013
65025,pop_3,2.7978513054082423,2.6898695608579444,5.663166902963369,3.4914007540014147
65026,pop_3,2.772645047071571,2.9080880877048525,5.619216982684884,3.668297496565974
65027,pop_3,2.981507024071442,3.0946270675825405,5.109254612579951,3.108072999248583
65028,pop_3,3.1247684629747736,3.2384616298886186,5.49402553115665,2.669928090276077
65029,pop_3,3.310344046434222,3.2001424736676647,5.521023422316443,3.2602174886197597
65030,pop_3,2.6086324340332854,3.0617958478916467,5.419304225396113,3.428169510436048
65031,pop_3,2.7400911633321114,2.992416443635774,5.156695364078191,3.2937587312731145
65032,pop_3,3.054858934720759,2.8128347016613784,5.774759243350247,3.789839480608392
65033,pop_3,3.0593223128587654,2.712399599064593,5.581394512487514,3.1967934275688563
65034,pop_3,2.7110480863815503,2.6053113640723815,5.031884144233878,3.7565619545787325
65035,pop_3,2.8996995425863243,3.3776252675764815,5.546725137788014,3.2852648541655904
65036,pop_3,2.7570681107281967,3.6406603293209447,5.689934309153846,2.77748480380663
65037,pop_3,2.8404890799727567,3.1697528549330736,5.8161800336235014,3.5296005068825496
65038,pop_3,3.0981244715441023,2.910478162795498,5.747129553542061,3.5597908001435683
65039,pop_3,3.153526153568997,2.9628059012216297,5.419285383817927,3.0366676668480896
65040,pop_3,2.6918923334601272,2.9062730444977296,5.400961290359934,3.3697137673834807
65041,pop_3,2.6817059043489238,2.9805449903155155,5.348226544330336,3.288310933118673
65042,pop_3,2.3485526756693615,2.9659080463823675,5.532639394485223,3.844401678567335
65043,pop_3,2.95483485239972,2.8230390964817453,5.2733242833345955,3.6435343456403255
65044,pop_3,2.79841339809391,2.432314058304926,5.787075411142481,3.630644376157967
65045,pop_3,3.4082248405036677,3.1190875503013995,5.53053789461283,3.6153768861518976
65046,pop_3,3.2571249433510063,2.99358250920247,5.886209831740591,2.9600537736018255
65047,pop_3,2.5077916514054253,2.8768356037289142,5.38699953669325,3.5929320341716324
65048,pop_3,2.949515017084091,3.118470303685463,5.897385799352419,3.1858890817759504
65049,pop_3,2.9673317292521944,2.7988356621016774,5.212670296739972,3.609729772442761
65050,pop_3,2.744200473495845,3.321160800936766,5.183423853349372,2.9141112846212374
65051,pop_3,2.836062356082096,2.7175190141319474,5.372629985138033,3.449654757451783
65052,pop_3,2.993134330377792,3.3726112463783418,5.594549690898857,3.191200059515576
65053,pop_3,3.1276900054796264,3.307873353643706,5.456987698527677,3.095308208842334
65054,pop_3,3.045910336430767,2.703746449965542,5.7607138350804385,3.2147035887654356
65055,pop_3,2.911000375411538,3.2083749243123236,5.2758246183115665,3.18111882254223
65056,pop_3,2.9949032934002098,3.2405724676974414,5.570363373597712,3.7555153905705883
65057,pop_3,2.7111727075621532,3.019938096271911,5.332197098012249,3.4977227207771997
65058,pop_3,2.5833270950042406,2.73450076953611,5.552491231661988,3.7836031915989365
65059,pop_3,2.917313986037203,2.9959513633019315,5.51604759459538,3.5227859022562122
65060,pop_3,2.4839668794334986,2.5638761046063543,5.192797639862336,3.9028448762998873
65061,pop_3,2.768755847184918,3.08507409453079,5.445322919819789,3.236878492650466
65062,pop_3,2.790552104350396,3.1044579125157994,5.5895326586008895,3.008666170526268
65063,pop_3,3.0384924308230206,3.24726967661526,5.826957868810056,3.299343244335386
65064,pop_3,3.0688336950289536,3.005716351720644,5.185745258979554,3.3886235735114756
65065,pop_3,2.986572944212284,3.083315886435533,5.228276231697505,3.3656929421191686
65066,pop_3,2.9914055604947314,2.7821177824921017,5.651809341144729,3.4121697590532483
65067,pop_3,3.275842948151432,2.9856452306332915,5.601624754534668,3.256447356969872
65068,pop_3,2.817341907111958,2.7661059495282876,5.273259830318808,3.5091275601140746
65069,pop_3,2.8347075242309687,2.5987386779325505,5.1124261780173414,3.5603864670772505
65070,pop_3,2.946830297034931,3.6381161735904457,5.649598084580664,3.125799013071394
65071,pop_3,2.7144178395462273,3.2160878927061285,5.409367261389142,3.1792267933868934
65072,pop_3,2.83201208306286,2.687706281131232,5.724060354753568,3.7350921217995507
65073,pop_3,2.8303117611824438,3.0691718500847776,5.442975797895784,3.322953504198972
65074,pop_3,2.8494588337884075,2.8876444187485037,5.385577816171075,3.614517818212757
65075,pop_3,2.855392320198277,2.9707636750113746,5.462231907878867,2.812724843139135
65076,pop_3,2.892112864311411,2.6247347617911805,5.40902326543259,3.3434673299459945
65077,pop_3,2.6731992126716966,3.040373385955911,5.475284978380942,3.3533738493268435
65078,pop_3,2.655711119587435,3.0664456913139726,5.472287761969839,3.1360927287775078
65079,pop_3,2.822810482055962,3.009807577631576,5.628257792851627,3.2549427604496386
65080,pop_3,2.5706295985574714,3.3928289749655014,5.158856406996591,3.580320020143031
65081,pop_3,2.9621400699321048,3.1709889850696182,5.1843680211256125,3.4857280465444958
65082,pop_3,2.720649429427441,3.0355233915371134,6.069096247099612,2.9409028968009228
65083,pop_3,2.5111550362849924,2.6389011393747466,5.458967152286211,3.6296737855739756
65084,pop_3,3.042539028486007,3.528518773859152,5.855850438613853,3.1777366909573823
65085,pop_3,3.084470994459717,2.9376702299275466,5.227301230459244,3.555841216728627
65086,pop_3,2.5729103881130797,3.1277805306359148,5.378532761649344,3.4906398922812487
65087,pop_3,2.757832679275226,3.1943957191853816,5.74542497602288,3.4875819602797784
65088,pop_3,2.9480679529831755,3.3949997072740454,5.6945620720205925,2.852540732914518
65089,pop_3,3.036194948924727,2.890435529763726,5.526015442825647,3.2798844999856254
65090,pop_3,2.770286988465259,2.790500821713061,5.349584561828907,3.591615867094246
65091,pop_3,2.865444514217295,3.072751454628257,5.380508787315526,3.445409302754393
65092,pop_3,2.573069675957608,2.8510479969534908,5.57046238434451,3.7067480549404763
65093,pop_3,2.8012676963503607,3.1034339242675224,5.3874679679580435,2.742431831802011
65094,pop_3,2.5907598927449973,2.8892610568001253,5.371132944555767,3.2945232900964467
65095,pop_3,2.876716300295736,3.310299089460633,5.4884629626635215,3.322041316317659
65096,pop_3,2.7683570406599904,3.0857942496415447,5.3742393718573815,3.5323246981001857
65097,pop_3,2.6215911061947947,2.9286520986886284,5.224563560491602,2.8768292574068677
65098,pop_3,2.715319052488653,3.477342798300772,5.761730339560807,3.0797824561065146
65099,pop_3,2.869164957567297,3.140380322306485,5.705922128713233,3.3031958706474507
65100,pop_3,3.3255837205372387,3.0398306738661516,5.604646771479108,3.350281880828503
65101,pop_3,3.058208203322193,3.073442787955765,5.308649222531832,3.1496746091898777
65102,pop_3,3.1487791245625525,2.9939778961516357,5.285519201352495,3.3297340990042974
65103,pop_3,2.7146855094757636,2.8184341102217245,5.678422779951523,3.644236761352065
65104,pop_3,2.8264192144630322,2.6257495547348633,5.42836457306178,3.2985384657803003
65105,pop_3,2.8072831190863745,2.7766624257669776,5.221073429538108,3.867796190590736
65106,pop_3,3.0957068472052014,3.6099079575416932,5.913196459249701,3.1041268274190026
65107,pop_3,3.250017614342752,3.09796043939192,5.173317135518732,3.524490854113271
65108,pop_3,2.758025263846556,3.1329151258202295,5.506252907315891,3.3479862177371946
65109,pop_3,2.8958570631433442,2.8515960192767213,5.730937200882436,3.7262649842988536
65110,pop_3,2.9701968948382445,3.0529016472844352,5.223449369217546,3.304206882524917
65111,pop_3,2.8273475525709495,3.072322992937157,5.760373655326701,2.9524990436211005
65112,pop_3,3.0039046016761817,3.2416309812536,5.740494056976144,3.4638690161631165
65113,pop_3,2.877684075818187,2.9469808176933,5.393070691545845,3.2954985797773464
65114,pop_3,2.8676112438103707,2.875893995694734,5.668300100009461,3.2528501334654525
65115,pop_3,2.4316890672156943,2.8137092556844983,6.176910880158222,3.0841745231652724
65116,pop_3,3.1350803229075104,2.8173594493671947,4.987584660561265,3.5629948316795446
65117,pop_3,2.848075812374931,2.627607674913917,5.747019103577554,3.700114751380307
65118,pop_3,2.551066545858547,3.1811105884340214,5.361437051478239,3.3480763527124844
65119,pop_3,3.0162113507354067,2.553973732279793,5.132570720339541,3.3605653502705284
65120,pop_3,2.720721248005087,3.1451706352665507,5.3007169380220525,3.1839160709673675
65121,pop_3,2.9708866627729953,2.959471835721895,5.184508815761644,3.9496279016661444
65122,pop_3,2.8265698304493894,2.9063073321862114,5.514842370361827,3.5070731627687155
65123,pop_3,3.091376388402773,3.029915684405589,5.2335085665597925,3.129373191840794
65124,pop_3,2.672702366022809,3.0998660834170915,6.241732516231292,2.5050557232150488
65125,pop_3,3.155607643954741,2.6657661531340127,5.089186854531828,4.007889251239466
65126,pop_3,2.7585787633601093,2.3843954962047893,4.918126251145287,4.201445599393806
65127,pop_3,2.8747817510115037,3.03275975630695,5.046534346148615,3.2508203352874823
65128,pop_3,3.180967411492923,2.939113508996229,5.53271962571294,2.9589388739158626
65129,pop_3,2.712262431467801,2.9725084578033347,5.486927489314599,3.6417921847512136
65130,pop_3,2.9037876724738108,3.0476304401489833,5.985755946953604,3.313596648087659
65131,pop_3,2.7619536303914254,3.2031413593166396,5.526407274305683,3.486927212350298
65132,pop_3,2.682417795982457,2.875782444676511,5.529464453229324,3.19340478367467
65133,pop_3,2.806053776479826,2.9694195211020595,5.510539432059104,3.276616471366091
65134,pop_3,3.139366064348076,3.103875469657742,5.618152846128432,3.394999004623314
65135,pop_3,3.090246898913322,3.242455521601733,5.3536939911041825,3.2782576704759308
65136,pop_3,2.830211979178817,2.4161100376321114,5.718907185721876,3.068140672079501
65137,pop_3,2.87800215745721,3.085579840093764,5.38919394103888,3.3974544863217178
65138,pop_3,2.7238227204326617,2.9468107676599056,5.536305391918042,3.2583743385000123
65139,pop_3,2.866964477496859,3.0922959891447914,5.455500483812834,3.065242959254935
65140,pop_3,2.9105428900228625,3.0200553281720803,5.511516519730922,3.4386130443091028
65141,pop_3,3.2037162731059063,2.7101876699264875,5.489997875299308,2.907227720972356
65142,pop_3,2.8035395202374445,2.9049382120296854,5.747169401349436,3.219349871083766
65143,pop_3,2.824049419837428,2.9996316759390367,5.843797552175928,3.216471537780685
65144,pop_3,3.105144633793946,2.5855179499419583,5.228192643719298,3.4398555546918717
65145,pop_3,3.0745779973956098,3.234319027621017,5.412451787097838,3.0556873247203433
65146,pop_3,3.007761347026534,3.019509211025535,5.842624043415744,3.5086807693299735
65147,pop_3,2.6691814981614383,2.9894432140486,5.4920646022131105,3.5103203306960964
65148,pop_3,2.889561252138048,3.3547763795487437,5.852273346688929,3.0170030323990744
65149,pop_3,2.893685588906885,2.843387508979073,5.5696887115724945,3.5656088217658226
65150,pop_3,2.737533610745092,3.4742583439538786,5.534416735710649,3.1610719177364563
65151,pop_3,2.6529816711243295,2.9829943374851395,5.49997069355812,3.232634686543291
65152,pop_3,3.2552001347582777,3.1319003703350754,5.448886059613548,3.3224688577342456
65153,pop_3,2.8792047965540055,2.860415536808092,5.781289940302383,3.4405244389040672
65154,pop_3,3.0051717807740483,3.0735342268730554,5.467512300398658,3.576863388287325
65155,pop_3,2.712821061770399,2.826588297710639,5.578963045816453,3.3143792568723436
65156,pop_3,2.7810068859582513,2.9030596281944794,5.397347136981195,3.245887793394075
65157,pop_3,2.871169113765783,3.153819369322055,5.389589523067942,2.982413006981855
65158,pop_3,3.0518807136807014,3.312468322380534,5.392373624772452,3.2547538696134484
65159,pop_3,2.6190620244971075,2.4991191113746045,4.920591424618835,3.686437417825542
65160,pop_3,2.9931964702975034,2.785683412213489,5.337069432267307,3.424905309816289
65161,pop_3,2.9861287760298043,3.1691279610338903,5.326273150839059,3.20415390391502
65162,pop_3,2.4991450393789427,3.0914156222834017,5.4317293657533465,3.3152973537278485
65163,pop_3,2.9397774236683425,3.2099053799524677,5.704502227698987,3.7125703655316666
65164,pop_3,3.0376176154008054,2.9638327514397638,5.511331130463595,3.1800097358632615
65165,pop_3,2.9222614444141155,3.15527316111911,5.600979097574088,3.043186343147039
65166,pop_3,2.601636665605792,3.218836193697768,6.001004755861744,3.14060021006266
65167,pop_3,2.930889163816446,3.4025905712546862,5.518540559681607,3.3472472527212487
65168,pop_3,2.894222741301573,3.0941097885182827,5.347689373899246,3.4823786627127595
65169,pop_3,2.6277530030111054,2.9198090671121983,5.502425138754208,3.795579899068384
65170,pop_3,3.082769287336889,2.8285560117047255,5.417173849938587,3.9401563459579023
65171,pop_3,2.7173594280688183,3.11075909309951,5.259019222621591,3.427473636360949
65172,pop_3,2.860905864207407,2.8531455121072193,5.63556018302302,3.332311308449735
65173,pop_3,2.5289823604715633,3.1206427984941705,5.389176382309506,3.5298475896522854
65174,pop_3,2.8108240699528797,2.847783618827296,5.465381475542881,3.344422472446691
65175,pop_3,3.072010460273574,2.858510279285217,5.559280557094391,3.276884614365974
65176,pop_3,2.776956154392564,2.6048459675231097,5.594858016335568,3.4373071878396457
65177,pop_3,2.5807079789611924,2.443043112436059,5.4945307367308125,3.854044646777183
65178,pop_3,2.9662436822846785,3.103900820770234,5.358213012172365,3.454804378337646
65179,pop_3,3.073774175214748,2.976892933646209,5.659163238582365,2.795093393693755
65180,pop_3,2.7392951569165787,3.4253547647752267,5.775118735889325,2.8856752965414953
65181,pop_3,3.319702464108309,2.888553713488788,5.723581796564789,3.533921621478534
65182,pop_3,2.521033324564982,3.1688025687889523,5.40227693276449,3.094111286743114
65183,pop_3,2.6812430861962593,2.9153544362053743,5.5695993851473125,3.2927590740632993
65184,pop_3,2.9735333513245905,3.1305809618847142,5.301078733089804,3.1537794567310478
65185,pop_3,2.702758421958809,2.663269017731981,5.542824905571039,3.467432198310653
65186,pop_3,2.778698780729802,2.8681521473574954,5.248403319176204,2.970193226974771
65187,pop_3,2.9905818529039183,3.0187699638521135,5.3147381200820405,3.1617073797381994
65188,pop_3,3.1239274341711223,3.1912828042675594,5.261454496348938,3.3114000009945745
65189,pop_3,2.8168591421374254,3.0288103954494496,5.628463851400386,3.4436504285630622
65190,pop_3,2.9208322084206872,2.735363552526463,5.678195287015955,4.256012685506835
65191,pop_3,2.537583819569245,2.7078182144478498,5.556576720938366,3.434873421281302
65192,pop_3,2.6995222388774582,3.044424115052774,5.943885736755456,2.795827581356916
65193,pop_3,3.032869950242601,3.0752433200404474,5.335086368112215,3.805574593237094
65194,pop_3,2.8914502851288755,2.9412393770639067,5.416850535188361,3.2514467190145235
65195,pop_3,3.1476862005190194,2.731761351130055,5.252588936266335,3.7009373206147362
65196,pop_3,3.133551126919577,3.1230502038592975,5.5959434770509136,2.9269678418422687
65197,pop_3,2.709078720696381,2.7777159507939233,4.789532974420138,3.724390479204042
65198,pop_3,2.906386281359893,2.9344358684280256,5.522863720712091,3.6073968351655363
65199,pop_3,3.1963356590762855,2.9824006886173726,5.612152571256533,3.041221041995044
65200,pop_3,2.6598151688715874,3.0568425924779468,5.717776983961323,3.2405609230090664
65201,pop_3,3.1949739747847405,3.0010721108923133,5.455266464403802,4.242756665044943
65202,pop_3,2.7260106184277983,3.415081998646301,5.514299961212065,3.575443308729783
65203,pop_3,2.9289001974183577,3.0272228319286767,5.0127193522728035,3.423958398893865
65204,pop_3,3.2048180097669277,3.1712135170654747,5.362366817170845,3.1840395803561936
65205,pop_3,2.9207648593357285,3.247701808143938,5.905979269754011,3.307948780666277
65206,pop_3,2.6706059778037483,3.100353985292972,5.694778793539733,3.360571778147661
65207,pop_3,2.8952658655423718,3.087303950469469,5.8243778779983115,3.5624991548585925
65208,pop_3,2.786796064035291,3.281613351259772,5.326486924315122,2.9379514206232056
65209,pop_3,3.0111847165257597,3.210812514506537,5.756771514499418,3.055843594782733
65210,pop_3,2.6273278495567,2.5389313197950654,5.233574024835251,3.8882940770478513
65211,pop_3,3.2100660175640723,3.168731168353829,5.7324799297774565,3.276059935733653
65212,pop_3,2.6573866824601873,2.8627832063138277,5.649817134377014,3.4901034492736667
65213,pop_3,2.913308078839657,2.9536534008895754,5.454427371872505,2.982950936651823
65214,pop_3,2.6866284441346724,3.235386651335267,5.5017332055773105,3.2307837639897645
65215,pop_3,3.161334144144095,3.1913507375636647,5.525601847553095,2.6689557884797983
65216,pop_3,2.87790270234601,2.9518949085513038,5.569797734217166,2.9468978668012857
65217,pop_3,2.7417743988003926,2.9288286776436268,5.503305737993849,3.443716604884622
65218,pop_3,3.331891416857465,3.11373360880048,4.910413921762739,3.5381146836739092
65219,pop_3,2.8590208052120256,3.343251770360422,5.3668337747247845,3.3498534919040726
65220,pop_3,2.808781804462701,3.208990366740993,5.519043864096162,3.3235848912625654
65221,pop_3,3.1080027736508082,3.110157304185443,5.752031508166599,3.2015856233599926
65222,pop_3,2.732863978501142,3.0263300402422204,5.615221559601885,2.9472049716041635
65223,pop_3,2.904386025954897,2.83828174470172,5.666464105308111,3.469384430040927
65224,pop_3,2.9767215107628653,2.8886066965916535,5.466791320424984,3.321668397050235
65225,pop_3,2.9291542892841513,2.850485979116757,5.932758894096678,3.460181789606716
65226,pop_3,3.397629997969832,2.6282890330044033,5.536166659179117,3.128193656336109
65227,pop_3,2.967945595317887,2.768290381204716,5.57999339576056,3.3744145251704145
65228,pop_3,2.8896615109420005,3.065949716039247,5.2857417156601425,3.3283719561737
65229,pop_3,2.7424811121982424,3.2474168665241687,5.448551468191167,3.2920579062158106
65230,pop_3,2.6169684595776443,2.8032928832033197,5.987429107792676,3.574377581670827
65231,pop_3,3.014469980650262,3.194805116457881,5.269443440991535,3.3352112656227266
65232,pop_3,2.635579954942245,2.6142408196445315,5.540018014294209,3.4789637933670994
65233,pop_3,2.871821290806654,2.7039403417130083,5.7285453628022625,3.5358780427077847
65234,pop_3,2.5810570171817697,3.140257338661192,5.653733607655786,3.6973668738341368
65235,pop_3,2.9453327937204428,3.2784375927151554,5.093283229896967,3.107870283741255
65236,pop_3,2.7062206114255667,2.7169341541121685,5.674373265090894,3.642227824627783
65237,pop_3,2.9464751666080904,3.2111328215023014,5.693442533595538,3.47721538142782
65238,pop_3,3.195856824071559,3.045775231707472,5.2045977777380745,3.559845762284806
65239,pop_3,3.098225137936117,2.9750630080456326,5.283268862038251,3.0211434016066834
65240,pop_3,2.992487700917714,3.1766014715587114,5.541635768291197,2.9210247124615067
65241,pop_3,3.1616737020918184,3.0837841088410904,5.194971765664344,3.1593709435173243
65242,pop_3,3.3974680042797987,3.0392034631896863,5.486360586917567,3.310605661471252
65243,pop_3,2.9545657008845025,3.34367060901139,5.3790744357218685,2.9243111227937906
65244,pop_3,2.8352089290196734,2.7626265219530404,5.375590332488952,4.201669501180701
65245,pop_3,2.9548112706822285,3.022194307332467,5.706727413026861,3.6832532115000847
65246,pop_3,2.9785156569290647,3.1612531439643545,5.282382699811386,3.5547788867623527
65247,pop_3,3.1719185131915157,2.8621996970034296,5.580488181220412,3.344233181487852
65248,pop_3,2.8660374143956755,2.830735261396506,5.609522131299515,3.7266264790821966
65249,pop_3,3.2474575292149663,3.5596019441569124,6.018588701385365,3.2360849858075813
65250,pop_3,3.0890266806016644,2.985157888686271,5.5235392795789515,3.355185971572329
65251,pop_3,2.642095645840784,3.274351323563611,5.701497748413622,3.151954929996169
65252,pop_3,2.712355277541732,2.899293571485847,5.2896378940415545,3.578669927789611
65253,pop_3,2.697537616092183,2.9019196349632925,5.414863978863625,3.4296877708708355
65254,pop_3,2.9670094657244537,2.724966320562686,4.992279184058768,3.680790194472327
65255,pop_3,2.91949623853105,3.324665567675536,5.6792569851362495,3.199344535327066
65256,pop_3,2.970846146968239,2.8445634560737565,4.897082900065147,3.6625227598671595
65257,pop_3,2.926438750619574,2.831686609758627,5.2723250452143695,3.800960207959003
65258,pop_3,3.188731862087011,2.9269453293261125,5.489606278441318,2.9581361639637826
65259,pop_3,3.281057002290985,2.938968737639903,5.502102507382578,3.376882382916459
65260,pop_3,2.8164643428083997,3.0209891447100503,5.335183498808373,3.7089806743475546
65261,pop_3,3.143733396440658,2.8828512764266736,5.676812882425318,3.2896534788310983
65262,pop_3,3.303088433384729,2.8592878021447494,5.409335596402714,3.184621839171693
65263,pop_3,2.8916798344558607,3.1314043311378694,5.961561366162381,3.211954905036078
65264,pop_3,2.3172708107348785,3.3561013913902684,5.954965324546573,3.230354918575517
65265,pop_3,2.806815469529385,3.197242435502561,5.947655381171136,3.1463900621886216
65266,pop_3,2.9232290349237973,3.2033378040421283,5.8879590776753234,3.0920126883806005
65267,pop_3,2.8638276116915153,2.74319415482663,5.273613725278823,3.585003639269387
65268,pop_3,2.6381974957461525,3.018916315697808,5.5481214923219495,3.1015542541686485
65269,pop_3,2.980723897269939,2.942575239734497,5.269764014764059,2.9422529582470736
65270,pop_3,3.1226474762143197,2.8610574691565525,5.544667573433564,3.038108817202098
65271,pop_3,2.668163002340017,3.0523540539226244,5.534177808041547,3.3155749785650084
65272,pop_3,2.721183456335209,2.9815119305926863,5.17426819253858,3.760925396491252
65273,pop_3,2.6710598778083003,2.7325622195476122,5.407908986217853,3.8276364486515355
65274,pop_3,2.8077460054061407,3.1983765471014007,5.559749464127139,3.298809809294591
65275,pop_3,3.1948931088976087,3.0319367209707866,5.354654579912678,3.774117250381503
65276,pop_3,2.9014124534918917,2.8897172281316443,5.5248135370690825,3.798733706332222
65277,pop_3,3.1806459747515574,3.2145512759196864,5.946663633368466,3.2751369085452846
65278,pop_3,2.7577067229713945,2.7420827223568827,5.175472773682766,3.6720132598064836
65279,pop_3,2.709838864018153,2.7992420066594392,5.536899249522072,3.3729167142822476
65280,pop_3,3.111703377312402,2.811335436735648,5.621913686120288,3.7910095413030476
65281,pop_3,3.080897016981921,2.700413507905373,5.447747731656877,3.555006449724361
65282,pop_3,2.4186579833503865,3.355663609957931,5.360104418726229,3.499498928750497
65283,pop_3,2.993413425742321,2.9471157288103784,5.721609841420853,3.088417608468057
65284,pop_3,2.522163447285462,3.1070764676839278,5.762598610492067,3.1334737441454954
65285,pop_3,2.941304099420892,3.3208832421730494,5.825981508294218,3.165381326894928
65286,pop_3,3.1312015626568255,2.84335267134286,5.471599738636452,3.4191619355675176
65287,pop_3,2.707340302815923,2.9797743915432484,5.413353395596046,3.7025254747149825
65288,pop_3,2.6279280242668834,3.1814013826288927,5.740096763083755,3.239327555995784
65289,pop_3,3.4635015996118463,3.3348234022805885,5.416869177301796,2.651213490171762
65290,pop_3,2.7442377250061614,2.9505185081453758,5.211721510075114,3.3702051610401282
65291,pop_3,3.083921783002061,3.2408190110767676,5.572904504192274,2.9432354720388596
65292,pop_3,2.885999266490096,3.256046877573907,5.751876583858364,3.3546097362509437
65293,pop_3,2.955076702223638,3.463221356863189,5.12405356950671,3.585149346881381
65294,pop_3,3.057287212839454,3.399022081877194,5.487173932238622,3.3254513372408345
65295,pop_3,2.7048030694730607,2.745140147992574,5.673531290381013,3.6855639770576163
65296,pop_3,3.090488450198857,2.736017247632366,5.117296810699558,3.374877392734692
65297,pop_3,3.116908828641555,3.0634506632423566,5.58607945332111,2.837738559686103
65298,pop_3,3.126493068958047,2.7128102602079553,5.030356300853837,3.200699011946659
65299,pop_3,3.2828605737386662,2.798158679862404,5.369521808131966,3.4467799940474064
65300,pop_3,2.8258917251152122,3.216150698919316,5.716165827104684,3.2271260765281187
65301,pop_3,2.879834885538819,3.178210021742471,5.821859770527398,3.0673893527613796
65302,pop_3,3.140558346950834,3.3356864438864604,5.25614061851818,3.0856543108705003
65303,pop_3,3.019060429360382,2.8085257119040117,5.079359420001563,3.299161083219204
65304,pop_3,2.9937689870690716,3.2063589994635255,5.993141352857068,2.8902039153603396
65305,pop_3,2.835630888081357,2.8497249432564526,5.224946995726293,3.517208025631004
65306,pop_3,2.6688214004071624,2.959465056392246,5.099420938305848,3.34673765129994
65307,pop_3,3.033265622017222,3.2201583605278854,6.100636696753418,3.099235442900674
65308,pop_3,2.8798588724956398,2.845601266719265,5.5478772375130685,3.4988489787211816
65309,pop_3,2.7021556602377057,3.148508585457818,5.614176804643268,2.798748494669128
65310,pop_3,3.054251507943498,3.3722356331210515,5.855706917171486,2.890720701291046
65311,pop_3,2.997170211878377,3.2798287768948677,5.705708156356839,3.254078147011716
65312,pop_3,3.368252376658987,3.1567126902850133,5.002120692090394,2.8784513642183267
65313,pop_3,2.859823768928582,3.0128102573200026,5.6393455017658605,2.809425264939643
65314,pop_3,2.937581756190821,2.6867978979082583,5.627794187918828,3.5878708343633448
65315,pop_3,2.5927446698272156,2.7827656648081174,5.065916230822879,3.9597615164514854
65316,pop_3,3.232538091013759,3.2262802603629086,5.860419383146556,3.3225361178441277
65317,pop_3,2.717567487351577,3.144517324942252,5.858712294536006,3.2941963437660395
65318,pop_3,3.3695350075543895,3.1463554982939668,5.583114958092496,2.802688129131589
65319,pop_3,2.721471889004769,3.4507325593527374,5.356831278840686,3.536188344174688
65320,pop_3,3.033034545966701,2.9634835828896287,5.765793271733055,3.177380386121041
65321,pop_3,2.9754953499664736,3.28148051976179,5.612694232979468,2.8543642332803785
65322,pop_3,3.352884243504578,3.051333522632718,5.578165818956297,3.2507970532260018
65323,pop_3,2.556729460147056,2.9571883519141697,5.293166217145927,3.538243233778217
65324,pop_3,2.9275390075718644,3.0470838104170865,5.672844752563133,3.452802972357312
65325,pop_3,2.7755808173994554,2.954362119277197,5.414495491278365,3.1789182073461495
65326,pop_3,2.9231876308143967,3.0844872170831357,5.349680868882284,3.435719511759643
65327,pop_3,2.986624216180933,3.1271293062680137,5.443069872752931,3.142310741051662
65328,pop_3,3.0225810888483635,2.514603696476452,5.716282046344282,3.50862703187868
65329,pop_3,2.907049281248729,2.9420121853948777,5.494517995913465,3.4355606562847814
65330,pop_3,3.0344657530958967,3.107285554408678,5.594369330298548,3.2684242572460382
65331,pop_3,2.886084402550868,3.0557384583024807,5.746102735530387,2.683006955201627
65332,pop_3,2.9628332606471144,3.2269343644012327,5.736363035605828,3.0785060214985114
65333,pop_3,3.095566463033021,3.1377815622519565,5.744059164827673,3.801728548861926
65334,pop_3,3.273980669357392,3.0786048473825227,5.090084052429176,3.3780943288569913
65335,pop_3,2.6596842627509867,3.378273367971267,5.813867130382161,3.044398233014471
65336,pop_3,2.8106022294670847,3.3796412552083424,5.239146100146432,2.790211987875716
65337,pop_3,3.0701687284053047,3.2220175613629523,5.3879316532720765,3.538376309302859
65338,pop_3,2.7189951487848267,3.2021533555890653,5.577306578531525,3.0622826222997266
65339,pop_3,3.020535095038705,3.0123187127260382,5.57594476452331,3.4990036109007305
65340,pop_3,3.1892403842269017,2.9890563901215823,5.068688043787549,3.140896677947543
65341,pop_3,2.8695434397679547,2.8033606676671465,5.325872681243462,3.523470351490011
65342,pop_3,2.8706913046273406,3.391281391921241,5.68515165617259,3.143450595509043
65343,pop_3,2.9555834276291066,2.9426070283388137,5.678162979176687,3.0679038015975215
65344,pop_3,3.011370164511363,3.1337348190085064,5.926826462807108,3.0097166225427063
65345,pop_3,3.0088440430571457,2.8747647206186677,5.7591057273109945,3.1762026975606052
65346,pop_3,2.8968410535432163,3.1650073092902473,5.949202954553323,3.2979579890430615
65347,pop_3,3.3120580880441564,2.966449762270363,5.310443163506256,3.4041601489231796
65348,pop_3,2.9373599115979414,3.3511489761875257,5.377196881146056,3.3979993438704144
65349,pop_3,2.872377940735665,2.788556203618966,5.274753628650575,3.676386492402189
65350,pop_3,2.707364063579306,3.542338881605927,5.618615247449519,3.1200189684084148
65351,pop_3,2.673322052190985,3.0247427724390947,5.8110157683902735,3.614768904069406
65352,pop_3,3.0110209569701105,2.8197028625665825,4.964052294786183,4.203575205356798
65353,pop_3,2.9171522534210217,3.1825507544696903,5.503892009959815,3.246979897305444
65354,pop_3,2.4377044136385764,2.8236773762881464,5.638919832960372,3.368208886549814
65355,pop_3,2.995976949062447,2.5401681519586865,5.325582246430692,4.128008042205453
65356,pop_3,2.7299977284315142,3.0506252218092067,5.835053209971473,3.75347272490716
65357,pop_3,2.943110704349486,2.770751213298056,5.67086224420483,4.0547452663746
65358,pop_3,2.7082143313699327,2.754763267643621,5.328037912887565,3.0132070225867538
65359,pop_3,2.8651062565612295,2.8212281728726194,5.395287743598523,3.004634086287516
65360,pop_3,3.127774959342389,2.5576632361208267,5.2818256508803545,3.6041978986431173
65361,pop_3,3.161384800369221,3.33118656904604,5.212057008899831,3.0390104859899334
65362,pop_3,3.2437209123230653,2.751208015581961,5.573476842077133,3.2694366500416505
65363,pop_3,2.9966163318133314,3.478654072268165,5.155317342462836,3.09809404146751
65364,pop_3,2.789261193317546,3.187822092696382,5.091678737118014,3.3496658175807794
65365,pop_3,2.8583511101698016,2.786685747803199,5.311265130262755,3.768878591815467
65366,pop_3,2.6528752282119257,2.787456225679945,5.540697195061419,3.086132392993264
65367,pop_3,2.9371176856024475,3.2585709937409844,5.641169451271222,3.0734073904155763
65368,pop_3,3.0690233542793024,3.0033612740108917,5.158621107420612,3.653894570263897
65369,pop_3,2.912953567116201,2.8127771391679057,5.33040305034153,3.6708674801201173
65370,pop_3,3.0470785414805928,2.9729022845657207,5.507206269728579,3.151913105926603
65371,pop_3,2.6509340066716285,2.815353178056251,5.665681258083399,3.0307537596310405
65372,pop_3,2.696793077632806,2.6764418661658036,5.489033829044093,3.5654554402828813
65373,pop_3,2.881264464544983,2.6485833458848678,5.446492045256064,3.6038287907231554
65374,pop_3,2.7358678963653453,2.9729470358711167,5.652908761754544,3.117757677753093
65375,pop_3,2.840433070934093,2.6475196714572187,5.718117980016811,3.394405850780787
65376,pop_3,2.9726308785288644,2.865359619466682,5.6177815374990425,3.4472262426340423
65377,pop_3,2.598730604381556,3.050339217267441,5.314654562039515,3.769919472699327
65378,pop_3,2.8051598354161023,2.931774364214818,5.374630577211647,3.775966330177664
65379,pop_3,2.8126347621915335,2.998611515842984,5.3970539379596865,3.7593004631305957
65380,pop_3,2.9155046585275692,3.144632002027238,5.530240881993344,3.5420642700748046
65381,pop_3,2.856886051591713,3.0605352370955545,5.022848640591686,3.282232027852824
65382,pop_3,3.3191110045349057,2.8023857600788222,5.683640442862418,3.5226377457627165
65383,pop_3,2.7722011765127577,3.0493823051914,5.211883045981535,3.631766804921293
65384,pop_3,2.7584185639914165,2.927809840782622,5.115347281653422,3.3938768643901716
65385,pop_3,3.173970576959422,3.516647616343352,5.756592313352822,2.9875298728773862
65386,pop_3,3.2467452241688948,2.752187060674746,5.406673606495261,3.3119190277731683
65387,pop_3,3.353026918747757,2.961446280439112,5.709072202050626,3.6512137808765197
65388,pop_3,2.4065603346721005,3.0845089384407993,5.604908899616639,3.1900843557254595
65389,pop_3,2.961706135739881,3.159794810068978,5.392884165454419,2.9879585727736155
65390,pop_3,2.645282930474597,3.1096322750630963,5.244555157661518,3.653426479628542
65391,pop_3,2.5928652589125267,3.1323161054776847,5.501237884561807,3.172187024299061
65392,pop_3,2.560831652626558,3.1233501345199706,5.245937332933935,3.212624814890027
65393,pop_3,2.8572136740796497,3.4318469278386967,5.646174222014159,3.500557660927071
65394,pop_3,2.8080977397649347,3.1035752700034753,5.839249918012714,2.9842518838025347
65395,pop_3,2.949034817093821,3.471464458471464,5.441682286935213,2.952479360335304
65396,pop_3,2.696828320010047,3.1297222919094327,5.6459456852539205,3.3701293135566823
65397,pop_3,3.076482956143532,2.9730236759850124,5.027343589282732,2.9340266212708688
65398,pop_3,2.9372983223833775,2.662936947500582,5.18309505996677,3.630312203110119
65399,pop_3,3.1092983342020473,3.1069231496118905,5.84936088886581,3.404380894118396
65400,pop_3,2.986825871120736,3.1168502469791637,5.583286385764981,2.7114926057001414
65401,pop_3,2.8555826272879905,3.1168891787462276,5.3216659702569995,3.4118764194232756
65402,pop_3,3.3155805516765127,2.9232604004388127,5.55105426682175,3.56210011242398
65403,pop_3,2.9234515635615668,3.0843521287721978,5.559490779653368,3.332506375739477
65404,pop_3,2.515013582967523,2.92826950476051,5.37937759350826,3.2116329330495303
65405,pop_3,2.5626201313512267,3.104116877098795,5.631206181676961,3.4805615381048387
65406,pop_3,2.6166521165317946,2.594668106828693,5.437845075133384,3.696271269261358
65407,pop_3,3.2192738647533528,3.0833087088790188,5.393563306672962,3.417692559338
65408,pop_3,2.7944192786888618,3.011753138628639,5.52961115542457,3.663458347216396
65409,pop_3,2.8892593082942595,3.0719844802339873,5.8806987680203875,3.4478127297230126
65410,pop_3,3.1064843151368677,2.979612688312203,5.8968842009991995,3.8197876785964526
65411,pop_3,2.579669164035144,3.1992110261066244,5.435693340400967,2.994949888991743
65412,pop_3,3.164671450275861,3.0332221548233296,5.7402134565650895,3.8174057986878105
65413,pop_3,2.842843169212213,3.0819829567031443,5.654394421033046,3.002130960003825
65414,pop_3,2.8010972429184227,2.938047855243889,5.449166774845657,3.5641222237157937
65415,pop_3,2.6820981112044926,3.1629446717134657,5.57899294893703,3.4669488309427448
65416,pop_3,2.90119187750895,2.9897510845200643,5.332310134500902,3.3549045601249237
65417,pop_3,2.961806854917888,2.758124484581717,5.120827859782736,3.925692730370375
65418,pop_3,2.817617743402853,2.7848313961076694,5.381663495504736,3.934945296402531
65419,pop_3,2.9536791036702237,3.017881540367372,5.409764409952403,3.4105355787112903
65420,pop_3,2.696325095485295,2.362358036788144,5.282552558122851,3.704044018822581
65421,pop_3,2.9334833343734172,2.863794299277875,5.313408769566249,3.314249143318902
65422,pop_3,2.937421703963133,3.5498783657294477,5.742080660189992,3.4252868727060326
65423,pop_3,3.151761239460942,2.900912223356812,5.470709166204571,3.104987147183566
65424,pop_3,3.113120338790439,3.1909183635486404,5.299707656063868,3.3758423167155174
65425,pop_3,3.1983751979586694,3.001949585249945,5.368448709462509,3.095354865694101
65426,pop_3,2.7934380815698776,3.150013520332099,5.356692778453169,3.528376320567764
65427,pop_3,2.737299927186555,2.6489868140281847,5.327502554409842,4.120272262334247
65428,pop_3,3.0775850908758877,2.9788900560516822,5.579217600747261,3.4812076811938915
65429,pop_3,3.1040076465093334,3.350320279257114,5.396465373516888,3.0980938146253614
65430,pop_3,2.826544822269851,2.7088186142564696,5.7805623382404665,3.180828224705267
65431,pop_3,2.6026856580137916,3.031178762418919,5.405796078081738,3.125117941402978
65432,pop_3,3.1621258753496364,3.0383525996497673,4.8935718190977235,3.2534714983607613
65433,pop_3,2.5459587648004054,2.816293777872601,5.744385005555454,3.247630252738282
65434,pop_3,3.1954191250567634,2.9212349313686845,5.77726551223287,3.4290472222278425
65435,pop_3,3.417004731343152,3.3633276109740344,5.423138756905786,3.1378365485135715
65436,pop_3,2.931968164767801,2.773656428162055,5.416284173719709,3.523083272141185
65437,pop_3,2.911352168290651,3.01301409030215,5.122267163546371,3.0228162662538742
65438,pop_3,2.932570543553953,2.904335008410562,5.577279485058787,3.167681289906065
65439,pop_3,2.899022218228707,3.0737017324892677,5.492969966275812,3.6349487205368707
65440,pop_3,2.886448086444971,2.7755484381334816,5.244206007433418,3.8956581989687797
65441,pop_3,3.3843288861598677,3.103153595010876,5.466739257426332,3.558672238832686
65442,pop_3,2.8083659950212696,3.3199055748494004,5.27163376368764,3.281450005814078
65443,pop_3,2.5507397918981076,2.85603660544292,5.618180406299769,3.4966061410655582
65444,pop_3,3.08096436975264,2.803414659830063,5.568874385451048,3.0868766561942347
65445,pop_3,3.0407270199570675,3.1058632664605557,5.783660972857959,3.4773432535942126
65446,pop_3,2.929805015673232,3.4009515680111777,5.753258539720053,3.2487021194340784
65447,pop_3,2.8676311663429512,3.109867234747389,5.745030876131021,2.9703200722687035
65448,pop_3,3.1158210838622122,3.1120645550719472,5.45305963101388,2.659950597749823
65449,pop_3,2.6864112368232393,3.198565978695262,5.634197755717075,3.5579173779688102
65450,pop_3,2.973371085123651,3.3200394562140674,5.9127603361788035,2.9870607770991153
65451,pop_3,2.902014289555917,3.509497817144642,5.387842874437655,3.0160345002717044
65452,pop_3,2.541199574206878,2.910291638033347,5.140470967172667,3.399461071509908
65453,pop_3,2.8749096974273107,3.149393961730295,5.490714772178313,3.479938606292293
65454,pop_3,2.82619766441273,3.6271619058748574,5.792285515625095,2.948270529299823
65455,pop_3,3.0234478896075174,3.001758351493855,5.308616419780225,3.307224229922734
65456,pop_3,2.991692156259911,2.941671600247762,5.83956390131426,3.965863291299574
65457,pop_3,2.7361691672660213,3.1178924744444867,5.725549822785223,3.1388855327266807
65458,pop_3,2.587741090150471,2.945685017230515,5.557907730071967,3.835932466323989
65459,pop_3,2.684897922002702,2.853204970890146,5.130131845978773,3.1686598449232224
65460,pop_3,2.994027845181298,3.355994596678949,5.32756917175055,2.9047435434287308
65461,pop_3,2.7072114287854894,2.6128625177749596,5.396569874220422,3.737892448774012
65462,pop_3,3.1787589715239233,3.1416590512913993,5.537284595485879,3.123476318058194
65463,pop_3,2.6375951572808205,3.7030595443734398,5.892629016016931,3.09966960795585
65464,pop_3,2.5828622677672723,2.867637700888632,5.360335804171687,3.24912981521214
65465,pop_3,2.8884713501516157,3.071188564406311,5.61241522652237,3.2420358746342393
65466,pop_3,2.7116048701652185,3.0360360537093176,5.369401170910939,3.268342638997706
65467,pop_3,3.0657720642097286,2.5716954458496777,5.443014512189345,3.378206332885999
65468,pop_3,2.7078884399403873,3.2173034787983967,5.611323317835919,3.0692854394528184
65469,pop_3,2.915020054142777,2.959350431703478,5.142934612630502,3.365515082365611
65470,pop_3,2.9183624161325237,3.3886525064289237,5.479502532692199,3.1528950597691474
65471,pop_3,2.997868793114548,2.793247587366622,5.705508444145606,3.4477684396728923
65472,pop_3,3.53769388539423,3.1304816474977635,5.6077356723498815,2.9825539628019033
65473,pop_3,2.941913547173573,2.7243790131387553,5.645555441646374,3.571837233814222
65474,pop_3,2.971424288639642,3.2273963981538776,5.4181538944289915,3.5107250105836867
65475,pop_3,2.835927107488621,3.2344450303533647,5.62038491604505,3.3215507653295107
65476,pop_3,3.24839249079231,3.1810921658314117,5.797722119673379,3.2974256919335905
65477,pop_3,2.8201227300006275,2.972694719593552,5.52418373231602,3.464741291321106
65478,pop_3,2.7219101170617392,3.3494259673678997,5.548420849920594,3.1064070579933802
65479,pop_3,2.721373547801646,2.850202419169811,5.7599359075132135,3.0794222910685622
65480,pop_3,3.0490975667527787,3.44133854967129,5.295448589795789,3.449309152522844
65481,pop_3,3.0700809159932048,2.7674607923717347,5.86296118381681,2.7118937232073272
65482,pop_3,3.3564449812818014,3.0606396908406097,5.690271731777485,2.9948764465952045
65483,pop_3,2.8030213172285294,3.0282164803685796,5.685288263831697,2.9926845470621157
65484,pop_3,2.808351946624205,2.9305052574282673,4.987072168835291,3.584346168396933
65485,pop_3,2.8902815188571553,3.096395606111909,5.544826838968116,3.1630514713128095
65486,pop_3,2.9129062619722568,2.644181148992268,5.704015474677062,3.5124751924163973
65487,pop_3,2.882391024417706,2.6688119820113725,5.628588270321489,3.1238394352034664
65488,pop_3,3.328838364015446,3.1527144797851605,5.732008288133032,2.9776279405555153
65489,pop_3,3.0363191412483945,3.150109635968728,5.756654282109776,2.5910753309985766
65490,pop_3,2.947534583596092,3.245736110165566,5.627822206865214,2.445279996510414
65491,pop_3,3.1426767850960267,2.851014430365393,5.821072861073122,3.323957839377918
65492,pop_3,2.7144393103864375,2.8699626175126154,5.1539039292241,3.1582870029713206
65493,pop_3,2.655578992474882,3.1805465069588514,5.794338523719542,2.8528756305618663
65494,pop_3,3.2849420700344867,2.9671113688143267,5.959112731472818,2.932475569755549
65495,pop_3,3.0160964344500725,3.039727065887983,5.8296931003276375,2.8650781360800965
65496,pop_3,3.0123985228155625,2.5178421865377674,4.93065669585562,3.3285923272023736
65497,pop_3,3.0206506996507136,3.4276739162236467,5.38969361176575,3.111137203716372
65498,pop_3,2.577690916559316,2.868639232948721,5.193237008858078,3.7335213851086264
65499,pop_3,2.7371787577594366,3.238724505035518,5.371703143345461,3.224826279760421
65500,pop_3,2.6685266683221904,2.898572806890228,5.819079900752524,2.9503878527125202
65501,pop_3,2.9962347356370955,2.8095431172520726,5.460983153179281,3.3783058302594893
65502,pop_3,2.688624453234042,3.2197800228835396,5.571331448517414,3.3110812613134364
65503,pop_3,3.2105856368282786,3.397664015946023,5.276883920780452,2.791560336236474
65504,pop_3,2.9331768153354654,2.9699410874308327,5.313203212223294,3.5458021440678693
65505,pop_3,3.0563761863007533,2.6441412408163445,5.3426177951926554,3.350394782566371
65506,pop_3,2.4866672642730507,2.928698026099061,5.542911579232709,2.845453361205835
65507,pop_3,2.953260172878814,2.8959606883634548,5.6082500227186545,3.34945914290714
65508,pop_3,2.8956137020920147,3.2985876689253617,5.155868578840761,3.3126767700160538
65509,pop_3,2.818005404785238,2.958304553414232,5.4292680242633145,3.628061419579247
65510,pop_3,2.8893026789126712,3.18114952079007,5.8264589487266,2.623219033665802
65511,pop_3,2.9994254782863767,3.389325695393893,5.927694283990156,2.851751526339028
65512,pop_3,3.2131501115569123,3.35458795570158,5.5692017333757216,3.051880317406816
65513,pop_3,3.050855171652328,2.8684764023379423,5.406489589819316,3.0862510669473626
65514,pop_3,3.0134074793333157,3.095461909903834,5.934426105568311,3.642260612698394
65515,pop_3,2.9916507603639384,2.833840531355793,5.514889526187762,3.624540595811379
65516,pop_3,3.1141811394177354,2.9956521852874074,5.182063067399415,3.939609307673757
65517,pop_3,2.7326598704533187,3.342054961400443,5.5735351278628675,2.9338129799230144
65518,pop_3,2.6176417517630206,3.200373977786413,5.356964862250468,3.053435336087066
65519,pop_3,2.9397545946294565,2.475884782520308,5.572381491036967,3.6059391597209998
65520,pop_3,2.796049306190696,2.948990555586604,5.792727065097707,2.956941562192405
65521,pop_3,2.6695990949856507,2.9076754863875256,5.330961323599452,3.595676584026528
65522,pop_3,3.01675059459351,2.7747585437593214,5.1473864525574955,3.4526634846818722
65523,pop_3,3.2068792001182946,2.9444809245522534,5.538795600482887,3.1849923314876025
65524,pop_3,2.9878062366908233,3.13941293973835,5.480931484878349,3.4485873706305754
65525,pop_3,2.5745101749136206,2.7113989625954,5.0783058446258975,3.8427299488923583
65526,pop_3,2.9772864689763345,3.0909848022417243,5.770319284941019,2.991632592424922
65527,pop_3,3.1197102208788694,3.3734122008084197,5.38719477831403,3.0845100345882175
65528,pop_3,2.7617862609329054,2.779856002955843,5.708918661628254,3.5802005920314657
65529,pop_3,2.9502073502542068,2.4383669032535753,5.862403030486676,3.283816283101997
65530,pop_3,2.9668029454487,2.975122304561445,5.642532351161014,3.231710840164273
65531,pop_3,2.558058838970102,2.8443744468065324,5.871589979204165,3.5517825396514824
65532,pop_3,2.69558230454893,2.9529649707090275,5.351374993293162,3.369485187564246
65533,pop_3,2.535356224404863,3.1740858332162936,5.7724615578574126,3.5113259504721337
65534,pop_3,2.974976584182883,3.3074325593949396,5.860296933949386,3.362859958153548
65535,pop_3,2.64285316163073,2.8588994481608045,5.746730492415984,3.374240791417253
65536,pop_3,2.3768501271754277,2.9746897450530554,5.512983588299308,3.6132188708879016
65537,pop_3,3.237076705585945,3.5854617182451056,5.629369894328702,3.116980446458329
65538,pop_3,2.616918861929563,2.942566838911898,5.268525379409659,3.5965090138718017
65539,pop_3,3.254060138730858,2.836213526303686,5.331992189029205,3.4458590804965903
65540,pop_3,2.9094157254678255,2.5918623817413433,5.506802643544351,3.1857742640638014
65541,pop_3,2.791227709176979,3.2301224550940186,5.599952278800074,3.2160859097940206
65542,pop_3,3.051223261437456,3.1818897129014103,5.926219458797632,3.3737736404580914
65543,pop_3,2.7958949684779903,2.710008472202489,5.272455630219739,3.9226253149280987
65544,pop_3,2.9609975752474798,3.264007251325231,5.9152863225008305,3.270801423584822
65545,pop_3,3.1175764317741765,2.670599867805929,5.34341433970499,3.2260273247071014
65546,pop_3,3.4645953973215162,3.0164973784100724,5.42287476661326,3.282423242321166
65547,pop_3,2.814499446086489,3.0620992231058213,4.982726662289351,3.4202818743297674
65548,pop_3,3.025145472751963,3.1969876265002792,5.382683948325712,3.0701662075088274
65549,pop_3,2.646157288424966,2.8878175649601387,5.266812033077062,3.0491153219949343
65550,pop_3,2.6883333352321186,3.115861558978228,5.0659146540550655,2.924257741628331
65551,pop_3,3.1126322250167577,2.6599209032981,5.528634796858168,3.5393533741878462
65552,pop_3,3.2400248611751556,3.26599555792541,5.244388614539633,3.0438685514239023
65553,pop_3,2.8480233320602215,2.6351534751603722,5.3269865232966245,3.2668898257370085
65554,pop_3,2.858948800072741,3.144301155151947,5.453694419429063,2.800575764967175
65555,pop_3,2.9109505735276895,2.7735130156027847,5.7781038280293835,3.074985668986935
65556,pop_3,3.251584364456786,3.0826645157968042,5.895658768251841,3.0381834861809662
65557,pop_3,2.886970969180244,2.727490576562315,5.243519393913995,3.1328544396041136
65558,pop_3,3.0159514368950995,3.186152327966459,5.693779468625352,2.943111439499214
65559,pop_3,2.803104872898592,2.721686291563958,5.339626877198628,3.29538376016046
65560,pop_3,2.60559506351859,3.1227278701829437,5.286504376765882,3.402578799614423
65561,pop_3,2.7803319515331886,3.084222210562804,5.543536805530851,3.892378423872897
65562,pop_3,3.1781360131117884,2.965395624940198,6.114334436963882,2.832727096209617
65563,pop_3,2.7276167238804465,2.941064097097816,5.364045793520893,3.4864037540901944
65564,pop_3,3.135521797897834,3.061149734779327,5.180559745807809,3.2817478261998754
65565,pop_3,3.211989158516866,2.694231968333994,5.812368527311718,3.620219737241456
65566,pop_3,2.6025084292970577,2.7324743889195777,5.6055519782460435,3.6785477666876085
65567,pop_3,2.5288914100574784,3.3473510404955884,5.705033898300467,2.9599946079061525
65568,pop_3,3.3744402216991722,3.0387909165531006,5.128741819720661,3.3242477534627968
65569,pop_3,2.8265680841569187,3.1881908182136067,5.648969296240428,3.270692732342375
65570,pop_3,2.9315086575028477,2.9710991052269775,5.504801189860756,3.4998099617763505
65571,pop_3,2.659421220680615,2.792682329025988,5.799665589795433,3.235164398669764
65572,pop_3,2.90754413292084,2.854409590151033,5.437986698426518,3.6895736712750704
65573,pop_3,2.6529712235172807,3.3781805375123803,5.6531487745492015,3.0479097162227493
65574,pop_3,3.045643506602316,3.688880722092599,5.999433241523392,2.747728123302151
65575,pop_3,2.941759347562245,2.977728467236147,5.4060389900710275,3.624956848037974
65576,pop_3,2.989504954204499,3.1250128177714185,5.510864963333199,3.6412151101873866
65577,pop_3,2.7868833475965578,2.7773155152615803,6.034554001654424,3.217977579856816
65578,pop_3,2.885543045584468,3.0211531453506684,5.426966321675536,3.520838851071993
65579,pop_3,3.031615188388946,2.9356585096064083,5.164341140563565,3.646957031546849
65580,pop_3,3.341731513545198,3.1603346868218822,5.3881336669982955,3.44201935911438
65581,pop_3,3.045838769049007,3.015876118553084,5.539932454938886,3.305612214910313
65582,pop_3,2.746356208258809,3.2318157144701396,5.327158366386526,3.4587678268448285
65583,pop_3,2.938972581469238,3.0193595656534815,5.116729963378265,3.4146449221994173
65584,pop_3,2.9517512262801358,3.1028681250337344,5.491131112745066,3.694125857834366
65585,pop_3,3.2342341674824038,2.8274277151012623,5.701537013558301,3.295085455783156
65586,pop_3,3.1012270491183505,2.9946436884556547,5.629473059012122,3.3387254408094087
65587,pop_3,2.6473444186561976,2.8324924473870365,5.368342580642789,3.5194084237531955
65588,pop_3,2.507839705976297,2.7590047285696118,5.746541273926398,3.8702524410683172
65589,pop_3,3.2849565758718633,3.1426366074713425,5.613335085252934,3.274526262995706
65590,pop_3,2.9320098711581473,2.785801005045461,5.4503237543601895,3.3027230084629955
65591,pop_3,2.809138798729629,2.9815288067374524,5.754544910837946,3.311617103257161
65592,pop_3,3.151781940528082,2.958407845691841,5.1646690687382675,3.4803969787283373
65593,pop_3,3.0257615133105804,3.4136910114741164,5.375235068363967,2.7175061387944264
65594,pop_3,3.3430967339519984,2.8132333768697104,5.070627932147921,3.3341378421711516
65595,pop_3,2.9933122023002925,3.065100621075568,5.535907184992209,3.046357370399951
65596,pop_3,3.0673956486032194,3.05039703812117,5.350198706039807,3.207536686654094
65597,pop_3,2.7632528882473912,3.380170238251878,5.5763948657868445,3.274720788601698
65598,pop_3,3.1934658954132527,2.910434072053219,5.436166746143949,3.3136690609076953
65599,pop_3,2.6596812561892027,3.1651634051744733,5.700656019153612,3.2728728675629837
65600,pop_3,2.578101187905694,3.1672526893017454,5.549770146204581,3.3718536359787534
65601,pop_3,2.8909486457179225,2.989906813547974,5.653744726643303,2.933114116043723
65602,pop_3,2.9751652724582724,3.1017971826080792,5.403667579827856,3.614824049639567
65603,pop_3,2.834628871167387,2.8741830738146295,5.845600600707884,3.0323960289156817
65604,pop_3,3.090141205028381,2.8800184956071084,5.472494373037297,3.1468041819105244
65605,pop_3,3.009902358735073,3.087651141742382,5.069122500395744,3.483418694838202
65606,pop_3,2.443415533073576,3.0562294409163915,5.704354704094213,3.53164803746015
65607,pop_3,2.476867230005701,2.982218179696524,5.396476471523498,3.886139739078298
65608,pop_3,3.0580928902553017,3.0318297718249587,5.706901977600551,3.556739580415456
65609,pop_3,2.9426941785735687,3.0138288950574674,5.579611904629906,3.074166376574937
65610,pop_3,3.24486579247782,2.9349679222199176,5.562624355861123,3.164778122843238
65611,pop_3,2.922337725317418,2.798312004415988,5.086197507439859,3.6274375187816252
65612,pop_3,2.7063109590722756,2.6703835180921254,5.812483298144103,3.278733981356499
65613,pop_3,2.957667966270237,2.8697248325057183,5.343310923731501,3.187410864602642
65614,pop_3,2.7919432208819375,2.454885493032817,5.692144863040463,3.403898092765993
65615,pop_3,2.9067040131478605,3.3736558544636175,5.2473556459155395,3.1918041155476335
65616,pop_3,2.348391078525655,2.984623927233875,5.402086614733137,3.257321316887025
65617,pop_3,2.9080548979261027,2.8098401148871965,5.787103511241588,3.4025163755792174
65618,pop_3,3.2918965686079287,3.0678870290039417,5.386848260427723,3.0924021866774
65619,pop_3,3.0889219734793283,2.7268203091052543,5.494162855273295,3.2443145126822044
65620,pop_3,3.159378074356336,2.928661153896597,5.7759713103324914,3.562757601466913
65621,pop_3,3.328981447106217,2.9244031157813146,5.8968412181431935,3.4160499995976643
65622,pop_3,3.1628732478429207,2.792047262211506,5.700646695506454,3.0897723517516065
65623,pop_3,3.1476788730620173,2.866274018319625,5.670307594461198,3.1703420595237675
65624,pop_3,2.669938563094592,2.7857866676216636,5.335952924132763,3.391400783671052
65625,pop_3,3.4655983540434403,3.1195624134202706,5.645130746561125,3.4307986373500428
65626,pop_3,2.963418562387778,2.6767624202313076,5.653868431229325,3.110365079965607
65627,pop_3,2.6610036201291547,3.315591583136998,5.456962085386974,3.311347899126152
65628,pop_3,3.094274226066816,2.944939141767773,5.6964560584124575,3.0210449846776752
65629,pop_3,2.8407302435282644,2.7307365971818527,5.118065049600985,4.037033721680056
65630,pop_3,3.1815566207568646,3.341545558515618,5.360470557308668,3.152279440848772
65631,pop_3,2.825791662364834,3.112017749735821,5.584637076942094,3.472653864691435
65632,pop_3,3.1753152905499187,2.776423754006289,5.368634011283352,3.1776556486384
65633,pop_3,2.9524190769197185,2.86552510549459,5.612566093275671,3.3823716770653913
65634,pop_3,3.1839775410102154,3.2894217384467113,5.257579038237524,3.534497648578584
65635,pop_3,2.8487679953169005,3.180462720845739,5.5063224649716656,3.6157370125889052
65636,pop_3,3.2378875863901455,2.7791239569229633,5.442627313272435,3.510403555039341
65637,pop_3,2.7814112896391343,2.853077953195461,5.741244489709233,3.2702860491079777
65638,pop_3,2.7611340104591866,2.86275726741296,5.191085131765573,4.038240557618096
65639,pop_3,2.8943721619916403,2.8879218253557286,5.524845961194798,2.7488353640344534
65640,pop_3,3.2104484345652162,3.1609526545169135,5.51856437392536,3.100166444829882
65641,pop_3,2.425399782234289,3.259014870299954,5.588176053523105,3.4967111176450594
65642,pop_3,3.0325385097770274,2.9792125578495283,6.059216179205814,3.1343053305171478
65643,pop_3,3.0211435411917624,3.110381978551756,5.754178124910892,3.0161011675942495
65644,pop_3,2.902496540159431,3.2792471717115825,5.533228410305174,2.9013432868510174
65645,pop_3,2.963081429361498,3.1565477543017275,5.360290764636144,3.2287647281734606
65646,pop_3,2.9417903427312115,3.019271723535137,5.275775043771226,2.9156324385128345
65647,pop_3,2.4433926509819375,3.370785314124964,5.266906584634621,3.564436984153211
65648,pop_3,3.0968013212894943,2.823144467492759,5.513070653819124,3.1151322537488864
65649,pop_3,2.778719162819448,2.9908012035484743,5.761789296977051,3.411297918830392
65650,pop_3,2.59644994951109,2.865712033682708,5.551693850348203,3.30764683639194
65651,pop_3,2.8089671919714525,3.129831084147775,5.8595241637008275,3.295085075017208
65652,pop_3,2.87183391064607,3.0961195534134682,5.694030897070958,3.2855946850411755
65653,pop_3,2.8325753433179686,3.3416920052903065,5.946911963039986,3.076631046923443
65654,pop_3,2.8107145485133924,2.8858785230170287,5.436873386226613,2.9390878296121814
65655,pop_3,2.8449067489871394,3.2815452794951674,5.50716372243489,3.162620979223883
65656,pop_3,2.846900421063799,2.9442494259049234,5.4232785506269305,3.243298961152674
65657,pop_3,3.047059093485216,2.772923162032417,5.488992864455042,3.374901892253374
65658,pop_3,2.988622792797901,3.156970484691645,5.668895878688737,2.8206544981776545
65659,pop_3,2.4724134437529584,2.752429276624315,5.376804516099892,3.9980031809172067
65660,pop_3,2.687953101932821,3.0991239180146875,5.708317480446554,2.867628524151596
65661,pop_3,3.2363867113096894,3.1746744117645016,5.279256110822666,3.0346949783287673
65662,pop_3,2.6849499407435884,2.751891539277287,5.423968503136419,3.327720801560843
65663,pop_3,3.1540627693843897,3.0500552750829,5.3545069454043785,3.225511770363024
65664,pop_3,2.8569986620434658,2.996169450802072,5.452956703320805,3.403812532671286
65665,pop_3,2.439699256754443,3.0559290227328413,6.0079735677687225,3.267444162127981
65666,pop_3,3.0285972585831056,2.920803799197915,5.896879520460696,3.003528480954152
65667,pop_3,2.8532908126935714,2.775096420648302,5.665890539073489,3.1566839943508693
65668,pop_3,2.7380581748123096,2.727223479760681,5.240824810585515,3.4354582037203345
65669,pop_3,2.7215230604627263,2.839086615102837,5.0161329200540195,3.7578506648931986
65670,pop_3,3.0889872103529377,3.3942537198962213,5.521486975214513,3.0657810526747826
65671,pop_3,2.820902164286223,2.8448173265803924,5.648411773066154,3.3503801431004736
65672,pop_3,2.7141434072911284,2.44630020730855,5.873429581896239,3.1846242077868205
65673,pop_3,2.7223648040309354,2.7849439913884946,5.1621710126995115,3.827172242642071
65674,pop_3,3.116256028097834,2.99674250241069,5.380149879952556,3.4511330618386795
65675,pop_3,3.3998155093116966,2.9522398614351575,5.373382872442535,3.274451418850647
65676,pop_3,2.807597608730411,3.112559487489973,5.748274613578463,3.149045369368989
65677,pop_3,2.5575477988167523,3.070515379968536,5.388040017154113,3.25624678016098
65678,pop_3,2.6607136663299227,3.2257296829022812,5.6584593604223725,3.1866602607539045
65679,pop_3,3.248576976115595,3.4146904465191525,4.827777055992672,3.2997364868727663
65680,pop_3,2.9472753752952996,2.876156759916576,5.886624593124414,3.037708166572249
65681,pop_3,2.921713825909857,2.815887395642769,5.635097242480841,3.19405860966316
65682,pop_3,2.5572889234343172,3.0591607030650474,5.394434351819691,3.477346579469264
65683,pop_3,2.6420261300949823,3.132222612396955,5.390227894250787,3.735828968226912
65684,pop_3,3.250597589112253,3.1947360116021337,5.583361145877706,2.9680468755682936
65685,pop_3,3.310066306819284,3.344218398774502,5.441276005449871,3.4414749016579638
65686,pop_3,2.9558935488913387,2.9549872605363063,5.4791065766292375,3.0505075140838964
65687,pop_3,2.713233592734304,3.0251062350775815,5.321515834511099,3.2873130518897615
65688,pop_3,3.397933368886816,2.839363700946113,5.188609713980888,3.145268286134513
65689,pop_3,2.824513878512626,3.2403443869574446,5.619708236617801,3.2239102681501266
65690,pop_3,2.7681488527871023,3.034857409301063,5.700279930736219,3.304986083768452
65691,pop_3,2.7121682577646307,2.9316755227562745,5.44111007687366,3.3986786769691655
65692,pop_3,2.898842286711315,3.027110099041605,5.812357453143434,3.2230322104734572
65693,pop_3,3.0679701718620627,2.758747535741708,5.7093482489185865,3.7094793940499096
65694,pop_3,2.9523545352304215,3.215167379963747,5.742748595685495,2.808330068981434
65695,pop_3,3.360048246888623,2.9690738473817695,5.216012289861025,3.5454025644742915
65696,pop_3,2.9250233470021496,3.390142427389005,5.347006870873483,3.0573871550657272
65697,pop_3,3.138790699873856,2.88127403583736,6.2005286959406964,3.218966992250236
65698,pop_3,2.971478658130257,2.9660228832587436,5.419661986219701,3.052155711043502
65699,pop_3,3.0934351032162213,3.015768645858949,5.393179075342384,3.400310143703069
65700,pop_3,2.935557371040188,2.987632313924905,5.241448872568199,3.053280187126536
65701,pop_3,2.7826745529540533,3.280006557546031,5.404598157459969,2.869737528529499
65702,pop_3,3.3478401568720138,3.0955259052302457,5.774212781358251,3.111796466056782
65703,pop_3,2.810792889387916,2.570050651053523,5.314627326854209,3.3131053650145015
65704,pop_3,2.879925937024295,3.16902182731994,5.329632147774651,3.0799756140941366
65705,pop_3,2.8631020476947193,2.9683710133346306,5.040344985934012,3.3976334785167985
65706,pop_3,2.9322263340191643,2.924860610461171,5.404064365810527,3.47076553500311
65707,pop_3,2.942103539265527,2.92185791246887,5.443292032495839,3.675307562082897
65708,pop_3,2.810657335867326,3.10236240541732,5.076539943520779,3.099464283511095
65709,pop_3,2.9085658924661972,3.135635413133705,5.61402340428325,3.3650633506812424
65710,pop_3,2.873452553005941,3.144640528922709,5.720604058918264,3.415636250614785
65711,pop_3,3.1135577355712236,3.0206507472634225,5.309449004699856,3.524328902115919
65712,pop_3,2.812340462468615,3.109164640542164,5.553488727154724,3.0871031031421783
65713,pop_3,2.6554797205904,2.7621709660276523,5.227969917297781,3.6400728521579024
65714,pop_3,3.30530348598901,3.2575800689231924,5.501916608179518,3.5199999002082536
65715,pop_3,3.3027327788805962,3.0422827378560124,5.460913388506814,3.4190929661399627
65716,pop_3,2.8270437044001913,3.0942646428237333,5.583810951439782,3.5878273129083085
65717,pop_3,3.1136754231554984,3.1166152551554127,5.868467248650224,2.881912440954131
65718,pop_3,2.9623979246820045,2.96398063551733,6.103340752115241,3.1381526962995787
65719,pop_3,2.515774414083657,2.7385091004089612,5.107641089336426,3.57946511715714
65720,pop_3,3.047797297885717,2.9742183023489086,5.468106270344126,3.2694196476071085
65721,pop_3,2.954938134097909,3.3395493622923467,5.636296311168118,2.8863910033900924
65722,pop_3,3.2505385091166037,2.7762544884272926,5.252287482237398,3.5676118448078475
65723,pop_3,2.888986977601312,3.047825395287984,5.776056554067117,3.7217064181392914
65724,pop_3,2.8727395618719576,3.2313511264409382,5.271912397438343,2.899316773845916
65725,pop_3,2.950320730372447,3.3054484910094306,5.549609051718711,3.1148263754034597
65726,pop_3,3.149642829832264,3.2449765695370933,5.603650166570362,2.940343090033323
65727,pop_3,3.0815323174440774,2.4126392453806083,5.461828114508332,3.870243182508605
65728,pop_3,2.8542872650405675,3.083827188371214,5.777131120889004,2.9651354138462698
65729,pop_3,2.8819871509849535,3.246216088491327,5.770423172899085,3.6139599339528146
65730,pop_3,3.190693692138019,3.279420481909014,5.47017034745719,2.7742404023791654
65731,pop_3,2.825854965397984,3.3019723175480604,5.746013624639738,3.041368926682787
65732,pop_3,2.832084610636109,2.943188461546096,5.355056267413503,2.9087501650216994
65733,pop_3,3.1586182679448096,3.1170082274074673,5.926269351778194,3.140322142816212
65734,pop_3,3.2942533477497866,3.311494393874344,5.730570195167878,2.987476823059291
65735,pop_3,3.5088728358421584,3.561194210583016,5.553891206178226,2.7635907924661884
65736,pop_3,3.1534657022236994,3.1809504240677193,5.929151887645788,2.8699609170533487
65737,pop_3,2.623420879433674,2.7999472573480313,5.236583930903832,3.137136512428756
65738,pop_3,3.0083563331977023,2.9597655631232738,5.204707359632285,3.5496274892378255
65739,pop_3,3.0988534609431553,2.6850646013320603,5.404241539292782,3.480860939502729
65740,pop_3,2.6079452020822878,3.128959534447238,5.292925983558045,3.2585802209259445
65741,pop_3,2.701026828175537,3.044810055828112,5.235933075555625,3.6169400455020444
65742,pop_3,3.1579274937623354,3.0287533600917493,5.155631097819562,3.5764737792720105
65743,pop_3,3.065094321609691,2.7338000908941873,5.677876892509228,3.6163955872130966
65744,pop_3,3.3209428548514404,2.982053887907384,5.378862551827464,3.171624478089726
65745,pop_3,3.0508543926095038,2.6736355094251927,5.5947790663198855,2.9776155803204563
65746,pop_3,2.7899809809455927,2.767846182606067,5.222806310818239,3.37077031158094
65747,pop_3,2.624171331991113,3.2130692346860994,6.041019430110182,3.2080355737873663
65748,pop_3,2.6040546012489956,3.1100896005069476,5.180526864556978,3.4182602237795736
65749,pop_3,3.3452681667057984,3.238527953110005,5.259369444830291,3.1170194179659254
65750,pop_3,2.9047212180766264,3.043063528053382,5.475600145958017,3.080359628143142
65751,pop_3,3.1872434615482246,3.148455441775868,5.823613293748386,2.8457130716660544
65752,pop_3,2.9289099555030966,3.2769740216510717,5.715476300280378,3.3494692704721625
65753,pop_3,2.9244108894102716,3.0330298035250385,5.353277223190847,3.4327348324051488
65754,pop_3,3.089594971586074,3.034899516379006,5.528157071030795,3.164611891850349
65755,pop_3,3.0938429281250825,3.07251125632212,5.7169391134369745,3.2828917851883683
65756,pop_3,2.6563758524659655,3.04204634220041,5.541621128783658,3.4392337870451564
65757,pop_3,2.6726602043846666,3.1723643048823646,5.170496116307053,3.806205292733267
65758,pop_3,3.061078431644142,2.6013540384579734,5.399749525522551,3.762111678391185
65759,pop_3,2.858047903804485,3.3476705972235132,5.340927843039644,3.2590321449450967
65760,pop_3,3.274344303532983,3.1028866238678012,5.56987337349096,3.378571120085941
65761,pop_3,2.7823217454727907,3.2353950664843287,5.6018090166752055,3.497363512911038
65762,pop_3,3.272383350018921,3.484168217053743,5.295801712084715,3.0749550886981742
65763,pop_3,2.9404660657016852,3.3233561708713855,5.064089328884984,2.990659863227223
65764,pop_3,3.0337682390982867,3.4383950898492253,5.53610092992843,2.8497717345730944
65765,pop_3,2.7708195726891307,3.165067634933663,5.880560433838842,3.0740305182291596
65766,pop_3,2.858530121446418,2.6992284004479314,5.903753178341556,3.5555055982429478
65767,pop_3,3.231008202559406,2.6679675553164857,5.338918614154759,3.664380732392311
65768,pop_3,2.734322540305949,3.2199616672068148,5.340741183534835,2.9073732498557354
65769,pop_3,2.743463473349152,2.9135631103782185,5.308307814233991,3.4885788022092883
65770,pop_3,3.0267692548408247,2.8917745140422024,5.34771387440071,3.403430341367755
65771,pop_3,2.8232772974280307,2.7829863388300744,5.355317852826211,3.3771781404181564
65772,pop_3,2.893588729110689,3.106433120804096,5.822232761119299,3.189416400190492
65773,pop_3,2.8283160536460916,2.9141004664156904,5.516019048838571,3.6542866814051327
65774,pop_3,3.1096089487259837,3.413892552354686,5.6203871659269975,2.798230939333975
65775,pop_3,2.8692898769828674,2.9782866943823514,5.705011832974263,3.117527201633546
65776,pop_3,3.119919518708033,2.888461140458655,6.088464230319472,2.8941345059140553
65777,pop_3,3.008303932776051,3.0288515766832567,5.30449551589878,3.150186321596169
65778,pop_3,3.284141009433551,2.7995468048059715,5.4356175754271705,3.172809227119815
65779,pop_3,2.5319384238831075,3.0849533058790453,5.570053581568451,3.556955183021917
65780,pop_3,2.809352940675847,3.044724830280131,5.362406873592649,3.628886827941396
65781,pop_3,2.870528433726844,2.74129167182141,4.991559200466869,3.092462064943676
65782,pop_3,2.5927292188768223,2.70445653636725,5.583734341617164,3.2894125631493836
65783,pop_3,3.21581006901823,3.223785209176104,5.385373971729187,3.3306581354219977
65784,pop_3,2.9306478905870983,3.172709776235896,5.398574211005062,3.2435508566932434
65785,pop_3,2.7632993536377626,3.1447603279964813,6.078028009370592,2.9400382204427777
65786,pop_3,3.180807546220936,3.1113771068472076,5.704675190914031,3.3127549948148873
65787,pop_3,2.7998845992844767,2.9825710864705632,5.410018172528574,3.413938682026315
65788,pop_3,3.1846850362268566,2.861422615714908,5.910491005298673,3.6487664723246507
65789,pop_3,3.102547155299674,2.9007484141484907,5.640977003546395,3.535932305963288
65790,pop_3,3.01667034710096,3.1488255203509095,5.723663947215105,3.44635936612137
65791,pop_3,2.7419422685331765,2.945886185427215,5.646509021099184,3.5712763115133703
65792,pop_3,3.1865042673365918,2.6704096849818706,5.8886148233380275,3.097202419345255
65793,pop_3,3.006293681357583,3.187347720967779,5.490716487697629,3.1290249899298535
65794,pop_3,2.5631622582074747,2.918535849224142,5.248321640066919,3.40290267332697
65795,pop_3,2.8870813592818965,3.1256150022193325,5.670915588409767,2.6299403639306402
65796,pop_3,2.7566438079587106,3.255428640277593,5.827850971874043,3.3833431357745103
65797,pop_3,2.99215852310756,2.524457183011394,5.497732045802842,3.4697252742245435
65798,pop_3,2.834233835309753,2.8406267691518425,5.211026217596237,3.2357053917585263
65799,pop_3,2.692303627765297,3.0638147239318423,5.892079001110098,3.1638540657914342
65800,pop_3,2.774560483463789,2.896677593537288,5.278386343471627,3.342536372091634
65801,pop_3,2.919023785352534,2.6590664780763547,5.394163219880285,3.3715069482829367
65802,pop_3,2.7349087204512386,2.6220759039158157,5.383048583998824,3.114226567725275
65803,pop_3,2.8848781793166336,3.0157647780741104,5.6747390784446745,2.869096848959551
65804,pop_3,3.09902368786716,3.1820107112628264,5.648631050203204,3.6027218785989374
65805,pop_3,3.0984696617787546,3.1084741792188164,5.345430598561338,3.061949073619604
65806,pop_3,2.8088008301180616,2.9727027602415643,5.215180001229357,3.260265730030005
65807,pop_3,3.3044870019811565,3.104589370834473,5.579866631510781,2.9789580588317786
65808,pop_3,2.8848406301968685,2.797595771375105,5.09257277116225,3.626323550033082
65809,pop_3,2.7172926729220443,3.04506904704853,5.971530643181211,3.0178676012666634
65810,pop_3,2.595726905811632,2.871200729556485,5.924169682063505,3.6048094291157295
65811,pop_3,2.50748529834443,2.8428336738300097,5.230442659060349,3.2853097092623464
65812,pop_3,2.7575564876117054,2.880980583339961,5.019231970612257,3.7535225072046265
65813,pop_3,2.775549275280923,3.1420805669033567,5.44906706828064,3.351268570412154
65814,pop_3,3.0396698779282216,3.4981055070572387,5.758729656651307,3.35629091201827
65815,pop_3,2.840187741129207,3.050658601751505,5.308128328077053,3.2329949784672736
65816,pop_3,2.7313440029290663,2.954611783723043,5.749567088146082,3.4101675158964326
65817,pop_3,3.03119363112061,3.0134651339198744,5.369048998373847,3.3151183655906578
65818,pop_3,2.7437573238277895,3.0210266370998022,5.402186520860303,3.560677210570134
65819,pop_3,2.955427860586932,3.0309655924188608,5.496392916420353,3.167248908316207
65820,pop_3,3.1579571028698012,2.7673360230840713,5.221294524824422,3.6277650570290816
65821,pop_3,3.002839533661001,3.377186137759421,5.36252983379372,3.1600682705380465
65822,pop_3,2.94858055923521,2.312116832978596,5.853023258794422,3.496049749501129
65823,pop_3,3.2826168402653693,2.7914735621740796,5.581705525417976,3.403486890244778
65824,pop_3,3.0945347502711393,3.330186633852357,5.322257316191123,3.1197624622271998
65825,pop_3,2.6809445002902903,3.075867414279153,5.182896461622514,3.138615528790215
65826,pop_3,2.8585894822034517,3.3099989369555454,5.405288425449929,3.1818739401897833
65827,pop_3,2.4283539805357846,2.6902910390955754,5.574209696053508,3.7845365190624163
65828,pop_3,2.976845375790727,2.9826825029584776,5.62322875959442,3.5145893536144897
65829,pop_3,2.8382042444601754,3.09417814076836,5.357018447156395,3.5495133547101028
65830,pop_3,2.3446600710720964,2.7974686242020117,5.2960537387736,3.7232435806456183
65831,pop_3,2.674982787105314,2.66848118041749,5.334049420440102,3.6736001791253052
65832,pop_3,3.2141832244891897,3.6182975239610142,5.249866562491009,2.83250978881671
65833,pop_3,3.194162110006712,3.2104222519691117,5.508627033207327,2.885781821534361
65834,pop_3,2.756195058728216,2.832953192446558,5.577185717330499,3.608761844844875
65835,pop_3,2.829159390297967,2.944755737205224,6.117088445937684,3.4279031961394555
65836,pop_3,2.968278637779379,3.3866716327343824,5.461761307278961,3.181767862729904
65837,pop_3,3.035798879826121,3.0643728158963777,5.751327432168825,3.473701049860365
65838,pop_3,2.723037951989405,3.149895465150048,5.730780080369816,3.6120142500001085
65839,pop_3,2.89926232806108,2.9536358191149588,5.710155845885249,2.89643566542862
65840,pop_3,2.900168514453875,2.462842032372256,5.583345144749583,3.6736995921900824
65841,pop_3,3.1238163855298486,3.534823571127744,5.752945299541698,3.294919133862649
65842,pop_3,2.814906103198358,3.248370648123433,5.5221191929897335,3.241832152689898
65843,pop_3,2.835559884072347,3.076793522598208,5.764925072078631,3.9508605511057366
65844,pop_3,3.029257397314987,3.1985249850825146,5.514769523132356,2.5444705072821985
65845,pop_3,2.7062805295233456,3.014487957072675,5.217816155934917,3.436916429396805
65846,pop_3,2.908718502518589,3.2337229673345487,5.709302486183358,3.3790857544660104
65847,pop_3,3.1822293048777905,3.136473215549975,5.98629466827702,3.10869950552285
65848,pop_3,2.916188165507129,2.9718382394252334,5.159052629782999,3.4458012559664652
65849,pop_3,2.9187554942422036,3.042439268563948,5.455646774885765,3.3870424930913594
65850,pop_3,3.099956473051955,2.9163906164302116,5.425861056975512,3.2368127396602513
65851,pop_3,2.7631321523477057,2.996096277100036,5.767505776763804,3.476310795275139
65852,pop_3,3.2207356635604976,2.9142049256508384,5.442723521974622,3.1498003184669865
65853,pop_3,2.8491293995064066,3.0774184032030862,5.227086535275575,3.296743273051579
65854,pop_3,3.0956791985375225,2.7785072375857185,5.474244429205747,3.670698848916826
65855,pop_3,2.8444784543427253,3.025196181583384,5.769202363288956,3.5011406208970977
65856,pop_3,2.6601921986796,3.1550813743405626,5.506551442692345,2.9774002415809386
65857,pop_3,2.774873007661031,3.2454908850077535,5.7148197616716025,3.17250521944073
65858,pop_3,2.806165133177913,3.3399926468363406,5.826309796098075,3.5277249272839217
65859,pop_3,2.5686388340407023,2.7624267286730158,5.424001165599168,3.3803668571361523
65860,pop_3,2.8159708399542582,3.01488552359952,5.627804987785658,3.4165550092311596
65861,pop_3,3.21812622900976,2.929783159146218,5.187958148810694,2.861760647431769
65862,pop_3,3.1938160190387266,2.8055067058133627,5.08134687112722,3.3729933709517597
65863,pop_3,3.436378293556427,2.7688144687853646,5.281951766766381,3.50476124259274
65864,pop_3,2.9479627931115764,3.195590137743497,5.651748521780045,2.8001786051043895
65865,pop_3,3.093274427164264,3.129014082174042,5.3849507464018895,3.55434303626838
65866,pop_3,3.031886469529712,3.098807787094568,5.235744215269279,2.935588947243511
65867,pop_3,2.8773523905027747,3.585144275292342,5.520216872486156,3.407810295267727
65868,pop_3,2.862996420571598,2.7219189158042596,5.505907518742256,3.1769578580486666
65869,pop_3,2.87584920400915,3.18501029394588,5.356728310813427,3.1448409317875448
65870,pop_3,3.2406682259024304,2.8074957933650087,5.682292446611613,3.3071599002967846
65871,pop_3,3.090816352526052,3.0852025219048183,5.580258129975277,3.4041151055327536
65872,pop_3,3.1372866679554723,3.2278438690081996,5.561857454672701,2.9820803168342174
65873,pop_3,2.966611404193041,2.7054704678013985,5.6682442087834,3.69864436954684
65874,pop_3,2.8547989891046517,3.259303216764351,5.879558361609396,2.98587720856432
65875,pop_3,2.773587000983051,2.9881731462799546,5.38738822208821,3.462065061712589
65876,pop_3,2.7187629452945385,3.1309859398473816,5.850360153245157,3.72258946000688
65877,pop_3,2.927580955083189,3.148237944705822,5.606388486008923,3.062490962984282
65878,pop_3,2.9492036955798393,3.0421066998961432,5.279486293003253,3.5173334716333473
65879,pop_3,2.7228311721438847,2.764880536087892,5.521965161840148,3.085251461058633
65880,pop_3,2.649155046074297,2.9959100917390113,5.584497319703203,3.6925140626993085
65881,pop_3,2.989806869818286,3.295307318367991,5.2115051691870855,3.2725145512058926
65882,pop_3,2.8345811510289702,3.1962519428875362,6.16424140498983,2.8908288985504296
65883,pop_3,2.9807802618516686,2.9299239294874564,5.810311459390155,3.7008731329707265
65884,pop_3,2.9623175846617773,2.8133862134779823,5.581144576215796,3.086443189313574
65885,pop_3,3.0356002822269996,3.3422787154194746,5.94029403130573,3.2018836660681806
65886,pop_3,2.794277822549079,2.9448147799599007,5.892416884880127,3.5808085589215755
65887,pop_3,2.9686697002687508,3.1623814886076977,6.01287598494758,3.138100030209909
65888,pop_3,2.838668246146411,2.864468324761999,5.82758752583492,3.2992913346671138
65889,pop_3,3.0520076087039723,3.132283869760901,5.742129901297705,3.3300341961898674
65890,pop_3,2.881183830600452,2.7700466940794244,5.175815628873437,3.370017349147656
65891,pop_3,3.4657753177120076,2.653697630560737,5.300375149448428,3.330385031800248
65892,pop_3,2.775022208800898,3.0708623850809365,5.694941161048026,3.216933863153037
65893,pop_3,2.6438094123434475,3.0060188061109914,5.238210377640227,3.3863656203790917
65894,pop_3,2.91608517910903,2.961988777099861,5.514739748605968,3.4728690154490507
65895,pop_3,2.966730436513704,2.768400237855037,5.279633081516382,3.396821347496543
65896,pop_3,3.0276701373792507,3.0001063357706808,5.334114427912387,3.2885755621911246
65897,pop_3,2.950853321749062,3.171039672598059,5.522615235317947,3.480735098317592
65898,pop_3,2.9588356653718644,3.2319468932774105,5.092930754757912,3.1566938195882925
65899,pop_3,2.719097351668641,3.502956450683641,5.366784317783025,3.2840486067910066
65900,pop_3,2.9943931099341436,2.518103955976747,5.526132313471326,3.7251252682661726
65901,pop_3,2.873429293563142,2.8231373474508965,5.455049240926256,3.2925694936427368
65902,pop_3,3.1134331820396404,2.654938870813416,5.448054402561138,3.5826307701204003
65903,pop_3,3.0957497057859795,2.968598497834802,5.878717806971738,3.0376023606741485
65904,pop_3,3.217923425513543,2.727640514984013,5.610358625262615,3.415387906414738
65905,pop_3,2.973576694213284,3.054606747600531,5.295457334360809,3.2241034360723466
65906,pop_3,3.089905463287646,3.3110366749068247,5.614974347243464,3.4830433292486513
65907,pop_3,2.8129194773956536,3.3342113921802485,5.432411714010635,3.7908563819514534
65908,pop_3,3.174350241151321,2.907640048927879,5.813282576570449,2.659872734581267
65909,pop_3,2.9325284682070265,3.208389949279295,5.210464656540043,3.462360138790989
65910,pop_3,2.6823195819068264,3.2372093769043206,5.683205116954974,3.468627050117409
65911,pop_3,2.854260012825746,2.658488422254213,5.448533578219791,3.209376258888891
65912,pop_3,3.3064446290189706,3.457263347863893,5.729371857373534,2.9718433424636643
65913,pop_3,3.2504653016389207,3.5949926324108668,5.942722189682051,3.1664404850445322
65914,pop_3,2.9175622461632105,2.953920395221344,5.123350915644793,2.89082618978204
65915,pop_3,3.035715399865811,2.99755384954079,5.319178545754709,3.786712330845085
65916,pop_3,2.80106594918644,3.0836028874896586,6.050363507820889,2.8492328101766704
65917,pop_3,3.0340137888544825,3.068910217080957,6.301275216023184,3.1000298330936937
65918,pop_3,2.9568550967401355,3.0068981349261517,5.562583820219949,3.796745121904385
65919,pop_3,2.6391887375034884,2.843732070840862,5.24627410418219,3.3863856387034756
65920,pop_3,2.997566054318017,3.1326279333315528,5.401957494260522,3.249745256068735
65921,pop_3,3.0569502356344276,2.8751191895889523,5.727817913313159,3.245512012810614
65922,pop_3,2.9428855593543166,2.7598714937316937,5.572898419331232,3.413225044320968
65923,pop_3,3.1665397557166095,3.1789256242722588,5.566731530753771,3.034268133149004
65924,pop_3,2.8124116381499054,3.401126538653279,5.590044169718235,3.36481846664247
65925,pop_3,2.730532686979131,3.317480711910296,5.415840534517798,3.2670822252563476
65926,pop_3,3.085218825508455,3.023687754682193,5.958572192018869,2.9878255869903896
65927,pop_3,3.1153736501454525,2.7842332275809567,5.670527189429402,3.3729463105127646
65928,pop_3,2.9502231848981224,2.921462191135328,5.310150612232695,3.6205953741715473
65929,pop_3,2.9864372892105386,2.6785940438189852,5.478639351736047,3.639779786568869
65930,pop_3,3.1590847972728575,3.188424006657015,5.344578535248088,3.6567966482832843
65931,pop_3,2.804432790308607,3.2229582592465,5.754582682741807,3.640729520417935
65932,pop_3,2.7871480056447453,2.790025805298319,5.320456549383492,3.116401549115605
65933,pop_3,2.863584239364657,3.195987701334711,5.725163250843577,3.3311132962697703
65934,pop_3,3.00249830642222,2.9313678241342314,5.550257485480792,3.516180883717384
65935,pop_3,2.6701057475805183,3.066041033974529,5.492584649933662,3.57533420059872
65936,pop_3,3.225635814253143,3.000578188392582,5.359296217753237,3.8997145062679293
65937,pop_3,3.069342431085013,2.8453078555638194,5.341191223469724,3.610641773483619
65938,pop_3,2.8996913703620546,3.224527518196033,5.701979049189321,2.9060164033823552
65939,pop_3,2.9146634479245264,3.3726796156208008,5.977629119620669,3.853921431535325
65940,pop_3,2.8637886565580226,2.9944220713741405,5.745431837847488,3.331229466841568
65941,pop_3,3.0726715081345595,3.129706501963317,5.4153359283556615,3.317611201903934
65942,pop_3,2.9350718056863543,3.091596421483958,5.709544560458485,4.045201669232794
65943,pop_3,2.5674069527438403,3.1261072996186203,5.033213198380292,3.09500203754514
65944,pop_3,2.649948242367521,2.4521785353370347,5.185154225434272,3.3936818464858405
65945,pop_3,2.743468185150234,3.203039384507241,5.1971599947584615,3.732585335024351
65946,pop_3,3.042974056931046,3.0525627957912715,5.514088032142899,3.6161910653047684
65947,pop_3,3.032284756970816,3.051320116367517,5.497686267195326,2.7466091115233104
65948,pop_3,2.884664065415578,2.8671881067474776,5.805449182446174,3.2617990923463767
65949,pop_3,2.879533377833139,3.3103549487817725,5.24957588371301,3.3920499516136418
65950,pop_3,3.181174905635368,3.1657619438672002,5.689440249484209,3.024869365587854
65951,pop_3,2.6640473649548797,2.8172443565543475,5.61363614217524,3.717847413153598
65952,pop_3,3.0259019425423075,3.2301639380462825,5.631745914064972,3.0353938058111822
65953,pop_3,2.633190518190085,3.2059506561731492,5.755941487146045,3.5782879992938192
65954,pop_3,2.6405067724304794,2.7296424409180458,5.615617668579633,3.4736007720530346
65955,pop_3,2.810736216846628,3.1465597871799535,5.754825791398223,2.9542827429464062
65956,pop_3,3.0514787810780155,2.956612416911407,5.6410185259276195,3.250811916261755
65957,pop_3,2.364247869504279,3.0859050130778467,5.2301929176737945,3.2762111160587124
65958,pop_3,3.070240877702759,3.1802749298212656,5.27326582166536,3.4984585795758973
65959,pop_3,3.027316956706645,2.7249988647639483,6.056327697501696,3.4817975704724398
65960,pop_3,2.9494669753791176,2.906842230332814,5.549166850417308,3.2988059951191677
65961,pop_3,2.6478114266237345,2.6174124011854873,5.0280475963617155,3.609963068328897
65962,pop_3,3.204910628763315,3.483772409343134,5.596213729208582,2.505975481976126
65963,pop_3,3.2984770826115795,2.7306225806364455,5.4574546031803335,3.704431771793085
65964,pop_3,3.026705437977676,3.530070168719619,5.572214877885006,3.105678794045996
65965,pop_3,2.8832224818645464,2.9528845021487475,5.478251924179674,3.603298829635099
65966,pop_3,2.6423740257340365,2.8987705856128745,5.248425327933558,3.5582078648528324
65967,pop_3,2.9698651422293447,3.0213460924977564,5.210221459842149,3.3681964883186417
65968,pop_3,3.2128958529124576,3.052795611694572,5.722204514464119,3.1065803805803363
65969,pop_3,2.860484043337553,2.9129767245587543,5.212927217629527,3.8112833531775827
65970,pop_3,2.9036186098673764,2.851438418851247,5.312861056508477,3.3570947556042037
65971,pop_3,3.0886128672940516,2.9141796892248935,5.529636845941624,3.4829246983769795
65972,pop_3,3.073606384292024,2.8681587198769702,5.694770699753717,4.113026664656225
65973,pop_3,3.071133472766939,3.2676070294891075,5.973200480250289,3.4859378108940753
65974,pop_3,2.963145015161693,3.2730007210009977,5.6504485138551015,3.0369877149745075
65975,pop_3,2.7222366149409467,2.9615680438278127,5.485689644868965,3.3566887810324024
65976,pop_3,2.97477150224956,3.0566884030577772,5.69493925874121,3.7104595483214196
65977,pop_3,2.4811122044929643,3.2192524244892984,6.057247335710024,3.304752588333113
65978,pop_3,3.3117726728921246,2.9216442574461032,4.975919872361101,3.3298209383552555
65979,pop_3,2.66014135882786,2.959955999854929,5.132753538969832,3.399122733148537
65980,pop_3,3.069591721549683,2.7313302919050866,5.483253629162555,3.1330149111478023
65981,pop_3,3.1256526665248168,2.927527379678928,5.427928327809066,3.495202803427865
65982,pop_3,2.56739998668416,2.7374510649581265,5.274461669060815,3.545047976333636
65983,pop_3,2.7952588859639658,3.1721568763207344,5.872111129521606,3.2587651370969026
65984,pop_3,3.0597246611716296,3.1908749924507083,5.75929677424109,3.4604973616888355
65985,pop_3,3.114823567040326,3.3572051159267313,4.682251673797107,3.278470022990808
65986,pop_3,2.3877639381401394,3.101516521881835,5.685241899321641,3.1711021547242604
65987,pop_3,3.0535249242254054,3.1234117578724625,5.661336324933368,3.4132178957441717
65988,pop_3,2.7924924082427975,2.6777717819404296,5.313062811097355,3.508671903691285
65989,pop_3,2.974207816806704,2.9159009341140223,5.681684032972485,3.291389459914301
65990,pop_3,3.088874258366399,3.030353009320935,5.347228342408692,3.0158612119701513
65991,pop_3,2.8713001756622836,2.916982658265347,5.40998358863745,3.172497054580274
65992,pop_3,2.6595894824589448,2.594836853483454,5.686511465269275,3.7727481778520766
65993,pop_3,3.0133674523685037,3.1226628988624685,5.599154807021695,3.30046511692054
65994,pop_3,2.7178627563672393,2.84881468792848,5.565467327201669,3.893949237436496
65995,pop_3,2.8494189798744385,3.0181778456025405,5.308131384039548,3.7699145628694155
65996,pop_3,3.1971595920859923,2.8566110775191085,5.505191503153964,3.390626955758782
65997,pop_3,2.959924836508218,3.5167698972110197,5.291959888865862,3.12562090921014
65998,pop_3,2.6548004541330976,3.284507002423639,5.475822669759579,3.1257205169450817
65999,pop_3,3.2244912900618434,2.880224771377731,5.347527628532972,3.6140677220769457
75000,pop_4,2.8601619621916377,2.6854985347613924,3.0435206360578633,3.617529090077441
75001,pop_4,3.2479676945109603,2.5568577592060664,3.2965087986040214,3.892755381474848
75002,pop_4,3.1728441247271197,2.8695799878531365,2.9355939804983535,3.533231357209315
75003,pop_4,2.8974485351278108,2.349949699660536,3.802989779919321,3.64066550574976
75004,pop_4,2.7962547086274854,2.6783446444262653,3.056360823159563,3.32287702079277
75005,pop_4,2.7573781236914607,2.3798906379149947,3.3718489745852307,4.067919402019009
75006,pop_4,3.2845752625884725,2.813958304262933,2.845884573306519,3.352072808782126
75007,pop_4,3.0830369490178815,2.65117490873995,3.346327271094797,3.7974438041930125
75008,pop_4,2.8536276280510315,3.1112107553099535,3.3523482325532687,3.306995390306087
75009,pop_4,2.738465894891471,3.0221940681116717,3.3578695912793335,3.2424582587766904
75010,pop_4,2.883158066935341,2.6084436906250086,3.079319140882191,3.381147592458064
75011,pop_4,2.656759029495583,2.5769821629860172,3.270084302878643,3.3165120141280187
75012,pop_4,3.194698373004492,2.8132189303067396,3.1178591885403257,3.313956862093519
75013,pop_4,3.2631002848926736,2.149511725939717,2.9920688532938926,3.795544670994621
75014,pop_4,3.0936819888413107,3.2570904861457004,2.9151167229448918,3.3542650980896513
75015,pop_4,3.133067619244993,2.802645886358456,2.9385407607342424,2.75865200266466
75016,pop_4,2.8533961841539544,2.4964533396676667,3.8011150126968443,3.5153563804634627
75017,pop_4,3.049333902398648,2.4198876592786074,2.8845812263723256,3.5048732556503635
75018,pop_4,3.043549624118344,3.080556708639489,2.6307956529369068,3.7857704970279604
75019,pop_4,3.3531290301441476,2.5030571087986018,2.8207257620329975,3.2529779471114035
75020,pop_4,2.9993372612761906,1.8769732266733736,3.557684257109404,4.103624529459713
75021,pop_4,3.386369367408536,2.656775982192205,2.8517219205663817,3.5506524225953044
75022,pop_4,2.8864339143815076,2.658625065658731,3.3772538118387763,3.4789291527416397
75023,pop_4,3.075492570824953,2.991473770489554,3.0853500386612325,3.749222716805871
75024,pop_4,2.9662050359256633,2.2086324027657502,3.2887104203592337,4.297616935045627
75025,pop_4,2.948738241334462,2.3940825248638453,3.133665197086641,3.9022889623178147
75026,pop_4,3.0684044695828265,3.251142883229111,2.781609064232276,3.3605006428982143
75027,pop_4,3.38141802744266,2.30593409082886,3.4475163187705795,3.8663822452966246
75028,pop_4,3.269695550642133,2.5406734209452084,3.3147684005801996,3.671083463989934
75029,pop_4,2.3102420340478607,2.5184799002178377,3.3550995199758287,3.582892690723403
75030,pop_4,2.650013739915403,2.5906717139155773,3.24555756506015,3.614267754954039
75031,pop_4,3.0425964564775176,2.463772288675365,3.080270201449887,3.498173544352125
75032,pop_4,2.786134920760046,2.519958619976509,3.5573378730863587,3.5631594103892827
75033,pop_4,3.109686056113308,2.9438076755322324,2.7255302714280347,3.0404613861348793
75034,pop_4,3.1504887572292013,2.54738941799644,3.68594711670684,3.5829503312014475
75035,pop_4,3.3383904784487353,2.7673701999396583,2.911250954259922,3.7725959018279904
75036,pop_4,2.907089686220343,2.5392367433753615,3.052813124674716,3.8843396844415965
75037,pop_4,3.202138065274171,2.889369678514073,2.9403035765420724,3.520887380624361
75038,pop_4,3.019114127230646,2.752185244469513,3.109007962257447,3.641372879230731
75039,pop_4,3.315275691054612,3.251090318175296,3.1838077061960197,3.504493764695129
75040,pop_4,3.233194864644647,2.927365827809072,2.6585945817069394,3.443272085546321
75041,pop_4,3.055306933181058,2.6739307080020684,3.2439661052752253,3.606118157100998
75042,pop_4,3.2068975457644817,2.5084607005814656,3.0662956717336276,3.504517127580047
75043,pop_4,2.7265330691590184,2.691494480812828,3.2545123276609598,3.3802660199011987
75044,pop_4,2.850213871573731,2.3811503458645773,3.396058189779847,3.9614556336172884
75045,pop_4,2.684855795545209,2.3279416847866905,3.9087718469397394,3.6365817880358757
75046,pop_4,3.1088957650650673,2.704328536081276,3.1805580419419597,3.5597861256134578
75047,pop_4,2.7235346540719343,2.52852944852694,3.543141581982242,3.8409490889018394
75048,pop_4,2.8673722861724036,2.8661101076440954,3.059566553707475,3.177205370100787
75049,pop_4,3.633471141497225,2.6594142297975147,2.6235758318705176,3.486208928757798
75050,pop_4,2.624398073127148,3.2888615904418286,3.1280919457613914,3.1476161483865788
75051,pop_4,2.946703713742537,2.7817733987601114,3.353296871201588,3.274722953067341
75052,pop_4,3.0296857986812014,3.0533529922324325,3.4000132268662187,3.4548375334803394
75053,pop_4,3.0761015565920484,2.574782469579353,3.478382597828722,3.340605009760981
75054,pop_4,2.5386886998645375,2.9925208238802337,3.1202738477932903,3.8914796382469277
75055,pop_4,3.0920556798100702,2.4568842049729467,3.0858958424500305,3.3940222663894546
75056,pop_4,2.9219167690873915,2.199813594419905,3.5867354016456465,3.479459774242366
75057,pop_4,3.2006610023295896,2.6503245998738865,3.256859235209895,4.152274591477579
75058,pop_4,3.179076586750789,2.7671413808859,3.2241023502897757,3.395017757378636
75059,pop_4,3.086997157571459,2.455082793476057,3.0263440710811604,3.5701157599742843
75060,pop_4,3.1131479629646246,2.3832396578156936,3.0553453351459154,3.647103474664759
75061,pop_4,3.1741855059358026,2.9423301016125643,3.275392588195866,3.308594929897859
75062,pop_4,3.2244221441825633,2.404418610441509,3.1178017837266623,4.023208017058236
75063,pop_4,3.0297412643174595,3.091922951186449,2.703080643647908,3.4980111541636405
75064,pop_4,3.4030715366163213,2.792005768838384,2.6447252690055607,3.5401627941949365
75065,pop_4,3.106214080396699,2.9263938985803644,3.3530338777819617,3.7569406577570073
75066,pop_4,2.965607778180256,3.2579949968130566,2.551841042429488,3.98653341232723
75067,pop_4,3.1191133448234756,2.734221693771655,3.141105353755948,3.692495847970491
75068,pop_4,3.1765289628980677,2.68873526558311,3.0398397457746182,3.7350877328880934
75069,pop_4,3.1224202721368193,2.9145866790701076,3.0961894211124563,3.248718034980404
75070,pop_4,3.218460603195473,2.7924151417344123,2.768964775858544,3.234625673161473
75071,pop_4,3.1369884168055906,2.58925113652911,2.6345580093200156,3.6882073630062426
75072,pop_4,2.7767093606316022,2.349923159912891,3.419550164625004,3.6256354633850982
75073,pop_4,2.7130928414021973,2.660358152316436,2.843986278745161,3.387125751782663
75074,pop_4,3.2553178486656087,2.4345784466403724,3.224072096827256,3.3927869409346805
75075,pop_4,3.069409977120909,2.5914638593411277,3.4402876875429835,4.045326429014066
75076,pop_4,3.3936506162974784,2.5471310767223803,2.6273482191837405,3.346850634888888
75077,pop_4,3.0134014073408877,2.8795491116837364,2.84999146674651,3.350190716858715
75078,pop_4,2.89789411343343,2.431096969442294,3.0376791968709327,3.5291077696684607
75079,pop_4,2.8795762558849836,2.5017734536725666,3.2765231429974517,3.983444565273945
75080,pop_4,2.9169424463469857,2.9434211317568613,2.700942494810806,3.0518355599533677
75081,pop_4,3.2911408941619067,3.0206298088059813,3.044827965687718,3.1986970366248437
75082,pop_4,2.9258919467412974,2.795991604093809,3.211618671018867,3.539211191788362
75083,pop_4,2.685433778164533,2.6465640292364863,3.1092203085760146,3.1389732705355016
75084,pop_4,2.949341864006376,2.759738990156386,2.881526168800633,3.3746743641256867
75085,pop_4,2.7216774443439644,2.9017610358710284,2.8829909451570823,3.510551463842323
75086,pop_4,2.845587778013357,3.0179164268952574,2.6066354297915675,3.750821394988609
75087,pop_4,2.847415973677612,2.8399563003952917,3.4346848545694257,3.3191717226387087
75088,pop_4,3.057419317014396,2.622456298421812,2.9606717058744527,3.741049138797915
75089,pop_4,3.152036418687208,2.8853114007269567,3.3791728562535455,3.2897763154477504
75090,pop_4,3.1304826366868803,2.9060517689584913,3.1689005269691837,3.0771753745048835
75091,pop_4,3.4436897368451573,3.537679322473034,2.4241423339048227,2.981677601043751
75092,pop_4,3.104881808462969,2.7604889551417147,3.016032713218602,3.6353779015204575
75093,pop_4,2.9586785869193517,2.60617701641445,2.972832190704442,3.5682584126073147
75094,pop_4,2.9969965209463583,2.6031406487719484,3.127169895171687,3.3764039465901936
75095,pop_4,3.032256009663637,2.7612343527616834,3.159345773944119,3.683169221403043
75096,pop_4,3.168978157668711,2.8197456225325297,3.068817695112913,3.362083183574068
75097,pop_4,3.157111919174862,3.127541101409024,3.1010046979925856,3.200864656676083
75098,pop_4,2.9002948902805437,2.3456231897431974,3.290450507626274,3.5450539862098207
75099,pop_4,2.6282331917231745,2.44062881841826,3.411749116555649,3.358316319439384
75100,pop_4,2.702938613528165,2.2857640096304532,3.3463704568167674,3.9315159884616
75101,pop_4,3.213307562176355,2.394560117560801,2.7304575737563987,3.7710777563617786
75102,pop_4,2.776957125671027,2.4628760637257385,3.1887157363014804,3.4953848564953476
75103,pop_4,2.838191759685645,2.907902317741029,3.214700555606047,3.663129160809572
75104,pop_4,2.7912926276864938,2.7214158254181355,2.7691134476960646,3.5269121644510997
75105,pop_4,3.2348737600807826,3.0041291553204132,3.121756599318062,3.9485133216756028
75106,pop_4,3.149110100311869,2.9928713859268816,2.849925793675401,3.418365200651771
75107,pop_4,3.0320304278375714,2.981014111190333,3.0266255070967434,3.569784838737859
75108,pop_4,3.2863236846691697,3.1484213139801804,2.9664546699855916,3.6316670128671342
75109,pop_4,2.9949303705462427,2.6688577971270533,3.0344565443611637,3.0159149407705805
75110,pop_4,3.110090366315534,3.057567180231376,3.230384336446074,3.397877396868116
75111,pop_4,3.101898136202277,2.8100154316830843,3.0868284325554254,3.771369190159357
75112,pop_4,2.7361353305912086,2.4957200271255044,3.1408328116872912,3.54918701767188
75113,pop_4,2.9248253840633565,2.7938416192149993,2.958616287002398,3.2723228970871445
75114,pop_4,2.9178120516458708,2.395901604606174,3.689077054924856,3.9331765702375385
75115,pop_4,2.7177725954849046,2.626435695385321,3.260401975862194,3.603805449178076
75116,pop_4,3.290859881147975,2.966794156566949,3.2356166060264515,3.5749714386280016
75117,pop_4,3.072111959505376,2.8317111496456038,3.0502271452677654,3.8107927639310364
75118,pop_4,3.257327134542296,2.9293803574026542,2.4434863475535735,3.4995623831597253
75119,pop_4,2.709168103867981,2.454762073801229,3.881711894471623,3.5634346287821215
75120,pop_4,2.9323424466849177,2.739058283391988,3.133760488070541,3.4326092390972187
75121,pop_4,3.086348280062114,2.609211464236457,3.1617796227863897,3.7931757408512246
75122,pop_4,3.1192233854011233,2.3670954080952025,3.067882261941868,3.8983655127376444
75123,pop_4,3.126283422353355,2.9224749785172826,3.179051409702991,3.5020542262007295
75124,pop_4,2.709120170235107,2.564824136775523,3.788404713909529,3.499302007638732
75125,pop_4,3.139339547239345,2.6431405191738775,3.661370280532922,3.715841486424575
75126,pop_4,3.204268208961259,2.531616204384317,3.0530422852848744,3.264104963733867
75127,pop_4,3.1268500328339512,2.9280423101377964,2.6781913364915533,3.43890085671585
75128,pop_4,3.184600983597213,2.7465806372877863,3.16011108261322,3.891293032898905
75129,pop_4,2.8488088945125485,3.027103756480369,3.170161654625853,3.060405162195838
75130,pop_4,3.0256593654976562,2.969673214790297,2.8884353185217093,3.1681741365433607
75131,pop_4,2.937533713646115,2.6726115549611316,3.038459996050124,3.7534931157241065
75132,pop_4,3.167715344202468,2.615636245113331,3.602625405369812,3.617483084320009
75133,pop_4,2.884847217406303,2.525411705510466,3.180879332473142,3.7424261270630907
75134,pop_4,3.0319019078306044,2.627699417057133,2.8906196727559377,3.852470411865184
75135,pop_4,2.9518954338999523,2.773004181535487,3.3636708977355823,3.910470192613181
75136,pop_4,3.106409357779413,2.4702832555765033,2.4583500170174304,3.4252076231972
75137,pop_4,3.12965119570379,3.1315013377799326,2.98961264541378,3.4419728643951375
75138,pop_4,2.7197629264925687,2.7021269804495165,3.148998696510205,3.4907656132492555
75139,pop_4,2.8664686351554955,2.9404456490978905,3.0968684001703437,3.751264733053867
75140,pop_4,2.7732653678173436,3.103880002207224,3.3341984570426315,3.7015376783057885
75141,pop_4,3.1343750884299473,2.5735832847543767,3.5925462714927576,3.4360120977116306
75142,pop_4,2.844306429926158,2.9152802659045456,2.9642445168997495,3.3083066031452026
75143,pop_4,3.0848883840533943,3.029346270731546,2.9231374118158593,3.48970034045355
75144,pop_4,2.8793029203594642,2.871476620132512,2.829993026843545,3.686918061906452
75145,pop_4,3.101005472603763,2.7117434965277525,3.1450065735818455,3.6955822411030046
75146,pop_4,3.332712663147868,2.749100439653912,3.291981733068245,3.742930785593269
75147,pop_4,2.87121604985164,2.7061805135007897,3.2085535819574313,3.6410375070168577
75148,pop_4,3.3685824301524137,2.4711681165211266,3.0632661344448713,3.446266259169019
75149,pop_4,3.286330386921517,2.786723040148191,3.6180989650426114,3.6635719615605176
75150,pop_4,3.1402975186343203,2.548334096376603,3.028070372248616,3.5847658641652624
75151,pop_4,3.0107010908584617,2.949902152045094,3.038370165850276,3.592884090836164
75152,pop_4,3.019028466117328,2.535125557115586,3.314343096424372,4.0122107860773735
75153,pop_4,2.930810974923217,2.9399496390575965,3.420490903523528,3.7002901695346795
75154,pop_4,2.7179622152492686,2.734015407037073,3.564594229347977,3.6891058362006226
75155,pop_4,3.454547475457418,3.024210809023237,2.9006973482107705,3.2421758552746036
75156,pop_4,3.109217442468299,2.5672174340419556,2.884711867614126,3.7525316491908116
75157,pop_4,3.1009815003115704,2.6324259728511574,2.9160727217229665,3.32553636722392
75158,pop_4,3.186832854084799,2.863523563419167,2.981751840239999,3.4644779859604413
75159,pop_4,3.142144406977092,2.9065712361160276,3.1926060972139623,3.5926627698759828
75160,pop_4,2.985565017533295,2.827857423554474,3.139714219589153,3.3831033943681343
75161,pop_4,2.867625498931804,3.1399365613183545,2.902994828477609,3.5629505232652545
75162,pop_4,3.3787009344783048,3.0307242872279354,2.778174997030935,3.7471737769660582
75163,pop_4,2.4955713991639312,2.589189845065598,3.3811445494612755,3.5970000429901092
75164,pop_4,3.2189527438327126,2.9842479857618627,3.3839767105764835,3.4597241001223513
75165,pop_4,2.893809496039114,2.535944934541685,3.3161949822729455,3.258921826274536
75166,pop_4,3.154531193580306,2.5216310444075325,3.3448466469232243,3.7673213050031777
75167,pop_4,2.8361752808323777,2.640162025479707,2.958965928278691,3.5538952609998264
75168,pop_4,2.4846793223550128,2.683070498257465,3.4817883411978134,3.9689755110007643
75169,pop_4,2.6644376493765805,2.4439322540040673,3.3135202731003965,3.575288815402077
75170,pop_4,2.8882519722390914,2.845026823679142,3.1858235399156425,3.2539354046042956
75171,pop_4,3.5336388774783427,2.4791620951241655,3.0434141279401667,3.383752717613625
75172,pop_4,2.6173928046733628,2.1381474024449854,3.1767166643228775,3.4525340683715453
75173,pop_4,3.0146424819934237,2.812659055754164,3.171499925003514,3.7312965557258737
75174,pop_4,3.022617299522539,3.1003816525974672,2.9576023345717366,3.1363946924334094
75175,pop_4,2.9264555419382816,2.804054765143564,3.4284013766132824,3.3501256639514967
75176,pop_4,3.090613578430084,2.5632763598004313,3.1467023545925183,3.5019523609361016
75177,pop_4,2.6829968328570177,2.7117994453156244,3.187400341085861,3.755400300638834
75178,pop_4,2.827371786560334,2.49537149568636,2.948676490831786,3.325199181063888
75179,pop_4,2.977625219886591,2.6883218709716616,3.173708355512692,3.3161799734030426
75180,pop_4,2.707100633695409,2.14934178750895,3.1378076374106283,3.6234176728534844
75181,pop_4,3.0308354419237307,2.7555045513683636,3.1009141992737255,3.485126917440708
75182,pop_4,2.8748335915150456,2.545306872313401,3.4257637086903383,3.3892199399397542
75183,pop_4,3.0448237342820033,2.7476926581417085,2.8667748382577996,3.9916207922985385
75184,pop_4,2.3454208695502405,2.643498753665175,3.1921679484960013,3.5838601111084745
75185,pop_4,3.1569751050735237,2.7791508547999197,3.0400094431686595,3.568739742682616
75186,pop_4,2.911852116716362,2.4517231803127735,3.1807843450699433,3.658689002576467
75187,pop_4,2.97187117104957,2.8104130883346263,3.3704132140209024,4.055112012869436
75188,pop_4,2.797437362048482,2.777920938172907,3.60451897506191,3.2295773401519003
75189,pop_4,2.6261361266980354,2.8049248442089216,3.273230890135733,3.3017557816945278
75190,pop_4,3.0403994307622124,2.685276081137394,3.2242745372014467,3.6531804481729857
75191,pop_4,3.1226468003416934,2.571806748029098,2.9466875288504335,3.5644481742829432
75192,pop_4,3.1522921172277982,2.8590453275459025,2.804583830035231,3.706729135400212
75193,pop_4,3.0038377174689255,2.4433353122072705,3.2931330761930977,3.3157833861552115
75194,pop_4,2.8669947573011707,2.7245381456052105,3.5071895696761857,3.611698138580469
75195,pop_4,2.990967378026335,2.514165703104794,3.4720776494439005,3.4336328714364535
75196,pop_4,2.8328511503553977,2.7950383607813194,3.0347152902323122,3.6812121895508017
75197,pop_4,2.9511449546796227,2.7521554488057136,3.4235760531517285,3.3867304737615274
75198,pop_4,3.190565727938364,2.558688786734106,3.153884975218939,3.531929031739295
75199,pop_4,2.7836556038994447,2.5182101625360613,3.3292126497510957,3.7096275147907023
75200,pop_4,2.6505026237971845,3.0277051429960236,2.770300737849854,3.5629283595426493
75201,pop_4,3.224971029768823,2.252198343945895,3.3066787477915627,3.4732794334636368
75202,pop_4,2.91399719159719,2.522469233038299,2.9878877594020707,3.4217356314481577
75203,pop_4,3.0966970236650724,2.694806182826593,3.31992040328344,3.6641894067100877
75204,pop_4,2.7350044914991947,2.74635529411537,3.5112286480925374,3.962351967338684
75205,pop_4,3.1302560938287294,2.6472902042413846,3.296635623201625,3.4435567985103717
75206,pop_4,2.9151600861832465,2.842764127348794,3.469813632631488,3.036705946054361
75207,pop_4,2.8836684597966733,2.379117521346061,3.4374983728642663,3.6359738955765994
75208,pop_4,3.408657879796037,2.8333308416285687,2.937984861415903,3.5753375148624587
75209,pop_4,3.202615760673692,3.1186603926763863,2.8070520856867294,3.1474432508098382
75210,pop_4,2.7257422038691543,2.812557508079225,3.175692945538984,3.2361324369155877
75211,pop_4,2.840206324772384,2.7445528376707764,3.2073282987279694,3.563066715571495
75212,pop_4,3.3742032342586374,2.812553570249849,3.0381602010790423,3.73200425197155
75213,pop_4,2.7825061153568114,2.6923130495854624,3.7604229562692093,3.8663663451447055
75214,pop_4,2.9320469618162575,2.412472178747832,3.177934311743768,3.6121613225545266
75215,pop_4,2.756278703143368,3.1148393721356746,3.1483528182808596,3.2455644220201574
75216,pop_4,2.9616362298798506,2.976894378114032,3.0934749320849626,3.6505448548969324
75217,pop_4,2.836647747210575,3.1362186874186717,3.0855648739096857,3.714513604831827
75218,pop_4,3.1907515577046537,2.7096740968727935,3.475481543842417,3.579305252568801
75219,pop_4,2.9902512375748764,2.3816035517592486,3.3920080704740334,3.742705428691837
75220,pop_4,3.1189642481356366,2.632925333823577,3.085879068324399,3.480925017816975
75221,pop_4,2.7834715629343467,2.7397475445339405,3.4391716740545415,3.5947307752205426
75222,pop_4,2.777916693292822,3.016733052295703,3.6860780861007227,3.322901860867667
75223,pop_4,3.259256969656909,2.971799447504667,2.5035638396103725,3.4663655401432876
75224,pop_4,3.1225969969398495,2.6783518760069596,2.7253553588101616,3.68928897316257
75225,pop_4,3.1761573654927115,2.289369722686729,3.24708859367157,3.6028755910555312
75226,pop_4,3.0148422557966725,2.73377398582013,3.2720054828107186,3.4829855174882587
75227,pop_4,2.7980405249286253,2.237688795084913,3.5383334025238,3.7848893428990666
75228,pop_4,3.0090472594577067,2.9110348843782377,2.991504994022962,3.295968084500846
75229,pop_4,2.7779072020771416,2.9893055306186476,2.5465623242912976,3.4416030437764955
75230,pop_4,3.0835433506624446,2.339553315821429,3.02393141431949,3.5774094753861045
75231,pop_4,3.186438300480567,2.7323812826880087,3.212933646777739,3.965574382672769
75232,pop_4,3.2009767453076257,2.379402066838955,2.9749361290258705,3.6407828983418873
75233,pop_4,2.7110242222099012,2.85423547581894,3.303167332510112,4.03805379192693
75234,pop_4,2.8518630738610704,2.399060254803048,3.290559044756777,3.642089811297124
75235,pop_4,3.0936972351717404,2.649167140774601,3.2885383062308295,3.470013404532396
75236,pop_4,2.8238639854559224,3.281320711378716,2.8506109420118086,3.305852368112139
75237,pop_4,3.246932325339305,3.155926311692335,2.986030224247407,3.0947678223483504
75238,pop_4,2.797963867152137,2.6363782515560166,3.5227606922438923,3.416242087344999
75239,pop_4,3.2180973425587336,2.8162893677835643,3.155588118160832,3.241246229215268
75240,pop_4,3.354320905214976,2.8248413995311634,2.9362427550869605,3.5668982746670714
75241,pop_4,2.7987095766747796,2.5059888593136845,3.0816917688429055,3.7920963746631062
75242,pop_4,3.548086386586126,2.803736384929258,3.4094628965084413,3.6656744559856023
75243,pop_4,2.881976371622549,2.63351737274669,3.4488723490483553,3.5930587330385473
75244,pop_4,2.758833161921722,2.910499679986765,3.005295437282257,3.362912603904512
75245,pop_4,3.1257499772158086,2.8143816743495034,2.8550543273916578,3.0826395343549553
75246,pop_4,3.133563975340213,3.198401249609767,2.8488099309456256,3.2670186119568183
75247,pop_4,2.92186464798492,2.2929163516294957,3.2520612403432034,3.837470807926168
75248,pop_4,2.9977329940065385,2.7104894757153595,3.333140376955898,3.7540974491698345
75249,pop_4,2.929397052080859,2.61681516194828,3.424434457110874,3.391402161368701
75250,pop_4,2.9850672578629727,2.7601787241422495,3.433412432648739,3.279922921966835
75251,pop_4,2.9012752863674764,2.5558403312961104,3.754251224714057,3.480908229691429
75252,pop_4,3.2915845274099125,3.0733151485558206,2.9778601162621503,3.449179125355602
75253,pop_4,3.094365256334268,2.8343640927599965,3.1142922846759684,3.522794770719004
75254,pop_4,3.090075812995389,2.8472845753730898,2.7193771076114137,3.4170520836261353
75255,pop_4,3.0337271921107574,2.202370001026534,3.074514110827233,3.8310212296654114
75256,pop_4,3.0393945148012693,2.6488332112300697,3.14413979512786,3.2156585202346255
75257,pop_4,3.011806256190618,2.673036287044738,3.0871609683018697,3.6971068514909793
75258,pop_4,2.769821967603854,2.286605960411841,2.87020058127889,3.848000065610858
75259,pop_4,2.6933334633798602,3.000717586840849,3.0805743927808553,3.237090415366705
75260,pop_4,3.341553286102603,2.82612958547073,3.2756949572676386,3.7695554668530207
75261,pop_4,3.185324116121,2.756200473248354,3.327396146730652,3.6531701785751824
75262,pop_4,2.7994813344463494,2.2749650843343883,3.3250273055548774,3.3680462252684165
75263,pop_4,2.813868781449221,3.10921701878651,3.066312405713571,3.2847773826637834
75264,pop_4,2.8392634129600425,2.7752169052417996,2.697790917977236,3.397151432853195
75265,pop_4,3.3545099549240174,2.7367141218955418,3.2543000829058633,3.8814833365904957
75266,pop_4,3.0550861386274573,2.731324770700536,3.1183801639381343,3.2987751503218163
75267,pop_4,3.2175316060587917,2.624847785850647,2.7915762779573603,3.454079953494079
75268,pop_4,3.012777840970386,2.84975349219804,2.9472459541442277,3.4396928066290124
75269,pop_4,2.7836597670947936,2.225719343965049,3.3717018095289393,3.826758339509553
75270,pop_4,2.8153879125106567,2.5217055910609205,3.9108137229736903,3.4276798521558463
75271,pop_4,2.968621513955423,2.5788225422400375,2.6900383975398823,3.770266508682006
75272,pop_4,3.505722559098773,2.9068520114155616,2.801132873677431,3.0775038857674266
75273,pop_4,2.829049451894903,2.555015479972052,3.0259042455041483,3.4109845950038347
75274,pop_4,2.498977071246539,2.764760303816336,3.1782942059787476,3.6235307461465323
75275,pop_4,2.7165322733886854,3.107782195573882,3.0057515434546658,3.17880201908909
75276,pop_4,2.8008527724183647,2.481234057448542,3.514622457160305,3.738611879165325
75277,pop_4,3.2071666839352657,2.5374916828289247,3.3009061337748533,3.930634461678644
75278,pop_4,3.3385715892088075,2.6674808002024997,2.8439099190854686,3.398911146894471
75279,pop_4,3.1749878087865238,2.8729293430757603,3.023951314966963,3.300652805942494
75280,pop_4,3.0701201407861367,2.7224124476426033,3.3748269105328395,3.538925420419652
75281,pop_4,2.8899773051440714,2.8312537159877453,3.3247282049023625,3.107428914611865
75282,pop_4,3.094027265347092,3.443622291169273,3.1318418095527676,2.783832671786029
75283,pop_4,3.5317447751588986,2.8672892669293657,2.9011346441468495,3.841615861661284
75284,pop_4,3.1610747797222283,2.7746765449311095,2.9761734298537306,3.6332589427616635
75285,pop_4,3.1798038010019605,2.9357319284165047,3.318138028545092,3.3685270237514473
75286,pop_4,2.664260804207633,2.9161945939097715,3.3144868025297396,3.0175201042409965
75287,pop_4,2.8449438298672236,2.6184467611028097,3.456857295819522,3.5444964187714363
75288,pop_4,2.668352818455727,2.6019631212886427,2.834052865801292,3.4589093855851374
75289,pop_4,2.9238212572303643,2.9995067749533417,2.6692377468624753,3.339470130818553
75290,pop_4,2.277132675918146,2.9905399320692587,3.02405709024362,3.3340757119553164
75291,pop_4,3.0407392417236703,2.493506346070565,3.1742395989363583,3.6654486469308782
75292,pop_4,3.4949925301580795,2.3844683101877577,3.045827587480958,3.2925939437354104
75293,pop_4,3.262575073253904,2.778543640953977,2.927800512200221,3.5353226796128134
75294,pop_4,2.5561396401388192,2.6646621806527695,3.494331962242691,3.432796400093894
75295,pop_4,2.7197283024367294,2.4912875534263366,3.4031791798621045,3.4564135169319723
75296,pop_4,2.8799699375720507,2.992018147761023,3.1997915354509425,3.3676587936988756
75297,pop_4,3.069573879824722,2.5411763376935794,3.057118480479359,3.7872855015003197
75298,pop_4,2.841309258818017,2.908171624246446,3.069756817114027,3.472284480519551
75299,pop_4,3.2475586177282687,2.241653425624617,2.854124699609004,3.764795840956827
75300,pop_4,2.9584897168914104,2.2679345772391586,3.2410625549187024,4.10300549628648
75301,pop_4,3.4071347446115716,2.5879725823480237,3.091891886065344,3.2336774849471466
75302,pop_4,2.6566382758214724,2.812711704218296,3.412152288539689,4.047794935325475
75303,pop_4,3.182928480142489,2.7205820356059998,2.8802540437301376,3.3436901839287465
75304,pop_4,3.0526141092662207,3.0698329352936335,2.802873682695078,3.5260896749648922
75305,pop_4,2.821896346979467,2.4803115920799668,3.3928202677691717,3.687452190491619
75306,pop_4,3.0783702406345403,2.586769939757665,2.839722813214744,3.4158614194725767
75307,pop_4,3.3068514858753093,2.7359890470574904,3.1052017122619566,3.7656910118475437
75308,pop_4,3.1642249005198733,2.976176772169121,3.064894463879361,3.448295750058106
75309,pop_4,2.886552754992635,2.996829548313452,3.0289787039580887,3.486183252107995
75310,pop_4,3.0023159137511253,2.8138921697823522,3.0655449347422263,3.4179893304996685
75311,pop_4,3.0080766553174443,2.7924696273279443,3.136646331079849,3.512119610176263
75312,pop_4,3.0550483483840223,2.651437228248011,3.4858315777899227,3.52145673437524
75313,pop_4,2.69453312151088,2.6820955301278238,3.190494211585513,3.05847915192818
75314,pop_4,3.0252273530619096,2.684523164033019,3.2517247637198756,3.3324534882295787
75315,pop_4,2.745533015805058,2.709397316013554,3.5332956158097804,3.7251019032074533
75316,pop_4,3.121396447887439,2.7444323359374487,3.4053261930934866,3.727539871585567
75317,pop_4,3.4278345493549467,2.956761591241766,3.5494275653595095,3.7645219372448593
75318,pop_4,3.180734528807874,2.8444905639864473,3.101573586662044,3.2736571346413217
75319,pop_4,3.201933882932814,2.798753928160427,3.158024827192677,3.619651822358734
75320,pop_4,2.8561278907000522,2.807755873740834,3.232488532414876,3.198295363807231
75321,pop_4,3.1704078462016407,2.394482818299576,3.0435632791099456,3.3494105142697057
75322,pop_4,2.8534401623793877,2.4903375937310774,3.4531928684065143,3.550215226712627
75323,pop_4,2.7602981246348435,2.666589892592342,2.9541546587801393,3.420612654354175
75324,pop_4,2.7880972913384285,2.9650339651146536,3.1081483017414677,3.833351365541078
75325,pop_4,3.1506417070098043,3.2092243486891796,3.121583283962304,3.592845606052232
75326,pop_4,3.053090181454164,2.6104652320950663,3.099939719501872,3.665523071922425
75327,pop_4,3.0668936083464313,2.7902442865523702,2.8684386663088457,3.426887345188782
75328,pop_4,2.969502418005028,2.7984603387146314,3.165325410091031,3.4437529961338647
75329,pop_4,3.075922483641815,2.840972001847991,3.888302070260222,3.7359455162353297
75330,pop_4,2.6931544597426496,2.858339491713729,3.3160019531465466,3.799416669980105
75331,pop_4,3.119756111332909,2.6838839031562625,3.30699050173594,3.492616337206565
75332,pop_4,2.685689194454295,3.002236085515065,2.652801740875271,3.5056084978297117
75333,pop_4,3.004494869012788,2.7770283250456207,3.166893162097952,3.665235087271748
75334,pop_4,3.234496502133185,2.694285097319445,3.113656623201534,3.7551901126005958
75335,pop_4,3.18083871021243,2.713251292151225,3.008338197930945,3.418759439790923
75336,pop_4,2.8612432541412844,2.9773864614108687,3.0509930186761083,3.7501999268539343
75337,pop_4,2.924303826311136,2.9976197496715944,2.8264777003043937,3.3909524547781786
75338,pop_4,3.181253573611797,2.832340086006687,3.336104551871613,3.8926387667668774
75339,pop_4,3.1282102265331786,2.9402554753860777,2.7406250806320314,3.388159602129284
75340,pop_4,3.288820815086603,2.672022243546616,2.54249547045132,3.5169231908728844
75341,pop_4,3.1005050974131976,2.937100603619419,3.0861847220574004,3.170488984065165
75342,pop_4,2.895640358167144,2.803812358907534,3.2637157109549615,3.6041078629689984
75343,pop_4,3.2207473513840146,2.666467150874928,3.356942300191186,3.749827923805911
75344,pop_4,3.332904515922626,2.899769722693858,2.9722606325819885,3.4562754680637062
75345,pop_4,2.95464565416391,2.8571821829914352,3.1174227294156878,3.2537684288082525
75346,pop_4,2.7816602518555604,2.561524949245553,3.256242478391282,3.647612760587056
75347,pop_4,2.9614785912314305,2.5126990237884295,3.493028356243499,3.773575948229679
75348,pop_4,3.1936852678640664,2.777327163039964,3.3855974197687155,3.3723825197102015
75349,pop_4,3.233738225770212,2.781280507031324,2.940069624450038,3.6096753818557974
75350,pop_4,2.910739198730245,2.860798891246376,3.0890475008584666,3.577605884054916
75351,pop_4,2.8157732428399567,2.6710051004197055,2.9943909021210366,3.7997751338616714
75352,pop_4,2.651495101813951,2.6584250979753388,3.3163925736266444,3.8170400999145593
75353,pop_4,3.090631569547144,2.723987957623455,3.10804577759229,3.1694887264518834
75354,pop_4,2.6666448745826257,2.7560032965859182,3.011557140153765,3.6814912447404375
75355,pop_4,3.2786836168345665,2.654872965979896,2.9349364079271822,3.635018144111417
75356,pop_4,3.3675436617276318,3.0595488794684296,2.9808938220159518,3.3986157454513086
75357,pop_4,3.166766482453663,2.3665347355221686,3.00242923599771,3.5277734210949583
75358,pop_4,3.0269547486860136,2.9325557290590685,3.271447572192421,3.5695673858478383
75359,pop_4,3.1954933009946354,3.2208544396842442,2.8785652471319283,3.8051516674512107
75360,pop_4,2.7825208237146164,2.838696785786131,2.8165006476343324,3.3691373222895633
75361,pop_4,3.047426753275225,2.490938157223009,2.9636291644065547,3.896024841494587
75362,pop_4,2.6059142235828263,2.5397571345270165,3.0108493523151676,3.5690392121404697
75363,pop_4,2.898428374840231,2.910311260723052,2.8644812972902014,3.4855519487334132
75364,pop_4,3.0062286472891686,2.8713251736544665,3.242691097066644,3.4121400575779584
75365,pop_4,3.175191347196953,2.6131397650421815,3.5143112012131383,3.6204249126406927
75366,pop_4,2.823772717002471,2.837812174451938,3.2137787371967956,3.97869432769227
75367,pop_4,2.9936175146425303,2.8650993071778585,3.062319995631595,3.185430852890495
75368,pop_4,3.0376212926738493,2.770632340663984,2.997639531171128,3.6200843378260603
75369,pop_4,3.1487571308610534,2.6625526287136045,2.9391047003193624,3.7163232811655433
75370,pop_4,2.8633460383329417,2.5044855356671136,2.9973843505147895,3.3827253142269584
75371,pop_4,3.2172781483031154,3.2226031241217155,3.285689478290024,3.099415751297218
75372,pop_4,2.9631034212017977,2.281736103560616,3.648004402738223,3.6718562484912085
75373,pop_4,2.5587047961270346,1.951748136418457,3.5909971328253074,3.601903800340794
75374,pop_4,2.9186264476259502,2.42619265140628,3.175591868845243,3.3387343082940606
75375,pop_4,2.77802308704021,2.585224872664766,3.07538716782892,3.1956196114175373
75376,pop_4,2.6946087522577025,2.3911688579132946,3.3227677618917166,3.4222135497422443
75377,pop_4,2.806846002170431,2.6439651136121864,2.8596541440435934,3.3226895815775785
75378,pop_4,3.1043299517702496,2.693281411303804,2.7366787202098486,3.869270320311675
75379,pop_4,3.117113885911492,3.048878684716445,3.162460049455958,3.606740341960372
75380,pop_4,3.0381870808704883,2.522468702296388,2.6960065603552166,3.6698737619215347
75381,pop_4,3.2655840179057543,2.7468205618552983,3.410429155494194,3.8299656422101482
75382,pop_4,3.2215426055185237,2.8353054813168503,2.732069354421144,3.4704488157041795
75383,pop_4,2.653152513270728,2.83295468835314,3.607010514667548,3.312231794318997
75384,pop_4,2.7609852707053593,2.2528800958278796,3.428042408119423,3.4649914242849933
75385,pop_4,3.073623737463118,2.9043767829879066,2.7414595609747052,3.184353975407338
75386,pop_4,2.9740000748054722,2.5451440912772294,2.904344688900916,3.87438343676251
75387,pop_4,2.967863560003091,2.4978308390368684,3.029283060058378,3.358579522620993
75388,pop_4,2.918986699497886,2.7494896958935033,3.30916609540405,3.8250315259086483
75389,pop_4,2.931631402774217,2.893714204215276,2.9465691561217913,3.547705866708269
75390,pop_4,2.844845093103699,2.628860474030149,3.0933262012072764,3.5944695580261654
75391,pop_4,3.133394131226764,2.4978753409477736,3.3589813405452187,3.5181332810827812
75392,pop_4,2.9099370018074677,2.920700110090427,2.8378960245630935,3.4955945068779126
75393,pop_4,3.519789683361006,2.660572848278918,2.4716190668404296,3.720613185276389
75394,pop_4,2.9625899908258533,2.350728223446771,3.6366261596084204,3.646398223797362
75395,pop_4,2.8038155842434747,2.74425423441844,3.311022329964801,3.559136371003933
75396,pop_4,2.483297030537311,2.890654819433042,3.650804281606207,4.023485852252053
75397,pop_4,2.9975682212947867,3.1357219645675825,2.785926778603285,3.190470004922109
75398,pop_4,3.0744295618633464,2.8072944434158744,3.426260514666025,3.5106674482307274
75399,pop_4,2.760946296506151,2.5705894378909377,3.2852981417206726,3.669466769579479
75400,pop_4,2.9151715901147455,2.5669979527528093,3.4605304291409253,3.8839385792630763
75401,pop_4,2.7473959794824028,2.352022925289736,3.523977213784354,3.607719206450108
75402,pop_4,3.5450359821147495,2.4516029732865237,3.561199151008099,3.809996325331094
75403,pop_4,2.925175456103424,2.8680957181881466,3.156465375081342,3.5729849379115675
75404,pop_4,3.1292506071410386,2.7687047787278996,3.4785467289977636,3.866037764429161
75405,pop_4,3.100920779538052,2.8761854031792513,2.836047332755373,3.58940530634506
75406,pop_4,2.8578273949874866,2.862472293794599,2.7939079805612725,3.398183906811073
75407,pop_4,2.842754627432545,2.9992996562285854,2.7030607080397147,3.543698369851377
75408,pop_4,2.8497006078735585,3.080887846602537,2.892526966775631,3.38070833829959
75409,pop_4,2.927821450584987,2.8231192743635645,3.0680982339519343,3.5901628538735175
75410,pop_4,2.6901100051068894,2.8774402182009338,3.3582407788777004,3.689784906786871
75411,pop_4,3.402621596953333,2.9586290660063312,2.9570681298080697,3.769841142240505
75412,pop_4,3.1403286860204633,3.08314960931991,3.149631441643835,2.9642050634602777
75413,pop_4,3.20215582011601,2.5924244423549423,2.960527093440408,3.5722061116576946
75414,pop_4,2.4601891910315965,2.0841394589912103,3.7199802516380553,3.86388538662572
75415,pop_4,2.9604867259470535,2.4304393779830478,3.163898764824554,3.9325883934016512
75416,pop_4,3.3159050827980283,2.6303520947841497,3.2299936969608463,3.8969214309844866
75417,pop_4,2.993441305846361,2.582457503613935,3.0792534243819154,3.551957203625087
75418,pop_4,3.001648010927732,2.476339540286737,3.2502478539707904,3.3740603214268825
75419,pop_4,2.810007847705299,3.110439656636287,2.986499002802865,3.676486188263954
75420,pop_4,2.9190005416566467,2.4675996124914525,3.4451984777815188,3.141612504408099
75421,pop_4,2.790263737248316,2.6128238520399307,3.152193491593885,3.71716793435966
75422,pop_4,2.688987809392678,2.5599227248063454,3.175567792808754,3.76951478954996
75423,pop_4,3.0363074885075845,2.644441761394338,3.549499530666851,3.464334156865881
75424,pop_4,3.086728514588736,3.023219007722159,3.3037107586030934,3.6340652417408696
75425,pop_4,2.905364230590174,2.4444342900320297,3.1367292178785937,3.3411372535969055
75426,pop_4,2.7952941029478957,2.9256353935356767,3.2840575802584437,3.844518864215445
75427,pop_4,3.073344533241901,2.0010796423355863,3.5461655768651115,4.124597176808648
75428,pop_4,2.531792355961031,2.958190567246908,3.298793485811572,3.3842060903433513
75429,pop_4,2.7797847752020575,2.524069456588199,3.486468870488781,3.5470469441538013
75430,pop_4,2.9431963057492627,2.39343965090081,3.3490174648336137,3.785189051201323
75431,pop_4,3.0847707019890174,3.351602632146041,3.147792299337013,3.6719264570389303
75432,pop_4,3.0038373207123255,2.432651174306627,2.923712725068912,3.850572608434632
75433,pop_4,2.795173412213235,2.6960409073094804,2.6618388273157985,3.363481431810242
75434,pop_4,3.2582156840552954,2.656063892026792,2.8158922517482585,3.3952312025227913
75435,pop_4,3.1708443457526667,2.919118935029334,2.7071149060791875,3.7996628771195704
75436,pop_4,3.061604237934863,2.8038723745332144,2.835400464448051,3.6343451824709336
75437,pop_4,3.3181116048360444,2.572795721141136,3.146634966990502,3.38099056430268
75438,pop_4,3.0182665537305535,2.695244401111561,3.3646662718751084,4.022323346513912
75439,pop_4,3.0639567318158236,2.783889212573698,2.95027938515997,3.861196925442911
75440,pop_4,2.8208597759480702,2.410006124243596,3.472504803113376,3.742743241256968
75441,pop_4,2.837361428952126,2.6527463932804674,3.0252744199833974,3.726458499026565
75442,pop_4,3.1987267116291203,2.5514348813574275,2.73114433500032,3.414119205500783
75443,pop_4,2.8098952409902354,2.5914269934069614,3.360705691573264,3.715376650981867
75444,pop_4,3.354814503860319,2.9484095024613732,2.9822370083946383,3.755013215303898
75445,pop_4,3.0526599200512607,2.9038083777045136,2.9390715811888297,3.560908561905021
75446,pop_4,2.845274092929451,2.9699493490552564,2.9726821751399073,3.6178460936355306
75447,pop_4,2.8838827365805946,2.385791535909943,3.7588600518896222,3.5049194641898334
75448,pop_4,2.8162924171194628,2.4128535846586043,3.150584716720414,3.2688059254309603
75449,pop_4,2.9823003806846566,2.666427710819042,2.9940636558902716,3.866482151322527
75450,pop_4,2.7936669947917445,2.7368532605970786,3.401029597991806,3.5433798384384514
75451,pop_4,3.1484861943753915,2.8677696220061994,3.3502544862741668,3.9513141511929213
75452,pop_4,2.9912187064443074,2.623052872927421,3.215475349918706,3.6480395334129745
75453,pop_4,2.998858941784401,2.998598372283853,3.1105318312899,3.673718222909367
75454,pop_4,3.1489372090332512,2.5866843040055767,3.213577547339429,3.538116233599234
75455,pop_4,3.2472262586167018,2.5726882041303485,3.166771883210734,3.6368503225545474
75456,pop_4,2.828242357506298,2.894132505260682,3.1947236155763075,3.6613857685001263
75457,pop_4,2.982679282863886,2.760668694510166,3.046670193982688,3.370335361740782
75458,pop_4,2.8396320719835915,2.618337197161248,3.2010923633024433,3.232191290113528
75459,pop_4,2.766359856476091,2.937848597408555,3.2518163376960483,3.65782262847186
75460,pop_4,2.813316631379218,2.6338384414911746,3.5260974207814613,3.3776069736572834
75461,pop_4,3.103733183023479,2.3180311192571565,3.189740571767723,3.8606058344455105
75462,pop_4,2.8493441752860824,2.8640631109207564,2.7541032094679285,2.995452600587949
75463,pop_4,2.8015233085839473,2.7602209341827484,2.8670584761778484,3.6409020863812978
75464,pop_4,3.128611558491713,2.9177827892043395,2.420670525574258,3.3494546931829654
75465,pop_4,2.9041227684623707,2.855917923406792,2.7885061386611345,3.516354952618532
75466,pop_4,3.266002285834489,2.6908802077815537,3.1058673336394538,3.536396402560731
75467,pop_4,2.872398390048675,2.61799956177494,3.395286640863455,3.5832665685952447
75468,pop_4,3.0096649967059173,2.465425783551237,3.201928487216186,3.5463832813679725
75469,pop_4,3.2876311439395773,3.1652461411241983,2.5450104027648135,3.4032820259944248
75470,pop_4,3.0899280395636586,2.9118115372055127,3.226404515011679,3.676603767210982
75471,pop_4,2.8928604435404015,2.57068615574347,3.3876835008164337,3.7337214329914676
75472,pop_4,2.7877130418108957,2.8774322766366938,3.2410271192631854,3.808969043830214
75473,pop_4,2.9448262015881776,2.6866252886417636,2.943553026230273,3.484703854086732
75474,pop_4,2.900391911145554,2.325391648134013,3.71550565465401,3.685107630834453
75475,pop_4,2.8260560297776314,2.3913060723284407,3.3563410841199364,3.7479431792723785
75476,pop_4,3.091525076333529,2.80821723846126,2.9763180498440707,3.6135194653804446
75477,pop_4,2.9167683879326263,3.4250616175845097,2.790489354626277,2.895409542504545
75478,pop_4,3.182612895049677,2.975366016301675,3.2378565144856615,3.3995777101773603
75479,pop_4,3.2006112826078414,3.0077551036775434,3.0180459076861426,3.389055001121032
75480,pop_4,2.7311693399639867,2.668096476829929,3.347809832347579,3.9376089768891966
75481,pop_4,2.7593035976734805,2.978730025059098,3.1560466775176907,3.5481148740386486
75482,pop_4,2.8972611593865234,3.259389932373547,3.5114392954299642,3.476158169031909
75483,pop_4,2.7089592957604167,2.4237952730951196,2.7346921109185462,3.8153645869582555
75484,pop_4,2.8873073538971155,2.7741404395646225,3.460396413446125,3.2249958717809792
75485,pop_4,3.0005509212805013,2.756675733777968,3.2706889164320088,3.4611439229044954
75486,pop_4,2.999196033499742,2.2520258959971424,3.2340762659173694,3.7895044857600184
75487,pop_4,2.957336827402662,2.524878995995972,3.0721903863219104,3.9267061405941117
75488,pop_4,2.7412323334585413,2.496361191354777,3.1525607682250003,3.6164769475437835
75489,pop_4,2.844505575402293,2.6484087617190855,3.1688168233094576,3.601109782534784
75490,pop_4,2.8203327787625665,2.7787875920136367,3.280176122825954,3.748710025388307
75491,pop_4,3.184636043019187,2.7309990347722213,2.880587847192157,3.3901870190104586
75492,pop_4,2.903395535768203,2.7898167896675456,3.239386224430422,3.878457581929925
75493,pop_4,3.1996213089131005,2.4277516272976722,3.2133220415021997,3.451191499090362
75494,pop_4,3.1865254259239673,2.390331173847813,3.1170780404020206,3.772154706934039
75495,pop_4,2.77111517902181,2.668169384474897,3.2898918745269743,3.6116785793804382
75496,pop_4,3.0126766798192124,2.7822871506072886,2.7845628210084117,3.369225053323566
75497,pop_4,3.1195073155221054,2.7424982317869504,2.6435517064445633,3.684110189578531
75498,pop_4,2.7665335022920763,2.3914074304488815,3.196996125347339,3.6524759053987235
75499,pop_4,2.66913018246996,2.8885259493871356,2.968092373818242,3.451999954712133
75500,pop_4,3.0542904989534287,2.559547460565173,3.1194133790017893,3.784666621893011
75501,pop_4,3.051643226999738,2.813194973408093,2.9997708124002904,3.188390330963023
75502,pop_4,2.765523825022104,2.632923381738761,3.3079541412607765,3.5619439496762544
75503,pop_4,2.7758938251916487,2.8802211797767283,3.1017448784179367,3.497925453578523
75504,pop_4,2.9492042418850586,2.986516055478549,2.8112098093290703,3.4309838093670524
75505,pop_4,3.151297171698915,3.076596459277649,2.785899235758978,3.2456131570103017
75506,pop_4,3.123911686584522,2.3055729361842228,3.105767966148376,3.5380568597756055
75507,pop_4,2.8870006973956093,3.323808501576569,3.257440584082401,3.3837165135758682
75508,pop_4,2.8244013031867765,2.8711634833916033,3.347194020149589,3.3521659849932606
75509,pop_4,3.0156389766013874,2.796946429070667,3.1215768192151634,3.230805458568062
75510,pop_4,3.3163484666683227,2.801634055339993,2.9263242059022314,3.6547206883981
75511,pop_4,2.738943643345516,2.9449825439416273,3.069199679422562,3.4018533287288206
75512,pop_4,3.1191516974339546,2.681639268588583,3.3699828788321717,3.7642108165954284
75513,pop_4,2.7914735682321914,2.621367859279905,3.345304399187055,3.4357033281319804
75514,pop_4,3.2591833992569,2.8768461310787106,2.8495514755362734,3.4262796230131527
75515,pop_4,2.7403965499093936,2.998892241564609,3.5067556912297064,3.1073240844057457
75516,pop_4,2.748849732845164,2.6277227113662476,3.633700155090221,3.543753421076763
75517,pop_4,2.9231969431442995,3.149420807763079,2.923289850131641,3.1875108256013163
75518,pop_4,3.0478286016117795,3.196972130066331,3.3520849334724137,3.1961200006376234
75519,pop_4,3.5392955814374956,2.3189090141376067,2.804387289637734,3.7254682500546887
75520,pop_4,3.1821850317469282,2.694411646506334,3.0164710071184,3.3782316565863066
75521,pop_4,2.8593198502811092,2.2274769211069803,3.3976550644433376,3.645038835106553
75522,pop_4,3.2689736647301038,2.810396617013509,3.141575659468147,3.414995033371942
75523,pop_4,3.1545507153852026,2.7438388971017362,2.5605690484150414,3.795894995360188
75524,pop_4,2.6476059414371145,2.962897545360444,3.037716341681208,3.112912911361041
75525,pop_4,3.092011939516458,2.625005412149553,3.0478093646538316,3.510609758865397
75526,pop_4,3.121563917917502,3.201007206819761,3.099125800796496,3.778469558348006
75527,pop_4,3.240261008399799,2.718432260951162,2.7704702590804966,3.50537139018776
75528,pop_4,2.5695337894525436,3.007794796231462,3.16685256595863,3.4670172119984994
75529,pop_4,2.90321214864909,2.5629161230832236,3.7356238114830407,3.480122311585447
75530,pop_4,2.9267038436463735,2.515617550327303,2.9077034872176406,3.5995044033463897
75531,pop_4,2.949834009016894,2.9206232141074526,3.295078138358403,3.6556266701422344
75532,pop_4,3.4071036091501274,2.674997200444609,3.1371349455266326,3.489668106469764
75533,pop_4,2.6945373890482225,2.883450015516939,3.117345208792173,3.966407349568082
75534,pop_4,2.828773502884743,2.5901085906367602,2.9836735916025074,3.4602209695994803
75535,pop_4,2.63345641986876,2.6504422055423666,2.9507801762961305,3.4435745926031207
75536,pop_4,2.945966272489843,2.8674411518893477,3.211635580590054,3.3786558464914243
75537,pop_4,2.993455227148098,2.7070473237951207,2.674049767924798,3.472545020465586
75538,pop_4,3.097303494915959,2.956012616161241,3.175630076242233,3.231266837462276
75539,pop_4,3.227777616301998,2.3552532719073103,2.9858887903556606,3.502221212594598
75540,pop_4,3.0324061988703623,2.5455998067292125,3.5558878461876136,3.7857961610381627
75541,pop_4,3.148420234850046,2.7736745060692423,3.1274072728920794,3.2018360451558774
75542,pop_4,2.8186511920953157,2.5664540317888895,2.620081716695023,3.840323754574572
75543,pop_4,2.904976314174595,2.7741763768023073,2.2310402094060975,3.249529601703944
75544,pop_4,2.8449067201385474,2.562927410528541,3.6848558451918394,3.9858748143257676
75545,pop_4,2.8762179698754973,2.6804595400273423,3.256797947023316,3.3682705499443415
75546,pop_4,2.643005368923472,2.6494285232718697,2.884897167422408,3.3170869339624574
75547,pop_4,3.1800901320700485,2.9883898618672946,3.089880745224754,3.278896157935351
75548,pop_4,2.909763850025252,2.734862609482318,3.197311291067902,3.8396673042276315
75549,pop_4,2.932328962572353,2.9118401847685944,2.727766122411647,3.6602850730276875
75550,pop_4,2.726363273306589,2.2014802295992486,3.0590503547466796,3.647616421417995
75551,pop_4,2.9003697180234416,2.7189780249942763,3.2866659470425743,3.3066793103462655
75552,pop_4,3.1034738166420315,2.887175039764813,3.1220449732068887,3.4270869436344733
75553,pop_4,2.8964325797672457,2.9964771417496974,2.9674507415685083,3.679687065308491
75554,pop_4,3.2565967540616496,2.548185596463036,3.111926808683159,3.470610015196304
75555,pop_4,2.8583342195940302,2.540209142207397,3.0136963367035587,3.888093102674341
75556,pop_4,3.241565455879945,2.892024781372977,3.0728718595196893,3.1651014110312623
75557,pop_4,2.740543215989995,2.8779337855913605,3.011582474719042,3.5897864849386654
75558,pop_4,2.898798664564249,2.7315792770139677,3.254608870273749,3.5033988299463212
75559,pop_4,3.197681063526613,2.910932388784861,2.6992912708167403,3.383218595891017
75560,pop_4,3.5320589171118626,3.259925374417487,3.0457777010254707,3.4236272379492645
75561,pop_4,3.117942058785418,2.6128174093175187,3.4225178144969495,3.299566586999742
75562,pop_4,2.891419103493567,2.735585814716518,3.5290194303551243,3.190644119891509
75563,pop_4,3.373112389357271,2.602572458194099,3.040414702955437,3.3382606803419206
75564,pop_4,3.400759710797037,2.630814589466082,3.2896067028823164,3.8063244385900474
75565,pop_4,2.798627140545961,2.3935819603927917,3.5932322294454706,3.7976753819940705
75566,pop_4,3.1243015759561006,2.573959711713881,3.18079939324313,3.4863532795406926
75567,pop_4,2.944422939679154,2.7278389384249566,3.089402929247312,3.4000747589894496
75568,pop_4,2.876908116438214,2.764569262118817,3.1996276445192935,3.969071476165268
75569,pop_4,2.947388824636261,3.191691292676586,2.96865286144614,3.599725992932115
75570,pop_4,2.5710285520043996,2.598139913464144,3.487965748911784,3.5520194626142874
75571,pop_4,2.8619740207158464,2.708480385280492,3.6877055015751994,3.3657333425563505
75572,pop_4,3.2597390188553863,2.7449571876316594,3.2326162960431644,3.3003261777132544
75573,pop_4,3.0868808397495973,2.712689033252151,2.9680893250797693,3.5986486770384
75574,pop_4,2.7530883606698295,2.818621228058088,3.796060271113849,3.5236166894947076
75575,pop_4,2.9784932779871967,2.8083865924799083,3.289849516813811,3.812900180377133
75576,pop_4,2.5986128494827585,2.604322745681537,3.3254259291829475,3.7567965166902364
75577,pop_4,3.1533375179756153,2.8298241228209875,3.0160948746728002,3.1870671865828655
75578,pop_4,3.058515472210897,2.5992785646289422,3.0537122759734223,3.4944512673235257
75579,pop_4,3.375973813943429,2.8392128078336136,3.0187989710120178,3.675940227927623
75580,pop_4,3.471450856464865,2.758675460506417,3.175602032941866,3.603614848310798
75581,pop_4,3.367325288604064,3.182194554321281,2.671197156783214,3.69403154054686
75582,pop_4,2.97933057293314,2.388404208473571,3.261692378924148,3.967070676418115
75583,pop_4,3.2691723474984333,2.4908833107400032,3.1137629618900555,3.83909394827295
75584,pop_4,3.0880208963223,2.64236722321838,3.4876281047342053,3.8278710172220305
75585,pop_4,2.8671103047563493,2.8951172024025924,3.0734986007706566,3.2903918581259957
75586,pop_4,3.2608782518952664,2.804324808689616,2.8026012356900867,3.640901686930563
75587,pop_4,2.9412775156469646,2.713090782752724,3.2799004833655614,3.24133104027322
75588,pop_4,3.360338912265074,3.0199681467191177,3.184825379290987,3.444081741386053
75589,pop_4,2.8170895756473024,2.9109347503472383,3.2787426894402336,3.192780247388649
75590,pop_4,3.189388115519891,3.155810864836741,3.0267437854997374,3.4997953250052882
75591,pop_4,2.7623289947359573,2.668660941821637,3.3557181252514385,3.617069866327537
75592,pop_4,3.058587380562833,2.6346337755945193,3.3919504763417203,3.4613425744897026
75593,pop_4,2.9577188879244347,2.3545320947252923,2.982954910225632,3.535727298155081
75594,pop_4,3.114850044872749,2.6212187877633113,3.3853986805447507,3.2166336543256
75595,pop_4,2.953927255205996,2.8281786326774334,3.530867886789983,3.6487168140419266
75596,pop_4,2.898484178294943,2.7907954585991335,2.965426219272062,3.848773931406041
75597,pop_4,2.9309213207736504,2.6998256894462376,3.3517338755574455,3.7283856987645887
75598,pop_4,2.7923510395816247,2.887548322795249,3.3574022019198098,3.7980340405554878
75599,pop_4,2.7535367268400317,3.016538118519961,2.711101841563877,3.3786619367678092
75600,pop_4,3.06930505540489,2.86254391050898,2.8831411053373035,3.8672345029865896
75601,pop_4,2.7358183498671793,2.319584891723741,3.605244590449728,3.5226142243838376
75602,pop_4,3.132387238963005,3.0315296594090992,2.692075923058369,3.1320117076018303
75603,pop_4,2.836160053802564,2.6130042422101054,3.095427782456871,3.312855558737227
75604,pop_4,3.044831020772979,3.047124213135096,3.135699417216954,3.3364595905902865
75605,pop_4,2.8887131081755286,2.4693248385966124,3.0876815265030113,3.455196290375662
75606,pop_4,3.0566546572263604,2.4119627846161733,2.8271042077234347,3.405407384689955
75607,pop_4,2.7291612551623485,2.4814934446773886,3.4364166128774882,3.8948912236380906
75608,pop_4,3.1553246051876815,3.0688444664692875,3.2265155365511893,3.627832465587732
75609,pop_4,3.402269221479249,3.1403729547562214,2.465133084624271,3.4175361366134265
75610,pop_4,3.1146907520478804,2.5308324625912513,3.0356192832498965,3.784854137360417
75611,pop_4,2.8734204378328156,2.6192434461143916,2.9050156780657668,3.2861159451422384
75612,pop_4,2.8678496765952173,2.6086102165498706,3.3473443460410297,3.9307399757830788
75613,pop_4,3.29231071634268,3.089933625274919,3.116532193076242,3.14062391733487
75614,pop_4,3.1695305383258576,3.1345122386062085,3.0087595968619225,3.6236214788660437
75615,pop_4,3.174948362630006,2.916379159737538,2.7753188271722897,3.221072570701535
75616,pop_4,2.9944347302321157,2.765562428549826,3.597414186924546,3.410328805683822
75617,pop_4,2.7072668907048545,2.227474142023048,3.624354564872127,4.080148428428281
75618,pop_4,2.7908712933916564,2.600794149371023,3.269243536047332,3.587090087336416
75619,pop_4,3.1123932415157745,2.8516625371046023,2.9424412215039917,3.291549590304336
75620,pop_4,2.9634074123797944,2.72415314966172,3.4871326461938863,3.3579520405532493
75621,pop_4,3.0291742954204213,2.9852449077703374,3.0968645132973927,3.1989292146475794
75622,pop_4,3.0210599194937484,2.417245813048341,2.9873791177050304,3.694256636710149
75623,pop_4,2.606259432081217,2.7031617767237304,3.247376425407625,3.537691255890275
75624,pop_4,3.282434661264955,2.8585014013372043,3.0565688668109026,2.995450828764169
75625,pop_4,2.7911824840513386,2.5308629822321365,2.5562526835852113,3.5178613998350845
75626,pop_4,2.715046138599964,2.5452266193974946,3.5192538365245074,3.7798939094836426
75627,pop_4,3.162235506117504,2.592219531068229,3.410937441659384,3.2499476452337666
75628,pop_4,2.870916330838045,2.6174914558679383,3.4055865021720684,3.7841861284327134
75629,pop_4,2.7658296295747755,2.6689071360119283,3.4370609462021444,3.256254970510545
75630,pop_4,3.2182416406998966,2.8681567806826953,2.8322700342689697,3.3988565588789115
75631,pop_4,3.2171955414074347,2.5333111053893296,2.8451628644197897,3.461859306476629
75632,pop_4,2.950412269247568,2.7679263223095307,3.0658320174434426,3.18775648585045
75633,pop_4,3.097811218316396,3.077006217564114,3.163397431255883,3.3450080585640936
75634,pop_4,2.9042901498988374,2.948758770368521,3.2071931618895255,3.342126808822464
75635,pop_4,3.1479938095147553,2.148197700057449,3.291367665866461,3.5228872318137285
75636,pop_4,2.7569297034466613,2.9677225550680952,3.1289621636042164,3.6352742109371734
75637,pop_4,3.0954484047195696,2.530691922383858,3.1232443719044003,3.637543112771318
75638,pop_4,3.0412865506945734,2.454427385425723,3.427852808285052,4.023306424957169
75639,pop_4,2.4742567520032455,2.2134382118856952,3.4168457683811546,3.116337650356817
75640,pop_4,2.9870749869210353,2.7876873536311666,3.5044352796718665,3.655522144508402
75641,pop_4,3.0020817439272793,2.2785771943673536,3.2584645328218387,3.447459362370128
75642,pop_4,3.0139140212625133,2.6189156805864005,3.560251730885968,3.930214084193771
75643,pop_4,2.4446774530888957,2.6214431907924984,3.660723067428774,3.719480854688145
75644,pop_4,2.732016568678548,2.658242921772707,3.3763819481127215,3.753420862526063
75645,pop_4,2.9677626981012057,2.600586711579071,2.991315619845408,3.439792529129613
75646,pop_4,3.215344107839296,2.58349066023156,3.4504681706032327,3.6266285184214424
75647,pop_4,2.942834869618672,2.6794453620868124,2.6877801515331843,3.774672882356852
75648,pop_4,3.386331393963433,2.7529670285010432,2.8509893344840407,3.446520342414774
75649,pop_4,2.7059899911757355,2.3064399568058054,3.5782718581108237,3.5295809672699288
75650,pop_4,2.809165403413287,2.5287184029740537,2.617913496181562,3.3478181085273193
75651,pop_4,2.793473552905613,2.285347133262116,3.7965508961034367,3.7003700689140406
75652,pop_4,3.045499299835087,2.496038243262116,3.438237359553186,4.0470174354644275
75653,pop_4,3.1885041915433483,2.4770951062055273,3.1829300931000444,4.000811938442201
75654,pop_4,2.913755245410972,2.452793591193737,2.7986585888095528,3.715208539283315
75655,pop_4,3.088110267547425,2.2055339580383957,3.32697322977711,3.7334132728430287
75656,pop_4,3.125565877333861,2.5966779501710793,2.738145073498072,3.786725907419008
75657,pop_4,2.707370585263227,2.883949125045561,3.119991318930927,3.688887036492599
75658,pop_4,3.300269831082006,2.75985079732838,2.9701080655762278,3.4680739117213135
75659,pop_4,2.7775140232527127,3.0842539848617894,3.614156980657366,3.5053323155660836
75660,pop_4,3.3320529023403878,3.2109327903072606,3.189685708889931,3.700553259676568
75661,pop_4,2.769876675621818,2.75136937933315,3.0891832445900365,3.3701544322925203
75662,pop_4,3.0290886992945953,2.837016986728798,3.4874614275160507,3.486859873031169
75663,pop_4,3.2075270352304766,2.962418697985798,3.0523248652832606,3.7132477408000897
75664,pop_4,3.0564505823788304,2.8166841181958566,2.6484288173883574,3.367260599003522
75665,pop_4,2.972296329464678,2.739453392805348,2.4935563717804836,3.5176733004692218
75666,pop_4,3.0284920890039957,2.6911300553107758,3.3427924287402195,3.8623247259124387
75667,pop_4,2.6066959583036313,2.3791118781652965,3.2159535150115888,3.9218699200666154
75668,pop_4,3.054757650301554,2.6451944459781243,2.952249130166472,3.489953606223322
75669,pop_4,2.7637925163244974,3.231012202750675,3.4124452585516565,3.456859484359393
75670,pop_4,2.8344605306059365,2.658075750191112,3.0825618912031407,3.6732469335083953
75671,pop_4,3.405006939438127,2.2536114048182743,3.246100170252588,4.1847496228447785
75672,pop_4,2.828603219048467,3.054870067904126,3.1067020217417567,3.456153915851282
75673,pop_4,2.982123823380772,2.938478831527281,2.6643851282508804,3.7666042606259444
75674,pop_4,2.7739794647754947,2.6190096384612875,3.4141518251842595,3.6902449413328444
75675,pop_4,3.2229604313891693,2.704487814259478,3.2515107551843214,3.729073497839163
75676,pop_4,3.000330631884198,2.7821643519756742,3.27853591361241,3.8131329626908244
75677,pop_4,3.1624905465238493,2.5802727920038695,3.1482267907909005,3.8990917301158685
75678,pop_4,3.0413090915643806,2.6511454644519987,3.4725425986569034,3.43108692689534
75679,pop_4,2.692622630154463,2.6319310536349914,3.202055269066754,3.76356946455506
75680,pop_4,3.1271022203325907,2.838588618521324,3.277886443499973,3.2844850813867703
75681,pop_4,3.074245032646195,2.6767165290540063,3.2798684988798077,3.5326247435605675
75682,pop_4,3.028173545875335,3.0115464506925256,3.0549962409614233,3.524459633571387
75683,pop_4,2.867084305319457,2.85404868633712,2.9167058491668465,3.2997376837221757
75684,pop_4,3.1966493908480333,2.679936760767963,3.3674367293513745,3.581876162820889
75685,pop_4,3.2966176954714403,2.836754970276646,3.338324754769425,3.4623488041769326
75686,pop_4,2.795510204009829,2.5488923700652384,3.5294812793866996,3.861673432078043
75687,pop_4,3.144574539107289,2.2014119255864766,3.0997170896919544,3.767814277012719
75688,pop_4,2.7970046492703755,2.2723121829976174,3.164145133818336,3.6605056153049578
75689,pop_4,2.545446769086168,2.643876164793848,3.5417079373099183,3.5217454454991226
75690,pop_4,3.1165589345219495,2.7902002436984152,3.4613117729605514,3.126003771226114
75691,pop_4,2.928820426504116,2.7667812686892588,3.276215444085989,3.710169836247746
75692,pop_4,3.0203825566313474,2.7445914774223823,3.3298066725000792,3.417635007163937
75693,pop_4,2.956334687567727,2.9239475017460186,3.2945939209808537,3.11009077332626
75694,pop_4,3.0517039763904648,2.599858093745275,3.355179742344731,3.5682289315563884
75695,pop_4,3.023722619422017,3.4495548618090166,2.6876254181400947,3.712059121558641
75696,pop_4,2.821243962627668,2.695908597611477,3.7263823685908943,3.558025858072582
75697,pop_4,3.0905699967947107,2.723268696799114,2.8664700475700906,3.4489989067359006
75698,pop_4,2.7937390712541355,2.9909888226887125,2.9964107865533016,3.425048341377625
75699,pop_4,3.0484924100205704,2.7654195826880845,2.5936316073983017,3.877447699677602
75700,pop_4,3.2357580878413574,2.92398949797985,3.4801607272073034,3.405475730708599
75701,pop_4,2.958819707086487,2.416233356225549,3.5094771138902354,3.638295580630376
75702,pop_4,3.148984287716489,2.454556597438078,3.0765140751788818,3.0301161396623306
75703,pop_4,3.117665279919009,2.4434970949605397,2.6682533138880795,3.7770498718204952
75704,pop_4,2.9913231127541606,2.7269390715853703,3.326319308602667,3.879727732540554
75705,pop_4,3.206366985508437,2.852597876570936,3.050224688405303,3.1757736634470453
75706,pop_4,2.8669332365546496,2.7554110212527196,3.485458393383923,3.5033326854358515
75707,pop_4,3.1630749477588243,3.3026509980189482,2.976984234397783,2.8949582167502412
75708,pop_4,2.8226829237808553,2.857691949098382,2.9720740075560035,3.3339229941673882
75709,pop_4,3.3875830984091326,2.8730978202162594,3.1204713363375,3.691249742787114
75710,pop_4,2.8017540428337884,2.826402317511362,3.5422830727148944,3.508789476023167
75711,pop_4,2.711161295155659,2.393147176767273,3.4970202707621953,3.434239558615849
75712,pop_4,2.649681095544869,2.7043228851877115,3.6878103413396635,3.32696447602281
75713,pop_4,3.1136845804776745,2.565839712443011,3.5446286213281564,4.196861052705675
75714,pop_4,3.026900805850193,2.5005327085411966,3.172515889297157,3.3792067011253817
75715,pop_4,2.858218886384779,2.3980706566814294,3.2435589834600376,3.588546105893504
75716,pop_4,3.2342134631450383,2.9320768217202056,2.592764329492193,3.7097862879601036
75717,pop_4,3.087986832144789,2.7724918498367375,3.183781387443645,3.350863602203064
75718,pop_4,3.0513560274674947,2.671362663243401,2.960102131158445,3.5794103544227482
75719,pop_4,3.098115204649831,3.130630355340052,3.2986746521227466,3.601597827741493
75720,pop_4,2.7826980708359508,2.820079185655154,3.2064315427437844,3.6151766943391523
75721,pop_4,2.709841694615308,2.4469637418658556,3.588097934776505,3.6262306855329483
75722,pop_4,3.009786490279549,2.552037102916231,2.958242482839088,3.802333678029307
75723,pop_4,3.2049585122492075,3.005919631232601,2.948893277847889,3.456853387281521
75724,pop_4,2.845981075927301,2.770330550527747,3.451783948488,3.465020217980121
75725,pop_4,3.296833791471604,2.910630612393083,2.940222183178959,3.48391763635669
75726,pop_4,2.796303743652469,3.05726103748343,3.2417122732427193,3.501138319660196
75727,pop_4,2.7150336040617975,2.6730628002785846,2.963170524295622,3.0622661824588677
75728,pop_4,3.256476771967603,2.9718407393790836,3.1840369655584766,3.2246789085117706
75729,pop_4,2.911732466484354,2.7281033313823078,3.180747214413998,3.5127789849832785
75730,pop_4,2.951091119192183,3.086423935661869,2.9766479663882497,3.5366115227314823
75731,pop_4,3.1091563951279855,2.9015012182816227,2.995845860979212,3.208024929122861
75732,pop_4,3.0477370523736593,2.4520532865754654,3.009780081561062,3.585655023345462
75733,pop_4,3.211641177429689,2.691465120888148,2.9878830723352543,3.5243176619414904
75734,pop_4,2.9593456791041755,2.5582879189224905,3.3192655151062973,3.5418005884529435
75735,pop_4,3.110914104374223,2.599733870291852,3.1176147945369737,3.4144129161488554
75736,pop_4,2.836365899724424,2.327134825545894,3.2705068268721664,3.339188428809162
75737,pop_4,3.141286775395422,3.0178591804033497,2.793989337512827,3.4526618309626125
75738,pop_4,2.7089347407493336,2.99918344715629,3.0111727332662324,3.4232039273193706
75739,pop_4,3.1215218097125463,2.9750722978636985,3.292590830773615,3.2777319561918743
75740,pop_4,3.0581788512693606,2.7105658441040874,3.005318159996266,3.784069772240662
75741,pop_4,3.1518312362751515,2.6124357054007383,2.7631598907538852,3.980550939167068
75742,pop_4,2.6370521060785097,2.4322104341377395,3.659788873145542,3.604975361116685
75743,pop_4,2.8616251406749678,2.7548375341624345,3.6194048656611995,3.4118863282306657
75744,pop_4,2.8384242784154545,2.463601938895108,3.3589614009600384,3.4262427166577902
75745,pop_4,3.165758048305099,2.933604099246976,2.8207735885649066,3.666086230784314
75746,pop_4,3.002396316166038,2.8492545294717098,3.0676549146291525,3.1349793459680058
75747,pop_4,3.141802103695731,2.652974849910459,3.379387293010901,3.488245585975656
75748,pop_4,3.139823649568378,2.7016557041847977,3.156601124607113,3.6008707431310234
75749,pop_4,3.0269285959847845,2.1803906598934377,3.1276320758638754,3.780094304673217
75750,pop_4,3.193864490165862,3.0427641135657124,3.159762129146425,3.6257957089092803
75751,pop_4,2.840255446589737,3.1075039270709883,3.1330808581363367,3.253869448917045
75752,pop_4,3.1451442820113416,3.2173791461801353,2.7550870289474485,3.3269009495711908
75753,pop_4,3.131921480293038,2.9802589600549143,2.8127865494460123,3.2145025574490838
75754,pop_4,2.9577265408820574,2.3581916282338145,3.226316699402197,3.5937009342096498
75755,pop_4,3.328499137221544,2.8118417983416486,2.66306829305739,3.901773863273168
75756,pop_4,2.8710328843058783,2.370774375598376,3.244886820908835,3.3704840922358126
75757,pop_4,2.986780595698984,2.8239901720631573,2.9987933145805994,3.8027797587120715
75758,pop_4,3.4142679187331546,3.078340527428145,3.00530557164542,3.5132400349944204
75759,pop_4,2.957896890551911,2.9811647952719786,3.0234038246090202,3.598761679739495
75760,pop_4,3.147652426142793,2.566935898660075,3.308980701658755,3.5981062795881638
75761,pop_4,3.188730954904094,2.39734277717428,3.6034097469050432,3.803973339290204
75762,pop_4,2.998679826386809,2.6443978972075795,3.200813059543812,3.501670659923212
75763,pop_4,2.6530118881126143,2.8235977431374404,3.3295612245710497,3.8910889193323897
75764,pop_4,3.012652907356481,2.893032498594755,3.523790598099298,3.657916931136704
75765,pop_4,2.54225173226452,2.376349986715665,3.3072872460988503,3.7595437267621064
75766,pop_4,3.1754472913704332,2.9365021557335256,3.207267683293276,3.695044556978745
75767,pop_4,2.962934267720747,2.4343164785460365,3.102710159404057,3.419210508489135
75768,pop_4,3.1046598217201584,2.3677637911062592,3.0945827345129833,3.2914967538753297
75769,pop_4,2.6335035653179104,2.507672971187497,3.6460267629035537,3.605135052300018
75770,pop_4,2.646952998152308,2.6632432960620838,3.0605525948492627,3.4121403243212796
75771,pop_4,3.010285747064452,2.280484004987178,3.990995370616597,3.1026706327991187
75772,pop_4,2.8413585947551785,2.6778408503157185,3.0933259189520435,3.9088626342708803
75773,pop_4,2.8933698357507343,2.7117195414621977,3.254573560283615,3.410869538549197
75774,pop_4,3.206298548222848,2.746632054221546,3.3026772823456056,3.566870258154258
75775,pop_4,3.1243760266460896,2.783452138386088,3.044644422563777,3.5116954686208652
75776,pop_4,2.9137924206611476,2.711396203372597,3.1976267714609654,3.9699525861129787
75777,pop_4,3.2876143038228838,2.9153881808705986,2.836858222365471,3.237555525230736
75778,pop_4,2.965361239968645,2.6674487250861194,3.355179729198351,3.5139834047929663
75779,pop_4,3.4111212142408105,2.8606497533707715,3.0814594552287415,3.5783712600504636
75780,pop_4,2.9583014338341735,2.5263595554606866,3.08000744228012,3.477596344695603
75781,pop_4,3.418464299776882,2.5898911851564357,3.4444043651174594,4.368898000095381
75782,pop_4,2.6822209999248297,2.733775191992364,3.3145732593811617,3.5246163199217153
75783,pop_4,2.8360893696113028,2.6043440116547223,3.3920551646650936,3.7349334586528284
75784,pop_4,3.043118974290245,2.813184058742949,2.8462601455161103,3.358226221013299
75785,pop_4,2.8723562432561014,2.946476763963129,2.870689606613198,4.057403261358401
75786,pop_4,3.118155405708138,2.8252488554415374,3.059764888892962,3.139610985097487
75787,pop_4,2.878573713804054,2.781564993027854,4.006060758389676,3.4266501125922963
75788,pop_4,3.0607152124546237,2.4262253476664837,2.9689094661665205,3.3744790617241245
75789,pop_4,3.461900430101961,2.931697014108367,3.1933920869098595,3.3816310381087353
75790,pop_4,3.2719968074241783,2.862439689149973,2.973266757918421,3.448531793018443
75791,pop_4,2.841469262118553,2.9138776771868646,3.5199372457132316,3.781465258503575
75792,pop_4,2.955666351649017,2.6751157148623186,2.8265843109871867,3.8542562069387847
75793,pop_4,2.605464664106072,2.364362011304297,2.9787376643107737,3.4402745286593857
75794,pop_4,3.257923777631654,2.5982190917983137,3.368512544161342,3.506138587012903
75795,pop_4,2.9091349958939814,2.701375573588573,2.8953879630356516,3.894953271420833
75796,pop_4,3.024410852002316,2.5600775781757807,2.873503772927994,3.5764077906272855
75797,pop_4,3.123006767132139,2.5968410839405878,2.9594690136285435,3.2080479922993588
75798,pop_4,2.939461634052028,2.946867881714804,2.802317924187351,3.475783864793052
75799,pop_4,3.1136361305442057,2.41028036781641,3.3762663755777003,3.692571162295003
75800,pop_4,3.0130967397162887,2.5078957598058347,3.3184695622747564,3.344418915809739
75801,pop_4,3.2040669925956227,2.9207241688663954,3.4624980947823785,3.5545649023547026
75802,pop_4,3.117086768576912,2.5475094765839033,3.420253984002728,3.605928189048728
75803,pop_4,2.7019275693807683,2.3986423047781447,3.266368843095396,3.607897037099392
75804,pop_4,3.096762309273748,2.451874664529594,3.034258214128077,3.6241173595556706
75805,pop_4,2.959253862222223,2.8319977501282425,3.0047140014904246,3.3416551325555504
75806,pop_4,2.85175588481372,2.6728103185896006,2.8477811197150484,4.010663982719973
75807,pop_4,2.771844993652132,2.568459298785819,3.0133419524818232,3.7519215872291216
75808,pop_4,2.9398775188305835,2.2904538886893024,2.94285882884459,3.790226248802009
75809,pop_4,3.187002424248485,2.8212446172534316,2.790598354570414,3.521346513278863
75810,pop_4,2.8624333182486064,2.586689775018997,3.152738836659591,3.969044999576169
75811,pop_4,2.9823063016963802,2.7705462582200178,2.93712616256622,3.183894609030036
75812,pop_4,3.636083803681538,2.4375458898481304,3.3081921284248885,3.8045344351820884
75813,pop_4,2.782533553897633,2.539496287353088,3.647771977499366,3.6696713052172143
75814,pop_4,3.3568081107412033,2.7678914668205374,2.754115311631159,3.634469480271246
75815,pop_4,3.071460124836277,2.6880629765808917,3.0048414167965234,3.4259148612037182
75816,pop_4,2.8490216691524606,3.012549301985123,2.971736740557397,3.121590935417043
75817,pop_4,2.5345894561266515,2.7212343961103205,3.2702808089264237,3.4731829699362904
75818,pop_4,2.7511272956572683,2.2385152727737427,3.536543872760744,3.914403193516698
75819,pop_4,2.641355124718577,2.41866677068689,3.8488977571166316,3.7113319164174103
75820,pop_4,3.131785125440634,2.7769183682844005,3.1621486950141713,3.833303491292311
75821,pop_4,3.241864698231405,2.815435717388095,2.9546218286316934,3.328669943260783
75822,pop_4,3.3049307611318275,2.642992281903972,2.800240434743103,3.6014599798010387
75823,pop_4,3.0464858628927556,2.9086372367170954,3.2530855665114142,3.587565873298769
75824,pop_4,2.7569676277110786,2.8474400084013785,3.1254543866963473,3.5330185417601623
75825,pop_4,2.9640154359876845,2.4889970134807173,3.2032692146623334,3.877159969663793
75826,pop_4,2.7721635071038535,2.727289722215,3.2867652774875835,3.3359220448903613
75827,pop_4,2.583214995793976,2.6341620722291896,3.2836701142453615,3.2411266335513167
75828,pop_4,2.8579749181702594,2.6433192775607752,3.141049073742913,3.3514173027303094
75829,pop_4,2.848854159029015,2.883074849867905,3.6221184429927753,3.3222435224600697
75830,pop_4,3.0377829343883493,3.334433068066786,3.406699271135327,3.455682032611639
75831,pop_4,2.7900264005923,3.180086066157368,2.922624227951882,3.0192943069850364
75832,pop_4,3.0320626960715913,2.5099906650848345,3.7177039185761105,3.4050235201023002
75833,pop_4,3.027841541940201,2.764847716107585,3.1826885683572033,3.735811712160278
75834,pop_4,3.288822013483994,2.6510686622088007,2.951955441768863,3.9167233226342266
75835,pop_4,3.2185960918391703,2.790849879294767,3.329810028604679,4.282615113999649
75836,pop_4,2.8152257992608005,2.623930669444511,3.1884085854152793,3.3918913381576137
75837,pop_4,3.0594539818634665,2.7315741131047635,3.1873146523076805,3.7713160658939446
75838,pop_4,3.1075334695238297,3.1562055994841507,3.3470988656705267,3.462012327699011
75839,pop_4,3.048639244240718,2.78434544303488,2.8536859965655146,3.309572524520852
75840,pop_4,3.334642339393004,2.579847706802749,2.9470591420997936,3.7364781739658124
75841,pop_4,3.034678252775587,2.519666160432207,2.929981674849328,3.6705949090972756
75842,pop_4,2.9370046228032756,2.5433887584316017,3.518827394915642,3.3725121120126724
75843,pop_4,3.0559689712006537,2.467780907816499,3.086016116590242,3.4733060974919594
75844,pop_4,2.877563280217578,2.6581049029966337,3.1104269490344345,3.6657612665449566
75845,pop_4,2.740504320777551,2.723028631766433,2.861647213871514,3.296066474521243
75846,pop_4,2.9516392734931634,2.674430525072784,2.907520011585329,3.6849997794985794
75847,pop_4,3.012240800937606,2.6930245947247835,2.8867437786442904,3.2735766627183933
75848,pop_4,2.9508840785837345,3.076472571005867,2.7108544231411518,3.465070589188834
75849,pop_4,3.3856582838257783,3.055101218479192,2.8182486820030284,3.1178060920087862
75850,pop_4,2.775158227922611,2.6819537859494775,3.443591653673687,3.4583253086496937
75851,pop_4,2.992636871969145,2.8347881965527844,2.882497319577865,3.5101951010509493
75852,pop_4,3.1411973531352513,2.2737944753352415,2.990275661815838,3.7641701077494325
75853,pop_4,3.2612061735607387,2.9848289375936097,2.917394179093835,3.6839295021149296
75854,pop_4,2.759901175157532,2.5003249819020765,2.8891814442667036,3.450029551036206
75855,pop_4,3.239800411874719,2.509091226559849,3.2003596776318903,3.4436995901967533
75856,pop_4,2.986310531153908,2.5673659764031926,3.1807163761263864,3.527820105140861
75857,pop_4,3.0423836462441955,2.609015136400203,3.3189035287080366,4.004392637833684
75858,pop_4,3.205908867644339,3.0339256835992754,2.5971298756618793,3.365178426668534
75859,pop_4,3.138362493805201,2.8829284741977537,2.623295678445344,2.911846007023225
75860,pop_4,2.904272178315553,2.4324748167268533,3.180492125067882,3.5070889522227007
75861,pop_4,3.164931251241559,3.0627387202675536,2.886476112152265,3.722050469321189
75862,pop_4,2.6356003693139978,2.3548787927085373,3.6494893810283826,3.2865404705897605
75863,pop_4,2.983485690062233,2.8345788128075435,3.050379089560462,3.293959108497511
75864,pop_4,3.358699172349376,3.005443092610111,3.5229546718426703,3.44889177016914
75865,pop_4,3.151843957406995,2.661015229272484,3.0938527093557653,3.7226265853649627
75866,pop_4,3.0070739039966385,2.620146244251637,2.860113380173238,3.630895527789727
75867,pop_4,2.814772488085277,2.588064299596015,3.1631565186552777,3.4721560802756675
75868,pop_4,2.974357093292846,2.8417124279782127,3.6169465075560816,3.7244649613390943
75869,pop_4,3.067753013331443,2.198491388994551,3.6936624979010975,3.7712725512284844
75870,pop_4,3.197985741848525,2.652454387075329,3.258181018120582,3.2002754577163532
75871,pop_4,3.1173457963124185,2.7161491300893625,2.902495024719237,3.5816045867421753
75872,pop_4,3.160212574852111,2.694124812278257,2.746546857739767,3.9214806682225496
75873,pop_4,3.3847380567432293,2.6285396117934927,3.292407730064031,3.903028262582451
75874,pop_4,3.293980513820731,2.888903926970432,3.2262438045226416,3.226507494864813
75875,pop_4,2.961975365465953,2.725784821655588,3.4827977969750616,3.4419120564415375
75876,pop_4,3.093732784813177,2.546621522170319,3.300420492619803,3.868092364111914
75877,pop_4,3.217514762237477,2.647118402821178,3.27080114421836,3.243030282461641
75878,pop_4,3.0171545619177818,3.2788863738831537,3.0366215178447264,3.740053966970863
75879,pop_4,3.084702446991821,2.523010477196934,3.1121212221137493,3.7140427387404435
75880,pop_4,3.027966526570417,2.635458094799825,3.22032312081945,3.4540491092988366
75881,pop_4,2.896898738237294,2.7599401486465003,3.510064372040831,3.4751186047609033
75882,pop_4,3.3163308065760004,2.896910301193387,3.676816193871567,3.610107682861066
75883,pop_4,3.1925337681806036,2.5857655508723614,3.2329539598156143,3.2088161159103485
75884,pop_4,3.0308487905466865,2.763951807133764,2.8384022875026425,3.862384849597824
75885,pop_4,2.8079675774820068,3.007862724273151,3.0756906826383266,3.0524626683045395
75886,pop_4,3.1600084217263262,3.1642461381196316,2.9675198128293334,3.4285852805762533
75887,pop_4,3.316985858290182,2.3237804126717583,3.117295702354565,3.6026434806726106
75888,pop_4,3.069387918445851,2.7896975127402177,3.2105848185664887,3.721144202533113
75889,pop_4,3.2443574744071118,2.485653191104358,2.7500555820987467,3.4385786251304564
75890,pop_4,3.508698556168914,2.9919036344097463,2.775099175320688,3.652072884693316
75891,pop_4,2.976238518159181,2.966416127148349,2.929192202085798,3.1892222846392757
75892,pop_4,2.739679241877045,2.8409721411280575,3.461476212369328,3.550258056192019
75893,pop_4,3.0521663218119865,3.0448994861637604,2.9753230048105794,3.4821365367964794
75894,pop_4,3.21892625890867,2.4827783436362827,2.985292310138575,3.4626825980316185
75895,pop_4,2.6455827111217243,2.507041111488677,4.100635395521145,3.873386257983082
75896,pop_4,2.881847291394983,2.8419912118280006,2.8713957055626,3.4713072376932077
75897,pop_4,2.572654519182316,2.9432579202283033,3.0902519452462913,4.023890099612913
75898,pop_4,2.800606896857082,2.2545233772602984,3.253026876368631,3.5303520367441728
75899,pop_4,3.085236142208663,3.0404321898842284,3.084608727833541,3.782730861440269
75900,pop_4,3.163022720041889,2.793943247405472,3.1159441378305224,3.1917720669295897
75901,pop_4,2.976129706278687,2.5496411842980966,3.0299695498464123,3.5928105193492326
75902,pop_4,3.0461595481304546,3.027137146146098,2.986884340019196,3.530861007746046
75903,pop_4,2.8457910315240067,2.6713149678143235,3.483168743437273,3.760832031140273
75904,pop_4,2.9579248612755813,2.6970788403908914,2.7979985179655635,3.607400710643337
75905,pop_4,2.8182062397641676,2.897337830479254,3.4228403212075036,3.444576231486393
75906,pop_4,3.4282441103937127,2.829476370004165,2.896805117895951,3.467511432577964
75907,pop_4,3.111952149808019,3.026470329264213,2.740398705100668,3.4025174164340304
75908,pop_4,2.7048821914463907,2.3990426854345177,2.879530080238897,3.317492145854469
75909,pop_4,3.123340648466966,2.24888651368319,2.9081531158070244,3.841581189710794
75910,pop_4,2.9605605433777202,2.935421865299519,3.3003638142263956,3.490954119856667
75911,pop_4,2.929975707883488,2.7081706516498074,3.1867645036632215,3.4970870893232626
75912,pop_4,3.068223433078259,2.68436818164527,3.062898268618902,3.5842311476794837
75913,pop_4,2.9759540602857433,2.27730747744067,3.6420645309408917,4.117080349239335
75914,pop_4,2.999854699426628,2.824370698511609,3.0576297159298425,3.148968925388991
75915,pop_4,3.221495351476802,2.8953446101211378,3.122834511957919,3.898596164574991
75916,pop_4,3.327081732320344,2.8940024906431168,3.2018362941372622,3.252052968371163
75917,pop_4,3.4580916683722975,2.520934825329048,2.826461984665134,3.594550052104935
75918,pop_4,2.728310341961981,2.717300720746382,3.1692334586279785,3.787457105914018
75919,pop_4,3.151837628945626,2.3542364473519846,3.4404043010278276,3.6047344431753205
75920,pop_4,2.963133597670077,2.9434368626700826,3.010240515544833,3.50713187785269
75921,pop_4,2.9749513205234064,2.8218476290756627,3.409692500325049,3.6739374488939585
75922,pop_4,2.7574313006542286,2.8036658882081475,2.987001766423725,3.5619384702086476
75923,pop_4,3.0999761041854366,2.841379552322749,3.081780665045676,3.5866093754203874
75924,pop_4,3.0553131358695356,2.375644359369144,2.935230748570034,3.390792562478814
75925,pop_4,3.1210859101919866,2.641694903762298,2.982666536280864,3.7203905748685013
75926,pop_4,3.0421198394910625,2.675273936599876,3.383624826590593,3.3679542989720805
75927,pop_4,3.1835446467286173,2.738966178503398,2.933781370542614,3.8848690119526172
75928,pop_4,3.0454971082972104,2.945684210520862,3.3759657442663373,3.53222426475489
75929,pop_4,2.982194103800695,2.535548246061863,3.247374657696825,3.5540599859167497
75930,pop_4,2.985955163263836,2.5865944434510753,2.92992208485222,3.139431486082562
75931,pop_4,3.1892239007054073,2.3403269777577074,2.6282164831242008,3.702840025649042
75932,pop_4,3.1430531715709167,2.474386664162146,3.607286614162792,3.5868349344571215
75933,pop_4,2.8147798249706293,2.951642781960586,3.740469848179445,3.5239923595324973
75934,pop_4,3.101364571822849,2.988423266766438,2.992633313314102,3.048154762935947
75935,pop_4,3.087447171622493,2.6773067888973197,3.22176935788635,3.3698337630482804
75936,pop_4,2.687640856383678,3.2586561649319425,2.9250263072200515,3.5458229055483805
75937,pop_4,2.973998716822704,2.483911830159058,3.169696814341575,3.43712455308065
75938,pop_4,2.673722025410667,3.1079445811816773,2.9940659147179245,3.717013498921828
75939,pop_4,2.9370322535255724,2.6582489344204325,3.1167199503038217,3.2225898730898876
75940,pop_4,2.868266948692502,2.751964041683374,3.301296171789342,3.881204245054053
75941,pop_4,3.3172490633919085,3.090358593470888,2.6153617771931175,3.441582435510279
75942,pop_4,3.2222227590443757,2.297069232365832,3.119297765214005,3.9413734398596434
75943,pop_4,2.718423890075324,2.8499258556206932,3.8517972788260297,3.684471980301446
75944,pop_4,3.076186435424479,2.4160059637036877,3.209807168781212,4.009482493564468
75945,pop_4,3.1778838544588095,3.0365957437761497,3.3126934695395422,3.309789105284077
75946,pop_4,2.736256751515058,2.5475880176917785,3.672930407867947,3.9083405212886095
75947,pop_4,2.601712635060195,2.1396833037613283,3.4506713377368703,4.56901309321955
75948,pop_4,2.9338037351315864,2.888966430459729,3.313413604248727,3.557814035309905
75949,pop_4,2.7332152943482533,2.671100437658136,3.6022174211968365,3.207542537164377
75950,pop_4,3.0464155721602384,2.6366246942125033,3.107589369196663,3.668624254200437
75951,pop_4,2.8145428423667957,2.984455231111322,2.3844465553866607,3.453654382912951
75952,pop_4,3.1194651740974972,2.9234565987379826,3.293392226722643,3.680433989215039
75953,pop_4,3.025924766611293,2.315589979327842,3.524264699860668,3.614260400160975
75954,pop_4,3.1304670878853393,2.8969201083513973,3.6355118729493787,3.7246433180067795
75955,pop_4,2.911319011322924,2.609281900926375,3.3314638371106406,3.4569477567885887
75956,pop_4,3.3243715187998437,2.904446631352337,3.4007958171634227,3.3752032254026254
75957,pop_4,2.9765128472504343,2.7516870524327928,3.122936391725031,3.483855243364196
75958,pop_4,2.8758132435355632,2.8343529119132076,3.4060435309470516,3.351863988160123
75959,pop_4,2.9169307517395997,2.850124372281048,2.800678886277023,3.7487958260521475
75960,pop_4,2.647414478300507,2.424534826611503,3.1114044407412935,3.617708334087214
75961,pop_4,3.1673088034929875,3.2113431720672807,3.395648813360646,3.01080600679667
75962,pop_4,3.1092194296706572,2.6001993597849404,2.722605269344518,3.9670983231393664
75963,pop_4,3.0439946827156934,2.804807797908994,3.1109328767109585,3.3257546657269144
75964,pop_4,3.133226536340825,2.5629448003361497,3.1836052785244586,3.75857830122307
75965,pop_4,3.3089220626712645,2.588849664275427,3.2710450044521706,3.5136337951970114
75966,pop_4,2.8683661401454654,2.746647206087728,3.557194682093696,3.50069596656026
75967,pop_4,3.181541056850248,2.6835646496858785,3.077187333642078,3.3875279875521613
75968,pop_4,3.1049341946941142,2.7665607018771996,3.1222935866224057,3.5163949410306747
75969,pop_4,2.9149679293307225,2.9093938196957017,3.1653078342081393,3.7453028302474367
75970,pop_4,2.8729129386482875,2.6470082597986355,3.6067808367558776,3.7178385179916673
75971,pop_4,3.0293090456437564,2.871616009489567,3.1722508999740278,3.746145642877676
75972,pop_4,3.356418064644645,2.676535523233168,2.969089979108325,3.4943258131499753
75973,pop_4,3.150071657459143,2.6139346359465385,3.1612703349814937,3.738885152346797
75974,pop_4,2.7921906456950856,2.7009498984501077,3.1894032180579064,3.8017566908487854
75975,pop_4,3.312868839426891,2.7407902994462576,2.8950686669946823,3.4817322527288344
75976,pop_4,2.8743728237836197,2.474113238879966,3.2525762850255218,3.775617801580989
75977,pop_4,3.1623222012975445,2.452132332779027,3.2862408519339255,3.5821495055666
75978,pop_4,3.2734887618289292,3.124532295575812,2.794071617312396,3.501730686403393
75979,pop_4,2.9392243217944727,2.092891303895632,3.3130211388726285,3.922048462556924
75980,pop_4,2.9299053319720154,2.7191907045238226,3.269356296511837,3.553555734647334
75981,pop_4,3.107315418832656,2.973993616620844,3.340925911446008,3.1175705123362594
75982,pop_4,3.3603697465618456,3.046761484217078,2.9146970498024847,3.7222406355457456
75983,pop_4,3.2592686913909668,2.9240347038806545,2.904890861705932,3.712287327232516
75984,pop_4,3.1396459894941167,2.275941519058322,3.0069953201320114,3.4628982808317565
75985,pop_4,3.5260803010802815,2.9163703189032986,2.73590016179678,3.218379380315142
75986,pop_4,3.1728565259756394,2.3738216248603563,3.014535068639672,3.492622720782296
75987,pop_4,3.18524010768476,2.9761272800211263,2.943797437035342,3.1235583706066317
75988,pop_4,2.7784189017646663,3.005050205278656,3.0422613465473596,3.2402285668412296
75989,pop_4,3.008827284439513,2.53933822249716,3.605636805736337,3.6568862719328212
75990,pop_4,3.0406268643319248,2.877336608918498,3.069354607426857,3.072411143911455
75991,pop_4,3.7222996660002474,2.827811626401085,3.036838195480719,3.7968894676104186
75992,pop_4,3.0223676104200226,2.315940365489936,2.9926296906843435,3.5409722197735296
75993,pop_4,3.0765431159196734,2.489315176158754,3.3886909419111375,3.684452950509834
75994,pop_4,2.525889333062439,2.547307224314643,3.2077040834188613,3.5389281428193398
75995,pop_4,2.8602042689544027,2.834365190163952,2.9841810828063737,4.023847652229533
75996,pop_4,2.7989653332134408,3.316918605492855,2.9802455129364804,3.500575884411043
75997,pop_4,3.111260697164088,2.5073224159748233,3.17418177192469,3.925459548391166
75998,pop_4,3.1345537961945067,2.6995814136186698,2.9856282317104372,3.5386861529438005
75999,pop_4,3.4503943138860222,3.166580783785829,2.6119842633841177,3.422890095421414
