cell_id,population,gene_0,gene_1,gene_2,gene_3
7000,pop_0,3.73823596698414,2.50097895078609,3.011919678664056,1.9745437171949138
7001,pop_0,3.5115828296908753,2.8043212547713066,3.4070046247401096,2.920635187089139
7002,pop_0,3.6629164677541914,2.4513452761082513,3.5827641119740594,2.434628552270748
7003,pop_0,3.549965111029108,2.5043288969389654,3.4479584175352027,2.2228217753117763
7004,pop_0,3.7488502481205517,2.2809644120136903,3.9102606400503217,2.9527002879879864
7005,pop_0,3.47049104295855,2.988487204465596,3.0953598190407225,2.6134261332490465
7006,pop_0,3.075084568690383,2.756917309359058,3.33901214203022,2.353326095725674
7007,pop_0,3.5336833780902763,2.5439172968565225,2.981948053266877,2.394623948914331
7008,pop_0,3.0659380797758224,2.8521459802081863,2.9879457586897598,2.7972087143699254
7009,pop_0,3.103376176208532,2.824780396057467,3.3164997777342538,2.621440653764828
7010,pop_0,3.328164948405567,2.811137464684168,2.9165366488059705,2.953272429885207
7011,pop_0,3.673306278699111,2.3703602808833537,3.1983250607930485,2.490741820352805
7012,pop_0,3.222921382514471,2.743404456528808,3.102416229200438,2.8095728678255427
7013,pop_0,3.598355628869218,2.2327818445066563,3.59135392119023,2.8626883606820894
7014,pop_0,3.3715553142497163,2.3950706840669964,3.2444962716801475,2.6559891811410115
7015,pop_0,3.2852773252619043,3.0171367223438526,3.2876808979263124,2.795181451408818
7016,pop_0,3.7802545143973894,2.3993482327704982,3.3530979751520285,2.400329694858528
7017,pop_0,3.3249273915105766,2.417126535492885,3.3811623709619107,2.503415364307317
7018,pop_0,3.7622685084581358,2.477104279590685,3.3710016539682734,2.669991869286738
7019,pop_0,3.320737137830584,2.349002289265169,3.218553801910541,2.3633110628545895
7020,pop_0,3.1647559190028853,2.8869856355891512,2.9878391831415807,2.9734116950212197
7021,pop_0,3.5336433180361753,2.3396439016324346,3.3840052515345755,1.92327622846903
7022,pop_0,3.738355762611481,2.4574488758969784,3.7165007429509407,2.583550455360611
7023,pop_0,3.53614492624922,2.7986474459801247,3.0826548063636605,2.5448505728029156
7024,pop_0,4.014370808450125,2.78235681969298,3.4246613706651727,2.4768650816968325
7025,pop_0,3.8498175829722463,3.1423251480989114,2.970292033067429,2.217835197465332
7026,pop_0,3.4336517599144845,2.869052049214235,3.02388745699184,2.34654670795073
7027,pop_0,3.5308746667949014,2.5917402275065062,3.168738795916709,2.3514590688762986
7028,pop_0,3.5664709197458473,2.37554911327291,3.212462803247805,2.550861996152599
7029,pop_0,3.300114653993421,2.487517995638038,3.4573463628259566,2.7853847834460286
7030,pop_0,3.7651078860803335,2.743125990228847,3.2529875234490078,2.4918963517872097
7031,pop_0,3.035793339717751,2.4909555361499094,3.2861571172346795,2.732601822963282
7032,pop_0,3.2360482553701315,2.5383135770413303,3.3170836001571558,2.3320736700539357
7033,pop_0,3.2344522675462395,2.6362544521667157,3.3807971566647543,2.56395453669742
7034,pop_0,3.640408341644394,2.4788442268905593,3.0543463866961753,2.485352937322595
7035,pop_0,3.1949567896094986,2.8583062823446,3.2005140968703816,2.6937452814137397
7036,pop_0,3.4645633490396093,2.8498521616174477,3.207551675878541,2.3461016215329664
7037,pop_0,3.817438982981886,2.160085016598674,3.4789647503045567,2.3257273489701347
7038,pop_0,3.514968965823483,2.7401000176721064,3.0585454091335893,2.717167425464572
7039,pop_0,3.557688326364649,2.6340713349811944,3.523193151235088,2.2603964769238565
7040,pop_0,3.3487141941469174,2.6838468512952907,3.25615934036414,2.7823418007703395
7041,pop_0,3.384572620039815,2.987609699401455,3.4070536988790505,2.5075825337566573
7042,pop_0,3.80055735044281,2.5002288254752485,2.789797693389014,2.5666239475229546
7043,pop_0,3.6641575613392403,2.3845208394992006,3.6260708480077692,2.263114952419022
7044,pop_0,3.2479433588310798,2.6028052747180603,3.7079778442404883,2.998593876523042
7045,pop_0,3.133050585767823,2.569504552342453,3.3011132877897778,3.145867647174978
7046,pop_0,3.6336776832174738,2.7688986145709182,3.517232783557625,2.415613798577076
7047,pop_0,3.2433096412911855,2.884974917299742,3.0004000179907435,3.060069921719717
7048,pop_0,3.329441649130305,2.7754094397092595,3.0975190044520584,2.4809896436878125
7049,pop_0,3.568671183700043,2.424385682192323,3.1672165422947747,2.309825595960365
7050,pop_0,3.6458240013052787,2.440041532490761,3.1982793322244873,2.674514883637647
7051,pop_0,3.519402038692418,2.8017883066520666,3.4627639872332026,2.41758705899856
7052,pop_0,3.701624938304665,2.4446110336440667,3.491517592493162,2.774116594116215
7053,pop_0,3.6165392004713963,2.661759610207029,3.160056077365536,2.8205675548756313
7054,pop_0,3.4359670364804775,2.7732822269334942,3.404904078410192,2.802384110447089
7055,pop_0,3.671439454293324,2.5936195497482113,3.2529881535003313,2.7851341759092816
7056,pop_0,3.2328559139782467,2.853940381906468,3.348612891532472,2.432150548029362
7057,pop_0,3.4165136622815013,2.6956209113849905,3.216392792992187,2.294830063345061
7058,pop_0,3.2874133590071026,2.8697808867552803,3.2739302827395433,2.7666495405198703
7059,pop_0,3.6859872753841167,2.5924997696741108,3.4339973520493157,2.3232809493159534
7060,pop_0,3.4931758189388646,2.9624402884031715,3.3475543189700554,2.5785675736097895
7061,pop_0,3.561718280117761,2.589252023772036,3.1451759992203936,2.8072985827779484
7062,pop_0,3.6715740869074622,2.261386540670163,3.478599193960274,2.462320266608024
7063,pop_0,3.095039677837244,2.5282576431984274,3.349424290854862,2.538438537269241
7064,pop_0,3.2778704008810133,2.722713879886744,3.062810834454558,2.945059526023641
7065,pop_0,3.608270053899056,2.5217273679942247,3.4234998291316465,3.0761940561814765
7066,pop_0,3.275754051968615,2.48782389928248,3.660874908331076,2.5419014847468433
7067,pop_0,2.74816995769219,3.1634118086867886,3.225995813700103,2.7637723669321814
7068,pop_0,3.3176760475709366,2.3916189299141632,3.070498952206812,2.419923704687147
7069,pop_0,3.497349614041215,2.7750768842179747,3.098034186674469,2.244492114030063
7070,pop_0,3.5350820217851027,2.459808333808783,3.629120471616389,2.4930514018687053
7071,pop_0,3.3762286708002,2.8603757980764306,3.124846766414435,2.460160760168923
7072,pop_0,3.791050159480915,2.6750998993181248,3.4011313908349763,2.688236048852834
7073,pop_0,3.842492058605912,2.370808837207938,2.9654759762283507,2.5570311342089416
7074,pop_0,3.3046126156304787,2.934643344373865,3.588700435158625,2.4070543924096897
7075,pop_0,3.624750032309499,2.6442965394090807,3.3276993244416655,2.787917483863762
7076,pop_0,3.346225013527088,2.7527873876813542,3.8534392434726294,2.0568024505883074
7077,pop_0,3.5065031326585436,2.6335538979260575,3.5355493064996537,2.634451429039503
7078,pop_0,3.375134186044421,2.959077867388156,3.2088582462087185,2.522392202401181
7079,pop_0,3.209149490004428,2.707359230619006,3.4222896699822636,2.519342177388131
7080,pop_0,3.9636492787658075,2.628408941508247,3.4918592590100768,2.745355374019292
7081,pop_0,3.498008268504837,2.5185340665656826,3.1198126075860904,2.53491946813495
7082,pop_0,3.495776723273087,2.22959495909314,3.4261622502404503,2.7207781112358855
7083,pop_0,3.4528159203233986,2.9444280408762333,2.836971857765496,2.4617815373386245
7084,pop_0,3.6967784284433964,2.732953383958328,2.915958016558765,3.347447688204547
7085,pop_0,3.421779398446435,2.3190526880399007,3.2308230210092512,2.568276862809025
7086,pop_0,3.6143162979799017,2.965913008154315,2.9874988416555994,2.496391036411128
7087,pop_0,3.673093182757441,2.6910329011590055,3.5303245386991673,3.063735889149029
7088,pop_0,3.4796640205697176,2.2554239867640615,3.478516297655002,2.4116400241086153
7089,pop_0,3.7637209022754163,2.6326716626531317,3.4041336381685836,2.8901399138989383
7090,pop_0,3.5014369776705694,2.863994358712113,3.930300560916459,2.3313675363810766
7091,pop_0,3.012357161196819,2.5338070385156377,3.3317306678420766,2.6425837324311776
7092,pop_0,3.6448437680165546,2.4113443486476744,3.465982771232547,2.696282526292731
7093,pop_0,3.911897778800375,2.7709695685074593,3.2240728057408847,2.509938610908276
7094,pop_0,3.799069416226674,2.5037216572146614,3.3021656819982645,2.771898030166653
7095,pop_0,3.7558203655517177,2.4125796227511973,3.2231498907145353,2.403523297047469
7096,pop_0,3.6529957013238796,2.375971746814933,3.3786811247054733,2.297013335303776
7097,pop_0,3.524797876149596,2.746754914155631,2.958050767017771,2.4149516093573578
7098,pop_0,3.2874963268191015,2.5188185834614973,3.1348059241712427,2.298406024628465
7099,pop_0,3.4715289600458825,2.2736312270109407,3.3565864392095612,2.408192688375062
7100,pop_0,3.5846681914389764,2.5987829267572096,3.41928131259996,2.56747590162388
7101,pop_0,3.505611065814887,2.3724570661639257,2.9853973278834554,2.8512679418536893
7102,pop_0,3.6094710292768597,2.678115718748506,3.130725119367847,2.4392847911705937
7103,pop_0,3.7836465907870873,2.7078594337646673,3.4675827486181405,2.6198738408361897
7104,pop_0,3.3587524129605515,2.9241198329981093,3.1596680358549674,2.633438498487141
7105,pop_0,3.696826075943117,2.6854728488559387,3.6608784934714533,2.3469637731492297
7106,pop_0,3.010762301377022,2.993487414550239,3.281216244076702,3.1447023213494396
7107,pop_0,3.437389797849403,2.839786886993729,3.4621836529657783,2.7060012095166837
7108,pop_0,3.088173188975573,2.869935225734274,3.2031069235467533,2.6399125643545394
7109,pop_0,2.805231130284869,2.5498571946973096,3.559271595729818,2.4793936735793065
7110,pop_0,2.949782948594141,2.9486257194322794,3.2730255104152755,2.562621794478645
7111,pop_0,3.536173687558023,2.816102385277232,3.520434028113118,2.3924359574076144
7112,pop_0,3.3555852904228662,2.6747985417323985,3.1934282696830714,2.356377963897861
7113,pop_0,3.8942648100645596,2.2772472770446703,3.148912023146407,2.9113471593151017
7114,pop_0,3.461175122812513,2.4331531730039138,3.0969529465445214,2.6318362450446378
7115,pop_0,3.344281682523023,2.5292379277970767,3.28839167620344,2.4535408502493645
7116,pop_0,3.4607733112939414,2.772553253667125,3.148111178443055,2.496411859558737
7117,pop_0,3.7351184471217893,2.5906635537511784,3.1455927659090035,2.4551614447761967
7118,pop_0,3.1782335486677846,2.547808073875668,3.1125544828168374,3.0572943676289728
7119,pop_0,3.345188557320135,2.472554492789753,3.1643564503061516,2.772377302442409
7120,pop_0,3.32230838819585,3.13452985356988,3.3147444012313407,3.1292010446401126
7121,pop_0,3.6018906504648682,2.945640591373711,3.3662249916298124,2.794997603261383
7122,pop_0,3.5459699717920503,2.9717181003824624,3.478827768920847,2.2684827236244822
7123,pop_0,3.026001482055532,2.913985793473829,3.446322243273895,2.6235007617053303
7124,pop_0,3.547074208025638,2.7078929972993935,2.7905372779171027,2.6945034566861117
7125,pop_0,3.4638143831669366,2.3330979245109806,3.169925181781952,2.9978992892993044
7126,pop_0,3.6160918370644475,2.7024372632752645,2.977583485556255,2.889205994451465
7127,pop_0,3.165498216145305,2.0744127489507624,3.376106220123188,2.602309223844116
7128,pop_0,3.8210648463690604,2.8420331408291,3.2937839002271123,2.6460888874324016
7129,pop_0,3.0154272255342627,2.9726130583194044,3.3669304850101365,2.182554396271968
7130,pop_0,3.484307659840032,2.757176834058078,3.117986626675392,2.9462317164325036
7131,pop_0,3.411843663738601,2.8290885228254408,3.6617226278599464,2.6117536652579303
7132,pop_0,3.7420694724732324,2.526912556051305,3.0612494331853144,2.5684468837216587
7133,pop_0,3.3347918249319544,2.385787026395195,2.9933844810150227,2.86823921408227
7134,pop_0,3.5047851279059894,2.700606638441308,3.380615881759736,2.804544205286399
7135,pop_0,3.460489176511259,2.655495951533953,3.4426996024210625,3.0971631779855358
7136,pop_0,3.7643206931358604,2.846915605572838,3.2582437197965497,2.652484474801794
7137,pop_0,3.419667612456859,2.81955544727541,3.3214516792500697,2.9013474182593604
7138,pop_0,3.6771273969821485,2.7467588298809797,3.2700229979620175,2.590633004140323
7139,pop_0,3.303802897834983,2.7722395643110636,3.249829078249433,2.3725754239722803
7140,pop_0,3.8116018220355965,2.621167624984931,2.94561662506955,2.764557278474367
7141,pop_0,3.491141380572181,2.2978349686174715,3.1670014308177845,2.517098319072003
7142,pop_0,3.1327164139935992,2.646408613584864,3.151638179893591,2.6090519408718684
7143,pop_0,3.321260842824567,2.5361488241685346,2.8024073940093466,2.801644873472612
7144,pop_0,2.852397543550875,3.065260390782581,3.2179770160080436,2.6585402232044824
7145,pop_0,3.463270069404547,2.644782589224039,3.098142951167666,3.022205379351137
7146,pop_0,3.7424492823900324,2.291885817981648,3.16349708355898,2.4283347814691894
7147,pop_0,3.3857948527890387,2.4396849163219247,2.9724850767465583,2.5713589450121637
7148,pop_0,3.4658300150386725,2.4732926658726018,3.625562753130049,3.090903532566979
7149,pop_0,3.4425576109715337,2.39430315351489,3.159230064695252,2.6121345057388576
7150,pop_0,3.616064038762632,2.4201571745622057,3.084281043485374,2.321687559183793
7151,pop_0,3.1438009982477304,2.765151409156701,3.0693556678238574,2.528138231316471
7152,pop_0,3.4374971949089237,2.5235201392731748,3.4662117426793544,2.851436640540127
7153,pop_0,3.5521397114604416,2.836340422681169,3.4253867331745553,2.4449694982420733
7154,pop_0,3.4702143021761387,2.5920562716036883,3.341890761393649,2.5764945769055054
7155,pop_0,3.1632185252605183,2.7549026501588614,3.2849548346932775,2.655852515284022
7156,pop_0,3.4205530612289357,2.801179618257689,3.4407356889838425,2.922999128967425
7157,pop_0,3.1616090005980677,2.6869359782005087,3.0767918113276527,2.6910253890875033
7158,pop_0,3.301246016638966,2.7055854333716036,3.2487806259742666,2.2940607904342367
7159,pop_0,3.3652809747311974,2.686562615754066,3.1387735746713723,2.247129640283068
7160,pop_0,3.3021090920874836,2.650511418441581,3.448270561498338,2.6267266479006586
7161,pop_0,3.581275192431576,2.611463863828644,3.1521969014513367,2.3629596017807315
7162,pop_0,3.5672851820996363,2.615392478451342,3.428294488934404,2.5109679500182343
7163,pop_0,3.047954035769552,2.643793324400026,3.1138231546149364,2.7021736736101643
7164,pop_0,3.254989458719842,2.6166707731842007,3.1435657108586175,2.824398420585561
7165,pop_0,4.0228618359524,2.1217216061416235,3.2657474379705924,2.177272427130863
7166,pop_0,3.311294807468052,3.0560803434984463,2.753161004005516,2.819431544830669
7167,pop_0,3.3244772644743685,2.5656863986408505,3.0693157737026846,2.7140796545838666
7168,pop_0,3.5741999381352727,2.711155512392587,3.414133788240976,3.062552070846511
7169,pop_0,3.402893276002095,2.468752626578354,3.351509259618312,2.357676467079026
7170,pop_0,3.532084855536333,2.66963529303963,3.1035200746190372,2.6284543244540934
7171,pop_0,4.094245689066612,2.9133729886128013,3.3099236787226953,2.4924096278512295
7172,pop_0,3.1703728576514805,2.718252013767063,3.2899103337053552,2.3620206101045955
7173,pop_0,3.750249144414801,2.367892211018434,3.2419607551459046,2.4637806534180093
7174,pop_0,3.4879007609423076,2.7230025657978327,3.0705707870936827,2.4848094954809037
7175,pop_0,3.4396052144531977,2.5712081183207207,3.199008010312262,2.9329630068634027
7176,pop_0,3.7129203546770135,2.4971321591469358,3.0691077169984555,2.7986781314199076
7177,pop_0,3.578445032499936,2.8100799240970518,3.0702315222292604,2.6309213230621156
7178,pop_0,3.383030261020571,2.1666610248976257,3.1159151191578354,2.398281503037262
7179,pop_0,3.268309043006965,2.604039107502773,2.9516633329884536,2.570852817303168
7180,pop_0,3.2237820078782353,2.896169227376167,3.31136874861788,3.3365928745530242
7181,pop_0,3.538167872653016,2.138280665509353,2.9333457699801424,2.6324991095645576
7182,pop_0,3.894836063239424,2.4960657451493877,3.3003525136099636,2.4805285589307973
7183,pop_0,3.697682746453335,2.6336076151992986,3.35281234915649,2.7588329596041663
7184,pop_0,3.253105939386679,2.7080404324508485,3.0374953103582847,3.1130875397812448
7185,pop_0,3.4120281046408634,2.7638156508057,3.328419495013938,2.5424173420593266
7186,pop_0,3.2768376796085117,2.905327794346073,2.775311988362917,2.4241642512030643
7187,pop_0,3.4373439742106973,2.8874710213393917,3.0320885339683974,2.4197396147196204
7188,pop_0,3.707055585643594,2.368290193496106,3.2530322574490556,2.84688611757436
7189,pop_0,3.869080384252521,2.4800274689675055,3.1723976550015944,2.5575374055941262
7190,pop_0,3.2366197899317926,2.1919414927857828,3.0392503763249206,2.508913710023764
7191,pop_0,3.550747861149239,2.7105550123607998,2.84931519468233,2.6913358634160423
7192,pop_0,3.2982781393151566,2.751010160181746,3.290893693233603,2.4998370946268142
7193,pop_0,3.4235656319608485,2.5402997515386323,3.7286722473305747,2.569531900267957
7194,pop_0,2.8735050642038984,2.7653322532224096,3.350085805410156,2.4433097415199896
7195,pop_0,3.1997202856758733,2.799832119116839,2.93303807763451,2.757893419460307
7196,pop_0,3.2346924456642934,2.6832921255653384,3.250010285311272,2.969829540895555
7197,pop_0,3.6743657370122946,2.855309054034783,3.29130979842634,2.6794613086122863
7198,pop_0,3.250182913508591,3.0355622632858585,3.4166766009540015,2.3705327756379777
7199,pop_0,3.700154517010594,2.2250469830128536,2.9872875377043053,2.2799933445529597
7200,pop_0,3.559790416129576,2.5816497315662157,3.557894181616618,2.936875995511792
7201,pop_0,3.4523029283197904,2.2727509287719254,3.268309876458462,2.6367664200768757
7202,pop_0,3.106904149185263,3.002667423085756,3.0294814962040038,2.654674117891006
7203,pop_0,3.7451459868357753,2.434326700851793,3.0314950688382036,2.913165038263972
7204,pop_0,3.7236910257148597,2.4940240326297136,3.3887782332381065,2.3947680264154423
7205,pop_0,3.166777277832765,2.741884627692586,3.0437699647259557,2.71583303358044
7206,pop_0,3.2548085500828208,3.0301432088253275,2.939738160702698,2.7879915733420275
7207,pop_0,3.4677109426701316,3.015669548988694,3.3188705400198346,2.8370057115966865
7208,pop_0,3.2851533880524237,2.867769271487998,3.277405489398495,2.9877940334777318
7209,pop_0,3.116015912770382,2.514767019568649,3.7596335911664522,2.571715221436333
7210,pop_0,2.809537422718445,3.061447643244878,3.150483479677163,2.7397195658486595
7211,pop_0,3.1029387028657367,2.6886501095638122,3.578153262182161,3.0077421021829056
7212,pop_0,3.779892538308093,2.3927491321086287,3.523078819446643,2.7777190703596233
7213,pop_0,3.4573960141048437,2.493645676809899,3.1397599994669867,2.6760302368312
7214,pop_0,3.8274682007224987,2.5076848062294306,3.4754116137981184,2.7785486546323077
7215,pop_0,3.12153487853466,2.7292044898568473,3.267412535493294,2.3517052182341542
7216,pop_0,3.308364334790143,2.3278217731340023,3.284789957736542,3.4073818415927617
7217,pop_0,3.1488054356642547,2.555667289120876,3.1387411343374687,2.659238196862928
7218,pop_0,3.1256340400230354,2.7564064001090207,3.0323586461667698,2.4550986884363053
7219,pop_0,3.2311872949595575,2.4695235212170723,3.050961980638248,2.623997270215203
7220,pop_0,3.6298976655431816,2.3545249827696395,3.313187423551373,2.4958459403969298
7221,pop_0,3.261387630282095,2.709039057767522,3.1311440754845585,2.648147315765665
7222,pop_0,3.813795144828754,2.692327562172293,3.4504961538381687,2.194560818210088
7223,pop_0,3.159716039286441,2.708338603396282,3.5552630931554305,2.234988302518027
7224,pop_0,3.5345089965667653,2.329151264731106,3.236801670036483,2.586478840769311
7225,pop_0,3.6487409866349494,2.622755265325772,3.1405062930276424,2.5692987276125625
7226,pop_0,3.6474221349206064,2.662086240109984,2.9121204042244337,2.4041059659703907
7227,pop_0,3.787594137124112,2.4253355774985357,3.127772411873059,2.4130763497212957
7228,pop_0,3.6682835460656302,2.585180069261031,3.4042846963209965,2.569869945094104
7229,pop_0,3.565089478070952,2.4894381018103733,3.44064957594611,2.7251132950417536
7230,pop_0,3.3706271763684117,2.559933130660796,2.9471676729605565,2.649845067493544
7231,pop_0,3.3017579584218795,2.393959342249498,3.177096553790537,2.946703084520755
7232,pop_0,3.5162509757938625,2.4320704143049,3.1377960769797464,2.8197967782558564
7233,pop_0,3.75880053757545,2.512441665290673,3.0965976494066654,2.8755929402790246
7234,pop_0,3.5605347424004696,2.5625786432307263,3.727384358767178,2.369764996949352
7235,pop_0,3.8825628514140016,2.4925875968905036,2.8815374320477134,2.153795606002261
7236,pop_0,3.855675751155254,2.213554116984205,3.36912695095385,3.010494291325896
7237,pop_0,3.7003196209652027,2.4132936093913004,3.289262162234254,2.5031495807100983
7238,pop_0,2.709816150434012,2.89538150566634,3.251725667525351,3.0615052403412437
7239,pop_0,3.619244380160261,2.8228305727720073,2.9751149857873447,2.7239260180455203
7240,pop_0,3.5121508360741682,2.732615583947744,3.2540115207150215,2.7559256491818775
7241,pop_0,2.7991689424181745,2.949335213993637,3.283291578143135,2.5483328707795603
7242,pop_0,4.092209887828525,2.020670018936331,3.1868191555954595,2.9536611845546195
7243,pop_0,3.6484912960192215,2.660536198253647,3.3232459466393807,2.257186675686582
7244,pop_0,2.8686900426072,2.5070826677228317,3.015556016775226,3.100080616475792
7245,pop_0,3.060294553552394,2.9714938100927384,3.126055424058973,3.242088125524163
7246,pop_0,3.3365553231537044,2.5762020643739625,2.9378068544891804,2.472933386423663
7247,pop_0,3.443079642254867,2.3305857833547763,3.216556200979764,2.7981745305155994
7248,pop_0,3.1149560796682887,2.747316530291375,3.4601602818545296,2.66086963695701
7249,pop_0,3.703583398867956,2.2993456128929513,3.5248814636604164,2.6901467014486657
7250,pop_0,3.2399309981474707,2.8046533927163035,3.2787086332890545,2.8319930698494473
7251,pop_0,3.735336129843879,2.474885068486681,2.945639812973076,2.57059994816167
7252,pop_0,3.3172224327497495,2.6024476604610065,3.369828703156025,2.658213857334184
7253,pop_0,3.0501363239232497,2.4748250834432457,2.9549762803542015,2.878250363986414
7254,pop_0,3.5986155834269127,2.657954174172232,3.243785358102834,2.400624133957662
7255,pop_0,3.1215923636769944,3.0572828789569266,3.2949812644847625,2.781529273521564
7256,pop_0,3.156443265679659,2.505620192665351,3.0749415912370126,2.2661817372115416
7257,pop_0,3.280796806236296,2.38778996675057,2.952513355279378,2.8712878406237645
7258,pop_0,3.2019403992904762,2.988735583163526,3.2639252987489966,2.5969399344007136
7259,pop_0,3.8479466894795915,2.6910329498666687,3.671019749176324,2.8591066849296256
7260,pop_0,3.4585489493719375,2.6447049642351512,3.126982525819736,2.4978367844741256
7261,pop_0,3.0864244602275304,3.030355550449198,2.881347176449072,2.788538271041553
7262,pop_0,3.647731430344243,2.6185359036882048,2.868859108386839,2.6829358050435896
7263,pop_0,3.6253760537064887,2.755779280840449,3.178666338969988,2.3968027484983554
7264,pop_0,3.2219377093067574,2.6488300193629,3.3891415927320647,2.341847845850947
7265,pop_0,3.0426612322485886,2.501219148841193,3.191876700508488,2.8896655191471563
7266,pop_0,3.246868667775857,3.056364473113555,2.989836314071143,2.7285983173171893
7267,pop_0,3.397823110230919,2.5627388838535587,3.1683161955645747,2.168417576995263
7268,pop_0,3.350026102470071,2.6921319410322337,2.9053601850948936,2.353731116870974
7269,pop_0,3.214356405242955,2.717535794835116,3.2847832830018757,2.664771828997395
7270,pop_0,3.2145955766014724,2.64934862726218,3.5516980016619923,2.1760186642675228
7271,pop_0,3.435991710824662,2.553144596532985,3.3737902883429403,2.280333882620038
7272,pop_0,3.700479807523697,2.9131848880706666,3.1958355378874446,2.887867500762896
7273,pop_0,3.351563789472607,2.7280294229993496,3.288820007132795,2.8530120102118843
7274,pop_0,3.7465561861834016,2.6912499459493797,3.0978260775892195,2.5701533897748794
7275,pop_0,3.2194802858957283,2.720483301432818,3.374672373996216,2.7737246980512698
7276,pop_0,3.7521428744652097,2.477025741483104,3.3762108561879414,2.6706184822325905
7277,pop_0,3.289965773334491,2.7341822318936733,3.2537193127716506,2.3981150921036423
7278,pop_0,3.4153140855055417,2.642472941229448,3.326802835632978,2.811400424391563
7279,pop_0,3.3699787544546718,2.5961228583966345,2.951683824133542,2.502301558928295
7280,pop_0,3.34413622330275,2.6431289846607697,3.0065887563552427,2.726262198233579
7281,pop_0,3.8467368346046817,2.9505541665644386,3.631413366190989,2.651668620111786
7282,pop_0,3.3609991379737347,2.3367307386792677,3.332363213136021,2.549463694262759
7283,pop_0,3.7357292113931515,2.8745489560112563,3.473228271044778,2.3362287763883742
7284,pop_0,3.405126882490171,2.6084076905922315,3.051326366637083,2.644047499382645
7285,pop_0,3.466340699506156,2.4174532020803636,3.71981884362732,2.085970230023692
7286,pop_0,3.0763544436215136,2.994486617858801,3.5152667407179714,2.2408591556316533
7287,pop_0,3.4186105931513024,2.8167986137447434,3.1937564414972806,2.882432775214667
7288,pop_0,3.6993321261179655,2.247486161999512,3.505784316897746,2.8586488553736094
7289,pop_0,3.465529252261306,3.173884824516738,3.4587538900793366,2.8387345557949035
7290,pop_0,3.637247512692161,2.2914173178442443,3.2986365188514117,2.509302868221148
7291,pop_0,3.534785099511693,2.754564494275646,3.4249138886346238,2.767193682677071
7292,pop_0,3.898361332479581,2.2773275379688003,2.970227877892349,2.8409880273553685
7293,pop_0,3.7508194419062058,2.1119173025404097,3.4571762796298393,2.5190283932796143
7294,pop_0,3.321346476085339,2.468755705678483,2.5114656308064838,3.3326814638598803
7295,pop_0,3.2072513787381647,2.665720646964524,3.527141430621384,2.650020878618658
7296,pop_0,3.372822648201287,2.9151420676613324,3.2845527016859175,2.421974288202032
7297,pop_0,3.327084763154722,2.8134598437286105,3.289056472992991,2.8802566698012755
7298,pop_0,3.6618901118325278,2.4961342735430296,3.2939732363386875,2.5655849097912085
7299,pop_0,2.9447019806632158,2.6001473428827055,3.281700434138891,2.8200877144505885
7300,pop_0,3.831809835596843,2.2608586930512806,3.1096773442896763,2.625457310060478
7301,pop_0,3.3522402894702745,2.4227207202548864,3.1362818342706134,3.0542658734549146
7302,pop_0,3.550548224316742,2.3099445017693703,3.092270268302466,2.3272542624865444
7303,pop_0,3.8730944498274833,2.5978474413896206,3.453861750954926,2.0877960270429763
7304,pop_0,3.3540368007835597,2.5587264014993774,3.552052787919817,2.7760051289036216
7305,pop_0,2.7806886200431857,2.6770559109919057,3.1951948947289104,2.7606511426329585
7306,pop_0,3.561738694706221,2.5429444930038723,3.404127027570873,2.6265048593598275
7307,pop_0,3.707226199334672,2.622768429609471,3.1854835034843507,2.415317223906459
7308,pop_0,3.4146940623709527,2.723288277604453,2.8888401142566726,2.3721400721954167
7309,pop_0,3.270274219503806,2.818846293468077,2.7529416944883303,2.7478694942673667
7310,pop_0,3.740634746487989,2.526704411670098,3.1795077825708358,2.757780464213905
7311,pop_0,3.592592734862673,2.3754520895673896,2.9293477074605416,2.2394817813800665
7312,pop_0,3.2582995649192594,2.6407743517367925,3.343888838334541,2.5455195639542985
7313,pop_0,3.189963744350288,2.507094721384985,3.0140369988144626,2.777242948664571
7314,pop_0,3.670006065547464,2.2485376962391483,3.1581091663418963,2.4735673794603383
7315,pop_0,3.7175643187091687,2.4616655713138775,3.2735727031126185,2.5858693302471094
7316,pop_0,3.1735662570511978,2.8472451650458805,3.106790956772459,2.631694076770311
7317,pop_0,3.4889848618059776,2.941870879483772,3.5069630820615156,2.6112329031191597
7318,pop_0,3.4427599750646936,2.1217634547285473,3.18005548453388,2.152440734635357
7319,pop_0,3.658761173592585,2.596085308598929,3.4123884963052484,2.93221739458911
7320,pop_0,3.4256846844518143,2.9133290186970235,3.3773067760655193,2.63135660374229
7321,pop_0,3.3994317570555252,2.358930782866683,2.928358948271362,2.780446603957526
7322,pop_0,3.518537002694885,2.8490421626369984,3.7255980416482055,2.83657480122273
7323,pop_0,3.2095550864778186,2.8793419633107002,3.095183642391515,2.7023838047164643
7324,pop_0,3.2235536232653823,2.5590793708770536,3.2633294123569607,2.5508850832075844
7325,pop_0,3.5670900909557273,3.0001516536634587,2.920714323823697,3.0196554651507808
7326,pop_0,3.0398433793641253,2.1814469727977537,3.477957200816869,2.895387791876876
7327,pop_0,3.455579076609231,2.6442963490445335,3.469117864269953,2.1652611998379614
7328,pop_0,3.5068994317395545,2.0385698348687007,2.896973524591376,2.615926418058845
7329,pop_0,3.3756701472047506,2.583512856585952,3.4571083552571125,2.4348763553157204
7330,pop_0,3.4054091207541517,2.5189598650263925,3.4054191352402396,2.468004468772157
7331,pop_0,3.069046406624602,2.7630111332993046,3.0296595774393773,2.592020673835874
7332,pop_0,3.6041305971701423,3.001917855572134,3.1243973053419642,2.6793583701287877
7333,pop_0,2.9422952970491782,2.815852138119044,2.982156665405292,2.9472800541547115
7334,pop_0,3.7774309862922175,2.4978903018434164,3.394831972790844,2.268926243618816
7335,pop_0,2.876919283344726,2.846850343601217,2.893271213437563,2.8746592171173644
7336,pop_0,3.308223737682036,2.763349075385454,2.4586388394437404,2.5162107929362754
7337,pop_0,3.3417525710307627,2.9632482533903435,3.148471147668504,2.341793194414321
7338,pop_0,3.37400815953731,2.682044950418748,3.202615708535747,2.2158165510752847
7339,pop_0,3.4303206162708126,2.4550565059068146,3.26754790691713,3.0836853870698224
7340,pop_0,3.2777531214401834,2.4577939847408516,2.989600977888915,2.8496702214080663
7341,pop_0,3.6946238483187073,3.178299928745826,3.133800185721478,3.1322822468220113
7342,pop_0,3.5735481912936433,2.4446637497510793,3.5590643612265764,2.616123347679137
7343,pop_0,3.716121333267841,2.4866571207552526,3.748304043188651,2.443086326297311
7344,pop_0,3.1575905136216753,2.604341771307927,3.179069990261102,2.479452836528551
7345,pop_0,3.7046467558535583,2.5820196149696777,3.0159176105843564,2.5595571029804316
7346,pop_0,3.5184941117920694,2.1570670567604036,2.9826697745791457,2.315777597510666
7347,pop_0,3.8704976000007205,2.4656852378593754,3.0997922899359573,2.636342766864505
7348,pop_0,3.4254119810293817,2.4610837076096206,3.192426491311111,2.852543333645801
7349,pop_0,2.932907989217104,2.653274159045945,3.3644406849474264,2.9733117535777716
7350,pop_0,3.536649879524932,2.875663493708025,3.3071589277811246,2.4803829324242916
7351,pop_0,3.689152875169537,2.5206167406876245,3.3668262033940763,2.929501052993799
7352,pop_0,3.462122381264173,2.3741429057165893,3.277436574473872,2.5420642234744553
7353,pop_0,3.6050949390391267,2.721755636043312,3.252820970745075,2.8807464256531055
7354,pop_0,3.296350096396516,2.494710698637151,3.216881806497321,2.5961692457029373
7355,pop_0,3.3713158387923876,2.5920427186339707,3.3692995367205105,3.1113146420711804
7356,pop_0,3.0907234998856468,2.7733435238222,3.450991877307711,2.609237092133287
7357,pop_0,3.6447966711798623,2.4547016102272954,3.0319508262430177,2.6046442505453746
7358,pop_0,3.279709535478855,2.4797196454370867,2.9530562280488915,2.5884019767866837
7359,pop_0,3.4496580260921474,2.6336862485523134,3.5207599745861176,2.6499974406141247
7360,pop_0,3.2983128249823457,2.965690229656093,2.9913273846748862,2.7963632914967596
7361,pop_0,3.2123077737280865,2.42662837525571,3.0768607883058077,2.484371893743046
7362,pop_0,3.38811457090094,2.126697414818049,3.3572841552968247,2.9517592262853993
7363,pop_0,3.300457917633079,2.99416698456327,3.207500214655813,2.8093627399675487
7364,pop_0,3.7560884648475734,2.250376855364971,3.0172041061154653,2.477712617756717
7365,pop_0,3.134018356710802,2.7307765937556043,3.135146979010933,2.8505944505784755
7366,pop_0,3.225904515988129,2.265113981897235,3.0884388073646662,2.802591045398449
7367,pop_0,3.3469141190248703,2.6784727631426866,3.154860341975666,2.37081878528658
7368,pop_0,3.240814162573771,2.914083743836571,3.319645263103378,2.5442131809219717
7369,pop_0,3.80332458980054,2.631167154577946,2.623364946747366,2.7781961488868685
7370,pop_0,3.8151607748027954,2.622887432468612,2.983635396034915,3.1726693283748735
7371,pop_0,3.5017689350404635,3.25570783866539,3.35433633339193,2.3478605850814827
7372,pop_0,3.376312282028732,3.203089188223955,3.598423451001923,2.278947027050642
7373,pop_0,3.811148469186506,2.3532688325110493,2.9880391396626376,2.8920870204375233
7374,pop_0,3.473985118559105,2.7819257600445724,3.2015606214264887,3.2392786983812565
7375,pop_0,3.445229491218745,2.4593514881962797,3.123190736587061,2.2904608900069543
7376,pop_0,3.9648958836093207,2.4993024634172927,3.503066255192756,2.675384477384895
7377,pop_0,3.8079641001734825,2.635344599036264,3.191726662054228,2.7483657279233364
7378,pop_0,3.374379022843777,2.3841899335074164,3.180242324008154,2.981386509984722
7379,pop_0,3.439622988798365,2.5931240218101053,3.1904173841571564,2.557058314488928
7380,pop_0,3.612566711633667,2.817085905663125,2.854390835595781,2.498226390175684
7381,pop_0,3.4455246074978514,2.258619386088558,2.931377343505277,2.611281676229206
7382,pop_0,3.540539581756182,2.622603041327338,3.3484843149733976,2.524205003174735
7383,pop_0,3.390600041818071,2.814923166863798,3.1715217833571905,2.758743712287032
7384,pop_0,3.1436497659167766,2.791898044307855,3.677106237727162,2.6208615110751325
7385,pop_0,3.220315206773894,2.842092259100709,3.3809614077560126,2.9275361384236223
7386,pop_0,3.777971865981975,2.536924834771433,3.3128003803400645,2.4699345534359582
7387,pop_0,3.1148886410093093,2.912238974836529,2.8289428539494037,2.6688770969204323
7388,pop_0,3.4150007736201866,2.731068510242286,2.8757883549927192,2.8706469989925103
7389,pop_0,3.354390207886097,2.5402788464584543,3.2725888741699376,2.2633961514810808
7390,pop_0,3.250596337062818,2.489964095958207,3.5516623161292746,2.6922528466010913
7391,pop_0,3.4364117205316047,2.563941268751115,3.6085751282359384,2.3228942947369107
7392,pop_0,3.326891531488881,2.672683792139209,3.2408643096751892,2.3895314426471734
7393,pop_0,3.119712052363969,2.786094091371742,3.4224237977798433,2.664308395592287
7394,pop_0,3.4670305320541703,2.729928553429572,3.6111938608641814,2.637931101728717
7395,pop_0,3.292552975468194,2.993782569321938,3.231218800774795,2.7790261439370343
7396,pop_0,3.049456910257711,3.1990067024938047,3.9787878623655932,3.1500364191912626
7397,pop_0,3.4269503158142594,2.7642114771512842,3.1776186492374827,3.114586023645579
7398,pop_0,3.1910839615151345,2.903534372458609,3.2430401372029727,2.4487924994053505
7399,pop_0,3.6003028791685865,2.492189668143479,3.469893492112103,2.917507474488571
7400,pop_0,2.8537019025278494,2.8676610614851805,3.5588293791546004,2.554252048153995
7401,pop_0,3.094334057149468,2.8441705657595744,3.3374450291283018,2.4217977898392693
7402,pop_0,3.766075366156897,2.4360679914474317,2.6728975245425493,2.5942357482900706
7403,pop_0,3.161793104768376,2.4841120624302717,3.3791891536721335,2.9945442005207883
7404,pop_0,3.333092429488617,2.663135901806183,3.5410098670262404,2.531932638767281
7405,pop_0,3.191846843501859,2.4741089752179044,3.8535915645500927,2.981979835165509
7406,pop_0,3.550463050029445,2.7318258248823715,2.455531154425934,2.720111166318145
7407,pop_0,3.5572562737497644,2.4865345299151156,3.3499359013158494,2.5897377016023637
7408,pop_0,3.4248802329097168,2.7875400989362245,2.677325293526013,2.8402479958331006
7409,pop_0,3.0630078722989293,2.9463507041381773,2.866986976811234,2.819181451867029
7410,pop_0,3.598365918934518,3.128505609419494,3.0360217105309673,2.8202797895264564
7411,pop_0,3.276121516708094,2.105108969117443,3.51692830536752,2.7764286752956635
7412,pop_0,3.425957990430075,2.515782862355414,3.381557532552533,2.7688229879484125
7413,pop_0,3.48059080409908,2.7445285766998566,3.28919825109412,2.9134955812255376
7414,pop_0,3.6918656999172197,2.756266992574089,3.4191573601953418,2.5307302601445114
7415,pop_0,3.8149759777314967,2.6824171631490072,3.406646226253369,2.4267194744056053
7416,pop_0,3.3937268349534673,2.6010875079605422,3.5708524170342097,2.2088221938537425
7417,pop_0,3.2536056257546453,2.639187400865232,3.0574859671002224,2.460128497137345
7418,pop_0,3.482762032526773,3.203225994531738,3.417245545251923,2.5581345050055435
7419,pop_0,3.3826635020555016,2.6040135091916707,3.319211067171782,2.797220086376209
7420,pop_0,3.1852530279337454,2.6629554190691476,3.2937679120767807,2.6651039539057613
7421,pop_0,3.6018163243210575,2.7641213037237544,3.0024264217249734,2.7224610263929208
7422,pop_0,3.1376733050629873,2.840130335615965,3.273801514890366,2.4912428123501766
7423,pop_0,3.585172018952744,2.691060416182627,3.3812427268012826,2.4939397054232395
7424,pop_0,3.6358317792348656,2.58625234490056,3.2893895940588207,2.5176572784637887
7425,pop_0,3.332840143751365,2.239118022687864,3.1198414519973348,2.973391788415428
7426,pop_0,3.4602324229263886,2.20803498007489,3.3413723235693706,2.5080851365060535
7427,pop_0,3.436620851517363,2.4773974465147663,3.4333578109045346,2.7079060409068823
7428,pop_0,3.443067108333804,2.896810251395968,3.2310851217624257,2.585063266723575
7429,pop_0,3.2968655974998606,2.8694866535404278,3.5151171524249984,2.068077924143484
7430,pop_0,3.221358127409288,2.8730115793622626,3.2918703573327477,2.645529733806971
7431,pop_0,3.5123598730028003,2.655132194737119,3.234318936464643,2.54391106902462
7432,pop_0,3.696481108787316,2.538601168500763,3.7260343421211064,2.747879725141688
7433,pop_0,3.3030610117434382,2.8050383589558576,3.4197231994565076,2.7760936141562373
7434,pop_0,3.530377826566977,2.761144596510458,3.225926099973094,2.427997551907984
7435,pop_0,3.2849881516386827,2.3868556505027043,3.837063703799274,2.379586717223371
7436,pop_0,3.3550282674286,2.5441006576025003,2.7148216176062756,2.227843649056859
7437,pop_0,3.515740464210485,2.6747702565667364,3.404336253833878,2.438448134890895
7438,pop_0,3.0746116756319593,2.6528701781131647,2.9618919985421273,2.975547414587854
7439,pop_0,3.92096749589974,2.523747721375667,3.4262732828434834,2.9856356084085847
7440,pop_0,3.1592836288735215,3.150886804018981,3.1982840324549966,2.870484104250677
7441,pop_0,3.253112697961107,2.4548804767666232,3.4647695434824115,2.7483884315815716
7442,pop_0,3.122290796906819,2.53830446397649,3.022989681090358,2.684938368441134
7443,pop_0,3.5347925629087973,2.5317190706645047,3.1940311889659614,2.6690678552819764
7444,pop_0,3.386683870527119,2.7966750036327723,3.0747545508569187,3.0170508721987215
7445,pop_0,3.1216438765997268,2.6926075547243675,2.836585562957325,2.867787621610181
7446,pop_0,3.6535944641578513,2.942427919819835,3.3232008673793154,2.228083235525387
7447,pop_0,3.1779847871366917,2.9721896433527055,3.3838489089267436,2.79182292572469
7448,pop_0,3.476070147540148,2.5613066121650028,3.2338445687879678,2.4630472325077717
7449,pop_0,3.0102769148571262,2.4982170631668077,3.4251984287779758,2.779174571064509
7450,pop_0,3.1524056135634586,2.556863639892263,3.314833479391901,2.305499805792533
7451,pop_0,3.6835341981560585,2.8513679451244283,3.320033918473651,2.2837604735436283
7452,pop_0,3.6894466256085408,2.4644075147557833,3.0689077168416286,2.4498565352390456
7453,pop_0,3.391026544199327,2.9260067269303986,3.3236133051657193,2.6603492804853945
7454,pop_0,3.8433840253995486,2.396210071804579,3.207470444377346,2.6384957664818387
7455,pop_0,3.1303644472441303,2.7010531183430713,3.136137656454131,3.0308319396532704
7456,pop_0,3.2383504821476605,2.7289182217979135,3.6392050560199625,2.6280902511667725
7457,pop_0,3.342719423501111,2.7182592634825533,3.3649522353210024,2.932254518337903
7458,pop_0,3.7706764972851876,2.3718869598466052,3.294804875343096,2.5757940109122837
7459,pop_0,3.105442303638683,2.6631311795208714,3.590193417517031,2.9867245509192926
7460,pop_0,3.9680099294894324,2.4993166311743695,3.1118102699244092,3.053457635482565
7461,pop_0,3.359751795734483,2.5318283562667614,3.2911852259575527,2.633235154624695
7462,pop_0,3.1371817867173535,2.7214943754581453,3.08126369268826,2.841064446191742
7463,pop_0,3.019775354510399,2.771346919161661,3.245236094782018,2.645523232997632
7464,pop_0,3.1276348529032965,2.7443957911732193,3.314873614676096,2.25559600395216
7465,pop_0,3.662691410206278,2.492443438589138,3.4290446510620147,2.539112091513154
7466,pop_0,3.0931569055457144,2.381854280157595,3.319313841622597,2.5033350338043627
7467,pop_0,3.4691768469436144,2.9801739154825944,3.211838411471061,2.4998152288750934
7468,pop_0,3.4001989529654573,2.727256042819878,3.240924873840663,2.708276995556736
7469,pop_0,3.936276929772297,2.311489576294194,3.4115024679006396,2.4366782989134705
7470,pop_0,3.6122357245032983,2.3113992303708772,3.1087402997138254,2.048051462010782
7471,pop_0,3.5545240180148774,2.2804563359706376,3.0651224133146187,3.107634134922986
7472,pop_0,3.35500615251444,2.296003967198282,3.008194975520165,2.440856848299815
7473,pop_0,3.50570893846349,2.3097243136229,3.2669864155867407,2.3173748926345206
7474,pop_0,3.6228219271121667,2.488258850661108,3.0941641728646614,2.782936917151655
7475,pop_0,3.451817117007838,2.87837751894206,3.607789404627029,2.651015077183642
7476,pop_0,3.314649466077274,2.2423944459466254,3.21991183270932,2.456599953041134
7477,pop_0,3.668170889654305,2.6216785296488094,3.629647649428748,2.6923424084102336
7478,pop_0,3.4771725205398822,2.613577393710694,3.371354262274375,2.764987508990372
7479,pop_0,3.182774698862981,3.154343956366792,3.207368540447853,2.914118096191515
7480,pop_0,3.6241403850589853,3.161297657072108,3.6494221243600347,2.3566758390122824
7481,pop_0,3.9199466547565542,2.2366010764829176,3.0014866187286433,2.5740352886324307
7482,pop_0,3.4555374921307833,2.582287900020664,3.549800057312375,2.6616035982654322
7483,pop_0,3.375646708627201,2.7205632815745338,3.3333012093737886,2.5548733454774477
7484,pop_0,3.4615927779727325,2.624395149477832,3.116550649516359,2.3424389274030117
7485,pop_0,3.2190912906176004,3.0369961304648614,2.968950109060488,2.8044659062433803
7486,pop_0,3.782252529650727,2.4765721302764483,2.968484934626891,2.659329499175554
7487,pop_0,3.6101592830543408,2.1147708521599107,3.4039903825567475,2.8987008945071118
7488,pop_0,3.823742832290793,2.7111713296727022,3.296678005642446,2.5955177666673355
7489,pop_0,3.6189267713836024,2.742994744370413,3.4712579522321345,2.5042397550436877
7490,pop_0,3.143452712958289,2.850773918086958,3.254346211086153,2.472026718424647
7491,pop_0,3.3865229475429177,2.3311446286299224,3.335385642272851,2.868008030466133
7492,pop_0,3.277406610061601,2.670650524912399,3.344950625798963,2.9865534217609784
7493,pop_0,3.227614274351717,2.710347258353515,3.507276362947998,2.4353644854768453
7494,pop_0,3.528484703577473,2.4328649708313432,3.275808367878549,2.501800257087074
7495,pop_0,3.4001061860682937,2.5326219404276236,3.0022463694325268,2.3191943888185764
7496,pop_0,3.411241251039399,2.747667905053467,3.151523022764123,2.6456403385667344
7497,pop_0,3.8998425746831518,2.460762235036109,3.4803749159415145,2.589809434927043
7498,pop_0,3.345292065976111,2.8557108868805527,3.338784337836101,3.0024478794683724
7499,pop_0,3.1266048729826266,2.70290828327264,3.3649195662128717,2.6267740492212615
7500,pop_0,3.7106083383287225,2.5069567747598414,3.5570907379286374,3.1481001792901613
7501,pop_0,3.8452537324325493,2.18173067016518,3.361704420670064,2.6376081381528635
7502,pop_0,3.4488306284498944,2.6599871350306983,3.3929988910723416,2.735112307854815
7503,pop_0,3.8416726374491583,2.3027499528345436,3.4667477732099665,2.483019107183644
7504,pop_0,3.1331043976238644,2.6734856121383266,3.2634806208730813,2.678286755549909
7505,pop_0,3.6034308421734784,2.516513994395354,3.447537142271384,2.6787272340523205
7506,pop_0,3.102347442179607,2.516121402197341,3.46270937500685,2.5334865436893215
7507,pop_0,3.7411657824247655,2.386639337724115,3.483057964575573,2.3689567927462645
7508,pop_0,3.5350942254972324,2.372648451212147,2.929139606395712,2.9769853583180934
7509,pop_0,3.0966351048423584,2.5561879636189277,3.2274123615315116,2.6114404404182405
7510,pop_0,2.967287430522315,2.5892912598862416,2.7826300903888654,2.730317977848831
7511,pop_0,3.482051656976045,2.5982044950727277,3.4370308397567646,2.6291313522375064
7512,pop_0,3.8309686540091366,2.6574805292362647,3.5460132138757285,2.4647150256456594
7513,pop_0,3.4428975168082365,2.8391208337330083,3.2187016172097414,2.88824771670626
7514,pop_0,3.2473341750444606,2.818695610886727,2.863512911179911,2.6378623293235037
7515,pop_0,3.334587355408144,2.3688256689685994,3.3219986531606773,2.353917068291771
7516,pop_0,3.2945122598162087,2.3305784255568103,3.320250681829012,3.215156293545293
7517,pop_0,3.854658466923977,2.4261222428951954,3.5821040676753246,2.125186596851295
7518,pop_0,3.3536187501994554,2.6179857335657983,2.916658078430923,2.5790149298325047
7519,pop_0,3.4197816257325737,2.728396414591591,3.121447746372967,2.782022300981437
7520,pop_0,3.562100639880227,2.251951980866559,3.3991199676363184,2.6464525086520774
7521,pop_0,3.5000652182001732,2.6118545947703007,3.3656524100729523,2.512167472312312
7522,pop_0,3.3315713827637676,2.9491452246432406,3.19294187771145,2.8034560816488145
7523,pop_0,3.3020173758791334,2.712915156742326,3.334347106770762,2.7797468120818674
7524,pop_0,3.0912193257443397,2.5549508970221337,3.0275207816498786,2.6093843162506847
7525,pop_0,3.1334296297807933,2.614328318343513,3.379655691990666,2.6985756340064024
7526,pop_0,3.1972042063073642,2.7417435837357793,3.260951816692578,3.103337959125408
7527,pop_0,3.3106701275665014,2.4632091911680702,3.545167847220946,2.8533719083483717
7528,pop_0,3.1088350629136254,2.766315543805785,3.1348370277453395,2.811710109817171
7529,pop_0,3.4973774578556474,2.905495281619392,3.1561371847923336,3.135361068172607
7530,pop_0,3.676548569096934,2.14216307476346,2.7794775092113193,2.7008519567345144
7531,pop_0,3.6471365323877194,2.4037100731279515,3.3814029182927547,2.071761485956829
7532,pop_0,3.7208270096461704,2.580830850876492,2.9404542271762524,2.713611696602411
7533,pop_0,3.6176735603393944,2.586894513730246,3.5383497612271984,2.9271938858240922
7534,pop_0,3.6912113256353427,2.3912587079939787,3.483576551160807,2.9182098492294934
7535,pop_0,3.7976521849058416,2.7520021562029187,3.251815131915134,2.689558457949363
7536,pop_0,3.291764968075057,2.899227767409665,3.5424180046975424,2.8143453999095307
7537,pop_0,3.4591324757524093,2.5177253524427563,2.9386599878798463,2.660130795678209
7538,pop_0,3.7153700838269716,2.459657567042948,3.194157678553591,2.8060024581461667
7539,pop_0,3.5447398786020594,2.975113747811963,3.0434405114210032,2.5278473589514303
7540,pop_0,3.4794175969883634,2.7000938936516343,3.3557345668444194,2.5316009920374394
7541,pop_0,2.632565537620836,3.2309418378689725,3.435039663206729,2.444419287174704
7542,pop_0,3.5848958540255,2.5223196689965257,2.7542150941702976,3.21232034134735
7543,pop_0,3.5285825521370766,2.7786281704769147,3.3374106617579984,2.7287456601256372
7544,pop_0,3.6452799502711724,2.4884328510422313,3.1343704107265093,2.700010209537813
7545,pop_0,3.598424502400912,2.830160184718364,3.1063710315993096,2.437757492428686
7546,pop_0,2.89919251372334,3.0867927255678658,2.8205240005054106,2.7145459865752266
7547,pop_0,3.1209623833554434,2.803178953046931,3.324369818773591,2.9886114708123612
7548,pop_0,4.033816226774581,1.9543027339297616,3.355973842239463,2.4295135468577316
7549,pop_0,3.2950467627778157,2.441494181010113,3.120581253986974,2.642017651722143
7550,pop_0,3.6331924887807205,2.9544793535949365,3.4766195311668286,2.801760962574483
7551,pop_0,3.2565749667297617,2.5073383544906354,2.8234167568234914,2.7273129034473613
7552,pop_0,3.3356333122000197,2.9014330301524534,3.2321397645865373,2.1596709605371363
7553,pop_0,3.551282011109707,2.0933041952385114,3.3381480034549105,2.8988865140411875
7554,pop_0,3.1909221158889416,2.5892895843995793,3.1469635475960387,3.168543149143709
7555,pop_0,3.2132285532939298,2.5495007087336794,3.140009346505184,2.607631497624309
7556,pop_0,3.35515153482127,2.4789226313786186,3.325997392353462,3.0514229362779393
7557,pop_0,3.569824494850889,2.3575325113756893,3.4519559216059927,2.2503008162252867
7558,pop_0,3.404314206397876,2.5972288467447644,3.3575803736520284,2.9617867142208376
7559,pop_0,3.576548134216377,2.692836186383767,3.316811114789304,2.294892388572667
7560,pop_0,3.5397625087925517,2.880188352535162,3.018128698219532,2.420416100716363
7561,pop_0,3.4508356331687082,2.5643453845910344,3.2621809177565626,3.02392190714495
7562,pop_0,3.3779132863154886,2.5217634099985946,3.4860969908968484,2.602732404644161
7563,pop_0,3.7816818185827996,2.525447246805634,3.276965522704492,2.3243799079753282
7564,pop_0,3.600040723629389,2.712421654974058,3.113515462968565,2.9645002677428933
7565,pop_0,3.388106438149903,2.30323775685653,3.3982375116208723,2.9084652580700534
7566,pop_0,3.6382085956421113,2.5981639506116627,3.4917973833033202,2.400114226397136
7567,pop_0,3.443285432932708,2.3726805325951013,3.123012758253819,2.510045579047261
7568,pop_0,3.406071395410607,2.6387202674322574,3.271076008455451,2.439348421247032
7569,pop_0,3.633501407983321,2.2358028082587973,3.030966989067464,2.684669218191602
7570,pop_0,3.3698582779549584,2.373849251321636,2.9135894310065176,2.7631758311037204
7571,pop_0,3.7875802160553858,2.696607886045927,3.1478512343356733,2.533587271837656
7572,pop_0,3.7349227208223126,2.2523861263401255,3.16494868788253,2.5974677475786248
7573,pop_0,3.434538963694945,2.466415714910089,3.0452559790507605,2.6831551927840778
7574,pop_0,3.368821021237681,2.7156308472560884,3.0545274195352117,2.62255232423265
7575,pop_0,3.703551796459776,2.738453044713407,2.9800123242675056,2.684944102704652
7576,pop_0,3.4372631758642327,2.600489663714841,2.8621252688362824,3.019608125044604
7577,pop_0,3.517698878033862,2.4688997396713055,3.7212005208299885,2.2175410252793215
7578,pop_0,3.54903846453245,2.2615225621244934,3.4718256776572387,2.88497873459277
7579,pop_0,3.1502011254217153,2.5169019923542373,3.306327910501744,2.4087393144231712
7580,pop_0,3.4662121327387867,2.247967564606075,3.3086708166365324,2.4855071771857227
7581,pop_0,3.21809817313382,3.086809509036468,3.3781923062123345,2.9629746197267193
7582,pop_0,3.075872715499565,2.8281611576497574,3.013304544380047,2.996666433464507
7583,pop_0,3.3758900257749604,2.5962836969599925,2.859980591684445,2.976610151694889
7584,pop_0,3.646242124738043,2.6526721533023365,3.4314148571910468,2.9237752272400734
7585,pop_0,3.316032807739974,2.7047002791915444,3.5634974763594682,2.5846774986788357
7586,pop_0,3.45127093690225,2.5646794285622767,3.2216442393055655,2.5574341651533823
7587,pop_0,3.2010929296557995,2.9459870190062354,3.4084558442847586,2.853339480814533
7588,pop_0,3.648300538030342,2.704887402343404,3.255273902462027,2.274589966285151
7589,pop_0,3.1647461519664186,2.810506240289084,3.158606949585813,2.609876595210958
7590,pop_0,3.5416181487132024,2.579445681040093,2.6730307074756494,2.3871721451526584
7591,pop_0,3.5559515185035453,2.160584402531499,3.4123856246229525,2.636002469501156
7592,pop_0,3.209248697291132,2.7740789800289694,2.483968040056207,2.8274294514411635
7593,pop_0,3.423991670771486,2.4934539072674573,3.32638375487119,2.381832646610856
7594,pop_0,3.587053196484418,2.769260728739176,3.2847498683392233,2.468518902308415
7595,pop_0,3.4619922610060097,2.807280351922478,3.1029535533801007,2.342540369749082
7596,pop_0,3.833089386820492,2.7024910037085705,3.1721054815106196,2.507572750710887
7597,pop_0,4.096061717312494,2.191135282943224,3.0609936270294247,2.119683877927872
7598,pop_0,3.800752380654894,2.541812298040855,3.052761207756214,2.667112352898951
7599,pop_0,3.3636221449262633,2.8564053744167297,2.845318758361279,2.534773405476015
7600,pop_0,3.2068145467670304,2.311519277232583,3.221782777647901,2.564882788234536
7601,pop_0,3.1197969640536574,2.9909453770620664,3.428146234786615,2.56730548587886
7602,pop_0,3.4734185695381385,2.605710148172151,3.371332970732401,2.052539104882751
7603,pop_0,3.0709380382153535,2.657704284588738,3.0967796659805518,2.7035411957112725
7604,pop_0,3.392630548114399,2.4789164125324272,3.047765427108852,2.7987741443956717
7605,pop_0,3.505232140992425,2.2682468151687463,3.0985616106962337,2.3774898004007587
7606,pop_0,2.8302872441020352,2.8684998638544257,3.353395126216295,2.4851274689092095
7607,pop_0,3.150551807854861,2.6266896223049243,3.1628636157740444,2.6386102854182374
7608,pop_0,2.928230441095503,2.56869603971861,3.43097001553827,2.90996808668798
7609,pop_0,3.278381802748026,2.5281444974800316,3.275331604852251,2.455053369864606
7610,pop_0,3.6898158380554054,2.267642941648376,3.285830941268157,2.7161145530072544
7611,pop_0,3.6639511349523923,2.619283885211155,3.04674566235352,2.9916505095630357
7612,pop_0,3.394704852093916,2.7597810749490828,3.1542574107012853,2.5112961259687108
7613,pop_0,3.8274812423131004,2.291886378966632,3.2161096655065107,2.4886934493129256
7614,pop_0,3.230363012529974,2.7162653538004675,3.4076710756217197,2.7658910030309625
7615,pop_0,3.4092140067724763,2.469229302763384,3.3307679216135164,2.8875605698220443
7616,pop_0,3.8554693706467322,2.808876258486246,3.040182223749303,2.7790482698496444
7617,pop_0,3.513872521566644,2.6704053214315944,3.63117393340397,2.341027710733844
7618,pop_0,3.1452824477752097,2.6849859186802134,3.3245121705017033,2.822749622174076
7619,pop_0,3.1242131005838507,2.8363189510823696,3.130070825330918,3.051877687226045
7620,pop_0,3.2561811764635116,2.2734392223657856,3.2920170633977794,2.3147767680439744
7621,pop_0,3.13086780450874,2.912709298700291,3.465414327207984,2.308024110202534
7622,pop_0,3.489333065103173,2.81868729332631,3.0670426434559728,2.4290849994919315
7623,pop_0,3.6281733390440607,2.258273851007926,3.3258457781585755,2.3551758468614237
7624,pop_0,3.529088614970973,2.664367296789354,3.1841358839638896,2.8502142938975643
7625,pop_0,3.592180161858396,3.087455421872227,3.363150763199776,2.9183052286301656
7626,pop_0,3.323142125385077,2.734187052306971,2.937399736353275,2.369426496315459
7627,pop_0,3.221745997174826,2.970787477285744,3.1879060104599795,2.7131720362060063
7628,pop_0,3.7135470812236626,2.5575676203599715,3.016087313955704,2.5215731642288155
7629,pop_0,3.4523570069821052,2.644237015869501,3.074083374126302,2.6672289337681216
7630,pop_0,3.143822736877712,2.472104576569609,2.777400955403976,2.508107267437626
7631,pop_0,2.793161325729367,2.743945471216591,3.39989694048612,2.529755169991575
7632,pop_0,3.1088399451015762,2.6612948611174505,3.114146377773954,3.15168132184711
7633,pop_0,3.7754862915160694,2.604789463338874,3.1178452315767773,2.9263887967724083
7634,pop_0,3.3800303947652037,3.0446940827823337,3.433607322479883,2.4339777588890334
7635,pop_0,3.2960952216779518,2.5874399563445944,3.322235021364721,2.8524236325622128
7636,pop_0,3.5737267945719577,2.8972347735854385,3.000797338875718,2.757421126479131
7637,pop_0,3.3761785097050927,2.4713532065993467,3.22966349363619,2.66473407470978
7638,pop_0,3.6838504513691865,2.5667352783105084,2.8764000791196382,2.9022632639079187
7639,pop_0,3.3395857732852714,2.4386126708109614,3.3971947833023326,2.6145875903242537
7640,pop_0,3.560101163240753,2.815024661073801,3.2241522695338447,2.4471712019069716
7641,pop_0,3.2604438556860917,2.912454309141978,3.1945211833850182,2.599533859499934
7642,pop_0,3.375788759960961,2.8559044727521607,2.9804216056648647,2.7926858737768683
7643,pop_0,3.3954524328892073,2.5872047801125904,3.2852088522497165,2.6252604597966034
7644,pop_0,3.3889344530377183,2.630555118848375,3.1388702713549543,2.953012328789749
7645,pop_0,3.551768809397047,2.8466137336210178,3.129312611837108,2.6976822375293508
7646,pop_0,3.346067439131402,2.361216159185289,3.0508876845373085,2.4842293012643477
7647,pop_0,3.561416838143375,2.6328940324277657,3.3272563079404236,2.471230204336652
7648,pop_0,3.8505174115828913,2.5753654875967125,3.110463303124155,2.553125834622025
7649,pop_0,3.322359098699552,2.506109350839491,3.28243679012093,3.1662878475978906
7650,pop_0,3.8423787146981847,2.788036249074105,3.181920535290419,2.650460666602441
7651,pop_0,3.7005857217371556,2.4246376879932146,3.0846982302816857,2.623380838267106
7652,pop_0,3.5922629428572357,2.689470399049583,3.4293580290610173,2.735906748859578
7653,pop_0,3.346887951194061,2.8708203226613125,3.1467029612771795,2.8440410780648677
7654,pop_0,3.2194504940276665,2.8739473965378415,2.9693892867830414,2.5776993022855414
7655,pop_0,3.9349299607619854,2.4760941500472473,3.728693933184707,2.2217269147128316
7656,pop_0,3.571626166628937,2.6365378520170357,3.559688941889174,3.019798576601824
7657,pop_0,3.1470816699998783,2.558475538513405,3.365497079394292,2.773270510138787
7658,pop_0,3.6893871696490694,2.516050987832035,2.9197623283063683,2.3924415052454537
7659,pop_0,3.714143773994967,2.8617871564532167,3.2917973519248562,2.790676995265075
7660,pop_0,3.702948708467609,2.34063157777105,3.1455397594701333,2.37185646233214
7661,pop_0,3.22736487332463,2.3698697685054606,3.1837961639274903,2.8486430547482433
7662,pop_0,3.3761502261467635,2.3878035707936047,3.1531829456942906,2.7029002897978023
7663,pop_0,3.3372377244574687,2.542630373186007,3.3593566898717597,2.5442629439436346
7664,pop_0,3.3113183412496157,2.7316655564373833,3.625755700051771,2.5454594767994223
7665,pop_0,3.536955965879053,2.439445636700529,3.0087639787007316,2.994720301433204
7666,pop_0,3.6443749971060164,2.918477971593802,3.6886718282966315,2.7825108705642356
7667,pop_0,3.494526064389011,2.6476632326262335,3.101228179506084,2.5034930568014913
7668,pop_0,2.9958668545905263,2.9005455981382027,3.062713525451422,2.268851342408838
7669,pop_0,3.291979749372701,2.84233634227156,3.2295651728768022,2.6684510584666055
7670,pop_0,3.1832762827558,2.9035455243901516,2.9487685051500256,2.435511909205111
7671,pop_0,3.687297957109703,2.5671710186212424,2.93240382460301,2.2130651062753506
7672,pop_0,3.448366529343299,2.091450657228947,3.1164759607682,2.7660273407003366
7673,pop_0,3.6368645898532965,2.5780506913910815,2.9928092361441574,2.874979816550355
7674,pop_0,3.0573642657488493,2.7683305033555388,3.2255127999701965,2.906125161238499
7675,pop_0,2.955997446141357,3.063759685095483,3.645224403148095,3.1109874740381187
7676,pop_0,2.6891415620069745,2.9312768464143106,3.1978743467565174,2.834164792464326
7677,pop_0,3.6309951962677274,2.738658231340253,3.249203788733348,2.40720963084423
7678,pop_0,3.7993830149275576,2.4822660098609455,2.963431683363738,2.989453041005728
7679,pop_0,3.4606350360883584,2.602512481736262,3.3216201430776033,3.197551027165523
7680,pop_0,3.5452470216807503,2.6978765748990114,3.5822118310490323,2.4433310073142582
7681,pop_0,3.884726536250822,2.2631476173145995,3.1393950007600027,2.8404434357646005
7682,pop_0,3.340833346140459,2.8613320918041545,3.1051543963106756,2.7588583174733294
7683,pop_0,3.2482470748854944,2.673250236089464,3.4154130007359593,2.5396936961989804
7684,pop_0,3.076202194425171,2.731246892620692,3.003733514002905,2.634630421381399
7685,pop_0,3.5697637615691824,2.5093013254604863,3.1912386321885533,2.6847569158471196
7686,pop_0,3.231828043358932,2.6488972620201507,3.379675410069949,2.7296166240615096
7687,pop_0,3.2304435357262267,2.4076837778034936,3.232550283953076,2.7564632960975173
7688,pop_0,3.1960741569531272,2.50528520306378,3.501929116474935,1.9856664217877775
7689,pop_0,3.272036591073695,2.6345286828283703,3.363228252193019,2.338648666976501
7690,pop_0,3.3986139197373433,3.1913060988370376,3.497452672613782,2.47458743333552
7691,pop_0,3.645143849553728,2.7371516149591213,3.087124430166983,2.115361758828171
7692,pop_0,3.1892355586414856,2.493782749082158,3.345357423664122,2.6049552487543606
7693,pop_0,3.167612760046259,2.787990000642266,2.8295054103198276,2.5846708800202918
7694,pop_0,3.6505832942680883,2.5092151798210236,3.1729672436383307,2.9070655107553915
7695,pop_0,3.4470978435936033,2.7027215060946954,3.3001719834697867,2.7194995465312592
7696,pop_0,3.473734599954795,2.748867958917731,3.21113493625042,2.851840420927774
7697,pop_0,3.8208902572983434,2.9034172142831456,3.045842892726788,2.345830056016927
7698,pop_0,3.0648946404928616,2.384719952115215,3.300606266697462,2.816968812684527
7699,pop_0,3.031124656927086,2.7518947503100355,3.0900785824127333,2.650096055459079
7700,pop_0,3.9585728729106364,2.392344854157389,3.0982886605417628,2.5429348263350784
7701,pop_0,3.4678094214211526,2.6671319727815797,2.646050852455841,2.8624604668223705
7702,pop_0,3.126736702019154,2.773285651379883,2.94528080198986,2.749770262001452
7703,pop_0,4.016203304477803,2.772223334510126,3.1538979194127448,2.6805022092508572
7704,pop_0,3.6293712728810337,2.3764023041324145,3.88475567150167,2.6146982657740456
7705,pop_0,3.6646216973965675,2.7604918651035804,3.6344839140544822,2.7445435372977576
7706,pop_0,3.522927074884936,2.6417477856006024,3.4977863272288263,2.564731524982005
7707,pop_0,3.493906027994545,2.3964748045597144,3.3491122152897272,2.6724289495227773
7708,pop_0,3.1883222313369584,2.516046117562611,3.5953397919765306,2.603284007969703
7709,pop_0,3.5337368339891704,2.998902959716898,2.6620419214025484,2.732593410448355
7710,pop_0,3.447589681721212,2.612592289401928,3.1932766303958715,2.3460334028304963
7711,pop_0,3.833445891001811,3.024003124404335,2.7372754758297937,2.4761262089007405
7712,pop_0,3.5737276911479174,2.66394280419085,3.432444565517553,2.4090319002824296
7713,pop_0,3.153053885426572,2.7216303293856265,3.275673641177598,2.9745935695815
7714,pop_0,3.6288574991254854,2.6336472816504806,2.724277985920382,2.89723083980577
7715,pop_0,3.458790147638556,2.776815878488128,3.0044044071113274,2.920009957888874
7716,pop_0,3.6451887003118433,2.3106064392418113,3.2367162778297405,3.00906003643244
7717,pop_0,3.6440727120243404,3.0576624243161277,3.2588610139696668,2.5774715341676693
7718,pop_0,3.135332612302035,2.7539662324611345,3.149149733497184,3.0883743405950486
7719,pop_0,3.3646246468344065,2.7351673298231836,3.3644830633976106,2.6205762367524614
7720,pop_0,3.455629753056579,2.5586344866398227,3.146278571279858,2.6159324421674666
7721,pop_0,3.3743697821091585,2.892814695445897,3.423814248860093,2.5037309551705174
7722,pop_0,3.0655063824725426,2.987482444060004,2.950800869271883,2.5160379899417973
7723,pop_0,3.289248853855291,2.4615861557797207,3.1982545562045934,2.377552074608033
7724,pop_0,3.5167213035618543,2.4981605893263845,3.2232057708750275,2.414073136966454
7725,pop_0,3.9115820666686565,2.240319443670455,3.1386183744277445,2.5974475584437435
7726,pop_0,3.509743907561501,2.3562967861191635,3.171538637333555,2.7458844176548416
7727,pop_0,3.5644532272438987,2.4702733407575215,3.591815596393065,2.7568368966191366
7728,pop_0,3.342373665548079,2.633102383802966,3.291703811017935,2.5424008068666435
7729,pop_0,3.535887066906888,2.474859337296193,3.0686025201294793,2.903763776960886
7730,pop_0,3.548006749768822,2.413322444062975,3.5294175000502057,2.6926275855589
7731,pop_0,3.4871656689341233,2.727598133535538,2.684189135907624,3.2151723902294114
7732,pop_0,3.3486232704991568,3.0237049252370194,3.2321161892567076,2.5752597008678135
7733,pop_0,3.484669695257893,2.342335693917036,3.254179286781524,2.4577599620166612
7734,pop_0,3.4911049158097565,2.3645312597573382,3.386635994310078,2.5882119834104844
7735,pop_0,3.3966330360130623,2.6797094332452396,3.405472764544213,2.8033951998054
7736,pop_0,3.767763630636362,2.6051818591641402,3.2518117393068677,2.49355241853309
7737,pop_0,3.2089927179992803,2.219063297982564,3.370619741197403,2.3341099257556595
7738,pop_0,3.294000628995866,2.847953127579829,2.7293364621999716,2.6906355650281606
7739,pop_0,3.15356033298241,3.1386121884113236,3.2694393267038677,2.4793329643868947
7740,pop_0,3.320750313943491,2.923764906845984,3.3229396390665054,2.5379831223113256
7741,pop_0,3.660874061778118,2.662313818997728,3.0552840329434963,2.955918671685653
7742,pop_0,3.733524925999154,2.7201210243519705,3.5785851512272417,2.897659831820006
7743,pop_0,3.097451744880668,2.6012388949396907,2.8148635618065927,2.9417320709007995
7744,pop_0,3.2591858198887484,2.811093908978172,3.5983754721005012,2.681657414203176
7745,pop_0,3.3882620691816254,2.5381850263054884,2.9157630172597386,2.4099846882147204
7746,pop_0,3.7455531742477235,2.6179341229122572,3.2712713355967633,2.6073860508942
7747,pop_0,3.179588553850662,2.5464866211798256,3.125779197662245,2.6802056864724237
7748,pop_0,2.9899183429378784,2.7627892317603253,3.389575066795486,2.4811018495656105
7749,pop_0,3.36682851931666,2.8010255520351497,3.3760368334644006,2.9094958907765704
7750,pop_0,3.61742090322769,2.5051774002400586,3.4796602661763445,1.993135451043245
7751,pop_0,3.0210766935977458,2.648638872898664,2.9451464726058805,2.479578306888262
7752,pop_0,3.3928849232023657,2.7542939914585403,2.897941731929705,2.798843900213124
7753,pop_0,3.6100446927937186,2.4344424659161326,3.229109780612047,2.5650492550940354
7754,pop_0,3.601146893882984,2.467716650649669,3.073028441516261,2.877287672014048
7755,pop_0,3.270214775358195,2.8278895010654996,3.232010360852208,2.513201041031031
7756,pop_0,3.2165992739697296,2.258606587993024,3.285437360226285,2.6252010689758167
7757,pop_0,3.3666271585641248,2.6909984120949586,2.9723107905844253,2.738256859434478
7758,pop_0,3.543555881692017,2.2516439963964507,3.006760147137818,2.9290092872270512
7759,pop_0,3.237847799188023,2.7189792743676606,3.498378425239432,2.480083392178468
7760,pop_0,3.794338933541173,2.578757308477434,3.2236683955882874,2.4927593141556086
7761,pop_0,3.6680027929239167,2.7992730645274344,2.838312689249511,2.5642040177521688
7762,pop_0,3.38993494649356,2.897113866412959,3.208751749285145,2.8166618978882534
7763,pop_0,3.8255421823611404,2.468338068768085,3.2210689233500327,2.8599782099870614
7764,pop_0,3.1472405904164793,3.1699869688787716,3.329402393606751,3.0960187881670813
7765,pop_0,3.4569047433338724,2.947098216222147,3.482797080039045,2.6257762933613438
7766,pop_0,3.195205202582102,2.587047209527248,3.2803647930633484,2.5719161824313255
7767,pop_0,3.3255473997373626,2.625464781743406,3.1203774040855468,2.7582685267193225
7768,pop_0,3.560294525487473,2.6147729846236167,3.247660344823558,2.134536208930066
7769,pop_0,3.468933280698927,2.920872139525202,2.965782901876755,3.023433750194237
7770,pop_0,3.7152612706211428,2.4610301150938887,3.6816159500209986,2.3052936153717463
7771,pop_0,3.6360975230515193,2.215810622378427,3.262289593199107,2.4872951101139686
7772,pop_0,2.9516696413862653,2.8215342299591946,3.4810254866738783,3.422397821446386
7773,pop_0,3.595425943898378,2.881553016240934,3.4287836520677275,2.4906680341065024
7774,pop_0,3.8072389548141836,2.532133189805435,3.501497846509055,2.6084539506355404
7775,pop_0,3.4137408385510013,2.647790743329406,3.630125220400884,2.462247963016646
7776,pop_0,3.5203479440074816,2.720191940817519,3.111490675376738,2.63841863486753
7777,pop_0,3.777763116081759,2.5562798514225427,3.826287065528212,2.5623363986125907
7778,pop_0,3.242269164828148,3.1467861487782596,3.2630199715058517,2.986801108905825
7779,pop_0,3.6805730785037833,2.2875688189602124,2.9187232327375163,2.6265823128624537
7780,pop_0,3.224690565205414,2.7317918940610753,3.2759225944914494,2.617375771091698
7781,pop_0,3.4678671156521,2.5268630485497066,3.508840327865489,2.494810633981315
7782,pop_0,2.8899835753710494,3.2474452373013936,3.2590235103811915,2.5445462923322504
7783,pop_0,3.7178445815862613,2.453531719188774,3.355182765661815,2.9072000787440726
7784,pop_0,3.5967060614167625,2.6533026140019986,3.558525316796341,2.6582097318594404
7785,pop_0,3.362981719698973,2.683135550515075,3.0734407291907306,2.7156678138206893
7786,pop_0,3.285135843454798,2.633195830710845,3.524654077554214,2.3268571300435434
7787,pop_0,3.5544260548833155,2.687912500840107,3.2164447078019616,2.738359794254091
7788,pop_0,3.5959935283696756,2.9278840902186234,3.409118507264674,3.071889458766044
7789,pop_0,3.2630741184168417,2.9156919844420988,3.554424942134086,2.4167031716250897
7790,pop_0,3.24866238210926,2.629252977763959,3.3164806395601687,2.7166542752635734
7791,pop_0,3.274552195285459,2.665307213296029,3.255148060229543,2.713149708614033
7792,pop_0,3.42846440445596,2.7509704737992844,3.7655062047078744,2.6833012157002605
7793,pop_0,3.1097476007331477,2.5630743743729547,3.0258527477262147,2.619010698867921
7794,pop_0,3.480648017841769,2.7565078405901353,3.450068148360816,2.361045847649521
7795,pop_0,3.673750999983945,2.429531585677818,3.436477791517532,2.5850767521059104
7796,pop_0,3.5469983334786273,2.683430110599413,3.3718676842223547,2.6936221062500345
7797,pop_0,3.7666191896905485,2.4163218728775915,3.0403056751169126,2.5089080017525847
7798,pop_0,3.1462915808330365,2.5626529868300154,2.945264603182278,2.628089507081815
7799,pop_0,3.733666535526945,2.44291510476713,3.265958752410163,2.5607225608150133
7800,pop_0,3.7485830140223464,2.553188452071709,3.65547321610609,2.274701193535909
7801,pop_0,3.2733529176275584,2.430743776440126,3.5895774606953763,2.462448608414136
7802,pop_0,3.3484206966302357,2.6867913647344537,3.216092042540601,2.973126506234414
7803,pop_0,3.731278509295181,2.289410001497235,3.4618374234706284,2.9397518610151545
7804,pop_0,3.331825583581214,2.5112936682259472,3.519219129731357,2.7465357326348157
7805,pop_0,3.936740430785053,2.8033292122591966,3.2330968309351915,2.513309166322022
7806,pop_0,3.8033594465168634,2.406056640112798,2.6876404747013414,2.939706998511453
7807,pop_0,2.8603440643577858,2.610225100967287,3.570341057583227,2.434975393186095
7808,pop_0,3.497267812280846,2.9891595411749194,3.1378057923403855,3.1184995667154203
7809,pop_0,3.2472734541877166,2.8361985923886666,3.3926891535404455,2.9315398568552475
7810,pop_0,3.484492829287724,2.768316137206723,3.001647160130926,3.0188704141600993
7811,pop_0,3.590414954246485,2.8249175064875853,3.3491334932488486,2.6544727953456415
7812,pop_0,3.293414084428097,2.563198713671786,3.1527287525455963,2.5620953698641293
7813,pop_0,2.8532449803145883,2.9080083926442493,3.7191393661001175,2.8358349969518764
7814,pop_0,3.2395475004569474,2.9971093397345543,3.8156473697152045,2.1480392076484467
7815,pop_0,3.2978212710119235,2.9992783427987173,3.6300323760746336,2.7615471246601873
7816,pop_0,2.8468000947091894,2.761645432790847,3.260839006726301,2.643191390482118
7817,pop_0,3.722625868106213,2.4147420364808467,3.379488360225398,2.552040704453489
7818,pop_0,3.462416608326435,2.3778936573543565,3.39973410064697,3.180771216153619
7819,pop_0,3.6609026160809943,2.8472196757404844,3.4147306498165384,2.7512150169568512
7820,pop_0,3.42081128202634,2.8248430537808247,2.836904113677233,2.858000553902928
7821,pop_0,3.6809212337550523,2.2688513740103913,3.4227885287324162,2.5069758231223256
7822,pop_0,3.5166676831922,3.327471015276774,3.4262763815639796,2.781025654886094
7823,pop_0,3.068633825901736,2.8559864636884904,3.3643833247503476,2.28442575512359
7824,pop_0,3.7483337251200965,2.9272058959140175,3.3135550388534187,2.3558518106220254
7825,pop_0,3.6400825378982034,2.911535905885541,2.9432571592889127,2.496610158123072
7826,pop_0,3.274983528292737,2.72613555080933,3.6333381628151735,2.6981590767912054
7827,pop_0,3.537912469514283,2.7349262206485316,3.5563563146588457,2.7639038055501848
7828,pop_0,3.925094302547912,1.89723969164088,3.4455968974782274,2.8015262345219694
7829,pop_0,3.9362132558252982,2.302297172814816,2.9115280304847677,2.4140913470903063
7830,pop_0,3.32857587094935,3.165435528033664,2.8311121860065565,2.7842725803814385
7831,pop_0,3.6837326485037236,2.6330118184787215,3.223743151421427,2.6989196302740033
7832,pop_0,3.5414708351115185,2.6835405580500478,3.377269605213075,2.9161639921024918
7833,pop_0,3.993667534223905,2.4765628302168956,3.1446610348753175,2.6865392714101817
7834,pop_0,3.6856082633101863,2.4623823567211867,3.6731314354147893,2.1244431648130577
7835,pop_0,3.4183593158872254,2.5367243046916563,3.1542501200222195,2.8652161451844824
7836,pop_0,3.516357787040727,2.1579807850765453,3.2195881235849813,2.818815478690512
7837,pop_0,3.5070007611989515,2.830667244086434,3.0862006729504334,2.84988735924909
7838,pop_0,3.2492428655525045,2.5739716385572096,3.2433107529486174,2.871124585646213
7839,pop_0,3.1688049216193623,2.261759468604984,3.570923073309661,2.410333102234575
7840,pop_0,3.0376355868548446,2.609859902064249,3.461954221404027,2.3826538536253645
7841,pop_0,3.4591424090297647,2.432509424943849,3.0782223305014758,2.30953752507633
7842,pop_0,3.234650361528692,2.6614458269102723,3.222668266267268,3.1992322219301306
7843,pop_0,3.6214784848581956,2.631904164184205,3.190167563919242,2.503926563339029
7844,pop_0,3.5194856199741613,2.6034997704852967,3.3184810586654256,2.6875052089822815
7845,pop_0,3.799503203676367,2.276924469254636,3.070371478856363,2.523925654858556
7846,pop_0,3.4461955438281096,2.6350503084053236,3.30861353043264,2.0048251613429926
7847,pop_0,2.8972571641682734,2.5616650781643258,3.2694385957610392,2.5550422847588825
7848,pop_0,3.4941610702193113,2.6166405123790613,3.560520426043325,2.568089541996831
7849,pop_0,3.2105371367011455,2.614025492460743,2.9742215784335073,2.8118764313990368
7850,pop_0,3.3033821875091496,2.931702138953065,3.2268655388374503,2.1211535546444935
7851,pop_0,3.4513003973902183,2.4772765000805186,3.255337091351768,2.305995882983395
7852,pop_0,3.5667286077131544,2.8045390212256702,2.8604997417786384,2.6750400009362383
7853,pop_0,3.4006297405329633,2.8782293484524706,3.180348037896684,2.4195801339931773
7854,pop_0,3.5884530249680164,2.5630946249414306,3.2280704432150285,2.343350212855223
7855,pop_0,3.282727325474117,2.828737256035549,3.5331140148992364,2.4965183437225185
7856,pop_0,3.7089810882789163,2.0979505285171993,3.293207976115051,2.688587342985447
7857,pop_0,3.4540288773857193,2.40904820923419,3.0033582823194616,2.8366211852952
7858,pop_0,3.214481537486261,2.6498028438405874,3.04073769808161,2.628313633397855
7859,pop_0,3.2411435386752236,2.679750340809081,3.6959980423557712,2.71302653946531
7860,pop_0,3.1727154014836656,2.9040735971461276,3.429446435226699,2.5638371240814353
7861,pop_0,3.6846912392668325,2.484383416390516,3.0547549738720203,2.392394927124575
7862,pop_0,3.396543929128552,2.451786018689429,3.2655262288115265,2.5206410399111903
7863,pop_0,3.245408535250814,2.3379085336896006,3.089590251301065,2.6621005900675523
7864,pop_0,3.565777081202405,2.87634552348536,3.3023513910401245,2.535053304868208
7865,pop_0,3.6323181473528945,2.472639283091614,2.966950024519647,2.690150947111636
7866,pop_0,3.004652748311894,2.8207238040847225,3.3553687746233027,2.5848814328983387
7867,pop_0,3.3571095461930422,2.5321092652386863,3.0837204854939237,2.806105474954941
7868,pop_0,3.828094289110734,2.413126366840057,3.1224763722061373,2.9068926621952444
7869,pop_0,2.9166196741500343,2.9474141797253726,3.1299464163099393,3.104418936924983
7870,pop_0,3.303097840964969,2.848966267141414,3.322172101333855,2.993661965150951
7871,pop_0,3.4304634987067155,2.5267036877045275,3.511817260100774,2.8155410413573283
7872,pop_0,3.3062169092775013,2.892107229662041,3.0565670981478394,2.497082365779135
7873,pop_0,3.6130500443780003,2.688936090787081,2.8298392301799464,2.5160141452712916
7874,pop_0,3.393215811111271,2.3672109042104377,3.3347840649161444,2.847218726783173
7875,pop_0,3.602250269917212,2.7030992688381943,3.6254205137927933,2.600590804901154
7876,pop_0,3.9712077027565247,2.295117489102126,3.3250601304500678,2.704812949452446
7877,pop_0,3.6301623787290103,2.244121846308724,2.916432204367461,2.4715183989994367
7878,pop_0,3.2711061825169043,2.791999287031524,3.125988813106429,2.472952658029161
7879,pop_0,3.360586976853881,2.559336909335663,3.4636214527559686,2.495673222805374
7880,pop_0,3.6471364768775074,2.331659844406945,2.897706829086167,2.5290475374703703
7881,pop_0,3.7576426583245897,2.802551703822761,3.4101873249319907,2.483115680846963
7882,pop_0,3.3686773981633027,2.5364859693667623,3.1046705359684754,2.4899150473816687
7883,pop_0,3.5865413475855132,2.073557733025761,3.4635049816913095,2.784274042796857
7884,pop_0,3.588780119515186,2.8102240571962844,3.481339152822345,2.6932918409573694
7885,pop_0,3.83842367136558,2.179857497691554,2.926728683585057,2.4098307215695014
7886,pop_0,3.4491729836957696,2.782042374415122,3.5373730111262027,2.748353787540024
7887,pop_0,3.323979820843753,2.3785054902578158,2.9813683122888257,2.7070438139457105
7888,pop_0,3.966224825178554,2.191160472402288,3.3129682652108157,2.783622249273038
7889,pop_0,3.59654099713934,2.6544003760744452,3.262782185986634,2.977805472076125
7890,pop_0,3.655840296861183,2.5414078642353806,2.6424204317495703,2.578453836006371
7891,pop_0,3.195011251059654,2.8305472388133923,3.041568728586484,2.425036612067768
7892,pop_0,3.2058912747508206,2.859185775729569,3.192271545954003,2.6443971546189107
7893,pop_0,3.3933410332731055,2.554922986650442,3.3416655702497,2.517338083545787
7894,pop_0,3.6968811371183135,2.3301509895093453,3.1563076660971974,2.6233102073412016
7895,pop_0,3.442190952693705,2.6102790009059365,3.5118612603411963,2.688506802693964
7896,pop_0,3.2556776727170664,2.3506202495168993,3.5504978204754485,2.6130284657273055
7897,pop_0,3.436309570127362,2.656909311299888,2.9648976502717344,2.984750099400576
7898,pop_0,3.6140947716154193,2.7167768517871917,3.2713402050091767,2.864198907071799
7899,pop_0,3.2295662050310585,2.7032562182951505,3.081578184168373,2.624009257460566
7900,pop_0,3.2387598654583254,2.435653305727024,3.5069971049798125,2.767337782009146
7901,pop_0,3.526869226283653,2.6622515880859123,3.404006412348883,2.5330498296758273
7902,pop_0,2.9797109149239973,2.583018618299027,3.14138479538174,2.71367704028478
7903,pop_0,3.518515409597548,2.4370569927025802,3.241326925834869,2.612374217766181
7904,pop_0,2.8259061000239907,2.418324839019906,3.4748656731748415,2.860399237932366
7905,pop_0,3.2108140589655165,3.045122007388523,3.3136519105537503,2.659562412476137
7906,pop_0,3.383061019553575,3.225876624071006,3.417909956255311,2.1095740167910777
7907,pop_0,3.4166809676711964,2.711016487978698,3.4220390163497014,2.4860591363974187
7908,pop_0,2.841877324443408,2.581146878447002,3.420832305382567,2.5616008614492607
7909,pop_0,3.627221247805121,2.6133810007664073,2.98089142483838,2.7544908067097866
7910,pop_0,3.116550297804116,2.7714459369793425,3.2284893611161896,2.9004886673550296
7911,pop_0,3.4370584073337036,2.5558290217043185,3.3594118790011556,2.485631397491867
7912,pop_0,3.657311025623063,2.418479726497842,3.3374685714502994,2.5440572068940788
7913,pop_0,3.5464257300129494,2.750936789351712,2.9389255430125374,2.2253831216716704
7914,pop_0,3.750192344239127,2.701978364018625,2.9929582923438427,2.9523153127249584
7915,pop_0,3.780757230620879,2.530247170083688,3.2220818703379637,2.257336490598692
7916,pop_0,3.3434809686558156,2.486248526124009,3.5953748175019973,2.445135498867337
7917,pop_0,3.460352447347627,3.0681944570621247,3.070903293541993,2.6639964532163147
7918,pop_0,3.3743593239451046,2.9177872997368373,3.567070795161966,2.373264766041961
7919,pop_0,3.54170036117919,2.764620032438493,2.8197061660215175,2.653431279113736
7920,pop_0,3.575449051993427,2.8278268240021602,3.073321149369784,2.4876839095007828
7921,pop_0,3.7688773177556705,2.981053112074118,3.393184485964336,2.7979521774259206
7922,pop_0,3.3271891598447834,2.7351174911996186,3.10374964060188,3.3227429672680273
7923,pop_0,3.6478329275635577,2.6438809876387546,3.5583949727051425,2.3590744543559468
7924,pop_0,3.1180881043784283,2.7670769370082446,3.0785011879640956,2.604296540467939
7925,pop_0,3.4321278177818084,2.561996483940199,3.3733823643897534,2.4826221570133313
7926,pop_0,3.4776771347015463,2.6706135158730397,2.9405421165007413,2.805870715955963
7927,pop_0,3.209154912634926,2.6047599825860672,3.0136897432051475,3.0382259007883845
7928,pop_0,3.521645296728317,2.718152201433733,3.290730069251708,2.0446199216166745
7929,pop_0,3.9462516296598187,2.234939388387862,2.847188170442375,2.65897697004628
7930,pop_0,3.5394471003056793,2.7385374294566445,3.4419882126625247,2.88377132515791
7931,pop_0,3.8365761884681184,2.58254481013844,3.4706070064937298,2.648754809473042
7932,pop_0,3.4423729697480314,2.5729651921306513,3.3939128477098564,2.460963490413365
7933,pop_0,3.18033397302632,2.5398784033070805,3.144559466944406,2.685242708554999
7934,pop_0,3.2743509241836866,2.6120600809450027,3.100832439914966,2.9016856413992453
7935,pop_0,3.6911465544884234,2.6765883445685477,3.398354361819444,2.6177604628114497
7936,pop_0,3.1041739543828193,2.2459700312044433,3.1594925982208895,2.9912818593178816
7937,pop_0,3.7268932932901273,2.849394103943969,3.5333881726272423,2.374195794929622
7938,pop_0,3.1878219370480743,2.970396154096829,3.324021933749059,2.122609753895858
7939,pop_0,3.386414276032874,2.857428430253991,3.5368562522775133,2.5828472839155983
7940,pop_0,3.5593628741251155,2.786835372841596,3.3288899851952043,2.8869435605093634
7941,pop_0,3.0340103757894914,3.0582763942134856,2.8316300183752876,2.6495620353219214
7942,pop_0,3.2411588466774535,3.123338609084014,3.387975287208003,2.639871474163358
7943,pop_0,3.829248096461515,2.6984569425911937,3.3115747562716935,2.4237721311988234
7944,pop_0,3.474693992007935,2.7198931161986897,3.081371655848846,2.7081162167792536
7945,pop_0,3.694493409414294,2.8499807147837153,3.7611345844235253,2.688861542742004
7946,pop_0,3.1024321018022163,2.333232215577311,3.3374443567421515,1.9296969868342844
7947,pop_0,3.6836438195344003,2.636254754107255,3.3897254396474845,2.5132907201866055
7948,pop_0,3.475223880931288,2.904077481869056,3.200231467898798,3.0420977578553243
7949,pop_0,3.4183526793358583,2.6648411161962335,3.583553257584715,2.350072609615649
7950,pop_0,3.14258488368678,3.0299542027090673,3.2893747861796134,2.872868869627051
7951,pop_0,3.64442896029515,2.5113351300028737,2.8389916946615865,2.491100657613244
7952,pop_0,3.7347759916976777,2.2554785063835845,3.225523898315925,2.5974649439614885
7953,pop_0,3.5933915299029713,2.3820469451331774,3.3010034828848216,2.681187605929203
7954,pop_0,3.5069721333325727,2.8652852790110925,3.323734419979884,2.762957048734232
7955,pop_0,3.2964747555307286,2.381406783143871,3.073481761742488,2.5188209652486493
7956,pop_0,3.45240594441835,2.597437195926331,3.0593469741281822,2.711957063095308
7957,pop_0,3.0596720747096766,2.8420338163121985,2.978758975276795,2.508993215325404
7958,pop_0,3.963991585056984,2.318772750448624,2.9133241144369832,2.6502631550894686
7959,pop_0,3.6195893869470424,2.663126150232092,3.328668828611228,2.814040618785034
7960,pop_0,3.6997206316035594,2.889980049534933,2.994917223858541,2.4778029697935713
7961,pop_0,3.2079653734382383,2.633995245898617,3.284636622008251,2.3512510921853145
7962,pop_0,3.8943637271858726,2.8813968730194044,3.0861516395377855,2.68601933911925
7963,pop_0,3.9353541986879956,2.2159089925026447,3.246210981406296,2.2150058527934546
7964,pop_0,3.3433510750533184,2.825153540702635,2.9359713289612244,2.3310661580105365
7965,pop_0,3.5518555332825046,2.641971701455273,3.58138376429125,2.3258338567282455
7966,pop_0,3.3520861007589677,2.5195932466210618,3.2158996994635825,2.9016447598273136
7967,pop_0,3.535965925106931,2.1041430010062303,2.8692788175099238,2.7269085931624684
7968,pop_0,3.4555849188480745,2.737614624612207,3.2452491751745995,2.322442288907094
7969,pop_0,3.2939276597409584,2.937583574508879,3.079909629569509,1.9824287311704964
7970,pop_0,3.140501144230436,3.0030545193303406,3.2223190013469023,2.9673181534754285
7971,pop_0,3.4221754637261794,2.9961309724132117,3.4356837703277994,2.6577060468091562
7972,pop_0,3.406554087712859,2.6254617665872315,3.1461520519234765,2.282815101906504
7973,pop_0,3.804243690547463,2.2776127343968224,3.2888489692221183,2.4043768859833556
7974,pop_0,3.4720956547276334,2.501494816883581,3.2155317676142476,2.8825953170125698
7975,pop_0,3.9399843330852966,2.6707006965961306,3.793464406323419,2.797545057411319
7976,pop_0,3.1715241766340454,2.2664897540715043,2.913127372209996,2.5619160850166924
7977,pop_0,3.3261080097965685,2.943901159504726,2.976483035480066,2.684881428663922
7978,pop_0,3.2566166700613954,2.6093676120130054,3.4878654333779346,2.6608251244477232
7979,pop_0,3.4323285184867727,2.6866559795997493,3.055593715055661,2.738094618427441
7980,pop_0,3.4714107526261047,2.3043182903822177,3.2852371853954834,2.2856988931085995
7981,pop_0,3.904443655647062,2.8944928595322956,3.2259229778998817,2.3917283960965294
7982,pop_0,3.3725925170803777,2.9819011155114246,3.7048490417231315,2.5033556321927817
7983,pop_0,2.9652102658713693,3.0229882074392376,3.2973450018073334,2.789257512099987
7984,pop_0,3.135814873010964,2.8802046178856906,3.2298324823985336,2.476014598866994
7985,pop_0,3.3674903023461935,2.3662989170925965,2.5416128065760843,2.6570789433675794
7986,pop_0,3.270616050348087,2.4292398917171583,3.6246342199604,2.817811439099238
7987,pop_0,3.2336699794641643,2.6595261159368766,2.8414562699231936,2.775000401521057
7988,pop_0,3.624331523901455,2.8249124182924046,3.314122486758991,2.84737487648638
7989,pop_0,3.5317764318817995,2.845209491938607,3.4067300645830785,3.032702728471545
7990,pop_0,3.54529800598175,2.241525695068911,3.311991486758024,2.3799079643776193
7991,pop_0,3.882616406058304,2.46095552124249,3.2676743262736956,2.6107699195907603
7992,pop_0,3.5499463195193646,2.5720285354422456,2.952325504429797,2.089508951109767
7993,pop_0,2.9308431685345924,2.6117223498151407,3.3993378050183933,2.4308952088638165
7994,pop_0,3.368118692468022,2.6878983281487856,3.053171081614839,2.683100651169399
7995,pop_0,3.2427162360288597,2.794308977283528,3.2461788505442772,2.3650479967042415
7996,pop_0,3.368939976813881,2.5118317507647685,3.1023787212564478,2.684911328075684
7997,pop_0,2.9065378250296723,2.9270465789481825,3.1604289905583065,2.687199151056627
7998,pop_0,3.3448406558547696,2.999373841502521,3.393798885962814,3.2268722919472377
7999,pop_0,4.009433444348633,2.49220537201545,3.3471518003054412,2.724860811790205
47000,pop_1,3.8616449429293116,3.4923102829038446,2.7281761935310964,3.216086573324347
47001,pop_1,3.9619837310445805,3.0210183206045125,2.8765914194480384,3.5444341552003156
47002,pop_1,4.301584219158569,3.038775415516128,3.1814199085577255,3.0521403124926767
47003,pop_1,3.860837555197742,3.137476609341564,2.678599472961336,2.6599655198905325
47004,pop_1,4.154898944238953,2.852092199267105,2.601200633526749,3.5096864299771626
47005,pop_1,4.553386033732115,3.337678342740939,3.166761557785855,3.5193519553727404
47006,pop_1,4.05297055626,3.2110983148117995,2.816659273270373,3.5547668487898445
47007,pop_1,3.9433724171659006,2.877045997609583,2.6680253736120356,3.3787723651946977
47008,pop_1,3.646976310296152,2.885423508569797,3.032502390166936,3.3931342943580485
47009,pop_1,4.079702432057991,3.423836868798236,3.0577454046776755,3.591438763328938
47010,pop_1,3.8782401375477233,2.754474271589847,3.3415306444224853,2.830347958546858
47011,pop_1,3.9976334686239667,3.050046068033704,2.942932147950575,3.6785742338556098
47012,pop_1,3.7802928641426163,3.1892291468647946,2.8934215836187134,3.3483212569094394
47013,pop_1,4.1591191471390685,3.1818786984210035,3.105042063016567,2.5533450492546135
47014,pop_1,4.132368061527105,3.132072872469049,2.5611147155422476,3.2979443446125942
47015,pop_1,4.610658801340901,3.125173739065126,2.771453559567572,3.6684172245873072
47016,pop_1,4.175131343810141,3.3964426231663327,2.710254134614027,3.2850162668800666
47017,pop_1,4.153000742241422,3.3763104842857277,2.68970281578978,3.7371028908794854
47018,pop_1,4.105797846120872,3.674226570136128,2.6997430014073016,3.474381397237323
47019,pop_1,4.401845730895476,3.283581910623606,3.1119507080603612,3.7305553826037476
47020,pop_1,4.040004168904524,3.2947637138821633,2.776366606182881,3.1693976929809446
47021,pop_1,4.003942128130996,3.3279391822801605,2.5972250095943568,3.3251789414306105
47022,pop_1,4.23130197842101,2.974563341304972,2.8863305292648644,3.2783202939434695
47023,pop_1,4.130823537093409,3.457136378208368,2.6283868724781088,3.0721765612062164
47024,pop_1,4.576737259991646,3.400464880208379,2.8540605150214753,3.4183177372456703
47025,pop_1,4.191573010954546,2.8804862796821675,2.9558844017226016,3.752082306120433
47026,pop_1,4.335121735796365,3.5401040792764737,2.9892756536757363,2.57437549685293
47027,pop_1,3.8651632954791024,3.0056920674713785,2.8009419537239935,3.1831692876406645
47028,pop_1,3.9936315730823417,2.816895736962308,3.034982644580875,2.9206541357772435
47029,pop_1,4.36733417612683,3.0502145664000544,2.966418613716131,3.1754508990553654
47030,pop_1,3.8419412470706558,2.656354132181388,2.573872695340344,3.6534405770668084
47031,pop_1,4.395862674861662,3.2908412903784194,3.059843765233562,3.3504426036097055
47032,pop_1,4.439886502414937,3.0234510464989444,3.3479028828629946,3.335350754404637
47033,pop_1,4.139396528118431,3.0905884703282704,3.5345143249660396,2.9585585051099526
47034,pop_1,3.4494968032863,3.2124800856929214,2.654385331957549,3.481833715705626
47035,pop_1,3.7330660417996797,2.9305848161498504,2.8236194235661314,3.1494994599996025
47036,pop_1,4.0368290196811945,2.8230534328056542,2.7514625812727123,3.36421867663219
47037,pop_1,4.135798500003006,3.009943782283009,2.5602990542863506,3.653141059227183
47038,pop_1,3.7813959430499353,3.2662146788886623,3.298531073627841,3.1714451694525847
47039,pop_1,4.249669474945462,3.2440893391981573,3.033256039049022,3.1138654541581396
47040,pop_1,4.286754205326951,2.7840767777380164,3.0044318156873833,3.6031294292951035
47041,pop_1,4.248482102484799,3.3694609232742825,2.532740780382087,3.545558558319889
47042,pop_1,3.5444451659179137,3.0440406156484947,2.527498294406263,3.4685882878963006
47043,pop_1,3.5265591429220953,3.1919195314746234,3.4011305073771942,3.1305927833844245
47044,pop_1,4.361543047333056,3.5575800693953474,2.8066905794002808,3.230799223064926
47045,pop_1,4.443700347986767,3.1591087000728653,3.3030875992461173,3.195845563201976
47046,pop_1,3.8317073274405433,2.859658069842205,3.2155634674127986,2.7118655441358888
47047,pop_1,4.1966661545644355,3.206348606664613,2.5973805432853276,3.6768554544684515
47048,pop_1,3.888816978604731,3.2746634421104126,3.155285439617593,3.256059551578248
47049,pop_1,4.035914065482983,2.714233767161205,3.294155040361377,3.7179655656823782
47050,pop_1,4.086459996252573,2.627980388396463,2.7614166123015234,2.822115326111886
47051,pop_1,4.091025297486614,2.9839656039697253,2.8779046898576244,3.2538859131792406
47052,pop_1,4.419448710132213,3.102585789418798,2.988281194619026,3.3397869238151423
47053,pop_1,3.9145494489788435,2.8382456644253393,2.8288408699709136,3.149601873910091
47054,pop_1,3.9167252625815303,3.2927561514333963,2.908087727174234,3.1867170982972493
47055,pop_1,3.73387006224379,3.6179214826984936,2.746831637036441,3.9053246133393573
47056,pop_1,3.9166891295914543,2.916034523379642,2.956510022553005,3.6628254043121076
47057,pop_1,4.057123331547745,2.8453589659605094,2.7291784704967132,3.4061439450123525
47058,pop_1,3.811940573790273,2.8331421806709916,2.9115423529195716,3.125463122372963
47059,pop_1,3.9833821747402736,3.121056775871403,2.821086687114564,3.355478297910837
47060,pop_1,3.540735317882702,3.1285886720913845,2.7665680575463805,3.3461627856941556
47061,pop_1,3.818542384003342,3.757655992050384,3.0249588175847975,3.3328637866981876
47062,pop_1,4.240003810955539,3.49678612215276,2.5544459756366447,3.2829476093310017
47063,pop_1,4.666290816043708,3.4894541170238105,2.813341964152973,3.69333533656434
47064,pop_1,4.21410096333308,3.2370501257442483,3.0164278465824674,3.625497736371335
47065,pop_1,4.140330839206953,3.4733849819766176,2.7328176004882136,3.096660919408921
47066,pop_1,4.145855751600555,3.7116768794317148,2.7508478733331683,3.459959791007829
47067,pop_1,3.989054405058191,2.9641678177921467,2.951805809832067,3.4090846958315555
47068,pop_1,4.471826129145173,3.245703174265933,3.086419428309643,3.478592728343838
47069,pop_1,4.312587313588838,3.3237260619238453,3.169179316679873,3.045443403611679
47070,pop_1,3.75640912766598,2.659068176789541,3.4077650255193452,2.988460842576794
47071,pop_1,4.086543116287321,3.210625993254521,2.9246368613581923,3.0510011651720794
47072,pop_1,4.051441997933505,3.064883719463166,3.080912853534487,3.385371806676868
47073,pop_1,4.746772462351975,2.8719869707274777,3.064495795278901,3.411665071189961
47074,pop_1,4.421781625252549,3.276342967054342,3.0021834113950074,3.3414803251168825
47075,pop_1,3.572434789789545,3.1699602922345083,2.7210135359704175,3.293113802238771
47076,pop_1,4.10009074101662,2.5770235628935585,3.1305619379994716,3.200320631501298
47077,pop_1,3.679717374652197,3.3818342977222398,2.821925474154801,3.0727726763512577
47078,pop_1,3.9562029426037046,2.773584904193949,3.0524475183893593,3.0301130279350517
47079,pop_1,3.680411333693112,3.2133948990569325,2.998433536814508,3.2536660224462435
47080,pop_1,3.950415995212499,2.9503404765808057,2.8031827026184235,3.5182377717136855
47081,pop_1,4.292506237381186,2.7314143467218104,3.180750586915724,3.3642986672633293
47082,pop_1,4.130304756450125,3.1271175565590292,2.517466647249741,3.6277035120560197
47083,pop_1,4.372503612822275,3.2267900570798593,3.1624015462105097,2.7365348543047294
47084,pop_1,4.405498221877537,3.6511845342036033,2.5941798793776014,3.737940028872526
47085,pop_1,4.531736186054597,3.380661583526416,2.9913912303696795,3.4399938213733536
47086,pop_1,4.213972645657673,3.0616178334791946,2.9624218280252506,3.7937061162426247
47087,pop_1,4.291779159797717,3.2943541592867196,3.3213785443263455,3.7036402198694973
47088,pop_1,3.711182138099196,3.380697497270815,2.8435778176978794,3.53832991608178
47089,pop_1,4.277766960087025,3.040441654938491,2.5625312518956678,3.2455509968630922
47090,pop_1,4.468426342739518,3.3115069582117864,2.6658650424027925,3.7678289227440547
47091,pop_1,3.984435328460259,3.341828113596637,3.0096698892224794,3.1321304383952997
47092,pop_1,4.384877961032741,2.967672612286064,3.2894316889748927,3.3590842216212784
47093,pop_1,3.9668735217799678,3.3916602310792183,2.7007867025546415,3.7401529202407446
47094,pop_1,4.223160891803855,3.491253268284279,2.9862362354568157,3.1450395566087685
47095,pop_1,4.5983475405002565,3.4368026236747853,3.078233590007952,3.366764380840358
47096,pop_1,4.118987240483015,3.0835995722174454,3.081297954143616,3.1029655231202504
47097,pop_1,4.119517526811935,3.026576736475115,3.1816963529607554,3.55547112891632
47098,pop_1,4.045220019850618,3.100664184158996,2.8948978952385938,3.4682280015432627
47099,pop_1,3.932571970293165,2.948322921488171,2.843858129334552,3.443027550242437
47100,pop_1,4.449066620969409,3.3160414067191164,2.8130348241241574,3.3198865699827604
47101,pop_1,3.9246116144194527,3.2554263197521465,2.9695810647227185,2.988870664342087
47102,pop_1,3.913509469399351,3.2090262986086917,2.8883281424519285,2.9091913487585415
47103,pop_1,4.341822553581478,2.8367548168662466,2.872477777989717,3.1470937973566615
47104,pop_1,4.2356182449326125,3.302009770275594,2.6608503431342125,3.624826678192577
47105,pop_1,4.080092067286311,2.8490365024567876,3.1853387169275384,2.9163320846986207
47106,pop_1,3.907353951876838,3.4252135749233728,3.1168305628084596,3.340973257686361
47107,pop_1,4.211752353725298,3.3049658002662508,2.9881934224221203,3.408799113110698
47108,pop_1,4.117128785373094,3.2263451948453183,2.779395936080101,3.862834721273249
47109,pop_1,3.889567940090465,2.610098074849813,2.9449261547882988,2.966065698621081
47110,pop_1,4.338353646104246,3.04047691303868,2.9552130611130707,3.0903982137132755
47111,pop_1,3.9606865232280692,2.9562995584924945,2.878519386717513,3.438434138898161
47112,pop_1,3.7588090465361508,3.091908859432402,2.4176873613173933,3.415246913965656
47113,pop_1,3.925308657905014,3.066254729409434,2.7515203410167692,3.365745556239975
47114,pop_1,4.026914741750977,3.051021364151007,2.9025324028916946,3.0302002220693414
47115,pop_1,4.076005124135772,2.8605064531543185,3.211053553061186,3.3875451370726957
47116,pop_1,4.556811600313077,3.144287233717928,2.9156360603912455,3.00345022051496
47117,pop_1,4.082742524303237,3.4314069010642765,3.435503750128326,3.426422951827479
47118,pop_1,4.454364369339452,3.0901020244875275,2.6261559232619804,3.1901317634240556
47119,pop_1,4.657385105892846,2.6735766622136667,2.8562591614966757,3.1573301752060456
47120,pop_1,4.147097173739887,3.2744549813288595,3.2934931818578095,3.3942083445628306
47121,pop_1,3.946849942120867,3.2239962429380697,2.48741721744412,3.863384209838255
47122,pop_1,3.889850442254417,3.196077115200586,3.0692885895190796,3.3019415442210405
47123,pop_1,4.215792003489854,3.1180538379718885,2.781831507525579,3.4759059559168186
47124,pop_1,4.262458817306579,3.1770695716908413,3.050458305923568,3.1306890245564105
47125,pop_1,4.22735273720839,3.3672658060957295,3.230048435370285,2.8767854445062913
47126,pop_1,3.9975476519487905,2.9800687480843613,2.898339839506764,2.8846708261041756
47127,pop_1,4.232812167392813,3.094264002088157,2.9672200263766655,3.2076156387916055
47128,pop_1,4.016022144018267,3.1312294349358214,2.4235294291120013,3.6214625489874135
47129,pop_1,3.6818866434246402,2.52611291771606,2.9276089133656655,3.2240058882520075
47130,pop_1,3.652436176453047,2.801067101106762,2.945697664831337,3.331083419531842
47131,pop_1,4.322065530816851,3.5618110932593963,2.7954724986344894,3.1915951310719675
47132,pop_1,4.070470673504768,3.5188957846072975,3.151152826103356,3.074534700919314
47133,pop_1,4.2084855423498695,3.3075512941321166,3.189418519721345,3.568365119184606
47134,pop_1,3.9887168938570863,3.758644052268126,3.1469981201743855,3.105686392046793
47135,pop_1,4.237190352870382,3.519974282965781,2.954644634902786,3.212248739350634
47136,pop_1,3.8773641531170218,3.352711574743885,2.7094247092917496,3.4171769359923987
47137,pop_1,3.923386945936194,3.1854629712142852,3.078903433619181,2.833238484064067
47138,pop_1,4.335913237149397,3.1637260876630435,2.608895745256797,3.152069680752635
47139,pop_1,3.8942045576041164,3.3439570468644053,2.847784494966233,3.2799977506082123
47140,pop_1,4.526220132651263,2.851497201105646,3.068491228676891,3.9780567167733634
47141,pop_1,3.5867684082260918,3.407984468161831,3.18636447379268,3.0034880345881483
47142,pop_1,4.423460303357736,3.434025111400736,3.137013373720216,3.4775400286710205
47143,pop_1,3.75705729926313,3.2594269763720978,3.0161359656635724,3.3691261129820123
47144,pop_1,4.179966728977474,2.8894948790236787,2.4116853417908675,3.2178803675142014
47145,pop_1,4.31543218431228,3.003081184296787,2.8557808539487595,3.37572322993956
47146,pop_1,4.15190252243136,2.961810739863438,2.4840278034927143,2.679305418548209
47147,pop_1,3.8713143395305165,2.5346318390008085,2.4583054588205564,3.4590850090113556
47148,pop_1,4.313544564270778,3.6438282957961916,2.828215465857011,3.133198408000042
47149,pop_1,3.815583698184341,3.502241437513934,2.6543925453658477,3.1047949944561606
47150,pop_1,4.0105407041176235,3.457640340831694,3.090333213882829,3.1546078006328564
47151,pop_1,4.146638843893144,3.141859265858912,2.9500506841435405,3.877928239080498
47152,pop_1,4.312733296949921,2.670688908758179,3.078804908144092,3.2844637393229923
47153,pop_1,3.9907527797331706,3.408888556470607,2.98806511581381,3.001331920352769
47154,pop_1,4.0798997052206,3.1399081144813707,3.3021829788653014,3.022104598483262
47155,pop_1,4.281560528125271,2.9710001973207874,2.7036789384707327,3.4443292037145268
47156,pop_1,3.6269368098478854,3.2344673041644483,2.8295236358871225,3.440802432379007
47157,pop_1,4.713773785259191,3.359673935776172,2.8602459802667615,2.923866425960736
47158,pop_1,4.198987272954125,3.3346521983485555,2.515765771978387,3.540883736064192
47159,pop_1,4.547700469426185,3.372661221093319,2.8505893649804537,3.4000519271156247
47160,pop_1,3.9346514266945434,3.2148213104451258,3.0419859321676457,3.3939176047268913
47161,pop_1,3.9907889663015363,3.076570861634784,3.7757941554029,3.3507279941852444
47162,pop_1,3.8487565800349532,3.4190004840109887,3.0904381267783636,3.2100817397860975
47163,pop_1,3.8817144200874854,3.0884796196132474,2.9678600180647923,3.6975209033058505
47164,pop_1,4.113331289222125,3.3325752928182406,2.65040379737325,3.3083117695616897
47165,pop_1,4.321167646052673,3.3442311899448733,2.846175987102289,3.560091480448951
47166,pop_1,4.620164123047135,3.425614549488949,2.5690835147195585,3.3434121923974662
47167,pop_1,4.445670941514058,3.3195756242323524,2.9314679799006975,3.2749631487459827
47168,pop_1,4.075363645741987,3.229055892705097,2.9467534231678636,2.8279279838212323
47169,pop_1,4.051629083599145,3.236845028282732,2.846064837197052,3.731829026472612
47170,pop_1,4.031251935527762,3.180796019618755,3.2748765558213675,2.8914041065706937
47171,pop_1,4.173045731523092,3.108971617224893,2.6195947877454517,3.0900310717592196
47172,pop_1,4.425384760315884,3.0480921481187098,3.3158640841292364,2.7232574944645425
47173,pop_1,4.216278805212471,3.2209299063042285,2.939754905585086,3.676456174020624
47174,pop_1,4.355969547496489,3.470805711357906,3.063664840964208,2.836902758022119
47175,pop_1,3.5717337976425965,2.879781497699072,2.939925634832006,3.3879236046138685
47176,pop_1,3.841960910436962,2.896344075269004,2.825424718318336,2.97309033767321
47177,pop_1,4.346067666931203,3.359638947495432,3.048312481679921,3.926664120291324
47178,pop_1,3.897640850459942,2.9114823234788796,3.060618977979476,3.2486194542948357
47179,pop_1,4.266329422375301,3.419561567978602,2.975068884633439,3.016979196336264
47180,pop_1,3.6781304544197138,3.0379665942872736,2.969568510875416,3.4675075983679475
47181,pop_1,4.07951721400325,3.747658897154847,2.9841740074278063,3.579440646964367
47182,pop_1,4.0227083762575795,3.228746384842813,3.0161148009371264,2.761475832841041
47183,pop_1,4.171342544787104,3.505592897953275,2.7061565809931136,3.667721710526031
47184,pop_1,3.719616207514362,3.471820041756893,2.756619349825256,3.487491683451635
47185,pop_1,4.090571956846634,3.038836953140369,2.780724561648435,3.1389212207261896
47186,pop_1,4.0601135930545995,2.9218045090841542,3.0934369697978115,3.5300332100001564
47187,pop_1,3.9226021207003483,2.968780789077613,2.914637639758579,3.597183527356152
47188,pop_1,3.7722264490603896,2.619120502998342,2.914926478356786,3.4312965191050653
47189,pop_1,4.070956302310702,2.7671472748425328,2.641599081716295,3.5099443560485772
47190,pop_1,3.9133672403456643,3.1670270318710556,2.923681002724761,3.2946115446509814
47191,pop_1,4.160620724093905,2.9223824604377273,3.3718883447569663,3.1845005648774145
47192,pop_1,4.209637308198628,3.5347755192277996,3.081831603921338,3.64730965258793
47193,pop_1,4.065556247197115,3.0469536742988637,2.866647754016064,2.960220101300619
47194,pop_1,4.407360368991954,2.985797446344192,2.6352604153159045,3.061906805588962
47195,pop_1,4.150581381360311,3.3108798518231914,2.9736480713181526,3.4488578768236287
47196,pop_1,3.5216840919198007,2.9676666674305006,3.044808074343359,2.9831388155991885
47197,pop_1,4.090800369801535,3.1772988089996494,3.424611285785687,3.5874295697616003
47198,pop_1,4.518124457965719,2.834320096433263,2.8942513425391216,3.2887634047614513
47199,pop_1,3.65805952844299,3.7518404652094013,2.6614506405184026,3.1900533454106634
47200,pop_1,4.103295579203077,3.6286982061597977,2.800107531136756,3.256301895706087
47201,pop_1,3.9985631522319487,2.8992099485064475,2.8810286095116635,3.039620499838451
47202,pop_1,3.730153468843016,3.1395340248303953,2.984675600680101,3.3009266347140818
47203,pop_1,4.584597689128825,2.8508610245615955,2.462021248875183,3.258997116391172
47204,pop_1,4.1199084716792935,3.113405797796564,2.948689364465931,3.580123530795448
47205,pop_1,4.171381808669082,3.4378397364886286,3.011575090681233,3.072203023894114
47206,pop_1,3.8252875612594646,2.9315144893342944,2.992173622969684,3.153249085582528
47207,pop_1,3.690628718612146,2.953013858987717,2.8354805552085436,3.234279373215387
47208,pop_1,4.0199291398456465,2.768847460925706,2.9443838647942053,3.003539501630068
47209,pop_1,3.7592376892411505,2.981736115853526,2.617922083441308,3.5995671616764198
47210,pop_1,3.844243980643988,3.355211149367319,3.0470372447802845,2.8947786500782122
47211,pop_1,3.925175832993791,2.6852826828311516,3.0898849639843147,3.3602868657337406
47212,pop_1,4.0767191091316395,3.054982167507373,3.1040138367274692,3.382660231767839
47213,pop_1,4.239099797493479,2.9692878573705856,3.0269821654044953,3.242358237785992
47214,pop_1,4.306281742355926,2.9995490819231385,3.289011219843157,3.2832327010864613
47215,pop_1,3.8650860376148253,3.117422018648221,2.6552881833836137,3.1750131109429507
47216,pop_1,3.8177081705901985,3.3808993171697845,2.616147740028463,3.234251373992345
47217,pop_1,3.838790232390068,3.257010379617856,2.8511650883422632,2.9427458253206087
47218,pop_1,4.578335777227651,3.2895824253110133,2.7876230085036453,3.2094410934842172
47219,pop_1,4.115708617919303,3.2556171757651833,2.716756986164917,4.1416532029102635
47220,pop_1,3.8241449795445646,2.688495775362816,2.6213453312107537,3.437017591174072
47221,pop_1,4.283548160001644,2.8386940778669656,3.108680320748165,3.0762897123769597
47222,pop_1,4.238836397814421,3.4214608095305232,2.8737170825488163,3.253579587857776
47223,pop_1,3.893187730540711,3.2051673543870263,3.1758965833199015,3.34506572133679
47224,pop_1,4.060413771279305,3.558608649958393,3.1651757793675244,2.9436247450110384
47225,pop_1,4.137199533412409,2.8393406803359666,2.833140837584323,3.6229049903382453
47226,pop_1,4.115574905212184,3.1698626882291756,3.0851513045854433,3.1440125781935886
47227,pop_1,3.702239319534173,3.035012847606405,2.6622515491428533,2.90354519560667
47228,pop_1,3.8079090218319647,2.8358474163522334,3.0288513143166216,3.4034761964470066
47229,pop_1,4.050717466131157,2.8253851586334395,2.6329479232265376,3.313735163931338
47230,pop_1,4.102506797658764,3.2419742153903504,2.843816015774941,3.1954934499068144
47231,pop_1,4.117069571764729,3.4387198010657185,2.7652253753621197,3.1345317652193403
47232,pop_1,4.5156840162851255,3.2746379425259335,2.9207968313129853,3.1771409067491176
47233,pop_1,4.324535057283027,3.4176640993677165,3.2831987828723306,3.1795606826064935
47234,pop_1,4.41196799885886,2.7761356448056715,3.045918668625819,3.613723684430256
47235,pop_1,3.7968246465845414,2.8711639984552915,3.1566240877846132,3.114877352125143
47236,pop_1,3.8371111996322833,3.2658850413213933,2.7188028956558092,3.5295233600688345
47237,pop_1,4.233723858161159,3.179398401297395,2.8665976030583558,3.895832859603272
47238,pop_1,3.999477683771644,3.4763424412090176,2.814707569540696,3.2128855441326447
47239,pop_1,4.2431517380255075,2.966598416225939,2.7977040605458523,3.2956064960397886
47240,pop_1,4.079622227693557,3.072699885674245,2.7970829819773044,3.2010539562682734
47241,pop_1,4.282071641213851,3.0426592222093745,2.9943401779129766,3.2086446522667065
47242,pop_1,4.018371335862943,3.0756639976103357,2.953061308963072,3.2224982899294408
47243,pop_1,3.8683390454153117,2.846464905470673,2.905502361366634,3.6277048839740567
47244,pop_1,4.514574254290869,3.612241572212505,3.2610728341745117,3.1809352990513586
47245,pop_1,3.8931275587945304,3.3368496193159887,2.9492242370080444,3.4186502424083094
47246,pop_1,3.9332780256110857,3.481597527739305,2.9231977312933957,3.241018597861879
47247,pop_1,4.464454165113692,3.6103629256230603,3.0400875294368945,3.0529412998224847
47248,pop_1,3.9050497366260153,3.2805392598514396,2.817076746239021,3.6784600548400164
47249,pop_1,3.808982814024929,3.0871038299206184,2.709161636654457,3.235531234890133
47250,pop_1,4.103226449908295,3.094432911284547,2.6601759900684425,3.1643723914133286
47251,pop_1,4.091501087666202,3.2532733146928656,2.7732295554395914,3.8718697039278513
47252,pop_1,4.053790402470433,3.132834110915985,3.140505824009866,3.265586917112476
47253,pop_1,4.182683166190238,3.1605448148535653,3.0287889215042143,3.284234510771704
47254,pop_1,3.844100305220818,3.1588454885588746,2.4869842550966577,2.903575480505435
47255,pop_1,3.858517895437813,3.2072683311765013,2.6562490610748304,3.7064000055568247
47256,pop_1,3.849321941084397,2.8909715535334115,2.77810533223141,2.9156296863970765
47257,pop_1,4.499329840218637,3.557147157246973,2.8664393395402743,3.2876210973243274
47258,pop_1,3.840822150089567,3.2182398400778656,2.9993486422132354,2.8760596560644016
47259,pop_1,4.168502771163271,3.3279619436046968,3.1742212827959695,3.2830896696509533
47260,pop_1,3.7603285672031093,3.224193180281676,2.666640072548665,2.916292932391801
47261,pop_1,3.914250178869898,3.202231961790429,3.1525345375753355,3.2291984698897136
47262,pop_1,3.868396194238669,3.2456534349258663,3.146514170882973,3.560280960069285
47263,pop_1,3.9346964461619627,2.9466772540518735,3.0428924874733547,3.3283741179333597
47264,pop_1,4.158927230363542,2.859783338918397,2.6736578627527097,3.646817885608803
47265,pop_1,4.112939346785898,2.9425443200696817,2.8289051072743554,2.8424907284145755
47266,pop_1,4.139405673659994,2.7821624755066208,2.547050679477026,3.2874163248420873
47267,pop_1,4.324329031453143,3.0376880049412534,2.9719769766501503,3.449497647767733
47268,pop_1,4.3229281043142995,3.1977372572606844,3.020240627719193,3.517998657212429
47269,pop_1,4.015536421070836,3.3018388169141355,2.646964573418876,3.597784899759125
47270,pop_1,4.3901205429895676,2.7589533114593285,3.390066530731557,3.3222430131239418
47271,pop_1,3.87179773351776,3.1629468582849296,2.6352457358477435,3.685822397327268
47272,pop_1,3.8675410604490903,3.3291065080225684,2.794458115720282,3.2952421492225135
47273,pop_1,4.2455276750837445,2.983267387148625,2.7097090660865417,3.3067689735135737
47274,pop_1,4.053489272811819,3.311922396932105,3.2522584106354118,3.1866988557588436
47275,pop_1,3.9993399869590855,3.547497148194272,2.8537839654366377,3.240032250773564
47276,pop_1,4.317327686887905,3.059298476217782,3.1120770930589408,2.7851482254764015
47277,pop_1,3.256601083405864,2.883735775727458,2.6596912331543057,3.2496667542477806
47278,pop_1,4.315683244492556,3.1134008201058503,3.186759398501871,3.157925684695984
47279,pop_1,3.9993130248907165,2.9071606819411153,3.353712422157285,3.0514435713453367
47280,pop_1,3.6449195196042967,3.1762957813252535,2.454692396357034,3.4795473507365666
47281,pop_1,3.916415170318962,3.2739693268977135,3.1348121627950056,3.3952457857633886
47282,pop_1,4.155750209177132,2.918541317143093,2.4502702137347576,3.6555702228672886
47283,pop_1,4.39200619981812,2.8961192211532474,2.990883402324212,3.653489568160341
47284,pop_1,4.04827523463698,3.5945862861490108,2.8199801830399167,3.6158462442921233
47285,pop_1,4.039916765940052,3.252356854017683,2.857053257919686,3.161372019018086
47286,pop_1,4.611875738211565,3.6321545805692597,3.1512458658190092,3.103190726809324
47287,pop_1,3.9923023293511744,3.1046457456833116,2.726192815772956,2.8964027503271543
47288,pop_1,3.6387836604061987,3.447727340484524,2.613516866705007,3.3744013129543142
47289,pop_1,4.142647803859217,2.835424517738325,2.570744234754188,3.47371231446278
47290,pop_1,3.795518897380374,3.4249011482157905,2.8254431475653674,3.6072684919162135
47291,pop_1,4.148216892916776,3.0962824495171692,3.059279876983747,3.280450392297142
47292,pop_1,4.052378642741022,2.9483308041614267,2.9896280315290595,3.6079342057460777
47293,pop_1,4.021012039286732,3.2970395732087194,2.8422275593955004,3.4414811025228795
47294,pop_1,4.482189762540863,3.599035597863651,3.0009360523866366,2.8937083850370007
47295,pop_1,3.9240794277716753,2.6235905111653883,2.6527258422576354,3.6051713420519316
47296,pop_1,4.169389045566224,3.2101769758550462,3.0619289304125106,3.199260726422259
47297,pop_1,4.494087879355793,3.129437703674846,3.349797569637932,3.122106438838049
47298,pop_1,4.180082233461079,3.385305517718656,3.165893591673972,3.0529673145779195
47299,pop_1,4.082159141131928,3.0673490849910996,2.8733879571870644,3.3543443396247032
47300,pop_1,3.8267381140296868,3.1575844388527137,2.53226591359247,3.156322054866164
47301,pop_1,3.8755832480191645,3.2983919920295093,3.122135051742782,3.154381522847893
47302,pop_1,3.709398673302606,2.9352339659772224,2.939199495318451,3.104904018203498
47303,pop_1,4.194902194812535,3.0683350393234,2.932126444304555,3.532218000786717
47304,pop_1,4.29088568489465,2.3820896695161564,2.7096583294417074,3.3901025601219312
47305,pop_1,4.143659864684455,3.179097976420139,2.753744593427534,3.598751238026547
47306,pop_1,4.571995761068963,3.008124135495493,3.46658711274595,3.3017784175134905
47307,pop_1,4.203844694488304,3.390307547112354,3.1726341140904046,3.4405017931257778
47308,pop_1,4.047043931731467,3.4500076874854284,3.149821932500244,2.8612156547124297
47309,pop_1,4.451335685332883,2.776723587256409,2.607823669622872,3.391168471280418
47310,pop_1,4.2345434747162916,3.3030567351208098,2.900014082074909,3.3470535890095165
47311,pop_1,4.197048109005575,3.3692869730475397,3.118907798426102,3.608837142535097
47312,pop_1,4.317551847042975,3.193730381241821,2.778280032262756,3.2302200418747806
47313,pop_1,4.16465157700354,3.784828634606264,2.7236519108052413,3.7598519476562218
47314,pop_1,3.9973294184211468,3.4836988462891307,2.8807097271168502,3.6038013275260536
47315,pop_1,4.296663672167417,3.119688137508167,3.260704173078677,2.882372007070616
47316,pop_1,4.543306967457895,3.403750342723183,3.1474313856106466,3.269388652426001
47317,pop_1,4.125583054113587,3.295376587603228,3.2619305053580048,3.3335898820598007
47318,pop_1,4.124022871182134,3.233777185396576,3.13833419255416,3.109006484576292
47319,pop_1,4.175968343897018,3.413540344498211,2.6594224616463586,3.6839972569791444
47320,pop_1,4.0405377479000775,2.7657012308357496,2.5568498095399423,3.615001805782546
47321,pop_1,3.882954665739599,2.884334612540243,2.7737263060052317,3.5082753777860916
47322,pop_1,4.118497885695246,3.414129113980976,2.5089953574639456,3.5373636873468493
47323,pop_1,3.9026962458883063,3.30834885620545,2.92376335433614,3.1288153194776243
47324,pop_1,4.068333366562517,3.260886879383624,2.8151858065943904,3.474037526071899
47325,pop_1,3.8469757166194114,3.0763129097612762,2.8510786764122864,3.411781739899205
47326,pop_1,4.164181734507028,3.309375427324451,2.5880766922039773,3.682328129520822
47327,pop_1,4.3088547758595945,3.2004111989331094,2.9373010113706433,2.9951006592825498
47328,pop_1,4.156696316673339,3.455271327601095,2.960687333669282,3.345616640732251
47329,pop_1,4.604145997470099,3.247805602563408,2.839485221952012,3.7353116995355538
47330,pop_1,4.35136845534228,2.9302027650023654,2.7338923042623295,3.9162628381345077
47331,pop_1,4.297898809078202,3.4482979757357066,3.4403212611608085,3.1463189863695806
47332,pop_1,3.652103620476744,3.149352933084579,3.3060940317309164,3.091975244274442
47333,pop_1,4.005289073346499,3.6845102825234815,2.478926666498099,3.6768390804670705
47334,pop_1,3.92254223554478,3.16802151004235,2.798986585263528,2.894495016221903
47335,pop_1,3.9931223687661355,2.459263943003179,2.903188771693928,3.1357930873167725
47336,pop_1,3.883344531968248,3.1818868524595723,2.6869701403450534,3.4436371852717436
47337,pop_1,3.8998287152407585,3.9282858180257616,2.877955333296284,3.108903386510946
47338,pop_1,4.050282609764996,2.6314974468757644,3.158465180754002,3.506847006253951
47339,pop_1,4.400343993058336,3.3506468781483303,3.070327524312441,2.9023696789432023
47340,pop_1,4.259645243376583,2.713416752378582,2.8395208903417957,3.0517318393640007
47341,pop_1,3.8334962636512335,3.1814785881598673,3.055871221850232,3.581354766670382
47342,pop_1,3.857864227087599,3.0604225768869107,2.6146072261097157,3.568597343976613
47343,pop_1,4.021459056561378,3.2030708431450243,2.902128035165467,3.214658861569184
47344,pop_1,4.274148952128877,3.511211107620545,2.9197015504854344,3.2259199071769746
47345,pop_1,4.174131898349577,3.565845341577118,3.280550322221733,3.070413918901102
47346,pop_1,3.7303756458545907,2.6630842286216376,2.636615338686533,3.608361113891772
47347,pop_1,3.8594094480918915,3.0619055092032577,2.7271902931889698,3.0080286055426657
47348,pop_1,3.767945563872785,3.3535546254846706,2.9709976219839014,3.333628316639768
47349,pop_1,4.386472619963972,3.1787093004500298,3.197206086277507,3.017158260541792
47350,pop_1,3.953996466511145,3.6541937835372305,2.981389034764604,3.884026446979432
47351,pop_1,4.053006854491005,2.4298585296485022,3.0788942480760526,3.122495670366607
47352,pop_1,4.651295780306494,3.0727308365319486,3.0354026270105514,3.4400952611626594
47353,pop_1,3.988209135952526,2.958152277478916,2.607765759452159,3.574942718353605
47354,pop_1,4.098726496631682,3.6295698090870516,3.0029497341993086,2.889733176086123
47355,pop_1,4.166010660227585,3.0273587831058864,2.860291081992389,3.156889840522303
47356,pop_1,4.222234734087291,2.726684099465086,3.194306663432722,3.3151680740752982
47357,pop_1,4.247342874917056,3.277359147632474,2.8575939889827446,3.15654724888502
47358,pop_1,4.310475487264368,3.0361819273018953,2.834820978387058,3.3676381338852655
47359,pop_1,4.507873326843056,2.9713488042004297,3.1543613419778884,3.123263659475869
47360,pop_1,4.075903216240885,3.340744291618816,2.9279131314473075,3.2956920358230666
47361,pop_1,4.52381153295399,3.5295413473677932,2.7760025988345616,2.9156924209520714
47362,pop_1,3.8885275677355,3.2906007240337174,2.9053519305748683,3.4988880632222825
47363,pop_1,3.7279051182033367,2.751392171950576,2.9789295665935613,3.128698026009484
47364,pop_1,4.506359026615597,3.8053954771178478,3.1400093411325964,3.5186371484720005
47365,pop_1,3.9200195322748876,2.918948358242927,2.767090704243763,3.7230550466984
47366,pop_1,3.923076090508487,2.9426072846182803,2.836930926024602,2.8079040622637947
47367,pop_1,4.155477816858153,2.6543372430471632,2.9147448158149203,3.508155706790851
47368,pop_1,3.828466599158288,2.857072362948647,3.032182418434762,2.9820244459228755
47369,pop_1,4.218229050643596,3.5047007464962903,3.362470954429512,2.886867906458023
47370,pop_1,4.210978998136303,3.3387458987114726,2.922714050101153,3.158663767809515
47371,pop_1,4.332951002999872,3.823282044953795,2.8709328534164467,3.198851979305624
47372,pop_1,4.200299517030175,3.1201693994787467,3.2628691417503055,3.0641880549467726
47373,pop_1,4.48217819819864,3.5102728594290133,2.8310223627036977,3.3538803908453017
47374,pop_1,3.904363684362817,3.1133918473127786,2.694924319376881,3.2289895880003603
47375,pop_1,4.497859211430991,3.022252456405004,2.9773966221918977,3.432795381439958
47376,pop_1,3.758855072076884,2.8635593143156743,2.7224413880409504,3.374924381258131
47377,pop_1,3.9494017439593523,3.2921731888438996,2.829444554459051,3.4401457377098947
47378,pop_1,3.5177286256338007,3.0471452638767706,2.8603711380992682,3.309429902373072
47379,pop_1,3.881063481367154,3.1071983756377337,2.8598834325396107,3.2848582282538272
47380,pop_1,3.8554608264660737,3.2713379544347716,3.1062466758326095,3.191782770182509
47381,pop_1,4.126734667637505,3.518815279184642,2.9675257543550546,3.3302789181466665
47382,pop_1,3.6484657662707476,2.7877537097691825,2.6196914302908745,3.7799929366029366
47383,pop_1,4.3173589111789665,3.2484924429098756,2.879111477868896,3.356467564405115
47384,pop_1,3.6927393502866726,3.0841575774449463,2.6216681247079334,3.903095955349998
47385,pop_1,4.367672857137201,3.2852064532212704,3.004302756409677,3.3035209000183188
47386,pop_1,3.805972612988265,2.751839901391071,3.1036080025712827,3.020522620896343
47387,pop_1,3.7484738869658263,3.124652170614238,2.852169329822862,2.88792941743502
47388,pop_1,3.996293829850581,3.3282637569958706,2.8030821669478296,3.324562251045512
47389,pop_1,3.8780247112611907,3.309570834696869,2.884290549222624,3.454006923266014
47390,pop_1,4.246670356508971,3.6383171097581952,2.777381240201448,3.5763918147339173
47391,pop_1,4.564353413586166,3.051906225815101,2.8652639510715274,3.5608322304441122
47392,pop_1,4.25034614247722,2.97132746176042,3.3201376475545987,3.2051260498432446
47393,pop_1,3.528230386743332,3.3768271084757164,2.7358932478075566,3.5022264882037906
47394,pop_1,4.38226520552739,3.0228732040656716,3.477757653899379,2.8924778849604738
47395,pop_1,4.252407815056161,3.246116357409327,3.213590014647234,3.135822102991287
47396,pop_1,4.503223098185067,3.06381793763808,3.369502045886055,3.0908252699001593
47397,pop_1,4.323630365141642,3.1233413208762446,2.93667065399044,3.475412390485215
47398,pop_1,4.380061469394412,3.454031954548735,2.894720868948267,3.36234250175239
47399,pop_1,4.278022896453541,3.010344309660795,2.769977666493386,3.5022092136319336
47400,pop_1,4.518831946348642,3.338517957620831,2.917294689236333,3.3361398276777043
47401,pop_1,3.7922322060872293,3.524361691739905,2.8524200173625545,3.602989801422186
47402,pop_1,4.151950855130986,3.2997355843743295,2.625308292675842,3.30049968721885
47403,pop_1,3.959852185492228,3.3145161997128763,3.099229017980043,3.4202943707452036
47404,pop_1,4.082645958356674,2.6365659215134776,2.7267773384352068,3.30750709432169
47405,pop_1,4.906366837770115,3.311703006659583,3.0553867086736655,3.2894493597625396
47406,pop_1,4.12658402351111,2.84700205824587,3.2206302472571555,3.328385731393427
47407,pop_1,3.8535311336150118,3.061918220439269,2.7031853323027777,2.96899047594039
47408,pop_1,4.503291904700211,3.3608066610567136,3.152281510472854,2.927635516013922
47409,pop_1,4.024810724033594,3.1291352146836604,3.0735512847628934,3.155306605861881
47410,pop_1,4.172288642921636,3.0683622095558767,3.0804072722323523,2.8528814467459496
47411,pop_1,4.174730313497784,3.3218955787396256,3.223922495098109,3.2212763468357344
47412,pop_1,4.147811465504662,3.291226407575267,2.987514698773466,3.4970457062308573
47413,pop_1,4.291903808810454,2.9968686149535833,3.319590941057359,3.317046656898775
47414,pop_1,4.179581642494507,3.592350342273563,2.732840947037373,3.2601918121806035
47415,pop_1,4.209827406759292,3.555298107547014,3.1408029213818556,2.7572895993858775
47416,pop_1,4.503410484129616,3.5371227694178056,3.2913414191759625,2.9985509000323707
47417,pop_1,4.047387354415978,2.965794997173387,2.9558684445924297,3.186012723609628
47418,pop_1,4.195589211443107,2.9938414523322123,3.089305556546245,3.417725826129849
47419,pop_1,4.283626039520839,2.890792922817528,2.880362103588942,3.1595566561231694
47420,pop_1,4.350061390095361,2.8051535175858837,2.583082561781989,3.322492602567213
47421,pop_1,3.5681917268036982,3.2451465677338254,2.434610471562154,3.2566162327524433
47422,pop_1,3.9187838287635133,3.306424907082638,2.7974185046394635,3.7218694966718795
47423,pop_1,4.195656276635986,3.2391374882301185,3.3078913743637353,3.5526480831078096
47424,pop_1,3.9963393744615883,3.3946709839115727,2.8905079729248446,3.824708742396958
47425,pop_1,4.10614444743141,3.4181510369724344,3.2590746238158412,3.5199476492694717
47426,pop_1,4.223864787645389,3.327122705193495,2.6955776759307715,3.118080312608273
47427,pop_1,4.483861479857214,3.225812443179208,3.7684270724290876,3.1170928329277516
47428,pop_1,4.0608221934721485,3.2067328688584364,3.0537119023558357,2.7714015276064807
47429,pop_1,4.100862200194609,3.387860831838284,3.2120660211747274,2.927793530967425
47430,pop_1,4.079313228126171,3.045913201028117,2.779329693887237,3.4655550212501014
47431,pop_1,4.3378334853508695,3.2371040763125163,3.140871692573496,3.5107412347250584
47432,pop_1,3.9474388661957147,3.7242114883286623,2.664312684082867,3.2722697315943066
47433,pop_1,4.10788951293725,2.9666857442978753,2.7561339848441464,3.6599503070556088
47434,pop_1,4.0726220973554925,3.156208335114989,2.9383592829667458,2.930496872869379
47435,pop_1,4.451953974194343,3.3452351423255187,2.8972986136235073,2.884352260458037
47436,pop_1,3.969430186127098,2.9469120288653947,2.8471242495265843,3.333121131170515
47437,pop_1,4.014039356693811,3.308959765707912,2.669650026096221,3.3557518585212667
47438,pop_1,3.8231300970789155,2.90047083063573,2.710976780150572,3.5623558358717236
47439,pop_1,4.332726186237401,3.4277127511083116,2.651335407303071,3.216411265032243
47440,pop_1,3.9810286223646054,2.841996692980646,2.8597550659812767,3.200193431069464
47441,pop_1,4.327193666641593,3.143514125582185,2.593162772078833,3.7651088204204073
47442,pop_1,3.9011998137740798,3.228934030636459,2.352044029435738,3.5967477232559153
47443,pop_1,4.236317412691831,3.2496489061813127,2.9451219413302168,3.5333553229925925
47444,pop_1,4.135771643737611,3.103843157254637,2.964915812766123,3.534091041358261
47445,pop_1,3.68611715221386,3.459087533972072,2.5469770214053735,3.5772838602482238
47446,pop_1,3.8047015456018367,2.6428151694342503,2.866779608165559,3.3502146654280707
47447,pop_1,4.303342151689579,3.4178489642057004,2.9044225958642285,3.0897337027103777
47448,pop_1,3.450889846689786,3.177705416337731,2.425938308025625,3.542740666647213
47449,pop_1,4.350008777519291,3.547450669378865,3.247724798079048,3.414348858443306
47450,pop_1,4.198905337903387,3.3112293116925064,3.1083971099013263,3.2637139897777456
47451,pop_1,4.402882428886514,3.2651307699403356,2.805158424966694,3.6811412912131365
47452,pop_1,4.100154342778914,2.9415902029178853,3.181307048476091,3.286378332078083
47453,pop_1,3.787426879086902,3.146886208697945,2.5260663313528973,3.1312345299150843
47454,pop_1,4.23359617614011,2.9203260969390485,3.0606827252225037,3.180062735559354
47455,pop_1,4.046207500570901,3.4401645717674922,2.7260328952275774,3.2834808686073664
47456,pop_1,3.8434266946339517,3.007265849268891,2.7500236178910145,3.586031166215207
47457,pop_1,3.9121180180368915,2.973432712804445,3.1020709899023764,3.775314081274664
47458,pop_1,3.9939980605466543,3.1005474708564082,2.8486196063677824,3.4701219427472987
47459,pop_1,4.3397001153437325,2.9096485289645817,2.768488044657749,3.831350707232634
47460,pop_1,4.089586143345767,2.878690373956783,3.2585399807533637,2.823167563385229
47461,pop_1,3.997984499093099,2.988312068403973,2.9735120580305745,3.4332970420899978
47462,pop_1,4.570880540477153,2.960665598391502,2.862977622488894,2.997362198324796
47463,pop_1,3.5687803774439866,3.257571308754047,2.9001776389163942,3.082453419597023
47464,pop_1,4.017758131353336,2.9850568981402543,3.1241800116529,3.6684117507591965
47465,pop_1,4.599603915622363,3.669628620019225,3.150180260533177,3.2143833329645326
47466,pop_1,3.92411947781419,2.6296425360782147,2.5698156994136934,2.8674479200549174
47467,pop_1,3.5935959332233667,2.998036472471356,3.2904934348095543,3.3356691927683952
47468,pop_1,4.174676646231198,2.992545302442218,2.9620286830201854,3.5372493580996305
47469,pop_1,3.996428012457104,2.748814239977435,3.273157910467994,3.3704568650307216
47470,pop_1,4.0488992846533005,3.50759930218728,3.397205091602607,3.0498627659651856
47471,pop_1,4.246635988078954,3.3941215589515066,3.28431267095922,2.870559248107779
47472,pop_1,4.137337331803626,3.159440455859613,2.558418022981747,4.045739909846815
47473,pop_1,4.473599541126924,3.4502348559799096,3.201528590715733,3.1183092363556195
47474,pop_1,4.3148321240829635,3.306019049074508,3.0101646291431536,3.7196332847148437
47475,pop_1,4.297781851937943,3.435147112711344,3.219988169876922,3.5286741221046136
47476,pop_1,4.133046668520251,3.063289471206963,2.8103544197387853,3.4808801599175228
47477,pop_1,4.059218996832746,3.398837808625824,3.274131659267225,2.7949900280319633
47478,pop_1,4.3785368073247675,3.2080123511214467,2.896731509975582,3.7151081494344846
47479,pop_1,3.5957837393712215,3.0108542362962987,2.9589137445936182,3.260667954655014
47480,pop_1,4.483643175888947,3.5537810008901203,3.390035692417275,3.319995358426149
47481,pop_1,4.15025790440323,3.1291034709226553,3.060554662212935,3.706096002895745
47482,pop_1,4.503653725496721,3.85298280409375,2.3392878138130646,3.178309077479081
47483,pop_1,4.1262963881157,3.2411123260069,3.175031356868377,2.9458474775132304
47484,pop_1,3.975811418882199,3.4161985732227453,2.762241598013865,3.630400906541952
47485,pop_1,3.9297276139559574,2.9492766661955296,2.95891783375335,2.97677783501769
47486,pop_1,4.085647522172518,2.7981969070123527,3.2124845559831967,3.431708537796081
47487,pop_1,3.504484774766368,2.6415741692568524,2.528238761453248,3.313049624672387
47488,pop_1,4.57286639938364,3.518336166559907,3.0499709312511754,3.401119506015125
47489,pop_1,3.4481570184257198,2.661031698186875,2.9662530188083616,3.2512376182771514
47490,pop_1,4.029107072803416,3.4913364199178845,2.6200095775975525,3.110052983859188
47491,pop_1,3.9420077222235395,2.9959279186208048,3.0122239443272933,3.1506185219889797
47492,pop_1,4.087169713068478,3.035916195780851,3.087367054796058,2.896238598383036
47493,pop_1,3.4327063734326466,3.369970356525417,3.115799458841903,2.9641157503227444
47494,pop_1,4.23211876039195,3.169289605540044,2.4523436369255833,3.099181926418142
47495,pop_1,4.011411072198856,3.0515432690877162,2.8479230302108194,3.403722053557203
47496,pop_1,3.92763937977058,2.9997535919860536,2.908897628387468,3.5024188502000273
47497,pop_1,3.9135500733601645,2.8393251782935427,3.1613652833107677,2.9598891785101826
47498,pop_1,4.051688694745566,3.2992294202223715,2.783000770650613,3.3817178756694277
47499,pop_1,3.948074684332875,2.9659561432897203,2.8265091201265826,3.757021771166357
47500,pop_1,4.2802293589081035,2.9039274907782198,3.034565233604499,3.2392205205235762
47501,pop_1,4.379447730434354,3.1621304631050844,2.7930923027984957,3.646857871229132
47502,pop_1,4.62569701570952,3.1743818068886966,2.9689181337559885,3.1583944454092565
47503,pop_1,3.914485473307662,3.73823014393398,2.968875466307975,2.7641744531709174
47504,pop_1,3.576294642118356,3.2670864004722326,3.0701259592201655,3.5170703983334906
47505,pop_1,3.9630419814622857,3.172468679129495,2.958467228223021,3.6299385324292106
47506,pop_1,3.9350513288049975,3.3247646889197253,2.729908080692245,3.0712948607021335
47507,pop_1,4.161988836577946,3.2232875862075385,2.7770048121106625,3.691586331705507
47508,pop_1,4.166251944028686,3.1623652529763677,2.3805563010464392,3.6013613187488835
47509,pop_1,3.746064714347485,3.0851812099639027,2.9733583754610704,3.3677077216795865
47510,pop_1,3.8618513736953277,2.867472371576228,2.825192029546847,3.3223489522373573
47511,pop_1,4.413050898262115,3.1316658854207153,2.666196279900577,3.4224294404518387
47512,pop_1,3.6926363353425518,3.195064305102382,2.9840848124648645,2.883398925255636
47513,pop_1,4.345931500176665,3.227329375377486,3.2612757497467877,3.5017890638763447
47514,pop_1,3.8403069006796398,3.393555758109038,2.4735592228020824,3.319117103453633
47515,pop_1,3.8575982403342874,2.680269992278442,3.0383552763741446,3.3461577946129637
47516,pop_1,4.177474131345145,3.235011116588812,3.3652119600197463,3.129732683999414
47517,pop_1,3.8751767648086584,3.1384183458177186,2.7206234209886366,2.713045039074338
47518,pop_1,4.1022753684889075,3.2888842062194725,2.957402577426638,3.209346761746695
47519,pop_1,4.157039386692409,3.260585107039808,2.9503005363183803,3.2289345462241923
47520,pop_1,4.047214670610728,3.2590399570337154,3.070133863129666,3.1178535368500926
47521,pop_1,3.8691102301908,2.925839508102736,2.7032731575442903,2.815292625879418
47522,pop_1,3.5502600394295096,3.134314786843794,2.6952922204912566,3.23563894240978
47523,pop_1,4.046058456882829,2.689231154877372,2.8920653445200752,3.2430084292289574
47524,pop_1,4.328463516087831,2.931055756751245,3.170306467923415,3.7500678319596163
47525,pop_1,3.936994721579779,3.759350703822225,2.81550235123375,3.2660369676598364
47526,pop_1,3.6929894622584327,3.3268826842018604,2.5893614705087744,3.2581978879068
47527,pop_1,3.7933341005279404,2.9414876127267466,2.642780828407813,3.719168558264606
47528,pop_1,3.674204563227988,3.3768721209191233,2.852291313844949,3.69878782490466
47529,pop_1,4.118058357129152,2.9600788179020507,3.2387662928964205,3.41057561987823
47530,pop_1,4.113472616179216,3.2234901903847986,3.3925766637737085,3.047055816752349
47531,pop_1,3.708289248279243,3.0271723152736607,2.6098006885303833,3.5622905093632617
47532,pop_1,3.930395952774858,3.0662784190910504,2.6707668473653423,3.6533706449242263
47533,pop_1,4.344824749850282,3.2078179143720775,2.553370227027252,3.438665825693511
47534,pop_1,3.9248827890209226,3.316056686163521,3.0828549937735135,3.536311518193471
47535,pop_1,4.398679149912485,4.038531102233325,3.358815047547909,3.403259632885318
47536,pop_1,3.948111433796715,3.4312887002965744,2.772512169432893,3.0356137506088614
47537,pop_1,4.145167099047464,3.2699903744314396,3.359199930309817,3.5246670496769648
47538,pop_1,3.725546094170296,2.9089593826109867,2.8805618001144944,3.431304693420073
47539,pop_1,3.955076948961751,2.894981506267581,2.873539587058465,2.7555795843811253
47540,pop_1,4.041720120241214,3.1481307379249013,3.1069579498465156,3.167632375942354
47541,pop_1,4.319669707246607,2.955387860314548,2.8420025134876425,3.550919708498872
47542,pop_1,4.295386492789567,3.1302486231972,3.4006027859120582,3.163652978041689
47543,pop_1,4.664202409827508,3.1075829657036995,2.5716332669364848,3.3102082937183965
47544,pop_1,3.6386235371626983,3.586216996318807,2.781149471390955,3.1860993344407733
47545,pop_1,3.844978676096721,2.787721022330952,2.698765387822414,3.2269093287389428
47546,pop_1,3.9984207432230114,3.20314778634686,3.1986319800737593,3.3190247717334254
47547,pop_1,3.607652352624955,3.433213360240556,3.3810580324524735,2.8195665516936614
47548,pop_1,4.1310775181914305,3.3189004656557706,2.8443214802904833,3.279814790243509
47549,pop_1,3.546771818370547,3.1821481306266657,2.8263352518842266,3.1940947339208883
47550,pop_1,3.8464336527028387,3.3343361683717965,2.9010123054493744,3.555059003108042
47551,pop_1,4.4507001955899375,3.1688391321104143,2.853301149624657,3.566061621900364
47552,pop_1,4.624157049678722,3.200035381490562,2.7039358777958973,3.378268815562678
47553,pop_1,4.741003406460607,3.117947521076613,3.261258352409344,3.021091087183162
47554,pop_1,4.343154914259324,2.9531395604917874,3.125801480135363,2.99748832674584
47555,pop_1,4.304566550606758,3.127083256910862,3.105406041947973,3.1093436093809252
47556,pop_1,4.39726688462615,3.147801277726267,3.1692566210733193,2.9407738366392415
47557,pop_1,4.430046795252714,3.2186086304220956,3.023406417943941,2.891092981616325
47558,pop_1,4.086739838649399,3.6912386415446745,2.9302814291655945,3.347974584647398
47559,pop_1,4.461382175748708,3.5485719429624467,3.083047883196312,3.3798986377421087
47560,pop_1,3.8119822270272112,2.783881532620823,2.5123427392694353,3.4919761422737197
47561,pop_1,3.972736957679846,3.3138291102091535,2.5734686198443564,3.25219157095939
47562,pop_1,4.238299295328622,2.9542293590532074,3.051454347369804,3.095666553260592
47563,pop_1,3.236014954621106,2.6701093078190814,2.7137208255813103,3.6474314319102263
47564,pop_1,4.203288680674206,2.89379121003221,3.030555836908364,3.555636370344196
47565,pop_1,4.361890813317935,3.1300538725733222,2.862695612643276,3.4578860000285365
47566,pop_1,3.9680390899731397,3.2275657566394815,2.9185081623216216,3.4817399333480874
47567,pop_1,4.1425027261439915,3.1184958122766875,3.144135265020909,3.2204211804699603
47568,pop_1,3.9463500770053237,3.7098669516646714,2.935873987341268,3.241551485146376
47569,pop_1,3.9478746078013964,3.9004639107644574,3.148906461883698,3.085496292134511
47570,pop_1,3.593354835756659,3.1736609759599843,2.725821024157123,3.291914870653558
47571,pop_1,3.949722212054062,3.321231404714901,3.0059514923758295,3.632101540763206
47572,pop_1,4.6196087503547965,3.2597606546681,2.8705464577358972,3.604109380809561
47573,pop_1,4.075937673724864,3.28448632789006,2.752872093637115,4.01373760832207
47574,pop_1,4.593082494366252,3.0382086786533407,2.9207415768216416,3.6469130761443944
47575,pop_1,4.316339830783714,2.77467812302328,2.6091247136761777,3.596316806828591
47576,pop_1,4.424984822308965,3.153747366866923,3.202768873590159,3.2076763624149454
47577,pop_1,3.9966086217019035,3.307780055467499,3.012206264575936,3.4512286528214413
47578,pop_1,4.190814615100484,3.540190425285106,2.839338433180078,3.404848002414437
47579,pop_1,4.355455303811,2.7169508760456216,2.9623219331360984,3.304320152208459
47580,pop_1,4.322897951116547,2.7897816624763796,2.9268978903386116,3.370943019524105
47581,pop_1,3.9332687146988876,2.5408303349882555,3.090700849269466,3.3902573027272718
47582,pop_1,4.338658437875379,3.138010517199935,3.0685694518017854,3.348331797101749
47583,pop_1,4.04318887872741,3.3516141070809744,2.8053756890220263,4.0403711706339225
47584,pop_1,4.167518181757666,2.8633864216902625,2.5803392532876313,3.4175722266002464
47585,pop_1,4.2716621516246,3.613717227447044,3.0198830985379836,2.8710281143769603
47586,pop_1,4.274467920450998,2.9806990908644355,2.989496578632126,2.760381233127697
47587,pop_1,3.785622410195974,3.2963364357492067,2.9522575424575703,3.2830481712366226
47588,pop_1,4.088452162939946,3.03984796376433,3.015819802608859,3.217869985200656
47589,pop_1,4.529085735599951,2.92800274276596,2.861270953023685,3.1755009767527946
47590,pop_1,4.304709186531188,3.1976463088768345,2.87393405139896,3.237909483708213
47591,pop_1,4.225723832249487,3.3896119853408564,3.339345515806083,3.3073642848140947
47592,pop_1,4.388581090991151,3.0888294642468916,2.6486998492293683,3.4701762039075756
47593,pop_1,3.8164768777025784,3.0606071726917214,2.858136424480617,3.6510665917215452
47594,pop_1,3.9325824367981865,3.2900291860315782,2.6695555737219134,3.604553361786379
47595,pop_1,3.648715187512583,3.453779123050014,2.719982205439701,3.2631416218458504
47596,pop_1,3.938295777849503,3.0322616086201473,2.92525903954743,3.5455572662516754
47597,pop_1,3.9981717742099048,3.6050218247900236,3.2039820078259336,2.7155345801334745
47598,pop_1,4.008442540243119,3.0052003300003802,2.70124286923008,3.2448914937432436
47599,pop_1,4.286736297310982,3.3903231656258255,3.109884383293437,3.1523939853312295
47600,pop_1,3.813318645997163,3.552870701626268,2.6891799025254737,4.013300502382561
47601,pop_1,4.1953120741759236,2.862826365556685,3.042453486342082,3.2052711798063926
47602,pop_1,3.7112643213222456,3.224145152244174,2.8061102337081443,3.050127535761244
47603,pop_1,4.366713023851065,3.0347986335691237,2.763672757419566,3.615376440557114
47604,pop_1,3.6711160746876015,2.68502130562344,2.5147497867143285,3.4723302513989474
47605,pop_1,4.155405106520869,3.2834812472573844,2.6136741693631644,3.557135706918903
47606,pop_1,4.348875260048364,3.089507054914205,3.185510303396435,3.37774821859391
47607,pop_1,4.211821645338108,2.8952869836909803,3.1528641186424062,3.4471386956964816
47608,pop_1,4.227732073074033,2.945095759760174,3.020637793501747,2.9668380299001718
47609,pop_1,3.5055056552125414,3.196165351389366,2.9147135107309627,3.200857758045617
47610,pop_1,4.061740637766918,2.8488063540735453,2.8646556910724734,3.4519132537892867
47611,pop_1,4.292406400450026,2.880571284318142,2.789444893175092,3.5902944210127403
47612,pop_1,3.925695754578012,2.979042665462028,2.9126604985254376,2.6840967316695337
47613,pop_1,4.243851658004098,3.034415310569706,3.4017744735776625,2.992198816164214
47614,pop_1,4.456273900236884,3.4438781011296817,2.901037810340363,2.912430042367072
47615,pop_1,3.6610800735153286,3.015120231161608,3.0562656790799503,3.4532101506963118
47616,pop_1,3.605780987672804,2.6038221652655746,3.300494846204946,2.7398189473269694
47617,pop_1,4.599628615824338,3.2154854444918795,3.1418170602758457,3.461207781102053
47618,pop_1,3.7409940847051573,3.24445127246084,2.6006336660447307,3.469167810571909
47619,pop_1,4.753813353842091,3.036368965664389,3.1173226784949235,3.5858418369714693
47620,pop_1,3.934943494550883,2.8531351492998267,3.019235301497744,3.8013139066376347
47621,pop_1,4.518226341710814,3.5148221404308058,2.8961396177168472,3.4059325969685927
47622,pop_1,3.970446837762885,3.36945424608981,2.6487136730303686,3.6588382124190186
47623,pop_1,3.9970430991375205,3.5065392904636976,2.2153776781753676,3.6375382937129803
47624,pop_1,4.478671294204472,3.6089559345341753,3.1243868327553392,3.4770296898748354
47625,pop_1,4.195484116818131,2.851558060349159,3.0633116848939035,3.4997169849438197
47626,pop_1,4.164981224113532,3.0416043677719684,2.872489038101878,2.6463992318597764
47627,pop_1,4.1785429843023945,2.8918608196090037,3.054227591248973,3.434448293450734
47628,pop_1,4.191075790882596,3.299658501031824,2.8109064011150857,3.347099008345509
47629,pop_1,4.2197767441104475,3.311473271091532,3.1222968216307985,3.2266215533223415
47630,pop_1,3.858610590049173,3.513617687652888,3.076137726457737,2.9947297322379263
47631,pop_1,4.173792809216181,3.2480409105783927,3.13201135775482,3.3734323664906523
47632,pop_1,4.181440323537102,2.754592571265244,2.9911591166345617,3.4996938448323474
47633,pop_1,4.126498251989359,2.991287708568135,2.7485741647409103,3.4899092820078703
47634,pop_1,3.763818187999064,3.094880281192271,2.894416200753472,3.1063592055415543
47635,pop_1,4.254155668639935,3.3374268553315796,2.59692644222475,3.391062492575304
47636,pop_1,4.106582730579903,3.0879638952207427,3.2070194909617684,3.4316537512903817
47637,pop_1,3.435217718118578,2.9930346193871724,2.8566331426878864,2.8248955753872265
47638,pop_1,4.167812590608163,3.3481129772179723,2.739415233654832,3.2574890477910095
47639,pop_1,4.3712373906382265,3.340638999533137,3.168905970748871,2.931776206428168
47640,pop_1,3.9575711204557544,2.880731768108245,3.050054266270867,3.4985076380675704
47641,pop_1,3.773752148158386,3.157515270938704,3.040234180726666,3.2847663015513864
47642,pop_1,4.015889075216715,3.0819789341241455,2.902554078328793,2.9852465396138834
47643,pop_1,4.106936656217245,3.110267171133316,2.806597421512165,3.6296083679387783
47644,pop_1,3.8020493569402714,3.11423997463269,2.6340568521571415,3.203223677303599
47645,pop_1,3.988104199661053,3.580804279248339,3.3232002041318323,3.1024203411471127
47646,pop_1,3.9208192594901616,3.414981834240797,2.805538232572825,3.1761266459852036
47647,pop_1,4.315036360166658,3.0205933313427455,3.1691571113097203,3.3147141246237535
47648,pop_1,3.6226367689414563,2.891258731794936,2.5008430254180194,3.4732284350555913
47649,pop_1,3.803398486810294,3.1296359083826704,2.8182057218290457,3.4009937675413013
47650,pop_1,3.8541359590677846,3.476633445886474,3.0636934542589747,2.864190734432261
47651,pop_1,4.068776347385923,3.083164458959502,2.9457535803042463,3.813742664600518
47652,pop_1,3.680822930529519,2.8407835697855655,3.07464761726212,3.032402038380641
47653,pop_1,3.8464641552984675,2.80928609848505,2.97242591154932,3.3640845695298434
47654,pop_1,3.807507881367776,2.7316522627547064,2.7341631755143627,3.0752475328322575
47655,pop_1,4.44166098713142,3.3916804126520073,2.747285995707199,3.644870647062423
47656,pop_1,3.9771098572118246,3.0738135265094715,3.39134908045574,3.582887694824464
47657,pop_1,4.496596732913123,3.2252716573076796,2.752192612940255,3.5417360564354787
47658,pop_1,4.245431040878211,3.493445786235989,3.160570648538649,3.497709291156599
47659,pop_1,4.260626284112821,3.066082422252575,3.1429880243420345,3.2713453875942573
47660,pop_1,3.6177027365039565,2.9165039425423402,2.9502682179360944,3.2044505347861514
47661,pop_1,3.924978656284992,2.859450749532424,3.0499067554767727,4.009264324370045
47662,pop_1,4.153067614442348,3.059520141755176,3.2120703299194493,3.5297796442370784
47663,pop_1,3.9374896085455022,3.070405431875213,2.945964573768664,2.920432238911572
47664,pop_1,4.006938346182491,3.294363175816972,2.987207168332625,3.714026065819076
47665,pop_1,4.136393167767249,2.828529681889351,3.151807969939419,3.197941007262432
47666,pop_1,3.8742061541765627,3.19282841338486,2.8827908743326756,3.4690243042595297
47667,pop_1,4.005302087605065,4.13647561995934,2.8875005795742217,3.018740595031457
47668,pop_1,4.101933186488934,2.995068513047385,2.9361495688962087,3.210256084505488
47669,pop_1,3.883302055532473,3.1892665397317694,3.0330109364180986,2.8435799987301063
47670,pop_1,3.8762156118577615,3.2547507639510087,3.106094899300553,3.7634912077573324
47671,pop_1,3.757566417844842,3.199303069956325,2.646570824137538,3.7771455284591724
47672,pop_1,4.001487504308989,3.2649389993899587,2.9884615659991445,2.9883101359440407
47673,pop_1,3.9563945838008476,2.9927374060078034,2.6818603881748713,3.1102789252829792
47674,pop_1,3.7572190537661423,2.811868189164029,2.5985086963034716,3.3664083082779634
47675,pop_1,3.975058681432616,3.3944727071834566,2.8603347278473534,2.4432458392953365
47676,pop_1,4.0395620577491815,3.2065025083525778,3.2264611669962737,3.1282635529476774
47677,pop_1,4.437766170631937,3.403913084115681,2.7320377132769305,2.884003276329797
47678,pop_1,3.987995552455558,3.122291460539842,2.8433571314021324,3.385915831558575
47679,pop_1,4.232743359535076,3.38838174011555,3.287872239726682,3.2679707590769986
47680,pop_1,4.082837488566163,3.4460457252863335,2.9423512918324284,3.3801147137275636
47681,pop_1,4.120723248446988,2.9699055418893594,2.8180030475167213,3.549060354031355
47682,pop_1,4.440281212183379,3.563402695962642,2.9688335868478255,3.203765126599753
47683,pop_1,4.09633405433949,2.963283356987476,3.00228698351588,3.198172002753269
47684,pop_1,4.613089744347072,2.870579924567769,3.0912043457531335,3.7886222090184516
47685,pop_1,4.260038890869286,2.9689887935359156,2.2818496035109326,3.7034016467690942
47686,pop_1,4.04335492884639,3.2984711921589285,2.56519261706086,3.586332312160917
47687,pop_1,3.945554222727681,2.9771949050112787,2.7948520661482474,3.5224981807013127
47688,pop_1,3.815967705114189,2.890643970268218,2.959189251559315,3.335973078746035
47689,pop_1,4.441737136581582,3.2049622351252305,3.276953961724353,2.8916586640216746
47690,pop_1,4.187869461317723,2.7689147746263605,2.815095520346887,3.4280613000570015
47691,pop_1,3.8535041392197114,3.272181795633591,2.7917603116278134,3.098897241044955
47692,pop_1,3.9048234355188742,3.102059489324854,2.692042911573568,3.4584902051857735
47693,pop_1,4.34596110713591,3.3620772998039326,2.8665194104585714,3.1476083267077195
47694,pop_1,3.7670930913872285,3.0957734091378244,2.87330446929707,2.8256033606455664
47695,pop_1,3.817472037421362,2.8612475670058033,2.706369468240832,3.8236538526920048
47696,pop_1,4.285655930749071,3.376783276820423,3.373019731757258,2.9176222398211102
47697,pop_1,3.8476790881131104,3.439763531116176,2.6718487538550417,2.9975046008821615
47698,pop_1,4.150048592646412,3.1047740810872417,3.166788117715325,3.6452868544403905
47699,pop_1,3.9214372487771127,3.3413386924672386,2.8194919276020163,3.3288050563700717
47700,pop_1,4.082878922066315,3.5018616042692488,3.1299930033789494,3.586300453987023
47701,pop_1,4.381973739052231,3.447563780032327,3.16504414413797,3.813495745307492
47702,pop_1,4.249489139711736,3.220255374956302,3.0638934268692157,3.245105413185084
47703,pop_1,4.009634815655423,2.8526187649306314,2.6785702927834896,3.131013455831702
47704,pop_1,3.9886631006228406,3.2660685946786256,2.431874123365127,3.154623812939977
47705,pop_1,4.560068797648348,2.825208542486316,2.850144803432995,3.394898401592808
47706,pop_1,3.911491576892696,3.1970690858635864,3.0117639712614293,3.4564985510557653
47707,pop_1,3.871944284352654,3.539917608971179,2.424976899683308,3.513475263198483
47708,pop_1,3.923481058179496,3.2569212460175945,2.91507854899175,3.4460538047131957
47709,pop_1,4.372637155222967,2.8692151833844957,2.6638574559747568,3.307946071641748
47710,pop_1,3.8035258705056654,3.3556094991504968,2.919631174878797,2.9391300829403275
47711,pop_1,3.9420562803671753,3.282835210374078,2.8557724131179207,3.60516387501578
47712,pop_1,4.224175626632368,2.9814467200604096,2.8391044131778456,3.308268372315734
47713,pop_1,3.685054784627938,2.96803331067656,2.7612564049110033,3.2682815984679956
47714,pop_1,3.8228525939322466,3.2287582011010847,3.2278179344298845,3.257762828416042
47715,pop_1,3.882337680288202,3.207720764341208,3.0892025009956807,3.267202006326466
47716,pop_1,4.029077522788188,3.148924998440827,3.1680625855521023,3.0723659138330883
47717,pop_1,3.7848305142797187,2.9134249560935572,3.2199336682590642,3.4549244956262406
47718,pop_1,3.638548501479775,3.6847752627423866,2.9997831506908037,3.3869920433762615
47719,pop_1,3.643643736054112,3.422665742337792,2.9439074538852097,3.1439599121891373
47720,pop_1,4.222947581746574,3.181527941147324,2.7479087568005363,3.421407791817799
47721,pop_1,4.499314646583872,3.5686402528563765,3.232756723272434,3.7633514212701926
47722,pop_1,4.681036153069584,3.3330240443485963,2.830086483216532,3.2326456334457356
47723,pop_1,3.916226611983796,3.527495275948179,3.1584564045066696,3.7318044957056036
47724,pop_1,4.068311135270211,3.117356592115168,2.5652004410472182,3.4926800448540494
47725,pop_1,3.8457100023649757,3.475093159763791,2.7820753629511947,3.1500024659882553
47726,pop_1,4.006261666016847,3.1523549758494376,3.0171416762912964,3.127696488527069
47727,pop_1,4.050045306036462,2.6924884787550414,3.053652684385742,3.1921100747505555
47728,pop_1,4.174770955213369,3.012704280444268,2.8789704763705526,3.325716511618382
47729,pop_1,3.7402549177094935,2.877191112689486,2.264329715400735,3.372889144559396
47730,pop_1,4.1387580951351906,3.0282726990152704,2.58842011424181,3.5756765930091543
47731,pop_1,4.342548935501165,3.1905427987063524,2.936434982198604,3.554139133270569
47732,pop_1,4.122633175803593,3.295441256560036,3.0393544083470503,3.113515216038556
47733,pop_1,3.937723829619866,3.303065139714614,3.0838202364144043,3.4903729787135163
47734,pop_1,4.242242462027469,3.205240796483002,3.0783152786436943,3.1557867164037403
47735,pop_1,4.4069238480980175,3.0242485899798193,3.1127785679187316,3.479058518482652
47736,pop_1,4.0363015511602045,3.298848204618193,2.9197446672600718,3.5671504109586074
47737,pop_1,3.8323501280280956,2.7282983052895773,3.0079848774071043,3.09548692488211
47738,pop_1,4.038812440878344,3.689388170825752,2.8523155764251995,3.0222731584342455
47739,pop_1,4.1492496445057485,3.2115138052038774,2.538342231140742,3.191688938740676
47740,pop_1,4.0013874667699065,3.397723825154232,2.743235333164082,3.654154180662127
47741,pop_1,4.034186578123988,3.021574274236026,2.5678051003022624,2.9514382978130063
47742,pop_1,3.7819307475089357,3.375775865402297,2.887687127854313,2.8545187672221504
47743,pop_1,4.0957626439988495,3.1279819607831416,2.7766338687153276,3.296825434754106
47744,pop_1,4.503678117224377,2.7479911910809536,2.936345795577879,3.0320580591653927
47745,pop_1,4.301831708651344,3.652048677958341,2.654467344166614,3.639802918104239
47746,pop_1,3.4769921591907664,2.9539715608062935,2.8246258409474287,3.5313698162828273
47747,pop_1,4.13259159934904,2.8594631584998353,2.815620341039599,3.4931720931181056
47748,pop_1,3.7580245122521854,3.27817642827475,2.831323751197838,3.320074737566679
47749,pop_1,3.9980465757627828,3.3300471997969616,2.819780703464336,3.3422494702882193
47750,pop_1,4.063965036111345,3.3183204959111876,2.98142548637449,3.072251006133136
47751,pop_1,3.98517930068751,2.831770471601914,2.9021811150861265,3.126695141066259
47752,pop_1,3.808262310310931,3.3609298251848387,2.9748286261372634,3.4822570757625764
47753,pop_1,4.566612708619323,2.9611945680895633,3.4250540263607414,3.273689565508606
47754,pop_1,4.681321153576346,3.7336496284429956,2.9443924993525403,3.2548788564405267
47755,pop_1,4.258843869513031,3.0960178818836614,2.6119861076011497,3.5270081428317783
47756,pop_1,3.61511704425802,3.1847091562011376,2.3662834676516766,3.840474711161982
47757,pop_1,4.383827853161048,3.116789308613324,2.962888737328571,3.708288984212093
47758,pop_1,4.1201944687245495,2.997008794763023,2.7161026278296263,3.044746944569933
47759,pop_1,4.246783629091169,2.9396449990278404,3.031300657730095,3.0872988858753305
47760,pop_1,4.445029534408747,3.4028919686163532,2.7233723344137712,3.548262668891797
47761,pop_1,3.849915724948278,3.3568656299000397,3.416201545934418,3.0975735941739875
47762,pop_1,4.002372530265003,3.0255719938901873,3.0740580579754795,3.4571034239279403
47763,pop_1,3.8409457183447855,3.2026320935859003,3.084900790411415,2.9811123079361845
47764,pop_1,3.9280088022487916,3.3648722948588192,3.266020118523432,2.7621754582903293
47765,pop_1,3.8492896833336605,3.3235735606183434,3.1861219311119453,3.602957430886926
47766,pop_1,4.392767398967044,2.9986158202589683,2.7286550002896823,3.1393571928277253
47767,pop_1,3.506473535783796,3.2185276191899175,2.8985740339590773,3.8745650954985633
47768,pop_1,3.9065296151779485,2.7350404376181707,2.6276017551609367,3.6611096230645814
47769,pop_1,4.014479095388993,3.24783954809885,3.499087450734594,3.277221273951287
47770,pop_1,4.194132783034653,3.2848808513926224,3.248871749082308,3.2555690378883515
47771,pop_1,3.659085641192082,3.0225790441993055,2.9665771696071275,3.0954683223660195
47772,pop_1,4.213789274498249,3.01468231649716,2.8811165661854194,3.0518305800279797
47773,pop_1,4.477349593678933,3.3798298550327335,2.833042297144934,3.1468569699024522
47774,pop_1,3.896961374593782,3.076767940942161,3.0063432482601216,3.107438041887058
47775,pop_1,3.8359931998678993,3.148540496662414,2.5444501456018935,3.890323351569524
47776,pop_1,4.0163403308732155,3.345575144780269,3.103628943933185,3.15956902351573
47777,pop_1,4.39601869901996,2.9160501439635027,3.139742981662548,3.633371781570467
47778,pop_1,3.937054140804023,3.4282268605718262,3.0088211571080588,3.1764846859614844
47779,pop_1,4.149066920302917,3.3155618129812052,2.7890745905140095,3.1201149694735943
47780,pop_1,4.518436318982283,3.2549262886957697,3.163284182337971,3.1730362151379206
47781,pop_1,3.7112747068176293,3.689039410843976,2.6289748911180517,3.1252880645440775
47782,pop_1,4.527000490074617,3.1125369820618483,2.7627385703871163,3.139003614691565
47783,pop_1,4.443252195177249,3.6741811446517425,2.8064115236582317,3.6547852454643555
47784,pop_1,4.147704058730721,3.14464673914956,2.559733885256808,3.805846058218942
47785,pop_1,4.381251152491319,2.762484175138041,3.1061822902167324,3.539441034451495
47786,pop_1,4.256954612529182,2.833778123395682,3.1084595755637676,3.3076072309887197
47787,pop_1,4.349144180634613,3.379920186722983,2.7201052848583367,3.5366131378120476
47788,pop_1,4.207335023173786,3.2077699273275053,3.0270503403985463,3.4424004445008314
47789,pop_1,4.100806117218544,3.267471890182489,3.0132878525477866,2.942527351369766
47790,pop_1,3.70319402415194,3.123454764509111,2.554521543968988,3.5880033573751593
47791,pop_1,4.110844005500764,3.7358029032764293,3.4381052210829535,2.8548630821539325
47792,pop_1,4.595511861441687,3.3254919360272037,3.0737305569291107,3.56498117040608
47793,pop_1,4.556183388880902,3.4106999121691866,2.897369598727615,3.471236409611145
47794,pop_1,4.195878615861676,2.959284255793689,2.640302623760419,3.363114453405948
47795,pop_1,3.9905680069783975,2.651624368019555,2.4785368883276218,3.510528835957043
47796,pop_1,3.7923440983061805,2.996812662276734,2.8191815331984134,3.4355466395185403
47797,pop_1,3.8305021019496945,3.400610213857929,2.876527507459696,3.6940789469042947
47798,pop_1,3.8193084552562455,3.2261797218704356,2.862281446525556,3.151327226948072
47799,pop_1,3.873746741311294,3.3483359282941683,2.5700043272827973,3.129064386357704
47800,pop_1,4.1435195417689235,3.5059871135671794,2.8979532693517056,3.707635009203283
47801,pop_1,4.023011469683977,3.3691940453255516,2.792797602719948,3.364758069700671
47802,pop_1,3.9371484227082245,3.217253275734776,2.9886121145807323,3.48682136650755
47803,pop_1,4.327487180602995,3.477302489963177,3.203991608742436,3.185618304471732
47804,pop_1,3.9994290435336577,3.3041396754805388,2.6911013115933393,3.3721768373530416
47805,pop_1,3.689858100665053,3.2118398902825973,3.3710623491052005,3.1525124082080294
47806,pop_1,4.307832540982851,2.966445398443483,2.725462045839756,3.51040008637464
47807,pop_1,4.274093884425206,3.3746837139324204,2.6834230638698617,2.9307810132096046
47808,pop_1,4.251964551641228,3.0084143798676837,2.8553603802456182,3.4155994364464357
47809,pop_1,4.604250882036569,3.505376558059587,3.013098352945703,3.755275663469167
47810,pop_1,4.688634223450126,3.2610876414368013,2.709889726418713,3.0575536297865153
47811,pop_1,4.061555488685871,3.3961108708028918,2.9217282254903467,3.30279450331988
47812,pop_1,4.131356467723568,2.880525800261906,2.6106176897944233,3.1150796326318813
47813,pop_1,4.028017306815404,2.987856149585036,3.0533083067500715,3.1172614033195
47814,pop_1,4.3491101936169745,3.252728417522848,2.9256671570942414,3.0772204690793052
47815,pop_1,3.719651434331703,2.9947871835040933,2.8681924750035668,3.656662548507342
47816,pop_1,4.216682939537508,3.1131765835688596,2.9530146430544457,3.6359067902087876
47817,pop_1,3.9302876016764734,3.624723586541263,2.6680085079992404,2.8736615942195725
47818,pop_1,4.1704506917894735,2.9218488671789022,2.8656900197513813,3.319500308268152
47819,pop_1,4.023737712778662,2.9370946385642456,2.8541717743078787,3.337810275138078
47820,pop_1,4.127027049632347,2.968357673987419,3.0501874894741388,3.362406125567689
47821,pop_1,4.676561766195152,3.3417238171058252,2.9832442326733895,3.31016333587941
47822,pop_1,3.902064416057349,2.9881652908036647,3.22473956529126,3.055324377612526
47823,pop_1,3.655098571440504,3.0319529746108334,2.525661409081036,3.3340329165615867
47824,pop_1,3.954879302822323,2.8839878662663447,3.002824144698762,3.43567801209621
47825,pop_1,3.9789472505676167,3.040380212551396,3.0083448714040966,3.1659361890422257
47826,pop_1,3.8165162349484874,3.6075961009364015,2.6643502808384625,3.0132564010745857
47827,pop_1,3.9658546694970807,3.5447137196349114,2.7844182770432004,3.3685961284753803
47828,pop_1,4.276958005896452,2.929173380478038,2.608203227811345,3.0453921398838064
47829,pop_1,3.8725313100366616,3.1378782992855148,2.7503875041908685,3.623537200374981
47830,pop_1,4.041661880789363,2.997811810488097,2.744706093723666,3.1916848869128946
47831,pop_1,3.938793242683213,3.1385061738575173,2.9996704545023207,3.4997051864217745
47832,pop_1,4.157323652545318,3.4058801299872017,2.6137335766568155,3.6286901716228677
47833,pop_1,4.4241144610453835,3.5788302695702976,3.157025401369412,3.027441403727135
47834,pop_1,3.9748832182442575,3.502344094380607,3.1175512339651212,3.437648009586337
47835,pop_1,4.223094810763002,2.6290208243288324,2.903553500672225,2.9764616279547456
47836,pop_1,3.925767730460724,2.5481435066744362,2.7658592161192566,3.144823427722921
47837,pop_1,3.7473440580525437,2.66904111443499,2.776200935384488,3.1453406447420424
47838,pop_1,4.01603538256932,2.6577290009622665,3.1976881702447866,3.5612801235118936
47839,pop_1,3.839668801842444,3.3415809619889485,2.5278772529904434,3.255451408484912
47840,pop_1,4.443536798013656,3.3010830867556202,2.911409785021346,3.159963822540613
47841,pop_1,3.688647154562794,3.671877953355824,2.8854052922707845,3.407117792892512
47842,pop_1,3.6389098021098127,3.385250900224741,2.97868526862159,3.098488956123159
47843,pop_1,4.290068575715813,3.007557807480689,2.8753598450744406,3.2668514339413783
47844,pop_1,3.985674840148776,3.3991486775645696,3.0608121813567983,3.049131547484721
47845,pop_1,3.9918032587181465,3.285471064688734,2.772121809846295,3.756513929935691
47846,pop_1,3.978748869971142,2.811882458075898,2.97108173941661,3.207480417365966
47847,pop_1,4.554215095864506,3.1981089395378097,2.6411724465421424,3.5107825724834716
47848,pop_1,3.5373416395033925,2.7628173830139233,2.89172376731384,3.262912260904904
47849,pop_1,4.274487685638141,3.0841369727284804,2.8542455457183995,3.938908336639296
47850,pop_1,4.041359765406271,2.8630751801218968,3.071537442692192,3.041500036049154
47851,pop_1,4.459588757093261,3.2727685060004954,2.955255147287018,3.0590274710736547
47852,pop_1,4.044503284686467,3.095020968138603,2.9373857524300173,3.1371928799282283
47853,pop_1,3.905368027657472,2.818651103327912,2.769813423708752,3.707318157629586
47854,pop_1,4.43096046065415,3.1904695445766005,3.0369918664264155,2.8022620794326096
47855,pop_1,4.156809135725147,3.1068661444242682,2.8543642608533055,3.8136310400349167
47856,pop_1,3.753363317623326,2.5341572036224194,2.6707006228652053,2.7917185840553995
47857,pop_1,4.1054841495666485,3.2200975257521027,2.8692473423042197,3.1813771188789097
47858,pop_1,4.129558545629992,3.3839644065165713,2.9843311420199115,3.465571603836532
47859,pop_1,3.885730009631305,3.085394460631476,2.621729820476083,3.016121366683558
47860,pop_1,4.365507010605949,3.7648202123045897,2.9941473462535217,3.154063037101961
47861,pop_1,4.103006195795254,3.08487559362814,2.8791164841892214,3.7341435133209018
47862,pop_1,3.800915228030497,2.9603858736849467,2.8642291166078873,3.7356684490552756
47863,pop_1,3.810557413606405,3.4630535675171252,3.016767893888465,3.737911680234235
47864,pop_1,4.044891713427496,3.100823021027211,2.8407643792768296,3.055304563804422
47865,pop_1,4.199998450314639,3.540453301206689,2.410539537354361,3.4136556574676677
47866,pop_1,4.007038042195383,2.8601767781092153,2.8833823017983056,2.8605091671832907
47867,pop_1,4.168238242857091,3.0939001748189754,2.653391444695349,3.2967419901137864
47868,pop_1,4.115833712203428,3.2445898427247695,2.7431780843652582,3.4224317099869817
47869,pop_1,3.4968930584085554,3.2911215514224383,3.0719700744967096,3.042971569578032
47870,pop_1,4.070019691499099,2.9469140749298814,3.1249913954311395,3.668717161518262
47871,pop_1,4.194674972885686,3.3676390168607417,3.0977983725991813,3.4203447967195935
47872,pop_1,3.9799843149470884,3.3875255235074273,3.1137284916701162,3.3761488005986404
47873,pop_1,3.5477298890968596,3.012468572519656,3.144341013928868,3.6512516454695767
47874,pop_1,4.383346347378744,3.549355936865839,3.294877514562814,3.314552151871127
47875,pop_1,4.171617847000778,3.098484439002413,3.035607740182856,3.1702992983091636
47876,pop_1,4.0970763146021785,3.2278400813849255,3.299582281520032,2.783686177967805
47877,pop_1,4.205280250489935,3.2321330964084622,3.0897559930739322,3.008138126111725
47878,pop_1,4.106990387045065,3.2295962190914547,3.315013975064623,3.22784051891996
47879,pop_1,3.7718160547078154,2.9192270446887205,2.9610051302202374,3.0520182110870757
47880,pop_1,3.2066351080072573,3.4280312371530757,2.7983955191051475,3.103800366256605
47881,pop_1,4.249554363928377,3.57781745076828,3.128245673873309,3.036120879366606
47882,pop_1,3.867444719755301,3.3042344541047943,2.637469530191237,3.2730619000286243
47883,pop_1,3.8113956438774137,3.613311999397213,2.839166809719363,3.004290299664565
47884,pop_1,3.6803339708939595,2.5839948859555735,2.7702519673464874,2.9610659947908817
47885,pop_1,4.190381626819872,2.959753795323536,3.005344122790397,3.2090027218262276
47886,pop_1,4.171638075476906,3.5642234250002383,3.047609980709707,2.9038783575142557
47887,pop_1,4.849901052180858,2.8585883125724596,3.269901184915718,3.5460135986539805
47888,pop_1,4.443400365770161,3.2137973605953967,2.7516735837793567,3.4276327760491743
47889,pop_1,3.9858625179614373,3.2172486349164053,2.8724918662727084,3.2854273412949477
47890,pop_1,4.306068020641303,3.0359879527378624,3.1351293668755225,3.1224499961167593
47891,pop_1,4.030682527053075,3.029744448850313,2.5965027398549223,3.5018775799869433
47892,pop_1,4.254934357114214,3.3195452079878858,3.091472580870698,3.4390360257021504
47893,pop_1,3.9653399285989273,3.3605799581441054,3.036281207931653,3.28216477043055
47894,pop_1,4.22684736349569,3.2170351948412614,2.9128709838920317,3.4372198935518847
47895,pop_1,4.297672380200494,3.455561015350954,3.0440559668803018,3.7149307154181757
47896,pop_1,3.5975241520793615,3.075825422577969,2.495619338214137,3.564879727402847
47897,pop_1,3.9492282079286265,3.2442443902247455,3.038630412198655,3.4877049080423195
47898,pop_1,4.207722976900968,3.0793011056702344,2.691323967805358,3.1480349527728073
47899,pop_1,4.061656476306764,3.2073397631697205,2.7183759105612513,3.4558819253328075
47900,pop_1,4.314996833880082,3.333849652666038,2.8638197337234805,3.6316118658421384
47901,pop_1,4.184202792811734,2.7296968255298153,2.950410129729665,3.5128705520054218
47902,pop_1,3.864534216926434,2.736407011736502,3.06471590153839,2.9181114530034953
47903,pop_1,3.5817692292042103,3.3353164611506547,2.8996088163973837,3.6771018414327785
47904,pop_1,3.988534149816631,3.4866338092329685,3.1400571313965036,3.1206579706928568
47905,pop_1,3.7949874324721304,2.8461616020463403,2.724890831573759,3.0287799511094957
47906,pop_1,4.241767715646252,3.262305410492879,2.781599796470248,2.8127078732243027
47907,pop_1,4.119514150323926,3.3916700382209815,3.0624409657225566,3.2070150152842962
47908,pop_1,3.9262847864276673,3.405307810383271,2.99155166758232,3.1424159982292794
47909,pop_1,4.368095570211348,3.4897451923747673,3.082638787806602,3.2180147275899516
47910,pop_1,3.922521227161226,3.2745661231061765,2.60356337153287,3.2035066178401674
47911,pop_1,4.037794331704705,3.1002737440935104,2.8570962386396768,3.040046673177505
47912,pop_1,4.289570882015737,3.4539702237028447,2.8970943230155837,3.3801730776584815
47913,pop_1,4.027848907131099,3.2985510326402463,2.572742673190374,3.487680747582886
47914,pop_1,3.9742652697505236,3.279858980945509,2.632954031946549,3.4955841617107923
47915,pop_1,3.929890866570127,3.4013337734433247,2.8464434292456517,3.5043701185731004
47916,pop_1,4.100645662478933,2.79151066266462,3.046049103359705,3.1222835509686906
47917,pop_1,3.945667475612065,2.7748463135863237,3.0613485050281253,3.227342449894934
47918,pop_1,4.118370705509451,3.188307707560232,2.99201796872387,3.2844936029580465
47919,pop_1,3.9402090912568366,2.752909690466767,2.850802064547738,3.288117103016852
47920,pop_1,4.325357614856408,2.8113238697587084,2.9017027934703723,3.710786386458068
47921,pop_1,3.4267724085937794,2.9719169063629542,2.7139984667373196,3.518973107336506
47922,pop_1,4.449606335468714,3.1200134330487312,3.135399756233753,3.0498796195330913
47923,pop_1,3.7142605197038496,3.437785695866765,2.8026002878066896,3.061014198785929
47924,pop_1,3.909744598868234,3.012946890567279,2.8604217603482764,2.927427434354122
47925,pop_1,3.859118601138639,3.4448073168852793,2.5928942893432523,3.1309607828429096
47926,pop_1,4.050260869902974,3.2240202799255524,2.9101386511073972,3.1711065668496468
47927,pop_1,4.125880520980198,3.381142787360505,2.803641601303274,3.2971413714150097
47928,pop_1,4.084018626351417,3.0930509180660475,2.8237504330665675,3.400973727740005
47929,pop_1,4.367837708514328,3.411788592215576,2.57607399890619,3.6374864237873146
47930,pop_1,3.5626073649953405,2.482672364150243,2.8009070798250435,3.178025716044383
47931,pop_1,4.616655720060935,3.055766942063384,3.027302264433922,3.6337009155603845
47932,pop_1,4.1001157234387815,3.3485843904104646,3.047530285501836,3.085456851838094
47933,pop_1,3.9315247004804452,3.450143524878957,3.094245488379382,3.018430440252646
47934,pop_1,4.094888657076673,2.723092358567933,2.6978780656862487,3.488072859557554
47935,pop_1,4.329811667180724,3.653376931690129,3.1619061913688262,3.383841718146666
47936,pop_1,4.049504002134621,2.8169435453280305,2.761471015375276,3.303780083593727
47937,pop_1,3.748030861413241,2.650077582556991,3.0159779816113863,3.3233440924247146
47938,pop_1,3.831005228117319,3.642692017364085,3.0316813339726245,3.216027596410406
47939,pop_1,4.131410977085363,3.420275704325418,2.904984640564393,3.2311211170021523
47940,pop_1,4.140865112007282,3.4690809902568707,3.0249662393954235,3.2796574493150312
47941,pop_1,3.8037993187006367,3.3153372263746297,3.0107050430039974,3.5203193627453224
47942,pop_1,4.261276576425929,3.5613724815989225,3.0024145554710184,3.6183133935988057
47943,pop_1,3.9515090028972857,3.5149365383281346,2.8395102914839474,3.1837130166907337
47944,pop_1,4.8540520957731434,3.4174213532116293,3.039114506006031,3.221416631137843
47945,pop_1,3.8688199586917165,3.0717643542125392,2.996297703388852,3.6192716542992547
47946,pop_1,3.700585974176454,3.2653067649890555,3.2992316313212724,3.3445478135457836
47947,pop_1,4.024264633679308,3.4200884811536176,2.9408328128924457,3.015909243632445
47948,pop_1,3.939649666027424,2.687239464512958,3.1858968592644286,3.1923295367449533
47949,pop_1,4.645107089942126,3.5219532631033283,2.6656705556865763,3.539778054147109
47950,pop_1,4.131557479381837,3.013790994810251,3.11090135590984,3.7707285493485805
47951,pop_1,3.648715417692552,3.261418848537409,3.1780547720052668,3.1622205273362454
47952,pop_1,3.9911203871479732,3.192385930086076,2.690256423380278,2.8412669143876434
47953,pop_1,4.510949595509908,3.720148792130803,3.0446300189693702,3.3398438068577296
47954,pop_1,3.779852188377622,2.8838077742278356,2.8451607978382,3.5439050892338244
47955,pop_1,3.7832176774955335,2.950045459719977,2.8033925312519465,3.199596323206173
47956,pop_1,4.4036328080031035,3.168629034298643,3.39882119650041,3.045180731883899
47957,pop_1,3.379061678378385,2.655391265846132,2.7278519289526506,3.521270911430743
47958,pop_1,3.997077298670874,3.1291826879430014,2.952881723688454,3.029277595145971
47959,pop_1,4.503834908099249,3.1040639140744912,3.0019533065950403,3.769991258375822
47960,pop_1,4.356341749008483,3.223842444796001,2.7171627164617402,3.7357520137052065
47961,pop_1,4.014058527653333,3.01047441592132,2.644330646767642,3.785583355658914
47962,pop_1,4.226123860936602,3.6572372861039257,2.88465489385602,2.642320562878911
47963,pop_1,3.886208401824022,3.1056137139777458,3.0108766814564794,3.4732880448144323
47964,pop_1,3.907387164139427,2.8842181998271994,2.7861262249459795,3.694810968794325
47965,pop_1,3.7935947884750867,3.230189805993147,2.6389274842662545,2.757143650876858
47966,pop_1,4.213478900759258,3.2034854770414403,3.0681035953546694,3.145126512462592
47967,pop_1,4.422300106163034,3.1410744885897053,3.166243775752899,3.2950423928185644
47968,pop_1,4.088021567014713,3.419200927544406,2.918496245093886,3.044339576677687
47969,pop_1,3.5550825798883614,3.335704691648525,2.712689103669048,3.722645341834958
47970,pop_1,3.892214552734001,3.4920717688779015,3.0458236956383145,3.693367553356248
47971,pop_1,4.156451995581292,3.528130265991029,2.8066542622226063,3.5967916445603714
47972,pop_1,4.6635898638629545,3.557161594987288,3.2326490016938325,2.2785571164270686
47973,pop_1,3.955860545077328,3.173759683051421,2.852176605214069,3.0335809952577124
47974,pop_1,4.2456367835961935,3.2974787001450765,2.762151406558478,2.982499864333542
47975,pop_1,3.98808915063744,3.175888355669289,2.919747883228319,3.811410552523556
47976,pop_1,4.5045245830059635,3.3261534277678213,2.9551170230736115,3.576556770290603
47977,pop_1,4.4969742596385025,3.8229994065947297,3.100501495170736,3.3522754523526275
47978,pop_1,4.592921803934705,2.8651501899358385,3.1451531032354003,3.2112632699254733
47979,pop_1,4.102252569294338,3.1470304790464807,3.1325458442626775,2.976856024961104
47980,pop_1,3.9384341350108687,3.454597449514707,2.827533517773271,3.50754031808793
47981,pop_1,4.1522385178788035,3.1340824421939693,2.8719497809855183,3.2766717756586528
47982,pop_1,4.001154061590448,2.804253242359318,2.943632097285688,3.271406333417376
47983,pop_1,3.759177407269389,2.9273442064395163,2.685035170431634,3.2795781016715715
47984,pop_1,3.762972374139619,3.0368744259792106,2.896804483187869,3.1220084520477367
47985,pop_1,3.7415842137451025,2.982829360379833,2.963585473798125,3.1873722390078854
47986,pop_1,4.400067418824136,3.2712736545164516,3.0644626581258843,3.203520088227255
47987,pop_1,4.255471484504852,3.2334878628608457,3.1157259704524694,3.2560391054192817
47988,pop_1,4.316074048590393,3.150301165002763,3.1108319561416455,3.1886198169461437
47989,pop_1,4.013580002521053,2.3029655387827224,3.275214540783189,2.9925854065726254
47990,pop_1,3.993335199196784,3.1929935918658767,2.5931784702145055,3.7023600829700594
47991,pop_1,4.177551116414171,3.1304437458644148,3.1474474003220383,3.1658484308469443
47992,pop_1,4.13853725303966,2.9846786232285774,3.012307732177601,2.9677632941871144
47993,pop_1,3.9211441283666297,3.1207558443274577,3.0769906432960896,3.337896424606859
47994,pop_1,4.0037394330786995,3.751670935999245,3.094029136752537,3.2879088009829016
47995,pop_1,4.518244356902132,3.2520792852182545,2.9358905258067294,3.595633185115342
47996,pop_1,4.163725490031765,3.449381880591513,2.749474669355214,3.2801243930743023
47997,pop_1,3.829966524801842,3.3291412086443333,3.0255534547497533,3.3611316338180277
47998,pop_1,4.584874162502246,2.6350147053402955,3.214307069978734,3.21967276273815
47999,pop_1,3.8638579642846773,3.5634977237978593,3.2716889606972943,3.330910244086538
57000,pop_2,2.7585740255568667,4.100736624802114,3.0576551385678084,3.1070211396855156
57001,pop_2,3.0460828270830405,3.8615758190325082,3.290081605934142,2.6244940850247196
57002,pop_2,3.230579003435569,3.853210098026652,3.6554619305028853,2.9572897053916525
57003,pop_2,2.907287801549022,3.8786136374408473,3.288644763493901,2.8109725487279835
57004,pop_2,2.6225631726683654,3.818330058044732,2.78996737618321,2.7327197953564952
57005,pop_2,3.159415999779223,3.932282572036657,2.8712419036976407,2.5194220509484193
57006,pop_2,2.9855932557099503,3.63982923773995,3.8732315372849415,2.7269017879053106
57007,pop_2,2.9758680980986982,3.897244603577174,3.3985209288853744,3.1477364651500275
57008,pop_2,2.8507740791387324,3.8472144277053935,2.963757353028749,3.2013848639840035
57009,pop_2,2.9565748161858165,3.842376264031884,3.6629920903491295,2.5480994418004226
57010,pop_2,2.9247391694724607,4.063870451611826,3.00086780249129,2.851397195883826
57011,pop_2,2.9727862622256245,3.978310568580748,3.1399462782912915,2.8015039337076004
57012,pop_2,3.2060959145657457,3.6447663759281244,3.300088475961076,2.8549628325053087
57013,pop_2,3.191822374800144,3.9895727192185726,3.5651105872977285,2.489847322135801
57014,pop_2,2.732843812722419,3.8342760661216495,3.1181934277966836,3.0303662612319324
57015,pop_2,2.625477818331355,4.31971513320022,3.532634745690862,2.3227187135445306
57016,pop_2,3.2495139399827577,3.724529221723371,3.1819039484614646,2.61060949792204
57017,pop_2,2.6076350567691766,4.112510817641961,3.4381779911845816,3.148765726880949
57018,pop_2,3.105869512617099,3.9659643592154965,3.579962377440237,2.9813512649686564
57019,pop_2,2.5803649802964874,3.7274941518215927,2.974152446331808,3.0348182495197316
57020,pop_2,3.179171698827925,3.885675366325885,3.5578463292133504,2.6658964822123754
57021,pop_2,3.142826917322148,3.971406840663796,3.368695740708935,2.8014504796437967
57022,pop_2,3.472713475655145,3.930071115600061,2.8978763820366242,3.239435026450715
57023,pop_2,2.9572181390280843,3.752937228401947,3.2144834504421533,3.225407782640862
57024,pop_2,2.759162958990972,3.972266511122441,2.9838724927062965,2.7816608375392815
57025,pop_2,3.0631793995817014,3.9729244579797527,3.077025240759164,3.0610356710843845
57026,pop_2,3.1565029649986505,3.9385971805704147,3.157591955258363,2.6105580110468196
57027,pop_2,2.742754611303518,3.478852988080243,3.152393958311374,2.508132135894486
57028,pop_2,3.2143562971344286,3.776983300747353,3.5744138317854297,2.8205704565006466
57029,pop_2,3.036929255140757,3.754966349873023,3.276542600700315,2.9211490616369
57030,pop_2,3.1956070139892447,4.294584195227737,3.1742744622666645,2.648763226510751
57031,pop_2,2.7583992350727082,3.783425791860673,3.291693406278553,2.332313065294136
57032,pop_2,3.065794080636964,4.256440248584467,3.2735506066072033,2.9392759834566604
57033,pop_2,3.25729054577176,3.9638587373632967,3.3046912972341316,2.819308857033264
57034,pop_2,3.333853872520711,3.6686649481782236,3.376294656945542,2.5779788644077706
57035,pop_2,2.973273157776253,3.8358140444172903,3.28142637252448,2.923203028977131
57036,pop_2,3.115378669361175,4.269969828781531,3.6412151860459776,3.0875977245923756
57037,pop_2,3.0384204850212213,3.857776416021634,2.846587853021652,2.1733853510261953
57038,pop_2,3.1539513981728944,3.871637391006294,3.317375958255872,2.6683465864761486
57039,pop_2,2.867802275922098,3.667563857767901,3.30813257327415,2.920436316903666
57040,pop_2,3.081435643465362,3.792342393464581,3.382057019719508,2.982160042771169
57041,pop_2,3.205869686332224,3.7289003998710406,3.121138948902922,2.4157468267771587
57042,pop_2,3.0443015695480864,3.410840189675993,3.6653602613681593,2.843568712445872
57043,pop_2,2.9614692988366986,4.196599524741795,3.7090062677874327,2.9366346016217304
57044,pop_2,2.367482457972866,3.849634109068,4.04820213108754,2.9944460925791194
57045,pop_2,2.740042506649365,3.850282080608314,2.907095166598035,2.8866165499212117
57046,pop_2,2.8110510867750476,3.484412050421408,2.952349156182717,2.7853656477298503
57047,pop_2,2.927176401157524,4.039537803259618,3.490704665053629,2.703989494994271
57048,pop_2,2.865376661822897,4.088885628300831,3.3270234435095953,2.766791077903594
57049,pop_2,2.892949539341839,4.06835143388775,3.9363226652139742,3.287308950366076
57050,pop_2,2.847665667698043,4.073621148891387,3.3235626705311287,2.8446204904635644
57051,pop_2,2.9381206472910786,3.8130037105347574,2.9650556086915167,2.946648742038831
57052,pop_2,2.80603315510469,3.8553818512809426,3.3026779793210173,3.0861820262078927
57053,pop_2,3.1995664056548456,3.9247696878448095,3.4004256950888783,2.8167124688531606
57054,pop_2,2.78451002508806,3.859635247965927,3.4835317805006047,2.4263837515447264
57055,pop_2,2.8975067461131876,3.39197265369646,3.020719222908135,3.2747965020729923
57056,pop_2,2.8414876410433845,3.87750323955422,3.317289990852661,3.1656191338208752
57057,pop_2,3.1750423110347015,3.4611407296606025,3.93720906775826,2.6957612563010676
57058,pop_2,2.7651633222046437,3.971883212856742,3.3046290725943877,3.241278609840612
57059,pop_2,2.8183462091165423,4.037637278166057,3.1512506548484245,2.9699076129703084
57060,pop_2,2.8570939297663247,3.542285502605775,3.0719179575839823,3.367676392830023
57061,pop_2,3.5346257980422733,3.925913547647469,2.981152460209744,2.889278402598505
57062,pop_2,3.03137475716922,4.1365625469685225,3.7889498399887804,2.65757614844352
57063,pop_2,3.00026014033856,3.664478456749836,3.3711815565974352,3.3905035558029737
57064,pop_2,2.754808961834092,3.856584870024342,3.7929450132220963,3.304731740701214
57065,pop_2,3.2718422316348725,3.993673113060655,3.859115203610011,2.2814091266823864
57066,pop_2,2.594222170771426,3.9247274244548827,3.205102223546566,3.062821377055133
57067,pop_2,3.2913047104861364,4.258718068943275,3.382049129538978,2.761486171316951
57068,pop_2,2.512542796977412,3.809662681026132,3.582029528711707,3.058655127138859
57069,pop_2,3.560929755215101,3.571395908204007,2.654492750009539,2.788172849892328
57070,pop_2,2.889793302294723,4.069476926161434,3.5220961231910883,3.0460216647537917
57071,pop_2,3.0922268682266116,4.104029088513854,3.257477355509202,3.117667668307339
57072,pop_2,2.844834302947272,3.959225605182648,3.734723153181474,3.000228224918168
57073,pop_2,3.0510337997088346,3.880987006202237,3.8140780326552135,3.1966058472333607
57074,pop_2,3.1617330981677263,3.925255415375118,3.371550896087169,2.5438107517874244
57075,pop_2,2.867387884873589,3.87939363171694,2.983526056716002,2.5268353535169514
57076,pop_2,2.9704297346379596,4.041669559963966,3.438741916776905,2.921037581338882
57077,pop_2,2.9960339628848107,3.610920494991905,3.5614858891965286,2.7260583799067364
57078,pop_2,3.3122212147199344,4.536150342449321,3.1910750195491095,2.6214348459195254
57079,pop_2,2.9958257023174273,3.4268297819117657,3.236997406532642,2.0838613961587087
57080,pop_2,3.130549503707092,3.839683019211665,2.9883667368931333,2.855924565698387
57081,pop_2,3.061937362507939,4.0633699595419905,3.2358898598411785,2.8229399466597367
57082,pop_2,2.7448452445041216,4.472522507290216,3.571779212104135,2.9675318131893462
57083,pop_2,3.091905294787001,3.504541509759829,3.4679364102440084,2.909929070728304
57084,pop_2,3.226304086613352,4.023097184702775,3.4753853151726837,2.591162913016185
57085,pop_2,2.9785610551182593,4.339173494912687,3.342366022889028,3.197282455403337
57086,pop_2,3.1309632236797196,4.259530914364957,3.9230379784516876,2.733811975306196
57087,pop_2,3.0842805936933106,3.515926889294444,3.217056516134706,2.399958693119911
57088,pop_2,3.0344529275542493,3.716287583817529,3.296499648435419,2.746452099065579
57089,pop_2,2.531140084540485,3.7310711206527203,3.069022914498793,3.066643994160643
57090,pop_2,2.6450539266323867,4.143271045576416,3.1883098583568494,3.302268472213459
57091,pop_2,3.016776617808124,3.6081778983000072,3.163884172546386,2.592096060821074
57092,pop_2,2.8795807849292747,3.7215589241409113,3.8579664147767603,2.997034974077199
57093,pop_2,2.7885131047823597,4.170084472568565,3.437253109750381,2.904859898583479
57094,pop_2,2.8900033698609726,4.0423739130196115,3.0394190491658413,2.866743028084704
57095,pop_2,3.1090035379097554,4.2445741414250655,3.7526413310037396,2.78297912074185
57096,pop_2,3.040595358152854,3.7493710334046515,3.3977800004144165,2.8406144127263073
57097,pop_2,3.191189410217758,3.9742794880457484,3.37418049387369,2.374560101047815
57098,pop_2,2.734195395650885,4.01660226039716,3.4208321325343274,2.911271194487604
57099,pop_2,2.745455746216986,3.9019809812166955,3.534999900902545,2.795540224763047
57100,pop_2,2.7266049283381157,4.105939553934638,3.3321025830261632,2.3379051987162467
57101,pop_2,2.8815030118070553,3.5143202672077023,3.176312600388646,2.629309995228649
57102,pop_2,3.0841414712341644,3.6010643883281834,3.375421165208145,2.8195638475673857
57103,pop_2,2.758438574051002,3.7430823200506684,3.921599694519197,3.0278047099653773
57104,pop_2,3.22477679708061,3.5257744913130304,3.478235090651855,2.5540668789898615
57105,pop_2,2.5560472192052917,3.3947602680191,2.914072093418946,3.206689170286977
57106,pop_2,2.9656863323523677,3.847641368248999,3.8169870780615884,2.8134771672808356
57107,pop_2,2.7969168787443714,3.814045064574074,3.3988510816003616,2.8287120309320697
57108,pop_2,2.983645366901155,3.515843565112368,2.9089769252511593,2.624615535395959
57109,pop_2,2.517329214543203,3.5277650093176214,3.2877343930021117,2.882532601782807
57110,pop_2,2.78669301086437,3.8070846069295885,2.420438721297472,2.6367977446971014
57111,pop_2,2.8277870746796996,4.106302398779982,3.47381597900199,2.706513332181574
57112,pop_2,2.5437788192792405,4.026039234051283,3.2173090231678105,2.660876771296731
57113,pop_2,2.7509630417415467,3.8461125923522683,3.35116681336359,3.278616011175976
57114,pop_2,2.493128019325935,4.253377190808954,3.5515738488337845,2.8016825123970537
57115,pop_2,2.9162345449186184,3.8998000078391555,3.752615810661216,3.439022539817078
57116,pop_2,2.906952414190908,3.7245421804304937,3.0648611233209726,3.242312385877107
57117,pop_2,2.915893869760812,3.639060947279712,3.0372964263923152,2.996760694455055
57118,pop_2,2.8334421090900896,4.195838947950887,3.529432291966815,2.824730558087365
57119,pop_2,2.96379679418985,3.565752381687872,3.5164811031913294,2.9544229420766825
57120,pop_2,3.2765949505695677,3.922902775486948,3.270099199291113,2.7707021905465803
57121,pop_2,2.8605636196368627,3.6825646043979483,3.5417932752651424,2.789849604134268
57122,pop_2,2.7653185677986496,3.9430384661127245,3.6276492516970387,2.3083300368756365
57123,pop_2,2.3630195280113893,3.817273617938587,3.1931644465006994,2.842311431598866
57124,pop_2,3.0580227429132703,3.8546746148136752,3.5427443545018678,2.277653981022608
57125,pop_2,2.7627712674891143,3.753124553971381,3.0171576703792122,3.084063270571431
57126,pop_2,3.0399561760284466,3.881270908883023,3.718116593873007,2.8328749401892037
57127,pop_2,2.799503975333342,3.634325143220911,2.876846218609832,2.835791931209178
57128,pop_2,3.0931621318727367,4.402735795771748,3.5210151419846842,3.11735695736159
57129,pop_2,3.0984838019126384,4.032329200500414,3.283119438166639,2.8627255422207076
57130,pop_2,3.0058182694084046,4.308419506099224,3.105665879482062,2.3632755353413106
57131,pop_2,2.936332252080745,4.00217278412856,3.2265734713509535,2.5024574011009877
57132,pop_2,2.7485216896305515,3.756235850722172,3.2666825244397235,3.4126616120775286
57133,pop_2,2.6942119197990246,3.7999845574990085,2.6593101473605123,3.322003262763596
57134,pop_2,2.9088753715337425,4.277084821867616,3.1984922724695006,2.7468546862435
57135,pop_2,2.766759214027162,3.990255209018077,2.9399346263862185,2.942019553702246
57136,pop_2,3.1451916572436494,3.925653831773822,4.006526038527921,2.5318068734800616
57137,pop_2,3.2612329019832185,3.8929372488859,3.0352787981314333,3.0077542239928294
57138,pop_2,2.7937237120832163,3.7396422561145157,2.9513959827311473,3.150321165362378
57139,pop_2,3.0608981452990474,3.8477063284598554,2.7763628046316007,2.7942311848753274
57140,pop_2,3.1324834514735747,3.684119012673816,3.4904190839252527,3.0376118073671097
57141,pop_2,3.0492269656465285,4.218648559839391,3.7529894682424985,2.8452599189576304
57142,pop_2,3.1570960030684967,3.4432540393335294,2.9467076232336207,3.029457150747177
57143,pop_2,3.1915440338288588,3.7521128886919577,3.3069454397719116,2.9094076925265924
57144,pop_2,3.2792711439971414,3.7484079509804187,3.3411349919246978,2.9024165377020554
57145,pop_2,3.3650272473068767,3.8574713835214745,3.5545589868177987,2.5526356866236135
57146,pop_2,2.8863797344230746,3.7796816604579653,3.231599980985672,2.9409945907443964
57147,pop_2,2.811047417646319,3.7401995241005066,3.812191410359238,3.0607479775554625
57148,pop_2,3.117410458906416,3.9199161817434294,2.8783606199174363,3.533349177412659
57149,pop_2,3.1087595126485406,3.809700163959456,3.6544076851838,2.6880539612314296
57150,pop_2,2.786379908169343,4.063011680875996,3.489579992151977,3.315402171270224
57151,pop_2,2.7354517957670708,3.647088694498237,3.457625540206742,3.198189051574368
57152,pop_2,2.930015448625445,3.878151513784721,3.262736710147993,3.28312606704025
57153,pop_2,3.1598038058958444,3.6786793264202946,3.021281828322151,3.2363470546460826
57154,pop_2,2.792736511802131,3.634688255663485,3.238221950357878,3.1281822610628267
57155,pop_2,2.500126670130014,3.814330276824932,3.3884309246424147,2.8480100459883575
57156,pop_2,3.050019080322816,3.9999513666527258,3.880668745299523,2.803293959226222
57157,pop_2,2.9783869193952883,3.5860423597134803,3.3818783554263097,2.8765130947138817
57158,pop_2,2.9896627034988175,3.8985362928603378,3.7486424702279555,3.0451373169326375
57159,pop_2,2.686635745963998,3.8119042069040416,3.222423746074905,3.2232854267644946
57160,pop_2,2.8365495404296586,3.642808866340234,3.042983492543028,3.0044355833978447
57161,pop_2,3.1325608777437983,3.860273605104616,3.7202632549313566,2.1793255380429475
57162,pop_2,2.8881269111723697,4.1330129365733415,3.6015043686821837,2.707160606682612
57163,pop_2,2.978579001374593,3.860798583878168,3.246866527147825,3.291887717485279
57164,pop_2,2.8561682944687665,4.159061344780548,3.188345094029609,2.844992387463905
57165,pop_2,2.7771291148324,4.007025764125551,3.766503387938299,2.784329815246434
57166,pop_2,3.031145966946955,4.042041945547595,3.274279270785607,2.558295209037078
57167,pop_2,2.7135145827563165,4.303203230980324,3.635158953785137,2.847512603293242
57168,pop_2,2.8916085599702557,3.5812716701226384,3.1761711169658033,2.5641538583507333
57169,pop_2,3.018365320469155,3.7466522458391465,3.038849033468886,3.51154697219773
57170,pop_2,2.7399479107768436,4.38301039819961,3.571563423377503,3.0577648817715106
57171,pop_2,2.7725549887184493,3.8095338772377603,3.5418720427168133,3.1270691628408014
57172,pop_2,3.1824323556228102,4.038429823467009,2.896099182851365,2.8224912508079805
57173,pop_2,2.7954016413706406,3.947044343280383,3.222919238027366,2.849069121500052
57174,pop_2,2.691791500131111,3.9013531081008295,3.2107673845891243,3.1281187984948384
57175,pop_2,2.974645373854942,3.599729040262837,3.438061000339956,2.951893944056991
57176,pop_2,3.043476446562289,3.593994399699456,3.3151513030514157,2.949883031979896
57177,pop_2,2.994788778688283,3.8085937763399182,3.6311364431181015,3.039466388089649
57178,pop_2,3.399835950541951,3.7676000665524376,2.7054452418716606,3.008675687332044
57179,pop_2,2.8317983204339336,4.006731426898312,3.3710128611562094,2.113352421149873
57180,pop_2,2.835235469146286,4.081497282311023,3.758477838994827,2.8441333474698336
57181,pop_2,2.767499841325116,4.127334498059886,3.684459167888775,3.0658276964815636
57182,pop_2,3.2068443196836154,3.8989677780430076,3.2042326589199543,2.847995109336173
57183,pop_2,2.884069358980087,3.642734908212944,3.096335045370056,2.8746155551313035
57184,pop_2,2.657571039150635,3.8455364260926355,3.741747063168721,2.0839315106150784
57185,pop_2,3.1536393094197437,3.912306024290108,3.979941430894923,3.0690667246580805
57186,pop_2,2.9068807770853846,3.931067701182236,3.446284654970972,3.0089839881649647
57187,pop_2,3.0172401007917613,3.7384536363481495,3.6755815114258343,2.37901193376284
57188,pop_2,2.735951403557581,3.987606250340708,3.438044636929842,3.0631260658210535
57189,pop_2,2.935762627051614,4.014157830995838,3.133547663693462,2.7647525412787046
57190,pop_2,3.1250390308154583,3.5968711041644834,3.35184667648568,2.757207841548967
57191,pop_2,3.220497841972476,4.106478893891506,3.485625011045135,2.5191534202482284
57192,pop_2,3.466296784677258,3.500352497584835,2.9140374223792436,2.4269566653563444
57193,pop_2,2.34073273273602,3.829333675141213,2.9432923341863373,2.608202326728148
57194,pop_2,3.1510949661932472,3.993906401610993,3.0391810348951704,2.421215334693167
57195,pop_2,2.9222652681295367,3.912087476096915,4.076226810916878,2.257638196021649
57196,pop_2,3.0811621307170967,3.951883592119631,3.3497689750891206,2.905197396245975
57197,pop_2,2.6334486214369055,3.8211295307151487,3.105627420967852,2.696291815888197
57198,pop_2,2.959658270333315,3.7010857534770762,3.7075348402764416,2.6868347428904262
57199,pop_2,2.9274240481184046,3.829757982241372,3.0853146109452854,3.1673530836059793
57200,pop_2,3.0621580918969684,3.961424347982841,3.395712921577392,2.6124459892943865
57201,pop_2,2.72062991867918,4.154273476929688,3.6116178481921133,2.8975309954648765
57202,pop_2,3.084762927069349,3.953557273999538,2.909995127551695,2.5448571623405405
57203,pop_2,3.0683700925749133,3.8227590727301206,3.0654098199774116,3.0962928017983815
57204,pop_2,3.2276676009299283,3.954243817949364,3.325295478754085,2.7587650024390817
57205,pop_2,2.9907805588633645,3.9045144880573437,3.5391316013356438,2.4164528993117966
57206,pop_2,3.1979248822340804,3.6085003103701223,2.7723568083152954,2.7155606050258485
57207,pop_2,2.874794255934039,3.5206562166496385,3.295401688847568,2.213717230407218
57208,pop_2,2.9172797066347815,3.9663557891730044,3.6618532428427537,3.1555181565266652
57209,pop_2,2.857103565158436,3.6869867756232337,3.0603953051247657,2.740518893133784
57210,pop_2,2.837519722474424,3.8776411565715243,3.3038989630281503,2.945694323645492
57211,pop_2,3.6064376352189482,3.432267923714328,3.4211774111009,2.818761540050582
57212,pop_2,3.329438987109416,3.755926253809982,3.2506839980007283,2.5542732143528677
57213,pop_2,2.84820017829961,4.12851056010532,3.354216298066493,2.655531379555743
57214,pop_2,3.053257318566423,3.835194155039874,3.1351373575739325,2.3762265017913142
57215,pop_2,2.7922678618826273,4.014939516604983,3.1979209238501403,2.837464221154866
57216,pop_2,3.057517887506005,3.8824038734297894,3.3732151193866873,2.5563757005783265
57217,pop_2,2.9860831874633695,3.981441746948497,3.117335996919921,2.400237990713705
57218,pop_2,3.010442526137511,4.3223839887912,3.6100244129332335,2.841838239873754
57219,pop_2,2.9738150347690473,3.8634784357979997,3.0815687286185685,3.11132202724708
57220,pop_2,2.7779994476817182,3.7634228718629563,2.9498786405190844,2.394584367396224
57221,pop_2,2.8625737184156383,3.65179557943813,3.1397113149529976,2.854610130594231
57222,pop_2,2.7269872766528045,4.264598769668029,3.2852550990249263,2.688958792072912
57223,pop_2,2.7411490461821897,4.170816852429359,3.6770241569349573,3.3679968020107123
57224,pop_2,3.3286706363148864,3.636511270913997,3.1545734649762256,2.67422923519136
57225,pop_2,2.986543558331835,3.4089461205005427,3.325288289951531,2.6593905687390382
57226,pop_2,2.6633512231340006,4.246483624192836,2.918958932328169,2.2101327086116895
57227,pop_2,2.781165410982757,4.014874211623796,3.053357291537893,3.1092540199668957
57228,pop_2,3.173299879692556,4.191029778313394,3.083426983362399,2.712091108709803
57229,pop_2,2.736228982650495,3.9160511832544738,3.393197961557332,2.7170398611480397
57230,pop_2,2.9427152653022763,4.0282730258336015,3.325961031022299,3.2974142858187663
57231,pop_2,3.078810893261435,3.8096836034551895,3.6431758087030635,2.8390806090446103
57232,pop_2,2.79449362659264,3.6609720295324597,3.3120874906646125,3.0550303584568317
57233,pop_2,3.0635704016716,3.5458642634240274,2.574714249390531,2.7542617148642963
57234,pop_2,3.0929592393350744,4.398470656982544,3.6892982559127248,2.7921612374526434
57235,pop_2,3.133995862205593,3.9887761316535397,3.1983799103063655,2.1652362259866953
57236,pop_2,2.75216491155875,3.939776554709547,3.201635118771792,2.510875666678731
57237,pop_2,2.655384896631684,3.834996826074887,2.728663222749116,2.8018001758908313
57238,pop_2,2.897013177218755,4.095647096595223,3.1651418707571146,3.631072667219737
57239,pop_2,2.670433060787676,3.7067637191604534,3.313498708471551,2.734447658302096
57240,pop_2,3.1992909952269013,4.0777611450129765,2.9183092468084686,2.652856668706237
57241,pop_2,2.9695183491967185,3.472442478797101,3.4265318660172355,3.2169101717471817
57242,pop_2,3.014382510299108,3.67050538198054,3.354347399938904,2.9171123738812814
57243,pop_2,2.6885934047512743,3.7506236551312373,3.0836724361956174,2.7895440712724255
57244,pop_2,3.4611501804243843,4.06793987368962,3.3942682937893345,3.2602536475345714
57245,pop_2,3.3212388908096915,4.149748821682834,3.514252044004937,2.9539722505828094
57246,pop_2,2.6330432524826315,3.821286901579708,3.0509643154263713,2.599486083240312
57247,pop_2,2.656291825010334,3.950567959375858,3.1147812440222347,2.8191162790525777
57248,pop_2,2.869327268945866,3.5271284371561,2.836776874563503,2.640272569775118
57249,pop_2,2.868148140864392,3.744377983453705,3.3624410953969495,2.4440362915590668
57250,pop_2,3.162689717479963,3.8476503959183574,3.396678687878607,2.7380429728536115
57251,pop_2,2.8952503723885337,3.84811145980776,3.466982068412588,2.8319585211593408
57252,pop_2,2.8083742999276318,3.7728564934869877,3.4952422100495215,3.059932986252444
57253,pop_2,2.814810226799525,3.9542409571174737,3.8201881240040434,2.7024097793073727
57254,pop_2,2.8520085753724205,3.904749050444569,2.7748374110755147,2.44189243657613
57255,pop_2,3.130535108891046,3.9792758507252364,3.1632853720389336,2.9770684727599033
57256,pop_2,3.189924807070533,3.757548429981503,2.7763583036105395,2.4536369603966772
57257,pop_2,2.940603236974838,3.875997235767934,3.634490300915974,3.1609549220826088
57258,pop_2,2.5220848671179814,3.8573789827471336,3.3915871084765925,2.7555009656216427
57259,pop_2,3.101832399433136,4.13945970919464,3.5527389964344094,3.1770473011683382
57260,pop_2,2.512580730815749,3.934992645309387,3.223037819487101,2.8633772606933037
57261,pop_2,3.0969450261192897,3.8241427606421317,3.805106043628131,2.953150824081408
57262,pop_2,2.6802907067069697,4.193199057278988,3.6530932322426595,2.8258391777690637
57263,pop_2,2.9139503756635046,3.7974151130979483,2.635335084766606,3.0364824016518472
57264,pop_2,2.7225509864794692,3.7423993920105505,3.4079701229040196,2.439533754167071
57265,pop_2,2.9549317794411682,3.761592866677175,3.1380383862824934,3.1423911216384774
57266,pop_2,3.1452862267669235,3.988435758817984,3.868883794648524,3.3533443242720673
57267,pop_2,3.0382758266728542,3.701574960847762,3.678936204288085,3.4733405705756666
57268,pop_2,2.847997962733458,3.822196121843597,3.494084059633471,2.6239853719236215
57269,pop_2,3.2072155821894466,3.520372834192753,3.0117097544843388,2.793844596870266
57270,pop_2,3.188809616585218,3.933075584641785,3.0274382702286897,2.8195386151509263
57271,pop_2,3.067566922975097,4.2310447145748356,3.212993524552258,2.8806699746645035
57272,pop_2,3.085467080063016,3.7850321156262394,3.2213518789825653,3.171554784203897
57273,pop_2,2.4153704422960685,4.022835473466569,3.158903051187631,3.3653624336033534
57274,pop_2,3.129883279661812,4.232713242286891,3.6198726794682816,2.624894104793518
57275,pop_2,2.9222500697721743,3.780835664913659,3.056812817124964,2.794554172022827
57276,pop_2,3.0097374007818365,3.608595067335093,3.278511580294376,3.217674825805288
57277,pop_2,2.8239929703251514,3.6042031071767537,3.04774398039412,3.1177493342601137
57278,pop_2,3.040844000068941,3.7892099100970924,3.5866029121913643,2.9491784644390604
57279,pop_2,2.8836189134663095,3.718247848116239,3.057763799478873,3.0051682923981096
57280,pop_2,2.8755637045973343,3.6648105004371927,3.1309360637989356,2.4939713999023874
57281,pop_2,2.481741751252991,3.9193831602556424,3.4663099518341483,2.7386993259820023
57282,pop_2,2.895780448653081,3.664567847381254,3.172710322044675,3.038782100551456
57283,pop_2,3.0869167971589744,4.171778021809566,3.1270268065558113,2.799440208761296
57284,pop_2,2.7416055103264463,4.020241606121162,4.131349515991242,3.0647374961918428
57285,pop_2,2.8087464345709185,4.180398658583414,3.5933405818688624,2.0198570123348634
57286,pop_2,3.2817876916305746,3.4740732016137836,3.6561222610832154,2.2785331482360403
57287,pop_2,3.1212244553305655,3.905970081006586,3.1124360956476655,2.5635497233334537
57288,pop_2,3.047400069732376,3.7951613372311517,3.6294231257215204,2.683316401635155
57289,pop_2,2.9199143602449507,3.7472223770970574,3.456327312288302,2.7935453176175487
57290,pop_2,2.84808241551177,4.005333808684544,3.406944358764366,2.758800923122314
57291,pop_2,2.868308682181972,3.882699968372998,3.4719691422909085,2.846308884648567
57292,pop_2,3.0307864999583387,3.877332553775569,3.6892461571525974,2.4628593844829925
57293,pop_2,3.2586444625224953,3.4510924411128756,3.4463760237217658,2.7719534387413574
57294,pop_2,2.922261477763626,3.814591770072707,3.331706858133591,2.4026316977944884
57295,pop_2,3.2506910078398743,3.615011333736598,3.7237520943776694,2.4807378940808524
57296,pop_2,3.056908517061732,3.6147606536333465,3.4565339870053946,2.1876240264683506
57297,pop_2,2.9380286323316884,3.926574909414851,3.3560911196781333,3.2181446513224556
57298,pop_2,2.7694965628853057,3.801569028097663,3.5440369569071866,3.2043743380001914
57299,pop_2,3.25784997346685,4.131944924720939,2.6091578597645713,2.8967878548332973
57300,pop_2,3.0656184653130247,4.03967399029957,3.1124395824215685,2.950047102327421
57301,pop_2,2.9781385679321413,3.6096690280228305,3.1828638157013027,3.0623980850802823
57302,pop_2,3.184929963229265,3.8667779750953217,2.9393256736872093,3.0431743940237306
57303,pop_2,3.0646326095521066,3.693690805112289,3.369003777978746,2.703816254938818
57304,pop_2,3.12075480780952,4.065703605926549,3.3187897045387387,2.510993024942228
57305,pop_2,2.770393215770808,3.907271355462771,3.3027624543246206,2.8914155882553625
57306,pop_2,2.8695491864646034,4.153369416463939,3.312813342297267,2.8504212423322124
57307,pop_2,2.511438173295316,3.7023543325690094,3.463121586501423,3.391147376953133
57308,pop_2,3.37262501445915,3.7837693902354954,3.9552739199192435,2.466101087070104
57309,pop_2,2.867034738279735,4.024390297467472,3.473321454731721,3.323644111657836
57310,pop_2,3.0800269728676715,3.8956903608347515,3.4242124317044325,2.6658860586857327
57311,pop_2,2.928111388029347,3.9992862844119883,3.2230443104182624,2.899231272732682
57312,pop_2,3.0110092435400615,3.9918180151918374,3.062488268188868,2.8723092998866377
57313,pop_2,3.1837963463155967,3.8318068535152987,3.0845305677403294,2.992232194468087
57314,pop_2,2.7037047004877457,3.783718231286545,3.5413118296995734,2.494383165599526
57315,pop_2,2.6934250996209985,3.9696627861471194,3.042509814066758,2.880224626379146
57316,pop_2,3.0340814518515025,3.7527280104277634,3.0610904319107743,2.285183465847526
57317,pop_2,3.026052754413436,4.309296442579841,3.5816459241999166,2.8078416360683067
57318,pop_2,3.1226377489789057,4.02334037344563,2.9673867507236515,2.4951329884210756
57319,pop_2,2.88466420835459,3.8480489170950976,2.7787843843598603,2.7538785120615605
57320,pop_2,3.189529967754615,3.963177632577898,3.780188911392762,2.5533257589813467
57321,pop_2,2.875766849853387,3.6568822688333174,2.8607562833957845,2.9166210584770584
57322,pop_2,2.4941193681282154,4.2902018398402175,3.3228386946636292,2.894028960943422
57323,pop_2,3.1026467926668175,3.963275160971636,3.627766590952326,2.8306238357167954
57324,pop_2,2.933377084655654,4.212310166820895,3.342630904753778,2.9046124469563646
57325,pop_2,3.0534070931176953,3.888154420678021,3.5510193106813523,3.160765460334912
57326,pop_2,2.95159254644223,4.020199749290384,3.651315186754987,2.7718295113376383
57327,pop_2,2.722471903350198,4.010840050250773,3.389932333519366,2.290479494683847
57328,pop_2,2.7455183672624743,4.023377121027813,3.8978927248839343,2.933536193738848
57329,pop_2,2.963520645474086,4.073478840308565,3.395009499838496,3.1212060217835926
57330,pop_2,3.131726067362407,3.8248666076118165,3.3204943423781854,2.6210456021269493
57331,pop_2,2.834059549538633,3.658899805013206,3.2508373443201473,2.849187546317424
57332,pop_2,2.927299733898542,4.128122434621175,2.7540734864679077,2.6934337301175546
57333,pop_2,2.8577609090408247,4.147016086725586,3.7869343277025567,2.5794466094818382
57334,pop_2,3.2114284168921365,3.5992771315694543,3.496812184198631,2.5780871085093606
57335,pop_2,2.904572534890456,3.861545050296927,3.077472962645609,2.652751810593733
57336,pop_2,2.8739116715169435,3.636203032189029,3.658943245335261,2.895117256721533
57337,pop_2,2.7665902616645397,3.6814735814833046,3.477386744906947,2.8573510165396465
57338,pop_2,3.1512208708948064,3.9908046781114064,2.84828726979209,2.6746787574110296
57339,pop_2,2.9106374888942885,4.017324691041205,3.3128700923853867,2.668601242724672
57340,pop_2,2.9733730383391364,4.329201305945509,3.4432180730182584,3.036248508161617
57341,pop_2,2.7275426183575906,4.385488471645059,3.2173357895250096,2.6791611171456537
57342,pop_2,2.790140362872478,3.460282100061401,2.9777477541089614,2.8599344222527368
57343,pop_2,2.7315083560053406,3.6669883924248907,3.306465506735014,3.1009357289842865
57344,pop_2,2.7984602880674316,3.9415529293692453,3.7741028148005316,3.362337627702864
57345,pop_2,3.198451151205344,4.275250238998384,3.5279192326084194,2.4452407488113375
57346,pop_2,2.5219298545948288,3.9307138088259097,3.1188930385768985,3.2397879931671127
57347,pop_2,3.0357159830165394,3.5189753691458088,3.3705569670141977,3.0488758732118173
57348,pop_2,3.258488711223192,3.900637869414983,2.9294985131419606,2.6393321142624395
57349,pop_2,2.8330282303990746,3.8345022763262953,2.6394845486720553,3.1106172258441687
57350,pop_2,3.0051110068890057,3.679068097563436,3.3817751943646686,3.2297573632782033
57351,pop_2,2.9129634890696514,3.496360828008808,3.0232217247135984,2.8325600006888814
57352,pop_2,2.8530911496519944,3.8940149484361544,3.2964837599137504,2.8211106529555257
57353,pop_2,2.946373615617726,3.761921339886131,2.926386931633099,2.977776531785185
57354,pop_2,3.0774459990710286,3.80403552836211,3.7412184500308676,2.988985550667617
57355,pop_2,2.6554466973430113,3.962772976848244,3.1385165859838153,2.879428677916168
57356,pop_2,3.2745060483900925,3.838216307129504,2.9286112831216418,2.9428577123782627
57357,pop_2,2.619949627550783,3.9922525787572116,3.2552189115081935,3.1896702149975797
57358,pop_2,2.4538782060891955,3.8463740037146352,3.1026085098340745,2.6879250678159847
57359,pop_2,2.92528526784649,3.8228270898438796,3.111413840529517,2.8804112248654024
57360,pop_2,3.047950655069257,3.716287942968033,3.173703609299998,2.989164504186072
57361,pop_2,3.1335855280601637,4.1932545736376845,3.6035711874655667,2.7174125264260316
57362,pop_2,3.3312787352151094,3.9223785429029077,2.9455375882607857,2.733367451588477
57363,pop_2,2.8375215461641976,4.1597690314937195,3.4998303888275046,2.403308057875329
57364,pop_2,2.899813753805035,3.902127901490677,3.655907469031739,3.1242691436815977
57365,pop_2,3.211161958805057,3.490607511115687,2.8350371357658224,2.408747649633541
57366,pop_2,2.5306855798035754,3.9222242156563354,3.2728836833392934,2.8269744022736782
57367,pop_2,2.6332745488227927,3.8160281546442523,3.3875584091104973,2.692649951533846
57368,pop_2,2.527525256527243,3.50555712512299,3.096742053619136,2.7832543060239052
57369,pop_2,3.3455726591796955,3.511904966785161,3.416455942398897,2.8666489666151875
57370,pop_2,2.605260862135466,3.885243090675534,3.4879928695518405,2.8934183836254026
57371,pop_2,3.2983531754286264,3.526177699731328,2.9021479188338226,3.1018319837563055
57372,pop_2,2.298410776692304,3.9486877544475703,3.1007166420303185,2.519546295208337
57373,pop_2,2.9039228634309358,3.695634741903831,3.129584472723567,2.3382660996118725
57374,pop_2,2.4731832530112436,4.20239501925083,3.4020653554410347,2.8364501517985192
57375,pop_2,2.8608570680967036,3.88642246398749,2.9597156326146647,2.7152126954576956
57376,pop_2,2.8523526709815634,4.120818526689152,3.638844321506957,2.634484447424265
57377,pop_2,3.430700003869874,4.022606644341624,3.5146875980298904,2.5568108126236138
57378,pop_2,3.087355862710239,3.175320488515357,3.1666001475570167,3.3885633219205538
57379,pop_2,2.9426084556904133,3.685145847706319,3.6723463677069916,2.5090147495277573
57380,pop_2,2.923660726086264,3.91908263771476,3.6215222539028797,2.6282613873781147
57381,pop_2,3.318034815231351,4.077688500172056,3.200629800922295,2.9346702220665293
57382,pop_2,3.04177280192573,3.8997158479109038,4.0547847107255865,2.5673929966549536
57383,pop_2,2.9606116457425293,4.090687360891655,3.408539143307734,2.928209689986713
57384,pop_2,3.010153849764454,3.5318862000473112,3.257571253886536,3.3367018448748844
57385,pop_2,3.149216047069141,4.2049175588156205,3.2509538875006587,2.6378118710581218
57386,pop_2,3.2305817653158337,4.148041153631636,3.200200651900097,2.9149561054441837
57387,pop_2,3.020227916324117,3.9008099210955116,3.451901758228785,2.275529539333889
57388,pop_2,2.950061642890851,4.108840081653117,3.1816019823157915,2.8635781222755115
57389,pop_2,3.2987463153266083,3.462737945293084,2.635102972148815,3.0311532409368427
57390,pop_2,3.0086897746453714,3.4529266585162905,4.170225728022757,2.9937566112883434
57391,pop_2,2.204879077836766,3.7398470460393134,3.1667204581738586,3.168272779797397
57392,pop_2,2.2731267100964545,3.6749400357693793,2.918020002340663,2.8334577491944923
57393,pop_2,2.7322790094453566,4.24793611786521,3.114989592493069,2.8426455941691127
57394,pop_2,3.179957899236688,3.843160314291555,2.9935125439720496,2.5905267021043827
57395,pop_2,2.7560722239729176,3.877675871358267,3.9798263112980203,2.8119861397214385
57396,pop_2,2.6140264738785404,3.943511073459444,3.8624503276075965,2.9639769833162983
57397,pop_2,2.7644597392349852,4.1427990906769026,3.192528782506955,2.3203904688177026
57398,pop_2,3.005396178462765,4.1127047456037955,3.157539234948089,2.4923963722166613
57399,pop_2,2.9601784103404643,4.149466670628636,2.8146417433528548,2.9005629854143744
57400,pop_2,2.832254386660408,3.9370551203160558,3.631675462198304,2.4786954960594794
57401,pop_2,2.9785525643245814,4.413416456984366,3.2913478159367107,3.052892939569381
57402,pop_2,3.1371237199948387,4.109176258239332,3.5115209492739106,3.0837296274802575
57403,pop_2,3.059347720395382,3.855099234129988,3.184112595430453,2.7222879634421733
57404,pop_2,2.911470598769251,3.9416434581757938,3.2274704661267575,2.848106645128149
57405,pop_2,2.9194998133710763,3.5898418737998856,3.43718965445025,2.7244647944059066
57406,pop_2,2.9680812437305386,3.743384071946078,3.5359468385930444,2.983301773238729
57407,pop_2,2.5109137688336753,3.994195031322553,3.3396649505717466,2.77486353203232
57408,pop_2,2.678840244249271,3.919157449752572,3.219107311102764,2.3143733839791576
57409,pop_2,2.927271038679563,3.865876540325945,3.3813104756406287,2.8308789514666035
57410,pop_2,3.1020651757543227,3.771707145614152,3.0396481843848573,2.9261462002978207
57411,pop_2,3.027140283218051,3.9281170113500483,3.268830225484054,2.8213085435947276
57412,pop_2,2.7667465190396885,3.740542413919917,3.272863299389921,2.833786012271917
57413,pop_2,3.1124578993081022,4.142760442699997,3.9123000679111266,3.0144560292284814
57414,pop_2,3.1761366270715436,4.330520975308936,3.4746215037045847,2.9383578738147755
57415,pop_2,2.6882473171399046,4.069453197749303,3.405298937268429,3.0358088055067705
57416,pop_2,2.888973943720022,3.605161834562565,3.4657180926752003,3.082162690201633
57417,pop_2,2.709661730107346,4.1945033525673,3.5844647202493416,2.9582392892832132
57418,pop_2,2.946679734151681,3.772729207071808,3.362571220629104,3.0877584985934154
57419,pop_2,2.5665540528289053,3.8408213485656275,3.1115960707240538,2.96091925871079
57420,pop_2,2.8831500847965246,3.8107902063916397,3.3937215651633745,2.926088926058112
57421,pop_2,3.155687212327012,3.69739937433078,3.0611278600624963,3.0126793568718973
57422,pop_2,2.8802970604642475,3.784910531713861,2.934238418027618,3.014790710382243
57423,pop_2,2.9601413144440216,3.753285832578646,3.5843823539255784,2.7420631024061386
57424,pop_2,2.6464379264125566,4.313294987224933,3.358114088030244,2.689268924108595
57425,pop_2,2.6326863169374333,3.628081259088,3.3163696783453074,3.263527696855661
57426,pop_2,2.798877066642814,3.4820141777745723,3.6784787874959504,3.134129595747812
57427,pop_2,2.6364821464301538,3.7026420068301378,3.2199462758999284,2.9236115214205127
57428,pop_2,2.9716478670723623,4.137094106146734,3.410910777789025,3.0441001759348985
57429,pop_2,3.2223477579472806,3.798026136088721,3.5221940199847417,2.4525084168669404
57430,pop_2,2.860507306219654,3.907435620405818,3.3451096830148535,2.205382288489668
57431,pop_2,3.505164015767581,3.4045710774887668,2.985868041829963,2.3392073152552766
57432,pop_2,2.935154646597715,3.571273448823454,3.574303106351756,2.856602440864389
57433,pop_2,3.138250748055856,3.746945882982464,3.3803159593364613,3.001147784261781
57434,pop_2,3.0443608155172353,4.0962694435919556,3.3388453925137345,2.88284990865439
57435,pop_2,2.946159186970724,3.8785570763113886,3.3559421075585067,2.697599347837917
57436,pop_2,3.1501739926069225,3.792404042580678,3.5035124879005557,2.8295211054490976
57437,pop_2,3.2346499863281886,3.8514480036110106,3.189599451092773,2.545030871028661
57438,pop_2,2.9088387921549623,3.732231178494288,2.8522066405847726,2.9336473988358196
57439,pop_2,2.4859661990654573,4.160020587585752,3.4910152947541135,2.359660333500138
57440,pop_2,2.9330946646501785,4.062716130429023,3.3420666016787868,2.729873900148061
57441,pop_2,3.3597360909389375,3.7712634545096337,3.8026404983962023,2.43039407587561
57442,pop_2,2.955466117060741,3.8246025627754467,3.857895701778428,3.222458688484058
57443,pop_2,3.0226284763881233,4.27228804505134,3.3490851658569554,2.7771479450028727
57444,pop_2,2.8888464601887813,3.8766508945266955,3.4119167551096017,3.1500760431023056
57445,pop_2,3.4204966730174364,4.071789903874814,2.7485230235580294,2.459667731214945
57446,pop_2,2.776565769921655,4.194497197654632,3.468716380709845,2.7755866773636737
57447,pop_2,3.090501610103844,3.4866564576808914,3.1205598156982055,2.4282946966054886
57448,pop_2,2.860434271409192,3.8446852708215267,2.875123693394593,2.7737649717905732
57449,pop_2,3.2714769794176184,3.8400562552054636,3.530701576937532,2.7787466702834767
57450,pop_2,2.76819500907438,4.027210272300855,3.6115546408879706,2.74993943567352
57451,pop_2,2.887850740996909,4.0064725505580245,3.285794898467684,3.0627779521496574
57452,pop_2,3.046127945211382,3.850124716106864,3.239605859258737,2.866150234244339
57453,pop_2,3.1869444260155224,4.095088876631322,3.548311547833181,2.693285986666023
57454,pop_2,2.998707031633513,4.252708412835951,2.943779673631254,2.384262335616649
57455,pop_2,2.859052694391695,4.155132148198435,3.5225958456115114,2.758884724287072
57456,pop_2,2.890948697612423,4.118979091341357,3.6208245045786716,3.313772726874524
57457,pop_2,3.3228142708661252,4.055444769796376,3.1012997029940097,2.3093075756419355
57458,pop_2,2.7682956212750827,4.030288669278854,3.0401370737969695,2.4138164302424716
57459,pop_2,3.009294795338464,3.831763860780163,3.619787040685888,2.5416617472309406
57460,pop_2,3.152560238706812,3.6975237209883574,3.4697003949976906,3.087225023657534
57461,pop_2,3.107696551616137,4.03658070885849,3.409762300024329,3.258135231397201
57462,pop_2,2.8457799955518714,3.5996829182495054,3.4932870869169963,2.45337831616985
57463,pop_2,2.7010800049110633,3.7909438039165715,2.8135229726833813,3.2565896329677786
57464,pop_2,2.9505840872090054,4.165750060366946,3.904248724360623,2.848430906369578
57465,pop_2,3.173844262800919,3.620114958878199,3.665851980344173,2.8112629505187967
57466,pop_2,3.3893992199145124,4.067146947116935,3.1255982021507083,2.7640080871327237
57467,pop_2,2.7310039164517512,4.053710312731919,3.04174595250406,2.3666351704459565
57468,pop_2,2.834813272323393,3.5281515265313557,3.0987347166128427,3.353531290612438
57469,pop_2,2.7117746731935015,4.031511041332146,3.539926385341352,2.7194559984895585
57470,pop_2,2.928178009866155,4.230604509160524,3.838747939234524,3.3687915405076048
57471,pop_2,2.9204536236902543,3.8170905290596795,2.9589921544188327,3.1230504084635546
57472,pop_2,2.836536032134812,4.125468261258884,3.465601269800253,2.6062547688462914
57473,pop_2,2.8767941762877305,3.934688280096517,3.3644212991568203,2.86545909199652
57474,pop_2,2.9618686950179796,4.161859868472584,3.466800401429038,2.7780606713355676
57475,pop_2,2.9691097178184247,4.467742596631867,3.5401962136031457,2.5029634842902033
57476,pop_2,3.093402782552862,4.167629703144572,3.278492498743598,2.395696734939652
57477,pop_2,3.1271011320958886,4.067162219152599,3.24368738871784,2.732215849974027
57478,pop_2,2.5866754034604087,4.210970016548946,3.4881998220711976,3.1020550960191753
57479,pop_2,2.9534323372621967,3.8051928014403207,2.7057305444262796,3.2244568449406144
57480,pop_2,3.2832938957033293,3.9419631077593196,3.3061876569523325,3.2332945663583663
57481,pop_2,2.834130544524982,3.6064679465552065,3.254458103649761,3.3958037908458794
57482,pop_2,2.9854493128692314,3.876695848591445,3.5119372940705658,2.9321548109156654
57483,pop_2,3.1776839863016018,3.4692851433336016,3.1792315104556033,3.094787562232414
57484,pop_2,2.6990446246371853,4.0099385372334675,3.9898903047477066,2.703396476103153
57485,pop_2,2.7737309075135412,3.464641631018376,3.32318700205051,2.6365957991119053
57486,pop_2,2.7417281779843616,3.8037795381775847,3.7643671258725377,3.109963444739917
57487,pop_2,2.725939155684636,3.880115329533294,3.009666751348279,3.1971099106498557
57488,pop_2,2.7109122065980857,3.6371748655878435,3.0555667203112127,2.9222619315908984
57489,pop_2,2.7771817454592393,3.591083676113533,3.739188001850265,2.8619720315211175
57490,pop_2,2.93269941126723,4.173566141854327,3.3228457401885887,2.5745830961350085
57491,pop_2,3.099289177092672,3.6902510529371884,2.9786629402225206,2.4684220939753643
57492,pop_2,2.6774248570892496,3.873432450124672,2.833801817286097,3.3880208722334246
57493,pop_2,3.1821159947832744,3.8782704913646704,3.9935820086528757,2.889943424667271
57494,pop_2,3.0660718027125293,3.640493616816708,2.9828081141991647,2.594929819185059
57495,pop_2,2.825537951212765,4.040890705728827,3.4513670523730244,2.429365584275418
57496,pop_2,3.2889818320657094,3.548066053463248,3.6087204326405256,2.698403418222051
57497,pop_2,3.3060440328564358,3.986038020185759,3.0828659686821616,2.6947584362059955
57498,pop_2,2.8348257097295906,3.6744765887266975,3.8874438662678847,2.684207283934331
57499,pop_2,3.1018828274455688,4.1448389801130014,3.3435290352394773,2.515145290518104
57500,pop_2,3.1593951524993984,3.9979344264856502,3.8326324305233124,2.7100246262222254
57501,pop_2,3.113537830105197,3.6398135868622195,3.1786991474673707,2.729737949654317
57502,pop_2,2.9872373486821973,3.746411133316264,3.362558683755442,2.477971287413316
57503,pop_2,2.9573079907609814,3.7794664407896565,3.000734479296226,2.9221498346413393
57504,pop_2,2.7737064791256554,4.086919992091275,3.298322956100319,3.6456839434034354
57505,pop_2,2.9112250209093964,3.9234896572104145,3.3829942510220534,2.6456548143195557
57506,pop_2,2.9903517310132526,4.171772263835357,3.483808028604888,2.3687445819742017
57507,pop_2,2.8655270184126906,4.188467708334798,3.907991650892287,2.780918397219635
57508,pop_2,2.9360218471420882,4.115979524858028,3.263494663534095,2.3228458027784384
57509,pop_2,3.170944511665824,4.1291073303117445,3.2002858012452675,2.930729829144977
57510,pop_2,2.877475740384401,3.7330459998859995,3.1453414483270508,3.0561787295949268
57511,pop_2,2.901921089510249,3.809720291000171,3.3869177242770716,3.419625205871252
57512,pop_2,3.1058300125356135,3.552545786907658,3.3206642981589454,2.580554592486198
57513,pop_2,3.2166662815536093,3.6244892833541553,2.848540853957056,2.244739169736807
57514,pop_2,2.7785161338612294,4.26636900288576,3.443986682311726,2.7956126548352187
57515,pop_2,2.6058900356608006,4.019998499221571,3.5893270285090533,2.765551599207786
57516,pop_2,3.1073225084436658,3.935723307862321,3.5068408884324827,2.833262084076281
57517,pop_2,2.971047083031298,4.038923438943735,3.6893962657691275,2.186161329346434
57518,pop_2,2.8830020281453606,4.362461527686675,3.8006399881656803,3.3777038616576824
57519,pop_2,2.6309685132405645,3.80137375911403,3.2500185810031135,2.983736923386292
57520,pop_2,2.8831692095974306,3.749576662375336,3.544705814222197,3.4300019297982978
57521,pop_2,2.8578617759454,4.0864982019475,3.3533892979165896,3.1437319738322844
57522,pop_2,3.229307682041793,4.003553281964773,3.1034694839625856,2.3784831653866836
57523,pop_2,2.8950367516012543,4.093241154879019,3.3085248914592524,2.5061634022286428
57524,pop_2,2.2052575357749404,4.540283833787983,3.28775438702167,3.0653340071440844
57525,pop_2,2.82106286189214,4.000779586604389,3.429164907951702,2.8472067292693772
57526,pop_2,3.1443089362537684,3.668536177238302,3.344597844095386,2.6683914715986576
57527,pop_2,2.5584673980084514,3.768270263152217,3.32501111542071,2.8121217909046488
57528,pop_2,3.0387009365112347,3.7310823168503098,3.7494792052517942,2.8158461195697724
57529,pop_2,2.9002561553991875,3.9565460955880773,3.0562999697665107,3.345386542262098
57530,pop_2,3.0547986398926934,3.9082517255852545,3.3136683210176345,2.8447950475844657
57531,pop_2,2.5115462379829334,4.217368437318002,2.634538889974329,2.3804670617915806
57532,pop_2,2.9762483743182813,3.759573175869332,3.1893154166115196,2.6656876603242745
57533,pop_2,2.9882557942436994,4.159764327788412,3.4822636184933833,2.568654078998841
57534,pop_2,2.618690700138191,3.700453956808706,3.6324233879475347,3.2197200576431064
57535,pop_2,2.945241173879422,3.9557101218500637,3.142505769974383,2.930080588273409
57536,pop_2,2.693519300998615,3.689613695774098,3.0038603271525792,3.1538930157911444
57537,pop_2,2.869077084516695,4.034043257372299,3.7505284432708605,3.1469454011087805
57538,pop_2,2.755986682889692,3.509157347342366,2.83931507872493,3.065543113304093
57539,pop_2,3.01946178359278,3.5507671126612323,2.8377208823681968,2.589005821046008
57540,pop_2,2.927931301383652,3.456929451626601,3.25210416886157,2.9473302693182
57541,pop_2,3.209723153250804,3.8900786058102836,2.663450310769144,2.5535050824573693
57542,pop_2,2.741115164523508,4.1154571342377135,3.408500283911811,2.8822489195471626
57543,pop_2,2.8253225663326567,3.9195708301757457,2.647059876636838,3.28208312724695
57544,pop_2,3.052623356379644,3.912908838660543,3.2884769753517293,3.2382125347046804
57545,pop_2,2.552217230667224,3.7939729548432033,3.3071357208306567,2.9562774088860837
57546,pop_2,3.2093972684175385,3.772809491559508,3.321585880008908,2.5217240057370574
57547,pop_2,2.860418591475882,4.115466405907169,3.445300784992955,2.5535054493900273
57548,pop_2,2.777854248147562,3.6019329724528295,3.235359953655559,2.593096662593017
57549,pop_2,3.273068089308277,3.985293656808541,3.024191781520992,2.9278531657406384
57550,pop_2,2.8856437016574183,3.6523005483564033,3.204023259854978,2.8796827718529827
57551,pop_2,2.6755755898574143,3.9930375186022617,3.1636090821688114,3.2960567481381946
57552,pop_2,3.2477243925912624,3.9629654095085853,3.262047277268157,2.246784758339732
57553,pop_2,2.8355437062307947,3.9834361266345386,2.812323078029893,3.4295899774893015
57554,pop_2,3.0571553312599025,3.8589907399859342,3.4438865401314174,2.4024678508191957
57555,pop_2,2.5061491576568815,3.913076780263147,2.8096197785923307,3.013248086173515
57556,pop_2,2.870375981869419,3.8575526818740005,3.342156921043002,2.6533703771796135
57557,pop_2,3.0000439140101176,4.026477154119809,3.3434894884309467,3.0008177942844334
57558,pop_2,3.0599913049060774,3.9870026694373295,2.820129754676705,2.23742240817508
57559,pop_2,2.8872374880667806,3.8089229190107154,3.3382040163116495,3.54587357223715
57560,pop_2,2.6105867361792257,4.204480559715503,3.621446812418348,3.3543035722093064
57561,pop_2,2.6665970416904408,3.646461890698657,3.176206852757747,2.6815702138206583
57562,pop_2,3.063355278849274,4.060802168026983,3.3798261340373403,2.591109057843891
57563,pop_2,3.2299793511790584,4.128965978032269,2.7926920152274572,2.8260465726293758
57564,pop_2,3.0504155716585024,4.1008541622147705,3.377714065264967,2.833012032617944
57565,pop_2,2.8509019166604372,3.912890194484319,3.2722386429040604,2.4285396380393283
57566,pop_2,2.798625204658715,3.6021252788621716,3.013576851938608,3.197392380474331
57567,pop_2,2.7492083828362657,3.938664491796313,3.3011164655061354,2.7560702360240725
57568,pop_2,2.690655556954309,3.9671581035656738,3.461249131444449,2.816885412793233
57569,pop_2,2.6094612357054405,3.904708256934168,3.025729469632562,2.653907327702274
57570,pop_2,3.0398841102400196,3.7793391060795067,3.3184767339307863,2.7525041507662653
57571,pop_2,2.976123612199419,3.6554901194797544,3.3111249062403,2.3322456274514036
57572,pop_2,2.80273042482878,4.340405533525638,3.9837877041737526,2.673601654219468
57573,pop_2,3.107683119279855,3.631667307315012,3.4652604767950246,2.8636552408395746
57574,pop_2,2.9855414604048485,4.016549316360048,3.725091916858716,2.591066748075548
57575,pop_2,2.5148830866164857,3.6752022628658296,3.593280906015268,3.057209858518886
57576,pop_2,3.4227899190159667,4.183542189811776,3.2815303535086096,2.922348030153434
57577,pop_2,3.3486451530128725,3.546696118523888,2.754488427178452,2.1487770336470313
57578,pop_2,2.723205824012657,3.952741847349384,3.0199649949018874,2.7372936551886675
57579,pop_2,2.9336727273488274,3.9815233202840914,3.2024148688268266,3.0039139834680224
57580,pop_2,3.310202647691829,3.8717528116222915,3.412689993966845,2.2307629197945587
57581,pop_2,2.9437289377931477,4.014152075431945,3.5091505769904474,2.586087296163055
57582,pop_2,3.3529367827253815,4.079003764134159,3.7083207666997984,3.1037722862975174
57583,pop_2,2.767941763123873,4.004492001740445,2.98465433955282,2.599174593895636
57584,pop_2,2.7921022857188103,3.928755076265911,3.392099623934308,2.701540254010095
57585,pop_2,2.8488985138855343,4.215437722134402,3.2467274199116685,3.342001706561487
57586,pop_2,2.99228773620861,3.869955775778824,3.1868349971518484,3.0193892343233633
57587,pop_2,2.5966959970822363,3.8292475933298005,3.115504466056329,2.981192066646502
57588,pop_2,3.1973753400019413,4.037340887920956,3.377758675986134,2.60506379562015
57589,pop_2,2.87353397466285,4.268193215910172,3.5742965059821397,2.7578377539427024
57590,pop_2,3.05235830649689,3.732117029833854,3.247932003803526,2.429401096693011
57591,pop_2,3.0927829179571633,3.8789461854010057,3.5125716714525423,2.8614188333518378
57592,pop_2,2.670798928078675,3.7569912636680862,2.8015040923039556,3.4431130199439357
57593,pop_2,3.138712521608497,3.5981857280139886,3.1488134235469265,2.6029326124398042
57594,pop_2,2.756904311849292,4.071714873810296,3.374780802410304,3.027381274342002
57595,pop_2,3.010833796654421,4.190758263776455,3.076114062487059,2.8984467973907546
57596,pop_2,3.1149743679691224,3.8683342514311674,3.4379652294474417,2.7386183524686096
57597,pop_2,2.8691472417245034,3.845852211133767,3.7799266140215413,2.8121476390892606
57598,pop_2,3.2833581193515893,4.184628846952737,3.448054671808866,3.1586543999795715
57599,pop_2,3.0058882623131846,3.61468134837039,3.155516422283383,3.4419584195626385
57600,pop_2,3.1949316525600073,3.704171687821946,2.6935328031725234,3.174575573795736
57601,pop_2,2.8572130630197132,4.009501775605338,3.690076701341643,2.771942868653132
57602,pop_2,2.8737486730275505,3.883100547041381,2.959157576850694,3.1853823414405187
57603,pop_2,2.713375481148889,3.6157197221319226,3.166131569935467,2.6491070662894662
57604,pop_2,2.7314210074455194,3.5910648277338315,2.9183446458308824,1.9638320421286086
57605,pop_2,2.8654620063196496,3.762343638666033,3.2960721804790465,3.2294114410196104
57606,pop_2,2.7654110827188796,3.6236344558830966,2.419250968850739,3.209425448358465
57607,pop_2,2.7748169771684643,3.8319944424333445,3.320685286197499,3.0083339938545506
57608,pop_2,2.955039496807674,3.8413316848975168,3.1809414529308557,3.130446905420572
57609,pop_2,2.9854754475978855,4.068397104174018,3.2716855045940187,2.8931503959886964
57610,pop_2,2.908290844277473,3.460953637947951,3.151387007684308,2.7147657019132505
57611,pop_2,2.8655819245492937,4.2689363744702185,3.3083289327990744,2.4232122802734932
57612,pop_2,3.127847237696776,4.365637493750155,3.480633468224114,2.7907013705436996
57613,pop_2,2.6429841332837785,4.247389396471215,3.350741961321594,2.8309558078167756
57614,pop_2,3.123949356601042,4.162271760712552,3.2658951406617542,3.2152051885140325
57615,pop_2,3.1046897259709065,4.059510764664186,3.3064378255452995,2.8051568915133824
57616,pop_2,3.3920542918904526,4.312967776116434,3.351142516684044,2.384156319127014
57617,pop_2,3.1377781838323755,3.8525149000928804,3.6073040114002533,2.78177685143095
57618,pop_2,2.944592576635924,4.087169830346466,3.1029777434707677,3.0331881205265887
57619,pop_2,2.879273436664299,3.3890732244106587,2.617492149902128,2.8658182941128865
57620,pop_2,3.03444232857667,3.96289376433257,3.1726994726684077,2.810846910991408
57621,pop_2,3.062147049402397,3.7254732408245443,3.1771192075412995,2.5758367404849802
57622,pop_2,2.678025257334527,3.8593435931783135,3.760022467125171,2.5538478783005973
57623,pop_2,2.8402613264546153,4.013202021208694,3.6653278828979503,3.140721201880965
57624,pop_2,2.750134887522207,3.9731901736761657,2.5325991388023477,2.654721365301909
57625,pop_2,2.895473709011089,4.250846562948843,3.481514592879943,2.3514595900690236
57626,pop_2,3.29367279269136,3.9919831806346115,3.149710834588619,2.843685928945177
57627,pop_2,3.3158652114626053,4.081792035716385,3.73664261554843,2.4633155816555674
57628,pop_2,2.9259751064232735,3.6401988022424345,3.4507562555938023,2.793277898202773
57629,pop_2,2.870918295442432,4.008923214158103,3.2380918446617057,2.4712332967697925
57630,pop_2,2.9513861622461044,4.031015252230019,3.635068943303417,3.086062553031779
57631,pop_2,2.5630100546999137,3.7937179161010333,2.780920209738668,2.9938539522951357
57632,pop_2,3.0300137356980446,4.051851836006996,3.1807470866801006,3.0487427993498795
57633,pop_2,2.8441209159131606,3.750431975357622,3.2449197548365003,2.941383324333635
57634,pop_2,3.034405149081966,3.753961201812925,3.434459190292772,2.3817774716018327
57635,pop_2,3.184153385299825,4.146017561520324,3.314326316707175,2.1805347575932394
57636,pop_2,2.6498480254108987,3.9332364666021813,2.820599483876101,2.711296140773291
57637,pop_2,3.0397236348242447,3.8542227817025747,3.5346671175589557,2.335131831266186
57638,pop_2,3.5862511501648178,4.012757858692184,3.2000097238424474,2.51238788293644
57639,pop_2,2.6965650830643413,4.0772187751934155,3.5251788698748348,2.4148158527648556
57640,pop_2,2.9506834659797354,3.8170977923527767,2.8925581173074226,3.2415104100690555
57641,pop_2,3.063411858324876,3.6515532693703374,3.654847787383695,2.2991591031853043
57642,pop_2,3.0501232691992044,3.8312008669889552,2.98706509835575,3.1695262404003555
57643,pop_2,2.42602667153746,3.8911678675305383,3.397514782645533,3.0451812701695027
57644,pop_2,3.1463795309313243,4.114715257022802,3.1626464774767173,3.1592989080115976
57645,pop_2,2.8234678831010074,3.900255937965675,3.504787412537472,2.6582904236632983
57646,pop_2,2.8756892756714105,4.061318959167647,3.666460945247071,2.9494057518481003
57647,pop_2,2.7440941429471732,3.5834763983007414,3.1308545905548057,3.1312112728525308
57648,pop_2,2.8841967514038784,3.9211741505896534,3.491337007229366,3.2884011641431514
57649,pop_2,2.9989987489166574,3.859209854416936,2.885364856070923,2.492371301154788
57650,pop_2,3.054028425267529,4.13971974664181,3.3290138440949173,2.5677083801981295
57651,pop_2,2.736774386317209,3.948291980694445,3.634553227326821,2.624751133966687
57652,pop_2,2.8571831051982417,3.7710783862166695,3.3825773862513566,3.0317588941485747
57653,pop_2,2.7736248846559266,4.259291471820359,3.7750225705904517,3.0139484076022764
57654,pop_2,2.9134206167085392,3.8523821144003,3.3543592953471215,2.344204762212179
57655,pop_2,2.7472733627947465,4.003624620737689,3.141093849897119,3.362854027587896
57656,pop_2,2.788225269184112,4.030628003755786,3.2814440340422366,2.9644911555924947
57657,pop_2,2.948704951158405,4.2574936412578195,3.7463277659648164,2.976312593493132
57658,pop_2,2.962605125211366,3.991932939369001,3.6879420920123906,2.946203310155498
57659,pop_2,3.2763721838951816,3.7558171889147904,3.160948917430037,2.5522191139813706
57660,pop_2,2.9024134140543625,3.3449034395785624,2.938151242987457,2.854463485976049
57661,pop_2,3.0224108610213944,4.4078604503844225,3.54683285602897,2.658561823130944
57662,pop_2,3.035062543970207,3.8617016840237364,3.062653328345012,2.8547301947100356
57663,pop_2,2.9055253674120514,3.9436175753642124,3.2895232501092346,3.0448955847156327
57664,pop_2,2.725129735823118,3.5835670609508714,3.265039047038283,2.675208990381564
57665,pop_2,2.821291794775326,3.755778253058967,3.6348417588582347,2.8861515116120167
57666,pop_2,2.8743044436825542,3.9102143467702386,3.6053772424297015,2.748445070004927
57667,pop_2,2.6577993289330757,3.7312861015573318,3.5986465895638506,2.81724387420303
57668,pop_2,2.8959022058321837,3.8728765062452983,3.1863113220028265,3.322969627047842
57669,pop_2,2.8606966516553833,3.765215680371048,2.789210630982515,2.7602133201447385
57670,pop_2,3.1098954644873036,4.249394403041477,3.2163515415721258,3.0482031179760645
57671,pop_2,2.9594609630574147,3.384993310762304,3.2381987145574955,3.101568371006005
57672,pop_2,3.2164877560766145,3.747540642220931,3.2843754429120233,2.7569740018411366
57673,pop_2,3.023091657768402,3.891157331546998,3.6158838369549895,2.636113439632907
57674,pop_2,2.6123484016140717,3.9912366175147236,3.3706982267694703,2.8846257617037097
57675,pop_2,3.1128440222813674,3.862271191066787,3.108461674439628,3.309844660922565
57676,pop_2,2.8467065611372893,4.010521936739642,3.2770775808301726,2.6072311324573865
57677,pop_2,3.051035955355649,3.920096320495777,3.337921496919839,2.721474535055595
57678,pop_2,3.1402744797630087,4.196254873376559,3.3702905273244297,3.192071081925931
57679,pop_2,2.8113884195702177,3.8487431536210406,3.7700602427010876,2.614591550504933
57680,pop_2,2.58035346943004,3.674637023671275,3.4324802507919503,2.580770021527514
57681,pop_2,3.217911827585982,3.537835081298013,2.59976054638047,2.7564371371785086
57682,pop_2,2.6442266282483766,3.927099452236587,3.0082401513842214,3.094874542063608
57683,pop_2,3.0224581691091545,3.9311571358122848,3.1958075266729487,3.0287381291407547
57684,pop_2,3.067823427204935,4.049420128672678,3.3687096176065037,2.7223174060001996
57685,pop_2,2.9871920456982557,3.7260221582946986,3.023658116983338,2.7013175072459625
57686,pop_2,2.7757157007167463,3.9112055573248554,3.4501713517350994,2.834050971344886
57687,pop_2,3.1835383399125563,4.271343091908571,3.3336952761578567,2.7270197070004674
57688,pop_2,3.030721339667615,4.077077329049505,3.483821125528108,2.7162581595990054
57689,pop_2,3.2731993129777575,3.8443549271875073,3.1961473053090295,2.8234792162292246
57690,pop_2,3.1864240144834657,3.9225085041255334,3.4614174150068826,2.7433116747558435
57691,pop_2,2.861620161754137,3.5257055475104546,3.568067255327812,2.9149059722512614
57692,pop_2,3.194380061207776,3.776680277642624,3.4409349739639934,2.5417906911202173
57693,pop_2,2.7993154919482457,4.040481011937174,3.497469493233258,2.950762406457112
57694,pop_2,3.080896071096332,3.748505690139989,3.5380768276309085,2.687663461175212
57695,pop_2,2.8210890734840204,3.786373651388123,2.7787222351442717,2.640889939883091
57696,pop_2,2.8700339821380076,4.287057187881349,3.3829446212087713,3.152437466258491
57697,pop_2,2.783645154835786,3.871416997783296,2.7760783500629618,3.0833065338897967
57698,pop_2,3.049321117861039,4.098521778114226,3.7799725048149586,2.409417645010375
57699,pop_2,2.709402236192434,4.036063220953413,3.586705719744298,2.760781493931986
57700,pop_2,3.1880835911444776,4.332209692098418,3.357277051255419,2.669122660939696
57701,pop_2,2.8079967375821933,3.896806276300632,2.478396857172395,2.9585126172572838
57702,pop_2,2.901994760114762,3.5014653585776694,3.247129906842247,2.591508961595653
57703,pop_2,2.9414843563699806,3.914899449151735,3.5905326553752688,3.217279015817651
57704,pop_2,2.7466280229972004,3.5598227257472668,2.996112696931799,2.9155095303139342
57705,pop_2,2.4672396564071812,4.023292330728586,3.372548320405109,3.203119651084532
57706,pop_2,3.2884909068808206,3.7348601909565184,3.5662349484277702,2.512636161171277
57707,pop_2,2.9943303176028286,3.9258654760865825,2.936164402538325,2.593532318498739
57708,pop_2,2.7412241790052487,4.207911116150991,3.0143576955872673,3.1284161027208044
57709,pop_2,2.9774965446374253,3.713615675572235,3.2745273817772618,2.8991888625487108
57710,pop_2,3.2817102459109475,4.065401757946535,3.6773828443450056,2.798199367194097
57711,pop_2,2.638779456263053,4.031073058486121,3.147997204976439,2.447986305569164
57712,pop_2,2.966521550909856,3.9028123941118755,3.229732010491774,2.46749171937347
57713,pop_2,3.0160422861807827,3.7339248749277902,3.1283492040265215,2.6630033619754667
57714,pop_2,3.109022801843388,3.729305105929726,3.2505740696146477,2.571007529494892
57715,pop_2,2.594663205991365,4.1756618488691055,2.932774398758671,2.778815342777634
57716,pop_2,2.8056206579249334,4.1318741577128595,3.4620047885516314,2.5565079882629647
57717,pop_2,3.048779253636167,3.8217881811175705,3.650079399511761,2.7731182470721047
57718,pop_2,3.2712634976155455,3.7321806093994807,3.1971030327913477,2.942553793796741
57719,pop_2,2.568379957144864,3.5949517015792445,3.282548687637519,3.320299313138373
57720,pop_2,2.9239204450825604,4.007234002774967,3.706072716159872,3.1885222874794374
57721,pop_2,3.017645625742103,3.815787737209554,3.2201864224472554,2.836001300198787
57722,pop_2,3.0026965968058836,3.926795732840749,3.527947993512178,2.976726172479052
57723,pop_2,2.7758942303935608,4.124108108421281,3.6717664330370408,2.538530918213902
57724,pop_2,2.7791497708375963,3.5755294930282897,3.046600524419803,3.004962001420359
57725,pop_2,2.482129605385561,3.927392654421562,3.1621678471451538,3.525132275820088
57726,pop_2,2.615619048181205,3.863088295823043,3.433784763030847,3.2456762661221354
57727,pop_2,3.1383181841877263,4.159987015205448,4.073648311436312,3.004868073180152
57728,pop_2,2.9989794420288605,4.157004595043475,3.1185678548208355,3.673427424482025
57729,pop_2,2.640423010372669,3.5420695130974376,3.136573000100145,3.0720906325373107
57730,pop_2,3.077624116688571,3.7174782249878153,3.7407883027463154,2.5680089500545655
57731,pop_2,3.0060929872765865,3.7292077989098584,3.485123013331434,2.5863874300888816
57732,pop_2,2.9521910318152313,3.5354426038489493,3.1558237605373,2.7256434160524803
57733,pop_2,2.7446910409381533,3.8698731424888817,3.310622049609224,2.730141683185619
57734,pop_2,3.0668897374643977,4.038861105230525,3.9838909384418626,3.238100771813081
57735,pop_2,3.0346876488413987,3.8630053505264743,3.3311653978667506,3.0076188805358055
57736,pop_2,2.93956328309536,3.2949316753986544,3.187687052889846,3.121756125561654
57737,pop_2,2.450065052360218,3.8460082128087034,3.030187499893358,3.027813600722027
57738,pop_2,3.2290166974702004,4.036198926771699,3.495399859365756,2.9973704013687064
57739,pop_2,2.9801429395527137,4.205267443879323,3.281062084951377,2.725463165732861
57740,pop_2,3.02170799241036,3.5098229226401667,3.051684203193252,2.76423830803883
57741,pop_2,3.0682286946852133,3.515001676630584,3.0373005076287423,2.8783884321857673
57742,pop_2,2.97606117552068,3.5785487734625865,3.1457664228017372,3.2108366123242784
57743,pop_2,3.2016387066030694,4.414801258450866,3.865849986217815,2.8379432522652634
57744,pop_2,3.072394473997114,3.8123630060165548,2.984638829211573,2.4718751345495953
57745,pop_2,2.9066807491697113,4.2568565816332,3.661559797130114,2.187719783685765
57746,pop_2,3.004972811689098,3.972992548471062,3.055935456358661,2.9258180576679287
57747,pop_2,3.1383927443653774,4.056673591763798,2.931713327227411,2.5823943190146545
57748,pop_2,3.0810227603754625,3.944340243299144,3.8079996503641182,2.5131208822204876
57749,pop_2,3.34616512446876,3.7440823080422434,3.581025306350738,2.708970547350074
57750,pop_2,3.2977933503799415,3.9329773914747483,3.5030520066173105,2.50584637857413
57751,pop_2,2.722860156836347,3.784265333521526,3.265642181348716,2.938797062947182
57752,pop_2,2.761065225955255,3.673012460825349,3.6862938188729317,2.84285272260183
57753,pop_2,2.783211801042829,3.6607378979681258,3.668396528575405,2.5068509289444307
57754,pop_2,2.9695856318109617,3.989558742488882,3.4882077017057065,3.226218689738084
57755,pop_2,2.9475858225082066,3.999604714785562,3.906979911123323,2.8226649900150598
57756,pop_2,3.015487249643852,4.051872111368002,3.0873903334844828,2.8941641627179866
57757,pop_2,2.9164758770573163,3.705111981210591,3.436197949017978,2.632811755889284
57758,pop_2,3.073257046193653,3.507099066877988,2.8848159575195984,2.496946727045516
57759,pop_2,3.027936021854644,3.9105776056873696,2.9770272216179103,2.756224745044966
57760,pop_2,2.9804290026751774,3.8025337110097457,3.0572387665798155,2.8596530207685915
57761,pop_2,2.5922811805333295,3.5896024074254864,3.2239203199798965,3.153517398447457
57762,pop_2,2.8175753332572087,3.975036936967581,2.6906672115780217,2.933618925681586
57763,pop_2,2.9757403392261157,4.1151098152072505,3.740813917970116,3.4176345799847203
57764,pop_2,2.8406197819755437,3.772651595191129,2.9741901131745805,2.7821305048813914
57765,pop_2,2.884751406220153,3.819548316037896,3.673609616992731,3.065094804040342
57766,pop_2,3.336408950198223,4.147470768616931,3.3558684904111695,2.52657091606379
57767,pop_2,3.120260999741226,3.955239825152843,3.534421721652141,2.5778504574398067
57768,pop_2,2.7572084195422244,3.9415830122108573,3.471387644485296,2.9103992295962793
57769,pop_2,2.781051258392782,3.5371437228374702,3.0811706145627564,3.264574204142822
57770,pop_2,2.7919126689601583,3.7923820680989406,3.2769225344586097,2.7151070777671467
57771,pop_2,3.2304664311690146,3.4825928391698415,3.0363046719371423,3.069219514373071
57772,pop_2,2.8149077449934925,3.606514728140789,3.186719451145851,3.4584974022404626
57773,pop_2,2.696581672724398,3.849341951385241,3.765592823992012,2.5015320334829334
57774,pop_2,2.7648991125471847,3.5413351440743694,2.9906185381467663,2.4260313321534324
57775,pop_2,3.1953695060958216,4.14805614463405,3.289929863949689,3.1178172667495847
57776,pop_2,2.9638012251519372,3.6157861520634977,3.5375123977061502,2.650229615626453
57777,pop_2,3.0714415450512065,4.1299185279284405,3.9553543635639725,2.2779585627495127
57778,pop_2,3.2828013086459533,3.880830216120409,3.629397024181612,2.6503029814549666
57779,pop_2,3.011351226299997,3.7333888267690893,2.9240846146003197,2.7351691942771894
57780,pop_2,2.9715651098259435,4.230473027349157,3.3196840656878717,2.7910716551435124
57781,pop_2,3.149377781218249,4.106746165658355,3.727342702609145,2.647245230358663
57782,pop_2,3.2081362091889085,3.993937339690708,3.380078414400733,2.6284082746439212
57783,pop_2,3.025479912684443,3.6728812993414777,3.504367216973239,2.505508641275982
57784,pop_2,3.012655846847603,4.272507613802287,3.6628198742861358,2.809580873451755
57785,pop_2,2.90158140886405,4.070053394984966,3.5081546791800635,3.067133362939937
57786,pop_2,2.7525147766132854,4.112444802886352,3.349397265668127,3.0428294761709953
57787,pop_2,3.2091641077599604,4.272674906059339,3.445363344196481,3.1727299369944006
57788,pop_2,2.6620224102460903,4.0688250860204045,2.7661293227869757,2.9880744614318506
57789,pop_2,2.8651413529293546,4.092896595265498,3.4303548712614034,2.509839456552629
57790,pop_2,2.9675788428086767,3.9111902747753273,3.3851214513442986,3.089152247012253
57791,pop_2,2.9868198844429354,4.129057197366517,3.5703456612350486,3.272701295612073
57792,pop_2,2.7975641215247373,3.4790760541390857,3.191288179079333,2.6552829780896308
57793,pop_2,2.950473182396828,4.101300966887995,3.417405594145256,3.6304867160954823
57794,pop_2,3.0001719380923015,3.722831945812586,3.606764544994775,2.412393660205882
57795,pop_2,3.338786364117372,4.085924506573133,3.3895005294468654,2.371107257589855
57796,pop_2,3.2377686563136914,3.8687050867970627,3.377542868900706,3.2291029482215965
57797,pop_2,3.2837218495309193,4.181159328737511,3.3110821975218236,2.9440813767248186
57798,pop_2,2.786592145345317,3.8097020493458427,3.587769344563648,3.0640039002642907
57799,pop_2,3.3748787253396584,3.954663689999067,3.253348348954776,3.0793399239781736
57800,pop_2,3.036579061282077,3.724185030305587,3.811240716420582,2.475890100742877
57801,pop_2,3.444573377310132,4.133148015549641,3.0825431985659173,2.6607433618295486
57802,pop_2,2.9956604175612007,3.5038173364766854,3.0291291878465856,2.7295556352068586
57803,pop_2,3.206594626993854,4.312953589359443,3.771679273909928,2.366411187448934
57804,pop_2,3.0315842552174077,3.900003030115307,3.3726827396487264,2.8160558465966075
57805,pop_2,2.9226874962316365,4.020102205746222,3.198114313244955,3.0611099849622043
57806,pop_2,3.154463794290147,3.899767668751613,3.315591721849917,2.6749507261792598
57807,pop_2,2.886642060386263,4.010128295176226,3.8284917784271175,2.512288889255215
57808,pop_2,2.8756958273028816,3.812658729106677,2.8656104062432854,3.1544802991505616
57809,pop_2,2.9153361415125225,3.9225049982104156,3.5539556424545844,2.7333631311629194
57810,pop_2,3.376482068205545,3.9406714456787144,3.440830766090341,2.7801958653948318
57811,pop_2,3.019514915937472,3.559079696864188,3.131444979776122,3.046017215939043
57812,pop_2,2.918520514599858,4.325739341491228,3.908837525527332,2.7410106727679824
57813,pop_2,2.756847928234995,3.538616176973534,3.103083810255023,2.828710570845294
57814,pop_2,3.3346782953948524,3.887939773960489,3.654149334636145,2.759387087524935
57815,pop_2,3.2486669693450403,3.947459219194756,3.477187683149888,2.840969765439621
57816,pop_2,3.175070397992142,4.3375331735088585,3.4361141340967585,2.858277671368426
57817,pop_2,2.6493308746553947,4.118897171034762,3.065151018453125,2.9673688298174214
57818,pop_2,3.1543063518983634,3.8207410684604612,2.522481101673032,2.959851360788155
57819,pop_2,2.888645767301508,3.7321748417516507,2.971508121495522,2.502354919999556
57820,pop_2,2.931892793275074,3.692949090744623,2.978000146883173,3.2653678086127753
57821,pop_2,2.9111900182963946,3.781217094888537,3.432054475192605,2.808682858220399
57822,pop_2,3.356344510817031,3.991484106546633,3.6488409416411574,2.8239568575274565
57823,pop_2,2.7665193679902305,3.83567904153976,3.892628498014455,2.728718511270677
57824,pop_2,2.968098078859489,3.3823926242730864,2.8120320434490367,3.22035642262163
57825,pop_2,2.9044953447398543,3.3503981427259446,3.1257835099878553,2.742661232442468
57826,pop_2,2.810614684265518,3.7499833384533328,3.5755223120041184,2.4330836112194865
57827,pop_2,2.739343623373616,3.903813953221284,2.9895619301421803,3.1552796577911133
57828,pop_2,2.798318038459371,4.099310474255338,2.84207610472159,2.34963717822446
57829,pop_2,2.9452628869653474,3.7305085031449177,3.523362489448817,2.3671067359301388
57830,pop_2,3.0561587004998167,4.085708979196376,3.5796223055849823,2.8517422849990766
57831,pop_2,3.008780827220125,4.002105147939517,3.681143334237121,3.097779909561
57832,pop_2,3.282736996166256,3.9723012785136884,3.091446017491159,3.133511282394231
57833,pop_2,3.3172637046965647,3.9855772916216474,3.520451064817889,2.3216898382071873
57834,pop_2,2.5271554715447393,4.034828818612524,3.128736727588688,3.063942512356649
57835,pop_2,2.970934116471408,4.108580271573543,3.66148385038843,3.1350294387220004
57836,pop_2,2.7046932628573157,3.666482645297579,2.3783596042940687,3.035726744946109
57837,pop_2,2.9516931987839086,3.6016034241028323,3.301159393089288,2.906779371055091
57838,pop_2,3.215598398585828,3.8576506081564244,3.6059264315633,3.0845386012362823
57839,pop_2,2.737054718593738,3.889673476673744,3.252577790805096,2.394542638459739
57840,pop_2,3.0625544959688162,3.8191825795378933,3.2915356472399835,2.5379626276832536
57841,pop_2,3.2155399084742906,3.9637974820560657,3.3000070217915973,2.1297960085381966
57842,pop_2,3.0578564769476793,3.895977383695662,3.1512298118032778,2.803351061009725
57843,pop_2,2.848541047986617,3.6378928510955344,3.2315263112794916,2.770673055801312
57844,pop_2,2.949360907604747,3.9865437463445748,3.569798122799996,3.320554957916587
57845,pop_2,3.0734117946412587,3.814431170247016,3.5159398729118037,2.546615898349763
57846,pop_2,2.8484932499092124,3.534577782499573,3.0644750734275426,2.5696349989611926
57847,pop_2,3.017435720915734,3.8053591737333803,3.130479060872932,2.5290753018762597
57848,pop_2,2.706427787923369,4.229328340867796,3.678204026576069,2.9138437700400273
57849,pop_2,3.3224538111185145,4.077779946487283,3.691768697328139,2.2976808410988623
57850,pop_2,3.2213570826170344,3.890777707053489,3.089116712389244,2.9354596831085855
57851,pop_2,3.3063376227512875,3.9382301229196166,3.2126606392719124,2.51891659716095
57852,pop_2,3.513454848449274,4.025834104321166,3.3171247761821108,2.2530288806790324
57853,pop_2,3.2984655594720675,4.05386079395849,3.5377850432857123,2.8142513165216116
57854,pop_2,2.9978298707702904,4.135788066443829,3.6277567547473746,3.2473173912000832
57855,pop_2,3.1022377367109573,4.09266615128077,3.3300120725788784,2.9168923042076416
57856,pop_2,2.8092022935638012,3.9073006518737925,3.0627533631209007,2.6107980982200583
57857,pop_2,3.089137873578089,3.5564680035854637,3.1863524220550308,2.6323084633446245
57858,pop_2,2.9259181163531442,4.003271458957579,3.5887454580297953,2.703388591005765
57859,pop_2,2.6651496023067085,4.172282119411468,3.8108544128036153,2.4722196842230604
57860,pop_2,3.2518512220005857,4.032626009814066,3.252942556803013,2.989845175273143
57861,pop_2,2.976735573562793,3.842763234095934,3.3485663323209516,3.1916273973167057
57862,pop_2,2.7088230690798722,3.960345535360409,2.9453271901340736,3.013309803800154
57863,pop_2,2.422745734264853,3.5575182455303276,3.173686922915332,2.811157778930455
57864,pop_2,2.894046603832197,3.7814800698436195,3.9635567036486163,2.79362456380022
57865,pop_2,3.0642329275764277,4.1111736496319695,3.1244125070249975,3.126845079177175
57866,pop_2,2.965270550103859,3.6829946319418707,3.0697472573404707,2.9343000531907593
57867,pop_2,2.8858560795830797,3.8694250504877603,2.933933714642519,2.9028089030771382
57868,pop_2,3.08575871158645,3.874184888422443,3.084855258103739,3.064893042484678
57869,pop_2,2.6212748996170565,4.109887026847753,3.771775368935441,2.969703587885842
57870,pop_2,3.074553603407435,3.623456364719235,3.2363359467030035,2.7116618938187056
57871,pop_2,2.918662599285676,3.946302141094885,3.139045100427217,2.688947766345444
57872,pop_2,3.0873735889284175,3.96848344475555,2.9659501290781565,2.6392766127899363
57873,pop_2,2.645337877672715,3.6696062710539277,2.8557465975744423,3.28856135689247
57874,pop_2,2.51716773549899,4.216283566525596,3.5206928232513635,2.781154303772766
57875,pop_2,2.5843902280222615,4.058280047424746,3.3929681048010543,3.376686217369452
57876,pop_2,3.054423488927376,4.076254478438021,3.272185296142687,2.7519836834975964
57877,pop_2,2.679778224344534,3.893274857143211,3.1432034909512434,3.275674989557649
57878,pop_2,2.7911097292070313,4.190013425904024,3.470549358643575,2.928472717797709
57879,pop_2,2.697310765217209,3.8823541040958043,3.4780398313493435,3.3732724204199167
57880,pop_2,3.1148028508746317,3.8326281761566023,3.5160137686815687,2.979786856387223
57881,pop_2,3.231893647896263,3.934182754208817,2.835101201233617,3.1015477040410637
57882,pop_2,3.3275758540941993,3.5685058007674995,3.164014085087196,2.754373664330345
57883,pop_2,2.988129132053043,3.676215458119315,3.4258493093419764,2.8926808885405637
57884,pop_2,2.7050929664429813,4.224510677198852,3.29528086004796,2.6058968836609946
57885,pop_2,2.916064559761035,3.83762340294287,3.4949937369430626,3.2649330885748857
57886,pop_2,3.037035300448205,3.992687377862548,3.0649456929968366,2.6603929211774844
57887,pop_2,2.8966264738119794,4.190106696648484,3.5480476048436893,2.9780519678342356
57888,pop_2,2.9663287475349915,3.899353271168156,3.4739855540815774,2.814228400359519
57889,pop_2,3.075990092560316,3.8928280370539894,3.343103626707927,2.6558657433609074
57890,pop_2,2.6645685563302166,3.7768412764834145,2.822197625818074,2.433893210769695
57891,pop_2,2.9179895834792755,4.044777075293867,3.302780873077937,3.0983776979049433
57892,pop_2,3.2119069624027183,3.972175624732027,3.2382613073221695,2.812008071684884
57893,pop_2,3.0039844657003325,4.05382113536409,3.4264689842722764,2.9066052468844954
57894,pop_2,2.981995126732359,4.262290505317052,3.455249146716549,2.916258495250851
57895,pop_2,3.094849508972089,3.804230173905147,2.995709503834012,2.948672213110573
57896,pop_2,2.8806283358417017,3.9698122053803795,3.1884613460634146,2.729619866765868
57897,pop_2,2.6468647317754366,3.8921972589943423,3.3483441563636474,2.8976873411393913
57898,pop_2,2.595149381064471,3.914920967652313,3.1758543895768176,2.951852329588461
57899,pop_2,3.080712515231733,3.571026737530153,3.414975210750347,2.530003943455876
57900,pop_2,3.5264921089586228,4.009777589195735,3.320535956331708,3.1885726940343537
57901,pop_2,2.889075883684307,3.911426148788716,3.338352860896623,2.9328350847053817
57902,pop_2,2.9614144173155434,3.479127478769716,3.5382703501540513,2.8992716089132617
57903,pop_2,3.0707039859230116,3.706029739791269,3.0821608975815247,2.7568027411402585
57904,pop_2,2.6186943032695025,3.6902780859594446,2.8959888801208944,2.6779168253836354
57905,pop_2,2.8571483484910787,3.922466173368748,3.451573496389541,2.863888238319459
57906,pop_2,3.02239138851853,3.9112201641688364,3.329124513416162,2.426306237352563
57907,pop_2,2.837713660850288,4.016897907371366,3.35659175017529,2.966322620255181
57908,pop_2,3.0094087480242147,3.9081537963040014,3.0397111990464887,3.1898751194004222
57909,pop_2,3.253122425842633,3.804104012623446,3.3138936536714527,2.61257277171446
57910,pop_2,3.0927746479002005,3.9996861312095366,3.601963265318705,2.9849337277834618
57911,pop_2,2.912918990657991,4.265685989179111,2.9460982033393313,3.103598451210231
57912,pop_2,2.972441214462755,4.1780912235371845,3.292521711162421,2.858809212879094
57913,pop_2,2.6016842012197836,3.910211925859026,3.2753923439880577,2.6306585185543128
57914,pop_2,3.2135055889669237,4.028580388962341,2.9997823464844764,2.505248849158666
57915,pop_2,2.4983521128946,4.030466216451405,3.354326686600639,3.002812480585287
57916,pop_2,3.2397958521111856,3.8026156228938737,3.175719766468094,2.6756401961775995
57917,pop_2,3.0645330977428182,3.970566220317588,3.4593115728270067,3.1949966046457385
57918,pop_2,3.2267779138936152,3.948812393527129,3.313623060711604,2.671369748383032
57919,pop_2,2.8342796826329826,3.692590864576061,3.1884482963276484,2.7242548925458028
57920,pop_2,2.7847000251649825,3.8913909319480045,3.190116079937946,2.845035443397072
57921,pop_2,2.730573187634949,4.164552588601604,3.2713395798041973,2.6018143751064944
57922,pop_2,2.8001681238711438,3.597441284357269,3.2471988808324563,3.149466857293019
57923,pop_2,3.29167811439828,4.112161168199582,3.0535957448754565,2.7858330326253578
57924,pop_2,3.16604664582362,3.861975899594138,3.506672522733051,2.934523500971606
57925,pop_2,3.224097569207787,3.858033137750653,3.2739545388788898,2.735402568010096
57926,pop_2,2.451715819852524,4.014343543388679,2.787754845020947,2.3327842050132293
57927,pop_2,2.8233505505624104,3.854853179392958,2.718424905522007,2.6813239216132696
57928,pop_2,2.7309175343819256,3.5233779375803356,2.9097532647476627,3.1591519124890506
57929,pop_2,2.8294232651222933,3.989144244945027,3.5241093904703282,2.936185115265177
57930,pop_2,2.7386571881128763,3.7778985584971116,2.514602837942495,2.730463812125655
57931,pop_2,2.87263783517585,4.301718079173525,3.308477006227323,2.6371082422199428
57932,pop_2,2.8743087420562814,4.1320014039223425,3.067820426745958,2.762035056394845
57933,pop_2,2.6484095671398578,4.164696435983831,3.37442488801146,2.2227799500777516
57934,pop_2,3.251241010869522,4.280859382464961,3.3525329154653396,2.9005912394879543
57935,pop_2,3.1015062516587264,3.722566858721161,3.1742766991919615,2.836284826161993
57936,pop_2,3.038907875739608,4.078638209115575,3.420396713695959,2.859801058403182
57937,pop_2,3.233287182340516,3.9527343786430973,3.20614782466683,3.170862095414638
57938,pop_2,3.0055085652028684,3.9135715273704825,3.2207921972163835,3.0583470383667777
57939,pop_2,2.8410429104541324,3.4829596631429176,3.024684315337679,3.1185909264080576
57940,pop_2,2.897053597291734,3.624359470702959,3.407866636835462,2.857085136177362
57941,pop_2,2.364839980688016,3.902855133354434,3.282194507795938,2.786587051315265
57942,pop_2,2.329969026208618,3.8460533481680415,3.2298798178982873,2.592092036251769
57943,pop_2,2.901980576728274,3.69579758049043,2.812207558342433,2.8157433686999314
57944,pop_2,3.3551175712165806,3.7309406009252912,3.675980002965033,2.8434388363842396
57945,pop_2,2.954655717051617,3.9888462344166644,3.4800742443345345,2.887868797902443
57946,pop_2,3.193885381502987,4.221587968793301,3.870967353441731,2.8637592104955334
57947,pop_2,2.9882333006099713,3.8255461498762102,3.7568914074120867,2.8918906336544685
57948,pop_2,2.8978986374701097,4.1964296217841275,3.8281354997778574,2.9633854660257506
57949,pop_2,3.0891417762524265,3.7372215930475394,3.160017483385299,2.6276644282585937
57950,pop_2,2.8144767679473404,3.705949119222345,3.1068744833685877,2.5501032169291786
57951,pop_2,3.2356315402775397,3.881875443275633,2.964571149310374,2.5099265491285427
57952,pop_2,3.3128059525851334,3.526064304058808,2.8429714624295253,2.5311750177794368
57953,pop_2,3.0199807396305487,3.960514764412711,3.0808171617567703,2.30675690163648
57954,pop_2,2.6770726931249706,4.002833117887711,3.4885925754234255,2.570738594929502
57955,pop_2,2.7743118844688355,4.07184713621171,3.345172140871157,3.3265709489647763
57956,pop_2,2.8695215238957594,3.9150459903661163,3.1112178110389737,3.0248815213424987
57957,pop_2,2.69400196541112,3.8429372029133453,2.9720433117541694,2.9623044851836893
57958,pop_2,3.207934781303926,4.180712861331725,3.0054468308307967,3.0238266063660633
57959,pop_2,3.2546607633711835,4.393323224767339,3.1986641220302756,2.6340501873585365
57960,pop_2,2.932810763550034,4.174583458798817,3.4314474798928356,2.605065393550359
57961,pop_2,2.9562731380672846,3.865453197049248,3.7751347479184654,3.050132126761549
57962,pop_2,2.823133741870367,3.5001016461660326,3.6562993069948075,3.263716446537558
57963,pop_2,2.847745589645132,3.6543881366871975,2.73511644000241,2.6101378732783584
57964,pop_2,3.18950511136348,3.849203435832975,3.7091131501952725,2.9496679151393534
57965,pop_2,3.0806948831660925,3.756876592519383,3.0347963643176294,2.719477142680524
57966,pop_2,3.500055802364029,4.267897767761174,3.856812907939239,3.0221452153865713
57967,pop_2,3.3911048152359817,3.730188061974513,3.7506213558750563,2.6871875622653376
57968,pop_2,3.051174679001641,4.307996868500314,3.4346172587165276,2.970991435153817
57969,pop_2,2.9648806804329553,3.955845199066477,3.5413039633250443,2.956886312894188
57970,pop_2,2.4335354987667572,3.9258530737399813,3.7551690754308105,2.8203730969518466
57971,pop_2,3.134468929443018,3.7854548483339165,2.972400404412196,2.705542672494195
57972,pop_2,3.284514994797661,4.228672416111924,3.5148987258192284,2.565476607603293
57973,pop_2,3.241683484769901,3.581005152429305,3.4269732715961445,3.4123407371519576
57974,pop_2,2.563534239385318,3.7961561341842027,2.6555282350175506,2.452634138451123
57975,pop_2,2.9905284268374883,3.7513111946880193,3.239119008837586,2.3943226492172376
57976,pop_2,3.2854691929158153,3.6784385437311644,3.7611721426328906,2.8581701805596564
57977,pop_2,3.1746730086806383,4.16655390244641,3.338668059177413,2.242123807542947
57978,pop_2,2.9174921195116896,4.20293361987168,3.4178898374333992,2.7436457863350063
57979,pop_2,2.968353602831866,4.028715064298366,3.096660121276607,3.002502567892287
57980,pop_2,3.1663203857499758,3.9783701136094005,3.1869545925140574,2.9746697615331334
57981,pop_2,2.8252204739958238,3.725826275320115,3.366707848659718,3.0539391301719165
57982,pop_2,2.613123103551795,3.7499757980481907,3.340375790606528,2.7449386267515563
57983,pop_2,2.6953590667825957,3.974304275968507,3.5615111370036443,3.101320496655347
57984,pop_2,2.529140278628745,4.2672868498649335,3.3792413354016313,2.9940676641777344
57985,pop_2,2.864046009371075,3.905412839157825,3.453964158861611,2.8433018856116554
57986,pop_2,3.267537831831916,4.081624933282713,3.2293065150378957,2.6231376599191254
57987,pop_2,3.1019560154649537,4.152262199485643,3.5004812157097374,2.7902440145312584
57988,pop_2,3.2692569178980033,3.966039005135247,3.658124440631727,2.958302830322886
57989,pop_2,2.946457968704422,3.7469976924335695,3.1153672679588165,3.0258089282473
57990,pop_2,2.775262657670912,4.202679178891363,2.9843558705905924,2.638269585532108
57991,pop_2,2.8806282980969375,3.383089400897166,2.965334515638178,2.7740746866208084
57992,pop_2,2.902766332889048,4.222298887809171,3.3495625419745627,2.015250108972751
57993,pop_2,3.073820644723352,3.5876311616810392,3.332795661657828,2.837556173012142
57994,pop_2,3.1981098851153704,4.3724748316493445,3.3133497770621174,3.0258446308291593
57995,pop_2,2.833955048695806,4.451570312713573,3.9781188220778043,2.694829448942778
57996,pop_2,2.908773162986411,3.747500846097621,2.8058320591321935,3.319886304786526
57997,pop_2,2.8303923372341577,3.897429984531065,2.8086846860626062,3.055737868815473
57998,pop_2,2.802002615720674,3.717750821687126,3.342351017050238,2.6484671864886287
57999,pop_2,2.903559765167508,4.41751697026544,2.9008049225973926,3.0722117949418766
67000,pop_3,3.038020182456421,2.782162481421984,6.9669265238547275,3.376713876152985
67001,pop_3,2.710530936180705,3.1531953429922837,7.059583767418201,3.125010754243593
67002,pop_3,2.525917552422243,3.0847914512470913,7.166463113322498,3.2688662467454677
67003,pop_3,2.9980304870059107,2.7436325226974017,6.924448736178456,3.5619883914435744
67004,pop_3,3.1419750361734606,2.766399802420744,7.198139440479517,3.2436833476221376
67005,pop_3,2.773857073097963,2.8724178240209843,7.208350647497651,3.581576452245672
67006,pop_3,2.631484271809294,2.7440031151729407,7.066904590402015,3.553893520145476
67007,pop_3,3.1297893264413954,3.383843494095655,7.019652006683491,3.1217491334308467
67008,pop_3,2.928863971408494,2.6690342396006317,7.397715981654532,3.361429665344286
67009,pop_3,2.9816859923281576,2.9671580785246294,6.949637816004141,3.4513255631295596
67010,pop_3,3.057834291763303,3.30579129687301,6.59887336303625,3.36245183707401
67011,pop_3,2.7207566792810938,2.6046732966151502,6.886622676488011,3.0809918300545145
67012,pop_3,3.327456950489069,3.384440251372958,7.877239821447026,2.949082150699627
67013,pop_3,3.025859231575506,3.0244232319044086,7.101445887941648,3.109391488746877
67014,pop_3,2.856526721164982,3.322267785394017,7.1095819160002955,3.119404538076102
67015,pop_3,2.7824327199318635,2.9287158207395536,7.159439159084398,3.2122250402352535
67016,pop_3,2.691286649466226,3.0723376760578307,7.2699148460778735,3.32284757813518
67017,pop_3,2.6664013250759697,2.80294621216819,7.379826043921523,3.44656407158911
67018,pop_3,2.9735570874665496,2.7664280653725974,7.03508545440351,3.274436463939662
67019,pop_3,2.95457707729622,3.282309886876804,7.057018334079826,2.9084420613299016
67020,pop_3,2.943052437365657,2.9982729507306023,6.920192363568242,3.3334306935839586
67021,pop_3,3.0178643235715157,3.351714782295061,7.184744891298463,2.9241709777238323
67022,pop_3,2.778863929253644,3.3135291533753852,7.241584431938183,2.738118284121399
67023,pop_3,3.0775261438721664,3.1488938447957264,6.675451689096276,3.4367104719826647
67024,pop_3,2.8249980681586453,2.8024459420895083,6.9331884891765245,3.2709873175047424
67025,pop_3,2.856181816501866,3.005578679227043,7.003746637475235,3.120921012793112
67026,pop_3,3.157430940006668,2.8679444235204374,6.991372403231619,3.589328433679746
67027,pop_3,3.116804078268994,2.9284757956528593,7.259319943117087,2.8881520837915784
67028,pop_3,2.809343148017075,2.634477945005301,6.601024214394808,3.365429680235541
67029,pop_3,2.737705104451682,2.9861524047597987,6.81634767432948,3.5209987328979637
67030,pop_3,3.034068348241053,3.186615977322071,6.737176104358575,3.6515004450923896
67031,pop_3,2.653423918827721,3.08547942410753,7.055215069547345,3.2970482911141894
67032,pop_3,2.849636378677655,3.22102836298949,7.259110100470953,3.302472946610278
67033,pop_3,3.197313784746039,3.5061628713399116,7.013961331678844,3.2030079810718983
67034,pop_3,3.0856093689238104,3.5712132171485758,7.04679328668216,3.292458411629964
67035,pop_3,3.1869476552238107,2.991916803009153,7.217152755758888,3.33294332642475
67036,pop_3,3.0168671257616815,3.0070289482375774,7.20140889383975,2.9383970928230547
67037,pop_3,2.8862109515499434,2.907724914725898,7.340571413839531,3.584925541845861
67038,pop_3,2.633751388803505,3.396940657265436,7.003808438862668,3.03232975456851
67039,pop_3,3.079986429632273,2.8623554868513565,7.019365051663044,3.2065063250019685
67040,pop_3,3.07682655017589,3.188622894330931,7.247729485772861,3.031866506369684
67041,pop_3,2.87034167065098,2.793966178972756,6.72956972051622,3.686698579781139
67042,pop_3,3.2335449656474173,3.0485908258581964,7.054086967956683,2.962516739888159
67043,pop_3,2.695384606640457,3.2130666168646567,6.9466043110368645,3.7310700697894266
67044,pop_3,3.0248932478572783,2.9576579919643433,7.044905389646579,3.3908342931722055
67045,pop_3,3.098073345935519,2.8791607796566803,6.790453127145078,3.4350436125290447
67046,pop_3,2.5368645885324352,2.5418981041311994,6.606167012853068,3.3833260773508917
67047,pop_3,3.138500556166496,2.921904538747977,7.004339434059181,3.3592296370998884
67048,pop_3,2.7812434761640485,2.716349002702827,7.114890178021406,3.2107709150843333
67049,pop_3,2.676679776938722,2.731936473292483,6.7792681030755215,3.8881062632242185
67050,pop_3,2.6364120076914923,2.6541153228048273,7.4367791095038935,3.4309324399739287
67051,pop_3,2.9566830041913814,2.890665965468057,6.877898882147802,3.264572975320253
67052,pop_3,2.693635717380692,2.929183686201931,7.0176900609299615,3.016283608863196
67053,pop_3,2.613411098347614,3.7363942549927485,7.214286344793177,3.1715251017823523
67054,pop_3,3.1484681005377766,2.999913206484493,6.533656073115255,3.3217046430784274
67055,pop_3,2.6962386473913127,2.8432775425919337,6.94470949574409,3.716652313110451
67056,pop_3,3.00908312729817,3.32597061820059,7.135137861107952,2.997619365294876
67057,pop_3,2.52923675464308,2.9364766037508754,6.944526465893403,3.2023900741636835
67058,pop_3,2.7233704765210582,3.367670243055483,7.260582515803418,3.288714154929614
67059,pop_3,2.7626157728756695,2.6600926494658577,6.664875533667896,3.2774942601605015
67060,pop_3,2.963937223454523,3.137344730747441,7.188929385414484,3.172256634553937
67061,pop_3,3.431874780919719,3.0638504708255554,6.934897433610325,3.406458406038095
67062,pop_3,2.805657515037975,3.1040611797267905,6.721237537022037,3.1303407787294613
67063,pop_3,2.9224275637338293,3.3546733410557814,7.0828084281328225,3.7935443010712007
67064,pop_3,3.0804613815499677,3.522762931321124,6.92380372873556,2.928689146178896
67065,pop_3,2.914932839656969,3.1991794088487584,7.21757350346489,3.103930878513784
67066,pop_3,2.945861389952472,3.137555033804999,6.834105961553412,3.085430923468939
67067,pop_3,2.7866873535537873,3.0101419307387696,7.191900706242322,3.049218764890644
67068,pop_3,2.479884133464795,2.940893017670895,7.42792151192892,3.1716161102282676
67069,pop_3,2.8172876926549506,2.8873213819585537,7.163341574994067,3.486368086822898
67070,pop_3,2.9897070198012923,2.726998427871102,6.702145565127586,3.935834130918477
67071,pop_3,3.129173813999987,3.0651763989166567,6.9893087290628335,2.9179923165156163
67072,pop_3,3.0329543397556047,3.1940097655540227,6.6373058916066485,3.2417625571054534
67073,pop_3,3.299968513935104,3.3644110241573935,6.977576868813982,2.974343279375698
67074,pop_3,3.0827626851139383,2.8304855834645384,6.918586695698123,3.0250102584457887
67075,pop_3,2.459025454837369,3.2417005547763353,6.949159976441708,3.0863000103877103
67076,pop_3,2.743727696556077,3.28173332696943,6.5827776352752645,3.172604570692906
67077,pop_3,2.8781159225055775,3.279700819366435,6.8599895009063,3.555056977559913
67078,pop_3,2.4932394080052624,2.8924052691813684,7.187012057135501,3.3744606097860537
67079,pop_3,3.3088351916428467,2.80721470657831,7.12161283369858,3.215698640606052
67080,pop_3,3.2131904709189683,3.234979934223403,6.886582606812015,3.2946211830618126
67081,pop_3,3.239486948450121,2.555743826493253,6.766386218309205,3.489229794832697
67082,pop_3,3.013647769375319,3.439176936277634,7.1569316821745685,3.17759656676863
67083,pop_3,2.57253496173048,2.9439458322149417,7.600067515656716,3.4881164215585945
67084,pop_3,3.2248873786467405,3.1734406482965354,7.136718680827726,3.317532762020544
67085,pop_3,2.7263609348149065,2.8858946567039654,6.7560907348931805,3.3647504911887767
67086,pop_3,2.5762567120818534,3.10625849736731,7.070733846784698,3.3683654142109383
67087,pop_3,3.2815972868299057,2.796139102889426,6.829822783056883,3.0220632237809517
67088,pop_3,2.9214638980985317,2.7776946191371596,7.30045985742696,3.617223976358253
67089,pop_3,3.0082219260736807,3.018092228720196,6.695774010014567,3.12029311777636
67090,pop_3,2.8799858633208886,3.0580872482046466,7.151526421310946,3.831706763283876
67091,pop_3,2.7704384165585023,2.9972970765249696,6.84202312324753,3.0816533092509206
67092,pop_3,3.215179274245875,2.9949732524275974,6.923648171752392,3.3050293370487216
67093,pop_3,3.2452645032118292,2.923434244867305,7.3633080925518,3.4725609101430797
67094,pop_3,3.145504139621408,3.037220133763422,7.399580489094767,2.739535006662425
67095,pop_3,3.074139165159111,3.0650648099424136,6.993838240973568,3.2155288116024257
67096,pop_3,2.8869947883208344,3.0046773241351,6.901293790120851,3.2844044027884842
67097,pop_3,3.085667806256138,3.56892951167644,6.73987608009917,2.8842247762263327
67098,pop_3,3.1958223318025962,3.000429373892133,6.7990894593528814,3.3284509328818657
67099,pop_3,2.9182137264828794,3.167933983013913,7.358324895051116,3.236080154132814
67100,pop_3,2.706011505348125,2.821872179472415,6.786284932394028,3.0486116133873025
67101,pop_3,3.1467898947901585,2.7998673202724773,6.668839987173121,3.5420425128396062
67102,pop_3,2.909544938929138,3.4773249972676914,7.1197981989640535,3.316009742382371
67103,pop_3,2.9337778220875754,3.185710277699383,6.729922890640882,3.464437543306354
67104,pop_3,3.029105127869273,2.9320255315166963,7.176658805278433,3.6488237932981167
67105,pop_3,2.719497152971148,3.3469548108134024,6.958204346406158,3.2916861811366562
67106,pop_3,2.641533108266782,3.2286871655262472,7.521605032075565,3.364008190955122
67107,pop_3,2.7351831320159348,2.982586316133778,7.212623267835587,3.3379786511265888
67108,pop_3,2.6902835144963664,3.0402727155439893,6.866204921864097,3.8001084853432157
67109,pop_3,2.6442484874430137,3.3589291042914047,6.8522185912299145,2.6877590165416665
67110,pop_3,3.079469343279576,3.3050662266758706,6.869028736894484,3.13906414015819
67111,pop_3,2.618468031032672,2.888319717967734,6.736109133813322,3.784833629720623
67112,pop_3,3.2886227712409317,2.8724389362789386,7.144097506333903,2.83995345538449
67113,pop_3,3.3011302703886773,2.9342819016485446,6.577703165178267,3.0952648591825085
67114,pop_3,3.037797339330525,2.9095094215116424,6.647546252229079,3.5322794318181368
67115,pop_3,2.6908100915002717,3.349789152789278,6.891502852544069,3.3629901052902773
67116,pop_3,3.0705459890272353,3.135626861884891,6.9761610102386165,3.7967743764071216
67117,pop_3,2.870297542935075,3.1339831415443156,7.082459663439504,3.60176898613562
67118,pop_3,2.546091642943938,2.9830378943883633,6.975072084791819,3.1302698956327277
67119,pop_3,3.159779644578384,2.924910346160882,7.130625785950901,3.454208424633229
67120,pop_3,2.5330863448579706,2.993971956769755,6.851509103993759,3.1310478708032696
67121,pop_3,2.3409360228998612,3.0414021062267214,6.7465933965977785,2.9702632496219428
67122,pop_3,3.065797137458584,3.4812245213890938,6.860419419325806,3.221723792869798
67123,pop_3,3.007627270887377,2.946248845483533,6.761483650545986,3.5054291185265587
67124,pop_3,2.3590269994571123,2.4841496424195673,6.344550130770678,3.9570446136568664
67125,pop_3,3.019120498364284,3.2936641338792745,6.686675399382216,3.146677327469648
67126,pop_3,2.636596047492643,3.1002440010611463,7.257178559299807,3.8335623329210886
67127,pop_3,3.278256470871034,3.3733360287951886,7.261279619715317,2.6488578344277762
67128,pop_3,2.9920810782871143,2.8175384331677704,7.129241776885669,3.733416601244567
67129,pop_3,2.7765448587950554,2.64985368975801,6.790931997095437,4.254837107953128
67130,pop_3,3.2432552524927694,3.010910210619188,7.253569146014099,2.738114991248467
67131,pop_3,2.9548677238699397,3.0511380950642564,6.942088641649208,2.75092065086163
67132,pop_3,2.9138259299019533,2.9240215588140006,7.132539287428674,3.6410017305163853
67133,pop_3,2.8753328323596867,3.0098098768863877,7.3084934723955035,3.290462252985524
67134,pop_3,3.132403789757977,3.2657464008117296,6.752879101795277,3.23706483310413
67135,pop_3,2.7481769151465443,3.081009875649708,6.93837377581532,3.1553623708494536
67136,pop_3,3.172379291426087,2.9356520610719357,6.905539808575421,2.935175442866896
67137,pop_3,2.9597372743590884,3.021395009551866,7.496217683645218,3.8036026840755133
67138,pop_3,3.0000512058725755,3.2071070974431546,6.920402675353683,3.439885955941095
67139,pop_3,3.2786275416027313,3.0979932079082912,6.856504703151999,3.071217741364052
67140,pop_3,2.693671752112,3.0878217543708,7.026767316509029,2.954906338592227
67141,pop_3,2.979105633814452,3.100866023274772,7.2514177406352145,3.219171360905757
67142,pop_3,2.687853024051817,3.2413900231818444,7.5970494022958075,2.9917246788041663
67143,pop_3,2.818659866260684,3.088494267931489,6.964422464534691,2.962306446082147
67144,pop_3,2.5592704166769114,3.163398883304607,6.947947229743124,2.975804309559224
67145,pop_3,2.558608000032565,2.6424361641157232,6.845716563315138,3.778100662007521
67146,pop_3,2.5879808367134474,2.9677232064829995,7.118052871695054,3.9036671981278666
67147,pop_3,3.0606461565484193,3.0054597610112386,7.343411550848709,3.173122272829092
67148,pop_3,3.3703313343751313,3.341237681350345,7.215633124843658,3.318807596765902
67149,pop_3,3.1327585569720275,3.0031199867353515,6.903852140646248,3.1877081623658245
67150,pop_3,3.070304693772496,2.5870002136265424,6.757867865408658,3.463624057714691
67151,pop_3,2.8323545043581615,2.7107963946488858,6.758812828290328,3.7700133392218103
67152,pop_3,2.870546691877063,2.9547291523214696,7.156115078033185,3.4844402523226163
67153,pop_3,2.913305268450798,2.904176702919906,7.463999693491235,2.8677010416505935
67154,pop_3,3.036137401831518,3.164112624743447,7.146576386714647,3.9204005932258807
67155,pop_3,2.59703820573683,3.2085717630112938,7.034691255137038,3.231576160273987
67156,pop_3,2.673252994248649,2.7261032584898848,7.229891798702,3.4973987730837686
67157,pop_3,3.120974326638576,2.882348598868871,7.268445708823695,3.790662739394888
67158,pop_3,2.729683509425978,3.154685233117925,7.067254663944084,3.5683872587970784
67159,pop_3,2.9154575770056335,3.115437725149682,7.240723427092487,3.2781251035440047
67160,pop_3,2.7857770232215593,2.768028001497467,7.299268500077908,3.5506904487576105
67161,pop_3,2.669600148192618,2.6424709931198267,7.131221788898266,3.076265270924161
67162,pop_3,2.723671292010046,3.3612274287790123,7.709386104728579,3.6041480793292404
67163,pop_3,2.798395911078402,3.0607794397064527,6.860283753678664,3.7091582562889567
67164,pop_3,2.538603826170702,2.952840911351748,7.534880281659197,3.0626212055507294
67165,pop_3,3.1121193561422706,2.8683067326241267,6.890556043227277,3.4431099903988827
67166,pop_3,2.7858152003209713,2.5720812241041497,7.048377579586545,3.733562592249309
67167,pop_3,3.046527789440525,3.141158806689929,7.619141234393767,3.2770979295169815
67168,pop_3,2.5982015258473754,3.0490793562620144,7.230894994675033,2.972078956363834
67169,pop_3,2.8002186917278786,2.8304026609195696,7.487657935629183,3.585669109641826
67170,pop_3,3.181384099149402,2.9408065373705656,6.8438798352856915,3.0535603874223396
67171,pop_3,2.852251655318377,3.0980358413038713,7.012056541517364,3.1438448880012433
67172,pop_3,3.133579370774026,2.8826428225553404,7.056461064283668,3.1050641852145504
67173,pop_3,2.9727309107470092,3.0693270904052343,7.127704391386666,3.436311540747248
67174,pop_3,3.0418521322839607,2.335846053318478,7.163187265116671,3.193448125501811
67175,pop_3,2.8108432704894293,3.193373349826002,7.15301943929438,3.288554109005626
67176,pop_3,2.9148312812974675,2.7279018544165226,7.475105257160234,3.467913601080581
67177,pop_3,3.0883642831662153,3.5303920613802924,6.899003280284387,3.264642289389771
67178,pop_3,3.096211260291193,3.0343919045237597,6.741074308489881,3.229114469129763
67179,pop_3,2.8198805710343082,3.3178685094396583,7.454385597324427,2.7507737403530563
67180,pop_3,2.9646632610690937,2.7229814137242583,6.931212802542042,3.053061717307083
67181,pop_3,3.254801828418319,3.6432587301922394,6.664866044427983,2.824882822182321
67182,pop_3,3.0470450476518063,3.023490808219172,7.025627057967606,3.3614409289426894
67183,pop_3,2.9020843490578416,3.1812573646522018,6.922725465527634,3.696111343215093
67184,pop_3,3.2265522776310998,2.836600103776604,7.132758605538791,3.925618688997073
67185,pop_3,2.7502401545657236,2.7938124673441345,6.7198099672518765,3.3084346469706936
67186,pop_3,3.2742427183879808,3.0684727766945206,6.995271495735004,3.4419550596238384
67187,pop_3,2.598598200379075,2.924790887480679,6.896798692414207,2.5274140954311526
67188,pop_3,2.8910566635542505,3.234196558766313,6.773603188418451,3.374012421775834
67189,pop_3,2.999479077115132,2.709410866772752,7.032517300520692,3.4572522459782236
67190,pop_3,2.8344047907617966,3.3150219329449815,7.075645675421469,3.3311073803433437
67191,pop_3,2.9179427899031034,3.223371187299459,6.826154747515974,3.012688834175538
67192,pop_3,2.5818446512443316,3.1298350551875216,6.628137558915072,3.3887771603734613
67193,pop_3,2.7900125082685614,3.051800917693943,6.559998037629562,2.9371028835213857
67194,pop_3,2.946230277443781,2.9617235516051763,6.59558641948208,3.252639359143556
67195,pop_3,2.833481561834438,2.734858355850264,6.964213549115646,3.5197536080146206
67196,pop_3,2.822460448469467,3.464771220025594,6.65198039669874,3.396149074143583
67197,pop_3,2.860674500403925,3.0455295271404106,6.945599709612687,3.439393963821238
67198,pop_3,3.248813861841502,2.8857072959729315,6.964661667448263,3.32461671375476
67199,pop_3,2.9484747487622323,3.1521725225511363,7.15426285396094,2.9915025042564607
67200,pop_3,3.0538580094093315,2.845834653296786,7.192275155996333,3.837133993123517
67201,pop_3,2.972201034628511,3.0096397271697004,6.629828503968564,3.8458676180734637
67202,pop_3,3.0339950273497607,3.2032498184608253,6.900818575348669,3.166832067444521
67203,pop_3,3.1305328030472057,3.1011472629805015,7.410352732163759,2.934257132665056
67204,pop_3,2.9984774620750194,2.7767162784672133,6.763899694974908,3.6893369591011633
67205,pop_3,2.9373650529431417,2.6661229094913277,7.12510348208205,3.724234712103977
67206,pop_3,3.100810710180004,3.481467932590359,7.26901834169541,3.0466113805142565
67207,pop_3,3.002400514934254,3.037876794269402,6.8248383715221745,3.0496143651683747
67208,pop_3,2.639170648903378,2.770259205972851,6.654020460455074,3.3325791577420354
67209,pop_3,3.2895216289200144,3.2408114801170798,7.17485614595226,2.7818315437086207
67210,pop_3,2.5134460932675946,2.74828660001128,6.861934755031449,3.640034305604886
67211,pop_3,2.820000141571813,2.9537037681223435,7.370695759955263,3.9349560197370934
67212,pop_3,2.854272035937448,2.8681506914110013,6.865842377280669,3.6232296599570577
67213,pop_3,2.7518569894134157,3.051161435803143,7.225280440553211,3.5126667072718294
67214,pop_3,2.5873541580343735,2.9378337182983882,7.091417283953833,3.4737196781238224
67215,pop_3,2.823072439928218,2.5623608319632267,6.805577615394295,3.591290341589209
67216,pop_3,2.719462620411506,3.2371072741549742,6.772036920981844,3.495687465706394
67217,pop_3,2.7263116128003824,2.9173812552293055,6.931433498088634,3.576896095192802
67218,pop_3,2.834547694034067,3.016734460840196,7.218322160516246,3.0725775637680592
67219,pop_3,2.6309005952456577,3.1022275245480353,6.851723903098261,3.338070672063137
67220,pop_3,3.0757085773721586,2.7181241604958,6.622893040641685,3.8444956046820447
67221,pop_3,2.7321034192518003,2.8562402675833902,6.773939082316659,3.2609087541983515
67222,pop_3,3.318787866594393,3.0711634859062373,7.212988447432705,3.211179581331234
67223,pop_3,2.6735777584443827,3.141035156235255,6.997249314605216,3.0934184187680556
67224,pop_3,2.830872265483762,2.7799413723019843,6.983191552646974,3.4741934991801373
67225,pop_3,2.8138109259479807,3.00385618027122,7.391420273146243,3.1600224475331706
67226,pop_3,3.007405031336723,2.901285887925645,7.1271252581208735,3.174466393395965
67227,pop_3,2.8578285606153133,3.1352562885509716,7.0817683832524985,3.086269813335291
67228,pop_3,3.1131846378402,3.0877519736573986,7.012204487643374,3.2029877472892414
67229,pop_3,2.8451106680991747,2.636692650906868,6.6299240047220795,3.257273590990831
67230,pop_3,2.890727551472457,2.819298518526786,7.192183679311127,3.454325878342192
67231,pop_3,2.7866179256942467,2.6184539782982967,6.708945807797183,3.3215214753593587
67232,pop_3,2.7742964196619155,2.9619082906443217,6.922341281239619,3.471618103711327
67233,pop_3,2.8680729391283055,2.9508899387229635,7.068220042259356,3.397760545001176
67234,pop_3,2.72357691557919,3.1252524130862995,7.341843369682595,3.2429917311702745
67235,pop_3,3.0079159710396897,3.2801255652164802,7.17786436889442,3.3539776851226293
67236,pop_3,2.891261935668648,2.849881830368463,6.678238251919805,3.7795444245267413
67237,pop_3,3.545113350385597,3.1996795422117863,6.609044493242718,3.2443324007931613
67238,pop_3,2.5864426510073657,2.963371338518121,6.616996510511771,3.704315965062692
67239,pop_3,2.582809190815818,2.9225486429655416,6.956615739515074,2.97367695323991
67240,pop_3,2.7943273865165166,3.1989779623880827,7.238772864211322,2.8245353384644436
67241,pop_3,3.355279337057403,2.9810472524625036,7.017852861333208,3.3147525798575077
67242,pop_3,2.4536487358126493,3.2766797930951648,7.259846904431019,3.3101258966162215
67243,pop_3,2.7648496008325707,2.8264758878983423,7.288959314729567,3.216618342291344
67244,pop_3,2.958452353517791,3.0126603055492147,6.946661784921953,3.7857313656531755
67245,pop_3,2.7937907554460275,2.913888981626577,7.08307866069961,3.3060218358807636
67246,pop_3,3.2178224819653254,3.186332332755896,6.988512110246297,3.175162424887671
67247,pop_3,2.779991356326045,3.1933784132363847,6.964777491760037,3.340887567599522
67248,pop_3,2.940339809603648,3.188995535761725,6.54778480545739,3.0779375301853102
67249,pop_3,3.220119391252464,3.2697528108683,6.932808539754862,3.0515522753682305
67250,pop_3,2.7752933050167314,2.9367498332796163,7.305285718870724,3.1829835858666145
67251,pop_3,2.8032921458736384,2.665939001323625,7.357350882053952,3.542007680563382
67252,pop_3,2.918589196659253,3.0010225699339683,7.084091899397507,3.464579325875679
67253,pop_3,2.969986366928236,2.971528896028571,6.911264975470784,3.1306796265326953
67254,pop_3,2.363023421030461,3.442623447190635,6.795883654214359,3.2322239694668022
67255,pop_3,3.02751356000808,2.9113028942758525,7.390879195804485,3.7187580725872524
67256,pop_3,3.1665475524585047,2.87789882649467,6.351666712594807,3.372113637894633
67257,pop_3,3.178532118855852,3.3576183308424032,6.949711029652299,2.7647561241685805
67258,pop_3,3.1405565769467803,2.769768938558405,7.030495266914566,3.366348381365478
67259,pop_3,2.8958560864447955,2.9309165354509954,6.884374271345473,3.613202654224968
67260,pop_3,2.789015903709258,2.8116658729475423,7.4247823869122875,3.4131442728596717
67261,pop_3,2.8488420414155944,2.929843122822457,7.17932671224898,3.1049396746178535
67262,pop_3,2.820264218856924,2.7517626038894547,6.7149918072073955,3.594314818962451
67263,pop_3,2.879821517878245,2.7410544311837888,7.4177681082426705,3.2344351534564613
67264,pop_3,2.9559622645867663,3.1807983649316407,6.98443768316401,3.4820472068000345
67265,pop_3,2.7614113741579014,3.033090826483278,6.863132666355686,3.3060290369304592
67266,pop_3,2.9293141592426357,2.8991948301534154,6.791080317944332,3.700614326990933
67267,pop_3,3.087875992455305,3.023923178790887,7.114502309914754,3.4267266477896747
67268,pop_3,3.013085823951016,2.8532458256056428,6.985772772643904,3.5934500146663484
67269,pop_3,2.7544764384227336,2.393862462742102,6.6306753528022595,3.571801173838081
67270,pop_3,2.7792139451726845,3.1269317860041363,7.059682972126475,3.2262932353106453
67271,pop_3,3.1210503207522278,3.3278414324303,6.774043707934336,3.4322620947571654
67272,pop_3,2.9605548395917336,3.265577855742846,7.203970946647355,3.066228577059088
67273,pop_3,3.0175667036783995,2.7904981542086635,6.7295835398933805,3.669953909801806
67274,pop_3,2.7687905328099025,3.3803692215807097,6.771875815990752,3.177892363694878
67275,pop_3,2.682177415881647,2.984952926176119,7.381528159181815,3.2420520409469664
67276,pop_3,2.767381225223404,3.508672765839816,6.768250848795197,3.167961283619241
67277,pop_3,3.0589560095053088,3.0854750658144714,7.106625227216211,2.8868141289443146
67278,pop_3,2.6435842698619467,2.585539292501388,6.9596953574726586,3.8948353473435597
67279,pop_3,3.1252086145101714,3.090435271984952,7.103086785377528,3.2931620345463144
67280,pop_3,2.9411133533215192,2.911468247231669,6.955696719870169,3.2895562110352525
67281,pop_3,2.6457685306190712,3.309495376476942,6.705605375779733,3.345459400006995
67282,pop_3,2.557873160112191,3.4538930856903742,7.285277360479527,3.232176203117308
67283,pop_3,3.1996750920776535,2.7687398877342573,7.284238965794736,3.689499404010332
67284,pop_3,3.0109011195115487,3.0648943898588046,6.818421328940134,3.3092817181207197
67285,pop_3,2.95803171157636,3.1560287156186715,7.6063387832939116,3.0680258249334695
67286,pop_3,3.124129136621461,2.638931389847577,7.358376730297165,3.478678118941557
67287,pop_3,2.8560123900015033,2.946187328364369,6.699071269720634,3.351802608923992
67288,pop_3,2.9204095814204023,2.718153991312146,6.67087896171162,3.6178995807777303
67289,pop_3,2.6385387348579585,3.095156804423002,7.182231581540826,2.966739771131543
67290,pop_3,2.8315390856601117,2.687639042457203,6.749495152165717,3.7414957537951197
67291,pop_3,3.129983678431749,2.8780293524054787,6.852655837310206,3.582522508711046
67292,pop_3,2.714751921195433,3.2937562400854747,7.047544855676847,3.2250297806000887
67293,pop_3,2.978051628065599,3.103674966631385,6.837711925753719,2.9483412155385214
67294,pop_3,2.9493452012669534,2.864325678853481,6.778006243651854,3.2568820162446013
67295,pop_3,2.9530633394713166,3.423557451421591,7.00725568024189,3.424273491327825
67296,pop_3,2.563772522197034,2.912667789303614,7.509750468518473,2.825960950104189
67297,pop_3,2.502270132477224,2.7662132520582468,6.884582817182104,3.3435334574215787
67298,pop_3,3.109098615762646,2.9109957752224735,7.239301338048471,3.275860944407989
67299,pop_3,2.7774279467205094,3.0558596157948963,6.945074765690535,3.3623642705964163
67300,pop_3,3.0064322902887706,3.299779796995715,7.300692333931854,2.878141095991329
67301,pop_3,3.379075553705267,3.118083474988981,7.132564209094874,3.2647172766703645
67302,pop_3,2.668108625316565,2.637987668366163,6.679813517497908,4.122655946294584
67303,pop_3,2.798834044013074,3.046125849660791,7.249467981748694,3.3503416981288514
67304,pop_3,3.1104202940615493,2.9362575100186303,7.136595031772888,3.5215729254908905
67305,pop_3,3.0411307315821183,3.1894273832638684,7.192693679157628,3.3895654386655654
67306,pop_3,2.7208095878935183,2.6681108335609935,6.8958959015882755,3.3694053906601455
67307,pop_3,3.100127270171886,2.7221858518305617,6.849513780711522,3.7373389402811585
67308,pop_3,3.091412192992623,2.666666291718096,6.766466002075849,3.929239186549741
67309,pop_3,2.5412496597023986,3.3573254478962586,6.978198784784609,3.164874370389327
67310,pop_3,2.7574286923973617,3.24989705583334,7.121452318552175,3.3053815280085264
67311,pop_3,3.0373952610620716,3.111351053324162,6.94931589485651,3.2000637839843757
67312,pop_3,2.85861131325633,2.468172864514326,7.055284747948946,3.716270041333233
67313,pop_3,2.8112986554617145,3.3416471073028355,7.261840601401232,2.9922584207552765
67314,pop_3,2.865444409526868,2.611277903711646,7.290443640860668,3.4874261246812313
67315,pop_3,2.81435229763413,3.0022605459393152,7.003047036265664,3.506989508527603
67316,pop_3,3.0257432018033574,2.9539337917319646,6.743214815327296,3.642771504161024
67317,pop_3,2.690886146153531,3.160362693645568,7.333663130368481,3.364838168158446
67318,pop_3,2.872496113049218,3.2456301049848277,6.821166926412124,3.312256562123408
67319,pop_3,2.8516661435815767,2.9004597607076543,7.2184265103631695,3.613410472295302
67320,pop_3,3.0908154474454723,2.915761837089407,6.573869353859727,3.24380753612448
67321,pop_3,3.2137175784405962,3.0214405071785535,6.87918032359652,2.776951892107752
67322,pop_3,2.866597880474638,2.984649447842256,7.074029433312155,3.2872563855775376
67323,pop_3,2.65818937020874,3.437297958980754,7.037570377219412,3.223322268189618
67324,pop_3,2.602977274207868,2.948205465676596,6.781641096285705,3.6872354490022032
67325,pop_3,2.595340968576776,2.9371412754287887,6.6638165309709745,3.680816939072397
67326,pop_3,3.032500981604418,2.929071183707051,6.702708937334008,3.62630933381462
67327,pop_3,3.020949856564855,2.906492770802118,7.3725016602665105,3.310666881257745
67328,pop_3,3.0344365282223156,2.8384941025977923,7.149156675044771,3.735318721372056
67329,pop_3,2.746242573979237,2.9638798972811173,6.938094728403245,3.3752387959311463
67330,pop_3,2.9356253002641,3.037428766172856,7.239764702981195,2.8567109918901847
67331,pop_3,2.984283633805485,2.8711420040786146,7.229181166485744,3.3599444494506066
67332,pop_3,3.055957176464227,3.577361209274649,7.169913556868071,3.281686189884633
67333,pop_3,3.0715095016995972,3.3907949212262434,6.879691725139717,2.8020546736027137
67334,pop_3,2.629813829654939,2.827222948510116,6.79486257984345,3.2291832210837916
67335,pop_3,3.0296319410458277,2.8716513856171617,7.048054784289472,4.138585533624714
67336,pop_3,3.089635703696328,3.0657837140954824,6.921511188885664,3.604899449548284
67337,pop_3,3.166636689748908,2.9986603187729135,6.934395400796829,3.0447096958231676
67338,pop_3,2.989704918179429,2.558300145335157,6.891581521331462,3.600198751281335
67339,pop_3,2.7591320672764548,2.9947102172602094,7.227750073903444,2.8246444587530943
67340,pop_3,2.945988321768218,2.5899948831796156,6.988007489648572,3.7532280237666336
67341,pop_3,2.6390623041863686,2.6290235986025565,6.9830902592566915,3.594863985282768
67342,pop_3,3.145147098675935,3.1077987305683177,6.820949254508835,3.7335101342658956
67343,pop_3,2.602624050538875,3.3875413499152067,7.081635372269529,3.246019810585713
67344,pop_3,2.7183739835024014,2.7621915777165493,6.869857405030343,4.166729910423256
67345,pop_3,2.8075133820026483,3.1835453972167076,6.953643220885398,2.9939210604890643
67346,pop_3,2.902013639761658,2.870305805431668,7.241263575101811,2.694176350551772
67347,pop_3,3.150618510986659,2.887939420082658,6.935456808326895,3.4597615915431144
67348,pop_3,2.4369478980834245,2.9769941695671034,6.459848259397708,3.262502589439733
67349,pop_3,2.677718944435757,3.1127182333145607,7.13919430801926,3.262491053689037
67350,pop_3,2.890147768264936,3.01387394094105,6.965114799600321,3.2798094745185584
67351,pop_3,2.9912527309795247,3.442205845752144,7.115449705277412,2.9955992568111105
67352,pop_3,2.9687737395826503,3.1117984260203286,6.384907133814046,3.5769437788196914
67353,pop_3,2.699290389069926,2.7588851251850763,6.774080450320085,3.9205886696565013
67354,pop_3,2.9231507574146725,2.595861243908211,7.002812619120333,3.041222346415826
67355,pop_3,2.7816669499006146,2.776638453060283,6.69202302901058,3.2747807013914736
67356,pop_3,2.7459815760597492,3.081447208368699,7.1149474909035,3.5565272397638337
67357,pop_3,3.153251779718115,2.8456893550312357,6.647507650758331,3.4007972589062345
67358,pop_3,2.925470499903355,3.23607347435369,6.980418947029006,2.827078205004655
67359,pop_3,2.997961276410536,3.318531000433554,6.722530177440362,2.8691062007231265
67360,pop_3,3.4408938107537272,2.637916199473066,7.0204000079230156,3.634376118635288
67361,pop_3,2.867066725160738,3.046380034506623,7.011392163005487,3.3624313150949976
67362,pop_3,2.656827715763443,2.980153805772991,6.823696358748032,3.312585048480091
67363,pop_3,2.8988257794996914,2.8511680475612886,6.742588265968957,3.3903161671652065
67364,pop_3,2.6431154740291642,2.7062693666307,6.977156016802677,3.1380731661026178
67365,pop_3,2.3412846084977263,3.1683569370656475,6.930454630606922,3.354824314743431
67366,pop_3,2.4942983547026936,2.9130237888847668,6.60591159222516,3.6315140479299144
67367,pop_3,2.6282074359337426,2.9365454854052837,7.058877096882198,3.20546993615861
67368,pop_3,3.400097599011786,3.170103193989829,7.255572621312853,2.5113303916880256
67369,pop_3,3.2925483709577303,2.9094032805271732,7.1198787649536,3.3644041475238016
67370,pop_3,2.911949363407281,3.271158939213951,6.857749633114099,3.5285013864411483
67371,pop_3,2.8591710979374527,2.7672258944876074,6.664660746353778,3.178987873511017
67372,pop_3,3.011269509832117,2.8512554783526776,6.822749590744139,3.2185722746064496
67373,pop_3,2.6418838589234253,3.007615713335892,7.34290183876502,3.534174643725757
67374,pop_3,2.8034812699864955,2.8169395317065704,7.175639486024477,3.4010013460137145
67375,pop_3,2.7426024480229,2.6705440230827686,6.427800272555125,3.5810285415714636
67376,pop_3,3.131220033433489,2.9288496008129203,6.769839355767766,3.4694568272457182
67377,pop_3,2.833623418364763,2.9090282321710514,6.846799754824697,3.7262542051102483
67378,pop_3,3.559185653765659,2.923871182884792,6.86836921224754,3.3630033518838087
67379,pop_3,3.179604868915763,2.8446951630414987,7.136281874095792,3.0089322620523893
67380,pop_3,3.0965550081809856,3.0433042138130797,6.916327782427351,2.866462452685794
67381,pop_3,2.6074212227144704,3.1192652403480565,7.182630898858234,2.8315695588012577
67382,pop_3,2.8172287205587043,2.731909997506096,6.930382080105026,3.259775540919256
67383,pop_3,2.9988490359005238,3.2489334180212897,6.970565416268702,2.953707141894309
67384,pop_3,2.8742046231863143,3.0705012862849865,6.950202476075262,3.5448270969579707
67385,pop_3,2.8979782564264243,3.097086107444692,7.098842896342188,3.256466771092837
67386,pop_3,3.0416986748080674,3.010859543252274,7.107848289496425,3.1652629666719765
67387,pop_3,3.1136623637472534,3.2973646295747767,7.130046001071569,3.024092812054665
67388,pop_3,3.273912366893499,3.5634588554338924,7.40172006863508,3.247785094586707
67389,pop_3,3.2075885729146743,2.7917537232047427,6.931101777088581,3.835238306023731
67390,pop_3,3.1398005589279285,3.275728061918593,7.53643226691166,3.392733140136008
67391,pop_3,3.180495561808434,3.169566871068023,7.216566715768653,3.094215341725488
67392,pop_3,2.3014232186856587,2.6388685403600114,6.627938303021526,4.166057971786404
67393,pop_3,3.150647468729661,2.8671464272282408,6.793206898819111,3.5183281242984608
67394,pop_3,2.8822167970843817,3.192996305711577,6.79944900626145,3.0307262523052154
67395,pop_3,2.789542783519049,2.776145649913886,6.523371385155583,3.1704720223455563
67396,pop_3,3.0248305438907477,3.2513190585654583,6.955545496849129,3.122036502137348
67397,pop_3,3.049618857003104,3.2149826414325755,6.760841729924483,3.4630088893591413
67398,pop_3,2.895478248596004,3.0133144105660272,6.70049516730703,3.3879216520785143
67399,pop_3,2.6429353969815756,3.1456982436279275,7.0376168270684225,3.202741675456532
67400,pop_3,2.8263274014385122,3.055099572467034,7.042134055496274,3.519416300549269
67401,pop_3,2.809419735392497,3.5392610577041648,6.994067699115647,3.341171077333401
67402,pop_3,2.695974932004197,3.0495973479996317,6.893730183984669,3.1335000631615175
67403,pop_3,3.073159286500277,3.0795504358268073,6.767389344321057,3.3670982179616957
67404,pop_3,2.9760630846845184,3.0169433610773693,6.917988020797334,3.9310729000771905
67405,pop_3,3.1210578986232282,3.1724802848256943,7.041213929514107,3.1693240776544434
67406,pop_3,2.8434252774703044,2.9889908656397233,6.943225349663849,3.5265011872225225
67407,pop_3,3.148530275471486,2.957176903055522,7.124882006316298,3.12112983828851
67408,pop_3,2.551930358963642,3.0733445880818593,7.034929679806646,3.3932038820673776
67409,pop_3,2.3501063906616,2.7445221892101506,6.934542453480752,3.8583902625006488
67410,pop_3,2.6015100758989615,3.200377200833038,6.968439732989795,3.56734059123215
67411,pop_3,2.9906570666600554,3.200953997184876,6.4983473117849435,3.4558873608386698
67412,pop_3,3.091577954209969,2.8852609857104707,6.5283959182172415,3.6285498977396
67413,pop_3,3.279112059341963,2.961357772505599,6.703532866277832,3.6977168652223185
67414,pop_3,3.069778193634486,3.2931386740936013,7.2695943415860675,2.8559849489064475
67415,pop_3,3.0416807234367766,2.5685290459897856,7.294650796623189,3.751389910296884
67416,pop_3,2.841672113454068,3.2355742229800817,7.071719575535493,2.9888947286865784
67417,pop_3,3.0665219054862667,3.1789339801477383,7.065304644141631,3.7137627923861363
67418,pop_3,3.043457351323288,2.9044646735719883,6.993373892194485,3.2283427395423496
67419,pop_3,2.8161856703123376,3.601992988438667,7.041677048405995,2.3675380970926136
67420,pop_3,2.730936235708032,2.812791917456064,6.88868528796343,3.5678497093642303
67421,pop_3,3.035176211352647,2.8105286491198815,7.044416207263689,3.4522793277530157
67422,pop_3,3.244212202487891,3.523069177176859,6.8006288985142085,2.952655037263784
67423,pop_3,2.5717557582658137,3.1412656134347885,7.042985053748418,2.8223275640453833
67424,pop_3,2.814361212050638,3.049728766737123,7.2114681503229985,3.3202218956060947
67425,pop_3,3.1477747662452664,2.9562470272293484,7.097205051332523,3.0755670422573433
67426,pop_3,2.479546436074615,3.0178178336021104,7.293130807591095,3.6525502381092587
67427,pop_3,2.1915072236875828,2.477230242052186,6.848949599994506,3.6707550407678884
67428,pop_3,2.7959353958399404,2.744578767677956,6.826114582726421,4.025275783087756
67429,pop_3,2.9016358036737704,3.003530371117414,6.851073801558248,3.7149704855355146
67430,pop_3,3.1025912887012175,2.8858241276734753,6.84040773233046,3.031011190253948
67431,pop_3,2.6216682708673775,3.1237488391231802,7.016573129021991,3.1987369039877196
67432,pop_3,2.5573169126018476,3.0203046508235474,7.0563597873946,3.310475865576046
67433,pop_3,2.6071984575757314,3.326420317921066,7.253257000632244,3.158689380464848
67434,pop_3,2.8029292389556573,2.9781049892024916,6.91278061536736,3.3461292662417605
67435,pop_3,2.8947220233204436,2.8912968280837608,7.091764111866714,3.7730261362870032
67436,pop_3,2.9709275570979603,2.8899641409059393,7.0329085967144485,3.0300737059235763
67437,pop_3,2.969684569313771,2.867645845757713,6.6985566125399405,3.527084784239935
67438,pop_3,2.857558940798965,2.9804143426702074,6.531451183515892,3.160527190845469
67439,pop_3,2.877436640616098,3.115458321584412,6.708890849258946,3.5470092065119196
67440,pop_3,2.817359150576699,3.191476003451096,7.260569217791791,3.089062408786064
67441,pop_3,2.882115000979046,2.7487545655397345,7.244730673569306,3.328752884157178
67442,pop_3,3.1456174027802057,2.9260021665672706,6.816922651225043,3.1298932335429903
67443,pop_3,2.990326413588797,3.3898421550794127,6.830030523575241,3.3912532074170483
67444,pop_3,2.6477205048855867,3.0719476278780022,6.8553018286556755,3.0800197181366964
67445,pop_3,3.193397629405235,3.0356451677337004,6.812404549767639,3.1712677245021785
67446,pop_3,3.025619319176087,2.7422976961299326,6.904808453672385,3.841416734318705
67447,pop_3,3.1618430964670887,3.0418082682151115,6.7528002533273845,3.116795386629147
67448,pop_3,2.814180153051514,2.875556019666513,7.108908880126824,3.2701677132654163
67449,pop_3,3.150627607691429,3.085261424213912,7.015312576233389,3.4048919443316543
67450,pop_3,2.8236809010884207,3.202678943610708,6.534514836730279,3.326815087343407
67451,pop_3,2.914213204248642,2.6311267573016948,6.384279336506249,3.458927728115917
67452,pop_3,2.6570503986781433,2.9705454038404824,6.916821625344512,3.2287210122293164
67453,pop_3,3.314296946740233,3.36746345555582,7.517090683831665,2.9535648830717407
67454,pop_3,2.8310750069052015,2.685756795314255,6.971221987999125,3.277815002828436
67455,pop_3,3.218565898296083,2.797673931148202,6.896201072678588,3.405068705594514
67456,pop_3,3.2139142089461465,3.1994210387255912,7.162303524284054,3.2023180444534383
67457,pop_3,2.7959456616542178,3.0691992143893536,6.9566836740986435,3.6344882477766673
67458,pop_3,2.5885239392650328,2.942234532204649,6.855041783274396,3.3971609965019613
67459,pop_3,2.829528847832124,2.890675749934681,6.72933111578142,3.7172269002880167
67460,pop_3,3.237253006299144,3.064852626975976,7.116848309236349,3.004696211404404
67461,pop_3,3.027688889550175,2.9989242454215694,7.097890516115474,3.504043263020573
67462,pop_3,2.8377245384451593,3.096762645376394,7.109676796350196,3.296312725271214
67463,pop_3,3.345011526767431,2.947969968362291,7.216882281455795,2.828813189248585
67464,pop_3,2.792594676864341,2.9050026112794076,7.708580179762469,3.3269546659715914
67465,pop_3,3.164828018288103,2.942408213127454,7.198379334103978,3.3141785850333476
67466,pop_3,2.8916263300907117,3.2100142862089855,7.0889519749417245,3.5526977085296294
67467,pop_3,3.4597004999893395,2.842454326741619,6.912020427373913,3.400968662023682
67468,pop_3,2.8230828873986935,2.6351109318811585,6.9429797855279425,4.023520822003946
67469,pop_3,2.786133547336262,2.818355735888296,6.984723010709029,3.22285217627975
67470,pop_3,2.9268365526227185,2.8915299508259973,7.2218249301503805,3.4547324092901888
67471,pop_3,3.081539999015712,3.1899078500190097,7.279784526221001,3.358607413929554
67472,pop_3,2.5170606400551083,3.320164242435417,7.027479612280484,3.461004169623473
67473,pop_3,3.100566330828761,3.1348666413435717,7.42067222403338,3.0308714738712808
67474,pop_3,2.631458753689725,3.2140691017628558,7.378547409460188,3.388132964843072
67475,pop_3,2.8020093687674983,3.2276684815328673,7.254605952016824,3.3044722835540687
67476,pop_3,2.74201194571863,3.2016377972754073,7.007837863699579,2.9434838783856603
67477,pop_3,2.906692721287779,2.6418320228006635,7.288617432035825,3.6722462225601493
67478,pop_3,3.1322825053603602,2.919336999641071,7.008451453324552,3.537396967465768
67479,pop_3,2.961041214051798,3.008818636536237,6.704398103702616,3.6419916776042065
67480,pop_3,2.83585946767497,3.098802884406159,7.338298209080843,3.260986099231041
67481,pop_3,2.8988880290244,2.6433150630003017,7.2257364792864855,3.181987880222996
67482,pop_3,2.8349264648746426,3.3279246312876447,7.305032768223693,3.6886965451234826
67483,pop_3,2.8229472437443897,2.9383433104700063,7.168978315239475,3.7781596334878036
67484,pop_3,2.760838974741788,2.8819519687773347,7.292727408076611,3.5023698394468896
67485,pop_3,2.7173993480895664,3.385417932672703,6.89285100297645,2.98440071719719
67486,pop_3,2.811314661121184,3.164050057311195,7.303861254234766,3.12409819346396
67487,pop_3,2.535787040449269,2.963028756534251,7.482714861642791,3.4125740523859616
67488,pop_3,3.2746359898251742,3.3366066082500705,7.306108095820201,2.641833116522757
67489,pop_3,2.8426181425337442,3.541270288274817,6.660650032357553,3.467155738482852
67490,pop_3,3.118474394958054,2.615807741098978,7.043561686973542,3.2330523257555046
67491,pop_3,3.1941051643632434,3.067360956036973,6.854093407851445,3.439198713668475
67492,pop_3,2.552954390694835,2.5131662274140485,6.653145548541765,3.5975817268928245
67493,pop_3,3.052686021365124,3.1052979352697,6.870855701384956,3.4002918801221553
67494,pop_3,2.6228258784558056,3.0492751101086704,7.079060579532876,3.1109852406141867
67495,pop_3,2.788612662731928,3.2513925021893444,6.835869621195017,3.7574637191155857
67496,pop_3,2.770525895024565,3.647906156321459,6.45317525181455,2.9667917634279353
67497,pop_3,2.7576678417247,3.1344088117482247,7.075908398867235,3.2630230139768646
67498,pop_3,3.3918674802265283,2.9995247797349527,7.0889297876841395,3.6127236186034515
67499,pop_3,3.0999766434529055,3.3208185139329416,6.618076089779919,3.4148791399147838
67500,pop_3,3.4145734228830644,2.815481829171078,6.851594016220841,3.2686637246257484
67501,pop_3,2.6136072619332915,2.9468669284479994,6.97281409136463,3.06193107976159
67502,pop_3,2.7356202955855826,2.7523269536013677,7.274234305639951,3.2798901538836236
67503,pop_3,2.8144111085606722,2.6197936643297535,6.999557173432939,3.429475824125702
67504,pop_3,2.53420017892497,2.7470438587592563,6.913100276175472,3.684021083267085
67505,pop_3,2.4860391880385104,3.1854567657558945,6.917097672219961,3.524682847608604
67506,pop_3,3.0058916993897054,2.755059697771752,7.451458074246765,3.2812470347142684
67507,pop_3,2.8651294385614894,2.604108731212068,6.663029758739592,3.449613552214084
67508,pop_3,2.9143452075169085,2.909733763498565,7.0516857455187525,3.13249035846047
67509,pop_3,3.074861199823697,3.253452819071989,6.96804230129008,3.397041117331847
67510,pop_3,2.39694725222344,2.6759364372182053,6.644888056803438,3.2734560392961347
67511,pop_3,2.7951469684442256,2.8082748780231026,7.054681318430323,3.315846752469748
67512,pop_3,3.1165550166444884,3.294695796337522,7.265627957936189,3.186935261563207
67513,pop_3,2.6910134226950495,3.2204598489323697,7.032431006533691,3.1664630977378687
67514,pop_3,3.1669860892746957,2.9160524623792248,6.915058872607606,3.283602468316067
67515,pop_3,2.974481470544112,2.446132083638015,7.020824070161782,3.4571790912273794
67516,pop_3,2.9140387224910476,3.226948788251374,7.162909687095604,3.1195062242840423
67517,pop_3,2.537888606603216,2.9080516992927894,7.036012640165242,3.4080222381060317
67518,pop_3,3.166473244598579,2.839374013710186,7.319830638485492,3.653565177630956
67519,pop_3,3.3031210026422517,2.750191651886616,7.0929491036220425,3.348227937801038
67520,pop_3,3.148699196619254,2.580069716161596,6.737002080833459,3.8234513181767733
67521,pop_3,2.5725900508839223,2.9131611308041077,6.98104693972987,3.413316666828819
67522,pop_3,2.7253568283976217,3.4279343644774434,7.376372797263065,3.083185599245983
67523,pop_3,2.572440732485421,3.3506587067032365,7.010733065221679,3.305393541930318
67524,pop_3,2.7043335080997566,2.8025840550921517,7.020228411971461,3.484567107296876
67525,pop_3,2.9548380658019693,2.587683439652592,6.671569136725225,3.7355789932100874
67526,pop_3,2.9305570739206863,2.978061106003945,6.732473595070363,3.3883975341207964
67527,pop_3,2.876927929022393,2.9777552774474016,6.793698275517078,3.279252965234615
67528,pop_3,2.9647157782629803,2.880762538494275,7.504978848836372,3.1114036102483333
67529,pop_3,3.0289123726511846,3.4436079747312265,7.038082662616475,3.0399805183748736
67530,pop_3,2.6859324508348523,2.9301068953615697,6.873619369759479,3.3181842681398055
67531,pop_3,3.0607835662217178,3.477352293737439,7.06738975612815,2.6640430651668887
67532,pop_3,2.731433457734613,3.1427371819567753,7.205941912332405,3.379663327985758
67533,pop_3,3.0764609677653767,2.9452414221674394,6.91949721185457,3.397853383030046
67534,pop_3,3.1922818812998455,3.086218236304422,7.209591307687961,3.1865447230664183
67535,pop_3,2.974010931409498,3.350123567161272,7.334681736557578,3.1224828381031817
67536,pop_3,2.802609034088384,3.1261286745446455,7.124479426274852,3.6757740108069523
67537,pop_3,3.166850992695259,2.847914278091423,6.714403239302504,3.4201206630132597
67538,pop_3,3.028549926646867,3.000233834695215,7.196058286438651,3.075293805373323
67539,pop_3,3.320737833287536,3.6430777467671183,7.103362515077262,3.060908571490613
67540,pop_3,2.9700619825977603,2.7820053459139866,6.786476313837979,3.2744304390560868
67541,pop_3,2.634228885132613,3.286584491902927,7.284605154008382,3.3889038355459293
67542,pop_3,2.9636050626491794,3.4095585787746776,7.1469094260638535,2.748984384169339
67543,pop_3,2.7008772259175586,2.8568631392764092,7.254662729603665,3.5404194022706936
67544,pop_3,2.801977379233043,3.0236610513898943,6.771801232466708,3.278882061202121
67545,pop_3,2.7537528172607026,3.0212513855853245,7.1704765231914855,2.896186480729532
67546,pop_3,3.1032113555158567,2.8524397609329144,7.034006182879677,3.2143974308551693
67547,pop_3,3.05297233307786,3.073061193144641,6.937207416696176,3.177324747602531
67548,pop_3,3.308066553036947,3.302980683197232,7.278828458430133,3.027852885043467
67549,pop_3,2.934126508297463,3.1938784433711396,7.121122370555082,3.289407509796108
67550,pop_3,2.8982994462007805,2.881730331139937,6.8610242175501055,3.5713360923482607
67551,pop_3,2.7422777020738676,2.9107276175479018,7.100643602829025,3.466060150377817
67552,pop_3,3.162580116977819,3.1696644756655403,7.188592473602228,3.257829393573096
67553,pop_3,2.9594490779218767,3.9043841477545995,7.183052810803041,2.2460331949099173
67554,pop_3,3.0633633517130523,2.8892557697133103,6.768925081364598,3.3002037199060434
67555,pop_3,2.7537634716872796,3.024745655077888,7.121909832195095,3.3040366079563674
67556,pop_3,2.8028287370753,2.8243583412109574,7.095271845044505,2.937503852844805
67557,pop_3,3.1052249814202906,2.9838739680485937,6.971445021948616,2.898036394210441
67558,pop_3,3.0951528399469557,2.8437637816799364,6.622707259469186,3.2606389804706084
67559,pop_3,2.9252583708859694,3.2528882334514098,7.119004155943825,3.0137939249260177
67560,pop_3,3.1457654977765994,3.312632448028167,6.932790603723524,3.263570865677055
67561,pop_3,2.914244489919571,3.396521142654575,7.392102120753849,3.231130930053778
67562,pop_3,2.5387564662081505,3.100300586758122,7.145657470606785,3.3380894244553536
67563,pop_3,2.990914021205948,3.0705888327639435,6.9493137947826185,3.449987010334716
67564,pop_3,2.7584699539965265,2.4971749078711856,6.873768668994189,3.4778766192834114
67565,pop_3,2.3517983350855274,2.8481429746890004,6.727737180596942,3.925592278073421
67566,pop_3,3.009301210829796,3.215770162110599,7.070740003406673,3.0985008417414575
67567,pop_3,2.901827467161573,3.0245751059739883,7.248481437180038,3.452289253940241
67568,pop_3,2.7761577056631275,2.770149591008469,6.891248990564403,3.4819662508348355
67569,pop_3,2.5598054427559105,3.007853967185462,7.450143705748282,3.08448858231505
67570,pop_3,2.9061270901394773,3.2558198846092163,7.119840779184865,3.287030547616895
67571,pop_3,2.7270103975181597,3.209723829478634,7.1954357381381975,3.448599652826384
67572,pop_3,2.7513647297047146,2.46590262693776,7.0291443189834935,3.2924647337417947
67573,pop_3,2.9283180693689643,2.990298926028341,7.166524336655399,3.200488584942473
67574,pop_3,2.6830649718248556,2.630274332197758,6.956142829526035,3.950999939088455
67575,pop_3,2.5144800332813806,2.959998531653544,7.231613765494001,3.279270195596026
67576,pop_3,2.951447499145522,3.027424585327661,7.490345601527947,3.220642346281249
67577,pop_3,2.9881287944358763,3.3488895825420237,7.048064125150859,2.981425920014969
67578,pop_3,2.936821715393885,3.2535024893509368,6.78164240328757,3.348423206422065
67579,pop_3,2.7089355086231612,2.6649566610965865,7.044644595747232,3.8787920368856534
67580,pop_3,2.9959925460931403,2.5585521235302338,6.673565247818263,2.948066587193739
67581,pop_3,3.199635592218963,3.300954093385539,7.744642417918233,3.443385466617042
67582,pop_3,3.474348346710059,3.535559641857957,7.0561194833698755,3.0413591411161303
67583,pop_3,3.151060932329612,2.3434754362773837,6.560767504952318,3.799010893277286
67584,pop_3,2.890184757224825,3.1372502512965057,7.14552977583391,3.2331729850818833
67585,pop_3,3.01138108693838,3.072203013522958,6.889634229642759,3.25292294251559
67586,pop_3,3.117205608222626,2.801890074029388,7.03126622395281,3.7605812152120452
67587,pop_3,2.9764394431023997,2.6770783520142447,6.993192652872931,3.7802840166845275
67588,pop_3,3.0622062702534825,2.8717510955211067,7.216677833639962,3.1833541923224304
67589,pop_3,2.8548680366844974,2.9531915304991796,6.900615590381031,3.4410959029567176
67590,pop_3,2.5735305013898424,3.059156297910631,6.789583996414263,3.473291507533786
67591,pop_3,2.948656281551776,2.55479534144249,7.050334322713678,3.3622431505783656
67592,pop_3,2.921308028439054,3.302294673690398,6.787793718523269,3.190870871833302
67593,pop_3,3.00876766147094,3.576799166051901,6.740634624118441,3.8075290984318952
67594,pop_3,2.7461751396880287,3.1907475393385423,6.686221568684587,2.8107343478552935
67595,pop_3,3.1452722694442934,2.6177330152171274,6.704349949061016,3.574414369659122
67596,pop_3,2.726996643688548,2.7917552515644792,7.069663991566887,3.4317551795103385
67597,pop_3,2.65820572665923,2.653813697311526,7.029631444681181,4.056946641703212
67598,pop_3,2.864641828570133,3.2667371010750546,6.882537440872652,3.458912122457433
67599,pop_3,2.663255410904222,3.017762018615518,6.789316881367282,3.055463157482424
67600,pop_3,2.808990586583388,3.0237258519617534,6.58170437002093,3.426352956617723
67601,pop_3,2.3986988818125283,2.7679901461688687,6.902765522535082,3.3606006732748126
67602,pop_3,3.035591598032041,3.2772335426002743,6.6706849633600775,3.3257193438883075
67603,pop_3,3.0086134749661055,2.7203593877593555,7.288845181903195,3.5191831091253403
67604,pop_3,2.7595319216774503,2.886510084057443,6.975362361412221,3.438786148505061
67605,pop_3,2.604239130915026,3.2155512459334963,6.990196110709752,3.358394793713027
67606,pop_3,2.873341924751974,3.2889916546320106,6.882141665851775,3.389656705648349
67607,pop_3,2.9576576822459737,2.9689455371477655,6.773737641205559,3.545544496698729
67608,pop_3,3.114421329722831,3.427221777873835,6.970363163934401,2.9824544776386013
67609,pop_3,2.7955494608427753,2.3131781953848525,6.975251188345615,3.6910895920699223
67610,pop_3,2.860009276515648,3.2214978446458784,6.72756401659864,3.4838188883201657
67611,pop_3,2.686118942545145,3.187058383445509,6.936906045109236,3.1154937361855004
67612,pop_3,2.8376216529253737,3.1623721153519466,6.931355964457217,3.237271613837263
67613,pop_3,2.8823188197018292,3.2876112356104654,7.2413476708043465,3.333848851068808
67614,pop_3,3.0426411494368035,2.820036720405761,6.546442930697325,3.614580759770183
67615,pop_3,3.277195521166205,3.1532553971301267,7.254151637801131,2.8787093818011895
67616,pop_3,3.0347221684537162,3.058806958507414,6.590673492575758,3.305826903425581
67617,pop_3,2.547752197014066,2.8700849951130185,7.209216552665094,3.086308171832838
67618,pop_3,2.496631060365995,2.559567028790596,6.768890696935543,4.04331782682602
67619,pop_3,3.0382058603262787,3.243276449189113,6.900678912682049,3.3312242783479666
67620,pop_3,2.442856422613886,3.2804853196147468,6.797994711815398,3.8798553377254326
67621,pop_3,3.1087561327244386,2.732531576453152,6.636903111473416,2.9793066561343915
67622,pop_3,3.1180370735097553,3.392271073381024,7.0361935583645066,2.767803564478349
67623,pop_3,3.118034766259541,3.412076682137184,7.050859544672195,3.122231741549546
67624,pop_3,2.7836317671711077,2.824392441914471,6.7309547412355375,3.6474378115280377
67625,pop_3,2.6966134058693685,2.86405281511144,7.11583589820608,3.0273945882942352
67626,pop_3,2.6057193006812054,2.5707712228129,6.733784863678732,3.318871493741244
67627,pop_3,3.2558887616359784,2.9861499024874694,7.176152642404728,3.293424375099473
67628,pop_3,3.127117192868185,3.0507847287624337,7.122751433873877,3.615961861793544
67629,pop_3,3.102843299340893,3.12879444526438,6.95228555575272,3.4347312135566885
67630,pop_3,3.1070382667623115,3.252936466349598,7.24734054839312,2.806361401952516
67631,pop_3,3.0279145101205422,3.0471735679180116,6.935127752996007,3.217987432173177
67632,pop_3,2.940624716491375,3.052187843034113,7.187487906848152,2.996297016986711
67633,pop_3,2.79861970968873,3.170418160811628,7.2791360719229905,2.7454300963185814
67634,pop_3,2.650691420883318,3.2411541384093145,7.127787156476829,2.685295253086208
67635,pop_3,2.886799662773208,2.9325957849278694,7.20286308201713,3.092960518638557
67636,pop_3,2.6401985334378435,2.81535443576248,7.06996406158569,3.3180888987257835
67637,pop_3,3.013893936911123,2.9818559352507714,7.304595261125782,2.922817070494612
67638,pop_3,2.777313425428666,3.0311776500769962,7.021346445418952,3.253836244288913
67639,pop_3,2.6105561361778293,2.871759826512962,6.844173783622408,3.637360867031034
67640,pop_3,3.1195085466833996,2.87370189848853,7.298743643346182,3.2009314590630056
67641,pop_3,2.8057548965679358,3.7218388310031703,7.036551887869246,2.9759157553803846
67642,pop_3,2.8746554939882856,3.1675332293593703,7.541779445692957,2.6796972283247693
67643,pop_3,2.6688433759340326,3.073169383510176,6.693552806580542,3.3316062114072444
67644,pop_3,2.8756508577047892,2.8937217589116413,7.015146425310322,3.5457672890881384
67645,pop_3,2.652969373200374,3.5017723201985556,6.773413877029896,2.924116470655723
67646,pop_3,2.759420952611041,2.802732514366069,6.656703953968714,3.7770665810939437
67647,pop_3,2.8946915488476734,2.9309957238326545,6.92113272605003,3.512833681959105
67648,pop_3,2.7745965943074196,3.06239714700389,6.702339434232657,2.7973174198169692
67649,pop_3,2.79697453645893,2.842686088870944,7.144930725721289,3.40891964822101
67650,pop_3,2.812650026202126,3.2624323154830353,6.896983381135579,3.13244852870656
67651,pop_3,2.6400219907641707,2.500002518702987,7.064934671474313,3.5026177757207715
67652,pop_3,2.8368254637019663,3.0571768532191324,6.732219146113969,3.404077852074966
67653,pop_3,2.749006046063045,3.1081404146725884,6.529066644124443,3.0479018511943687
67654,pop_3,2.7321916318651667,2.947508963840979,7.244654767558572,3.550527071008261
67655,pop_3,2.9191235245526563,3.0174066255310996,6.708680193380052,3.3100680855546187
67656,pop_3,2.7742559748126636,2.8369122367196815,6.709464820980222,4.064731646729904
67657,pop_3,2.707533919122914,2.994436854972002,6.694983807247402,3.5713209487079802
67658,pop_3,2.986022056731698,3.284408838993973,7.3355776246049915,2.7919578009057515
67659,pop_3,2.920780624678226,3.098889953047579,7.070058314617507,3.6009462838434336
67660,pop_3,2.8243620633535786,3.122916711887271,7.273184966009253,3.101011751448574
67661,pop_3,2.6837578528212815,2.8845376848797275,7.060597799662254,3.7265443698435226
67662,pop_3,3.455172364087583,3.293169663780579,6.897747938136989,3.3153476982468795
67663,pop_3,3.103120630417954,3.3486764349141622,7.081677799054228,3.4122229419048034
67664,pop_3,2.739657464840451,3.1519170913984182,7.466761493574623,3.2308074105748243
67665,pop_3,3.188380865775826,3.045567830880685,7.115796317358165,3.397295032312111
67666,pop_3,3.3989163226586645,2.7465957018919402,7.194510027449371,3.197912917804392
67667,pop_3,2.3393775220806052,2.898501413175823,6.65734453627824,3.329610611440239
67668,pop_3,2.584399812120325,3.478602194415556,7.31126831124997,3.073427983803882
67669,pop_3,3.115591363103261,3.087739080358781,7.187580045656472,3.3379567417797453
67670,pop_3,2.508945356300604,2.5001534989476952,6.899593022071601,3.5299174788570116
67671,pop_3,2.640644977057791,3.0331930033452648,6.861820327720482,3.100998433038304
67672,pop_3,3.1016374941134863,3.7138164383175365,7.205850207087484,2.721680210807233
67673,pop_3,2.841455838851363,2.879582348615821,7.179353466611916,3.2326794074975824
67674,pop_3,2.820305580339737,3.108670474098184,6.89462608241751,2.905707716262566
67675,pop_3,2.6399378518763776,3.0789325238088936,7.143710173041423,3.1609695156003093
67676,pop_3,3.0839852674476296,3.201971714769985,7.260312132408976,2.7684115487887238
67677,pop_3,3.1834037475719668,2.6282004160357633,6.834932431255094,3.1511982317045155
67678,pop_3,3.3132341757377133,2.693108820941333,7.248786030524598,3.7036848079089197
67679,pop_3,2.786796187722222,3.1178017999995395,7.356958340606057,3.3627264864777433
67680,pop_3,3.372912170984104,2.8373863459003124,6.904046955227598,3.0018900601182503
67681,pop_3,3.2083541251577254,2.862947804534218,6.957089907210294,3.3861587291819553
67682,pop_3,2.982198217546732,2.9253305348593286,6.973094247173974,3.7565725513697505
67683,pop_3,2.9204525226975506,2.8217111863465822,6.364601872299503,3.9523148595859507
67684,pop_3,3.3226396787811123,2.941529714878998,6.408822595523026,3.327672776934324
67685,pop_3,3.0886258734064778,2.995697669861249,6.891157922286787,3.3803828770282713
67686,pop_3,2.792624329677359,3.166175095128366,7.085758935970161,3.5859558268727536
67687,pop_3,2.9284576889123857,3.415531237749461,7.197809518761492,2.7798969440276573
67688,pop_3,3.1749699543089642,3.036305844320859,6.608104247506999,3.376408776351036
67689,pop_3,2.8672990062089507,2.980633822811393,6.957396136124708,3.184236278829927
67690,pop_3,2.937090126730409,2.948781781282179,7.320230540033494,3.4458839253762354
67691,pop_3,3.0457089747043358,2.7734299041957464,7.245503858161195,3.2465944881786486
67692,pop_3,2.5293559523057616,3.166490154144515,6.723727444693942,2.999400834825528
67693,pop_3,2.983874242960971,2.902570590985931,6.8378506160717825,3.541085297824514
67694,pop_3,2.94541773153678,2.938967032937338,7.081263910664565,3.0268528895151006
67695,pop_3,2.633947741735247,3.37165208275942,7.063824812234707,2.9740742525446757
67696,pop_3,2.8223099915650622,2.9884120631915048,7.14727206110967,3.054446724848985
67697,pop_3,3.0672363283449684,2.920764248942966,6.801182414075603,3.8103939952668915
67698,pop_3,2.7252021526753776,3.352893283230409,6.852538182054129,3.1392355755563064
67699,pop_3,2.9076499392195077,2.9303925200999097,7.1023981434179975,3.4741495911258737
67700,pop_3,3.095245091727204,2.9293680327352454,7.010192905710249,3.139990230384647
67701,pop_3,2.898308008611672,2.542948775800342,6.594577156850888,3.634654300863834
67702,pop_3,2.889549601878973,3.1145085601463296,7.1672136136270925,3.7337841361262796
67703,pop_3,3.001072404259914,3.2758464444420765,7.018151234714396,3.8156034392335894
67704,pop_3,2.9398469140273247,2.7607912901484033,6.627235507381174,3.7059134683791117
67705,pop_3,3.150254481975612,3.027787460973293,7.317345811287265,3.383438687994556
67706,pop_3,3.4119869137265297,3.2914891967926216,7.217562318955636,2.996458359921325
67707,pop_3,2.8574631793495993,3.0122816490339446,7.06395976881922,3.3803539540383802
67708,pop_3,2.705468828209698,3.4144503595093316,7.216133600071338,2.8883070182083297
67709,pop_3,2.8321415245037485,3.1519115161946463,6.860797916370865,3.3507687355852616
67710,pop_3,2.7613122736681044,3.002338894925058,7.15904468979902,3.630687303043817
67711,pop_3,2.911169643095949,3.2839715240137366,7.017053775434581,3.8305041071912793
67712,pop_3,2.794901153791636,3.447887157941454,6.802463205480827,3.2626588871940774
67713,pop_3,3.2499250674579816,3.0864419735234456,7.4905306429313985,2.901121295514475
67714,pop_3,2.946710894142003,3.052683049871472,7.20743246890433,3.1968199038384113
67715,pop_3,2.615634279679912,3.314563026130608,6.901552740322102,2.8742779160451506
67716,pop_3,2.80607183472513,3.3043945584426186,6.929837215207845,3.4755448407235865
67717,pop_3,3.06037501068421,3.3562341930533695,6.756100492825162,3.1015772131233974
67718,pop_3,2.7884594370372406,2.9629146652718474,6.982664394451005,3.5782027435508637
67719,pop_3,2.778195315569602,3.1448180749090104,6.62638082859262,3.099691267511365
67720,pop_3,2.7312608642050167,2.835134187569377,6.682985658236447,3.7007006645479117
67721,pop_3,2.742307729950339,2.6698345106798818,7.128680761677915,3.651785535146844
67722,pop_3,2.7306808126823188,3.2868741267421493,6.6402773676496984,3.0596135005950575
67723,pop_3,2.9259753708947107,3.2160042565442684,6.947789625974572,3.17012238438617
67724,pop_3,2.8447804753792236,2.4898556210057943,6.916442974516886,3.574471645631823
67725,pop_3,2.9380756774106103,3.2743686455024665,6.633319078194754,3.0688384470951533
67726,pop_3,2.7996761004505295,3.010703205051721,7.417944546942482,3.724670783467368
67727,pop_3,2.6297408229890786,3.251194360067655,6.953839309194658,3.5376834222195925
67728,pop_3,3.2888966981769947,3.075727981906053,6.982143171758398,3.7091739528611205
67729,pop_3,3.0403591030837593,2.9099688575056533,6.57946749467449,2.967248875189408
67730,pop_3,3.0362253252846982,3.3558274240463906,6.85438167212712,3.034175599394274
67731,pop_3,2.543278586064704,2.7226192158743423,6.639819828976911,3.362045217853012
67732,pop_3,2.994065495400296,3.1711307862129083,6.971857912772112,3.7085278907446755
67733,pop_3,2.702291502252109,2.6444254197628516,6.69519159714564,3.669592071423244
67734,pop_3,3.1293105875550435,2.673366584371695,6.807124311705994,3.4644610413166768
67735,pop_3,3.1987297820673484,2.962577433850158,7.112446594052867,3.5182133234499458
67736,pop_3,3.056153180473742,3.2254645093768435,6.941083029478141,3.3134453000850033
67737,pop_3,3.2216759963362502,3.1644927672088508,6.839046338044793,2.9875826462207575
67738,pop_3,2.8815701465669976,2.703638373456032,7.346224744953692,3.621359479234916
67739,pop_3,2.7689900325847985,3.527727233536126,7.0956656600047285,2.8746973401440425
67740,pop_3,2.790679589384959,3.178609700787398,7.0849311839192675,2.8998954313121303
67741,pop_3,3.1599514916305993,3.315173799826729,6.882887443395392,3.2298879991385343
67742,pop_3,2.9001483590522943,3.3219064152570694,7.218852709736746,3.3522885298708225
67743,pop_3,3.127582473121156,2.4421332942305285,6.609272909101469,3.8250279727269536
67744,pop_3,3.2392544540573516,3.583012880631308,7.128320684946863,2.721895576749706
67745,pop_3,2.782886616294472,3.016694314734202,6.484209267546197,3.7353635010083286
67746,pop_3,2.930965982020149,2.6944227871238895,7.147785079502458,3.3315602328581697
67747,pop_3,2.644698479882967,3.1614692253193697,7.284332336201721,3.8184427165527803
67748,pop_3,3.168186776497328,3.112103840491917,7.154698562296307,3.3122269846228107
67749,pop_3,2.9294430772829494,3.1926780034712374,7.076235094923735,3.359353771528636
67750,pop_3,2.95964321748418,2.967224276399521,7.413475662166685,3.73484664419911
67751,pop_3,2.8570608903043486,3.076732770417997,6.663958139602615,3.4827370344777124
67752,pop_3,3.050053093985244,2.7975629121272103,7.1802475906747665,3.476073796451882
67753,pop_3,2.8349736701275545,2.938315125998929,6.789791190161125,3.4584766776003852
67754,pop_3,3.097972169076377,2.7298456495878853,6.742447740474281,3.198044362824566
67755,pop_3,3.1428557296702517,3.2043705287742457,7.38298583590809,3.2706826765631565
67756,pop_3,3.0614012615540047,2.631004058799405,7.001653471452625,3.7995156583051766
67757,pop_3,3.071943539601019,3.2119449708253036,7.001765325826564,3.166185468171962
67758,pop_3,3.0407712059180607,2.8028428657390387,6.727875586275526,3.5052487060412205
67759,pop_3,2.934678296195557,2.903470673412608,7.263405460472572,3.557626198620905
67760,pop_3,2.6474032294643663,3.051843587350766,7.222223382129473,3.036709268522005
67761,pop_3,2.6634452941804696,3.144482813575863,7.2069834435081175,3.2913176927088768
67762,pop_3,2.9396263867545094,3.043391648849451,7.174084792926033,3.516649166476716
67763,pop_3,2.5885734195969796,3.132044580447026,6.715316883030549,3.708741722032537
67764,pop_3,3.174665960113659,3.0334062311180503,6.973220563176289,3.1412461706074284
67765,pop_3,3.2416855026417895,3.051559214962997,7.362064600043922,3.11144708444207
67766,pop_3,3.1712374743876266,2.754601755107156,7.482010154121535,3.5697401741354495
67767,pop_3,2.636582733136387,3.469219839307039,7.317054470167692,3.099058779628876
67768,pop_3,3.204943744932566,3.353938860393182,7.1556958372336315,2.983883882028063
67769,pop_3,2.7564489402103423,2.9801944854161193,6.999391101754087,3.677331900661768
67770,pop_3,3.0749316494885757,3.098769215751857,6.891845417400169,3.4968258426628807
67771,pop_3,2.571024607925358,2.841765368772436,6.6423277177568965,3.300421813838123
67772,pop_3,2.965368482409361,3.267373084861263,6.8608569116429825,3.404808268547499
67773,pop_3,2.552092003143966,3.1358459978010558,6.733024167399682,3.100570666647406
67774,pop_3,2.832990284064628,2.904835867359451,6.872327639309553,3.3374810796749403
67775,pop_3,3.080986398872246,2.788968875520971,6.9790700619962625,3.4777535167744187
67776,pop_3,2.8496206830904374,3.018252241908072,7.050146913882662,3.2038632781818706
67777,pop_3,2.543609268331622,2.6677568036943633,6.984523367223718,3.7501686391902282
67778,pop_3,3.0006417126256233,2.6331980443181977,6.859795047995574,3.673473170503858
67779,pop_3,2.756706344274622,3.3358955269078527,7.046465665880015,3.3313940734567424
67780,pop_3,2.8041980439584027,3.1885194685096607,7.128821753051564,3.3393195031060285
67781,pop_3,2.9936235256971986,3.0177613792908025,6.948276939032614,3.7287141969982427
67782,pop_3,3.4786165766779074,2.7128403416377473,6.910362430855525,3.4956007912627975
67783,pop_3,3.0330474851940563,2.674784238698818,6.894174748244966,3.8267166699188473
67784,pop_3,2.9846185934565375,3.117371951473025,7.10691299381374,3.2268319685695634
67785,pop_3,3.0048046248298927,3.258438078410509,6.738198203968159,3.1669100690716174
67786,pop_3,3.156062550493807,2.7765764285635544,6.965168885452134,3.6112066821632745
67787,pop_3,2.8616717608458075,3.132988539097722,7.143962344250971,3.3553634174188853
67788,pop_3,2.982776159818184,3.447586038734619,6.956995630362373,3.0222562501479606
67789,pop_3,3.085933695204274,2.874561242561438,6.83431041524283,3.407914195481836
67790,pop_3,3.104245533183987,3.0827318563360877,6.7992509733804924,3.124121254641021
67791,pop_3,2.881946802267637,2.9969232456101826,7.50899760362427,3.441560852272565
67792,pop_3,3.020548099489636,3.1236010055808476,6.994993245773743,3.4563329654162027
67793,pop_3,2.6785946486092205,2.863143531523411,7.083377872165513,2.823589427403571
67794,pop_3,2.902119563540085,3.415241860512927,6.91650733720799,3.224876501253617
67795,pop_3,2.9299080608230472,3.027785824693308,7.162712165481855,2.737463788496849
67796,pop_3,2.7161030673229782,2.9433143082115856,6.855472974116243,3.1343761484100385
67797,pop_3,2.7730816078485807,3.103373134968895,7.292987555513735,3.2299089352242927
67798,pop_3,2.81546695124038,2.7263001618848817,6.6843688955077605,3.351929474223383
67799,pop_3,2.9808769484164794,3.170806263163245,6.843452622607738,3.6033894549645464
67800,pop_3,2.8961486054408265,2.8457595930241295,7.096991128058374,3.474104016748216
67801,pop_3,2.8022069718277294,3.1464134184447747,6.83411600531683,2.964192452308543
67802,pop_3,2.955796520156065,2.805015409697735,6.910545295865637,3.762485481805516
67803,pop_3,3.2778168176819222,2.6250741582026587,6.889250301358123,3.52191671567024
67804,pop_3,2.5295146353656595,2.9366071433289727,6.770203413765794,3.4025660129731707
67805,pop_3,2.8871037643778394,3.169937649030741,6.782770227493465,3.1052381005612584
67806,pop_3,2.9174495510672527,3.329801003558796,7.641125528269323,2.939806832356085
67807,pop_3,3.0701802068128514,3.1647616666565583,7.060833585079564,3.1849299947544796
67808,pop_3,2.6194312362241403,2.5580312781317582,6.773491698965114,4.065484410112123
67809,pop_3,2.516197977066686,3.254949493728933,6.790232300448931,3.48248041734314
67810,pop_3,3.1137854117544226,2.8271487657705974,6.785764828341632,3.702640921943144
67811,pop_3,2.8180888790034415,2.705827470892317,6.898199370039267,3.7137986052439125
67812,pop_3,2.835366601147379,2.939844927313454,6.708137148466097,3.2436798881281192
67813,pop_3,2.2483489176952856,3.2494605597136825,6.915955463342347,3.050957109082066
67814,pop_3,2.5769981146538576,2.77880514730251,7.066657349297978,3.161912167571074
67815,pop_3,2.4726278706774716,2.593185453280105,7.111366294789468,3.7645359920010675
67816,pop_3,2.8105110988077437,2.591462624088446,6.888228290051509,3.5364703871619754
67817,pop_3,3.2283836257263263,3.131383525765315,7.125113450516056,3.2062613069632304
67818,pop_3,2.8576593613006973,2.573094442045215,6.74578193035503,4.095266536706462
67819,pop_3,2.93393310072413,3.1659695643989796,7.045645586988826,3.1926561743184427
67820,pop_3,2.8634545468029,2.9874673620796357,7.272570167265821,3.4231212516470135
67821,pop_3,3.003470053535023,3.1173396194889267,6.617604624511318,3.542366093163935
67822,pop_3,2.685250002038348,2.568084858471102,6.838829627352988,3.595580364591577
67823,pop_3,2.8685651599483877,2.7819342564095253,7.081900121370086,3.3634979790962443
67824,pop_3,2.978802832206315,2.781849793622627,7.201607974993547,3.0050496563766638
67825,pop_3,2.936460640208769,3.0952459755538544,7.173561485239963,3.2018901724483726
67826,pop_3,2.5813664640717082,2.920317087400001,7.057259445510186,3.1894484393039524
67827,pop_3,3.0078270186340332,2.9677999214749082,6.7165850572384445,3.1341007424089438
67828,pop_3,3.3253845044908243,3.1449534299697097,6.9075189550836775,3.070480897431298
67829,pop_3,3.1468368815393637,2.8938710106969134,6.773984909675201,3.362794652588826
67830,pop_3,2.9294964315580296,2.970401714841911,6.788608990524208,3.3596176344017428
67831,pop_3,2.968182390120656,3.009989890289919,7.3234952647898215,3.617381088284505
67832,pop_3,2.8097015791863553,3.378022491880953,6.926887389350263,3.1657349997777406
67833,pop_3,2.6164512402128395,2.9150587879017573,6.855834565669373,3.2973101142142216
67834,pop_3,2.8505673566623058,3.286200431890657,6.664173209912382,3.3439472389321745
67835,pop_3,2.8163204306546454,2.6740519937852523,7.094491114889328,3.3003579624513346
67836,pop_3,3.0237114616382916,2.723269103212806,7.181226658152351,3.4809124013955723
67837,pop_3,3.3157807100213015,3.187558154967551,7.348111157281091,2.8333520987997263
67838,pop_3,2.7838017575830007,3.4623122227163075,7.02828955602915,2.845664876616906
67839,pop_3,3.478759089655194,2.6925103725765474,7.140993858880569,3.6957521397017628
67840,pop_3,2.614166835641976,3.23504864543633,6.882165831940065,3.102815049777
67841,pop_3,3.3937166565003993,3.1942575895101153,7.152115751538094,3.0158236052543868
67842,pop_3,3.0707862482172876,3.2168029400771085,6.6113572234244256,3.2766741703757383
67843,pop_3,2.7932772792994025,3.0529417039479734,7.22167330248855,3.564296543814381
67844,pop_3,2.908896267257392,2.8324475219769534,6.836549809944458,3.743732577370494
67845,pop_3,3.195445687960863,2.8401056328482723,7.224417409245764,3.3582805060119805
67846,pop_3,2.7941897456736555,2.8771548812674754,6.926814379066617,3.3720676084211525
67847,pop_3,2.401210146875459,3.0599182003978678,6.831236273013203,3.350943184425888
67848,pop_3,2.8753720177595175,3.2442289613482025,6.889287650435531,2.8551125841634653
67849,pop_3,3.0783955263128555,3.094486282586905,6.887839288330124,2.6842906273080476
67850,pop_3,2.913713966231668,3.0664272344217975,7.1306312099163955,2.7684259764378645
67851,pop_3,2.4866182078769676,2.880988088673559,6.582535777472994,4.351811466121498
67852,pop_3,2.957971119939997,2.6539367767061335,6.449818397053833,3.9429983422921544
67853,pop_3,2.9426875551019123,2.396016749078355,6.963025034930535,3.5173441178299383
67854,pop_3,2.98009738081021,3.0725579070558227,6.85703743994577,3.035340717671005
67855,pop_3,3.2376621356751305,2.8784601651010315,7.089024214343548,3.57357139773004
67856,pop_3,2.628057312204254,2.813492174285356,7.307352706892411,3.2771230973961853
67857,pop_3,2.9083072994996186,2.840612712822383,7.052919978283472,3.5109213061887967
67858,pop_3,2.7770726707221507,2.7425817203431824,7.103634218706073,3.318157524668894
67859,pop_3,3.126994076728949,3.006564220540562,7.18087041770303,3.2184423095061407
67860,pop_3,3.4643692683300187,3.080746131512493,7.031915639888032,3.009929932178756
67861,pop_3,2.9136835644707273,3.2413046848325937,6.851068779578022,3.2729651987326784
67862,pop_3,2.822663142596451,2.8904944503117465,6.524106051776498,4.178397165484841
67863,pop_3,3.011840854683358,2.6374769071954747,6.881633858833952,3.6562356780036223
67864,pop_3,3.0299437652680856,2.8489057888481506,7.004124270626098,3.178922303693411
67865,pop_3,3.236183974129865,3.2507432607285085,7.166459159206911,2.834772486493609
67866,pop_3,2.7793916250685364,3.064218918224247,7.124232478752063,3.2655463341055575
67867,pop_3,3.118464272223295,3.0345955593367036,7.603139934710527,3.0156337098956025
67868,pop_3,3.0251222730285394,3.576813886467097,7.531687017974292,3.082689326951626
67869,pop_3,2.6489727656606563,3.031522975733301,6.734117099758581,3.505059807098758
67870,pop_3,2.9354575422823275,3.039214370501783,7.286791971541991,3.069896664646111
67871,pop_3,3.032002402987155,3.1530744238645583,7.059269807315839,3.4193919590824726
67872,pop_3,2.914536903328135,3.103231137208697,7.083666001496384,3.5927360491667844
67873,pop_3,2.9244169755536933,3.024223537817145,7.1768356133516695,3.603740277443676
67874,pop_3,3.197267847753953,2.877262824560908,6.749585840183971,3.4516536292402007
67875,pop_3,3.0355451887204334,3.068811455075073,7.470664448237654,2.986560603275629
67876,pop_3,2.61868140787552,3.005636626346748,6.603273572140115,3.7019659654776294
67877,pop_3,2.5656109179198547,2.6749665931885995,7.220032964396807,3.7982004021650693
67878,pop_3,3.2009265425233995,3.179198438391152,6.625737545417459,3.3461964786662786
67879,pop_3,3.068576676549972,2.820418759200811,6.9238961799132195,3.476470808707079
67880,pop_3,2.7631622709736847,2.6957749263722985,6.635892792911088,3.4021628876352112
67881,pop_3,2.496503833440838,3.1547115003041317,6.910754416295199,3.5575790905449742
67882,pop_3,2.9800513274971974,2.912753384070056,6.5299579475168334,3.6806921826290444
67883,pop_3,3.0568546556480776,2.9163983359733057,6.865177704234043,3.1434391365346643
67884,pop_3,2.911553950556179,3.0885371567098696,7.214575685505247,3.2358441696954383
67885,pop_3,3.096517353663206,3.128865641650837,7.292355266251032,3.2169089342075248
67886,pop_3,2.5124243499899634,2.6045873274446083,7.117419043294371,4.123405195014117
67887,pop_3,2.6626318231138444,2.7640348085804924,6.8077856422282075,3.365479697601993
67888,pop_3,2.7803248838634613,3.022477549590942,6.644334003213195,3.2329892683447223
67889,pop_3,2.9015635879416957,2.9377775419120913,6.956719599414326,3.203412166765564
67890,pop_3,3.2263345224950317,3.149708374919109,6.650519920539742,3.5342465462913526
67891,pop_3,2.9624747723214573,3.0693510787709988,6.787419707268977,3.0287797105828544
67892,pop_3,2.8364686764388973,2.754605663763381,6.781791452258268,3.4818911964397445
67893,pop_3,3.3425893426635613,2.929788516896774,6.911400805143583,3.2557805571077107
67894,pop_3,2.990392258319879,2.874158490557995,7.006176343875447,3.243359660093796
67895,pop_3,3.0903072611590607,2.9754525130316605,7.165230440610354,3.588223267570639
67896,pop_3,2.413384715424581,3.2387108696739637,7.096572071287968,3.272725884468635
67897,pop_3,2.832200524428751,2.917209688413383,6.614655351549964,3.3291978156848394
67898,pop_3,2.866079329043964,2.969704475766494,7.267650663088979,3.1003001250726614
67899,pop_3,2.907102802371319,3.0977882117633606,7.296205812594866,3.2616066996226225
67900,pop_3,2.937583892886549,3.0121284139304056,7.2749778347966725,3.582882627843527
67901,pop_3,2.967878199324687,2.8976435117923947,7.241939420815334,3.931982685716788
67902,pop_3,2.6439946277410846,2.861629232963118,7.088733417888469,3.25595398118368
67903,pop_3,2.6419639429417057,2.8799012323263913,7.038976639967927,3.5925681655787582
67904,pop_3,2.8215684299552075,2.940604495613239,7.404085171082308,3.3248452829751316
67905,pop_3,2.7676835717715464,3.101344427563058,6.627635302631168,3.127679147380651
67906,pop_3,3.0118376258078507,2.945606090549888,6.783892214369808,3.493349454810778
67907,pop_3,2.9396081287293345,3.0500995217537175,6.961765942852644,3.204982575047605
67908,pop_3,2.5028355082655898,3.2200688848737826,6.4692600576948,3.237316886884573
67909,pop_3,2.8935921848560513,2.956445587113734,7.204402171418986,3.190000764423096
67910,pop_3,2.7418300953738375,3.5767288153333823,7.098390153863663,2.9895367186229436
67911,pop_3,2.569654071061019,2.6643160633219964,6.830302686194234,3.6292620303269736
67912,pop_3,2.741737697363965,3.1118773931348835,7.143549548091283,3.3049551101807553
67913,pop_3,2.887861542826918,2.8644291697075577,7.3230775688194685,3.6402533892596356
67914,pop_3,3.290326954492305,3.2439034895691883,6.7154503754215815,3.271865865691421
67915,pop_3,3.1836422656701195,2.57088623231243,7.044651989210582,3.0137472261979785
67916,pop_3,3.107460323676259,2.7223912622618336,7.123755324932382,2.9279137722282487
67917,pop_3,3.156340929366266,2.9294471091144154,7.188878884524099,3.096858033020864
67918,pop_3,2.5870685430700995,3.3671741776158917,6.8379014819489905,3.041061258308683
67919,pop_3,2.673762249941911,2.817746692146026,6.928748952456239,2.9753356776772297
67920,pop_3,3.1172127430382743,2.929507649333118,6.870882711537049,3.161131403718954
67921,pop_3,2.9520494620726407,3.7855083172808985,6.844454506486847,2.7883598917969583
67922,pop_3,2.451440835681309,3.2015893365507684,7.298267890457568,3.4691837633575884
67923,pop_3,2.949435074217278,3.0671711494344915,7.166956643834623,3.669631373476326
67924,pop_3,2.8106233930834335,3.1542875040856813,6.951536632106751,3.2630197110646524
67925,pop_3,2.900923933402328,3.0196154204000383,7.1103784351894515,3.4153477076798895
67926,pop_3,3.0864282113173087,3.0440246499334753,6.94420904985455,2.946320557245647
67927,pop_3,2.768989610911308,2.8644024154103795,7.273259148135828,3.0808890012208336
67928,pop_3,2.836668625033316,2.8620284535857583,6.523277434581387,3.713491124286341
67929,pop_3,2.489197301257985,2.9364544870587275,6.696141908488568,3.5267514967721216
67930,pop_3,3.3216056172334376,3.253203597450912,7.154815437017245,3.188812758306372
67931,pop_3,2.631266130532265,2.6294963501824986,7.17747543910934,3.9543838858422538
67932,pop_3,3.020541879019767,3.2510193159720333,6.770994328180876,3.3193860982462335
67933,pop_3,3.141296503150782,3.238951205890413,7.096774416958014,3.2058216549201637
67934,pop_3,3.0029023220709163,3.6399225092712313,7.433986315680125,3.0201867741469988
67935,pop_3,2.967499176489314,2.8116444269470513,6.694954567267799,3.2205890467382874
67936,pop_3,3.137018425040306,3.205545931338149,7.298456178885132,3.110542011380667
67937,pop_3,2.8195959418651473,3.2409016682633935,7.017866395653257,3.192530149500034
67938,pop_3,2.843227408480057,2.9588925667966284,6.713087547722112,3.537996036535699
67939,pop_3,2.6947851491732804,3.099301650788704,6.780031685618611,3.3714405345994045
67940,pop_3,2.815391182166916,2.895944508247217,7.211444510924401,2.9184177999120378
67941,pop_3,2.8773325337031435,3.041340087794135,6.6762200015228865,3.188519178775409
67942,pop_3,2.574145379697496,2.9479987368412526,7.032348383117328,2.9791105835756877
67943,pop_3,2.731334163472859,3.114462304461819,7.264149772895093,3.3925310188094993
67944,pop_3,2.7453230177266974,3.183166565724365,6.8592427714890265,2.8535397070643893
67945,pop_3,2.9709250217541032,3.0998547345962035,7.019667424469856,3.2847729562523584
67946,pop_3,3.031833366475794,2.5881218491317455,6.5155672679678975,3.273084393441041
67947,pop_3,2.9402088475452826,3.1014187104888618,7.039240818931277,3.6677177714146953
67948,pop_3,2.6380088535016526,2.7025461119369267,7.182257662106518,3.443370546254187
67949,pop_3,2.818558353938866,3.019596440877795,6.900928342539498,3.134663412071216
67950,pop_3,2.414058273616863,2.9803829863962212,7.008773915819057,3.5898743837383407
67951,pop_3,2.8541163272314076,3.068013740618015,6.849595656381771,3.4287662204163416
67952,pop_3,3.3909955941459766,3.033861058485482,6.560857476690237,3.6774493171868747
67953,pop_3,2.6517088250454757,2.9417050186529297,7.011866137206551,3.190647397870072
67954,pop_3,2.7197063615408736,2.3378477818436543,6.974418445919093,3.856958816376575
67955,pop_3,2.6692180352118458,3.370590447885946,7.309781110384592,2.9054410421488104
67956,pop_3,3.039960104973372,2.863226167454389,7.281098589139258,2.940748847699268
67957,pop_3,2.8886931222706074,3.161917088061522,6.90427082666329,3.291693167494337
67958,pop_3,2.7378694191766453,3.0184849713070583,6.687786828895841,3.387217566408288
67959,pop_3,2.9158898006285767,3.276664041473235,7.2626875112416265,3.0794661655063695
67960,pop_3,2.469609554696727,2.697884662635932,6.985178032345784,3.64717146292416
67961,pop_3,3.1126174456059266,2.357812984855297,7.115376226391456,3.460926935743846
67962,pop_3,2.874633743166997,3.0022025409085096,7.103662776787212,3.6114224561001413
67963,pop_3,2.905512442943463,2.899390592379454,7.3693086999432875,3.786710503811324
67964,pop_3,3.083195836791451,3.4379182203149483,6.906534821634903,3.3876834625691243
67965,pop_3,3.1526843369653785,3.053246993342553,6.478781809854751,3.1304514007297093
67966,pop_3,3.0965875914576415,3.040273065998876,6.9844881258661875,3.216373557413923
67967,pop_3,3.2316961495084753,3.4667867041972213,7.156622120435678,3.1241318972695713
67968,pop_3,2.714279677540916,2.787047739252349,7.030531033115663,3.058088975336345
67969,pop_3,2.56891039635271,3.0706154263420857,6.841217826927143,2.8916713280743274
67970,pop_3,2.6630215861216984,3.07017931140412,6.957404275384906,3.6036030757244246
67971,pop_3,2.643088037285273,2.7734212366448223,7.354466638728342,3.5133904164992953
67972,pop_3,2.908263526115302,2.95172248348121,7.157840429509774,3.428766670460826
67973,pop_3,2.793715555578236,3.2657058557249714,6.776627974615941,3.2716319291383087
67974,pop_3,3.25930751036178,2.83671394879685,7.081866389797976,3.7293170171039596
67975,pop_3,2.9500483810138975,3.102773141025355,6.704173106723734,3.1816603085916086
67976,pop_3,2.779280168695136,2.844272700355145,6.771626689217858,3.520937230901782
67977,pop_3,3.4174814434639815,2.5637886060281376,6.61719062682259,3.840738472809011
67978,pop_3,2.7905294239262783,2.479651496807017,6.896377000804781,3.674244008680564
67979,pop_3,2.876436113899224,2.781454970921761,7.2822877408882745,3.4832178268144567
67980,pop_3,3.054411422769451,3.082846695203393,7.109812834689066,2.8623767914701888
67981,pop_3,3.072978562744001,2.828699179510731,7.195490772207337,3.5059545821176727
67982,pop_3,2.840587958125732,3.0257176815555757,7.450185346948683,3.542755621050122
67983,pop_3,2.617256020364075,2.4353307246772884,7.127845653056658,3.2295777654754727
67984,pop_3,2.8261133298696093,2.654402555295534,7.102542114385533,3.591608513929973
67985,pop_3,2.6916941830355565,2.7398158404530966,6.9022724906930515,3.590185750023443
67986,pop_3,2.716774997701216,2.953699359690696,6.910302130868293,3.3338862382183763
67987,pop_3,3.059114938787361,2.9770586792194846,7.174090359614524,3.217123224640477
67988,pop_3,2.8803919704205265,2.9715957453398216,6.652195351090781,3.3177177794264696
67989,pop_3,2.9659943211338042,2.998038567442393,7.118735643024544,3.3872966186353604
67990,pop_3,3.112537289238185,2.908008191018109,7.292203304449458,3.0149460655273272
67991,pop_3,2.4927800452590083,2.763013715998421,6.69834547062235,3.7149574254579
67992,pop_3,2.970072211718026,2.753713611104076,6.726689288000835,3.4045166230506845
67993,pop_3,3.171297613173112,3.2439256094756836,7.479218535825936,2.911147912570214
67994,pop_3,3.2103043191971063,3.1555547228672296,7.011701491540584,3.363317272920954
67995,pop_3,2.653512709442717,3.0265803933271553,6.948467215932523,3.388364556052823
67996,pop_3,3.3363752185539783,3.2519490709713383,7.178585419431718,3.121261271462523
67997,pop_3,3.211700034633508,2.853252743789176,7.096923541049388,3.6763928618142176
67998,pop_3,3.3859070837203453,2.531810263757418,6.756862641688648,3.7517492466606743
67999,pop_3,2.9929178411730093,2.9886559478747317,6.600478812352109,3.4942489231322647
77000,pop_4,2.615055917801034,2.633269366633387,3.1102269358150116,4.063363232755043
77001,pop_4,3.145352751134294,2.694180970100733,3.0413284561423026,4.680325152726687
77002,pop_4,2.9531811627993796,3.194988415489851,3.3645449222023442,3.996426827894796
77003,pop_4,2.7954001068603653,2.670971239929576,3.288514823343234,4.535851685783347
77004,pop_4,3.2755560900978464,2.4761095124788253,3.1247518550575495,4.345180338814976
77005,pop_4,3.0300227962599684,2.5535490103471514,3.1673149093086836,4.154059084970741
77006,pop_4,3.2742770212886523,3.031486989874966,2.5919902803829413,4.357265342618718
77007,pop_4,3.201127074524377,2.8680478689939366,3.001317671935342,4.4386051655334064
77008,pop_4,2.585513707989823,2.4484377420254178,3.4864020491330696,4.302793721529278
77009,pop_4,2.748256356929699,2.585523181309277,3.624013927592735,4.158357985765558
77010,pop_4,3.119628950142076,2.608981992865345,3.7036331128578803,4.415685288294938
77011,pop_4,3.343157835521807,2.8472119745058184,3.0035305030174464,4.671124097174322
77012,pop_4,3.2801108453951717,2.608403265535008,3.2208378082400166,4.18900298935021
77013,pop_4,3.3871513862958342,2.60455338221663,3.133274911893962,4.2340282503968565
77014,pop_4,2.793155110685245,2.6675461465932973,2.8918745077609818,4.173456360810251
77015,pop_4,3.206044078978974,3.1877994531843825,2.9937385099077334,4.5268921051472475
77016,pop_4,2.8364494651274157,3.161850754858247,2.5786633155132708,4.054784458859072
77017,pop_4,3.448063141080769,2.7425621957451103,2.9656795419892257,4.004082760033613
77018,pop_4,3.2026540748926804,2.8301903083489743,2.5269741319233723,4.300953704986806
77019,pop_4,3.21119166358247,2.644601092325412,3.322824874491558,3.8390928728036235
77020,pop_4,3.1439426607701604,2.7752749422888683,3.150809299273394,3.7133909753484997
77021,pop_4,3.206563211502741,2.7687725994044077,3.233460248769857,4.386509179000404
77022,pop_4,3.5535633837893927,2.9771412234616306,3.1199478693417135,4.387635945024617
77023,pop_4,3.0238759308099925,2.7619421343539634,3.546284180598362,4.3927955087206545
77024,pop_4,3.0939812087025045,2.737458447085311,3.164127314337259,4.003320257750437
77025,pop_4,3.3522638975275516,2.5281827316799244,2.983319374581941,4.444579013370999
77026,pop_4,3.1939626278219704,2.7770058281836736,3.3055123339597214,4.688995038007455
77027,pop_4,3.1536836449617316,3.1559496815007404,3.1985103567449613,4.09121687292825
77028,pop_4,2.571568076498208,2.6472004783845993,3.170359907379192,4.384029205659046
77029,pop_4,3.0538247020107137,2.3151477112551193,3.543886683208745,4.403612486919558
77030,pop_4,3.085912872736533,3.1447807446747866,2.45497626721266,4.106284555070108
77031,pop_4,3.1412644474127918,2.6812129233694915,3.212730975163823,4.698466730219888
77032,pop_4,2.9956319647098266,3.3025649036051594,2.9398317930063835,3.912797760217312
77033,pop_4,3.2941993288963665,2.7655640145051446,3.016474020479281,4.326946583959697
77034,pop_4,3.06231171083984,2.559785070832277,2.89275996910343,4.099950788437847
77035,pop_4,3.093130183713492,2.818292161980449,2.980158320765181,4.291356462844371
77036,pop_4,3.2151769299520594,2.6252189923048532,2.9417866049444923,4.641175414999601
77037,pop_4,2.9208177966973943,2.787644878006431,3.5506381511611007,4.260063112763568
77038,pop_4,2.915523341551625,2.745322220641117,2.6355175523363914,4.412831151640031
77039,pop_4,2.7062225074199366,2.596977849691177,2.952398161105887,4.244753878755222
77040,pop_4,3.4694166121302286,2.5352114210545684,3.0259408664139618,4.619299387252557
77041,pop_4,3.1572919000699073,2.8622602718339567,2.8493593915283792,4.136601810223116
77042,pop_4,2.766571364823508,2.7544008985454678,3.382595061631597,4.0869193945234485
77043,pop_4,3.149091377649413,3.129753108999747,2.8329832196128257,4.027143973439206
77044,pop_4,3.087441360278352,2.7811215271517287,3.0872484016991995,4.081658824976619
77045,pop_4,3.228814799414557,2.730515929414632,3.009036365421361,4.454678770175392
77046,pop_4,2.714807733675137,2.9194528850109984,3.298923336330688,4.2641568316841125
77047,pop_4,2.9913364199410775,2.8961629550806376,2.8232657863988484,4.174634262719651
77048,pop_4,2.8029883152219393,2.9631875180105767,2.393429105189434,3.9586657731468646
77049,pop_4,2.6321584298721685,2.649199026413474,3.1345097916700686,4.290687231483407
77050,pop_4,2.875311522550175,3.081683180316508,2.6131538654741577,3.9620887904910687
77051,pop_4,3.0369511363110897,2.9294551213012285,3.4491659125040974,4.155683821501663
77052,pop_4,2.8823964148343793,2.571156958308223,3.2903619283278007,3.888192744303225
77053,pop_4,2.9160521181315415,2.7139537742536763,3.2387669397700165,4.2222114005580975
77054,pop_4,3.2795707712594444,2.748004313801374,2.8237674541248547,4.349151796350223
77055,pop_4,3.4406024821103047,2.7602020847595607,3.6023457639879037,4.547426607646936
77056,pop_4,2.9122798061290704,2.838433053705095,3.2585918179991356,4.303624089370463
77057,pop_4,2.5765248357390034,2.955742957051288,3.0161343168866845,4.223819783345986
77058,pop_4,3.086020957135755,2.9598471834028866,2.9362525034881264,4.27852736467251
77059,pop_4,3.2071790621250442,2.657529638419484,3.4293650762481804,3.9301880564057634
77060,pop_4,3.0423975429786876,3.0266234102661467,2.974602999193155,3.6135628626838083
77061,pop_4,3.5627524440095946,2.524531674723315,3.3836508536215173,4.563005271251156
77062,pop_4,2.839575807871748,2.3800916662528,3.485154258068345,4.848079729159897
77063,pop_4,3.280188390280225,3.2857447869685177,2.6628871626962094,4.1844658882444685
77064,pop_4,3.4252074425603123,2.9086620286519853,2.7076761525345536,4.173906294971645
77065,pop_4,2.888746560663718,2.4793275375628525,3.0605809188906203,4.062647479479672
77066,pop_4,2.7356906373271532,2.584808926806347,3.367810774070494,4.408815176879592
77067,pop_4,2.4956709668370003,2.633295743542406,3.3138994446192536,4.346813521951453
77068,pop_4,3.0926643202653947,2.647186344587653,3.083006098241623,4.092846059064962
77069,pop_4,3.1079889870543975,2.5623102969555536,2.916109689620346,4.3400203772940005
77070,pop_4,2.947671755493317,2.324232364558895,4.053979136151601,3.9911616705801127
77071,pop_4,2.8224070164938477,3.1712693328740116,3.2360547880190014,4.685597117753488
77072,pop_4,2.975581748797393,2.6518560439376606,3.24223262724056,4.538638375802026
77073,pop_4,2.6843861149877326,2.5987206760579133,3.0964517053355545,4.418746395754086
77074,pop_4,2.983173456436355,2.793525632512017,3.462347153664035,4.395947314913435
77075,pop_4,3.1768905234573213,2.726841287791015,3.3955580650789456,3.8500815004756257
77076,pop_4,3.256407672088526,2.877199570596313,3.351053302017984,3.9233636598278228
77077,pop_4,3.190964691757404,2.39321905828643,3.454178747165647,4.105741360101171
77078,pop_4,3.306647982675873,2.9392275334311444,2.848448268416466,4.051819187892972
77079,pop_4,3.3519467884411567,2.9751010832311082,2.7582292869038163,4.059415241397428
77080,pop_4,2.7273792529929395,3.0679680437158887,3.455227478002474,4.30713441480222
77081,pop_4,2.9979085795195504,2.961565549254333,2.884740109068202,4.728461364504706
77082,pop_4,3.1150603290567713,2.8064318831137864,2.9378674163384413,4.433201339075089
77083,pop_4,3.0215762009817153,2.889831259522273,3.1627715002831405,4.345006545763937
77084,pop_4,2.650269083226609,2.9339972730184627,3.064617628328158,4.282752904505352
77085,pop_4,3.1420582659435228,2.3683395179470867,3.196756637939697,4.626300507090713
77086,pop_4,3.2031463799172024,2.6563282641906643,2.5730761362954055,4.316952052276509
77087,pop_4,2.9180070407754455,2.659901206849218,3.1515546645296064,4.507514704198477
77088,pop_4,2.4933688333779402,2.4367431998713402,3.2836660759854355,4.65160954558009
77089,pop_4,2.9692402592367255,2.5231855433836885,3.0864368036562086,4.6423011265587135
77090,pop_4,2.678859738706527,2.8143309078819905,3.5098639309945234,3.915196131835345
77091,pop_4,2.8796409928671824,2.8109562529598175,3.286293632244851,4.539763126850159
77092,pop_4,2.7345819130424487,2.9431281876949615,3.2698892566752438,4.655327236818883
77093,pop_4,2.5825283663156284,2.8879540019248173,3.494976379861286,4.131343959623893
77094,pop_4,2.756325890474575,2.457665554725292,3.3947603348052255,4.20162542383113
77095,pop_4,2.8940678320395223,2.861252555991725,3.0331613561309823,4.382959332351536
77096,pop_4,2.8618561467149735,2.6461059646590694,3.413308564605678,4.420092991064625
77097,pop_4,2.9069727531104026,2.333931221078991,3.2922800053560297,4.293610181821265
77098,pop_4,2.904367349493089,3.0015687066763026,3.426825304269878,4.288884813499079
77099,pop_4,2.6757709854948137,2.58880150990652,3.397809147881234,4.291781252312873
77100,pop_4,2.9479768671596265,2.8397147611267886,3.135160801632705,4.116257442442908
77101,pop_4,2.982393044404055,2.8091703973088356,3.29945220569283,4.3912459293952955
77102,pop_4,3.0330569072996343,2.263339381232875,3.1028610101387795,4.427010203055032
77103,pop_4,2.6922340379698797,2.413273284733674,2.94234348453166,4.500705930581042
77104,pop_4,3.0418808946589415,2.6665609743059906,3.036262453320763,4.3632993811406875
77105,pop_4,3.2251767008155032,2.8479757152972214,2.8688697989821925,4.395229576491411
77106,pop_4,3.116429115925698,2.6291211152199723,3.329945433892103,4.672606053289107
77107,pop_4,2.997188708501652,2.7267750651301563,3.1109699054298487,4.255862024530358
77108,pop_4,3.0961263954328193,3.1276818625020413,3.6447865219505706,4.1604017316988315
77109,pop_4,2.940235381881052,2.256220273080546,3.3327010723971173,4.1551693023884075
77110,pop_4,2.5647128754214874,3.1091870305841334,2.82795220656698,4.039423976914659
77111,pop_4,2.917928027766557,2.8937422611954196,2.2628715042582797,4.259617683950943
77112,pop_4,2.9706041376271832,3.0694709384697245,2.7418537572872186,4.202490977353179
77113,pop_4,2.7341094987477144,2.8144002918153137,3.3906040694203146,4.227230578873434
77114,pop_4,2.9755413388293905,2.553845186357104,3.643095783755988,4.624466110451566
77115,pop_4,3.212493588622137,2.648242696591902,2.9317519279167414,3.989724344895545
77116,pop_4,3.1057337950367168,2.399930539738833,3.0597587982698924,4.229024587872598
77117,pop_4,2.769594587852416,2.829060086828502,3.324918997302152,3.8566008669713963
77118,pop_4,2.8292423450074082,2.9267048417460777,2.9907268875929685,4.418788969483682
77119,pop_4,2.8440394474934823,2.2963482088998632,3.741421925646261,4.789740596052552
77120,pop_4,3.0610430287041166,2.8580181883382263,3.1193530629867223,4.452381985414798
77121,pop_4,2.790981072549527,2.542296964319297,3.3234555540361845,4.427396953174712
77122,pop_4,3.482271107088095,3.001590186572899,3.2396828739281536,4.233901441412963
77123,pop_4,2.740400941300147,3.186896774999735,2.929675513332247,3.9815855492979138
77124,pop_4,3.2301633758369848,2.6629923293019035,3.2119633017041576,4.284680317793416
77125,pop_4,2.9394174450568284,2.3682484874445557,3.6326705455453543,4.436030078345987
77126,pop_4,2.991290390684723,2.7437118269281546,2.8961074093487134,4.320145023245204
77127,pop_4,3.323795357627482,2.474670245526649,3.3818129220556847,4.447847427788501
77128,pop_4,2.9664370672675338,2.8250934552917606,3.1702711855490673,4.223958831387682
77129,pop_4,3.0688872652129207,2.661452521716477,2.999525701771695,4.03952695806011
77130,pop_4,2.909352371374143,2.8649956270959067,2.8291952441174657,4.473117093714673
77131,pop_4,2.8832695708975473,2.7433996591376313,3.114715423333914,4.51343373219759
77132,pop_4,3.343355898665337,2.335745989372997,3.4070025591076236,4.294797560143766
77133,pop_4,2.8657175737365344,2.3449620114915795,3.1537516574357887,4.19624730393387
77134,pop_4,2.865805363031807,2.868447442818294,3.454840002355041,4.129096829496909
77135,pop_4,3.3680585402740686,3.0005536127267645,3.3473433612643295,4.335095235210177
77136,pop_4,3.2984312251005172,2.2986152393390418,3.1756248073622912,4.185841935922271
77137,pop_4,3.1116477577692074,2.6311674255434876,2.889049367948168,4.06300253853584
77138,pop_4,3.2076575252024075,3.1782806493167377,3.6593398100833414,4.18613550831364
77139,pop_4,3.151134870920021,2.6689752828152162,2.935184192467182,4.320111311793909
77140,pop_4,3.48109143570302,2.6095252115170835,3.1828314162160036,4.669800577097008
77141,pop_4,2.6547190127731035,2.7060321747628393,3.098413707720889,4.218280962715873
77142,pop_4,3.3488227853561874,2.9403185664104314,3.1388727648327004,4.090770942298629
77143,pop_4,3.2031732535722823,3.2791298242100604,2.5576797643852816,4.216149391152157
77144,pop_4,2.993991900900891,2.9150413342818084,2.658710664061228,3.982757560741257
77145,pop_4,2.7401935392882346,2.624517984175489,2.9612333091697005,4.3258761168555155
77146,pop_4,2.955386974365163,2.3771140366464745,2.7122930220612953,4.513976775169499
77147,pop_4,2.9386642374295864,2.9766674221303577,2.9969969718244087,4.448404390070533
77148,pop_4,2.990379564857983,2.648487628483916,3.0323356949964104,4.121608902933203
77149,pop_4,2.839784457673144,2.7119388431073848,2.94085972759563,4.293022652999878
77150,pop_4,2.933401969932278,2.6948586538333776,3.492225937527019,4.2929833682058
77151,pop_4,2.7127754538054694,2.2840275301729305,3.3973192113592816,4.439363690285798
77152,pop_4,2.8116214382127205,2.882537402337335,3.679244890834531,3.9243055382688996
77153,pop_4,3.177275824125216,3.0521722300282645,2.835719664826212,4.25042314235452
77154,pop_4,3.019630462873897,2.850747752530299,3.018562075581076,4.8530613334086645
77155,pop_4,3.1319066534626603,2.9823449762023735,2.9541542983714817,4.308717740917038
77156,pop_4,2.896994981845697,2.8503717886654063,3.048078614182341,4.312072684017224
77157,pop_4,3.0437144692023983,2.4422361688545786,3.2148141671975052,4.763706922222682
77158,pop_4,2.7905639233453226,2.8859613515492817,3.277668086082405,4.264727749073369
77159,pop_4,2.9192956176312217,2.398296507170435,3.609351205681567,4.077845346065927
77160,pop_4,2.8887227599224854,2.9403584377029586,3.3489783002953977,3.697943377209406
77161,pop_4,2.7583833879088275,2.5422704936360376,3.5737893518399,4.490159978058417
77162,pop_4,2.8149844460779785,2.238662742707019,3.425871780515596,4.4389986996188675
77163,pop_4,2.860108483881711,2.8254055282795223,3.5100296258044237,4.416105236216851
77164,pop_4,2.929564760268631,3.0751501681881046,2.992484103346466,4.4392941609792596
77165,pop_4,2.722072462043731,2.361727957382686,3.1215872709305255,4.5303266001361715
77166,pop_4,3.1687433890950034,2.4778657610138533,3.490257030004807,4.322002642558344
77167,pop_4,2.5973351302032546,2.8141803305115896,3.301434838983652,3.869512554053886
77168,pop_4,2.832496953805683,2.6343934920538055,3.2561649041009484,4.344619719095583
77169,pop_4,3.0931273099075405,2.6861518598232235,3.21362803025692,4.4949785078754765
77170,pop_4,2.9929141049269408,2.6198398104662477,3.2635502329140254,3.75226147608019
77171,pop_4,2.9423899265781546,2.3665306208293764,3.432938860870467,4.64173946604129
77172,pop_4,2.9071083521361056,2.4070948155647516,3.047423582754239,4.345404402926111
77173,pop_4,3.197209459260261,2.7022405432070986,3.162948328983483,4.62491586110731
77174,pop_4,2.91474237444605,2.6457249047974702,3.3251353779581936,4.384738654699717
77175,pop_4,3.085057025630609,3.077722198994709,2.907111564827757,4.152295778057445
77176,pop_4,3.0983829391899724,2.359657140557515,3.124155673626606,4.633198939038442
77177,pop_4,3.0138115142814272,2.796175575232388,3.1986289912856547,4.302960980266251
77178,pop_4,2.5514463653689177,2.7779687616184527,3.3935720273779886,4.2195654070111095
77179,pop_4,3.0581555913408667,2.6106070268037764,3.7286505928212854,4.23760189883422
77180,pop_4,2.6758431612243148,2.419936374555696,3.1786866622518124,4.474173671127699
77181,pop_4,3.053576655448473,2.683088405477358,3.105643739550027,4.068117112446728
77182,pop_4,2.7076374203495903,2.4655035700866725,3.2570318934252467,4.4252093629178955
77183,pop_4,2.497149537877228,2.3322560252875064,3.129911208726893,4.549758844541257
77184,pop_4,3.027071219791036,2.5130684601174624,3.398657421079436,3.865162751251163
77185,pop_4,3.242517386242445,2.8915756461980515,2.9921268600284683,4.295055689502594
77186,pop_4,3.154005525613586,2.6167828860424036,3.2263941935749996,4.233439706425434
77187,pop_4,2.8155118448184524,2.569854863996855,3.6255102327476934,4.733275393295405
77188,pop_4,2.955309255472479,2.854375674705539,3.1366457044522975,4.154428352180197
77189,pop_4,2.882670264895432,2.7887652703706856,3.2024293517798355,4.569058443912963
77190,pop_4,3.2730693043838097,2.946006066435446,3.0617467455075027,4.310608517224214
77191,pop_4,2.9440581098611642,2.8281676874568533,3.1299454594980167,4.389112860764976
77192,pop_4,3.160138669481172,2.351390561136636,3.285037716915487,4.415599287708735
77193,pop_4,3.4041940096007983,2.8134219140510113,3.319375746655209,4.2264401057576135
77194,pop_4,3.092378798863098,2.826290907547627,3.0968743591783583,3.9550684482148744
77195,pop_4,3.185018742350977,2.714837884791069,2.8945216590975584,4.565465195139134
77196,pop_4,3.1705626259331567,2.7846662543201015,3.6170496137584784,4.288626627754924
77197,pop_4,2.7746338493472775,2.46492896770041,3.286509105041555,4.650567296962449
77198,pop_4,2.994315710370342,3.1621030603116655,2.8587043430776173,4.022667841315356
77199,pop_4,3.085306250471978,2.7702772648977545,3.583809888050777,4.081006707499349
77200,pop_4,3.027168357313929,3.123027172147238,2.510868477402124,4.12055849624898
77201,pop_4,3.1463365131389147,2.5333562020656215,3.4806012622320863,4.610677103661936
77202,pop_4,3.3263648200633633,2.6601132461231134,3.293202125891294,4.126744592811433
77203,pop_4,2.998753248850568,2.532226032067921,3.0135725033106473,4.169619632368534
77204,pop_4,2.854881431557434,2.613571596138564,3.3059400086210213,4.47551991742098
77205,pop_4,2.606337296617949,2.3892236995981864,3.6151457957794095,4.477004671604113
77206,pop_4,3.156765986018337,2.846904443480188,3.56626458954594,4.344875637743991
77207,pop_4,3.2208719155360876,3.1567845123633216,2.372994293894521,3.8695104908378366
77208,pop_4,3.2137721128557737,2.8119714862504344,3.0692742372333246,4.248735401820891
77209,pop_4,3.2350897746875353,2.708960007473194,3.3844527636785426,4.166151730880831
77210,pop_4,3.229422849439498,2.93541516372366,2.4670001288248753,4.201827712735689
77211,pop_4,3.1413360662190923,2.864547871671062,3.1239351341699866,4.086834369963239
77212,pop_4,3.1078033427950613,2.7342192885604724,2.8706558011148275,3.9659440148395917
77213,pop_4,3.048378613114102,3.1838270371410906,3.07675587008846,4.552998084213466
77214,pop_4,2.958864353790449,2.675848292688939,3.2849032556016993,4.233580729884674
77215,pop_4,2.9285562561182967,3.106990504356176,2.7125226102426576,4.089565475821333
77216,pop_4,2.8808446790803757,2.677481883945693,3.1949305805649497,4.547091091580524
77217,pop_4,3.232846815114571,2.770607477487256,2.551530246619901,4.306199511375902
77218,pop_4,2.980874647360923,2.686035974243972,3.413911857854845,4.187456322623995
77219,pop_4,2.9913657161487963,2.4293539142905574,2.791000323514998,4.339836389568809
77220,pop_4,3.1424164673801633,2.3055731307645186,3.363872726776368,4.354703002270248
77221,pop_4,2.9917376625446646,2.4676965621482783,3.098868783976135,4.402498642435879
77222,pop_4,3.365932290322462,2.39345758191339,2.9036822657207546,4.422682745980354
77223,pop_4,3.1347479833056133,3.001979828922513,2.595791501955375,4.240974358181226
77224,pop_4,3.1926378867469363,2.488063809680056,2.822752235180377,4.705843321138473
77225,pop_4,2.7559267859332057,2.5020278444737425,3.4020154975046712,4.284906142026968
77226,pop_4,3.259104875753063,3.101169519560055,3.050193292527631,4.498700007499732
77227,pop_4,3.119146974413544,2.8959700526269976,3.2733908489640635,3.83438824172021
77228,pop_4,3.0184367074141516,2.6390850288110874,2.8351293603918193,4.258197925977116
77229,pop_4,2.5978530373148145,2.3844207046804398,3.087950273693588,4.627714722265966
77230,pop_4,2.8673593458259914,2.789282479662928,3.2934479096040006,4.281350878342624
77231,pop_4,3.228477585407617,3.0596937292328366,3.1382256841221974,4.112689993852987
77232,pop_4,3.109138389427551,2.5117223255781487,3.149551708914117,4.439469653814697
77233,pop_4,2.7548611062340327,2.141415024491728,3.476214119121819,4.5081135456063395
77234,pop_4,2.649028100868661,2.8899698744657,2.8570695358278555,3.3713614572804294
77235,pop_4,3.1121360706138703,2.9136340543486665,3.299865064721247,4.299008690583543
77236,pop_4,2.804957380599528,2.848004025405369,3.0091388161514976,4.098841479354543
77237,pop_4,2.6988019483052526,2.9373091958912108,3.050087999789942,4.327419079882548
77238,pop_4,3.0137460953625714,2.9445335614930856,3.032507884309587,3.9525312125671817
77239,pop_4,2.8527581177903714,2.807433187699134,3.3157061762692153,4.5057859866160115
77240,pop_4,3.22142577523468,3.2233538343651396,2.9170468975826536,4.203862026465975
77241,pop_4,2.965196303332038,2.454462418924708,3.386180612093889,4.270447179985363
77242,pop_4,3.209246776135597,2.9821625145613444,2.6835572286259772,4.055640277424741
77243,pop_4,3.31510582647441,2.4964386154932914,2.993154527269313,4.209195389307919
77244,pop_4,2.7825672675241666,2.3050597120082617,3.49597702740822,4.447426637703549
77245,pop_4,3.030470479959192,2.797356973059013,3.5797626942784944,4.057945926198695
77246,pop_4,3.174328448685025,2.9084475804893324,3.2228784878764656,4.413255837195961
77247,pop_4,2.7406047305382475,2.725487615513972,3.053786380459437,4.07038922076782
77248,pop_4,3.144908962435478,2.4804996113918194,2.983510756356231,4.663657350231461
77249,pop_4,3.0214683491089542,2.827515256946181,3.351776420366076,4.460602990458769
77250,pop_4,3.3182961864352074,2.807519285578048,3.0782798597516807,4.643255909723745
77251,pop_4,2.969966474481336,2.885581710842461,3.473584002160522,4.347178291758114
77252,pop_4,2.8228120352744104,2.543543941862342,3.440271362660988,4.354388218825625
77253,pop_4,2.7524777047780082,2.2714011486241685,2.8839236609551233,4.307318668026467
77254,pop_4,2.811783568418788,3.024159331674998,3.5122890941296494,4.028809402751771
77255,pop_4,3.062651029695538,2.3836175406376463,3.2956799749182237,4.078284346307186
77256,pop_4,2.9951510164442836,2.9728026427803393,3.0607254448847985,3.980421494123079
77257,pop_4,3.076582407137208,2.506936884615579,3.0392296232259266,3.934725332421219
77258,pop_4,3.0195219165235443,2.9132361784804717,3.2402414747163326,4.057196122115174
77259,pop_4,3.1147715928240736,2.5135493996800804,3.341268233625406,4.273831894670917
77260,pop_4,3.0084940781852008,2.7001828167003143,3.115779579785214,4.3302767236760555
77261,pop_4,2.9420052619472594,2.458160856668854,3.2126189670426,3.8096621536854935
77262,pop_4,3.0204985359187204,2.307055691503729,3.4564408703669662,4.508549327123458
77263,pop_4,2.7772891354271225,3.0732299819063194,3.422295421362149,4.458840589689166
77264,pop_4,3.0659118923299866,2.553510846252628,3.4345066096997408,4.632647593337468
77265,pop_4,2.6687129450241818,2.516232752255262,3.440244421177766,4.517953883391362
77266,pop_4,2.8917679534440066,2.9588824393246043,2.763946064651294,4.33899662429319
77267,pop_4,3.1762957939599334,2.6062524379418286,2.979086078109621,4.810799794317047
77268,pop_4,2.9315458547908593,2.46845834357274,3.488623792100915,4.515081114631559
77269,pop_4,2.7230301796829868,2.5028612174737104,3.487036269951459,4.234032136051919
77270,pop_4,2.819309741815809,2.4648927012496773,3.1553276874564293,4.067361153662572
77271,pop_4,2.7909865503058016,2.8090012543455067,3.123855558597183,4.363973655305894
77272,pop_4,2.9978679443572696,2.6147781358936513,3.1630314613840147,4.511930606036344
77273,pop_4,3.1747766778192132,2.601189120808783,2.888196851420163,4.2581141701870235
77274,pop_4,2.7829343180703914,2.8441125744923452,3.470750445616187,4.797496173262502
77275,pop_4,2.8050610969601006,2.3036573840589543,3.1752643086109282,4.488766884786922
77276,pop_4,3.20857679525331,2.82602603200423,3.1244065823416043,4.158117083886352
77277,pop_4,3.287803320784293,2.3184014242576354,3.4234946569047033,4.783904351970019
77278,pop_4,3.1336270636965566,2.9719326887997024,2.907181884277059,4.214215429297419
77279,pop_4,3.1154625812809718,2.7195706392493393,2.966786972471533,4.242047417985799
77280,pop_4,3.066717060306513,2.739051243312882,3.0005038729709623,4.171230261250632
77281,pop_4,3.2769829672334123,2.773007080915271,2.9342381836911082,4.635467931268243
77282,pop_4,2.94993975138336,2.541916749083092,2.870377699360366,4.700006285584017
77283,pop_4,2.782710790749348,2.2247252861107714,3.528755634324966,4.788575898208539
77284,pop_4,3.142021892029466,2.50707480309983,3.241044228885826,4.085249423080059
77285,pop_4,2.7790265687732267,3.0021506146919186,2.932400291893062,3.859103616386015
77286,pop_4,3.2087766221450176,2.6904037511440424,2.9443115526056802,4.015939424425267
77287,pop_4,3.0726606366149354,2.79418666382849,3.181844571907096,4.42720872094892
77288,pop_4,2.7943807476069917,2.6611384754525966,2.9306809800484808,4.222760210297629
77289,pop_4,2.798164114787086,2.5225785180397287,3.4026019213266467,4.6333499016012185
77290,pop_4,3.082005171464851,2.7969073609570168,2.87896079429153,4.093062391444758
77291,pop_4,2.9268021378419333,2.6276220802069568,3.5216935190409036,4.284757102826374
77292,pop_4,2.9289406549179895,2.865791154614039,3.1198446645980735,4.454900863845599
77293,pop_4,3.0070732344664233,2.525207474676015,3.2817986045329226,4.595995001689504
77294,pop_4,3.2678649893265033,3.1980920015294463,3.0646170745517867,3.922987741016466
77295,pop_4,2.7313197610319153,2.773645378615624,3.3216561302295164,4.360737257396152
77296,pop_4,3.0669024386841794,2.5867900497192973,3.2266983439868886,4.069502654609968
77297,pop_4,3.4871180162157978,2.8416218894356686,2.836575004351834,3.9574233473942853
77298,pop_4,3.008609522246371,2.6410513339934174,3.030855966112596,4.50568532054041
77299,pop_4,2.864347126335774,2.7492666131289933,3.413505312999695,4.2202270444416685
77300,pop_4,3.0314375733313987,2.2982521788257317,3.1750901681107453,4.0288563289072385
77301,pop_4,2.6338285310738545,2.711941705518556,3.508426256806283,4.262749934349668
77302,pop_4,3.2756065562153416,2.6384047310334577,3.143210082595271,4.62718370126805
77303,pop_4,3.0681418136796634,2.68771131242542,3.3349921725081315,4.171819401445645
77304,pop_4,2.7726843752435215,2.6670688764914217,3.1937306095056988,4.4644740799617075
77305,pop_4,3.0459941250405334,2.7944564288252014,3.031834594626322,4.511620607418442
77306,pop_4,2.7908702588928302,2.6534284438092035,3.150534663077239,4.25132063111871
77307,pop_4,2.701376046405176,2.7694419462725324,3.018422303001503,4.5753971669658275
77308,pop_4,2.9458579964858647,2.6723013676670995,3.340855219300123,4.455036265749496
77309,pop_4,3.1556666868465855,2.537736069516191,2.5745024603574875,4.5688873230373925
77310,pop_4,3.119663922438995,2.755213307365852,2.870869846845439,4.451483054398804
77311,pop_4,3.5305686420077325,2.818771421916298,2.8163896952600265,4.106601721596114
77312,pop_4,3.5848270131775677,2.5841433040934825,3.2281834491083097,4.288637883152549
77313,pop_4,2.989209343516635,2.869884453852377,2.874213703459658,4.483499717658504
77314,pop_4,3.4412558586072595,2.6560471982176748,3.024170348073283,4.189842065334943
77315,pop_4,2.766018308206823,2.5288595946398527,3.4129630703697185,4.981898084106574
77316,pop_4,3.165489528716754,2.526123493849403,3.188901639297907,4.5211338503676455
77317,pop_4,2.8246476823827513,2.741463631534632,3.131701008170225,4.232330348385172
77318,pop_4,2.89226846139417,2.9773749656728357,3.231109974915284,4.128033034665414
77319,pop_4,3.022034148519932,3.057340363318666,3.380148973986426,3.9712394736709338
77320,pop_4,2.8824735942434834,2.7947125394556465,3.0405206667914437,4.010228953925519
77321,pop_4,2.767895983182103,2.6412010359553793,3.0099123226252273,4.3288926997351815
77322,pop_4,2.8659680850347913,2.8264751601933145,2.635867819773449,4.767041038981904
77323,pop_4,3.2231684458750287,3.090931128755763,3.4430891566062964,4.025593808906896
77324,pop_4,2.6763179441900427,3.041496311901098,3.0508964211923457,4.653786266801476
77325,pop_4,3.13678739123709,2.903957571584318,2.787194037503082,4.010097939463412
77326,pop_4,3.3376325346425717,2.6296343322286857,3.0861070133324944,4.399581636320618
77327,pop_4,2.594920778816499,2.418347356649678,2.838273302162622,4.281569238071196
77328,pop_4,3.2399730290300495,2.8212732558430247,2.9716821350606697,4.496101716629441
77329,pop_4,2.959593334973276,2.579852435399836,2.911950168253392,4.814022876218323
77330,pop_4,2.931660984337543,2.897973698718895,3.259775999542852,4.169362294065184
77331,pop_4,3.006280897679905,2.6963698547975365,3.4282403324725363,4.302835505380418
77332,pop_4,3.033754523727773,2.3527050400043787,3.2881184440994096,4.341092833891933
77333,pop_4,3.011302105182664,2.605729222038586,3.3248562226612517,4.3021086593417985
77334,pop_4,2.906140109298943,2.7018398806855033,3.236107687093438,4.69236563739361
77335,pop_4,3.147419752202011,2.5545483070998882,2.799615822000539,4.376927944099144
77336,pop_4,3.101279720829801,2.5846169025391643,3.340508965203221,4.349117476028454
77337,pop_4,2.7989219813766613,2.447492826702568,2.837381655932697,4.66812598683444
77338,pop_4,3.161345464880455,2.687425447537504,2.9843041280069325,4.238309435795483
77339,pop_4,3.0455488669987996,2.7807191481969715,3.034056918975203,4.272487975253761
77340,pop_4,2.682242736129388,2.4376336168483763,3.173142798506134,4.201433141355742
77341,pop_4,3.115029952539348,2.779144958815148,3.3138043142859424,4.131796669502918
77342,pop_4,2.9362713765548425,2.849284229355849,3.413894088438355,4.3686423060034
77343,pop_4,3.210921611456276,2.5166228634676417,3.062867535632457,4.385451542673919
77344,pop_4,2.8582443008204104,2.8001103026836494,2.87903917326728,4.400070149065941
77345,pop_4,3.0263394611036043,2.8005543399103243,2.8815674665809237,4.182081741714498
77346,pop_4,2.8801179723137595,3.311011365686791,3.376917770135502,3.953592419716688
77347,pop_4,3.2674973621240095,2.7880424502408494,2.663851974255198,4.266304166126114
77348,pop_4,3.3135364868081294,2.785955725791166,3.3926463010125314,4.275483533127842
77349,pop_4,2.7940675019637298,2.6442954569515735,3.409595500550781,4.174527322947487
77350,pop_4,2.968069816193126,2.885618835059931,3.02882551112992,4.188726608127159
77351,pop_4,2.9386771372910174,2.8050467574449596,2.773542597683968,4.1872321880770285
77352,pop_4,3.107461728017586,3.0650510878157986,3.0599093329925555,4.421511740661819
77353,pop_4,3.0645087520632135,2.653547652516369,3.2063169700061676,3.9546329587697384
77354,pop_4,2.887548139118824,2.904818085092174,2.677765528536469,3.827164091836576
77355,pop_4,3.269698947905129,3.010290178426893,2.7546211564647547,4.459934494676126
77356,pop_4,2.463394064586286,2.658912876476818,3.3159652958105794,4.267008508153325
77357,pop_4,2.825709804799025,2.8138259732194872,2.6309312347544007,4.117078220597075
77358,pop_4,2.92062498656862,2.7406304709282168,3.1331233870555213,4.21783373685337
77359,pop_4,3.312246775175762,2.6404207590260578,3.479892023294255,4.187069260672045
77360,pop_4,2.9513432497601335,3.03363219964556,3.1855138289401235,4.267758496215583
77361,pop_4,3.1464443425584725,3.057733103177401,3.1042670160175256,3.9814103826347957
77362,pop_4,2.7626436664760656,2.5817988279346564,3.304542688401857,4.321365164503647
77363,pop_4,2.916256696253806,2.6551656160535844,3.1694331033087475,3.954560392556065
77364,pop_4,3.0759177458399005,2.7139044755972557,3.0991624106238236,4.381230943996695
77365,pop_4,3.1004884619778714,2.6983776613902477,2.92506006044632,3.910093548848395
77366,pop_4,2.9135025824319833,2.5959188615781854,3.4622044882925165,4.407836064849988
77367,pop_4,3.0041499962034592,2.668535453880358,3.0816608213422563,4.46308313116094
77368,pop_4,3.152867713433687,2.720144665257928,3.305111972551467,3.9582180400592857
77369,pop_4,2.7839785929332304,2.6737050502820865,3.4942884175269655,4.287766302765525
77370,pop_4,2.9177899332914583,3.049135796305178,3.20489228883922,4.28863198937549
77371,pop_4,2.817899727444389,2.7575362302614206,2.9854515469614484,4.104473497839866
77372,pop_4,2.8694105510158425,2.682747927044143,2.72217744330733,4.16146102229817
77373,pop_4,2.6787068659102604,2.9933454093081218,3.332326326448818,4.087544652049385
77374,pop_4,2.9504499624592926,2.995670114100552,2.738534201524289,4.061202890603953
77375,pop_4,3.211290629246531,2.651450232690222,2.7802041571932907,4.482979032615168
77376,pop_4,3.052338270210686,3.093911500533407,3.0307016434931713,3.720479698359039
77377,pop_4,2.8054143294331384,2.3910703948363943,3.478313197667485,4.494884096334166
77378,pop_4,3.0283499149192408,2.744158056942986,2.6111435950063044,4.490210903052264
77379,pop_4,3.1110971147959985,2.928125722440966,2.850147040516781,4.008869494502593
77380,pop_4,2.8299294630606853,2.5760135960264603,3.3906499174755016,3.9805512148537026
77381,pop_4,3.5161868370521194,2.44992712566171,3.0653952756139375,4.571984191630215
77382,pop_4,2.995393223758183,3.1457355234361803,3.5549314887231325,4.06197407382632
77383,pop_4,3.008574327930208,3.1293526692088394,3.1054280102028167,4.275622618014479
77384,pop_4,3.0295212883683034,2.6845862884870555,3.0313253706192134,4.1677196276760435
77385,pop_4,3.1519984314801817,3.0125599050130916,3.1654602849183306,4.200044143208501
77386,pop_4,3.260517628253217,2.7887772773912722,3.2394873808244284,4.251057998642122
77387,pop_4,2.9704367810452035,2.7988257684225646,2.7343621404111813,3.974192364732534
77388,pop_4,2.7246749547948266,2.9104247174632563,3.220749999930144,4.354158525268439
77389,pop_4,2.8269253538680403,2.3593180677885193,3.525248153762448,4.615285137471176
77390,pop_4,3.1356963074629305,2.6375525849737094,3.3471069419511776,4.443510122722051
77391,pop_4,3.0036488305561386,2.2521686109905485,3.4744024122512194,4.637943701707224
77392,pop_4,2.921882361449132,3.1322962680262316,3.1674735836256467,4.1130228972323355
77393,pop_4,2.7752964159304567,2.6707883527951055,3.606525812295873,4.225698211268615
77394,pop_4,2.5895687313212785,2.8376183688182204,3.2541449644428004,4.565162893146291
77395,pop_4,3.378388893832188,2.6616818096185324,3.46954241525193,4.099984112766716
77396,pop_4,3.1099284546943324,2.857107876889329,3.205377198852058,4.31419340417926
77397,pop_4,2.800547411030728,2.6838704995226625,3.306130473145379,4.29902148304666
77398,pop_4,3.0991763091340374,2.736204778860973,3.227705811490584,4.50663472873892
77399,pop_4,2.9507701964800406,2.9499901580698458,2.918225002539869,4.73128237243496
77400,pop_4,2.8632982298367597,2.179827361108345,3.575498113136113,4.548413200896032
77401,pop_4,2.6986423296632505,2.6020066117603387,3.4087011340919755,4.233555817912955
77402,pop_4,2.9505770574322145,2.576297692713125,3.063748906522489,4.577458882101721
77403,pop_4,2.4657347316108242,2.690495905826914,3.4656179460778183,4.544892669526707
77404,pop_4,3.0847797946257804,2.690172185535017,3.071320005916841,4.590843055784363
77405,pop_4,2.9076441261692674,2.8753404692127744,2.9014618044913187,4.028550384421856
77406,pop_4,2.899797099116293,2.8940130215437097,3.423089094204267,4.229835180668328
77407,pop_4,2.937234450258713,2.691038350189815,3.126040520427785,4.704992307885561
77408,pop_4,2.900040355665729,2.8195264986207746,3.4064711617212335,4.556253706201765
77409,pop_4,2.9875586196046107,2.5686147105689585,3.3961629756421154,4.218958146572828
77410,pop_4,3.428471311045452,3.0219118619137464,2.8927862971227998,3.8795223240169787
77411,pop_4,2.5171852285696614,2.5470253473132956,3.630257082725352,4.360580819092748
77412,pop_4,2.964765847465011,3.100738801105907,2.9731791198872144,4.497666255411482
77413,pop_4,2.9424470518861785,2.7877383825098834,3.15093084851785,4.470976630075631
77414,pop_4,3.0300226416872045,2.818989566939392,3.5549857683019552,4.444020546335883
77415,pop_4,3.04484771886171,3.11286962186228,2.5262983304743263,4.131640081526717
77416,pop_4,2.9066528784799446,2.264738857924887,3.407460174036355,4.462748089418583
77417,pop_4,3.1530957322203177,2.914873251132721,3.2432827486746256,4.537591015645719
77418,pop_4,3.282274532475579,2.7035101252977745,2.8479007120737667,4.38012334455792
77419,pop_4,3.133727438649127,2.3917761271131064,3.339474748637748,4.6209112025614685
77420,pop_4,3.3642868915952646,2.92205478913371,3.307994545462876,3.5241779342832458
77421,pop_4,2.895868586995091,2.965211237888834,3.0997368375011702,4.1065706614158
77422,pop_4,3.335529016294815,2.826680440276444,2.929099850566979,4.069797033794406
77423,pop_4,2.715121769379267,3.2519719157528995,2.8103087842341252,4.287122245066335
77424,pop_4,2.9715619619218954,2.952097813411134,2.891547530700838,4.305842450945831
77425,pop_4,2.8411844399220283,2.3315901252424105,3.8375400167649367,4.260230469092102
77426,pop_4,3.248953015336305,2.6099819948061618,3.488981111895132,4.535271007691303
77427,pop_4,2.9070277580622608,2.9127203729238795,2.9439950760006353,4.214546339686958
77428,pop_4,2.890808446195138,2.511337133627066,3.176850952997089,4.1083380883556435
77429,pop_4,2.8806010641187383,2.654904714546374,3.3036010966853433,4.182262562363851
77430,pop_4,2.690130895509446,2.503504299029936,3.0632614066919466,4.2898097099748425
77431,pop_4,3.2054476993233054,2.585906166066634,3.2367769760910106,4.271300306549493
77432,pop_4,3.0624195517244046,2.8359641037490606,3.2165475604376166,4.232413442790142
77433,pop_4,3.190309292971825,2.7347706274956582,3.3529177374867656,4.444157167075871
77434,pop_4,3.334444493959303,2.8726547081798963,3.136169570779367,4.283216667115246
77435,pop_4,2.98125753125114,2.791954897018677,3.3505048244160083,3.9652435893975446
77436,pop_4,3.018554634633936,2.666595248817818,3.873071738708442,4.692949697847123
77437,pop_4,3.030956613153484,2.164568419341676,3.7820487737448123,4.965412342976251
77438,pop_4,3.0850176217561445,2.442212361156134,3.235709498588169,4.3464699785464855
77439,pop_4,3.007239230754442,2.582174618417083,3.2835174993235694,3.8946657139075067
77440,pop_4,2.5781540581257563,2.841972996181561,3.0136685065135627,4.085712914238727
77441,pop_4,2.6755096994759096,2.7848551210761348,3.334362486029582,4.417623279627989
77442,pop_4,3.0568081528397744,2.779543397687116,3.193115298954706,4.57595568012985
77443,pop_4,2.782045463189454,2.63856979605379,3.3910713008838425,4.44976239124009
77444,pop_4,3.070238126897127,2.9456314309439975,3.135278233270609,4.508972944191921
77445,pop_4,2.54937352454765,2.631481227364839,3.2079285906023722,4.396209680018924
77446,pop_4,2.8760068589111683,2.991082364883911,3.3546109517589753,4.329178899204354
77447,pop_4,3.023843618797584,2.6787123640357327,3.295749633709882,4.488913865968792
77448,pop_4,2.967874441793767,2.751648286714328,3.433161614193973,4.030552596074905
77449,pop_4,3.170816065353053,2.4758430323246867,2.8359888630194168,4.504595066216468
77450,pop_4,3.1524268808761278,3.156403373277884,3.1378184637803503,4.184844496613337
77451,pop_4,2.578590284942378,2.9334872652598034,3.731471696653062,4.105765499268082
77452,pop_4,3.2587640042204957,2.256143219099171,3.1236776116389042,4.554683720933329
77453,pop_4,2.9459952545055286,3.286351548665273,2.616007929470164,4.24773273392613
77454,pop_4,2.614107068690846,2.5848701149567623,3.292805965314749,4.026093637711779
77455,pop_4,2.919641313691223,2.7654987807375524,3.373591383720265,4.237325601805789
77456,pop_4,3.0296205086009267,2.979059168204827,2.9553345619800697,3.9585083832245367
77457,pop_4,2.9657218992969367,2.643878507461318,3.5757052744646307,4.422637882795691
77458,pop_4,3.4026094563638294,2.8885596888268674,3.3484595350488875,4.386644008816724
77459,pop_4,2.9076570786761486,2.662436469702335,3.323454205775318,4.169449519362883
77460,pop_4,3.0068303442692983,3.0640794557055777,3.238552864570527,4.3868497746668
77461,pop_4,2.7775685257408345,2.3089765672493674,3.256488261820902,4.6303361891519454
77462,pop_4,3.272566868539876,3.328260181828815,2.8551311610999615,4.747252171435197
77463,pop_4,3.3714554526833753,2.6991749124884388,2.3263827610136665,4.424688719828333
77464,pop_4,3.3009005865698486,3.317109987061271,2.696150224481958,4.2876508471169545
77465,pop_4,3.241418543967165,2.769015979296955,2.9482807744334885,4.270075813237101
77466,pop_4,2.9274385259444617,2.6880309721571876,2.5953435002763583,4.447746771193313
77467,pop_4,2.884842377847421,2.8092901083041055,3.0120749113173,4.527344783282735
77468,pop_4,3.0706093557021843,3.1234855267229396,2.4331504376807027,4.758847932547109
77469,pop_4,2.893854013822366,2.5043918241551735,2.5912753793728207,3.7850204280067286
77470,pop_4,2.879261121390758,2.9033293118630983,2.922124634493205,4.4691482593912575
77471,pop_4,3.154754249883589,2.5723830916094736,3.1996858075319694,4.084299211857532
77472,pop_4,3.0661685170913393,3.1705649728359617,3.043704715266636,3.9070962858779854
77473,pop_4,2.9001250059554744,2.7102377853935593,3.2239754534546248,4.245152254941994
77474,pop_4,3.069937081668148,2.919579064248477,3.1397747377660377,4.330513175903123
77475,pop_4,2.5121737480877724,2.9922529532899373,3.462094805074758,4.304410249233936
77476,pop_4,2.9932561219512204,2.7488084395174477,3.186052626458094,4.488182828935968
77477,pop_4,3.0512805998751897,2.8608793867912663,3.283080688195268,4.2625218299277625
77478,pop_4,2.8654555366060412,2.7090093244285387,3.3228792417894066,4.1716217724372955
77479,pop_4,3.0580314342556196,2.8406750060575185,3.1031942481308796,4.244515624631195
77480,pop_4,3.0895197913621972,2.7585963331246584,3.344474016259052,4.182777714443732
77481,pop_4,2.9205742458298927,3.0368883566779705,3.1382389166683033,4.388468314009981
77482,pop_4,2.9272669568255387,2.763836327575741,3.222758364405051,4.2828116191873535
77483,pop_4,3.1545174450745423,3.1263361757488006,2.725721091948805,4.219684145726586
77484,pop_4,3.254739104700297,2.7776998059267077,3.200196914071156,4.325607740350342
77485,pop_4,3.2006620973267235,2.473881308829321,2.7465806584864993,4.649752746811221
77486,pop_4,3.019456293530571,2.944779898681802,2.70764808245827,4.238806596378688
77487,pop_4,2.6944575116369833,2.684395056582752,3.405218037191942,4.128367114357884
77488,pop_4,2.9504846381555367,2.716887480314137,2.815973661141492,4.091148800945392
77489,pop_4,2.8648583898621207,2.514095072184095,2.8310159517169433,4.45492342914785
77490,pop_4,3.102845829087728,2.895460204201866,2.969350048650209,4.3670070798979
77491,pop_4,3.1141686932829833,2.751633679695945,3.2568549158202216,4.070786735814885
77492,pop_4,3.0491291681633377,2.405653068920707,3.250892997292863,4.750161820914614
77493,pop_4,3.1767803155560483,2.883169998991378,2.939646792389842,3.9145459040155344
77494,pop_4,3.4701315491256217,2.9808785724897326,2.77262583981054,4.045156641912049
77495,pop_4,2.888355421469679,2.0162851716944075,3.3467779366311654,4.698375071398048
77496,pop_4,2.9567961588950706,2.6750616114327714,3.206523739297745,4.228109734140718
77497,pop_4,3.144437469243801,2.57399496296922,3.0354568099967985,3.9988685541640767
77498,pop_4,2.922642877309806,2.763181775376574,2.8851603582217793,4.37413240166648
77499,pop_4,2.7941799823909106,2.8685541122075935,3.0374786954642152,4.316463136190008
77500,pop_4,3.085731082807405,2.545683125270261,2.97391478667495,4.212161612184296
77501,pop_4,2.9754723760384967,2.5743968815411136,3.3892757629109744,4.696532392270214
77502,pop_4,3.1061693575825093,2.769931527235083,3.3495638734825612,4.2484842851440785
77503,pop_4,2.974806473867004,2.636836711060329,3.400741712527534,4.371054253509701
77504,pop_4,3.1077615772572256,2.980563943773088,2.849761970668268,4.283477224480236
77505,pop_4,2.947387564620249,2.580583234391455,3.546862995691052,4.5837904877341344
77506,pop_4,2.7711815029950047,2.5297123726896245,3.1012016316430695,4.875170379218896
77507,pop_4,2.6452297725730762,2.706493998003464,2.7213631040042787,4.23915408524835
77508,pop_4,3.1159786894550385,2.3764376374393352,2.8328223628803135,4.216311135689142
77509,pop_4,3.1531105201453524,2.9644128223288995,3.092611007797004,4.184568422920552
77510,pop_4,3.146623531134729,2.750240666961261,3.2396679175228287,4.241591773470537
77511,pop_4,3.1891855948676664,2.9100443047676965,3.274263157642668,4.457566676175684
77512,pop_4,2.8670894424627154,2.763098208935472,3.116120047717124,4.667559680253499
77513,pop_4,3.130052411666327,2.76875780579424,3.1868381456266275,4.278709587820571
77514,pop_4,2.8021701044018976,2.8870592432771036,3.2920971672684005,3.919781369244906
77515,pop_4,2.896744465601642,2.743267432537013,3.1667932789304962,4.407780655778509
77516,pop_4,2.7119957585605885,2.906597588954467,3.1025891173696496,4.2092428276872464
77517,pop_4,2.6731557501499177,2.3727374319955428,3.1512658935180777,4.33253241576078
77518,pop_4,2.9181941522394856,2.556706068422373,3.258168661365864,4.303799394877343
77519,pop_4,2.8727647051525182,2.8270254466515334,3.1810790812974687,4.437728487515942
77520,pop_4,2.88843321292712,3.017847283812194,3.5512981181268573,4.7497612094533
77521,pop_4,2.8943371500496755,2.8659007314396487,3.3604505462949636,3.6880316289486053
77522,pop_4,3.2661892646471835,2.8389404878154303,3.0889181201328295,4.398135033515222
77523,pop_4,3.011351640435785,2.4644410190618786,3.255391296173254,4.283864916122129
77524,pop_4,2.8916776114919043,3.082794359640115,3.368586106910351,4.142630542757316
77525,pop_4,3.226626037894847,2.5532615745876743,2.7898938854034494,4.498005029510569
77526,pop_4,3.009363496374308,2.8028477446843665,3.2620375832533663,4.227734893619088
77527,pop_4,3.3887305155095837,2.7060289751700237,3.120607693141515,4.189623043202717
77528,pop_4,3.1474564756022336,2.7134141578381406,3.613731637181801,4.700415366874279
77529,pop_4,2.788243957034306,2.368191399282112,3.340489263363834,4.320784122256476
77530,pop_4,2.9733262839323773,2.6952091843472634,3.2097141034039565,4.150388305379299
77531,pop_4,3.1674634290535932,3.1247815269660304,2.864504605763612,4.2871955232830254
77532,pop_4,3.034465343024025,2.783618347851163,2.888363721262686,4.154467176096158
77533,pop_4,2.6612003560086785,2.7706498062199167,3.1169230972087365,4.574550471720057
77534,pop_4,2.9835629353913427,2.7734946182599103,3.322669663290646,3.9942250876910896
77535,pop_4,2.6822341888666643,2.213817886686729,3.608891408355716,4.62449669063507
77536,pop_4,2.9324794653403012,2.5215200478907716,3.1103079909688884,4.520125966392871
77537,pop_4,3.3268949858062626,3.010568724459978,2.7897015835893435,4.179083261193035
77538,pop_4,3.0835228363445366,2.6263425953316872,2.910908010116533,4.065158535649487
77539,pop_4,2.8988780860306256,2.5260112574136278,3.0143946931465253,4.190508968062032
77540,pop_4,3.0093011995018975,2.7328187316921317,3.065143701460742,4.362254182778634
77541,pop_4,2.850854447295091,2.712018664720165,3.575506389989948,4.593995286076277
77542,pop_4,3.0090733274174664,2.830752831003118,3.2320660438332562,3.9821817982288823
77543,pop_4,3.0228187001850735,2.538265901417289,2.7561839039540375,4.165224264091625
77544,pop_4,2.7970275864848793,3.027624985239511,3.055887651550757,4.174166553388842
77545,pop_4,3.258289268446979,3.0772606042742137,2.8570643491797796,3.9979480487352124
77546,pop_4,2.9108115927977245,2.900068646754031,3.4729382882026734,4.119120676275041
77547,pop_4,2.9460649082669876,2.8843937149447623,3.065175723433901,4.24778284308553
77548,pop_4,2.8595343695357527,2.4543126483164484,3.2240408324846497,4.604151750396156
77549,pop_4,2.7576463203007826,3.1430260477630365,3.175084980794325,4.27517138603311
77550,pop_4,2.922828905716566,2.4653193490754175,3.5202545971872468,4.7608304681740234
77551,pop_4,3.2810586982093577,2.655158921789921,3.033806749574459,4.3096798694012435
77552,pop_4,2.9676047165601096,2.931296705340456,3.4312603600761347,4.281429377068944
77553,pop_4,2.8230073694311635,2.233417346012588,3.271024998038366,4.664502474601793
77554,pop_4,3.282175746365137,2.8295219088408525,3.086482822248897,3.942305213139864
77555,pop_4,3.321554707312196,2.866357177784335,3.000909577163428,4.124627127828002
77556,pop_4,3.271610685504287,2.447596461474496,3.269932223765554,4.042223765402293
77557,pop_4,3.153788612630857,2.9389910879466146,2.8820255402133883,4.261073061750849
77558,pop_4,2.969086697873352,2.9082593770231906,3.08727765563226,4.296605876372611
77559,pop_4,3.049959030951987,2.659297132532543,3.072989224836217,4.369814460592686
77560,pop_4,3.0206295345802068,2.670875540925132,3.419110350271293,4.333538477131734
77561,pop_4,2.6235515232228455,2.7131782362230434,2.8721283402857245,4.5629031239761915
77562,pop_4,3.208385451611939,2.795604276343534,3.2774429866109065,4.394092349487728
77563,pop_4,2.7818571161422114,2.5756959015091314,3.321481905891192,4.380784421776551
77564,pop_4,3.093179364132648,2.731450369660116,3.066876090484144,4.333760925258865
77565,pop_4,2.8570566156196917,2.7945449758930594,3.2681642614601696,4.270360595009335
77566,pop_4,3.0191460930811203,2.5847607207647294,3.095298590940691,4.242616000372827
77567,pop_4,3.0948722603771417,2.335727166783415,3.2059859225950187,4.34118195813967
77568,pop_4,2.7600580349261428,2.8480024161633604,2.9638606284299276,4.848207551376357
77569,pop_4,3.219186264200317,2.9615760573339407,3.0901694873752708,4.425978754110239
77570,pop_4,3.2748007808841617,2.7385063345423384,3.14228624616211,4.580111601873351
77571,pop_4,3.020558438952109,2.8578983423324615,3.055850810796752,4.35092433797357
77572,pop_4,3.202935290797594,2.5556006139912686,3.5982310984221253,3.902689956228381
77573,pop_4,2.955903199138049,2.801288822981506,3.200990733028047,4.171887893923705
77574,pop_4,3.053367065241731,3.0191589893584427,3.044033908971075,4.01012821833135
77575,pop_4,3.1411292691679495,2.405577077701013,3.5387862749065784,4.517805395679575
77576,pop_4,2.3745135221221285,2.444854581041764,3.553776567017036,4.571135110455126
77577,pop_4,2.8827354807743446,2.6439265538571295,3.238993701802345,4.457448569012391
77578,pop_4,2.672231771345175,2.6097132110056127,3.5773898919519755,4.658419375375661
77579,pop_4,3.056337816593176,2.908985935873463,3.4877047857695636,4.301288253642585
77580,pop_4,2.933942960504135,3.004631471702066,2.982394701953052,3.953729605392258
77581,pop_4,3.0137276744718755,3.198329143406743,3.1086798426882964,4.059004741753068
77582,pop_4,3.172932368961523,2.62096302227604,3.343158929913339,4.3481726898337385
77583,pop_4,3.1495582104774984,2.6542335440530613,3.595190785461204,4.232625159585547
77584,pop_4,3.0161721770182166,2.180967331248285,3.002631577949422,4.35293788170065
77585,pop_4,2.791883366361857,2.6416993603875656,3.2582125758870495,4.865473529239605
77586,pop_4,3.329720593714164,2.4363594388232515,3.1185842685577487,4.143538448952098
77587,pop_4,2.904451801688483,2.571333976103711,2.8655268962134657,4.341199900808598
77588,pop_4,3.103592521230361,2.587846540488817,3.1380360044844937,4.369239434715408
77589,pop_4,3.007404061349685,2.915028020792714,3.0030778901572606,4.189332267695129
77590,pop_4,2.8693873972850295,2.826824365016801,3.3809939909437072,4.551223641191292
77591,pop_4,2.9625564700811085,2.5707550703525888,3.344633001568164,4.18202875051407
77592,pop_4,2.8146762803716725,3.050602436815753,2.7912479018474254,4.272817884415997
77593,pop_4,3.1812600683517225,2.55665125254544,3.2720590704588113,4.500498032875608
77594,pop_4,2.9175306129751255,3.0668988655099914,3.1438210090112273,4.22183514080485
77595,pop_4,2.86488872646445,3.2569630484438212,2.6465886409330706,4.50233224799281
77596,pop_4,3.132019350685661,2.72887497788514,3.0938092316781027,4.578396601618153
77597,pop_4,3.196624625076115,2.6526155465086467,3.152570149876144,4.621784051882042
77598,pop_4,2.9971652165161307,2.745690501812958,3.0305642491096556,4.1929984313151385
77599,pop_4,2.9204451920650034,2.504834093736923,3.0754169241279565,4.557828534379651
77600,pop_4,3.0122765972484298,2.8462522289150223,3.5048360545628916,4.247814596306328
77601,pop_4,2.828607029369328,2.652092964125337,3.145029063941986,4.043388344003551
77602,pop_4,3.1076433655748206,2.909485373854397,3.0318696344412226,3.9992757031783026
77603,pop_4,3.1704341875792617,2.6566678547863276,3.242450284863844,4.787680131991105
77604,pop_4,2.752746154877111,2.578930311552006,3.4000773204064014,4.321258413771824
77605,pop_4,3.029575515147146,2.544082495450511,3.19987644049321,4.575897925876404
77606,pop_4,2.9509844086614274,2.4926833037346707,3.290951093327332,4.497108553868143
77607,pop_4,2.810016591163777,2.3843181854613515,3.413720873090245,4.753689272807147
77608,pop_4,2.636899373712223,2.8535716024296507,3.105524712531503,3.8729123001542116
77609,pop_4,3.2347218356877234,2.5671415854576733,2.7172060423917115,4.057475669129094
77610,pop_4,2.903720394476542,3.0322688666259117,3.023780625567689,4.306440449248474
77611,pop_4,2.980216529855867,2.901309083570762,3.092338703355594,4.293520557664942
77612,pop_4,3.0730593264279187,3.0431544566947752,2.465352665234542,4.18011642015243
77613,pop_4,2.98745560686679,2.926775060224589,2.8785452584029056,3.9985221671052504
77614,pop_4,3.5039467279840837,2.798935695107671,3.1702553975890093,4.08733231973697
77615,pop_4,2.612548039656355,2.40605218882723,3.39502035442602,4.344019769777393
77616,pop_4,2.7149095715091947,3.193092803376745,2.993836769634741,4.475424151180262
77617,pop_4,3.088982551889544,2.7167281096651994,3.2860737483312663,4.361763171548683
77618,pop_4,2.8728250796438712,2.739872639231714,2.9880823971677324,4.302542445317717
77619,pop_4,3.060776424867576,2.6812738438811112,2.9044438824441436,4.594568581794524
77620,pop_4,3.0375329792213703,2.237667383071058,3.1837810654572043,4.616296411533607
77621,pop_4,2.7444894255535477,2.430075670029245,3.534940963245565,4.426965836777414
77622,pop_4,3.055199857498788,2.5784924448686604,3.381489400509823,4.236524726313521
77623,pop_4,2.554731839145069,2.559986660237303,3.2836453933121774,4.9980357760615135
77624,pop_4,2.8916953967862176,2.399177882540484,3.869974521422048,4.532375746826069
77625,pop_4,2.7736714571995584,2.197602323553917,3.4486738732065185,4.819733331742892
77626,pop_4,3.0792153554040365,2.8331745910800086,2.8717082858801906,4.267798989667361
77627,pop_4,3.083101294332056,2.7857854243685773,2.978106045205652,4.195217281667326
77628,pop_4,3.123965704892514,2.7785969246721365,2.6713563049113813,4.30936002503042
77629,pop_4,3.115327738025006,2.993522790755807,3.0072914387756216,4.304546807279829
77630,pop_4,2.9934335157503926,2.716329359168816,3.3050577759579367,4.117365357900263
77631,pop_4,2.923602184909265,2.9755445954633943,3.001620191363885,3.9455587435558335
77632,pop_4,3.2657520647223315,2.2603487534108235,2.7643018420841465,4.293819150690751
77633,pop_4,3.269744567114266,2.546728792811339,3.5074086469674786,4.261251268187788
77634,pop_4,3.118906915018195,2.393409714720325,2.9834514326119153,4.4205312587247905
77635,pop_4,2.412568673323765,2.4756217162820584,3.2069208404541523,4.447198606037008
77636,pop_4,3.1319894621653317,2.9204279160818527,3.091646740526959,4.439880868810234
77637,pop_4,3.197376728578767,3.0387615991172066,2.333169840059848,4.375643169179071
77638,pop_4,2.9683281239518156,2.5767492236134144,3.3259431207875405,4.624630077208165
77639,pop_4,3.241745863787168,3.1612899611018497,3.104524073548471,3.994261858594938
77640,pop_4,3.0577503862124082,2.696522021057921,2.866896745316239,4.504567236698007
77641,pop_4,3.0872875946294283,3.061143698917918,2.9058509986086736,4.030692963000943
77642,pop_4,2.809634820358541,2.8989054372778464,2.7199116048875784,3.8708878099684996
77643,pop_4,2.817336541515544,2.5719146865500453,2.730748201180031,4.343439718733067
77644,pop_4,3.495834313971862,3.0009931887036974,2.901019353228906,4.229300861176309
77645,pop_4,2.9513647795772204,2.954794435736068,3.3770410733456937,4.15621622605711
77646,pop_4,3.193415698331082,2.982564033253106,2.889454449429432,4.676014684613207
77647,pop_4,3.1297623691661483,2.4997058485273684,3.2371513438952606,4.244240969831047
77648,pop_4,3.3812965487570743,2.6884875072494885,2.748923937196203,4.630814914650481
77649,pop_4,2.905447124255047,2.2610824353965526,3.2311113665725757,4.240820526433583
77650,pop_4,2.784462210182416,2.6350708231858966,3.310607692691909,4.133594791192303
77651,pop_4,2.81655323818593,2.7808149916312463,3.329611324877421,3.9490851678977426
77652,pop_4,3.348071134682217,2.669536614471825,3.552906497764252,3.984267998245936
77653,pop_4,2.97519106999027,3.153714565859457,3.238786321170096,4.198339561945897
77654,pop_4,2.6540268928333495,2.6506382129591097,3.1520475833190256,4.199887102215559
77655,pop_4,3.353559625332996,3.173428512964277,3.2521896239772112,4.183696484721887
77656,pop_4,2.9239201300358575,2.585512458405436,3.1382312181734298,4.467243750966801
77657,pop_4,3.1136483499655196,2.4237772718963178,3.5598903064091787,4.225501725561625
77658,pop_4,2.820611737569461,2.615124470691747,3.0891408733609977,4.124278982160747
77659,pop_4,3.2726283839019352,3.172083042193172,3.222217459711838,3.999768982434867
77660,pop_4,3.4180660850412794,3.160018653332064,2.9809565084864835,4.2620529501591475
77661,pop_4,3.2401907363510802,2.8380386423946664,3.4672878747320843,4.317412296746511
77662,pop_4,3.3599670873895784,2.458830453122072,3.372943950824978,4.141786739923079
77663,pop_4,3.0522600685821795,2.1934422960315407,3.49016768304082,4.199710952242418
77664,pop_4,3.1686375751555618,2.421720953920623,3.006262456180088,4.521731503636187
77665,pop_4,3.1944450763113683,2.654300577206975,2.782286460981211,4.640026916154549
77666,pop_4,3.0629508716507736,2.6113202842343166,2.8858668416643307,4.385838137428842
77667,pop_4,3.1300123655863388,2.623721272300629,3.226543620743291,4.088631014923297
77668,pop_4,3.206642819954348,2.3802961182654885,3.1003389872645757,4.7646152990319335
77669,pop_4,2.7081852666571318,2.6683753025103982,3.8097124678277035,4.415807296069286
77670,pop_4,3.083157740734303,2.9141380621428383,3.0032544933497665,4.460337998706969
77671,pop_4,2.826783100018084,3.057151155510954,3.0703417563507993,4.258364770794551
77672,pop_4,2.8816067801251806,2.6973301064605177,2.9014083073770656,4.4161193529105045
77673,pop_4,3.167583037215426,2.8570069861135368,3.05445004860858,4.358025223275658
77674,pop_4,3.014336875027751,2.9507519118802663,3.2448748553276148,4.654196175009479
77675,pop_4,3.263579029610014,2.2607729532293734,2.63969651994715,4.400449539716992
77676,pop_4,3.4388093541868536,2.8199919953964967,3.1127461212821204,4.121774678803762
77677,pop_4,3.0955813335919196,2.9849424867725194,2.872629030799527,3.845334355327411
77678,pop_4,3.1102500832341056,3.0812316742479515,3.224946535119812,4.749563599571554
77679,pop_4,3.2824471159797026,2.9230793640237893,2.764355091949224,4.3406899921663165
77680,pop_4,3.0243602016236144,2.821560523020195,3.1333429904920687,3.7035433763064347
77681,pop_4,3.141747671400538,2.9623012364712236,3.291752732465879,4.542131793209945
77682,pop_4,2.767289748959628,3.079633572764058,2.9390706314418553,3.994693094826894
77683,pop_4,3.2189194713683205,2.3809724504379317,3.3839307435860095,4.351407099592114
77684,pop_4,3.2157206589178324,3.103508083541858,2.9738982720942393,4.413778537362
77685,pop_4,3.1841499968599885,3.033773059369799,2.9104800365348114,4.09913287738278
77686,pop_4,2.836971692787734,2.895154309537519,2.6235895900181205,4.34568921642215
77687,pop_4,3.3339638448979527,3.0557277024301754,2.6573183873857005,4.419950664268423
77688,pop_4,2.62226194203412,2.0924855829627544,2.8977737774869192,4.4033827963460785
77689,pop_4,2.985306611457572,2.98115083822311,2.7411049211006695,4.050045337741906
77690,pop_4,2.863878636360639,2.572003481468273,3.1891330789183314,4.358274220644046
77691,pop_4,3.0943503197377633,2.488321797581581,3.2225370238060442,4.5210827275172045
77692,pop_4,3.2206604054201557,3.0450887836061944,2.737168583058805,4.216674057491112
77693,pop_4,3.0777015197290765,2.8199347601335143,3.117513194557988,4.105697516476499
77694,pop_4,2.9416784129810583,2.584434743418323,3.2450370486882236,4.006832762729656
77695,pop_4,3.099640086644893,2.4693640351971395,3.4442208412384514,4.288486096244958
77696,pop_4,2.8718163146659133,2.965646439370504,3.0122142361982154,3.971422256292989
77697,pop_4,3.033910537900435,3.2100935232545367,2.9801547647833755,4.216466431558286
77698,pop_4,2.9423492818577475,2.51004238000856,2.863325890631221,4.355336600489326
77699,pop_4,2.7287348670078666,2.6385513688469655,3.4393267173930857,4.523974000118971
77700,pop_4,2.845941940481862,2.304317962335511,3.0245928013075836,4.2154601268087415
77701,pop_4,3.2132157407539754,2.7977769596130164,2.7854256601461045,4.146926814587814
77702,pop_4,2.7937303111376304,2.570441436253525,2.7047817303544868,4.13564533732247
77703,pop_4,2.9819750622587944,2.6154850854855765,3.5555940215311828,3.934112062253605
77704,pop_4,3.3600961102127433,2.3109089973334744,3.3434109835050565,4.359017065272033
77705,pop_4,3.070293842619949,2.6989643030723593,3.0184330262662806,4.151930956735297
77706,pop_4,2.803090724434804,2.8249725057985065,3.156979006759161,4.2645111887377265
77707,pop_4,2.813827408534444,2.7161700382690936,3.210688530140743,4.223601221366226
77708,pop_4,2.7268992955606928,2.628401978431158,2.9288969889582175,4.363847773355159
77709,pop_4,3.259970138842618,2.942810361300704,2.6860113090448703,4.108198122632162
77710,pop_4,2.306512564402373,2.7366906355394565,3.4774925569164834,4.3584201328462555
77711,pop_4,3.1297775160651,2.5446187510108147,3.1806388169138526,4.441320941958974
77712,pop_4,3.0890119747642815,2.385355296128429,3.374109312654332,4.146031601960782
77713,pop_4,2.9189802339036004,3.1874049647128824,3.008883001991936,4.076883626208246
77714,pop_4,2.8546081007176567,2.6771766456278816,3.1038714529739533,4.1572476615736385
77715,pop_4,2.938943378903311,2.500533351917948,3.33277011507143,4.494317774438846
77716,pop_4,2.9803385455626548,2.736738774438525,3.170141068170447,4.411579744060819
77717,pop_4,2.9109582276317463,2.641934888685196,3.292134935907985,4.742143439976675
77718,pop_4,3.180427316022157,2.9299803073219115,2.9784996037470117,4.108024123352002
77719,pop_4,2.8172568609990223,2.5685127622260073,3.534444658433135,4.39529090536606
77720,pop_4,3.236223349583703,2.1752779422558652,3.3623838773819124,4.417111929000654
77721,pop_4,3.068345007753187,3.1218514890961604,3.0222166390312517,4.038953922755366
77722,pop_4,2.933848169803457,2.591294849458435,3.295356301756717,4.3758335433448625
77723,pop_4,2.8026642288469024,2.789380961940809,3.2771577169317556,4.168546433922485
77724,pop_4,2.8580696814127124,2.9610290713479577,2.865120147461812,4.451451540928585
77725,pop_4,2.919493996010365,2.9126801724160276,3.5430196188138328,4.176942991969177
77726,pop_4,3.1181439456404383,2.6284046241208032,3.456506270642371,4.442093163662358
77727,pop_4,2.9724033689533895,3.1818359239754894,3.4484744189566436,4.012140703599305
77728,pop_4,3.141736762858218,2.6227234561151365,3.633806189738208,4.390803579222524
77729,pop_4,2.915529024244741,2.621257269753774,2.953354157875684,4.21248690200249
77730,pop_4,3.2862553633104667,2.9190875719967777,2.813592763132254,4.55103647962746
77731,pop_4,3.2033705085298108,2.929152052126836,3.000864297109198,4.33098051675068
77732,pop_4,3.275131940808497,2.6189095873856116,3.18516572762359,4.227055834491755
77733,pop_4,2.800420724347617,3.0767475936694226,2.9043108694945987,3.807850370248378
77734,pop_4,3.5040219986648933,2.7382831316970897,2.9843169857389924,4.012387075795941
77735,pop_4,2.9835635614123936,2.407109822601307,3.3307824126023093,3.9463441472857346
77736,pop_4,2.8232737303371094,2.54669091809262,3.301358036875974,4.158197624215914
77737,pop_4,2.8244791662074102,2.3610453429736924,3.6536271801123883,4.475201798637121
77738,pop_4,3.031770049147395,2.6689106265017752,3.05339931784291,4.097159745295658
77739,pop_4,2.871960315042356,3.017957881965772,2.646395139564233,4.1068380452283355
77740,pop_4,2.4085017024442297,2.6178510444529337,3.7706806167025073,4.4541846392911175
77741,pop_4,3.1789443162373527,2.735187908214537,3.1204610698030644,4.358105034146771
77742,pop_4,3.0980665545700496,2.5003957378324904,3.030344443206663,4.630425565345817
77743,pop_4,3.0635448699652854,2.864747245081351,3.1593055461893633,3.9467594274655102
77744,pop_4,2.8173020152087216,2.8132759568902865,3.1835950768602026,4.596742050792741
77745,pop_4,3.191699258271804,2.536036685000419,3.0475014325413476,4.250669027884786
77746,pop_4,3.3802989747946115,2.6309259412664963,3.0752853749210307,4.454387784777817
77747,pop_4,3.0018602278919726,2.6729471027474827,3.124832455167066,3.9244147031196577
77748,pop_4,3.095390831022283,2.566551581620158,2.888898922385026,4.384551343247572
77749,pop_4,3.022281070693317,2.568186118121283,2.9607969266917302,4.401497098407139
77750,pop_4,3.021022510285546,2.887132481583496,3.19942219491651,4.27509429687777
77751,pop_4,2.728856613218908,2.7795651860085817,3.276718289389907,4.281165722993982
77752,pop_4,3.096951816084198,2.6251709319129453,2.869973472412527,4.752603947797757
77753,pop_4,2.841188497387212,2.3801960042502293,3.1492487313080817,4.164235523007113
77754,pop_4,2.535329765370071,2.29253685479978,3.7062986537093345,4.068096244013045
77755,pop_4,2.8495029694963283,2.8589534124237486,2.8847857366503575,4.47392007911638
77756,pop_4,3.100949447816088,2.0067200661789815,3.7441473233060174,4.611345455415045
77757,pop_4,2.8097033846099735,2.7208378027148608,3.3653634181678203,4.135168160458841
77758,pop_4,2.7555940257060283,2.6225942124507324,3.3488947696415865,4.402555205211419
77759,pop_4,2.615973887704064,2.673664466337476,3.483543956050294,4.285191072775804
77760,pop_4,2.912264161609905,2.601683956617681,3.5081768451313105,4.530411905269625
77761,pop_4,3.0710709356209693,2.8841992349101444,2.528809857775517,4.342487372858177
77762,pop_4,2.890586227690998,2.6123197939036653,3.4091096561563314,4.000127430797853
77763,pop_4,2.818339995139727,2.574751300289862,3.093758320133655,4.364847316562871
77764,pop_4,3.2505859470623983,2.919865959268303,2.886555642236002,4.2534491302621475
77765,pop_4,2.8225637956746796,3.2943751820383866,2.787544213729425,4.0648689544212555
77766,pop_4,3.156637583363267,2.869365521308299,3.0947154027018278,4.138505508446598
77767,pop_4,2.971448955443442,2.9119485568673666,3.067614875989856,4.2237832249626255
77768,pop_4,3.007049625807933,2.583557758070847,3.2600628556627997,4.453496284394869
77769,pop_4,2.990596276297407,2.800989176497785,3.2327892776634384,4.526786715416123
77770,pop_4,3.4773789689085874,3.461760125336261,2.748612383700564,4.174301461343823
77771,pop_4,2.838635917586463,2.87977062752358,2.904450857331302,4.330617753722614
77772,pop_4,3.069878167417968,2.1968543621171492,3.287199745078931,4.557864957920077
77773,pop_4,2.4324950267432395,2.4039453296181033,3.1844628031049487,4.492747622027987
77774,pop_4,2.9730417599824444,2.865115574775782,3.1960215929409963,4.306566356770776
77775,pop_4,3.0562817600317262,2.6739749276636053,2.9556221282232285,4.091195619362736
77776,pop_4,3.065105486396049,2.457320631524655,3.076585725631943,3.870664465154988
77777,pop_4,3.0846925592875656,2.6974727047597,2.9791719265830907,3.7896968330701895
77778,pop_4,3.0869243960198944,2.7511527615924676,3.1057617378330833,3.999714981753445
77779,pop_4,2.9999315132126614,2.62949181692687,3.448672348825451,4.22970657965442
77780,pop_4,3.2097942997732476,2.9910129676787114,3.1294133537177355,4.530219956663931
77781,pop_4,3.369124746997615,3.0423085649446464,3.187726401927856,4.449005524132599
77782,pop_4,3.055843839783588,2.61444316481132,3.3134384906029846,4.317724565173485
77783,pop_4,3.320682867709597,3.097375589080409,3.21402722082889,4.318695033618651
77784,pop_4,3.044483958581626,2.7296377017487776,3.115462784587667,4.219553777108132
77785,pop_4,2.6795837726327583,2.119392372843923,3.7514300370900924,4.980453944955215
77786,pop_4,3.2376956908455146,2.61304763168408,2.8043719439049704,4.25306774542397
77787,pop_4,2.85164944326847,2.602750383268258,3.2210022447516082,4.356176954132606
77788,pop_4,2.9537018134312296,2.755644152999496,3.1591444260892962,4.1885050370917565
77789,pop_4,3.1592089562010672,2.6246400838607133,3.076544003644291,4.0583902536494945
77790,pop_4,3.016478536131146,2.5641059369758565,3.345930084006061,4.382425319573114
77791,pop_4,3.086311206364414,2.746963861774246,3.1267378006274855,4.082958891486536
77792,pop_4,2.698105983611454,2.7450142693033417,2.96263856984124,4.380513062358078
77793,pop_4,2.7622687718255166,2.093485600838065,3.2769318578002564,4.4144404370698105
77794,pop_4,2.9896940936813103,3.0041440486367312,2.6660589202189615,4.28501286066248
77795,pop_4,3.1078225029586095,2.835200632455581,3.406491069740109,4.655039299014864
77796,pop_4,3.5684969361575334,2.530956879023064,2.9037861394311686,4.488121831191327
77797,pop_4,3.006929036723345,2.544813529358412,3.4816421049333,4.194516937851847
77798,pop_4,3.0420175120778667,2.8148699387173672,3.0602088500782854,4.223377205756277
77799,pop_4,3.0134740668661633,2.509607037805755,2.8404423779993837,4.139928209083494
77800,pop_4,2.6415464668937294,3.0243661709005707,3.477671080000928,4.140120626622542
77801,pop_4,2.70852509764573,2.7966767220543463,3.1074469177963255,4.335690758491139
77802,pop_4,2.860361724374833,2.4093738402574463,3.1409122700304715,4.108691676198932
77803,pop_4,2.5221099292698783,2.1847810200940057,3.635086375720351,4.010282180824549
77804,pop_4,3.1692171504514106,2.597483846091217,3.2036581821804893,4.507253287395782
77805,pop_4,2.6603072716255047,2.8684962419780633,2.8483723003835313,4.188022063490037
77806,pop_4,3.0979901243157526,3.251440499892236,3.0983960561189465,3.9160526506599456
77807,pop_4,3.1150221453660545,2.806035335012837,3.1143356540802727,4.4330738019883
77808,pop_4,2.6360153196686764,2.5562391328064127,3.46012019359358,4.133142980611646
77809,pop_4,2.9874810753349292,2.257703823916063,3.4923118844435264,4.6347770987110755
77810,pop_4,3.1859879869336685,2.6743728064392784,3.003500325526758,4.30701476793603
77811,pop_4,3.5445768601709515,3.1141910886241058,2.64418816269978,3.9240945641491876
77812,pop_4,2.6837111500290702,2.4956578149897677,3.445798481733334,4.111385765491712
77813,pop_4,2.964697099904928,2.6475529534340176,3.124750307863489,4.250493083521868
77814,pop_4,2.765572365817078,2.8560759885918925,3.4121896342716918,4.087574771880606
77815,pop_4,3.014643341307726,2.3616353965096204,3.6700241077352262,4.730785779012015
77816,pop_4,2.7491362081302175,2.7407738102574775,3.170748144170348,4.591217961745484
77817,pop_4,3.1432776585790334,2.4010906039679103,3.1953947684489266,4.505385747648621
77818,pop_4,3.0546738977620227,2.8334354691123758,3.253227678501124,3.8982710025323413
77819,pop_4,3.188526388004292,2.936121473680128,2.7547239306429057,3.8067694422272096
77820,pop_4,2.838680336519872,2.8042762016845826,3.040297002182323,4.35569518579238
77821,pop_4,3.260194017363614,2.5412526697930233,3.298996147144547,4.410226181887339
77822,pop_4,2.749240196778285,3.165337437709394,2.8261889424958975,4.031431657829774
77823,pop_4,2.9554161338372844,2.7697792395169563,3.0949320459624126,4.028062407728349
77824,pop_4,2.94649289127938,2.4726320216940367,3.3024551591395954,4.268841905861946
77825,pop_4,2.66160813215681,3.0179391855609796,3.114220803771798,4.278800370567962
77826,pop_4,3.035799554516109,2.6793404693030998,3.04363837794365,4.01721118641597
77827,pop_4,2.9726525121923686,2.725781789704085,3.119864658785003,4.528883457935944
77828,pop_4,2.2211856422347553,2.2745152526440267,3.501547624779833,4.96777676198645
77829,pop_4,3.024248173222422,2.3650605373406695,3.3267400175099304,4.478466299445199
77830,pop_4,2.7123187688255066,2.7526866116240307,3.541263835360342,4.519919261806559
77831,pop_4,2.9280633115684256,2.513576373239788,2.661392220467956,4.311613545731187
77832,pop_4,3.1676206232533013,2.9880617922387387,3.261424806264959,4.719029925252539
77833,pop_4,3.0654891063451366,2.6578889415554636,3.150208228401594,3.738323102429976
77834,pop_4,2.605659389589248,2.931561544345573,2.978891510588665,4.420733943771042
77835,pop_4,2.991113859939316,2.9226127992057696,3.315757368898189,4.462126126780103
77836,pop_4,2.8608012436621935,2.867474509043487,3.1409425710018173,4.448095028830059
77837,pop_4,2.9143472236812826,2.4907059954257815,3.0016757805802823,4.4087404810973565
77838,pop_4,2.974600638304626,3.314610039198353,3.044641085237757,4.039480158248144
77839,pop_4,3.265651163944357,2.5639592297367053,3.2082832203953098,3.7373488192396236
77840,pop_4,3.0907000877338566,2.688535346687191,3.439800789831314,4.23219433094798
77841,pop_4,3.4410451150089134,2.761796782749844,2.907955658989448,4.478046886042375
77842,pop_4,3.1255434100791852,2.3380444106303453,3.5643273422664805,4.367278428219036
77843,pop_4,3.3394285973064672,2.79250906350103,2.4371448026322793,4.247407189820394
77844,pop_4,2.67492642948506,2.846487467672082,3.534241857605063,4.180114966513613
77845,pop_4,2.6460061195920233,2.996357519597708,3.0288028782750995,4.463286297780815
77846,pop_4,3.0547578094308445,3.065635534129411,3.1915859818261794,4.194733390589217
77847,pop_4,3.2818753893578014,2.50012251244629,2.7966529959285475,4.293557826180673
77848,pop_4,3.0278350259244355,2.4793054917768744,2.9394375750761035,4.056188531419796
77849,pop_4,2.930329188243283,2.629440752090987,3.1409547027360576,4.075225918216186
77850,pop_4,3.0790855131302353,2.5964672888105365,3.510596328822926,4.2874454504490185
77851,pop_4,3.1041562540096237,2.8135401993067166,3.1077282051021617,4.4041327881166925
77852,pop_4,3.297886264489591,2.927615053848314,2.8418076292895496,4.4521832764054805
77853,pop_4,2.654677491452179,3.1801412513660936,2.9726462946265384,4.156078012444649
77854,pop_4,2.9178613483087177,3.1534850916784847,3.0032724078118815,3.9660245774699403
77855,pop_4,2.9227269167320076,2.75931420403067,3.264805756614152,4.366626150806306
77856,pop_4,2.9465618699180074,3.1481218028570987,3.0742788059180146,4.247362063720412
77857,pop_4,2.9542242874478335,2.7721129533564377,2.923345463056977,4.253721425203561
77858,pop_4,2.7095688489891137,2.4914918971120477,2.9372617026629477,4.257636444858592
77859,pop_4,3.3651256654077715,2.834152116453783,2.930820844813609,4.187423872656069
77860,pop_4,2.929252334703545,2.534037979607702,2.8185295725660175,4.458937128134363
77861,pop_4,3.024310722982462,2.849068405501889,2.4504179348863735,4.480962064629276
77862,pop_4,2.9289278201170594,2.721328327586111,2.866726533009069,4.091501823394225
77863,pop_4,2.7986070782731294,2.5889270450931448,3.186002591174765,3.755440371950116
77864,pop_4,2.9612524630124963,2.5654177759594656,3.152557479618829,4.595465352441807
77865,pop_4,2.8933574752334907,2.391468398273102,3.37439550307214,4.240956130994619
77866,pop_4,3.1303941889014184,2.9197760588304242,3.3018343007880975,4.3813264774432925
77867,pop_4,2.836780133404121,2.4870650787124275,3.342877860430212,4.5810073837209595
77868,pop_4,2.884778010848162,2.5314028785868943,3.363472860954321,4.627753864674579
77869,pop_4,2.938084617332503,2.248160052620191,3.492624561405297,4.3119497983671
77870,pop_4,3.0912617576630894,3.145030834080712,2.438193450773049,4.080073108887484
77871,pop_4,3.1324536266722713,2.7462198484294107,2.9664846509139164,4.409372835672979
77872,pop_4,2.9139593899292615,2.903977071694532,3.2140403960596355,4.388458170851976
77873,pop_4,3.019232238288897,2.6647033940718003,3.2936030958564526,4.275565395720326
77874,pop_4,3.2801993238980733,2.894207468940093,3.466734547906808,4.115939085550957
77875,pop_4,2.8331852406828655,2.563208842657478,3.1774924961813253,4.62489081915783
77876,pop_4,3.4844203441385426,2.3356299271253063,2.9299766443764477,4.484957832447932
77877,pop_4,2.8069644675647223,2.5098636954678684,3.560977693943742,4.298000455755299
77878,pop_4,3.029801590375257,2.956150124313029,2.9580313224519026,3.9463642776602468
77879,pop_4,2.902903987507618,2.59755988583238,3.041637181579776,4.286354813348857
77880,pop_4,3.0848177034209487,2.8110081990007743,3.2032527093613976,4.689475950970055
77881,pop_4,2.9602136837501813,2.8115430714878475,3.7678332932792054,4.384351099463358
77882,pop_4,2.8442893696662233,2.8376417986400333,3.5513108692328577,4.407949357693443
77883,pop_4,2.91865485360104,2.928833096850185,3.080688229245579,4.398940480670022
77884,pop_4,3.0054392150769162,2.7650658614849397,3.3707275213203767,4.203165510638778
77885,pop_4,2.828479352019261,2.7928507073884132,3.0996795865633144,4.745987307880389
77886,pop_4,2.7074624019694733,2.865168188549263,3.3657264048699367,4.153415236334253
77887,pop_4,3.363950753580882,2.6484713171240206,3.211757885273792,4.02623101999909
77888,pop_4,2.8889163863847274,2.652455913323007,2.863312553073051,4.072573804955008
77889,pop_4,3.009451211440616,2.36068758026905,3.1063321030711752,4.53717543684418
77890,pop_4,3.092721731333761,2.703664217399527,3.3799773981475187,4.2979464485843355
77891,pop_4,3.301312793246387,2.831353609162358,3.156519944886819,4.373010951935144
77892,pop_4,2.9459013486767396,2.9762251414086403,3.2589263988392903,4.444819791317978
77893,pop_4,2.935078086797251,2.685154606715718,3.1833604894752354,4.2298915502012475
77894,pop_4,3.0431144004927844,2.73153827985046,2.9152413089704,4.355192403780483
77895,pop_4,3.3806637057594755,2.6729595329455744,3.032529637665019,4.450159204532661
77896,pop_4,2.8821111938007857,2.0117570400922458,3.582534220030217,4.585955696796185
77897,pop_4,3.5739708439219555,2.8898023222653393,3.2736392542377772,4.437190763863739
77898,pop_4,2.8956211269938175,2.9592351976631557,3.5545907703946167,4.134528657854989
77899,pop_4,2.853040507287404,2.2986398279244837,3.063385560736898,4.265356747639815
77900,pop_4,2.7318716689011766,2.9239401233402,3.1998219822393557,4.39934146251115
77901,pop_4,3.2426454239983986,3.007428781998693,3.1792474875965873,4.265884103288739
77902,pop_4,3.5758261669080715,3.2103919401566037,2.7092987660238776,4.157654689748959
77903,pop_4,3.02432636835032,2.600739768936019,2.956612051578408,4.103937865485802
77904,pop_4,3.110658543742058,2.445858329798676,3.0986809134310196,4.757861400759539
77905,pop_4,2.875462113656232,2.798549724170825,3.0352927471112783,3.921003361687615
77906,pop_4,2.6055104466452508,2.5103515096290887,3.2354856875528473,4.767531199046982
77907,pop_4,2.9512711789725397,3.039203313431407,3.0581257279036578,4.506707078258579
77908,pop_4,3.143786932301537,2.673029272906477,3.4017911053509327,4.495367594688494
77909,pop_4,2.5546602918146415,2.6560646678463167,3.8063190114529255,4.509624405628728
77910,pop_4,2.71695793608976,2.644185605099168,3.398904754973592,4.611812347667757
77911,pop_4,2.865343188290057,2.608855065015457,3.354310438238824,4.843849216549064
77912,pop_4,3.163958777178372,2.809909115080904,2.9969376183535688,4.0279796834960235
77913,pop_4,2.957266005767306,3.1244902267871457,3.251943608147239,4.05666409476399
77914,pop_4,2.8661677025711167,2.5292395390167566,3.2355517666791145,4.500416907310955
77915,pop_4,2.6753757600341195,2.664249854886903,2.856736858938035,4.496939827828074
77916,pop_4,3.172332410174234,2.5790024012043253,2.8459584736820243,4.277080170764957
77917,pop_4,3.0637072977910647,2.570550588335267,2.801132832790441,4.262286106679292
77918,pop_4,2.8139719721047953,3.4905459948360678,3.146667100284555,4.540684015982866
77919,pop_4,2.9918672367007733,2.5537958046819242,2.9838958791043524,4.078171330915333
77920,pop_4,2.8292817191186153,2.711823988054157,3.2825321801570135,4.347512045206374
77921,pop_4,2.876670312605598,2.918450481961659,2.7743185048933037,3.9623858579005042
77922,pop_4,3.18402955338347,2.906068552249786,3.2411807130175965,4.27852715758552
77923,pop_4,2.7689149404083806,2.7144577063545436,3.3669774789957425,4.59795848952169
77924,pop_4,2.942733541605754,2.404181059776344,3.370798207508193,3.967580243737288
77925,pop_4,3.0140135913511052,2.473791168966625,3.178999476488495,4.218123760745878
77926,pop_4,2.7981673160285423,2.845861970469009,3.4574093257476544,4.381134528855819
77927,pop_4,3.482380273626276,3.5229222325126126,3.0357410878361604,3.7700356077007267
77928,pop_4,2.721556525532354,2.5441486555305555,2.7137831731879927,4.038059310918713
77929,pop_4,2.806554915164538,2.879244935110995,2.8155563712810334,3.9289432963663558
77930,pop_4,2.9470603481724305,2.2469526253997403,3.0532813825357326,4.426070938205724
77931,pop_4,3.342817537876621,2.646441354521154,2.882260498957138,4.280368406834621
77932,pop_4,2.8299574094944324,2.558157346042873,3.0592979711750425,3.891396895966123
77933,pop_4,2.788934347096644,2.548677760555389,3.2379873483442405,4.62965611602714
77934,pop_4,2.949333478420867,2.605825025425475,3.331462716532784,4.320282178349234
77935,pop_4,3.067914189470373,2.453077751418811,2.716382764392718,4.741445273681575
77936,pop_4,2.8367003780984246,2.3530814772916835,3.094738367124607,3.8114666633221117
77937,pop_4,2.7938618535179085,2.3077896350692244,3.3390873635403335,4.20534071410856
77938,pop_4,3.058569762966311,2.9967843638963703,3.3199786394279993,4.197986070709503
77939,pop_4,3.1298281174552085,2.7251703607369606,3.146358547118392,4.150767393050319
77940,pop_4,3.0288962296354134,3.0650096352881535,3.5125795238647557,4.265826439347294
77941,pop_4,3.0207408862785243,2.5481988394691837,3.3150165546576176,4.260431606088321
77942,pop_4,2.97720752227046,2.534761200427829,2.9777661864082177,4.3171093232260915
77943,pop_4,3.070894911317083,2.7955358076454777,3.2741671934098595,4.333728601251613
77944,pop_4,3.1385088673395027,2.8609110653779126,2.7845430351458305,4.760767986407285
77945,pop_4,3.0634540932800776,3.0089757388998124,3.02350109164569,4.3764497142607715
77946,pop_4,3.161613575162776,3.1706453591981174,3.209589491295324,4.127790990915905
77947,pop_4,2.5656364000266842,2.632870877765229,3.0338561488235443,4.366223123905759
77948,pop_4,2.7962720246537316,2.9824592828367544,3.1764068959722227,4.365169161025566
77949,pop_4,2.9003118881885417,2.8001305541000434,3.308503464122856,4.3212965203834335
77950,pop_4,3.25601654373678,2.6604645320109515,2.895256972287184,4.34549670652698
77951,pop_4,2.6530678336116766,3.140195771387127,3.2482446932497013,4.416972128041909
77952,pop_4,3.231080264679461,2.645599642741027,2.773992655373691,4.317426855984823
77953,pop_4,2.8930696204776725,2.6057013213617517,3.240652593701334,4.30574423636751
77954,pop_4,3.3554373799156667,2.9141536416051284,2.8371976627640727,4.6534658292144595
77955,pop_4,2.9317698365866334,2.6027359174516347,3.3244189430605458,4.057663330222981
77956,pop_4,3.0510918250563694,2.671320004545143,3.123668208467326,4.282416653907513
77957,pop_4,2.963579145896985,2.877674324244803,3.3148201948402893,4.415895962504975
77958,pop_4,2.9340385418698984,3.0606806129469013,2.9744611883036285,4.385527961771235
77959,pop_4,3.0988337335187777,2.9817908658105514,2.8576960143510264,3.9555253158276784
77960,pop_4,2.4923676038139853,2.5700301188941954,3.0586724420812548,4.198530997723067
77961,pop_4,2.863090695390734,2.581687255251467,2.8776401770813362,4.371699007553503
77962,pop_4,2.7193491014137297,2.7834543147717437,2.876868127184709,4.222786488652569
77963,pop_4,2.7722680014927854,2.3872859286782395,3.4809322703937213,4.682895816703297
77964,pop_4,3.0116247583097904,3.065149624057216,2.698182275847342,4.147478087235291
77965,pop_4,3.23060902336913,2.5766690660425295,3.524965803914607,4.486304141437442
77966,pop_4,3.3736432560330454,2.5353796754457396,3.6529562528923365,4.260794175149542
77967,pop_4,3.051954309766049,2.805601364816681,3.297546467472989,4.239820885105891
77968,pop_4,3.1415631620493487,2.333471834798211,3.603725814415948,4.3229423819880095
77969,pop_4,3.079110760116996,2.8357611742100235,3.3409767677411275,4.15704771065748
77970,pop_4,2.5330535630557023,3.1623957585942573,3.158901881466286,3.8872980921991043
77971,pop_4,2.9388538301909923,2.7394639244085504,2.999508912690656,4.316765379515269
77972,pop_4,3.061877882527166,2.851568338389548,3.0832422407347932,4.917872703288023
77973,pop_4,2.8302902906199963,2.714377527481742,3.7273988098679016,4.6457874357769935
77974,pop_4,3.302698144663342,2.401928261669144,3.3971929560634826,4.111782948427781
77975,pop_4,2.87581126695242,2.660373374361602,3.726692515944111,4.123783694996931
77976,pop_4,3.0778016419958485,2.523078836445425,3.1614391743510315,4.06641281295624
77977,pop_4,2.9991407594368424,2.7377333009837987,3.3737399649322097,4.194844460612565
77978,pop_4,3.0400217347870955,2.554286185918595,2.9618643759483563,4.423138536535053
77979,pop_4,2.839015708440197,2.9644879799737955,2.8028459908339998,4.018996410237162
77980,pop_4,2.912720502186929,2.7222294666750244,3.169827932667841,4.331255074542762
77981,pop_4,3.1651563733207935,3.025933961024271,2.6701926508792377,4.4775246281913335
77982,pop_4,3.1917011795417096,2.781610413183983,2.6480733738240603,3.7502089622678025
77983,pop_4,2.8207674983373634,2.4737090965976916,3.5341481971091704,4.449753921874465
77984,pop_4,3.0310472874499315,2.680955467023268,3.1343955419177703,4.005987612960446
77985,pop_4,2.9740783608594703,2.5403823804529018,3.602102767526876,4.434882086637137
77986,pop_4,2.7405243612887817,2.5266932282376695,3.443564150958988,4.459429873708394
77987,pop_4,2.992585042909773,2.498827532302237,3.009729806792653,4.512705918298219
77988,pop_4,3.079997474005626,2.9114288545525233,2.7313119157660437,4.088396976577966
77989,pop_4,2.9727238429144394,2.651723230970067,3.5848782602874607,4.299795712771827
77990,pop_4,2.7575245575865117,2.187365814333379,3.795762883022705,4.607947181131393
77991,pop_4,2.7149071831288873,3.0709880328474277,2.961276637573384,4.949717230743762
77992,pop_4,2.9045714404703094,2.6271868035793475,3.251280118776842,4.4893266681380215
77993,pop_4,2.8075268058504608,3.014136994887765,3.544422871769249,4.018413286689367
77994,pop_4,3.3633377951481354,2.874816135682872,2.755077838591393,4.4073970532544235
77995,pop_4,3.3222074277343294,3.1097828693715686,2.630463454320409,4.485374149478277
77996,pop_4,2.8983956896855774,2.5314031756136313,3.3251125772893855,3.735992782484387
77997,pop_4,3.6682685355630955,2.9902858724378882,2.8085213804224414,3.9521248017415624
77998,pop_4,3.03135564312317,3.1300578291227623,3.3123560976879394,4.047328044458196
77999,pop_4,2.9953173662201826,2.4396422795226718,3.4350608562112495,4.118199827029335
