cell_id,population,gene_0,gene_1,gene_2,gene_3
7000,pop_0,3.6257011147533933,2.6463355661145798,3.3138290054849726,2.4418245208553646
7001,pop_0,3.8600424399724833,2.890505487924622,2.992046031750487,2.500659048257781
7002,pop_0,3.768958109646459,2.4696826361293747,3.2178265410533076,2.624364712636367
7003,pop_0,3.421495959610589,2.503775335860486,2.9500484111493677,2.7599823640904044
7004,pop_0,3.5198788067048548,2.3098591082318793,3.4044805169228867,2.235853623729205
7005,pop_0,3.395153077532608,2.4187000230715854,2.9818025960685204,2.7241736530513934
7006,pop_0,3.4116265051266113,2.6198675311371176,3.3142984446007486,2.5787038807280034
7007,pop_0,3.2013086386440213,2.972081410887688,3.3381190462279537,2.6609896283091254
7008,pop_0,3.603281491815827,2.3372264229547044,3.3485789005920714,2.2967819480860032
7009,pop_0,3.4323588891638637,2.2441075969023685,3.1353995590923436,2.463346950590361
7010,pop_0,3.8214193920950246,2.75663796028025,3.0182220919013947,2.2238884160597503
7011,pop_0,3.550302418003653,2.6502913559351624,3.0519238891929956,2.912160578281452
7012,pop_0,3.1256728061200962,2.4360908307301403,3.402511286256298,3.0029168813020624
7013,pop_0,3.389375540022774,2.6185134441527325,3.3417160508197323,2.3475152954039835
7014,pop_0,4.095672379773964,2.3357268361577606,3.37427352513406,2.6977791983145147
7015,pop_0,2.8631198306104717,3.0026557308104307,3.2111574485500007,2.9863138237913223
7016,pop_0,3.3504624475768714,2.665446797922802,3.115336254337617,2.3063470479561525
7017,pop_0,3.1675254677721933,2.6698033800061918,3.03947648012292,2.8910726643019657
7018,pop_0,3.1997122861044796,2.8101182237885363,3.0988389481297878,2.377510937043522
7019,pop_0,3.2460933018672793,2.650568318429023,3.462483082545343,2.507916639866788
7020,pop_0,3.8320218120068152,2.9009434876213787,3.006965437033137,2.1580276181715137
7021,pop_0,3.440241552350891,2.8461614908407324,3.3791327919234266,2.3416575644497715
7022,pop_0,3.4813824149066166,2.786223392810168,3.691098626196415,2.9228977280076096
7023,pop_0,3.299331556565381,2.851429189664401,2.943152827033999,2.8529535635870245
7024,pop_0,3.333746455716644,2.8356681916508704,3.254543628138358,2.911015964775034
7025,pop_0,3.2946707953165926,2.5993787430744963,3.33716485001388,2.764426425208207
7026,pop_0,3.639165961731277,2.055942950710808,3.605249813368223,2.7691548649628057
7027,pop_0,3.370963619517004,2.060256791731012,3.0664139321677757,2.5104260920717576
7028,pop_0,2.8567728949890365,2.708528700832494,3.0107139884135132,2.715829948268389
7029,pop_0,3.5595801353785594,2.8009529970383067,3.509418024639004,2.744064847792589
7030,pop_0,3.6020179044316816,2.283201843099337,3.5320860235911877,2.8001778155664536
7031,pop_0,3.9128357678209333,2.5928867488304066,3.065158944907685,2.4015322778214827
7032,pop_0,3.153343653044855,2.5240007233941584,3.128200078674716,2.9369441376196233
7033,pop_0,3.5157165562792914,2.6737262076339094,3.5155301110125565,2.8039927489392036
7034,pop_0,3.553979855009395,2.6323988075233817,3.2235826144013435,2.695776364608278
7035,pop_0,3.192892497898242,2.8574115889855043,3.2750161737308803,2.4718073504009004
7036,pop_0,3.5624866627301506,2.443085070679813,3.168269119882078,2.484635430305288
7037,pop_0,3.304687646924674,2.643481293697919,3.210832838152862,2.332933956730714
7038,pop_0,3.644638022397513,2.8514063406310055,2.968969063981752,2.6118014642664478
7039,pop_0,3.841437764417677,2.825983552028339,3.589379380960061,2.683508166233093
7040,pop_0,3.2706151196749005,2.388650828362043,3.248319198731209,2.6887739422356183
7041,pop_0,3.336334484527747,3.366468766898081,3.0080149687282023,3.0177414612044635
7042,pop_0,3.458378464773399,2.7517443878549352,3.4191125064029766,2.9374589183773647
7043,pop_0,3.508126392919838,2.538391226599641,3.154465942317065,2.285860411025269
7044,pop_0,3.657911687222905,2.429199970801351,2.9514558184988933,2.302052778233488
7045,pop_0,3.2524826759213705,2.980194226394792,2.9670256612398784,2.811666830992275
7046,pop_0,3.7855556683669507,2.541769275701163,3.7202395286531296,2.7711223934259666
7047,pop_0,3.329160351579143,2.6310700091251427,3.3140588314027513,2.126304267038768
7048,pop_0,3.3886487315397784,2.823876572975313,3.1599521807688773,3.0711016742361212
7049,pop_0,3.138390989877959,2.800242217290759,3.2670127536575793,2.3970327688858344
7050,pop_0,3.509833251048052,2.6027975428141645,3.2613396412234916,2.6404707518129413
7051,pop_0,3.6602626352143406,2.327751029842869,3.017836145685834,2.570134017423804
7052,pop_0,3.6031213503300914,2.4152474590150153,3.317677768021535,2.8023407996792593
7053,pop_0,3.3621539282955215,2.821879872378521,3.0854148277212525,2.565859240745582
7054,pop_0,3.4533935154739597,2.4361584293508103,3.6112389964408247,2.517786049153655
7055,pop_0,3.587604765174561,2.7949582337746928,3.3402065576472117,2.715108942040068
7056,pop_0,3.4585079891967045,2.6558843385647792,3.287019599335592,3.0427415248283003
7057,pop_0,3.620825102632549,2.754935126422933,3.0175318916753073,2.81353374003683
7058,pop_0,3.963417451454225,2.8301688600340107,3.3523169310054795,2.65687565290921
7059,pop_0,3.1590782445982195,2.8692622109521397,3.124727893001812,2.6102012965066255
7060,pop_0,3.539495136090644,2.8928294926057783,3.073212315916128,2.6873057655717805
7061,pop_0,3.5294771217665755,1.8471610289112959,3.0992112110420824,2.2987198040489094
7062,pop_0,3.2543141022224003,2.792136990297246,3.1832445890671925,2.1053941028364345
7063,pop_0,3.0256157361960327,3.381797617328405,3.0445017219227988,2.580421626100459
7064,pop_0,3.626237902024965,2.6379532272657866,3.043327109597378,2.7140380401214674
7065,pop_0,3.786486580255584,2.461488581166923,3.129247544510614,2.0830097154469533
7066,pop_0,3.396453372691077,2.4935356887580586,3.210237636663885,2.730157743025655
7067,pop_0,3.8293729672021906,2.511015335403388,3.122548298793281,2.087172231815163
7068,pop_0,3.530589131425405,2.51612352910248,3.257992715949284,2.297356926398846
7069,pop_0,3.424158847015001,2.583583781398789,3.3082791327150396,2.657818448774707
7070,pop_0,3.1165937204548553,2.481589602782925,3.368037971869282,3.1794446908672573
7071,pop_0,3.435441512798748,3.008335653677579,3.260803311976879,2.4835234131192885
7072,pop_0,3.038351045717519,2.7954756970574732,3.462195443439011,2.810635121878295
7073,pop_0,3.432903294406588,2.311247864243232,3.0746028581351434,2.8091370588245166
7074,pop_0,3.18533207268119,3.1329469373716616,3.094042674639018,2.5090108023896147
7075,pop_0,3.541931423179421,2.638358821098383,3.0279467644533584,2.614674224355093
7076,pop_0,3.20779450442236,2.4214049470283894,3.037356293563239,2.904255990103281
7077,pop_0,3.6292735068715927,2.7211826955635403,2.7844846303597754,3.0902311148736397
7078,pop_0,3.2394741212163796,2.5137289769604134,3.238321219199837,2.106908462241676
7079,pop_0,3.866906961654519,2.670892737212252,3.2745179694773205,2.5736125293837366
7080,pop_0,3.125551932903376,3.111492426482911,3.5456411690757674,2.412096353152571
7081,pop_0,3.238710863011691,2.2871168872537284,3.1977305870933153,2.525417911652767
7082,pop_0,3.473124102056867,2.6265605024871066,3.4409440142052445,2.8590965391738847
7083,pop_0,3.9973630330947576,2.989401571232551,2.7041927518868483,2.5576472537129944
7084,pop_0,3.0963841050747734,2.696377425452333,3.1619184560855462,2.6558413458332963
7085,pop_0,3.119643349269649,2.7691962802714762,3.188714797307571,2.0555557251535483
7086,pop_0,3.238467038389294,2.894692289941629,2.8929307763625713,2.810615145557526
7087,pop_0,3.0679084332000572,2.8052723515652147,2.9316585754264346,2.6500523736580397
7088,pop_0,3.3732057250192757,2.9977297079473346,3.3704900847168107,2.8303957930284347
7089,pop_0,3.419019631833788,2.516017226584228,3.1822177602890274,2.425255025728316
7090,pop_0,3.1538166417853484,2.6765065093365727,3.30875170480036,2.4924389814388905
7091,pop_0,3.4362622098956175,2.6033511470267063,3.408240281676298,2.419095416166303
7092,pop_0,3.293216731966165,2.637670111463763,3.4497436824858028,2.779925042324854
7093,pop_0,3.576333443810107,2.446443045789569,3.8456413635141513,2.559708494651077
7094,pop_0,3.372071269650652,2.852706393765864,3.2240892167450075,2.7709941460055285
7095,pop_0,3.8464118957455358,2.1840434241200146,3.110269523524403,2.2523479098768093
7096,pop_0,3.117717508554389,2.820889579827154,3.440553381050848,2.5812930200234923
7097,pop_0,3.3353171756137603,2.85339272281648,3.339373395542477,2.35674754972329
7098,pop_0,3.576242564145126,3.1386379892978833,3.2901277438886893,3.0035982561348753
7099,pop_0,3.354387723690373,2.9034286118951096,3.044194250228607,2.704877199152257
7100,pop_0,3.3014398027786522,2.7838993856463743,2.6463285434317005,2.485455821042655
7101,pop_0,3.6899973152596033,2.008054005297143,3.2262059322688525,2.6767780927027727
7102,pop_0,3.30782524224669,3.078175906060027,3.5213942592739613,2.68918962908701
7103,pop_0,3.515897741526102,2.4466942438479506,3.3924808361995877,2.753802012311867
7104,pop_0,3.1416329628639,2.5597390211994586,3.302972268210986,2.7129344248473477
7105,pop_0,3.4764798815943654,2.6315753762235516,3.7009016626589397,2.583308298665343
7106,pop_0,3.2801113426927024,2.3622301275068565,3.1198846422247053,2.584048743720258
7107,pop_0,3.5494173336958106,2.573011629653225,3.409735836056132,2.8781325489345306
7108,pop_0,3.935153703798275,2.70605422014078,2.8325805203790244,2.390555884382512
7109,pop_0,2.940192399262729,3.0575840434492094,3.13827086786602,2.687054070867163
7110,pop_0,3.3068036382857717,2.6206999857615894,3.409541915083021,2.8544095161820118
7111,pop_0,3.516538900119582,2.593493304948104,3.1068197213302073,2.7597072975924704
7112,pop_0,3.6578020113905074,2.4607714450535947,3.143582853907423,2.3459425640773124
7113,pop_0,3.3301385221116826,2.434908668367803,3.7814650652882444,2.3447578399561118
7114,pop_0,3.3527805136989066,2.8993763689988805,3.0912667148084587,2.8514167990501225
7115,pop_0,3.800898499862729,2.6877219314741705,3.026054766843359,2.523248356610453
7116,pop_0,4.020067467129755,2.0338270648465326,3.2743942882017363,2.6241329068095274
7117,pop_0,3.79916652337905,2.7321239757330114,3.363832528233416,2.231973110789574
7118,pop_0,3.1983602026773803,2.453913503008623,3.1352567484038856,2.612991316313172
7119,pop_0,3.7193077544245514,3.0308442056028952,3.417580500572063,2.514154142605666
7120,pop_0,3.5846705551782154,2.66967171439872,3.5299563551358886,2.5827371501939096
7121,pop_0,3.773072803410714,2.3273364018674574,3.3531547461588893,2.7654141957817684
7122,pop_0,3.162180765685455,2.4458585845739917,3.328515440715657,2.5967159504140023
7123,pop_0,3.1751572562503387,2.8800446899986434,3.62551398771933,2.652982031568815
7124,pop_0,3.76533053910024,2.58571956692582,3.5347031349197318,2.695859617676677
7125,pop_0,3.632286719477017,2.6207323300665823,3.462392150199752,2.4492513229020334
7126,pop_0,3.7990117706153566,2.7469133965854478,3.3448977186068873,2.407874762966072
7127,pop_0,3.4252075714280465,2.628643896693902,3.171067256972052,2.7008384317876604
7128,pop_0,3.2938140826532987,2.5178948635252074,3.263840435205336,2.457836844644115
7129,pop_0,3.4647361761646973,2.687325194687203,3.392816714643904,2.7392087936025127
7130,pop_0,3.571999268876489,2.665677838272727,3.075534197100864,2.6273152685299808
7131,pop_0,3.404067585729847,2.5951613762509593,3.352837076139026,2.627671837326303
7132,pop_0,3.4546139939235614,2.626581088559215,2.6187250089296104,2.4795794955136774
7133,pop_0,3.9074726682178813,2.4881435792127724,2.8657020808862046,2.7354539490481384
7134,pop_0,3.5576185523861636,2.9195165015171765,3.3541001728783244,2.85927562917761
7135,pop_0,3.3210777854670734,2.6188380294735993,3.385359317202629,2.7198380426350712
7136,pop_0,3.3619627095147924,2.4228772759337835,3.261022450917971,2.411427036189304
7137,pop_0,3.3979652089841395,2.804816568669978,3.279214918648442,2.6780437108097095
7138,pop_0,3.442691819506704,2.78617698419377,3.234325356243349,2.8014378568396077
7139,pop_0,3.456401362755467,2.4994406894073795,3.059103630133939,3.2128839565729934
7140,pop_0,3.5423037226631227,2.4982361371469857,3.3366016171191037,2.8127323596275633
7141,pop_0,3.896769294775977,2.4205793897547854,2.9665072235143515,2.145877390109663
7142,pop_0,3.537637569095837,2.407630541351531,2.9352057087184393,2.894043000938738
7143,pop_0,3.508521783542626,2.3619607569399506,3.4337442879664537,2.2464811190786316
7144,pop_0,3.4093439878929983,2.409640956637,2.8662986310363814,2.839030618698576
7145,pop_0,3.166798312840438,2.587220458158336,3.154028614223297,2.7596958833886336
7146,pop_0,3.4104374144656324,2.5119655590127,3.04768413580756,2.5571611200077
7147,pop_0,3.4570049768543996,2.5173196402298066,3.2488247802313794,2.4445144934828176
7148,pop_0,3.5895813871726587,2.594786192972847,2.829306945932431,2.354036132625492
7149,pop_0,3.3458738309458034,2.930178497423405,3.030140699717473,2.665680820555357
7150,pop_0,3.2314291096685848,2.4506172863977396,3.032586752984494,2.5823299828647603
7151,pop_0,3.161089625362669,2.8956658433268228,3.1882632647997524,2.363318145220827
7152,pop_0,3.529731995948754,2.6129407018638893,3.652232287931702,2.75650154918262
7153,pop_0,3.1484597596322916,3.0105091506980868,3.153435782288144,2.964592530068562
7154,pop_0,3.232545227488855,2.566716705966471,3.3946508834604163,2.3822335766440808
7155,pop_0,3.529064170358079,2.757444951759927,3.17150687664115,2.4915236275366976
7156,pop_0,3.013168674533378,2.617848089694613,3.1643764025888106,2.2832201848018716
7157,pop_0,3.2549019837618482,2.6619013596967442,3.460870231455537,2.691255827726026
7158,pop_0,2.9344892454659726,2.802591822690796,3.5058874099184196,2.5041823265272427
7159,pop_0,3.8889739864633612,2.827816992530357,3.0804562811762812,2.7113425247001466
7160,pop_0,3.310888732414436,2.738379429186998,3.0508870282627663,2.4146186938687606
7161,pop_0,3.592470134773989,2.7074471213719433,3.5311281016137377,2.2752445730784063
7162,pop_0,3.5016483163019023,2.512248515956616,3.388632229272386,2.339196887770672
7163,pop_0,3.2849823568046026,2.888099949353985,3.3949946849090646,2.3040273323167613
7164,pop_0,3.44368813793386,2.7098005229276683,3.307602704379938,2.729198876987602
7165,pop_0,3.3444019423476647,2.5553823550959125,3.2998837378771078,2.825782142516474
7166,pop_0,3.904347034564148,2.406509930881028,3.0513811183199215,3.042648299871134
7167,pop_0,3.1229447861605455,2.777290113774891,3.639705617044789,2.4520904896845894
7168,pop_0,3.2819438633589706,2.505342434247111,3.3683584901726222,2.58111102342734
7169,pop_0,3.2245264171323305,2.8945929633033183,3.3983792183022867,2.5101711252288155
7170,pop_0,3.825793626611935,2.283317343016959,3.210164731419999,2.2740477528129546
7171,pop_0,3.532719327942854,2.949911423019109,3.0868384404774067,2.2996683525972306
7172,pop_0,3.1097471783392927,2.8109369604061727,3.0453183718345875,2.8060145864365813
7173,pop_0,3.288630002856711,2.570217151595356,3.193270524332806,2.5149293102059733
7174,pop_0,3.0228815759196372,2.6494793477601433,3.128895456763742,3.132492430076311
7175,pop_0,3.995555304783377,2.4733664120821874,3.082565628429318,3.1935890295672484
7176,pop_0,3.7381243575517695,2.976004712371729,3.20642233075545,2.5395210939653188
7177,pop_0,3.1699484539102007,2.7118774698062587,3.1153781501656748,2.5744967844377125
7178,pop_0,3.022201299745062,2.7929963586459,3.153194346485476,2.642650952039978
7179,pop_0,2.926923654341125,3.1000815441208864,3.295516810335044,2.5293731760800697
7180,pop_0,3.650812825190514,2.733966002111821,3.1961749514022113,2.710882927401033
7181,pop_0,3.2770156600186233,2.637204119403042,3.0765237001189547,2.1458095696527453
7182,pop_0,3.1609900408476754,3.0462133505745275,3.2549250971986665,3.2100145888487166
7183,pop_0,3.4561385222261376,2.6522473522011585,3.3777740455614995,2.185591538016614
7184,pop_0,3.163847594768733,3.0676444861935117,3.204228907075125,2.7587162763973083
7185,pop_0,3.368821074138985,2.576265901356157,2.902982200345752,2.2466782935926006
7186,pop_0,3.7155433835236877,2.7663777819006024,2.9050773826786456,3.035063075898691
7187,pop_0,3.7089002239758013,2.386303626931668,3.382934451166904,2.539368447166039
7188,pop_0,3.998070833986769,2.444092835028452,2.8291292607235627,3.088376404012385
7189,pop_0,3.4279610517504318,2.377942911055299,3.1406723203250224,2.589020562812046
7190,pop_0,3.3937204387814464,2.8248451160462476,3.3743876014331047,2.4801136099600476
7191,pop_0,3.1024315514302994,2.783440137456265,3.630464679820238,2.6387527770659434
7192,pop_0,3.465705852702636,2.496867396842982,3.866901809544312,2.728121648677189
7193,pop_0,2.989679238535277,3.126972725567588,3.0693472325691418,2.78704562800724
7194,pop_0,3.112793665158489,3.0248833613627606,3.250138644454297,2.495559962884843
7195,pop_0,3.0266205595820854,2.8753824134548878,3.691758690326428,2.6047270826637376
7196,pop_0,3.8443734713254374,2.1706299819417563,3.0625597027897458,2.619258132010016
7197,pop_0,3.266776265408582,2.7704059713416207,3.1192895571805708,2.919271038350167
7198,pop_0,3.296450212085544,2.8044070352482864,3.229405070784478,2.7796350490299906
7199,pop_0,3.4799249123014007,2.715148773945834,3.5192058391337606,2.658454752378491
7200,pop_0,3.320891338689676,2.557792276987258,3.3610426400760933,2.4836093287760166
7201,pop_0,3.258287477255014,2.7265732349133596,3.131962329937772,2.678828120878549
7202,pop_0,3.5427406618610218,3.0318393253147935,3.100535217236785,2.544746709509875
7203,pop_0,3.2369261630947985,2.730324093786042,3.266889410353667,2.785613273279566
7204,pop_0,3.330737833580493,2.6416072776370307,3.687844218338517,3.0756263237529695
7205,pop_0,3.5816232778036032,3.0958688669633894,3.0737913494309503,2.7180556732975756
7206,pop_0,3.5321645206148484,2.729408377792278,3.813945708338191,2.649432764638269
7207,pop_0,3.3915946803577097,2.5852703614297643,3.4000412257416865,2.6844072851384886
7208,pop_0,3.8064527470660257,2.716391195443779,3.1817169295401997,2.2141980183709693
7209,pop_0,3.315757144783293,2.313772648430127,3.4326857293896027,2.8509767019868275
7210,pop_0,3.307028210625114,2.6491015061535657,3.3636115761456455,2.563931736071725
7211,pop_0,3.8231380988296912,2.111045663599268,2.814868164900688,2.6964437641047203
7212,pop_0,3.8399090350002476,2.594691978671787,3.1234436105996677,3.153574763360212
7213,pop_0,3.3547107333495276,2.9013525632333086,3.2044061858287365,2.7599828545203455
7214,pop_0,3.507203753725861,2.729624397758237,3.28014780019901,2.665028659141985
7215,pop_0,3.0437238771367707,2.5639218600391556,3.3354509186412504,2.749803049145153
7216,pop_0,3.480813427584994,3.2101049839482187,3.3405045801372695,3.0352525923065277
7217,pop_0,3.318941061562339,3.29953341635385,3.430393595208071,3.479720420023218
7218,pop_0,3.8201712009760653,2.6934755873601386,3.7482057778294613,2.325314298837328
7219,pop_0,3.2809905821963485,2.642604056037452,2.930320990062972,2.7232274861485952
7220,pop_0,3.018785227045365,2.865088520823773,2.859366589206884,2.6803019431088444
7221,pop_0,3.2325476273357805,2.784805298753564,3.0839547266038956,2.9363399617568535
7222,pop_0,3.6627910476879904,2.806920453409955,3.4080186353754045,2.6683465362273484
7223,pop_0,3.878078661800501,2.3440637780781177,3.532938309141699,2.4061669828810355
7224,pop_0,3.117503001998034,2.7008073658933944,3.1216659679501495,2.5598810261955784
7225,pop_0,3.0116109075049926,2.993306209240774,3.4543693279381094,2.066165699454124
7226,pop_0,3.7285781645027805,2.6539405829713614,3.366436191718679,2.621998217998177
7227,pop_0,3.410621459383866,2.8389569187362933,3.040846695936616,2.5677784716825407
7228,pop_0,3.3212539712995954,2.6196600094438995,3.1385387947851027,2.6936090974150613
7229,pop_0,3.83180875597715,2.825270304635007,3.0608364076914625,2.772676035406568
7230,pop_0,3.7726446563323477,2.8411855380959876,3.4550816958910664,2.586138675215423
7231,pop_0,3.3739398619134606,2.7144401627210604,3.585956024514064,2.63530924437496
7232,pop_0,3.4778842269563564,2.9063087262874783,2.6994618594279673,2.8098920108168346
7233,pop_0,3.0860401342502968,3.0175225303212914,3.077268004986924,3.0568072243444715
7234,pop_0,3.4247918446101977,2.293738510391835,3.1594242695085164,2.704370395667231
7235,pop_0,3.2349087720854977,2.90916498550866,3.399242344403346,2.8625406960032183
7236,pop_0,3.3751994468221262,2.3875906415875545,3.1895350266124947,2.720872228797608
7237,pop_0,3.9817052209820987,2.847410788549416,3.440989947257272,2.4291412500138785
7238,pop_0,3.185875742270338,2.824950678312082,3.243798370039918,2.666782348929619
7239,pop_0,3.574724817343026,2.7157852256645496,3.293063620394376,2.6670678350289165
7240,pop_0,3.497518985210342,2.682112764732938,3.3436391213428402,2.569198359293293
7241,pop_0,3.4921289275230274,2.624457726683945,3.133142373145114,2.6039589254417406
7242,pop_0,3.2094949730873847,2.4916990081129935,3.2970190698549766,2.584750253319721
7243,pop_0,3.4794692552958435,2.775377387436721,2.855468257623539,2.813697711905663
7244,pop_0,3.5716711642181993,2.4218112348897507,3.4335215351592137,2.4449841144469513
7245,pop_0,3.936730084024015,2.5633393142024956,3.76108986817941,2.3336183554622068
7246,pop_0,3.108822891618945,3.3401491930735503,3.0978236174550187,2.490483556694946
7247,pop_0,3.1750726730588257,2.4654265242802373,3.274033408087876,2.9023446150473506
7248,pop_0,3.726619171226875,2.5122741345848327,3.3441494919844272,2.4915080703538397
7249,pop_0,3.895707913597345,2.4409984593822824,3.006224546394698,2.5111284795413544
7250,pop_0,3.338979185173546,2.6400270120596723,2.865553708019856,2.680033439643298
7251,pop_0,3.1749421051184754,2.678065872884353,3.726823413565039,2.5910317080696372
7252,pop_0,3.052406939732491,2.6292066854383167,3.453543854322065,2.8275174298174415
7253,pop_0,2.9760950364930707,2.584709803818136,3.1063475900055484,2.4162509092606888
7254,pop_0,2.9678098797291868,2.8796884160523115,3.4849928145476943,2.381192027347849
7255,pop_0,3.515756573370382,2.554068567060982,3.1459989979395573,2.4815867811238728
7256,pop_0,4.073947469621038,2.533086700074637,3.116397492712995,3.148678417014426
7257,pop_0,3.560179650113322,2.640922095147813,2.33519011916762,3.0024500790754116
7258,pop_0,3.4759531441634866,2.8160687950161294,3.203139488782914,2.9955064540283605
7259,pop_0,3.798755822894416,2.8334775646997317,2.888489276473486,2.5154375561089606
7260,pop_0,3.7231159376365097,2.397645284205331,3.0662981891247667,2.3273293011914604
7261,pop_0,3.4269176630094775,2.2794498299107353,3.4156259069856167,2.330501025899392
7262,pop_0,2.792475433236827,2.7932205960655274,3.4723693908642894,2.730396201885625
7263,pop_0,3.5619201462985366,3.016557684326834,3.352550395360411,2.3910162074975276
7264,pop_0,2.975075891238249,2.9674893209042263,3.402760368054082,3.188269244557519
7265,pop_0,3.2287656366520388,2.0959295499551076,3.1344144079616525,2.604926119901997
7266,pop_0,3.5743557058704947,2.7329553046680477,2.805733055066117,2.6156835028755308
7267,pop_0,3.3101013968854733,2.414414835924605,3.3300027711273246,2.9360553870141106
7268,pop_0,3.812598456889083,2.7104092513917184,3.629206322398803,2.4371146656013685
7269,pop_0,3.3406851169190066,2.317133347533669,3.452184056350394,2.72991705284521
7270,pop_0,3.4580962679043425,2.796876621924655,3.2080511242273624,2.508543111838383
7271,pop_0,3.4066592869691252,2.136631687358795,3.072802971904483,2.32404712651903
7272,pop_0,3.6128579404251258,2.7059936429889744,3.6475570640890034,3.225422081112699
7273,pop_0,3.1258680148205253,2.542994092460079,3.197381478342094,2.9578339107961744
7274,pop_0,3.294470367587654,2.870742726099682,3.7036571556430022,2.638907293011868
7275,pop_0,3.237549744895945,2.5726752550968683,2.926391973625462,2.775526409495033
7276,pop_0,3.1322971018945647,3.0009664423946436,3.2507628429259583,2.5110427770323085
7277,pop_0,3.3970529851517113,3.1507855614776625,3.417164411563856,2.843586180091653
7278,pop_0,3.0682076022929112,3.180089901286975,3.3761655467597036,2.6347694629428626
7279,pop_0,3.4369571178291207,2.3886464493624993,3.4290530906380847,2.167998605463437
7280,pop_0,3.75745917864543,2.83775632291636,2.982558966439408,2.9487843928148876
7281,pop_0,3.5797449269563844,2.649887493173036,3.2643226501771943,2.437535993992934
7282,pop_0,3.681622681459756,2.5717652535327,2.922631038287208,2.633903256183132
7283,pop_0,2.959008962885009,2.771343814961734,3.6413360870245954,2.399512722491723
7284,pop_0,3.2399931995481586,2.775606166980763,3.4329929438122644,2.5077853417425326
7285,pop_0,3.513377656199416,2.685446822655949,3.078202829180819,2.866476871381568
7286,pop_0,3.7761050966486254,2.4213047252690925,2.8755465845351558,2.5611070580644033
7287,pop_0,3.372243802119773,2.7601487928060817,3.765582481179024,2.570446108333504
7288,pop_0,3.326176049032491,2.1155992911922663,3.20874620556471,2.4671082870621865
7289,pop_0,3.506043265612069,2.7288629194131793,3.080832533813174,2.6126588069847974
7290,pop_0,3.3122779169800314,2.7946471918012636,3.3518321375470106,2.8075284893379067
7291,pop_0,3.486901963534146,2.466886822153634,3.263993205937351,2.4084616369973877
7292,pop_0,3.7815426940564416,2.7402891577544617,2.7232085619709645,2.830124309222468
7293,pop_0,3.5188957793335778,2.2209490934792826,3.1535369348506785,2.693544479897694
7294,pop_0,3.662911221406448,2.9767920443464293,3.3526234536631065,2.2354918571329208
7295,pop_0,3.487616058684128,2.898447118494009,3.4964814901923473,2.8272863566362547
7296,pop_0,3.755687142495231,2.2854573112807186,2.967142468115139,2.0787362356574968
7297,pop_0,3.363084911450575,2.443992095324418,3.6567596665293474,2.2075107187379324
7298,pop_0,3.05881139781433,2.918829564273559,3.336058918430709,2.6857753735263956
7299,pop_0,3.4302439013974264,2.214821844033471,3.235183321038112,2.770782312145702
7300,pop_0,3.486589747300235,3.0142728985891787,3.3283037972499887,2.5387934030517734
7301,pop_0,3.3187180465465396,2.3085669609595665,2.811061401357399,2.970018743639746
7302,pop_0,3.5748037333366676,2.591923152331083,3.0560432641648747,2.8288404445436792
7303,pop_0,3.2133958243259433,2.540392373028118,2.9257084303657965,2.647531943859414
7304,pop_0,2.986241653360701,3.0088600349346826,3.41709678866842,2.7122233068895145
7305,pop_0,3.831882953917661,2.957956778463535,3.4652695082556546,2.795101005092152
7306,pop_0,3.4845716261222237,2.912815996602912,3.548609609625619,2.346991068480253
7307,pop_0,3.69692698548965,2.4946091705084354,3.244668503237798,2.4658381983428628
7308,pop_0,3.5125313887261425,2.5097924857388443,3.320397442800465,2.5410221887128595
7309,pop_0,3.723410694355205,2.3639548899015344,3.336532058162877,2.368775537039731
7310,pop_0,3.5003930598392206,2.9503070924392976,3.2369339970919,2.7964385423756988
7311,pop_0,2.8822280760983943,2.65534843407125,3.3428980365734793,3.0396195358929097
7312,pop_0,2.9538577001563464,2.959797921572295,3.0219853541577755,2.632288823429084
7313,pop_0,3.6887280170299315,2.522518876209347,3.182569485640537,2.686215700923102
7314,pop_0,3.7611887206726156,2.6978818114806513,3.5081991975713445,2.4937602559241574
7315,pop_0,3.926314874884853,2.6402072852623917,2.9082316691652506,2.583731235136853
7316,pop_0,3.7629427495800343,2.5918034029498394,3.6077425737078688,2.49749191651164
7317,pop_0,3.356190798544499,3.037236200502074,3.6083831083955125,2.3800920675278205
7318,pop_0,3.212596089340963,2.899092856961805,3.815290573891388,2.3122908715684316
7319,pop_0,3.5284655844649113,3.048275975224608,3.644299677509208,2.6761478846922566
7320,pop_0,3.508837921086219,2.8629040446898633,3.4327693457202395,2.0990665207722725
7321,pop_0,3.523702792212122,2.464036574515548,3.1989490972625205,2.7217263284471924
7322,pop_0,3.443476767940328,2.93511102641471,3.70209538815435,2.313670314225338
7323,pop_0,3.602234497543389,2.7799807628328725,3.4603972412792587,2.9025033055582488
7324,pop_0,3.5445642307869205,2.6799663784034395,3.5780693391122496,2.846679220250719
7325,pop_0,2.8557742779805255,2.7047821006930652,3.404317505922523,2.8372455565239636
7326,pop_0,3.588109921523448,2.926382070033558,2.805814311774776,2.4746641754845604
7327,pop_0,3.449042161532147,2.885180340735954,2.9865168183240116,2.781630500563088
7328,pop_0,3.8046364002888176,2.33691036850991,3.4552729854539264,2.552488320048174
7329,pop_0,3.4161299250299324,2.5031828204175297,3.1794285705888683,2.7704183522742416
7330,pop_0,3.419794938876447,2.5071221211781443,3.2300303475005663,2.478122682103944
7331,pop_0,3.4937834650469863,2.3518607945323793,3.4221976044400786,2.352196358172539
7332,pop_0,3.087689816485005,3.1668785649669324,3.190492706482957,2.6887236595501975
7333,pop_0,3.3755124651663575,2.7458138204393374,3.652433713351995,1.8247078998110506
7334,pop_0,3.542239345040301,2.187712706236657,3.0698076703628416,2.6646205635398235
7335,pop_0,3.3058085263782617,2.564162397497406,3.3073724997735074,2.725027050809043
7336,pop_0,3.4341248752504834,2.6714734513102774,3.213354284403681,2.543515981625338
7337,pop_0,3.0372200852370064,2.7243014833332384,3.3811951472276482,2.4649674456892363
7338,pop_0,3.4567761141028934,2.6320463707485953,3.480842448354688,1.972408705867175
7339,pop_0,3.029356482123926,2.9150111099597207,3.3521096446393748,2.7196805806098
7340,pop_0,3.125078633619606,2.848365038659517,3.4349213726400807,2.5164270682351826
7341,pop_0,2.9602571620661537,3.196655595401274,3.1659023998439504,2.8249067514701687
7342,pop_0,3.6015948041177914,2.656403083023537,3.585476777307689,2.6130764243708025
7343,pop_0,3.003189057897929,2.7933751769191444,3.229068515000918,2.653444139408611
7344,pop_0,3.691358028537167,2.6775902184779126,3.2037854067212943,2.7609852221554445
7345,pop_0,3.436608771297293,2.541074571961256,3.0845559085747145,2.6926896423242175
7346,pop_0,3.2139694628654083,2.9647417554995665,3.188674939462489,2.451880662386934
7347,pop_0,3.0521440667609276,2.7725861672558607,3.184085937988151,2.732388804100519
7348,pop_0,2.9106753593691894,2.6536627775307005,3.156865457360494,2.615397126534093
7349,pop_0,3.6225632562962176,2.587496568169126,2.9007331840311394,2.719103404537689
7350,pop_0,3.284816670796675,3.0310069815151346,3.566429704010255,2.620554694184605
7351,pop_0,3.351937558804601,2.7172634909728575,3.2997162373647875,2.313864000465674
7352,pop_0,3.0758698026090614,2.7675410591916765,2.823068347509373,2.210224140324153
7353,pop_0,3.2136553762198226,2.918224278062525,3.31275023663189,2.7846606616246725
7354,pop_0,3.292050832998447,2.6281060548748765,3.276108298309557,2.9225690902678747
7355,pop_0,3.4533418339362023,2.8600218995679794,3.2022132211805823,2.898811004852512
7356,pop_0,3.220758156152829,2.825263449257882,3.256554637016214,2.545504080429203
7357,pop_0,3.2568683000954954,2.689145041262402,3.672927980368383,2.56265184863154
7358,pop_0,3.488252757380337,2.619283914343833,3.0753587436380587,2.204422996273342
7359,pop_0,3.152786250307154,2.6520425680835786,3.211907286093612,2.315693205187626
7360,pop_0,3.6851859742813775,2.5791906661391604,3.2691766189495968,2.793407399988517
7361,pop_0,3.482246250385932,2.612398174285299,3.5651020962059237,2.802982253485077
7362,pop_0,3.5776991574925283,2.3800315748109195,3.5914461162020417,2.87423917361583
7363,pop_0,3.9302398848994633,2.3477922422852555,3.432421252818009,2.908201974652533
7364,pop_0,3.4863168858595035,2.6285107462251136,3.0539709023484116,3.4482257537245777
7365,pop_0,3.533288180631672,2.38053816977349,2.9625346166392634,2.5233847897887878
7366,pop_0,3.7701613976869366,2.773932648807414,3.6466900960716244,2.2923905964838203
7367,pop_0,3.7953183065862093,2.157138734925795,3.2108801562726015,2.8459319388661988
7368,pop_0,3.6242021804372406,2.7064023273927433,3.2573906486975677,2.7191460874987308
7369,pop_0,3.4454547328768856,2.8987803527169573,3.362916520492035,2.410443852849369
7370,pop_0,3.535668068973645,2.4140695211865824,3.1590597400839195,2.131328908359522
7371,pop_0,3.8196340560567674,2.9236941801143064,2.8579043350892004,2.2959674873100857
7372,pop_0,3.1284541651319113,2.785884453753385,3.468729724752365,2.4351540978411608
7373,pop_0,3.2455833941225998,2.333813719745402,3.292851370145374,2.339968603293936
7374,pop_0,2.9375574240656723,2.6900626073927314,3.188532622027065,2.5117535711748036
7375,pop_0,3.4556938804929276,2.339388890917426,3.2805580945142303,2.265631858340727
7376,pop_0,3.3641141234473593,2.737488630947927,3.584482422387184,2.580592561804722
7377,pop_0,3.6685639147881783,2.2013391409538623,2.7008024643608546,2.9045424508962396
7378,pop_0,3.5764008277956263,2.7387025708466894,2.9639195969257357,2.8790948944663417
7379,pop_0,3.584666879408106,2.2355430566306054,3.0422663503720284,2.33331698229984
7380,pop_0,3.6233235585894557,2.309889613588668,3.199003200394878,2.361162708620266
7381,pop_0,3.5256862923729897,2.8751544623963055,3.1666993002827177,2.676884994699267
7382,pop_0,3.4661056114821167,2.4170535082162017,2.9810856658369542,2.68637387337559
7383,pop_0,3.103930694476877,2.5520728857446584,3.562467261728574,2.633346629577653
7384,pop_0,3.804367657818622,2.448671125132682,2.6952155811124596,2.478133805118301
7385,pop_0,3.6777267212380567,2.830038608409791,3.4031397416831966,2.3137054021134817
7386,pop_0,4.054599162033179,2.303890148032299,3.1377498684090437,2.7369029606058617
7387,pop_0,3.2643457275121515,2.367878314129185,3.382056727293875,2.7990899376888305
7388,pop_0,3.0688840606342893,2.415840655583723,3.1283724684249345,2.546669086164299
7389,pop_0,3.3349733967602644,2.7946621763827815,3.234518791051485,2.6685888563213997
7390,pop_0,3.4612355021861347,2.448428492485238,3.3984040421478063,2.5207471867536544
7391,pop_0,3.6289805937378796,2.663489624897238,3.319166071804867,2.267404989776465
7392,pop_0,3.455428192245158,2.831089606577666,3.3916299209953498,2.643775901362989
7393,pop_0,3.2314341661970496,2.671966545597183,2.8201058177420633,2.611119623385328
7394,pop_0,3.59029570865764,2.0386465458695593,3.1353504473106915,2.3902467010794277
7395,pop_0,3.5718786562167635,2.6370241880106247,3.3029111112244216,3.0273281900150897
7396,pop_0,3.064294902189486,2.5421965756385454,3.5100953068761798,2.437032300684672
7397,pop_0,3.43220123575565,2.9814616110525343,3.2778075265652626,3.1467651339632687
7398,pop_0,3.40463253916638,2.5451973391809215,3.4841970171962586,3.0383597372440816
7399,pop_0,3.2833443487939737,3.043219478628081,3.1057793865500902,2.7671525843017912
7400,pop_0,3.7355804945685858,2.522007263047468,3.1492346777575966,3.0054731026855874
7401,pop_0,3.4750149119360434,2.6239689149111314,3.320511245955721,2.526100233590437
7402,pop_0,3.5276498662562914,2.7489633665540354,3.3164868053273384,2.184377170632542
7403,pop_0,2.8773607676864015,2.597668148651278,3.0050940603016154,2.7312730577250246
7404,pop_0,3.25494871508634,2.6034205938463906,3.366513182482613,2.7028389491410514
7405,pop_0,3.429598989394611,2.7256782514667934,3.4224896048361715,2.3588642108420688
7406,pop_0,3.3505703357996937,2.8309172376107843,3.1498810352968505,2.646477682798839
7407,pop_0,3.7320221824550357,2.523971448055582,3.395043830949028,2.513684363909473
7408,pop_0,3.338290601082686,2.377316835645166,2.92794992688353,2.8810947641468463
7409,pop_0,3.3093767621476013,2.5151079014199844,3.5106816844798,2.5864285170074544
7410,pop_0,3.5705200828903894,2.9216654549764303,3.0410198201169645,2.666037912385664
7411,pop_0,2.9999612774510864,2.600062820926847,3.1762847576043436,2.5167846696720555
7412,pop_0,3.2918521096001476,2.6251382664558314,3.1068990212968326,2.9150990192871826
7413,pop_0,3.1765246181544167,2.369798262951538,3.5250434057647215,2.620681171551109
7414,pop_0,3.117488187205315,2.8668798632261563,2.8916040038550936,2.96946604182561
7415,pop_0,3.763031386856047,2.4576497663584393,3.056560895877268,2.6107148658534873
7416,pop_0,2.9375561346443595,2.707706488889501,2.997578965511564,3.0745646627353467
7417,pop_0,3.319125692905833,2.5007623865108317,3.433925680408533,2.7398904975416145
7418,pop_0,3.2379838806661,2.1403397838631335,2.9281676463157185,2.762210034258114
7419,pop_0,3.421060731574073,2.539072743412887,2.952480384957081,2.7744227649756965
7420,pop_0,3.296488632749917,2.556519216673971,2.9892691562590206,2.7572816413969594
7421,pop_0,3.9828187454012878,2.439102678304533,3.273855161332518,2.7852320227081413
7422,pop_0,3.300081964377922,2.9489339008724453,3.0397057262679814,2.1269716593614207
7423,pop_0,3.152790254009677,3.1075815569609837,3.464037215761382,2.942426634693786
7424,pop_0,3.443842205602779,2.280885451749901,3.294685597465659,3.1248535607621597
7425,pop_0,3.625937303663823,2.627735827105199,3.36787197606604,2.9714026858190463
7426,pop_0,3.364129626459523,2.46700388197073,3.3488401945328694,2.495447410927412
7427,pop_0,3.5768766032095782,2.5419465692880343,3.084794690969127,2.884236754159185
7428,pop_0,3.3096448536488303,2.8752832863873006,3.6128481067258167,2.3608914380682586
7429,pop_0,3.2473839054006164,2.7670271104125956,3.230742047605343,2.425712075106526
7430,pop_0,3.3263054439880277,2.743488813170136,3.0373202295608905,2.4950956523738985
7431,pop_0,3.7725631389247036,2.89509896248577,3.5791518332352177,2.735753979589981
7432,pop_0,3.6289484274193478,2.6893989874774986,3.2095320017563487,2.7374913765928897
7433,pop_0,3.489737846592998,2.737645091882928,3.310463228892925,2.6005077453701837
7434,pop_0,3.344593170439251,2.2978022125365785,3.2774044154854254,2.45672188209908
7435,pop_0,3.666652847962931,2.6454903206921387,2.8691623337301992,2.5986247965864204
7436,pop_0,3.064434211756934,2.834992933679919,3.386115598843725,2.4125092721115906
7437,pop_0,3.7929971367491566,2.337655846317047,3.0098843030479716,2.937781382878163
7438,pop_0,3.6908799009005935,2.2946605853322923,3.7747119348207496,2.677999433188605
7439,pop_0,3.3106506591504026,2.6959311560577053,3.090089535376657,3.0650275306374315
7440,pop_0,2.8964000662424922,2.706977460267412,2.999713554166892,2.481255471836758
7441,pop_0,3.375861238817577,2.6860843015551676,3.267213894520403,2.7087082688222384
7442,pop_0,3.641586474892158,2.5522527765172427,2.981996078340486,2.8490753787535055
7443,pop_0,3.249344356135154,3.17404054812416,2.9952180324959805,1.9093385141197088
7444,pop_0,3.7743341978082983,2.5839476071237653,3.3745905254393924,2.227562033477276
7445,pop_0,3.0758106572501602,2.8163692832523086,3.358504763889291,2.9995192030404483
7446,pop_0,3.4702807858620095,2.587126904328271,3.1816864858663605,1.8984972153332031
7447,pop_0,3.475120112652313,2.628907515600537,3.194269539482764,2.548377806373221
7448,pop_0,2.7178792584591704,2.8636966116063833,2.9298434125926374,2.3116299177799307
7449,pop_0,3.329239404840969,2.5228476505825044,3.369789492887398,2.49652303269206
7450,pop_0,3.5608945945449864,2.3799270902266247,2.8773799450243946,2.487979800761
7451,pop_0,3.5040673285406485,2.5518585129504503,2.9883213096188213,2.861413804815065
7452,pop_0,3.377972930253197,2.472037935657854,3.51033564086685,2.234568601575078
7453,pop_0,3.324554534806816,2.6332670030685215,3.038777095809588,2.7580800543616375
7454,pop_0,3.8796907878737246,2.3177037562338225,3.425835343988093,2.493766438863669
7455,pop_0,3.7892909553598146,2.4665224602726687,3.0793906713182597,2.7308582806481643
7456,pop_0,3.2693586514669093,3.0095820880713635,3.2815573132697717,3.07549085529553
7457,pop_0,3.4732644957415046,2.8299548361137212,3.345557149450306,2.743172953170388
7458,pop_0,3.5377796991802084,2.4073066503394442,2.9646353889470367,2.5533897578375258
7459,pop_0,3.2664020276151895,3.226242126406224,3.339659324640594,2.4374638631403744
7460,pop_0,3.2726723586874713,2.5649181733333544,3.248225263416806,2.9197289838468525
7461,pop_0,3.4916786645137203,2.5166080697798425,3.682315166157394,3.0247416980400343
7462,pop_0,3.0330185308280804,2.531680412174537,3.0325990856881275,2.553210542706578
7463,pop_0,3.112956715302849,2.6085097590017825,3.495112689150809,2.7942921163058356
7464,pop_0,3.682286572253754,2.66052261995485,3.3586457936047083,2.312947641968045
7465,pop_0,3.9110360733611165,2.3494316038146996,3.0198515046461822,2.6470087138418794
7466,pop_0,3.060272414747749,2.772916308926928,2.9647265331658192,2.677906411703458
7467,pop_0,3.3035663299880884,2.8284958518885963,3.2385075598407354,2.519039505063496
7468,pop_0,3.071265914450439,2.860629269020651,3.175067822244651,2.43594236423273
7469,pop_0,3.9343019062133715,2.5725569206130356,3.2435827861625506,2.5750725753506187
7470,pop_0,3.514675166563064,2.366661346345077,3.1479476323367583,2.047922577050185
7471,pop_0,3.2246976631286257,2.938670504643222,3.3405191308795015,2.83400206830745
7472,pop_0,4.049205153530733,2.5194903528199184,2.890394079784368,2.826412846107042
7473,pop_0,3.775378666557952,2.6268159666604616,3.0234374994007287,2.4232345481365267
7474,pop_0,3.2562240099634465,2.9124466626644794,2.9091006899816856,2.3426233148622155
7475,pop_0,3.1421171692107843,2.7415932777510177,3.3593420637867397,1.9319407405320213
7476,pop_0,2.9276891170227515,2.611796575591309,3.0535978308917326,2.8515132086806383
7477,pop_0,3.3935983968322785,2.707680452679069,3.138380903328718,2.6906791113655038
7478,pop_0,3.463082261041116,2.34855827866803,3.1660479508952175,2.6948653971500636
7479,pop_0,3.6176572722184304,2.8972408973661143,3.305824429904925,2.36270864471584
7480,pop_0,3.5744765975514228,2.3991566525627963,3.1504501282808777,2.8455444368145155
7481,pop_0,3.4354340524020417,2.9093640447613507,3.304953111422271,2.9772073150527287
7482,pop_0,3.4251772375898955,2.4919979584430734,2.9512392426081857,2.7389418766014852
7483,pop_0,3.0980272033135767,2.780017099355385,3.2983762173524043,3.043351466587266
7484,pop_0,3.804610457862391,2.571275410709475,3.3760230718157853,2.170890181961039
7485,pop_0,3.3365673056716765,2.6774007491186347,3.264681320167749,2.904966105048761
7486,pop_0,3.1143973171740895,2.984465767007059,3.6645829300638426,2.4588419414771505
7487,pop_0,3.2152995497594596,2.5393679706313654,3.669976591382656,2.9121446669991986
7488,pop_0,3.4025952173170557,2.886104922311786,3.1995223505739467,2.002989377488209
7489,pop_0,3.1416530383779366,2.7874054185876815,3.1059160147566316,2.8537019766981366
7490,pop_0,4.112340186699574,2.410732316715146,3.1605830418222913,1.9126268553272145
7491,pop_0,3.353768365180756,2.487597382044631,3.553284375787958,3.1216628149190933
7492,pop_0,3.543618579762103,2.7930584986283,3.324246072240934,2.539714771763553
7493,pop_0,2.9270882751515557,2.9427466227613928,3.2034722147248136,2.995512162452068
7494,pop_0,3.753209635123739,2.3407395586560353,2.855083347660011,2.740502142931159
7495,pop_0,3.306958270328633,2.5907447063810083,2.7268675567469876,2.418730328857259
7496,pop_0,3.698847895637807,2.311557239897958,3.1305395797348523,2.5229662570608236
7497,pop_0,3.3987505330519343,2.0708665343434087,3.2631271332595206,2.376110265119713
7498,pop_0,3.778128038085557,2.6548784140905126,3.2113317416250435,2.3243178648861846
7499,pop_0,3.1470615738923775,2.9800704091520904,3.1848199842111784,2.7279078730280335
7500,pop_0,3.7279727457634997,2.2667141048373676,3.06991498888936,2.8488658070215647
7501,pop_0,3.153688210982627,2.7743363780319927,3.5539449527664124,2.6929181240379005
7502,pop_0,3.486069505691831,2.802352017684213,3.5329345471149862,2.768343390942778
7503,pop_0,3.560958447968885,2.6505380650196626,3.343502086772477,3.0954601346279538
7504,pop_0,3.4867110805996324,2.8159014140539353,3.5145747369789277,2.350348813059507
7505,pop_0,3.1976166617805277,2.5611837952731102,3.1354286152882005,2.3876343143001373
7506,pop_0,3.364049015962989,2.873861441703891,3.4110045669651554,2.8733288083245485
7507,pop_0,3.2700200924212472,2.694513212521188,3.1930832743690183,2.742841070382265
7508,pop_0,3.2104973394211807,2.9926783745147385,3.115375589707992,2.887272386383745
7509,pop_0,4.110195196530624,2.4050086522154692,3.145750951841476,2.698963554047074
7510,pop_0,3.3113908785193216,2.614140001091914,3.077161743481163,2.394054319026971
7511,pop_0,3.747241973513896,2.341773495074146,3.067123051737044,2.710546399916879
7512,pop_0,3.807415934608877,2.619969619020966,3.216029608277296,3.1795438125927693
7513,pop_0,3.6423893899621094,2.372865446374088,3.3534067327083648,2.849067638477504
7514,pop_0,3.704707169475877,2.4561515699975236,3.4910515100141537,2.6255468977852345
7515,pop_0,3.6324083874314197,2.4210396424464444,3.4164138345287958,2.4822236341748205
7516,pop_0,3.5014370465261817,2.542980844316657,2.9317240562105895,2.456527671639718
7517,pop_0,2.995332464576317,2.709059023943593,3.430019366594714,2.58503899160839
7518,pop_0,3.6786221861244037,2.4102970318295203,3.4917774408635105,2.528087153407804
7519,pop_0,3.601943883688485,2.4234790551522956,3.628245329946964,2.1904957371180456
7520,pop_0,3.287123795666114,2.849465234734879,3.596918308055108,3.0596957073944284
7521,pop_0,2.909127334735731,2.629243749611693,3.1445691528307953,2.867526141789951
7522,pop_0,3.259691199437341,2.591580962266677,3.47529534927521,2.387163288792208
7523,pop_0,3.269357542369308,2.830322681247507,3.0424746738448047,2.585988880075492
7524,pop_0,2.428025992144899,3.001367087160218,2.85873903624966,3.0892620663170183
7525,pop_0,3.929926561072774,2.353879570443757,3.4788871762343465,2.948306985761697
7526,pop_0,3.387907862661208,2.7917519465184744,3.251869968968971,2.437792597676147
7527,pop_0,3.2902264768335074,2.8108246773860044,3.30834395567114,2.826578856557672
7528,pop_0,3.2165587090439014,2.8403378843617446,2.9735554789866874,2.4245902779077797
7529,pop_0,3.282381084982344,2.4557005199465904,2.9509790613403535,2.613746049148068
7530,pop_0,3.7936073684566107,2.266278005415335,3.1357402894651862,2.513347229163879
7531,pop_0,3.235957000163192,2.878728576928628,3.1938962700219946,2.799248795764728
7532,pop_0,3.435198058722368,2.6409583691974836,2.9023844218779957,2.5910312367401476
7533,pop_0,3.563904446949724,2.493194819208559,3.373752230766558,2.1551758584119947
7534,pop_0,3.656790471822772,2.4790468435009116,3.3105193879555137,2.8464944810555473
7535,pop_0,3.525861004602909,2.61324958832637,3.1271674839766495,2.5510010585959795
7536,pop_0,3.956699256943806,2.667071072208117,3.171507232619595,2.7796420351188313
7537,pop_0,3.207127499491738,2.778869869350326,3.1174338125023606,2.7464056048507963
7538,pop_0,3.4906166076141316,2.7037581667057116,2.882231327911628,2.6929757504103344
7539,pop_0,3.5266479144857756,2.591033412401229,3.6571012375139427,2.22388842868498
7540,pop_0,3.6068989632760626,2.738689044150475,3.1099092881289496,2.728878468379261
7541,pop_0,3.3193818391160197,2.4287761870389715,3.1933194174922086,2.5023254495570795
7542,pop_0,2.9913241540305906,2.7071550667452344,2.92979019525701,2.7582458168997723
7543,pop_0,3.2268595404461053,2.858461606468472,3.2400386574321014,2.741405448789801
7544,pop_0,3.435351663034508,2.3477167670507293,3.238434929717618,2.352895402012173
7545,pop_0,3.2612910877111365,2.7063165257525914,3.450701021857681,3.012424585163038
7546,pop_0,3.584514349425154,2.6672865173143467,3.4694724043221212,2.5171874032605417
7547,pop_0,3.2610343158318673,2.435703351391842,3.366109033743424,2.371446215245373
7548,pop_0,3.9849653887147336,2.6434709941909174,3.460244947305897,2.000251534852291
7549,pop_0,3.6962477641471576,2.6935247594049745,3.0267281409597357,2.1701654146595017
7550,pop_0,3.287388309432471,2.7278973371481916,3.092670652237847,2.934618314831834
7551,pop_0,3.661490357846853,2.6362756026459384,3.1943413143682164,2.932207500902305
7552,pop_0,3.6701598606519625,2.119635448021357,3.2613709735431304,2.4625883589555486
7553,pop_0,3.4230752524815053,2.5030073815539184,3.2561376010466696,2.315943153472055
7554,pop_0,3.403093846532188,2.1058127137723335,3.257376702732799,2.0030657751807026
7555,pop_0,3.4504465922080176,2.540080896417727,3.0506190975277505,2.660642127677342
7556,pop_0,3.260543426453449,2.6306373179901987,3.278725360662186,2.9055840310847003
7557,pop_0,3.5492488486137166,2.8558658561866412,3.166933436638647,2.174006945678391
7558,pop_0,3.822002523252151,2.7479769613701097,3.384568790238028,2.8075055086065657
7559,pop_0,3.6395626051576078,2.456014643347876,3.126796419623048,2.537961401515178
7560,pop_0,3.614221853965598,2.3218431988961195,3.27706426023305,2.68846907737522
7561,pop_0,2.6964206997948743,3.0503849529732614,2.76089130945345,2.801053171678749
7562,pop_0,3.1545737985805893,2.5742901712610147,3.4434702916795383,2.465579187728087
7563,pop_0,3.186272471053702,3.1293412907607165,3.4022030417589484,2.6886942735420987
7564,pop_0,3.7778038194086054,2.5249075600715893,3.4317900731686524,2.5011537713231986
7565,pop_0,2.856318355264783,2.6802742012352843,3.208460334185287,2.4432581991756788
7566,pop_0,3.74808216190878,2.4139637601230333,3.4195725832314494,2.504855931898528
7567,pop_0,3.549919146764399,2.296720540387567,3.410162308521328,2.519108467084071
7568,pop_0,3.2013755307724434,2.5490349534473546,3.091666837516427,2.772391588496048
7569,pop_0,2.9371668908907163,2.959550725158404,3.4518462522180275,2.592321544667393
7570,pop_0,3.9479701674540615,2.3898353504694363,3.0845249129616783,2.5015144856621885
7571,pop_0,3.2435623771170587,2.2616351522172304,2.733369511842458,2.757896798644946
7572,pop_0,3.538642153392108,2.52122890167148,3.387382311773978,2.5692554093928424
7573,pop_0,3.21893902918176,2.3889340706680864,3.1243402838216787,2.983958198653032
7574,pop_0,3.379001163902077,2.1769371476685544,3.5432058256090087,2.482054293263826
7575,pop_0,3.179320589233326,2.8076046842430507,2.637516476681914,2.682734835411043
7576,pop_0,3.5379425297734737,2.593143173617347,3.345654116595393,2.7990442747965183
7577,pop_0,3.8448819679590462,2.6510298021424625,3.6334080880981543,2.50688858185403
7578,pop_0,3.378835219740824,2.749964501971909,3.0471882155509995,2.7857406782988985
7579,pop_0,3.380969671894539,2.2693536377494015,3.6027064219082705,2.8178404591321233
7580,pop_0,3.3853684273241353,2.778818220368217,2.92850938835364,2.777742450272571
7581,pop_0,3.1799488278711223,2.711674008914815,3.412558553439141,2.3579056166282704
7582,pop_0,3.441313260315585,2.7955175682049975,3.3086131708775217,2.663445705668139
7583,pop_0,3.4478506134991087,2.6823833693382766,3.384346945521161,2.6590260033417867
7584,pop_0,3.5447964172840174,2.6012160964959303,3.288478721516861,3.0894085239547624
7585,pop_0,3.5257838755196786,2.943254635720885,3.087774858361309,2.8145446781258454
7586,pop_0,3.2166457999732923,3.02855927012172,3.0573663977408345,2.851775304957258
7587,pop_0,2.9278315174783027,3.0299495634972873,2.987641286089033,2.3621157003188897
7588,pop_0,3.465321743023091,2.4401477060823593,3.3420372714182704,2.8304202328918704
7589,pop_0,2.7948892451715093,3.024844719225383,3.1027276327483855,2.8532710523192173
7590,pop_0,3.376551729133655,2.687907639634265,3.435821685948518,2.6029329271154027
7591,pop_0,3.5406530442668727,2.7754068562309464,3.299550780441563,2.7100207355908226
7592,pop_0,3.4029191144572146,2.522696926135981,3.3396787896472975,2.6192552465542978
7593,pop_0,3.1851953020537027,2.8280841106835473,3.1505630766445383,3.0866113612337776
7594,pop_0,3.2134022460139144,2.808452273003239,3.5497251224927284,2.515859019355465
7595,pop_0,3.8620171415988898,3.0402636380600163,3.219625680860478,2.633665191119599
7596,pop_0,3.625599660218548,2.4524908607179907,3.2904557728155415,2.89193108960654
7597,pop_0,3.7616728424419,2.6375285724424655,3.3194044873571635,3.2855717799607613
7598,pop_0,3.8080510117929602,2.2871240235582366,3.424049899159176,2.379133873345137
7599,pop_0,3.0257019440443598,2.7737808343700676,3.452482115281798,2.3106869195436595
7600,pop_0,3.4366548197386706,2.8896693261066977,2.995352568233715,2.271312067323823
7601,pop_0,3.549160931201221,2.9525171381633806,3.154168995932474,2.518089702359771
7602,pop_0,3.285970980813563,2.646190660397925,2.689897466634951,2.7228889514072816
7603,pop_0,3.690559587838737,2.83157548569942,3.409526595791233,2.682595811096199
7604,pop_0,3.332079317912925,2.7069833033624873,3.4066195419497483,2.3644633090171796
7605,pop_0,3.3738202238617414,2.3198306165985962,3.0129569459803136,2.7804380423293855
7606,pop_0,3.2186516964812153,2.8530181337719265,2.835338613862452,3.028997952968069
7607,pop_0,3.451812346243879,1.9725472879532946,3.5723778864286206,2.843820666981741
7608,pop_0,3.6994577146999448,2.701692209419589,3.348519583744333,2.3124543204726113
7609,pop_0,2.8780366920088207,2.520340320048827,3.48013331700717,2.5168012684026992
7610,pop_0,3.53770242257343,2.9026755907333217,3.6056908190612353,2.471029113679252
7611,pop_0,3.5056086679945597,2.770418495133729,3.1197579622113256,3.263686514904398
7612,pop_0,3.426178615873134,2.7018748008617473,3.244705261473192,2.643173839668122
7613,pop_0,3.3948789594772473,2.5296620518156683,3.0091029222272665,2.569521013725418
7614,pop_0,3.1717687213470103,2.745270437057996,3.349748024372173,2.607859971693823
7615,pop_0,3.1192518942809113,2.8668419184102256,2.9813693039592035,2.5360605424490323
7616,pop_0,3.719527547933536,3.081206954722403,3.174621398970347,2.497151302888371
7617,pop_0,3.298851033693294,2.6854151583119927,3.225373629248537,2.528266997147543
7618,pop_0,3.8211096715032964,2.466002775137083,3.2260651513557406,2.3060281518965424
7619,pop_0,3.1680964208157905,2.518179642229984,3.0249922239499507,2.7245257592360135
7620,pop_0,3.0262099801468105,2.4152423701760513,3.2398052302323923,2.7153052533845146
7621,pop_0,3.485629448650424,2.797073646644566,3.351076440918257,2.2883660378856723
7622,pop_0,3.331174272445303,2.986543791825233,3.0951282676329783,2.830766224601663
7623,pop_0,3.45333288119912,2.719303420028822,3.3428934605532015,2.480662738193133
7624,pop_0,3.4836184656285396,2.7180582320913875,2.9729544311718907,2.6874102204541606
7625,pop_0,3.28067713550327,2.6632490360122523,3.9664721681783286,2.3282573616205697
7626,pop_0,3.0014747194578852,2.6607658642976637,3.3601191844088807,2.8642916603233743
7627,pop_0,3.5780990283400587,2.754896732095083,3.104313026800958,2.578270608572198
7628,pop_0,3.743934991176601,2.653120528422473,3.5484823188597105,2.5520394698739683
7629,pop_0,3.709283470537155,2.682253156786836,3.2050307303860777,2.558049486023062
7630,pop_0,3.5570038712429572,2.855027274146167,3.4609749891839163,2.535539009729542
7631,pop_0,3.6249595491629663,3.03508928295239,3.1789874178960336,2.4174409676719035
7632,pop_0,3.710556826117616,2.2665163649694406,3.49283751641519,2.7030706014431565
7633,pop_0,3.4194144274369718,2.469262297088263,3.370294583556422,2.578700700909512
7634,pop_0,3.5632159740953218,2.55942407288621,2.88378645887314,2.036313090581298
7635,pop_0,3.9676361868538015,2.3691177588068113,3.45749536730095,2.4262464297096438
7636,pop_0,3.3296797613845026,2.5324877887427664,3.0457356248263876,2.2527210458575384
7637,pop_0,3.251348829439977,2.3269947909243114,2.940705576518445,3.3131127021799696
7638,pop_0,3.2320656915415937,2.6224034751463727,3.278823946882948,2.188263086692106
7639,pop_0,3.350534597015118,2.5876844524037335,3.5868124688853658,2.604360215333111
7640,pop_0,3.141044463571032,2.7395706924740444,3.149074751211025,2.411239890079648
7641,pop_0,3.6187279957676646,2.7420447789091935,3.086102595285666,2.8376171783631663
7642,pop_0,3.390092627916264,3.084295287271938,3.1147983161404276,2.5233722594546717
7643,pop_0,3.543815381967881,3.030734995077809,3.084363102908254,2.370246943551105
7644,pop_0,3.433975822792636,2.5622091884687754,3.054055981575207,2.510459469690904
7645,pop_0,3.2782004336941,2.3389618030809225,3.2842590338811113,2.9527735535951902
7646,pop_0,3.231729507879052,2.698249875054619,3.0502123264335106,3.0161185541602835
7647,pop_0,3.4056599608231757,2.739858825471819,2.8379063024142357,2.404099318612907
7648,pop_0,3.221238418776377,2.6021334289266695,3.5606751546851036,2.6265845363805425
7649,pop_0,3.2037908831809974,2.5533567404767057,3.198097199285712,2.5518068095612416
7650,pop_0,3.8466096068299778,2.5375562731383554,3.304587900433703,2.7611180868782426
7651,pop_0,3.4093969383720153,2.509687967838666,3.1505083268643728,2.9312825509222917
7652,pop_0,3.0994862665323115,2.9502595791091424,3.342028703877268,2.6337288286342706
7653,pop_0,3.5180316035005013,2.724856828640507,3.269907655252633,2.3519237775963955
7654,pop_0,4.05122299397914,2.267828548103585,2.8947563982401943,2.206651713908573
7655,pop_0,3.260525531297316,2.9329854639771087,2.892365874396758,3.1470267380491
7656,pop_0,3.3011000540023394,2.8565766430774318,3.3103240323777787,3.278445636705425
7657,pop_0,3.045498027156709,2.69389863674422,2.9926738694168162,2.6447006753809705
7658,pop_0,3.6455216260594403,3.021515764230131,3.1823363224711905,2.664149162218075
7659,pop_0,3.361671098922032,2.883909353778825,3.124913892877637,2.351429382753627
7660,pop_0,3.2910882761890203,2.854511276153722,3.2746859808269395,2.970009084877415
7661,pop_0,3.2016623968729694,2.409844142219412,3.405681720688518,2.6847551196050605
7662,pop_0,3.5286580160912937,2.561861997083581,2.907870636973224,2.78223177470723
7663,pop_0,3.563186177252709,2.6357408092587122,3.2854670263161823,2.940909366793117
7664,pop_0,3.0695851726871837,2.5928472315931694,3.203853259997303,3.040032487820463
7665,pop_0,3.3343129857915175,2.834656929854672,3.376481195998598,2.361649076454364
7666,pop_0,3.5381181175978407,2.608172792225978,3.122665774581883,2.5097810330818926
7667,pop_0,3.7373247801875333,2.528791563897708,3.576150038921485,2.5721492346586863
7668,pop_0,2.730763311992468,2.8021848425242006,2.993337193373578,2.414611476632108
7669,pop_0,3.183600843537987,2.58723486001448,2.9998372676192235,2.4162986711688235
7670,pop_0,3.5185223894811024,2.6809656482251913,3.9795508719132773,2.5108346433944657
7671,pop_0,3.6315939241790454,2.551687079959279,3.446398005626027,2.6643821902831193
7672,pop_0,3.512082445614944,2.2979135979284546,3.3788989924068407,2.755747760665977
7673,pop_0,3.5364667083132706,2.6149892080437604,3.2897894598675776,3.045893346418513
7674,pop_0,4.089628853414747,2.2431353820278126,3.174542385960681,3.0287409310310474
7675,pop_0,3.3807288114738983,2.4554451421856163,3.2609518892814995,2.737853552369716
7676,pop_0,3.6297544943696796,2.5872563986018338,2.873307520871924,2.555320321370652
7677,pop_0,3.75569689457359,2.4761961325661384,3.238530807558328,2.4485492630231054
7678,pop_0,3.8450997520003947,2.3771493315692895,3.337900325592283,2.3824628332881095
7679,pop_0,3.3205666615473346,2.689008100613291,3.7475385957745533,2.5494720954759935
7680,pop_0,3.6806650828460747,2.5321169462406683,3.077298087880862,2.2345011548679583
7681,pop_0,3.4248487579790297,2.5946058089937827,3.335027023916279,2.5751529189214275
7682,pop_0,3.4894193204970128,2.659241950871347,3.390779697419363,2.8799292926534017
7683,pop_0,3.6104935376494804,2.6892805908682016,3.1968688352163994,2.4433909855892764
7684,pop_0,3.482307383445483,2.8191154914096606,3.342359285638556,2.4986648321884997
7685,pop_0,3.671001740751867,2.5951271838553573,3.2329177645073237,2.624823883663286
7686,pop_0,3.6188846907713685,2.360207005496464,2.9833471772123517,2.832175495570815
7687,pop_0,3.2941819565350285,2.6919339002421774,3.4129674324101194,2.6458212432931933
7688,pop_0,3.4150626269639384,2.7599438531341165,3.008982621742388,2.781845778499269
7689,pop_0,3.891787427280842,2.62083875590198,3.2697384082263934,2.2582451788010625
7690,pop_0,3.126145559175687,2.687694925342208,3.491303226571792,2.6391108528836185
7691,pop_0,3.573691858629913,2.7362637912757686,3.4865208290057987,2.56959063972098
7692,pop_0,3.0207069884032554,2.449997252846053,3.3860833136137436,2.680396682473415
7693,pop_0,3.2860660280897345,2.5300872288775142,2.7757411027527343,2.6522578802170114
7694,pop_0,3.6934738852588307,2.924518397773687,3.12037856333141,2.6280347105655943
7695,pop_0,3.788972335375346,2.6686250563829654,3.216221931779253,2.232323937070792
7696,pop_0,3.396390085275433,2.383570775524789,3.4469802707621278,2.660806683560194
7697,pop_0,3.401965385048402,2.9175652827525154,3.19959360684395,2.5019842219452912
7698,pop_0,3.320642849896178,2.652415918333784,3.215936003687314,2.5268667119731676
7699,pop_0,3.3705894179493523,2.3133192849762483,3.2716110714903284,2.7757287662419823
7700,pop_0,3.5975821471401326,2.6419402015380675,3.225537018655675,2.1600146160713605
7701,pop_0,3.0373439168512277,2.661987249714879,3.037410315816014,2.8894551297587685
7702,pop_0,3.499192874336883,2.6368898080673393,3.9231793986355603,2.937243415681175
7703,pop_0,3.436840824428777,2.538003967472494,3.2823168926989656,2.485963186570265
7704,pop_0,3.257222680530143,2.8148712486503573,3.235482274255312,2.7419161345347027
7705,pop_0,3.0790604032596307,2.5889027846733197,3.257772790769308,2.537153516855932
7706,pop_0,2.6037491990514727,2.804736876082533,3.3269140361198835,3.0661641641064583
7707,pop_0,3.868541215478304,2.4955067288942616,3.5342703378659865,2.2042940107244884
7708,pop_0,3.3532007198070186,2.483057091169416,3.1474939468977348,2.8600923260628526
7709,pop_0,3.5179869644226796,2.8347202274191603,3.097638771238274,2.7865305179723117
7710,pop_0,3.6539425799042227,2.295294552374206,3.110531913964882,2.673090967093299
7711,pop_0,3.247506011880334,2.6973983127490535,3.3780339930819605,2.779420417223319
7712,pop_0,3.5532467330133186,2.4308714463956544,3.2458057191914005,2.7857172217641515
7713,pop_0,3.3220293644864283,2.713430515234606,3.473947313864913,2.5536602120823475
7714,pop_0,3.015430651713763,2.9311223142416116,3.3799788446957004,2.7363419917626124
7715,pop_0,3.733567755735749,2.6435800315684372,3.1550194658790662,2.592638676819202
7716,pop_0,3.145528923785604,2.5970912232939067,2.939627636393283,2.7733799875788065
7717,pop_0,3.4211703865369447,2.843863437802733,3.0128308611434518,2.6341423838543903
7718,pop_0,3.240588195740272,2.726588930019555,2.989734205270175,2.9199933455494103
7719,pop_0,3.39313315893923,2.834242788826287,2.6680758166360645,2.7092283739573193
7720,pop_0,3.5685390881182437,2.446651476737745,2.995291837843956,2.7515937276753992
7721,pop_0,3.570853369019858,2.217496974165477,3.0169992895107645,2.828152601502792
7722,pop_0,3.3191432188271395,2.785686386634824,3.376786220936596,2.5016336707397273
7723,pop_0,3.215469565880854,3.1977022634253522,3.4573065357330464,3.0351727196783598
7724,pop_0,3.501710218340469,2.7372524571040233,3.351378813814526,3.0796370268142237
7725,pop_0,3.467765273714692,2.5453793620615226,3.1945354464081666,2.723391581107278
7726,pop_0,3.575790537272582,2.5180732478313104,2.9621491762220096,2.710660572083815
7727,pop_0,3.0996588349424017,2.6542802449887737,3.129537358213592,2.353816834754573
7728,pop_0,3.461561842705513,2.821277143116281,3.3089226421861118,2.4806174316768796
7729,pop_0,3.5930055844169413,2.6210737527693095,3.3095587800369763,2.9482942987433463
7730,pop_0,3.160304026216422,2.5855249421974436,3.2618536153343474,2.552326265150894
7731,pop_0,3.2814505951208317,2.3464179455132563,3.422549124085423,2.830903871141457
7732,pop_0,3.344718761222179,2.7724382695436667,3.2232460235063187,2.8047683325043935
7733,pop_0,3.9993263172024047,2.343455242022705,3.4352656961851675,2.5075430251666813
7734,pop_0,3.2718755125654453,2.635172585560091,3.4207712676679214,2.375770663822042
7735,pop_0,3.1726533546267,2.716884285315878,3.1175466238023604,2.8144409585955583
7736,pop_0,3.365385380471586,2.507274540583285,3.494372784455712,2.492604080472826
7737,pop_0,3.315524094461718,2.491785947822215,3.626388022630269,2.65755445882531
7738,pop_0,3.735503825591122,2.8588212087191662,3.6723462754969063,2.5366562094642156
7739,pop_0,3.3476651494383862,2.9093425837208002,3.05196099670304,2.7003738731988154
7740,pop_0,3.3077369090766027,2.6844905988412275,2.9074805667861354,2.646707737207092
7741,pop_0,3.1182588844100363,2.8225808539663095,2.959208907142976,2.6515269035133926
7742,pop_0,3.3620917700384543,2.768607672687648,3.510494567497824,2.541667003729964
7743,pop_0,4.075804843583504,2.5372756816796964,3.394259286158846,2.7638581513052025
7744,pop_0,3.4236835408588355,2.7912601112507978,3.0220914740459794,2.4268224225045465
7745,pop_0,3.8162118928053888,2.298935525609473,3.077959803557136,2.8559499610089194
7746,pop_0,3.547128393136525,2.7324610245760286,3.3109277028203863,2.497689386395051
7747,pop_0,3.4525685243416087,2.7601958724952356,3.3696438168681238,2.6545462796643142
7748,pop_0,3.3709105157777377,2.7796641227179752,3.0605076744530963,2.576929438413057
7749,pop_0,3.346486088643959,2.777636848523014,3.3328068756261824,2.704018763962534
7750,pop_0,3.1853405937569796,2.4279213085140587,3.1414563850157817,2.9421213472862697
7751,pop_0,3.6892815987233125,2.6003483748973366,3.293862109958107,2.7513774302309466
7752,pop_0,3.4168747309191376,2.4992916585253186,3.2003485312740856,3.059159346930098
7753,pop_0,3.493168794932086,2.557056079431698,3.612080048872703,2.155288772160631
7754,pop_0,3.3727928323111094,2.642940594872959,3.0123794668702217,2.7068079317846574
7755,pop_0,3.6087023907136024,2.8617746180515358,2.9854048886413094,2.6477075082214307
7756,pop_0,3.8720157137545472,2.671691221756394,3.2927663095257893,2.6485135513048776
7757,pop_0,3.418150537354349,2.743057530281774,3.2262334090503932,2.444044642542519
7758,pop_0,3.228321823024611,2.417477726162807,3.616967276969998,2.4444182597706554
7759,pop_0,3.446602608534356,2.5318440978731758,3.2554889362036246,2.8640930358915906
7760,pop_0,3.2819658564913694,2.655872250035037,3.324352927672144,2.7021141190073528
7761,pop_0,3.8672995922284907,2.534967221646172,3.4573735321923627,2.460750892650384
7762,pop_0,3.495202836491296,2.4765183778054243,3.4789214719049344,2.738557356140583
7763,pop_0,3.355389171167349,2.6950600213616354,3.370435030567202,2.662478886810928
7764,pop_0,3.7201485468190025,2.4823797706036435,3.5514783797885046,2.3977797808295307
7765,pop_0,3.4030161876016534,2.569743450537619,3.1538787623108906,2.5990965218185145
7766,pop_0,3.53536068792671,2.6719582612664223,3.442418730225164,2.408804898655495
7767,pop_0,3.2714824446311934,2.812928387838635,3.223892346513776,3.0914474508559504
7768,pop_0,3.672079451231023,2.7641291643796198,3.4943972214300993,2.730041961890553
7769,pop_0,3.1670000376071896,2.875734107723821,3.3834459238438073,2.8834158868696727
7770,pop_0,3.522080691031205,2.5104242066914813,3.4966356347414096,2.947994286348905
7771,pop_0,3.6302028610471306,2.2912857005167897,3.783096666681515,2.29291861710005
7772,pop_0,3.672239130846706,2.526694505572754,3.0950420054363614,3.2441592743818424
7773,pop_0,3.481539377153433,2.39570357245251,3.075539495450102,2.6363119890087616
7774,pop_0,3.809284360729591,2.5401436025788127,2.9589541672541197,2.5439912645469507
7775,pop_0,3.464175041745267,2.6433451571266913,3.0821937518167104,2.3589588200897866
7776,pop_0,3.6282030552511304,2.558532630766938,3.3621472831244836,2.6235116477136304
7777,pop_0,3.452609678474859,3.207868403589178,3.311396614412925,3.031460669914489
7778,pop_0,3.3810402865152627,2.680508455742541,3.6087655077645064,2.838110179057887
7779,pop_0,3.6750862979261374,2.2084486454579326,3.4572437579070616,2.4247863041060924
7780,pop_0,3.0356897187095204,2.7291923380430125,3.1663698503317432,2.5201738846899984
7781,pop_0,3.582378927950569,2.5625377504298505,3.1416244838368472,2.2755826927468354
7782,pop_0,3.3684018470981334,2.603214627283018,3.2325745230775618,2.5516091985517173
7783,pop_0,3.2777434034517814,2.6964100007253915,3.025063724692273,2.6915317381096986
7784,pop_0,3.0011494372281424,2.729514227512458,2.907662678742912,2.7040204627001656
7785,pop_0,3.347843084617297,2.4094815330387256,3.1117381111908022,3.1028831725620707
7786,pop_0,3.269492535541332,2.2735912823878794,2.8133885248474444,2.5454348744907063
7787,pop_0,3.426821014613385,2.554674526791295,3.2248986088908693,2.537096989177914
7788,pop_0,3.3634408922067918,2.686062919351604,3.504407834274569,2.8741734954454774
7789,pop_0,3.6905407696954486,2.556097412578821,3.2492691288213416,2.5346591863757952
7790,pop_0,3.916793572661743,2.504338571130208,3.5860774084396607,2.532426638120212
7791,pop_0,3.537980149452343,2.3454995756080077,3.478548254194653,2.394459006392285
7792,pop_0,3.597458012612569,2.694215808796496,3.2513465842275644,2.8974565585986745
7793,pop_0,3.2283521846736827,2.636142730393754,3.5292645744114477,2.6209672973083604
7794,pop_0,3.1600624179581627,3.513018155245122,3.4293096153122566,2.601021307574297
7795,pop_0,3.373046455334765,2.512785995004648,3.5125864268726477,2.624858280753624
7796,pop_0,3.410195758323604,2.6799739768044475,3.124973942622931,2.5411599303655255
7797,pop_0,3.4239770790809416,2.5823950841353827,3.132525448575155,1.9419356310839686
7798,pop_0,3.331543467021407,2.302548447240147,3.508604050012747,2.289869090844446
7799,pop_0,3.4605095090834657,2.8411171568569906,3.3922207364105743,2.804907646241575
7800,pop_0,3.5191203246117913,2.500677896589134,3.1718257644254417,2.690688037433229
7801,pop_0,2.8175949113799077,3.074183369460852,3.4595413143864002,2.5260672626190894
7802,pop_0,3.4308944178585685,2.4844906991931337,3.091342567905973,2.5745799379667367
7803,pop_0,3.6598811736140604,2.625083674095521,3.0832413778318224,2.54136397246648
7804,pop_0,3.644678976097463,2.516468892038952,3.6050429467001672,2.2387687005355836
7805,pop_0,3.314098754252403,2.916363301539913,3.4499189320699264,1.981966300263328
7806,pop_0,3.602383346182167,2.737262373751942,3.3230751190804675,2.254652990967427
7807,pop_0,3.211245084209814,2.620033678420724,3.4553607271086055,2.5101948123039732
7808,pop_0,3.013654651136635,2.7886974006558853,3.861960209271174,2.6805484460863416
7809,pop_0,3.3340983433624887,2.3072666154860926,3.3592824469595146,3.0647941068721285
7810,pop_0,3.6923643992828556,2.112402703540825,3.6407182745681967,2.522056764985546
7811,pop_0,3.147811993268373,2.732563220466353,2.8747260975165454,2.910840884763335
7812,pop_0,3.010057653095871,2.8156797298409844,3.6085026408598795,2.7453181220522413
7813,pop_0,3.2290400840008298,3.063349702941266,3.1159546030313123,2.556985504850934
7814,pop_0,3.153025649434226,2.7224585831455324,2.8587116195401543,2.8343076444446975
7815,pop_0,3.2353400030568764,2.8512128050066745,3.3701149187735377,2.461445256336978
7816,pop_0,3.1931423630217988,2.6538418623755025,2.828249144600492,2.9672833852050116
7817,pop_0,3.4870559731928403,2.485155330813169,3.2999137409261565,2.1238864009512515
7818,pop_0,3.8749495128770493,2.444619140971382,3.043296370863878,2.429171470133796
7819,pop_0,3.5183367817451385,2.814583826080832,3.6613338278879795,2.7027148989715215
7820,pop_0,3.6968808079743085,2.779557434087041,3.2208887704829174,2.4082523268144964
7821,pop_0,2.760797717286316,2.3590626648566935,3.376627572024858,2.481978583771525
7822,pop_0,3.2666593217571447,3.06957962175968,3.124148425477352,2.5727278460491547
7823,pop_0,3.3427692634324093,2.2776420241044337,3.2952489983138333,2.8153039180363657
7824,pop_0,3.3501971315398054,3.0424719720077875,2.9452978394679654,2.6993130779394496
7825,pop_0,3.403678831176981,2.7171190065809045,3.1206512488369484,2.602124439775463
7826,pop_0,3.8022892270482087,2.888204101367207,3.1064481418437397,2.653122850973828
7827,pop_0,3.4842565081904624,2.89600357979241,3.5530410239087122,2.491210473127965
7828,pop_0,2.9168185894260605,2.9078238588702607,3.4666319240270456,2.432326287560312
7829,pop_0,3.7031945967028403,2.8510778748699215,3.806767824850766,2.2550186187774246
7830,pop_0,3.3357569368837288,2.3421402239625824,3.014094763399821,2.561265844696916
7831,pop_0,4.354174868772089,2.377930181295666,3.0826233339765654,2.6164754964593944
7832,pop_0,3.695308539300916,2.6474746541058147,3.478823833720397,2.907892415159216
7833,pop_0,3.837835323338628,2.4449314301118052,3.188691625487966,2.2416121098606228
7834,pop_0,3.4451836713462978,2.6763126453524677,3.2415133376672687,2.2475829277373345
7835,pop_0,3.622260189980983,2.5221189936973647,3.953016827234011,2.6967269373595584
7836,pop_0,3.3253238757436447,2.7674125731341617,3.0120955720956855,2.3683539345097957
7837,pop_0,3.7370061245151502,2.436351074412421,2.7718882415477424,2.5956011624057282
7838,pop_0,3.1137752496164923,2.916291992196323,2.9294110407899465,2.686792027223592
7839,pop_0,3.3777047564851816,2.7654454475619574,3.022479529381845,2.5206363387861375
7840,pop_0,3.488233441023796,2.3786694555566976,3.1640295767940163,2.4714162066269947
7841,pop_0,4.072944799633274,2.695750101926062,3.6539881943617454,2.456211583076754
7842,pop_0,3.595059716875612,2.7774925300775695,3.198087022412598,2.4004820117148045
7843,pop_0,3.2867892734443047,2.736766591142726,2.8556318741499513,2.7243175067969845
7844,pop_0,3.7830735824497146,2.7839410603149464,3.2259228238277537,2.542412546880434
7845,pop_0,3.6784011583960194,2.572217879232451,3.5103008481579545,2.4237644804573475
7846,pop_0,3.470172616343886,2.409056378904815,3.260350743704919,3.0380933510682193
7847,pop_0,3.2934555314258374,2.8394875139955875,3.285142000200607,2.6933001459715538
7848,pop_0,3.4477210831990823,2.7653985137409296,3.635927980737652,2.4989017139101164
7849,pop_0,3.37733193561314,2.5179652891926367,3.6070610494248103,2.8431112438152075
7850,pop_0,3.952466881497473,2.4905535499627987,3.3074024392918666,2.6259195307057652
7851,pop_0,3.5815467466299986,2.3783809166903285,3.2758579817590836,2.913042024353076
7852,pop_0,3.2101226988243012,2.643993697240751,3.3643061743646596,3.1102068009766164
7853,pop_0,3.41573155322834,2.6505674935711916,3.0219769430308556,2.765274858401468
7854,pop_0,3.85367392647551,2.33538735296579,3.5322522327690153,3.194477974490215
7855,pop_0,3.40481604754949,2.6450650397094813,3.498328241792133,2.536630630213075
7856,pop_0,3.465235783971663,2.498793142617239,3.7950262961275,2.498749943524749
7857,pop_0,3.3561800801891692,2.6662004235042627,2.7225557987882225,2.3009596339727256
7858,pop_0,3.1888192229413197,2.813460031623814,3.6330969688972083,2.242405319563074
7859,pop_0,3.256802710415351,2.788047008704531,3.1755024897342463,2.6883847911353795
7860,pop_0,3.562101537589417,2.8001622750685233,2.9680291337925224,2.4088636583837157
7861,pop_0,3.8555213707921743,2.87902859786684,3.2489115959733024,2.7920501920477667
7862,pop_0,2.9866066365051513,2.710645857590171,3.1873719803656764,2.6998691530116203
7863,pop_0,3.2571746373013877,2.826450177853937,3.116133984221752,2.533788191594001
7864,pop_0,3.63736649676943,2.34559922367786,2.948208011707455,2.709372894448013
7865,pop_0,3.5233458641447886,2.4029844837124363,3.00677288261173,2.939982076579012
7866,pop_0,3.0568946726232973,2.504316778883783,3.3158503396770387,2.674180281910265
7867,pop_0,3.6656348127217564,2.486002920432705,3.2725446410396186,2.9205973841200827
7868,pop_0,3.15959754699591,2.846246410780945,3.2970465200790615,2.9001435671757005
7869,pop_0,3.4701169032530297,2.5018649705393643,3.295748586931164,2.43513535914032
7870,pop_0,3.725579409870124,2.495327527146361,3.4804757672967197,2.696674402343944
7871,pop_0,3.3084670367173454,2.7421137361226555,3.0665578997618703,2.4924379424183605
7872,pop_0,3.489015151041135,2.578442581530072,3.4218242982457663,3.2050921374266275
7873,pop_0,3.6934806206208504,3.1697787582002506,3.5332842629631838,2.916407371888655
7874,pop_0,3.060708687724302,2.5234197735955872,3.126261144350669,2.7368563321823327
7875,pop_0,3.801537915948082,2.8934757069308725,3.3784846618099573,2.6469749494672934
7876,pop_0,2.736442892682068,2.7733865559612685,3.192170462543045,2.8815476472841732
7877,pop_0,3.44439542423412,2.2148379827493745,3.302404707761176,2.5052121937520413
7878,pop_0,3.2280431260448377,2.4912495279124474,3.263696811623235,2.7880755187858695
7879,pop_0,3.1489587539404305,2.1596641536040773,3.111740242219049,1.8721338439680593
7880,pop_0,2.7089194953736415,3.1813643021015734,3.4036417760701108,2.9016270652802802
7881,pop_0,3.784976988560028,2.8791655413602735,3.061187303356835,2.6888572655161544
7882,pop_0,3.325566573201448,3.005782381720206,3.110465988782171,2.6432446220484858
7883,pop_0,3.401690025340268,2.5894148405103192,2.809914905551741,2.880349558177549
7884,pop_0,3.615119479013548,2.481673280814473,3.1927536890571218,2.5685279526145184
7885,pop_0,3.2527021336893345,2.138220395603477,3.4964462176822115,2.625887038385906
7886,pop_0,3.682771633009727,2.7363559773197657,3.296055815033312,2.9161178932491163
7887,pop_0,3.6974384523951165,2.6932803302179726,3.347070458088372,2.5732098234675993
7888,pop_0,3.878597820303322,2.1807416993967346,3.373051171656617,2.626156780761211
7889,pop_0,2.9582101808123094,3.2214976261190795,3.3047359492579584,2.914123588887529
7890,pop_0,3.197423291985674,2.718012684883887,3.079028908540704,3.2289317471950847
7891,pop_0,3.5219716514211874,2.537737029832689,3.2462268898498596,3.082920211572419
7892,pop_0,3.904945919541855,2.3998082767074744,3.282582489734971,2.8090464962523733
7893,pop_0,3.6534744328378874,2.5902055161735116,3.613242598379311,2.6003221817441506
7894,pop_0,3.596368538457047,2.7386693685085497,3.152073214406233,2.8823386933081916
7895,pop_0,3.722260164730067,2.4558164959548776,3.3746369498440183,2.542879557151095
7896,pop_0,3.189375759688771,2.2647004885700364,3.42429920980831,2.516120037674195
7897,pop_0,3.4417510557748967,2.870529625931187,3.2920276778917343,2.654666945460186
7898,pop_0,3.3782425125068736,2.9139616037717486,3.1114628013087318,2.2225150114452767
7899,pop_0,3.2691890573012965,2.905560114088755,3.116996966092508,2.3173541577233774
7900,pop_0,3.4749888184341002,2.5824341452525443,3.0473922533091793,2.5623176282775866
7901,pop_0,3.485888069058894,2.6751690820055236,3.2442193383291698,3.050093673598607
7902,pop_0,3.314367099272097,3.0721078005375153,3.35179323395389,2.717795336669188
7903,pop_0,3.3740761610661565,2.7328367775646143,3.062627871819108,3.2469241519399326
7904,pop_0,3.2964508038054467,2.9992482100444984,3.263126162959931,3.1868263659532534
7905,pop_0,3.53412115368583,2.8061091644707017,3.5657137104593546,2.8588936142636094
7906,pop_0,3.8103887014170805,2.7025908278522146,3.509031268849898,2.457384353152827
7907,pop_0,3.5423804570233166,2.7480745236183135,3.364087157483783,2.7941797032995144
7908,pop_0,3.6247428444929692,2.6181398603395323,3.1408919081909183,2.4961666003178147
7909,pop_0,3.01608394730663,2.827874613299467,2.9753182588007108,2.3727012658539133
7910,pop_0,2.9670067311199317,2.9069178010389214,3.317564735415032,2.690772523507086
7911,pop_0,3.3282205981609665,3.2227951169961746,3.2499470099197056,2.9786128587806577
7912,pop_0,3.381105118461088,2.735106589512101,3.4889802580955545,2.485547932519886
7913,pop_0,3.577265285324713,2.7226715285727283,3.2585350295202047,2.5829553408032706
7914,pop_0,3.301033922068781,2.9258310499811495,3.109127311621876,2.9710906732133635
7915,pop_0,3.3965119678343685,2.668784612501697,3.2219231458603823,2.520717414914676
7916,pop_0,3.6710517783708125,2.5591478576784024,3.0962552203280005,2.329986833004804
7917,pop_0,3.7050375410327283,2.487307430476574,3.1373594964330787,2.6907942113036496
7918,pop_0,3.517886038285239,2.3876846095938444,3.4573196993141284,3.158460295005151
7919,pop_0,3.5398335008856723,2.7308066571896132,3.725568135645448,2.3661713412845478
7920,pop_0,3.4491784670988896,2.884083091238132,3.1595055539067376,2.7953352357869097
7921,pop_0,3.231453045705197,2.835930853712867,3.2206564562269078,2.4951983902329955
7922,pop_0,3.5910075819558402,2.6933134519748814,3.4208872386216407,2.8579926576357924
7923,pop_0,3.9783034394864325,2.441795430970176,3.4375079861392868,2.207866371394498
7924,pop_0,3.720167460766359,2.093335901042323,3.109559413216801,2.6978599799133103
7925,pop_0,3.165612507507415,2.7682804107112022,2.5002715476522344,2.3170658433469873
7926,pop_0,3.3392229793097017,3.057248538748479,3.002481703748336,2.5874964510368312
7927,pop_0,3.5194605666242302,2.757425716584073,3.094775316935017,2.7668766350497416
7928,pop_0,3.53891575643061,2.572861558254125,3.5318794711102552,2.5662956334004465
7929,pop_0,3.3107698981037412,2.57870111584406,3.1154681753909177,2.6523104978607814
7930,pop_0,3.6294985597841043,2.4480717651977684,3.422194983485144,2.727907989125361
7931,pop_0,3.553483783583825,2.538544986732668,3.168271975481422,2.5943055420964423
7932,pop_0,3.835976515371954,2.3851565580311247,3.1394972730177084,2.793962703127768
7933,pop_0,3.392210939779971,2.6959468336992436,3.3647066459809545,2.743899658845557
7934,pop_0,3.5484258154583554,2.6408008066449637,3.4294406356357627,2.463816062924339
7935,pop_0,3.2364916753994097,2.752097015877634,3.2397690527730667,2.8530745454011037
7936,pop_0,3.433918186731508,2.4927634889090475,3.00627062500201,3.2427371839233854
7937,pop_0,3.472863031117528,2.643865454558935,2.8843812768566757,2.505885349854487
7938,pop_0,3.0646096944417556,2.999508743531403,2.9210453492893356,2.7281923725485586
7939,pop_0,2.944469847243125,2.7761896779110615,2.953426897565937,2.639689705565943
7940,pop_0,3.4939933774197085,2.767242923925605,3.3508329509915358,2.697894007560333
7941,pop_0,3.4435340493838185,2.9067783294269534,3.3618512105389415,2.6785483174258333
7942,pop_0,3.5384317926417785,2.5426138175947095,3.02528855281699,2.6590804375646937
7943,pop_0,3.5387082518934285,2.829088182014348,2.623317125398332,2.8300473101281662
7944,pop_0,3.4486624771162697,2.327609738470626,3.3713405047819087,2.3907400363976667
7945,pop_0,3.4806362498049883,2.5410311666311713,3.004123502193789,2.4311777352409094
7946,pop_0,3.5188148809439963,2.584719208759074,3.829483894622256,2.575175228994082
7947,pop_0,3.869985068541994,2.634381509122661,3.3441996956918154,2.468541849973529
7948,pop_0,3.261527780088497,2.69960007188564,2.881774943099382,2.5590749049073587
7949,pop_0,3.5640835537270337,2.5196100163896515,3.2535407584378158,2.560669909173418
7950,pop_0,3.5820026415274033,2.6426949799503903,3.5913857409828323,2.720411391619597
7951,pop_0,3.543277463924061,2.4293699915563134,3.165853281265071,2.626419632748738
7952,pop_0,3.2221002195947586,2.662589687791324,3.015863645946892,2.2417045851290562
7953,pop_0,3.6921548408366034,2.757365915873963,2.9123950829164285,2.7945870812211018
7954,pop_0,3.622234711332675,3.041870985819215,3.221019827770653,2.394062934262954
7955,pop_0,3.4663540409091076,2.350079493805891,3.3884225797066323,2.3917032501327067
7956,pop_0,3.3064944795045887,2.7631537012283993,2.907795351738518,3.0047416287658546
7957,pop_0,3.64121605093468,2.6758507019311724,3.6227874410257725,2.333803165852826
7958,pop_0,3.452987484487521,2.704908772733974,3.290713420766162,2.479954474883585
7959,pop_0,3.0388984171870064,2.7290056835235927,3.5506283488220056,2.6942849392939845
7960,pop_0,3.2758307681724257,2.613614977041821,3.3316805557429285,2.6350837360000035
7961,pop_0,3.2637967543495496,2.57490799331672,3.3543642221679297,2.6713292193410143
7962,pop_0,3.6772801953249497,2.559014671345719,3.338021712167118,2.5017729451831037
7963,pop_0,3.776118036982556,2.664818206999196,3.258578360273663,2.4067897722043914
7964,pop_0,3.47093065228711,2.6146557636562595,3.6014280432285926,2.3731761726724847
7965,pop_0,3.7392002567518405,2.3798854946781143,3.3084393411092545,2.300603787720753
7966,pop_0,3.39295476721831,2.4474374246789337,3.3886871895570763,2.853256991101691
7967,pop_0,3.3415084789128016,2.7277004916921253,3.1245741685320394,2.375818347271118
7968,pop_0,3.6859109144563442,2.616092282724231,2.9757566727786253,2.5211826632230503
7969,pop_0,3.4810437557319176,2.5259809884618694,2.9702189258556677,2.65992064367326
7970,pop_0,3.1806401041148753,2.9077626361368134,3.245767162428978,3.021521648410584
7971,pop_0,3.269182242078438,2.294695983650429,3.228029017589323,3.021692815562624
7972,pop_0,3.3032649890327,2.782904951803545,3.7062146164888627,2.2338232487929863
7973,pop_0,3.6400225541014737,2.660726062334366,3.076216958073269,3.14959741420716
7974,pop_0,3.2358736446246725,2.6508872396125844,3.345133711228238,2.6191047338231055
7975,pop_0,3.1308519335254017,2.9731558928423185,3.271986728203038,2.4901151123588106
7976,pop_0,3.4576287592395865,2.8066750446226507,3.198709018179383,2.492727143498304
7977,pop_0,3.1959797101083827,2.8086161280391084,3.125686313610165,2.732296203757421
7978,pop_0,3.162439258045223,2.580334209710872,3.088175603343273,2.8848668155480954
7979,pop_0,3.551137598349243,2.685468094024631,3.2946603726296457,2.8060870229817287
7980,pop_0,3.6628974640608725,2.6976245055544315,3.3687900817144385,2.7046210099768118
7981,pop_0,3.249113757997409,2.9293730987208675,3.4736915259548087,2.8248776195069265
7982,pop_0,3.6787483818314746,2.6006754697970087,3.3350329630676154,2.422989802920933
7983,pop_0,3.479392555079979,2.8583942328419827,3.387026885629926,2.5760552803161
7984,pop_0,3.7915505955592166,2.4456140417006393,2.8766557627206715,2.3276779609401057
7985,pop_0,3.4809438749534314,2.42554222579811,3.1809852147933144,2.384096175161579
7986,pop_0,3.12510583708181,2.8393779323503328,2.8721850382823297,2.566779449366775
7987,pop_0,3.2577494598911945,2.8016611973059415,3.089184046588895,2.881384575583952
7988,pop_0,3.0967314286055605,2.754766576353856,3.254288013401679,2.4440193704398014
7989,pop_0,3.444699426371829,2.863943647750642,3.0806391265208872,2.8254369805580675
7990,pop_0,3.6234808824527285,2.24444528047063,3.3976740185733143,2.036213368703468
7991,pop_0,3.4452809540684632,2.4119890327712494,3.282232416265346,2.3921039844726817
7992,pop_0,3.624211813552618,2.9355228897611227,2.882299809878246,2.708018164425897
7993,pop_0,3.426389532321176,2.996080632873205,2.593298589930521,2.981200078820876
7994,pop_0,2.9912408855347663,2.9583538090265864,3.405035812630036,2.6172864172137444
7995,pop_0,3.427786470571282,2.9472414795220394,3.3601744814419545,2.870087110081568
7996,pop_0,3.837966297906402,2.491342100797599,2.7679371931090904,2.908678855912582
7997,pop_0,3.245397680006045,3.0962708216644215,3.142517973583631,3.189339208892759
7998,pop_0,3.4293934867127787,2.666630106198446,3.312465172775909,2.816665733002631
7999,pop_0,3.5664473065971665,2.3288561830907177,3.121131747295517,2.702934607399551
16000,pop_1,4.15316050591144,3.1478894544157674,2.7709625031988026,3.3363348320763504
16001,pop_1,3.7373347715744307,3.194635272979451,2.8513155052986283,3.1063259423591294
16002,pop_1,4.178288680800916,3.421509679990637,2.9813567320966063,3.137195565656686
16003,pop_1,4.161808871191712,3.163907324844095,3.4832934237267508,3.5013042647417016
16004,pop_1,4.2714313191601905,2.9060048819616737,2.813057393618235,3.6422825064766577
16005,pop_1,3.8665945861307387,2.9761467082738133,3.0087329547498074,3.3053002904887174
16006,pop_1,4.307717580067311,3.213047192520373,2.522910613789929,3.6093006579408193
16007,pop_1,4.255290018372995,3.130744601686174,2.5880557774673356,3.5875739833800284
16008,pop_1,4.31464278210151,3.4444783884648063,3.0445328044923152,3.543716917458703
16009,pop_1,4.097547169749306,3.1485490772579725,2.7951891983703465,3.230621304983792
16010,pop_1,3.9742141925916292,3.163467008190265,2.881325873320771,3.3069769917370544
16011,pop_1,4.067813979897533,3.2677564148056972,3.33958575324966,2.9759292847351686
16012,pop_1,3.6894380747450675,3.047678860669266,3.2968386804034773,3.458044831381371
16013,pop_1,3.7866602226429156,3.48116478944365,2.5190501419451787,3.0356284714546904
16014,pop_1,3.914734078066257,3.4767339041191256,3.1936503845292115,3.1584504030627585
16015,pop_1,3.8093440881724963,3.1121580703304863,2.7534611917124345,3.2399998755530337
16016,pop_1,3.798948045384545,2.7976620376551606,2.5369265383117265,3.846892418111307
16017,pop_1,4.003016545486453,2.794325141794634,2.543538972724321,3.5261147080912547
16018,pop_1,3.862477576614808,2.9698825914623974,2.829672866144241,3.3100749784243
16019,pop_1,4.109232995309514,3.2509138591960713,2.960630687735018,3.6827895032066
16020,pop_1,4.172359911322227,3.015820221560299,3.0930320271004206,2.8406386266584147
16021,pop_1,3.9901190567186733,3.2172976018857824,3.2889520735774043,3.377725611075059
16022,pop_1,4.19787607686741,3.5533146899764914,3.0036967253952147,3.4264360447533333
16023,pop_1,4.0478408354093505,3.5939824613124216,3.0634027007774103,3.539144877132512
16024,pop_1,3.9586848844596942,2.9171799290216542,2.7853063599053423,3.1470629249350535
16025,pop_1,3.754018948586258,3.070113418517092,2.890157696482632,3.7165150602646086
16026,pop_1,3.8839166389783943,2.608557189959388,2.6945421213006515,3.305869708244491
16027,pop_1,4.098732174319464,3.6451969739667915,2.980679452221445,3.4268290364800587
16028,pop_1,3.862072021150387,3.2661259197226427,2.919754346218462,3.911925956652391
16029,pop_1,3.9097126366695947,3.3137063588350237,2.9904117442944185,3.11123689942793
16030,pop_1,3.9897590419547453,3.1973541543577517,2.944453352670047,2.4267889806574043
16031,pop_1,4.474618264897993,3.1837482627282387,3.1181452360143203,3.0610414784984568
16032,pop_1,4.671354230028769,2.940957842892538,3.0621721256362524,3.182186546289122
16033,pop_1,3.844605341539056,3.1632347368975298,2.836553610851892,3.188217785317029
16034,pop_1,3.8471325118367283,3.3746162406424522,2.4179225526749404,3.6214646098371204
16035,pop_1,3.9353203098972185,3.2352716075127694,3.034296197030859,3.1721163044346063
16036,pop_1,3.9210116395955037,3.4095093648105914,3.064172849401928,3.301763603540742
16037,pop_1,4.449310938050046,3.258777179336279,3.0816429625268964,2.996070401051707
16038,pop_1,4.057156263663472,3.0220128335796126,2.799039898079449,2.8001953115575993
16039,pop_1,4.525313595224556,3.3204475630241213,3.1526191753520143,3.305751618153476
16040,pop_1,3.91938100710605,3.1980576456709455,3.0583734007820875,2.813395079039962
16041,pop_1,4.208527573643476,3.3359629838388303,3.29387007052931,3.3018394738726964
16042,pop_1,4.1467945744217625,2.8884086694411284,3.2716621019982806,3.431678396810582
16043,pop_1,3.561725922894935,2.841259793363605,2.7670715445597476,3.5115410960418485
16044,pop_1,3.849559441474376,3.290238642592758,2.7597201688770365,3.2513874990881804
16045,pop_1,4.745950127558482,2.9302619263365908,3.1235198868716316,3.2673952162714306
16046,pop_1,4.201669828990516,3.751940079897287,2.6791015208233007,3.6828429010607815
16047,pop_1,3.9142374426652777,3.484026980837009,2.9055903258634572,3.4451937048179646
16048,pop_1,3.901074724388524,3.5521434997698265,3.0631205754108723,3.367033324862648
16049,pop_1,3.6480645178936166,3.395811808790558,2.853621453446124,3.4498288299563002
16050,pop_1,4.383374428441596,3.062325013492248,3.134926398868774,2.9030156937977254
16051,pop_1,4.081620062975165,3.271544139423438,3.151249433511731,3.194684536064895
16052,pop_1,4.323139979588991,2.959313102773562,3.2227415356584874,2.8277020700549285
16053,pop_1,4.123287623217769,3.39275056927432,2.8894799608704806,2.966089430174495
16054,pop_1,4.105059052548708,3.34158426769334,2.8327543617292523,3.5366735601734103
16055,pop_1,4.434118799667282,2.9017254766044935,2.8800052888363012,3.2943251416358392
16056,pop_1,4.19038694997938,3.234928120162914,3.020234240949318,3.090482847738615
16057,pop_1,3.8671333300045334,3.4525389633755057,2.754334678526724,3.361878194048427
16058,pop_1,3.9705223053067327,3.2550291617655556,2.8932617899273683,3.4893875353394392
16059,pop_1,3.9170775539513776,3.3497178145090634,2.811701432597688,3.3424337909860076
16060,pop_1,4.258802656688474,3.4747004103835386,3.3429855452682222,3.518318207285171
16061,pop_1,4.227505577167574,3.3829974893440853,2.9676719154657007,3.7779308831770573
16062,pop_1,3.9556718153329244,3.77024796787968,2.7525239885733814,3.078236061359587
16063,pop_1,3.766166472603441,2.822448357401207,2.8181468532633898,3.545793887661285
16064,pop_1,4.465773028639714,3.7609343114514977,3.4825596023437226,3.7018402893721625
16065,pop_1,4.239601228753062,2.9565858654378037,3.0038516060829155,3.2392744458925073
16066,pop_1,4.33258712949691,2.995272694717928,2.8431596996500828,3.3695302528747466
16067,pop_1,4.488047885852009,2.998039145609923,2.8440613657622222,3.6233210354252314
16068,pop_1,4.350002913008525,2.876436663770161,2.861527120712907,3.4024369645513928
16069,pop_1,4.186963864153431,3.2155096942348176,2.6923240146598495,2.9850444046136726
16070,pop_1,4.179002151655987,3.200340493788402,3.207603038544594,3.164759516491271
16071,pop_1,3.94286638340969,3.148304896477893,2.7806504922316106,2.8357048554095194
16072,pop_1,4.3981494408663435,3.4085030715791134,2.878306782996883,2.9683989327814593
16073,pop_1,4.309052059241757,3.6081415340964322,3.127126375584319,3.341524558596518
16074,pop_1,4.003886997432778,2.960811021108996,2.4584702430821364,3.4022033105780136
16075,pop_1,3.9674059662162624,3.2887086237175867,2.7942067302922564,3.293417541939567
16076,pop_1,4.260237330169043,3.1368735010370954,2.8662500567051534,3.09375626699875
16077,pop_1,3.7808520139933286,2.9778375921915097,3.1486488149092735,3.6681656895213295
16078,pop_1,4.165768338131267,2.9515317306026434,2.7890578683388676,3.335352124898616
16079,pop_1,4.502457598022831,3.492593807950523,2.572326047878661,3.2793649181687945
16080,pop_1,4.252549503158521,3.5205659942782237,3.253571974635806,3.037339951965675
16081,pop_1,4.077256123268919,3.215721572663062,2.6373013948834605,3.5333890972834037
16082,pop_1,3.9977587363970897,3.1630902067359417,3.0125006933056993,3.3979697135089073
16083,pop_1,4.133856546575588,3.061309798222857,2.726915772154637,3.3566243981032367
16084,pop_1,4.4055367451763034,3.365078598481326,2.8377883169408626,3.1036320699788145
16085,pop_1,3.986171286556547,3.231011377889416,2.7601718642730373,3.6538244610648687
16086,pop_1,4.043626413842963,2.670430584394867,3.0893721593295074,3.26148422902548
16087,pop_1,3.7917799080952577,3.2810750675634384,3.1977857299938366,3.15046676918501
16088,pop_1,3.7274119823642264,3.0177977487162284,3.0688845011029318,3.602636426197929
16089,pop_1,4.581559171349412,3.2249883876467136,2.832637160279182,3.4015543558056374
16090,pop_1,3.9454759735675546,3.0445295226308415,2.8721847931653914,3.1173371882000342
16091,pop_1,3.4875250137237153,3.1554038957716837,3.0296250670044866,3.109693250088665
16092,pop_1,4.378929134173473,3.006754049301403,3.0879884395118147,3.31676051049796
16093,pop_1,4.625978798432868,3.6919200724277954,2.7185700461924416,2.9391264013903573
16094,pop_1,3.843606436544362,3.2969627916898805,2.9469650289282145,3.3240684695076714
16095,pop_1,4.338757108627434,2.717378176609245,2.879695486934076,3.312262254690833
16096,pop_1,4.225521013186592,3.309079850129843,2.9549775529255666,3.4356499206128923
16097,pop_1,4.000278090242064,3.442305235183743,3.0858727665745342,3.5179443675866273
16098,pop_1,3.914195461705847,3.2512033454440536,2.8015353808113495,2.8913716824579954
16099,pop_1,3.836147252142149,3.3131965363748392,2.840416729579653,3.680660607175832
16100,pop_1,3.9880973261236172,2.7712247749233123,2.6245862821920287,3.574157277209788
16101,pop_1,4.068803580675023,2.999811742034261,2.7768362210509885,3.223047314489923
16102,pop_1,3.845897589823472,2.9579809424087338,2.770010850411641,3.451718829414322
16103,pop_1,4.195408226206856,2.7793388417013505,3.1213076471063514,3.0663402756099103
16104,pop_1,4.594044038648198,2.763278627563499,3.4358746976373853,3.356987369891782
16105,pop_1,4.212429513879622,2.6713736322756176,2.9242457459058295,3.260356631500948
16106,pop_1,4.4433789489530815,2.9232061675772485,2.7287568840335736,3.3056209245811536
16107,pop_1,3.7477305793263533,2.7136408450825686,2.8653541869389807,3.375371610688378
16108,pop_1,3.9057959637420456,3.2952857049384563,2.8499429310799878,3.0664384816535475
16109,pop_1,3.682363389965519,3.088032190518348,2.4524048617759093,3.1225490156053204
16110,pop_1,3.9965756870534066,3.4879832024928437,2.5202318309916323,3.70277425232146
16111,pop_1,3.7707366275163787,2.778950248575533,2.693848204726204,3.6182682993516395
16112,pop_1,3.936900174993769,3.284668695307079,2.9358535167482134,3.670797254742412
16113,pop_1,4.102784638036444,3.338239973233766,2.799709796228241,3.5753630191516272
16114,pop_1,3.92653264950491,2.612768372197995,2.7168358030316755,3.547061041973233
16115,pop_1,3.959358484700738,3.640556212837731,2.8879168114165608,3.638794093940103
16116,pop_1,4.058037219091327,2.8537764887355523,3.237274272005186,3.2905211382623563
16117,pop_1,4.2156724829271255,3.630574133491402,2.724096714112746,3.412360726020114
16118,pop_1,3.8911931655826115,3.652755511166875,2.7920695799818707,3.3425693145287814
16119,pop_1,3.4805374348892943,3.1303918752550377,3.021799418250875,3.4137088642285134
16120,pop_1,3.8165375926135376,2.881982953617338,2.7780400503622293,3.488708722492403
16121,pop_1,4.282868294775021,3.718621390009127,2.7893707486865824,3.4735143851858052
16122,pop_1,3.8655343761511403,3.360607992752324,3.365775248511559,3.332692948164971
16123,pop_1,4.099349262320487,3.424309392903034,2.897563410819432,3.177311539413233
16124,pop_1,4.5517361071517115,3.5037357608598576,2.5657629725364295,3.9633396528856446
16125,pop_1,4.221963020232173,3.4370139709221887,2.9420947923863996,2.93083236887791
16126,pop_1,4.024127295775506,2.940353564489121,2.955115475885459,3.163621029750719
16127,pop_1,3.9875013404786914,3.2870152951456344,2.773044617387998,3.8702762970104017
16128,pop_1,4.080142397810888,2.9242105390719564,3.0162073323740475,3.19672181164606
16129,pop_1,4.095704504797546,3.1133438845241175,3.401778837410439,3.087782593642676
16130,pop_1,3.6685288391442237,3.1051737865172457,2.400182029397252,3.953175801277088
16131,pop_1,4.378064379329738,3.665110413169846,3.2716195147766465,2.853023561926425
16132,pop_1,4.096758662239016,3.3376529611865884,2.932495050404777,2.7427797029606036
16133,pop_1,3.7817712037630042,2.9935738522551008,2.660074049094682,3.2431819814582528
16134,pop_1,3.7898770330135627,3.1950332947417768,2.7851117906613054,3.2563990573497965
16135,pop_1,4.266668773180293,3.23359323876986,3.3669112434561166,3.7050195348072585
16136,pop_1,4.462078452715598,3.1166572446270413,3.385339652910173,3.1763831286595696
16137,pop_1,4.15554591509294,3.214848428208018,2.8482351409610875,3.498048987619785
16138,pop_1,4.464157214858131,3.7173010185557143,2.503176603272901,3.6369313553179263
16139,pop_1,3.963250685391498,2.901618811822778,3.1082500220740434,3.5013102711749187
16140,pop_1,4.454469751071475,2.778685491476386,3.1947357642379797,3.369626414643427
16141,pop_1,4.146023829586898,3.1465589989066176,3.134057335845831,3.077949238294206
16142,pop_1,4.106058789639318,2.8608397794747775,3.116379927665863,3.3777819400678784
16143,pop_1,4.354277540385966,3.5587759059373147,2.5861160310507767,3.7842717285044594
16144,pop_1,4.074034372732223,3.6026140555272126,3.168452715350588,3.3066903992867793
16145,pop_1,4.332623726892945,3.1787659329957685,3.126126695770228,3.3845618158465522
16146,pop_1,4.189496328438294,2.750564093468206,2.9055700808236202,3.4274053768816377
16147,pop_1,3.5981813896131465,3.0672983912577876,2.579719791328963,3.0762279283624916
16148,pop_1,3.659550889085991,3.6049653201219813,2.8253781566845735,3.358624418040506
16149,pop_1,4.060611288158959,3.371082607615319,2.783536271117684,3.4455573928737677
16150,pop_1,4.0629913967809905,2.788579341222561,2.482988129613464,3.6710601563916407
16151,pop_1,4.307895803989216,2.940378066894071,3.0025069322250957,3.1716238021567977
16152,pop_1,4.347149485669353,3.038776652100781,2.54208077117248,3.790657294834207
16153,pop_1,3.9602729646847936,3.328032398953613,2.763389592510057,3.233368731876979
16154,pop_1,3.9465359495027696,2.947038092221842,3.0373162266518343,3.4712639371536023
16155,pop_1,4.106132324492044,3.456313239127617,2.966468918389387,3.0410049038357485
16156,pop_1,4.467378348366305,2.6065259806264502,3.0165940389919164,3.181276110871467
16157,pop_1,4.12598179822135,2.711892451815752,2.9056172425743467,3.5091288111598877
16158,pop_1,4.068631763628425,2.876687900983697,2.788703550642125,3.162302962876025
16159,pop_1,4.2635186473154345,3.46173881455795,2.8282841857181684,3.3096655215659525
16160,pop_1,3.9901518638538565,2.993717103288313,2.895320479235353,3.6134695133522374
16161,pop_1,3.703136903465839,3.294272283309054,2.6435037367572343,3.036762565532887
16162,pop_1,4.306526986688571,3.1659402321089423,3.017748370053896,2.9579230271496284
16163,pop_1,3.8900324013228262,3.3353322624330466,2.9126937814396268,3.5664981222157364
16164,pop_1,4.266706595406925,3.7510527908214444,2.4168254856973412,3.374086984323915
16165,pop_1,3.995712243478756,3.4152757112217356,2.6608183022782557,3.319889944773477
16166,pop_1,3.5069262056199517,3.537430931210037,3.0177748832651026,3.45317154717733
16167,pop_1,3.73697971715374,3.293587219018117,3.2119476953324186,3.378741322656945
16168,pop_1,4.199133200467767,3.1378369309093483,2.7090347596880227,3.401363388140574
16169,pop_1,3.7853830482734168,3.015319803959711,2.661057060278407,3.9153004923641226
16170,pop_1,4.289606065870021,3.137255075461644,2.7681919263274897,3.8202934754510824
16171,pop_1,4.353146196859143,3.13119412286449,2.7734506621625257,3.5499744256916923
16172,pop_1,4.164507328949704,3.071244789456188,2.5402886023455324,3.688814843702126
16173,pop_1,3.782733899438055,3.1475633237518994,2.868963167056487,3.308771133384454
16174,pop_1,4.30679465863442,3.613271207830658,3.263716676980469,3.066069489346944
16175,pop_1,4.033644800768898,3.5754572689764754,2.825665824280727,3.3449096621811236
16176,pop_1,4.245422018201206,3.2907610434176036,3.08728887438253,3.60612455965426
16177,pop_1,4.033260627604351,3.6813928842969545,3.023735167538424,3.0224938774857426
16178,pop_1,4.195692421922222,3.237388603512349,2.911567138555908,3.0953464229054406
16179,pop_1,3.802578461956237,3.5477072827718037,2.493569508525947,3.1922796939432008
16180,pop_1,3.966618250800532,2.989285006243493,3.094594843921104,3.3411183292444324
16181,pop_1,3.8492094281769376,2.8978648463814007,2.648386637704788,3.353280314752065
16182,pop_1,4.400627027999281,3.3549993130000195,3.168677917825683,3.3684724086133673
16183,pop_1,3.5127365692983124,3.3595188745428493,2.9378508443264346,3.092677196341339
16184,pop_1,4.498421602681018,3.0639972170967193,3.0582112539062445,3.782862192799013
16185,pop_1,4.48884657966675,3.3095378300836775,3.0342944397237255,3.460847801915133
16186,pop_1,3.9351007144284282,2.923195313122981,2.533255563247123,3.2620479990700764
16187,pop_1,4.258397353487687,3.481126378066389,3.141474582993806,3.3396508875864597
16188,pop_1,3.6289613918755608,2.977527556828059,2.7267388135634176,4.021732947655637
16189,pop_1,3.989794670961153,3.068506317444458,3.0590429082896975,3.2973900117370394
16190,pop_1,4.71223751047165,3.460918862667721,3.0473448590289545,2.96064175572713
16191,pop_1,3.8557663371617723,3.2211034642369443,2.7792075775903045,3.5607547611841306
16192,pop_1,4.575910176563201,3.1751010092654246,2.796427554370011,3.6794875497540516
16193,pop_1,4.259365940208043,3.3331210467028947,2.841010134255387,3.6333126840012735
16194,pop_1,4.116879087291941,3.3070686540875114,2.8128629316061016,3.1659449400202346
16195,pop_1,4.427817818900745,3.09061376362259,2.9507099373036043,3.66194654130848
16196,pop_1,3.6068676706024,3.112505862272459,2.979383446825118,2.9178205994824267
16197,pop_1,3.7072553594056146,4.008490258975236,2.9905663390198067,3.426933680632659
16198,pop_1,3.920495803479382,3.4185539284946667,2.7308878913499974,3.1146830254371523
16199,pop_1,4.441263799027897,3.499853744109017,3.0094039349969677,3.0858536957869718
16200,pop_1,4.024046658814914,2.986085796272173,2.858530884468351,3.5184364458689936
16201,pop_1,4.1673607580748415,3.3338753457688033,2.9176555496515526,3.6485155448045528
16202,pop_1,4.234486843621819,3.5755561493977197,3.051114009585659,2.890708209068555
16203,pop_1,4.160468574456689,3.2935974652073816,3.2935355697723723,3.4700356716957557
16204,pop_1,4.2297727980121085,3.15925876380857,2.6307349361396133,2.8863592185538485
16205,pop_1,4.066591089006884,2.8188625390198343,2.701131027877042,3.4040577613491187
16206,pop_1,3.934797978136723,2.8411916763432714,2.6667943203704283,3.4421430568922355
16207,pop_1,3.8764395758871286,3.4555697229893716,3.0323261173300633,3.62393628671262
16208,pop_1,4.358302262742285,3.5204714487298308,3.125415434824194,2.9895015869273918
16209,pop_1,4.314795223759795,2.630830885705123,3.055023552200431,3.374698573312362
16210,pop_1,4.059270960857246,2.66154505494766,3.0570763113322323,3.0096011346236824
16211,pop_1,4.618467483505942,2.6857482623775653,2.906938683559342,3.157930425257188
16212,pop_1,4.296871040076203,3.1370352634822756,2.8269345859719572,3.0314588431477
16213,pop_1,4.442016425305959,3.263620776501866,2.911697191958954,2.918361436735553
16214,pop_1,4.07039163368349,2.7874275584110255,2.663722511006805,3.7017783239611846
16215,pop_1,4.038444239520928,2.8145153658870385,2.864678715086936,2.8162867745986375
16216,pop_1,3.821066926349622,3.2293596917406564,3.149410688020371,3.6656882329681366
16217,pop_1,4.017841456069513,3.3110432782621797,3.1916792323507552,3.6670058300729913
16218,pop_1,4.375600394199768,2.862618228061064,2.9232442420451696,3.315462673933794
16219,pop_1,4.045321494728081,3.3981431536359996,2.568358074628489,3.7460964898764444
16220,pop_1,3.65427033305835,3.116230947760308,3.423326703504405,3.4946336671880665
16221,pop_1,4.393243478157262,2.8484987557292047,2.936086242904633,3.464986462220845
16222,pop_1,4.002007824473838,3.0465566007296174,3.1398173882352234,3.1364575038753375
16223,pop_1,3.8162753950322044,3.091318264321574,3.2071090132340583,2.9088527270339295
16224,pop_1,4.005149564011596,3.4546689259909766,2.9855780751401415,3.7120488933643436
16225,pop_1,3.8737197550883784,3.0718964747693835,3.0844271751621575,3.552218170194062
16226,pop_1,3.948967041472963,2.5405797168442037,2.8308031662232387,3.383132949079342
16227,pop_1,4.4268623106993985,3.364735021983368,3.4281740204340574,3.251925856706484
16228,pop_1,4.076559894059243,2.8344766330177533,2.846363753813761,3.329167698463732
16229,pop_1,3.7829205874291247,3.2173764213514584,2.9789711740676355,3.1371210460613965
16230,pop_1,4.1553051195111985,2.862046154417614,2.7361681380425114,3.4949627285094107
16231,pop_1,4.461143241590435,3.3657406678024895,2.883545424591644,3.3496787950528004
16232,pop_1,4.58785127396391,3.2756514940992045,2.7913849310932854,3.363271778759018
16233,pop_1,3.5813541399554443,3.2695178267248632,3.208623278049513,3.15091233830774
16234,pop_1,4.116411584774852,4.1561847059525014,3.0640464712371407,3.242661807095437
16235,pop_1,4.12074611807317,3.467481338031535,3.1443396855646797,3.355829620595702
16236,pop_1,4.24250057986059,3.6035621997458622,2.9047000880604457,3.409419886920436
16237,pop_1,4.39619185191806,3.497956114009291,2.9287308267147854,3.5319273741123096
16238,pop_1,3.8399779715681652,3.1463174875013076,2.8411704366591803,3.123283922086955
16239,pop_1,3.985360012077426,3.2726266473848638,2.832496159337057,3.4755646251471286
16240,pop_1,4.182612979546722,2.9706719287932253,3.2378000741455657,3.776481193126008
16241,pop_1,3.982206057486308,2.857536947494178,2.9951094051581313,2.747281514028364
16242,pop_1,4.1407173403444535,3.5406282338055775,2.862923403313064,3.714888146146764
16243,pop_1,4.517140435663595,3.325676442664798,2.7813592941584115,2.7815134964913577
16244,pop_1,4.330007383813291,3.4631336790516936,2.85816356383755,3.5864783708237122
16245,pop_1,4.36701024314385,3.007866282936281,2.9755646895317467,3.6789556503010177
16246,pop_1,3.753599742417168,2.5964715698173713,2.8110448808083044,3.0603376323862888
16247,pop_1,4.494743116767342,3.3512592615287367,3.029872192784027,3.3623929109442536
16248,pop_1,3.852047183107888,2.6451373610384117,2.6651213205862803,3.2988657317034105
16249,pop_1,3.699014018937097,2.887594009569476,3.082351257237919,3.4325527220824674
16250,pop_1,4.106965877996433,3.1772091985335265,2.8803908610274043,3.128977769663046
16251,pop_1,4.04978802796416,3.017391238864483,3.2900457769785074,2.9388974192092814
16252,pop_1,4.382662083254714,3.7432633130996438,3.1485806162624277,3.257644831893885
16253,pop_1,4.101129609738664,3.084513621576842,3.226691438238073,2.847144679351635
16254,pop_1,4.254941036613606,3.3831686297513754,2.774818848036038,3.439533299043386
16255,pop_1,4.5576800987253945,3.425083396209721,3.251735900069241,3.396284979406551
16256,pop_1,3.929851970959215,2.8173952958442534,2.7086751910777855,3.916278924301316
16257,pop_1,3.9610838182856707,3.0227074303538086,3.410977800243739,3.843444644367859
16258,pop_1,4.206240851852412,3.2179252623429626,2.846888508032408,3.300278078911845
16259,pop_1,4.015158445714406,3.3163143420231758,2.9820000329065066,3.178073528815749
16260,pop_1,3.7473474155472113,3.137893195079513,2.8149364506097703,3.4307578653868434
16261,pop_1,4.232488340912673,3.504370001883579,2.897142205194005,3.7352809129023137
16262,pop_1,4.263603145577252,3.2803573200117846,3.177539485058455,3.2563870843540887
16263,pop_1,3.9141773226365597,3.196970410665389,2.734118730737871,3.331991352125184
16264,pop_1,3.983821663315338,3.241624734124724,2.9024655057874393,3.255045524554954
16265,pop_1,4.466614058557604,2.590612837843661,3.083960448885137,2.9101572664198323
16266,pop_1,3.4063753479172596,3.586660768811672,2.607098592522113,3.416595248626405
16267,pop_1,4.308077220348804,3.2900764578292176,3.0291385786935607,3.181171283560632
16268,pop_1,4.5285396564360605,3.8034825765189195,3.176170424784004,3.2482517852752153
16269,pop_1,4.108501921430166,3.122246644605652,3.3998722391163154,3.094396520299438
16270,pop_1,4.1277838388245245,3.1615166661501473,2.959911404239087,3.7445779465286315
16271,pop_1,3.6096321707664676,3.121353357580277,2.9907642646919026,3.2991787004488593
16272,pop_1,4.091036904917845,3.4929657959626175,3.1728874653636323,3.395338378618841
16273,pop_1,3.966916815130006,3.1690794125825086,3.0970773916054135,3.231508307647986
16274,pop_1,3.486501566630369,3.283027071126842,2.7271910474187364,2.84602930764317
16275,pop_1,3.717537317592771,2.7177881640555146,3.1501110785202653,3.5299567982868223
16276,pop_1,4.240491521712415,3.008251030203512,3.399292321138452,2.7493053754291426
16277,pop_1,4.23409654119152,3.625758640404026,2.8904403274164596,3.084126257912247
16278,pop_1,4.132078734380373,3.09118381952661,2.8207389324010674,3.629348641619256
16279,pop_1,4.328274472506052,2.740211216218329,2.844254382842486,3.7845014182614305
16280,pop_1,4.331149860643457,2.883203850264396,3.0031571459579633,3.40478841578817
16281,pop_1,3.7980993346646637,3.0974745650481013,2.3431026583907553,3.5904893999752323
16282,pop_1,3.8384537972457804,3.246400727487521,2.8954378026134617,3.911697785244024
16283,pop_1,4.076647565263232,2.8747171843000343,2.8299801642440148,3.4407971336926257
16284,pop_1,4.028449414176764,3.1170316404592677,3.0150538507605695,2.8122674160205343
16285,pop_1,4.000463066385983,3.0119850153781718,2.5201111451181815,3.378948794988503
16286,pop_1,3.863180329402841,3.5069343063439122,2.6862940146507506,3.3917809029071213
16287,pop_1,4.069476546462648,3.1112135545276787,3.0561790184179474,3.461976946860877
16288,pop_1,4.1732282553593105,3.3674526960054623,2.815570442787329,3.583835381181084
16289,pop_1,4.776760858943986,3.6203908697110636,3.2334560296167885,3.036187276825219
16290,pop_1,4.379056340389753,3.1185546707965854,3.030071511691799,3.017532689659306
16291,pop_1,4.150610720208058,3.4811908359943837,2.7135189671579045,3.9379963435133627
16292,pop_1,4.024309608241706,3.1088795214757248,3.1464200042198103,2.940902064986291
16293,pop_1,4.231383412046809,3.3480656436895235,2.9948490841496525,3.3442811973560933
16294,pop_1,3.8832175163819738,3.2482861372142837,2.7878970488629844,3.4404280981173474
16295,pop_1,4.3141022157650335,3.1210180970563277,2.744494347656686,3.4731025824860686
16296,pop_1,4.322927492208182,2.8961791554373923,2.6927433678737898,3.3987069909044427
16297,pop_1,4.090290398453914,3.04804778010851,2.8675960161042324,2.9343134059224836
16298,pop_1,3.926365998426022,3.4780506531482756,2.9192321588374086,3.438598496583965
16299,pop_1,4.4396172389553605,3.1170222259515246,2.4718051626135797,3.9896164781825263
16300,pop_1,3.843577370778151,3.024552209269779,2.601949338906248,3.303558629791252
16301,pop_1,3.746960690775462,2.68244932388646,2.998808953076921,3.3124128769830716
16302,pop_1,4.021909242092703,2.750469380881248,3.1557852553512387,3.331811018571077
16303,pop_1,3.7121711107324122,3.492566973924107,3.0272907958879243,3.420600357082656
16304,pop_1,4.335191956237699,3.068209555323123,2.726643687454272,2.81064042337895
16305,pop_1,4.531242188880311,3.073901188366811,3.1551157530611675,2.9084910084338436
16306,pop_1,4.417338787244407,3.292893738517238,3.315369155016639,3.284069241552129
16307,pop_1,3.845937968798973,3.093404359621596,2.973580082668371,3.3791480054370817
16308,pop_1,4.3688706669128035,2.9759427848101607,3.195766256918066,2.938398654486187
16309,pop_1,4.167438104314865,2.95687782610851,3.008263629033441,2.5896213719290175
16310,pop_1,3.9125591678894813,3.188665567157914,2.9431878810710415,3.627882454091527
16311,pop_1,3.935634443613122,3.396449409215798,2.8610889784914395,3.335302175363773
16312,pop_1,4.230344129608068,3.106433633913727,3.1940761217424285,3.265615457826954
16313,pop_1,4.349547955553108,2.8141382811368776,3.2030662654899604,3.0811004445773875
16314,pop_1,3.9704001760601972,2.868872101431089,2.877484657817389,3.2998230519755243
16315,pop_1,4.267903802263212,2.9030845220173624,2.7928480906505846,3.464626342113764
16316,pop_1,4.051393056245707,2.8234457441813903,3.1069359021108016,3.037948911400723
16317,pop_1,4.41544583858247,3.451260688307261,3.1327110401098635,3.325946639649011
16318,pop_1,4.149679280763683,3.2697870929305686,2.9341167493829468,2.957147638587598
16319,pop_1,3.8932063750933743,3.4627773075987145,2.327799359770021,3.485451543545315
16320,pop_1,3.8591595486580337,2.8492615317504004,2.9999485475269876,3.6605983645961215
16321,pop_1,3.3414964094967794,3.278423761801503,2.803090150383868,3.310877762004056
16322,pop_1,4.125314367476766,3.5867853261088496,2.849401570147783,3.3758104320608333
16323,pop_1,3.843727672325545,2.521846800191065,2.5633288403710885,3.1358044447529947
16324,pop_1,4.0021855698103055,3.7673526251145635,3.4232176988343035,2.9998646922581234
16325,pop_1,3.8759643861456525,3.324907756182311,3.1951557526856615,3.2856200472927597
16326,pop_1,4.021279834744602,3.280487730713642,2.9697236547447936,3.1716705884016005
16327,pop_1,3.7486108184051257,2.918358128972614,2.5681464617712786,3.487686797223212
16328,pop_1,4.097118525511579,3.674818731766604,2.855396616063072,3.2559836624686374
16329,pop_1,3.8003524476733905,3.533568749045591,2.722196704439097,3.1973156460260395
16330,pop_1,3.526679748358279,2.975119823048237,2.7547324733178455,3.3737057740906846
16331,pop_1,3.892523692641574,2.9922225330525474,3.0779167449272027,2.7882544831765683
16332,pop_1,3.7097523773854033,3.4666652864468466,2.7917327917957784,3.213774501871897
16333,pop_1,3.8912121492268295,3.778539678270956,2.631515100837243,3.364128412597045
16334,pop_1,3.8539962699993535,3.044138577364571,3.008058207522633,3.2999034391559223
16335,pop_1,4.21339936211341,2.8035341295142686,3.0501275304709985,3.5163845946679393
16336,pop_1,4.602256517661563,2.9545038231323595,2.698404461336049,3.4766821684037605
16337,pop_1,4.249902037987656,3.2219391371099912,2.5260071552372314,3.3193409862961483
16338,pop_1,4.3916900784813775,3.2693004230055425,2.7992163254245,3.276310809378294
16339,pop_1,3.9179099134832214,3.2139525230567654,2.970002812591324,3.710367166260095
16340,pop_1,4.04701643862466,3.011339593439958,2.979673148270167,3.7249466740766097
16341,pop_1,4.230524709520419,3.117821124272853,2.8703088491653794,3.0989295967683264
16342,pop_1,4.002297729945339,3.2928459913330546,3.010397703243961,3.0193550823731834
16343,pop_1,4.797249949237841,2.87647631670129,3.0915630868103054,3.235719876082025
16344,pop_1,4.081141627980992,3.0038529034947303,2.8806266927471604,3.4125940502911862
16345,pop_1,4.225679974397313,3.524024357837903,3.185972618328665,3.140323913979585
16346,pop_1,4.45674443010791,3.0868029303317948,2.9668416426352557,3.4847057221920896
16347,pop_1,3.8001184614642907,2.670988353743261,2.8406309242598438,3.5538292497456423
16348,pop_1,3.5481729628932,3.132836559545972,3.049693388721012,3.6595626979670475
16349,pop_1,3.65351393792405,3.0581515324358843,2.6504156402996,2.928371509016489
16350,pop_1,4.067847971287341,3.0991051069345312,3.171997797011385,3.1529717787424056
16351,pop_1,4.0463132233778465,2.866812454217684,3.269133154348975,3.3326663358035473
16352,pop_1,4.167042053209252,3.2914100735238216,3.0020995469596787,2.590742916176809
16353,pop_1,4.528353552357659,3.075588971275902,3.1339755125007756,3.1160858672140757
16354,pop_1,3.9855527777522597,2.9710440412830756,3.1258661701845996,3.3418989926379026
16355,pop_1,3.9624778672405316,2.982406665224322,2.937551489639154,3.5462984855627337
16356,pop_1,3.9790928508890064,3.039844283079946,2.998507152426515,3.991707274876391
16357,pop_1,4.698296163261455,3.07460694282912,2.9088421405701217,3.469094497181329
16358,pop_1,3.8723587183872477,3.4309952102806474,2.5246411058309146,3.826361854584422
16359,pop_1,3.8699777758148692,3.226525675924247,2.561518193865809,3.504234977382041
16360,pop_1,4.11950341345485,3.007818907924787,2.894056575187222,3.2603556532743787
16361,pop_1,3.6077513824054774,3.0206155161901425,2.6310489550405283,3.5866562944225455
16362,pop_1,4.06522008003841,3.0788310195206825,2.7727457983643844,3.5107098955961202
16363,pop_1,3.8562215235261004,2.9250508547317864,3.0193717102220936,3.601215787716806
16364,pop_1,4.166621782802565,3.3142790581720445,2.9553715651672983,3.143588984484764
16365,pop_1,4.215673349177635,3.3202085005670505,2.7083186715926497,3.352863613298715
16366,pop_1,4.130603046711963,2.8809871044873456,3.1760561164105563,3.175522162027837
16367,pop_1,4.418957147873185,3.1244223261208157,2.891000714776403,4.073576921230143
16368,pop_1,4.180718637056291,3.1754398004080677,3.0567044389055846,3.4155078109222887
16369,pop_1,3.79507909172346,2.9260931310549623,3.0730532926832295,3.5247866331023814
16370,pop_1,4.166460037996067,3.002855401948596,3.101188703901869,3.2962230298912187
16371,pop_1,4.079461267889885,3.058248019569451,2.872335496106123,3.0992400877114012
16372,pop_1,3.930862966754644,3.585951936440841,2.7862314581638983,3.445872257560783
16373,pop_1,3.8210188615859244,2.8648895336813776,2.8820527351636533,3.2327542727287866
16374,pop_1,4.2249755433458445,3.170212188101385,3.188052356561728,2.925656610655354
16375,pop_1,4.29915865152111,3.460119482870829,2.807607971560236,3.5620519019666
16376,pop_1,4.47707089937399,3.2068230789781085,2.858906062702448,3.017785385109657
16377,pop_1,4.183238064403075,3.6233297418962636,2.6722424947355714,4.090995327881675
16378,pop_1,3.963425176019325,3.347094445133126,2.8316878800251506,3.3635908994727926
16379,pop_1,4.569381250924962,3.270580637576921,3.2436009228991733,3.1725841280118425
16380,pop_1,4.603376861016978,3.7332948037932008,2.8172336946423124,3.144246744598802
16381,pop_1,4.029646615119096,3.0504819631401574,3.206524675969262,3.2310827436745355
16382,pop_1,4.382969308913751,2.4669289981572335,2.897111961121837,3.4354536701090095
16383,pop_1,3.777987749528021,2.786276759210691,2.8482991769296646,3.785083546681958
16384,pop_1,4.041220687998955,3.4106453968004544,2.605227107577953,3.8389901043349437
16385,pop_1,4.00814267321305,2.9097639264076474,3.285706505915253,3.2167262095306826
16386,pop_1,3.823755233370802,3.20951784939318,2.7444869943680184,3.398926397326224
16387,pop_1,4.178836460383069,2.9050543352409393,3.102725185339196,3.2188723847795324
16388,pop_1,4.117910862641478,3.403725505905576,2.9677501495534164,3.6806441442316173
16389,pop_1,3.9347866036648362,3.297990991305861,2.8707289232019524,3.114495432326876
16390,pop_1,4.057632019726416,3.4982275842706225,2.8471559656324548,3.4100728029440397
16391,pop_1,4.301727654826166,3.0856451197204993,2.628465197737573,3.845030396763786
16392,pop_1,4.06326733448057,2.9543474417695994,2.9696920746454176,3.47248301016162
16393,pop_1,3.913932714520178,2.8075929697127084,2.685431542130692,3.3881317348499804
16394,pop_1,4.531020888046064,3.6667335994228045,3.2034527367629773,3.405368220296499
16395,pop_1,3.937218083904143,3.3659433452976995,2.5523119275921657,3.7083655007048857
16396,pop_1,4.323535947038115,3.106472758150486,2.8581966505133742,3.2511640582581505
16397,pop_1,4.3290127053008565,3.0967698492751206,3.1702136788287283,2.9212313529117875
16398,pop_1,4.112605777265502,3.271613211451908,3.1412325514931134,3.1781836074573784
16399,pop_1,3.684777434212754,2.289899520281672,3.0214747724352655,3.036807264339008
16400,pop_1,4.32532823558729,3.621628888613859,3.109417564286025,2.7114293676045844
16401,pop_1,4.365744643629241,2.8174656431420484,2.7123292220655917,3.412107509900823
16402,pop_1,3.9913786223159686,3.260386258504998,3.2299860760766728,3.7501469562754632
16403,pop_1,3.889194614937699,3.1455417637038323,2.6633924887939,3.599084365325382
16404,pop_1,3.946065884570896,3.5521432754808404,2.871132596000463,3.2093120775691477
16405,pop_1,3.985876276615131,2.9020993958440933,2.8970988935102895,3.484952350632683
16406,pop_1,4.406820248924427,3.4203722800345138,2.8075041874585365,3.4747056382062746
16407,pop_1,4.3597898933691015,3.2506361980324434,3.035985290649899,3.2649399412427926
16408,pop_1,4.14216987978962,2.7305742942751783,3.448982738206583,3.4050143442206617
16409,pop_1,3.8552265216552053,2.938855896381935,2.6840397477079194,3.512931150725038
16410,pop_1,4.496214167037572,3.2910234626398216,2.9287385806571136,3.3336774840065826
16411,pop_1,4.320862448264876,3.404858172378964,3.001151676599938,3.2482694100906784
16412,pop_1,4.008063325078313,3.6100101451835385,3.0799008931014122,2.959420486132171
16413,pop_1,4.004395615315539,3.37295060939264,2.8300829885675296,3.5756731019277925
16414,pop_1,4.339746509078192,3.41318458167732,3.175895535359393,3.2465032962326155
16415,pop_1,3.7890755757364576,3.2972991168848327,2.9730121631126387,2.782828062311639
16416,pop_1,4.087186810953708,3.4042725958801854,3.155106922004331,2.9231277055561855
16417,pop_1,3.7924968875537304,3.0188605810956153,3.038615446391093,2.979947190116902
16418,pop_1,4.019494623856075,3.23103355852099,3.4289345927333335,2.824551007947629
16419,pop_1,4.26994803641287,2.995328181264063,2.9707303619180885,3.6114683661480353
16420,pop_1,3.4971931632373114,3.355320243882863,2.862028869406587,3.4258701349269876
16421,pop_1,4.506117506794884,3.4619121858160478,3.072397488140118,3.778188237529605
16422,pop_1,4.3331168725093905,3.089564877255062,3.0568578767739023,3.0931255162910007
16423,pop_1,4.0919452089348045,3.357820613995147,3.054255478168411,2.6964250662682736
16424,pop_1,3.990648005362883,3.052580386568012,2.814485483814453,3.36376752378845
16425,pop_1,4.118593487105249,3.443710503344601,3.0963262144670476,3.2051994835015836
16426,pop_1,3.756636614539672,2.9190384309031288,3.429761792908376,3.1024059744669987
16427,pop_1,3.669017050120535,3.091382515171052,3.0303924903316806,3.4146568974615845
16428,pop_1,4.201683991314718,2.909272613529424,3.230739874735128,3.3015748499507973
16429,pop_1,4.183382432740277,3.4716015744201556,2.6170796177232383,3.061679095766894
16430,pop_1,4.1154604856194315,2.821927486917576,2.813484295454478,3.4379022881442003
16431,pop_1,4.3665190843474315,3.7064574739495817,3.170397760576905,3.6820213237341557
16432,pop_1,4.411061988052644,3.8924519513234754,3.0257357593688665,3.5407712210656253
16433,pop_1,4.296359711830167,3.048122391577336,2.905333280618927,3.124819503029629
16434,pop_1,4.616204536576272,3.264040428840935,2.98722902100792,3.0418846762993588
16435,pop_1,4.146570778730496,2.982426045529458,3.1328358959278004,3.0374346509303214
16436,pop_1,4.53695340201299,2.8796587905137434,2.883929492014065,3.823760207737154
16437,pop_1,4.066747947530149,3.3984070530941524,2.8905582437751267,3.2224684785421154
16438,pop_1,4.2910586358161895,3.3007490251705693,2.7701145750347074,3.258739447076878
16439,pop_1,3.9133194779682685,3.2927331885784366,3.038565787748684,3.4717537769502886
16440,pop_1,3.723217546396631,3.388338910411549,2.8913137835912273,3.405666497714517
16441,pop_1,4.227258529706737,3.0252196874860626,2.6087062858810866,2.9345740582653965
16442,pop_1,4.222902081998685,2.768360055375559,2.6014653903166027,4.05454162826533
16443,pop_1,4.1371928217845095,2.8058742871003224,2.9522674573752066,3.268512443339886
16444,pop_1,4.063711471741397,3.3705819251149767,2.9479095524335426,3.4079929832368587
16445,pop_1,3.8961844478522005,2.8863618821394113,2.8475672700143413,3.414187187294554
16446,pop_1,3.9994091106044922,3.273707121098892,2.8353448553663445,3.709233855144558
16447,pop_1,4.53116465412732,3.379746319329616,3.2767891314155313,3.1904045534515952
16448,pop_1,4.217509199474413,3.297629949225537,3.1188196710428584,3.3591635194956857
16449,pop_1,4.404007366669599,3.236123357425525,2.8621475138378027,3.5983647571667685
16450,pop_1,3.9540486545612725,3.188575936832253,2.9708840930974345,3.219321792685584
16451,pop_1,4.219267273828412,3.7260047759493116,3.19927313441584,3.0207153451926367
16452,pop_1,3.9019167134576715,3.380348063146046,3.353612719922675,2.7735095585286516
16453,pop_1,4.014471086803061,3.0447357721064097,2.5748841163570173,3.4636114954168
16454,pop_1,4.053903593468686,3.537334486469158,2.811229382789475,3.3361287757421088
16455,pop_1,4.032000631548199,3.4978209736727757,2.8622333895332046,3.772024493326111
16456,pop_1,4.243422412270351,3.5434697201040386,3.203635687533061,2.5284980993884973
16457,pop_1,3.87579481044557,3.1876318892204356,2.8320266483130023,3.629457302315281
16458,pop_1,4.410884928454904,3.8692453643994162,2.718170286057045,3.6074196830581124
16459,pop_1,4.074859328730013,2.99162917515582,3.178680392911715,3.003421526696939
16460,pop_1,4.4420628257249515,3.153002556319265,2.9238449790513767,3.2297181504532926
16461,pop_1,4.477109664497798,2.988068308720081,2.7798162849981316,3.552153236613696
16462,pop_1,3.953672996187105,3.3429734590096447,2.7816878268285494,3.1176819112903016
16463,pop_1,3.9467760063212918,3.2400725881719388,3.1064318387546535,3.3659168189496924
16464,pop_1,4.020107413068208,3.034026452815348,3.0628833057711056,3.2624181723550865
16465,pop_1,4.223381972780679,2.9458048267179384,2.945404686334097,3.7929859824899217
16466,pop_1,3.8802341660477384,3.1616943515969607,2.92916236805214,3.8442495526403446
16467,pop_1,4.161658543995543,3.245134723956982,2.580100392487773,3.33267302714085
16468,pop_1,3.610247294757989,2.7520982065916875,2.8843868925874396,3.143034839889488
16469,pop_1,4.532090473557581,3.603416394520415,3.096197777810523,2.9812003209665296
16470,pop_1,4.176405843377455,2.8669512022140724,2.9769284829391367,3.6593864258499083
16471,pop_1,4.2408096345060295,3.3569713757385227,2.897023412741813,3.0795835352186174
16472,pop_1,4.114695430274303,3.56218834749327,2.9554019758641,3.596078364126371
16473,pop_1,3.948493123734217,3.295113479092455,2.8455459417489575,3.2972181149583935
16474,pop_1,4.303699764484473,3.2670114183455397,2.8541565736739707,3.66502106883361
16475,pop_1,4.438936707512994,3.4484648180415896,2.72283157693196,3.3740283309866657
16476,pop_1,4.2100460895455685,3.28547225170623,3.032702735278186,3.4897402089567335
16477,pop_1,4.196798895942884,3.3475273658624225,3.0373923719162907,3.459765047249399
16478,pop_1,3.9976468330455024,2.5626121311303818,2.651004443923397,3.5995550234322207
16479,pop_1,4.274078631969961,3.4505729646079653,2.7275067219479063,3.520050380818094
16480,pop_1,3.984681667475901,2.9711933374359782,2.9909701731120193,3.690872061144004
16481,pop_1,4.187482061221967,3.370166773587263,3.4616701048581318,2.7797013502098538
16482,pop_1,4.371949521090731,3.435257376970448,3.160065073423893,2.6037798381655657
16483,pop_1,4.186066366718262,3.1327471804051132,2.800460913258247,3.3608113870209553
16484,pop_1,4.271264753909058,2.8135298901965284,3.1110172804753025,2.8207469045390585
16485,pop_1,4.685195237902167,3.2819421245324287,3.2087938233784676,2.9847217273968725
16486,pop_1,4.0056920435602805,3.2932617417862775,2.931148231624296,3.267787739848864
16487,pop_1,4.002085538359187,3.553808291939684,3.1840299558498293,3.361609492234
16488,pop_1,4.091928526002684,3.196634007732646,2.6195928499352767,3.4686829359364935
16489,pop_1,4.194073474456398,2.793206200198374,2.9760692652098246,3.31644065988236
16490,pop_1,4.429633486469504,2.9039118471637857,3.1296514310082717,3.4847284259512876
16491,pop_1,4.331182302191422,3.451357577351782,2.9862325209265936,3.1006481188662174
16492,pop_1,4.37341357226892,3.4524418348887096,2.6709971438807796,3.0090282418929153
16493,pop_1,4.06238509951727,3.1095180671601237,2.6681810772451273,3.011549208552237
16494,pop_1,4.120828865369011,3.2067690996492844,2.9134160492909578,2.967534625514781
16495,pop_1,3.5138959412128727,3.5081462495822047,3.4959573899978125,3.0213826036176568
16496,pop_1,4.129057240883881,2.930325625787073,3.289203336174117,3.025709617120919
16497,pop_1,4.083021940467961,2.8368432417371827,2.796169784627036,3.4730810399728944
16498,pop_1,4.231114154785429,2.9943500116849564,2.808469386144951,3.3157247744531113
16499,pop_1,3.6312336794511095,3.0512382802183478,2.5653526623407883,3.3714902134947056
16500,pop_1,4.417530050612469,3.050392934786336,2.777413495700083,3.2107663703398646
16501,pop_1,4.117630594886103,3.3118902573336197,3.065759963714515,3.1866737377618173
16502,pop_1,4.287738235100457,3.4328015758793553,3.0606283127823937,3.163306749572746
16503,pop_1,4.296362084355689,3.446400746722473,3.1938759629887867,2.725694250693735
16504,pop_1,3.9195813071009153,3.1780259179901464,3.08058111900644,3.3627328541044497
16505,pop_1,4.052995706826289,3.2024593158635346,2.5333746234161194,3.229573323749741
16506,pop_1,3.855660718666134,3.35754116846423,2.8461732570018756,3.6499187660291743
16507,pop_1,4.132068290575203,2.750894191316786,2.733221976731803,3.3058671932344215
16508,pop_1,4.4637817279715,3.0608087142800984,3.310236650601929,3.3000773766790146
16509,pop_1,3.718100634085738,2.986807022087847,2.418403866930669,3.561030950533969
16510,pop_1,4.221534481580951,2.961208575362562,2.6661393570752767,2.896284305899408
16511,pop_1,3.9760602204906106,3.1667106827416416,3.1123697641822963,2.935860258993811
16512,pop_1,4.187467043557312,2.842666385874232,2.982094748573104,3.2002269682680193
16513,pop_1,4.1479109244359345,3.3845663576001233,2.972416238566761,3.1939109470190665
16514,pop_1,4.011038964275765,3.7019532216549633,2.8113428520530914,3.0310991970268804
16515,pop_1,4.295056852564408,3.0567711465388356,2.6813961061671825,3.358009972519386
16516,pop_1,3.6275599634169526,2.839738312325978,2.7928919433209227,3.048240843918485
16517,pop_1,4.428094038007221,3.1951452063582617,3.0484526248176538,3.1891332838102158
16518,pop_1,3.8006141618541323,2.709600773426445,3.1447896181885735,2.8680783356149675
16519,pop_1,3.975815054274966,2.874457737208493,2.8047451925900666,3.033503572209449
16520,pop_1,4.592201505449755,3.014024449484082,3.118169633479905,3.5834448561920516
16521,pop_1,3.5788052988057366,3.244190200340771,2.5839622710912997,3.223652644263045
16522,pop_1,3.6282710667964833,3.049558575517691,2.996469964008904,3.370870930411305
16523,pop_1,4.07281315885857,3.168450232016168,3.0701310490705525,3.086949505823357
16524,pop_1,4.136316156359246,3.168442943702949,3.0178814931958216,3.172128635194666
16525,pop_1,3.8552329828491696,3.378007794375983,2.8812795528363373,3.8088414449901147
16526,pop_1,3.428924581802007,3.561290029318451,2.870958730812649,3.0614587323167375
16527,pop_1,3.653019578657666,3.1485785156877455,2.889308159135561,3.6605002390928147
16528,pop_1,4.361518348073627,3.289818460689352,2.6752194018600877,3.7028077682191816
16529,pop_1,3.7426874229181717,3.297743647593134,2.8604359214061676,3.1257691514874812
16530,pop_1,3.7483675360191193,3.0758771353851664,2.9032796024366436,3.60858860644078
16531,pop_1,4.206965596179801,3.0222626914995385,3.0630942076616634,3.268659869000324
16532,pop_1,3.945026889855462,3.009766569478824,2.858828956960195,3.3825605474386284
16533,pop_1,4.547777783426682,3.289410537381469,2.778966014661855,3.2616485445156496
16534,pop_1,3.850817279140159,2.6013987923627617,3.096171392830335,3.4783880324671363
16535,pop_1,4.089410588364525,3.0135031716435874,3.0546479191081994,3.010510907034962
16536,pop_1,4.000775018187151,3.324036007298811,3.007379600690977,3.438250318559236
16537,pop_1,4.1123096360980735,3.4680479509198276,2.852002478531221,3.050980072139514
16538,pop_1,4.448449143133583,3.351421681183046,2.72549857705795,3.619147264068321
16539,pop_1,4.056156962937879,3.1242038242955443,3.082451474737741,3.1823462821945068
16540,pop_1,3.6653711469785093,2.721864189801004,2.9929711389648546,3.671130659671761
16541,pop_1,4.477022806225732,4.09559763915081,2.9611707780621916,3.515894313175437
16542,pop_1,4.607572052193932,3.0576012256309566,3.1048979630363887,3.1185956608433814
16543,pop_1,4.1053331817179695,3.44187885116604,3.1102087228151984,2.9872822119268516
16544,pop_1,4.028345532873917,3.1845116678548298,2.8960394851735365,3.2402502674819598
16545,pop_1,4.032286434031199,3.062094830461137,2.7479078858481873,3.831179449470353
16546,pop_1,4.41580262498848,3.2962312283385407,2.924225447072449,2.797772023204157
16547,pop_1,4.772909678921044,3.067196734301028,3.1961336094089488,3.316562986881536
16548,pop_1,4.541737836830243,3.365061752265064,3.4902179425182354,2.804265541982971
16549,pop_1,4.2103174236849625,3.7469500846086485,3.0668824808453206,3.563523467862097
16550,pop_1,4.417399730266408,3.3000038928270228,2.9606512077009826,3.315437642743892
16551,pop_1,4.116574998099916,2.8625280517282046,3.2801270184347353,2.8668057171203882
16552,pop_1,4.450033145339495,3.097698292753988,2.9321403555679137,3.147411408013024
16553,pop_1,4.310260195884272,3.4646935519143645,3.0775557105979514,2.930902957561784
16554,pop_1,4.076780492625998,3.100520515522671,3.034324636464526,2.969648779832428
16555,pop_1,4.815226099996892,3.342590262904348,2.9749779495121706,3.329676987984991
16556,pop_1,3.7103123827645046,3.337131249463469,2.885989363315485,3.1410005022383314
16557,pop_1,4.647432293574809,3.024958073509112,3.3396982488064872,2.6754519092154787
16558,pop_1,4.086550982780347,2.7345243893593554,2.7292364124846538,3.5710651729454446
16559,pop_1,4.225329356560461,3.46439868502234,2.8012202143592977,3.2204326582209055
16560,pop_1,3.802731585814946,3.130935276401726,2.520162223141922,3.6743558477390486
16561,pop_1,4.325613025131767,3.3539274211323593,3.007657486003147,3.6866169907996142
16562,pop_1,3.7077533842968116,3.319286776747289,3.0154098877739117,3.369563400970372
16563,pop_1,4.129726638988671,3.1319820934141105,2.7574851272551544,3.306057039692623
16564,pop_1,3.6910170694025006,2.681891083989562,3.00034170704099,3.144198405338543
16565,pop_1,3.699177092889876,3.4193563105465454,2.7709827295629035,3.382623101413725
16566,pop_1,4.451841174804888,3.6374692025901156,3.2967476631131483,3.6470982933301928
16567,pop_1,4.312200777467658,3.2443505298683917,3.1649696826075493,2.9188899815420273
16568,pop_1,4.303990600732283,2.8010504116506354,3.151370940055018,2.8553061508249447
16569,pop_1,4.088403641130433,3.3089241010409474,2.8087548938543416,3.7839259437846837
16570,pop_1,4.3250624627905685,3.389240921427122,3.181752003714231,3.1163076476110483
16571,pop_1,4.075864555801387,2.9291175686269675,3.106968819079442,3.186689727659634
16572,pop_1,4.22346534200868,3.3649851379851663,2.8012777153572976,3.1746692132761885
16573,pop_1,4.220992233413597,3.224268241332463,2.741133952736622,3.0348580570203048
16574,pop_1,4.137052161054775,3.0665845649455403,2.806605632682152,3.1831681648468395
16575,pop_1,3.6820685611812545,3.38769296829021,2.9548011856673377,3.2172816233069312
16576,pop_1,4.078489041495597,2.952109769896818,3.009941555896276,3.545058935184582
16577,pop_1,4.639683960527747,2.9713689932649547,2.7798664771545547,3.4950415803484653
16578,pop_1,4.215006798455527,3.088697668161702,2.7617782299789484,3.700980098511014
16579,pop_1,4.080551428671982,2.774339804177196,2.7462962527538837,2.9898005112175077
16580,pop_1,3.9445806502834078,2.7297952456040893,2.613874527010011,2.8856131687537094
16581,pop_1,4.657434053090383,3.123283337344708,3.168822483779423,3.2275696937480687
16582,pop_1,4.449391873701212,2.872862024954227,3.495370635397044,3.4117972033346295
16583,pop_1,3.5390940436619056,2.562439149759261,2.596950926455077,2.969632105180596
16584,pop_1,3.956282852569607,3.068739003191624,3.026062467871798,3.532629935109713
16585,pop_1,4.003603191261791,3.0799960367900256,3.145699561216405,3.5463862734400897
16586,pop_1,3.7871908993054104,3.182184557200528,3.0525196918293296,3.339344322541647
16587,pop_1,3.8236268308069765,2.950811195069532,2.7221833527837935,3.633422816143702
16588,pop_1,4.237907783831318,3.3953729950415674,3.0704087787469816,3.2477385647012347
16589,pop_1,4.0268682079436,2.8580404915903634,2.9244739624833485,3.536334749792439
16590,pop_1,4.393382264894505,2.9831663743344934,2.962683784592974,3.2535562913195313
16591,pop_1,3.4594851845874715,3.005663182423602,3.092837017355233,2.6275392428779742
16592,pop_1,4.057224382331619,2.7581369475690103,3.013708225871058,3.0543113771130623
16593,pop_1,4.318680267971285,2.7317519562782935,2.6410932046148154,3.586985245127819
16594,pop_1,4.172841552306302,3.3585395530449365,2.701947310810585,3.518134057296847
16595,pop_1,4.964536440001203,2.8822726756667385,2.9882773483500427,3.046693320359054
16596,pop_1,4.761607130875991,3.263978478389083,2.9018477510240848,3.72798005237244
16597,pop_1,3.822274039542525,2.9684387438260655,2.950959921914103,3.3822469248401252
16598,pop_1,4.276314137677896,2.99944908328956,2.820246964892607,3.379799820082494
16599,pop_1,4.012420377382437,2.447653872377375,2.7641363014160234,3.428890029425571
16600,pop_1,3.9694167953005297,3.380317030146775,2.8332918221526224,3.8522826165333117
16601,pop_1,3.5344235246059323,2.863164556305467,2.8011045260517915,3.0665665133573907
16602,pop_1,4.185422547768873,2.9637543997782507,3.25115987903694,3.2550498701499326
16603,pop_1,4.460499459083749,2.846653176578764,2.906444774020608,3.00303849867585
16604,pop_1,3.7341440800900094,2.8188678301312096,2.41701213065161,3.6785797370349593
16605,pop_1,4.2540506824244115,3.0727749500018233,2.8262179431932375,3.498406612572971
16606,pop_1,4.147141305855535,3.1152620572212433,2.691351978347296,3.611660620327175
16607,pop_1,3.870404279521211,2.7418466478854375,2.8338163410336157,3.1583865186130335
16608,pop_1,4.173769725688326,3.100028979432857,2.876330809397357,3.488200030749162
16609,pop_1,3.7634143141747303,3.156790659834036,2.6885504813106893,3.393522409407622
16610,pop_1,4.1538450476093205,3.2091778016969696,2.9558202345817626,3.011846780531226
16611,pop_1,3.912271609420976,2.779643068484814,2.95437930632931,3.539300459368464
16612,pop_1,4.139199618492083,2.7355507979544367,2.938450145491337,3.3103500209978263
16613,pop_1,3.9276738680274077,3.1640692556187098,3.324186606720877,3.148847604306511
16614,pop_1,4.586789830578129,2.9351535937032414,3.3312537764773817,2.9049037746041835
16615,pop_1,4.083962961254703,3.1632060221685583,2.6466485107038618,3.34529372511482
16616,pop_1,4.12462702903302,3.468016669214217,2.8159436635746844,3.753211113255187
16617,pop_1,4.137075912306447,3.142693406598291,2.8716013621291663,3.2731714756375716
16618,pop_1,4.017938561482028,3.464348032825061,3.475247318969118,2.8835070390705964
16619,pop_1,4.079527418679996,3.1213415825604343,3.3056576354534224,3.256825254102293
16620,pop_1,4.2810819277468415,3.0584797507196484,2.953367423902662,3.113491468285913
16621,pop_1,3.9875001482298695,3.4133376796296915,2.8990211561604404,3.3254495528531307
16622,pop_1,3.807359344344982,3.2784396436737797,2.5128853622818825,3.5895966972736586
16623,pop_1,4.274958098237088,2.945539273136338,2.9996786690693513,3.836047520568677
16624,pop_1,4.030405393437416,3.1370330962835977,2.8966982655867057,3.0058215401549466
16625,pop_1,4.1886203133000155,2.9983682134681895,3.211825552199863,3.1442708214141923
16626,pop_1,4.025715058062559,3.317381086611028,3.2663607351859407,3.00857897332575
16627,pop_1,4.7815798260267695,3.1848942158988183,3.312082593504491,3.3518104390477017
16628,pop_1,4.125620203550565,2.9837845266995737,3.022441170304989,2.8426986876491154
16629,pop_1,4.429772372744717,3.0879076169771507,2.7948730351101307,3.8962411691494543
16630,pop_1,4.15246257245723,3.1510987021884573,3.305098850237563,3.132807931860035
16631,pop_1,3.866042755912062,2.745184614067569,2.783683830871403,3.3549131019180574
16632,pop_1,3.6890381059052175,2.563684750638588,3.0144785213472645,3.0396090156251945
16633,pop_1,3.809658424745106,3.1258921903838353,2.6615704470772914,3.1415173225106776
16634,pop_1,3.9360229186442486,3.739440745408529,2.744282597953977,3.2728092732382894
16635,pop_1,4.3284624434196175,2.956187526051099,3.4165793154236823,3.096239406344683
16636,pop_1,3.868118984884864,2.5336924641631016,3.363776381328113,2.7238731603586084
16637,pop_1,3.916195941633879,3.046166190904713,3.0290594052266298,3.7572626389699706
16638,pop_1,3.9054376734017664,3.6801125634993754,2.7738081526416303,3.5368055310469
16639,pop_1,3.916921435549546,3.3418809184333225,2.807616237827942,3.1966125736143503
16640,pop_1,3.87228971835947,2.68585499767431,2.9427581770919864,2.974542824627476
16641,pop_1,4.515613478948793,3.6966084714951206,3.0575824420903963,3.345959735613067
16642,pop_1,4.298457642121345,3.6064532042136137,2.751738776751539,3.048753492060277
16643,pop_1,3.9545209814440447,2.601634811092196,2.9556016005299863,3.0383380909243476
16644,pop_1,4.360259977154343,3.5367164285904313,2.3485369291464644,3.4101346265841896
16645,pop_1,3.6904002188218534,3.405998755101525,2.909219244273311,3.622954358171543
16646,pop_1,4.480087098118671,3.41707633937747,2.924058180467388,3.5825016142115262
16647,pop_1,3.8641842659152514,3.0622375879280286,2.7054289893306143,3.2439424403263604
16648,pop_1,3.5274441136676558,2.9774189923889876,2.8863448174102766,3.3661237409857843
16649,pop_1,4.074119760274904,2.9368645715011046,2.976430233501987,3.4729409429922176
16650,pop_1,4.292025428528393,3.175843125884109,2.8545595616035335,3.2852344280195815
16651,pop_1,4.334615244863304,2.6539247474523435,2.9092266941585834,3.4150776151380513
16652,pop_1,4.988369010085431,3.1638110392751897,3.145452178535976,3.359091515518526
16653,pop_1,3.619727975814691,3.074783907565177,3.235358895973481,3.299006928317556
16654,pop_1,4.145400843427084,3.5313711955148346,2.5924304783908774,3.2862827783279185
16655,pop_1,4.121784147005206,3.3898353306056412,2.9315710342831593,3.220926004229395
16656,pop_1,3.9905861054359644,2.810863878210527,2.9613884714139473,3.1650554424051065
16657,pop_1,4.0649156286904224,2.7385902764370664,2.9363488110165337,3.3901516193260663
16658,pop_1,3.893088856670214,2.4187395783681422,2.589446461233896,3.299994612000958
16659,pop_1,3.7549931324643704,3.194970802889887,2.6894864910650997,3.1385976203621997
16660,pop_1,4.502137091206357,3.293156060114786,3.042513790549166,3.157575473911524
16661,pop_1,3.915824536586035,2.9481161193219845,2.9090988371510766,3.495611933300572
16662,pop_1,3.7297191094410898,3.0986726977147208,2.813903015162896,3.0692069713555923
16663,pop_1,4.459629394599121,3.5745895877789793,2.9724893249260043,3.541659407514498
16664,pop_1,3.981276692604375,3.015717570847635,2.8059818600194073,3.445883087933078
16665,pop_1,4.076882934665635,3.5744341153554684,2.8781949468098222,3.3681323236109972
16666,pop_1,4.067799497792559,2.7615521116382564,2.9489947192447734,3.399714836677996
16667,pop_1,4.648394691731341,3.214627993083863,3.0052671308650094,3.1816838847170374
16668,pop_1,4.262989136592184,3.481715996051358,2.5385402522545766,3.781543283351005
16669,pop_1,4.242762867321908,3.0876217696037176,3.3356301464498834,3.0008861805626657
16670,pop_1,4.586222180679806,3.0605112084099915,2.9058995304740756,3.42574082933625
16671,pop_1,3.9502380815664386,3.133683673976205,2.4657973185739657,3.5348176775081988
16672,pop_1,4.42681843905594,3.095295151304476,3.285697578010509,2.9751301747663343
16673,pop_1,3.8167231775564385,3.0093356527951785,2.770157190741503,3.3411274304589615
16674,pop_1,3.9789582075222136,3.1988728612261865,3.097164206090017,3.3797306067955364
16675,pop_1,4.14518422924722,2.9967929561366873,2.925041858753056,3.270472881606512
16676,pop_1,3.8619115103970016,2.9031970097924003,2.8141910548287123,3.2277273530001205
16677,pop_1,4.0058273497927255,3.2286210002660876,2.9627700552425584,3.3238595537745086
16678,pop_1,4.581308622816261,3.265255885110774,2.516462963998993,3.3402527811532168
16679,pop_1,3.694585850881666,3.337467504979236,3.0415125542023964,3.2274081471860128
16680,pop_1,4.5182948334880475,3.4295449238654814,3.214941394084642,3.030833172367501
16681,pop_1,3.7460797917745645,2.7752473052352524,2.7416587737766034,3.0765631065389996
16682,pop_1,4.371497253936707,3.1626861589818236,2.9224110251799678,3.295154854278481
16683,pop_1,3.7869774915499277,3.277270075405535,3.0296182791184423,3.651114870541202
16684,pop_1,4.047646725721901,3.1363876235877797,2.8381538926098306,3.342654750192122
16685,pop_1,4.276261306946513,3.543751403320151,3.1797188146649256,3.0216704117487225
16686,pop_1,3.9881086706514717,3.180892675440147,2.7893422884615484,3.5164184369663793
16687,pop_1,4.169691713728901,3.2654285734813477,2.8755445673953894,3.3085825215519553
16688,pop_1,4.11276135859029,3.2400897223957905,2.793591686751452,3.4867862078439944
16689,pop_1,4.282326042535289,3.449194318976603,2.6143748921975183,3.413886597725811
16690,pop_1,3.801819925830625,2.9149399650903822,2.6510845203834688,3.1186350642081972
16691,pop_1,4.12260038274716,3.2653444668518086,3.138746715547903,3.7308229913248177
16692,pop_1,4.45801427440506,3.7846861503549625,3.2993454333633707,2.8974799410084806
16693,pop_1,4.264858817232766,3.263976291282351,2.7959162598824157,3.672525283062937
16694,pop_1,4.283273607058481,3.18871475605415,3.4351385240288357,2.9580048144625755
16695,pop_1,3.625086335714373,2.858857915444729,3.1482378798967674,3.0187138485869447
16696,pop_1,4.221709634715487,3.1902554488805737,2.9279369195748437,3.72030144410169
16697,pop_1,3.699081205759982,3.2939392434227512,2.823065323397048,3.4758504968995583
16698,pop_1,3.842155596237064,3.08619132696676,2.9211044803780326,3.7288618457812417
16699,pop_1,3.8255676908972656,3.2231125036160235,2.3965412035686544,3.054602756287585
16700,pop_1,4.494739667747277,3.0798895767114214,2.806441708562953,3.400882488241595
16701,pop_1,3.8751713989395165,2.5846543594147136,2.9702100001031213,3.6218340192429253
16702,pop_1,4.103540847154326,3.3401461021514893,2.735857347994851,3.266746860810414
16703,pop_1,4.303864940623672,3.1216695127111573,2.990853499023059,3.1448924505836784
16704,pop_1,3.699079945129158,3.1510998496361196,2.881453721766731,3.6107527943366424
16705,pop_1,4.097840000696925,3.3710613679351935,3.089621675082575,3.370812944516103
16706,pop_1,4.295001154855125,3.0247898126261026,3.521790727315571,3.0508051866818335
16707,pop_1,4.358890213220975,2.854777995040727,3.05691843795983,3.0349594917570157
16708,pop_1,4.621234863536846,3.044162726593255,3.5315401089203533,3.277691370876171
16709,pop_1,4.647279297972252,3.185569287286875,3.1648450608747343,3.524510403293375
16710,pop_1,4.393564541978983,3.0499770505500035,3.046551056336528,3.240841819016234
16711,pop_1,3.9664568655712067,3.4481430894988776,2.6986248696930115,3.310470837273162
16712,pop_1,3.796585599079857,3.21741661204731,3.1056726932898617,3.2411670862227533
16713,pop_1,4.634774420032819,3.461070218984244,2.620473480655881,3.5203984165955378
16714,pop_1,4.035895620292421,2.9456184014281823,3.130287590712721,3.309085595165768
16715,pop_1,3.9006010518948817,3.052456720487521,3.062083602763101,3.1296392435478837
16716,pop_1,3.854658624852228,3.453061367936458,3.2521403990504685,2.40281893148376
16717,pop_1,3.765780971562,3.6896421486331388,2.7523998716915012,3.5986607005041646
16718,pop_1,4.3487809656710406,3.3576535415063105,3.15238113686692,2.938346112806306
16719,pop_1,4.173040130532117,3.4213116253577525,2.7394184075286407,3.5627456888975706
16720,pop_1,3.8120395385608616,3.330994046065172,2.635350687875873,3.6584744296385923
16721,pop_1,4.041326010383054,3.371977947522528,3.0207509484842663,2.9890238206839346
16722,pop_1,4.003045798760871,3.3309653529078895,3.1597835927922513,2.834560405240868
16723,pop_1,3.9622399149807492,3.393750475424602,2.71809767590683,3.221079746903517
16724,pop_1,4.287050802059045,3.193993602832521,3.1102875504445286,3.0232358892524713
16725,pop_1,4.466046032951727,2.908906071670146,3.3011648564029916,3.3568842962296186
16726,pop_1,4.308621549385675,3.7206908982493205,2.9743199870588755,3.5571649170027135
16727,pop_1,3.756594347152179,3.6940612309019043,3.031341036352231,3.4524516240950733
16728,pop_1,4.308422548563266,3.502984903463377,3.108151423124481,3.5079084143129746
16729,pop_1,3.8815984499461322,3.0400566952760957,2.499510974042478,3.083038610260769
16730,pop_1,3.9546602673610054,2.950131477200228,2.385228988822865,3.7319287349707215
16731,pop_1,4.140487925227983,2.9019306501019555,3.0455068274866854,3.6697183493155068
16732,pop_1,4.028533749984391,3.381973483777218,3.066227361866645,3.4912368560425113
16733,pop_1,4.590867831298102,3.678373912800528,3.0581272394579773,3.2531053060192767
16734,pop_1,4.106605031131006,3.144838323550013,3.0608253596274535,3.5561249924930793
16735,pop_1,4.227657940890065,3.155631425878515,3.0191490975688016,3.735308680835323
16736,pop_1,4.403582007557989,2.933770539679924,2.6338610893931023,3.780813859266829
16737,pop_1,4.1494893285818115,3.486906757463013,2.7313515407983497,3.5811408989512565
16738,pop_1,4.019064807067887,2.8007535127548637,2.833359107996943,3.156072781907802
16739,pop_1,3.766994767964537,2.9804727944062903,3.153111470374296,3.4298174729946087
16740,pop_1,4.139785229729101,3.3446046420478606,2.9381506859190916,3.3580950893604777
16741,pop_1,3.916901977312403,3.3364331234438382,2.744034246048823,3.2139308516322815
16742,pop_1,4.385120780331408,3.2131278850862652,2.9842465134268634,2.915030976443233
16743,pop_1,4.125258555543348,3.0715158214593643,2.762586595612414,3.5651129050093333
16744,pop_1,4.406400918639959,3.3834109712178324,3.0813027687193544,3.601990394674681
16745,pop_1,4.324954443355791,3.536139299265762,3.4742389918473617,2.670947514052868
16746,pop_1,4.020563024306834,3.5286479420902612,2.597957971133246,3.1909695114727934
16747,pop_1,3.9951597080819843,2.7896416074673747,2.9030990530542264,2.9260578614233523
16748,pop_1,3.794690183951189,3.1209094070035635,2.8256266304049467,3.413550707572942
16749,pop_1,4.218009164408104,3.2856633738523784,3.02760606307867,2.7506555196271956
16750,pop_1,3.868293192616152,2.966228857057128,2.7665188061987576,3.4194097727083657
16751,pop_1,3.621339908546222,3.3316978036442073,2.4903202678631113,3.36108384717337
16752,pop_1,4.064381259648208,3.08787559216953,2.9346364437278956,3.0614811213999458
16753,pop_1,3.924723798645078,3.4925290365985924,2.909117823921019,3.1781139601001183
16754,pop_1,3.7945421377335453,3.006496255669387,2.9420465496289627,3.0028071357456407
16755,pop_1,3.5968230867690894,3.2639727952058104,2.9094923534639108,3.4191939782182623
16756,pop_1,3.7376409433519604,2.9751265845823927,2.9836538198930747,3.0900882891085026
16757,pop_1,4.135230004434005,3.664413744368057,2.7213547853411244,3.3350539023364245
16758,pop_1,3.74459253902422,2.9534723447158484,3.096445295575808,3.3718429497438644
16759,pop_1,4.122464323918739,3.4420503822340356,2.746548879372881,3.8195506414817197
16760,pop_1,4.062139711698469,3.4785798505128183,2.7614526791073613,3.0113475883982415
16761,pop_1,3.554612930285904,3.1378263788026195,2.764797489048114,3.2460036381303468
16762,pop_1,3.852202712368793,2.6340775279875874,2.811860760088818,3.141138708664379
16763,pop_1,4.328191597515654,3.193666015719567,2.58189971702964,3.445612002372665
16764,pop_1,4.328621519731994,2.999338822034609,2.8609953089715234,3.1956001803633654
16765,pop_1,4.870340331303,3.2160294389091453,2.907533835057671,3.213270213568325
16766,pop_1,4.203292997082498,2.8368020141944172,2.725515068358726,3.250147809393966
16767,pop_1,4.024700817241497,3.0510175725983615,3.3056886869757798,3.3543440091361947
16768,pop_1,4.0730902812019805,3.0757392806008697,3.0668296244585993,3.172476702919311
16769,pop_1,4.186560851700397,2.7121745237139576,2.6683576054007534,3.507174715717227
16770,pop_1,4.033188621742881,3.0855450311796457,2.7266180390647485,2.989165102819025
16771,pop_1,3.9376641423082592,3.1220298867322662,2.799059440361574,4.020376944957831
16772,pop_1,3.7264587138327827,3.677294002931818,2.676550588512689,3.372214793979661
16773,pop_1,3.959180213074304,3.0646446468331914,2.7728529038983236,3.035180436272605
16774,pop_1,3.5634806332985214,2.5873839572291883,2.857289007044224,3.267306164481177
16775,pop_1,4.525358950292478,2.827933423405016,2.978229159811585,2.9098585948343496
16776,pop_1,3.954878360619916,3.0974944735729175,3.0190926988953906,3.578809982427955
16777,pop_1,4.175074406331554,3.298200606950635,2.9632731259605984,2.6934291771105943
16778,pop_1,4.506656739735212,3.3256759721235047,3.04497379733409,3.0985819661421403
16779,pop_1,4.284885042071368,2.7966720026577523,2.8130653352806463,3.787930751144761
16780,pop_1,3.5661735032302238,2.8238388041168263,2.986035099458954,3.4685466758148316
16781,pop_1,3.874521800954098,3.0770406639511023,2.7126018503220677,3.5037627460848526
16782,pop_1,4.397873508249103,3.0630870595683923,3.037319681110996,3.209646537719015
16783,pop_1,3.7594616976778776,3.521957944355854,2.8753665324353928,2.7786264391714806
16784,pop_1,4.241341162294774,3.03550460349238,3.056665216394661,3.0299085301387523
16785,pop_1,4.287561232088398,3.1240255537644086,3.09623495366032,3.6355329333629607
16786,pop_1,4.080735316163633,3.072630851899408,2.997844717846524,3.047051340932532
16787,pop_1,4.570506152330941,3.475550681588068,3.139079849033991,2.8684635375885077
16788,pop_1,3.8555917603865395,3.1278897573597364,2.4607940791958214,3.5985794830265583
16789,pop_1,4.126228862641143,3.215382699802809,2.871698791183045,3.108823793768493
16790,pop_1,3.8513141453483404,3.1844179976247955,2.850093933576865,3.548659629396287
16791,pop_1,4.4148116061693505,3.740692875295557,2.7473239082501184,3.4543930191749093
16792,pop_1,4.002053974579044,3.1927427861184565,2.82963583295792,3.364061334360128
16793,pop_1,3.9747314128858364,2.9851440525753166,2.886998605970161,3.338517587601582
16794,pop_1,4.510706784345459,3.0556800203415633,3.0512178099616394,3.565613564329038
16795,pop_1,3.649383135452557,3.334959966775667,2.7438867580971364,3.2915844255538356
16796,pop_1,4.148632951964024,3.3336178703672887,2.8436861792294996,3.687211808673741
16797,pop_1,4.088553601341987,2.976764442191728,3.0951828195738305,3.1684380739520406
16798,pop_1,4.1147284868949425,2.8520002489068217,3.3485002199634506,3.584432838969615
16799,pop_1,4.154478280676756,3.6911397454903065,2.5074773991685824,3.4940026403952458
16800,pop_1,4.326624172198886,3.3575161608608495,2.9119648474667943,3.5027512337469062
16801,pop_1,3.7570230122838195,3.0999190713315725,2.9630238329016843,3.357103795256471
16802,pop_1,3.6347452821695394,2.969649929479311,2.8842019947852737,3.239179308448505
16803,pop_1,4.017071174245017,3.380831976360447,3.0021263198175987,3.3180623782263403
16804,pop_1,3.5769014966673156,3.7839899085081057,2.727185505855738,3.3307798081740274
16805,pop_1,4.354344664218133,3.443865114504813,2.6772978948484027,3.290111961312641
16806,pop_1,3.9877607210638675,2.67584719109359,3.1526027052122316,3.7136302242207657
16807,pop_1,3.927912280779963,2.6221681459033483,2.9078283844080954,3.3042213516364445
16808,pop_1,4.024676328721458,2.9726456654227538,2.8163197593056197,3.882754512549105
16809,pop_1,3.7544226924163353,3.566592345478775,2.832451611795375,3.414726581450182
16810,pop_1,3.913829432309116,3.1614836541751323,2.9445675151652706,3.5945481658090297
16811,pop_1,4.50398016104951,3.0462174891650244,2.602101386230819,3.2701240603268906
16812,pop_1,3.686115728204757,3.5441376257567714,3.0238487093570035,2.8391462276020967
16813,pop_1,4.388946761707182,3.1182069332466753,2.7949536089541027,3.666571838891799
16814,pop_1,4.100471748923335,3.0240726591918223,3.221136032866377,3.193041553974274
16815,pop_1,4.6346839511424,3.28813992048535,2.8135804932584216,3.469268938625397
16816,pop_1,4.177547247789851,3.059131143151242,3.208001739389335,3.208764277660674
16817,pop_1,4.171299533140853,3.4008513587377824,2.7636602131098256,3.7668855021643677
16818,pop_1,4.219925538745934,3.407176752209607,2.9748758965609543,3.5209538943513246
16819,pop_1,4.131630707438971,3.334267771815363,3.0017523322393758,3.310377485467081
16820,pop_1,3.768532258644468,2.9551431433893467,2.637286720801338,3.3277683787281522
16821,pop_1,3.7770524339598603,2.9148963354874198,2.7925884246827115,3.0575907235640054
16822,pop_1,3.558549578688887,3.4747976494568618,2.601660661864678,3.5134653750825375
16823,pop_1,4.126643811494113,3.5446313216299634,3.1022701745188592,3.745440708064022
16824,pop_1,3.849112660479206,3.2189181203987607,2.600482423773888,3.108890816523769
16825,pop_1,3.491304841704987,3.440541624829914,2.327854518659344,3.4784145572677567
16826,pop_1,4.345216526711559,2.9806695410370465,2.848519581662889,3.2128292683454123
16827,pop_1,4.105452859455395,3.725950454532542,2.767770347996163,3.351892919705626
16828,pop_1,4.005739685441418,3.6722267612052435,2.9174367179252654,3.5663082807827244
16829,pop_1,3.8493958488000763,3.1070921654897745,3.134117955578317,2.904433854743692
16830,pop_1,4.082448395022003,3.050067916665288,3.0395917112963162,3.0475506529514402
16831,pop_1,3.7437437539807377,2.9038070860602687,2.3997312542716958,3.753859217694834
16832,pop_1,4.014976037850673,3.015607492248802,2.5948983979275164,3.484728244298705
16833,pop_1,4.5123635664686805,3.4398304423266812,3.0087248259815524,3.396503607134977
16834,pop_1,4.131881135504509,3.2156627323903506,3.0479843002926326,3.192752000552494
16835,pop_1,4.317188486303009,3.61111353660121,2.9711755110870444,3.3944973134495013
16836,pop_1,4.242492939343436,3.173713970384274,2.826131091279754,3.3299542662388295
16837,pop_1,3.6985080690289043,3.1470854862769504,2.642918038205611,3.4858193328980644
16838,pop_1,3.7338484430881,2.964206613063468,2.6470432751710455,3.359222785011403
16839,pop_1,4.573139931796146,3.161797531202766,2.8602969321291374,3.248684578551268
16840,pop_1,3.824667419885909,3.1115273327351667,2.778522027557252,3.412500023610907
16841,pop_1,4.319880121151297,3.724052087805009,3.089980159481907,2.9776269310429178
16842,pop_1,4.006771117088752,3.3801512191735728,2.7740664090577916,3.3124871362232047
16843,pop_1,4.151238251749038,3.2113740263275465,2.6829335294038237,3.2991629779081175
16844,pop_1,4.162370783827285,3.335585428119031,2.983419861248972,3.681537747551597
16845,pop_1,4.230083641905475,3.1023627959946714,2.8521875571523703,3.2793678509510618
16846,pop_1,3.877073151257256,2.9896853090603694,2.6518617466454777,3.1425569616418807
16847,pop_1,4.183572639753484,2.3314246134127945,2.700457613884004,3.1303138849403003
16848,pop_1,4.1785730145331135,3.125859528803797,2.748897595965666,3.6236278386782055
16849,pop_1,4.269980418348973,3.481755490211341,2.5175408037554545,3.405177970772596
16850,pop_1,3.977968322951292,2.9995164106168124,3.330732919064268,3.0027406685833493
16851,pop_1,4.054744356504069,3.289264374431442,2.5323789429897987,3.0241786049831463
16852,pop_1,4.048384213196686,3.2654005100398664,3.0602417426594224,3.154421981831601
16853,pop_1,3.9249702141986953,3.210188565473813,2.764637938905485,3.2190800907104387
16854,pop_1,4.162383727478945,3.183408922914746,3.4263930871700414,3.0460045666007605
16855,pop_1,4.5727611071278105,2.778219347813801,2.6745140580371984,3.3751108518925945
16856,pop_1,4.0192555014419025,3.025487049398916,2.751022337580681,3.2176540007102306
16857,pop_1,4.415698108390978,3.610366415378179,2.9035915928060265,3.3762744557083457
16858,pop_1,3.6358687728803916,3.2592484766501273,3.057449783219013,3.196351680245531
16859,pop_1,4.303322582693354,3.014322764120496,2.5430886748166306,3.288926559659712
16860,pop_1,4.270405739504204,3.367463720581238,3.283484542325571,2.9982634748745687
16861,pop_1,4.018957846740332,3.4923013533155958,2.9923212850034715,2.957167694816711
16862,pop_1,3.8115827154525723,2.937018455198425,3.043200230680897,3.3717085354473353
16863,pop_1,3.9267193939217107,3.2392541127299586,2.7231578205807074,3.3943954071448315
16864,pop_1,3.856302958618847,2.867552843459371,2.778950670564876,3.505805974474981
16865,pop_1,4.284085158882421,3.214878615632295,2.715400249371888,3.564247521680513
16866,pop_1,4.31297643570988,3.7221020131447573,2.8511449435060814,3.578636113521067
16867,pop_1,4.259531985080302,3.1410826610680407,3.3525478074919306,3.1621819171075125
16868,pop_1,3.9135982408623695,3.4740527449227057,2.9718464485191243,3.063043287385393
16869,pop_1,4.14298239672378,3.14991111490498,2.4818366799174045,3.3299257467633523
16870,pop_1,4.052454495188858,2.89269183353297,2.764231206279417,3.33846992566793
16871,pop_1,4.068889253814492,3.0904437496840655,2.8098296406713215,3.39806558343202
16872,pop_1,4.287735114708283,3.0853743623038246,2.8923598397583854,3.1248323446825594
16873,pop_1,3.919660849964854,2.788265684698139,2.828506537458221,3.8364479579092317
16874,pop_1,4.394661992953395,3.2269104413076635,3.1200337689605817,3.2432093224072136
16875,pop_1,3.8819952825313586,2.6035361441951457,2.9936651386815556,3.4112398888521818
16876,pop_1,3.3747942646212254,3.3076586693284926,3.111736959528306,3.2788435667588987
16877,pop_1,3.970278800361018,3.4280146583117244,2.89866065378109,3.2906473042432713
16878,pop_1,4.124233418190854,2.950407374150723,3.326187436906122,2.9769615899326363
16879,pop_1,3.9500670771477893,2.8409010716296903,3.062379620870649,3.173778110197014
16880,pop_1,4.641095505897765,3.4752395783059633,2.678527219627855,3.166728935001494
16881,pop_1,4.279591785649699,3.0991344893747694,2.9041240407520608,3.534441462028535
16882,pop_1,4.210447698469803,3.9385093088615784,2.640673935121172,3.2518938677381737
16883,pop_1,3.8122978494725177,2.91916685900793,2.8488013398062377,2.9684584785041825
16884,pop_1,4.518175605546425,3.100657262505418,2.7455035982298908,3.565513978307127
16885,pop_1,3.5563728999771094,2.8431887509953544,2.9901579132855285,2.72398163107158
16886,pop_1,4.309640436375974,3.1695024615345666,2.766017122253244,3.260159927550721
16887,pop_1,4.639244914259741,3.209910404237676,2.786334848329931,3.57905056199372
16888,pop_1,4.026961916050293,2.6900975172019415,2.626042837797238,3.2615219466736396
16889,pop_1,4.575357506761938,2.9915935934222317,3.036973802543832,3.418188261513657
16890,pop_1,3.9648655063994567,2.8614804521875787,2.8431545722088147,3.7053752583668995
16891,pop_1,4.196197551183431,2.8590700014771473,2.7094751496922957,3.122440018508446
16892,pop_1,4.139276172250093,3.383731497730829,2.9629520960451035,2.9934457088547384
16893,pop_1,4.051302095609289,3.2664514682261596,3.1675113965368786,3.421814848178555
16894,pop_1,4.607033108631136,3.039680069227466,2.8554352792141624,3.7645761829216053
16895,pop_1,4.081459324837314,3.0536757313571763,2.8817659009370464,3.5118058278546633
16896,pop_1,3.939683520873724,3.049412529811324,3.206761923781729,3.0395197413014143
16897,pop_1,4.556455651630955,3.5612862884819205,2.892014768308823,3.0906252659596127
16898,pop_1,4.034282887906404,2.9126433608188473,3.102498580595481,3.391851441297869
16899,pop_1,4.381997010671459,3.5165584115447284,3.0890396755448575,3.3988060700047242
16900,pop_1,3.9555150574149334,3.0115163137946626,2.7207584436622727,3.2828656153792215
16901,pop_1,3.912488188547638,2.8714813480006693,2.9358077190257075,3.050467956878404
16902,pop_1,4.3704945569105025,3.3481567764805433,3.292541686749763,2.8307366223193426
16903,pop_1,4.790968300449762,3.6670581759284286,3.2962050897221005,2.701602925589321
16904,pop_1,4.16206127338423,3.5693666673226665,3.483549610254078,2.9252232527034243
16905,pop_1,4.33017657360709,2.9268627385567227,2.875798570609741,3.3366808285747767
16906,pop_1,4.243980461843389,2.990850051978166,2.697949278606863,3.5483407115769436
16907,pop_1,4.078891984798016,3.427265004417166,3.0836634008525428,3.157371592228478
16908,pop_1,4.029608225432169,3.1757543290638646,3.133281412363862,3.0550569705531148
16909,pop_1,4.065750103445706,3.1959380457340454,2.7145025061131696,3.5201941054999506
16910,pop_1,4.423995693839129,2.8795288218505566,2.7105751092285937,3.420369514958956
16911,pop_1,3.9715062906891414,3.0149673389002603,3.3533145146062937,3.152266172442337
16912,pop_1,3.8585823348425627,2.823664831811806,2.7674029892905745,3.4475193881062633
16913,pop_1,3.7556238537115423,3.065553128662396,2.9979904623200184,2.766110724681144
16914,pop_1,4.308435877206442,3.3781764313895084,2.6988280072016475,3.403529808504675
16915,pop_1,4.254135790564543,3.473306620341801,3.0063888464997417,3.2474896047226203
16916,pop_1,4.017456368577592,3.635133521611518,2.985887199139333,2.9060408978096346
16917,pop_1,4.08370086429217,2.9857637900375926,2.675114631271017,3.823182505035974
16918,pop_1,4.2442436390350515,3.439021324109944,2.6900582676969975,3.818892583967512
16919,pop_1,4.501175620013027,3.080790013621291,2.699897952913978,3.210428235149572
16920,pop_1,4.602732331236592,3.0028617665971993,3.063956429587594,3.227303043059966
16921,pop_1,4.420671882876736,3.5671067224030164,3.288962987443553,3.30923674009897
16922,pop_1,3.8934188781239376,2.882338779704717,2.7721807955571327,3.226250264233602
16923,pop_1,4.058775476565571,3.248813403669484,2.9757857028110775,3.14260598215526
16924,pop_1,4.1625332098925725,3.3862918100258987,2.766876833459869,3.301478054391731
16925,pop_1,4.19860061338784,3.3245946115898284,3.2463465613741302,3.452484636261224
16926,pop_1,4.358047073946576,3.123240453186416,2.8724304001873504,3.1815091944306726
16927,pop_1,4.246428441712733,2.8688525568959546,2.8849709180431886,3.68289188319967
16928,pop_1,4.2677840711455595,3.4055176257813176,2.80055882337008,3.6146411094750017
16929,pop_1,4.464251226598,3.4927325738232553,3.048953935087073,3.578368393211515
16930,pop_1,4.345787589213808,3.3627308159155627,2.714569306347203,2.90867207322412
16931,pop_1,3.5134650916914487,3.103531856106871,2.47781879827624,3.146500219970022
16932,pop_1,3.8529021517336033,3.069800575843605,2.8707844691016344,3.2862242498492056
16933,pop_1,4.021415922522603,3.0832368967738906,2.9958208252392264,3.28271206176021
16934,pop_1,4.082881106567276,2.380512014916019,3.2514227676571443,3.4212068828937867
16935,pop_1,3.7861027473332696,3.394402558768795,3.0119426898648407,3.2603911910679493
16936,pop_1,4.274995711676223,3.2935284838131,2.8236438551941454,3.337188512034749
16937,pop_1,4.164611029076823,3.104489266681483,2.716202481076233,3.0617751628041
16938,pop_1,4.1640520217047605,3.3788246766701797,3.155453399331413,3.172848989998206
16939,pop_1,4.157881988551255,2.9310576392669505,3.1902596372276135,3.26468960379366
16940,pop_1,4.0418540493943835,3.286884714957906,2.658196856222287,3.4128878463872327
16941,pop_1,4.366079243317442,2.5719201163553373,3.170948180551299,2.86233607659039
16942,pop_1,4.364829295861836,3.2744128059727324,2.8683597144442983,3.191593009418562
16943,pop_1,3.7838796173956033,2.9284790982834856,2.778074607301316,3.370084873287351
16944,pop_1,3.935241979470692,3.1201294558201105,3.0643164133907357,3.353142938637276
16945,pop_1,4.106366664984766,3.2990682705814858,2.604024887891099,3.493887741420112
16946,pop_1,4.071166651561037,2.6571663193196464,2.9602595454794263,3.220301009220875
16947,pop_1,4.665162198745729,3.545509213992099,2.834856879611757,3.358775717126054
16948,pop_1,3.6560528581154976,2.9517850861686523,2.732406062394767,3.1005193110250175
16949,pop_1,4.447000416035314,3.1001530889668145,3.188909634638141,3.325386313456879
16950,pop_1,4.449745454689103,2.782230280344839,2.8607453710504833,3.4769460039243216
16951,pop_1,4.189385019055556,3.0475528946317305,2.9453760195915684,3.4881488205880262
16952,pop_1,4.143997308926745,3.032338706556447,3.0494800353701277,3.5947915925687157
16953,pop_1,4.270102451124416,3.217644593030592,2.9995361702547565,3.0943108342004693
16954,pop_1,4.220137475430764,3.158970810374242,2.9915115588456582,3.490216851795173
16955,pop_1,4.042643479267489,3.485531341722607,2.5461347590489605,3.5609453289814352
16956,pop_1,4.110634201009173,3.7343223685752545,2.5761880365349867,3.6610196424394257
16957,pop_1,4.51787099707073,2.6727918095211525,2.6498079359184477,3.619333584354858
16958,pop_1,4.277804846055269,3.226385648138679,3.0203297859756466,3.333797824779757
16959,pop_1,3.935046799240303,3.09878233146507,2.956425241238377,2.9580711236927444
16960,pop_1,3.9893587395669674,3.0210353759376147,2.843607727005395,3.249279494621063
16961,pop_1,4.097983625124184,3.239447527209542,3.0031218031980775,3.1770308999890506
16962,pop_1,4.089630712398749,3.248137519149383,2.7897421149774013,3.2947797974495345
16963,pop_1,3.8592215184334195,3.253302901117195,3.0541789696163,3.2698361355097805
16964,pop_1,4.492841891274716,3.3647210158643737,3.074823075278244,3.4352440475415285
16965,pop_1,4.0215860835321156,3.597754437574051,2.9980489769292245,3.5669608508186363
16966,pop_1,3.6435671804661016,3.410440637043795,2.72381190890158,3.46632248028027
16967,pop_1,4.190262297381147,3.5887431355909314,2.688764175688255,3.2684337853226215
16968,pop_1,4.144691556722467,3.1710038334570987,2.914435522335669,3.306935248309928
16969,pop_1,4.372039415460964,3.2999433435082675,2.8561184278139917,3.346818015313442
16970,pop_1,4.127887106772564,3.0254876513886866,3.047417418638192,3.3565614578417677
16971,pop_1,3.7514430107379027,3.7084916567077055,3.3594647793140515,3.150186444682613
16972,pop_1,4.193508274017197,3.1029606023709206,2.883527247092853,3.4055385959139217
16973,pop_1,3.941404679872585,3.2010379360919083,3.0310923304654365,2.73042324526299
16974,pop_1,4.232431183713178,3.1480341452403904,3.1257073817232786,3.550668490371673
16975,pop_1,4.46434071241224,3.3987586345891314,3.248625822037836,3.2228582625059183
16976,pop_1,4.251934261719063,3.2404435482143117,3.1118483903613297,3.0442544539448466
16977,pop_1,3.5722971801858714,3.0558265293017435,2.5662473065365146,3.3422035030118007
16978,pop_1,4.16613781562174,3.2161802376006956,2.894613072608951,2.7486215145233803
16979,pop_1,4.1209648432319375,2.9331726732810552,2.9396172119162687,3.62449198399722
16980,pop_1,4.2531504214135625,3.0037735147028157,3.147343673066371,2.8503703225441037
16981,pop_1,3.715316625200854,2.7960738280425907,2.7071938522294303,2.969181643430376
16982,pop_1,3.8656871694524915,3.194324734348593,3.1171237133420213,3.3958070594104655
16983,pop_1,4.439090575174963,2.806467343353644,3.039058103807391,3.834956902450841
16984,pop_1,4.508612331708302,3.4132452769776678,2.844546602931444,3.257941145739497
16985,pop_1,3.9774811370619703,3.0600171532892326,3.0541344504145216,3.5396424504036825
16986,pop_1,4.119811408099281,3.411189534690488,2.8630532790290775,2.8573303015950007
16987,pop_1,4.384706954792395,3.062227509371261,3.0784963362382283,3.105210906683109
16988,pop_1,4.0898920189726695,2.8560316480113985,3.38543135216146,3.1691540636376043
16989,pop_1,4.128739448722156,3.543127528793926,3.229134783833516,3.065987273197961
16990,pop_1,3.896806663069498,3.4257049934324053,2.7655846233469865,3.1894602921151285
16991,pop_1,4.13691707700099,2.691309495416,2.889207382370013,3.5107537503328134
16992,pop_1,3.895973781766284,3.138643238452621,2.6547815062655276,3.643975368736482
16993,pop_1,3.900910330885326,3.5213768748090994,2.6478767826778338,3.6373193704307463
16994,pop_1,4.429229275643365,3.317854447028938,2.822058594408766,3.7877828199240424
16995,pop_1,3.7193164380685526,2.823602116515639,2.9346615869680583,3.0713777297685096
16996,pop_1,3.8364881920144667,3.4409797060555136,3.143804552083016,3.0961503816114173
16997,pop_1,4.597498763278011,3.2682135213332115,3.116822068763048,3.2525703256444682
16998,pop_1,4.231605534370793,3.03090894282443,2.5466419377354574,3.380842769686428
16999,pop_1,3.8640632384791243,3.1831613787623265,3.175087390074713,3.3692515308769315
25000,pop_2,3.3833146815292388,3.7793408597125002,3.3361397261011465,3.4216957153974485
25001,pop_2,2.8141712865030315,3.893393165230871,3.203084188694313,2.6934220989791537
25002,pop_2,2.945283207679176,4.308185034547429,4.213433130046434,2.3274365541361863
25003,pop_2,2.83520894775081,3.3733720577312125,3.719772500550391,3.190084076884054
25004,pop_2,2.539233776567624,4.049160918823378,2.9065193925693142,3.5121123042161013
25005,pop_2,3.24210933120209,3.6344979910218362,3.266537846875102,2.723479554507097
25006,pop_2,2.899194690453706,4.174762251163897,3.9231592473563293,2.996300004109623
25007,pop_2,2.516443229915312,4.069241114555067,2.867472066096512,3.2925197080546478
25008,pop_2,2.7127055624110015,3.55870245447787,3.183353699370281,2.8706062960494725
25009,pop_2,3.307158754280304,3.9500243955516487,3.15186126019053,2.3315079256770606
25010,pop_2,3.240723833377569,4.10931772205861,3.057199640420034,2.1636930940925527
25011,pop_2,2.9867839121079163,4.101679880828241,2.9715150621176463,2.7041965192301918
25012,pop_2,3.187673533028241,3.7653033838852177,3.5453974759971976,3.0387422132244204
25013,pop_2,3.518420044267584,3.860138111266059,3.1212927882590327,2.2172343042578135
25014,pop_2,2.9642365748771287,3.8556219801720104,3.0814395924443416,2.8901696079255466
25015,pop_2,3.0824892730262805,3.9945841685147347,2.954944857034045,2.251245202242309
25016,pop_2,3.1629920458192546,3.8035934842548556,3.117497881368297,2.8856074213798837
25017,pop_2,3.072829172206923,4.026745318597045,2.8952193477656896,3.3167500125239857
25018,pop_2,3.068955775085417,4.246427236670854,3.2561515245179105,2.6069791205920816
25019,pop_2,2.694527822277194,3.9575913886962377,3.316367155331672,2.965561242723593
25020,pop_2,3.3197101417345563,3.842762831554778,3.3961712379302944,2.649613552660303
25021,pop_2,3.054631677510107,4.369575059503038,3.5783749029397813,2.761343115624032
25022,pop_2,2.8212606109333667,3.986339502086517,4.052588319538614,2.93364135402641
25023,pop_2,2.7499254865624296,3.8480602289812778,3.6662691707975155,3.0788711718375903
25024,pop_2,2.8293382882390703,3.6638996907120283,2.970124415337679,2.845595184932051
25025,pop_2,2.939175783362609,3.880601901084095,3.1623606079760087,2.7312242980707513
25026,pop_2,2.980728164094737,3.474419065988386,3.8330572028769403,2.5358351034855993
25027,pop_2,3.0296095259520786,4.0341565988426575,3.204995518451335,3.0422749559288453
25028,pop_2,2.693734840065945,3.8035979390752965,3.5649142844817443,2.8479133382774102
25029,pop_2,3.150202977031588,4.082747139672424,3.396570442385324,2.516547854693456
25030,pop_2,2.9571835202515637,3.943925540767616,2.7760371656583542,2.7609540102711567
25031,pop_2,2.9838169278862385,3.461454264904255,3.464100340944814,2.662639387032325
25032,pop_2,2.925135497244465,4.148768467044289,2.966654067309031,2.9367306720569206
25033,pop_2,2.8142826646862,3.5981837926252256,3.329410591741022,3.1095883096856207
25034,pop_2,2.78390882809895,3.8789898960896556,3.5257619924498207,3.0881626919629666
25035,pop_2,2.788028289257248,4.000201378123977,3.3108316515392886,2.4867333941423824
25036,pop_2,2.8123880945667157,4.113757446971195,3.6405064932242768,2.733635849972457
25037,pop_2,3.360313313801874,4.296971898509476,3.2980469212427073,2.5151628792408034
25038,pop_2,2.724114492660924,3.9128500727931166,3.6291648180070144,3.0379838194822564
25039,pop_2,3.039095712372764,3.803671945528184,2.691484284293402,2.980372781841404
25040,pop_2,3.0602046580445554,3.9774619269780596,3.3094475242526245,2.5436528668510716
25041,pop_2,2.9633267724902845,4.206881772160346,2.9580319105926263,2.5172835636835114
25042,pop_2,2.9704823360051384,4.107358459573395,3.3200645242025226,2.673888624449202
25043,pop_2,3.0471037639708767,3.9050066866576754,3.6272235054663313,2.499025753946326
25044,pop_2,2.9892455707630967,3.9300752907832983,3.31579250945588,2.9916498237975597
25045,pop_2,3.4354735076115355,4.496125644152229,3.536257011698919,2.6288825995221345
25046,pop_2,3.204019199772652,3.7511549258576524,3.0282299333113776,2.3643269563531373
25047,pop_2,3.237920846705219,3.4366809513777663,2.9294166207192234,3.574024476285165
25048,pop_2,3.521488564282917,3.803831147884962,2.9541414879967034,2.415487912673597
25049,pop_2,2.6905681953627014,3.910436902950997,3.476019990294691,3.077149775001506
25050,pop_2,3.034127472131049,3.7323048133666585,3.3792218092189463,2.765828587831665
25051,pop_2,2.932082436859662,3.8762201236161586,2.8111601741466195,2.889764722425969
25052,pop_2,3.1716968346501466,3.8356125775811547,3.172778819890615,2.947982590052279
25053,pop_2,2.8771781236542573,3.7747655804689084,3.4397060246776183,2.6641357566775947
25054,pop_2,2.5868315364874244,3.732546375690922,2.5016757785338677,2.991201499067972
25055,pop_2,2.716572131543801,4.171122246347501,2.924731135790491,2.352371148087798
25056,pop_2,2.903978167935284,4.185636758602276,3.120131447186282,2.9343236887294433
25057,pop_2,2.522800838238959,4.0224068344178345,2.9699357966729045,3.1981025514533488
25058,pop_2,2.4444411031085087,4.010985400457951,3.7019062325493595,2.847109750622844
25059,pop_2,3.0805379292461077,3.6124192570941167,3.2522505282891068,3.1626056415462127
25060,pop_2,3.2172369798990332,4.0227111585208934,3.232196395023405,2.711596641403901
25061,pop_2,2.682962769619838,4.0860894725258055,2.8545817055029366,3.0244574835645945
25062,pop_2,3.039027636939639,3.8493286540361686,3.5647783616016055,2.3034514716957664
25063,pop_2,2.914122634303625,3.83403334295842,3.5706451397960266,2.6091018857019286
25064,pop_2,2.8412354641980744,3.8050237132871962,3.0494768931726854,3.14222509406414
25065,pop_2,2.4293805809447044,3.7812024323695757,3.4194590979130983,2.89804825483624
25066,pop_2,3.0327720306406487,3.7742955109883165,3.4736734519789554,2.7132500418462873
25067,pop_2,3.3026310554190457,4.425623665312169,3.4539953252818925,2.2556873886600073
25068,pop_2,2.9112216476125616,3.8443536047315456,3.05999763301684,2.8286482214602113
25069,pop_2,2.5900514705471553,3.9906286245207805,3.466311059138663,3.4438914944423553
25070,pop_2,2.8996924320396946,3.8755507245515646,3.4469560395086187,2.4544843573588118
25071,pop_2,2.5806904513805984,3.8338765264321943,3.2018548891637257,3.169319015510858
25072,pop_2,2.89484455611806,3.830901481069948,3.189164608258969,2.6772524618255202
25073,pop_2,3.414570312388478,3.8493676988335173,3.3157047505626385,2.747763850723823
25074,pop_2,3.357142783851589,3.5533227667336362,3.380854704877168,2.634831609398098
25075,pop_2,3.126908263717413,3.9351016820407088,3.497733356140778,3.097553742022966
25076,pop_2,2.643785560992382,3.9435829610393838,2.7850344478969205,3.064450071418942
25077,pop_2,3.280127723426181,4.036758299723319,3.2260170852874417,2.7180916357680314
25078,pop_2,3.1416138247563756,4.0067750322494895,3.3685098735105075,3.157660314258031
25079,pop_2,2.706571784035148,3.6800876940500467,2.8871230156263854,2.6007841464493695
25080,pop_2,2.5701513972778938,3.5479734540609638,3.3377670203543146,3.0650314542818036
25081,pop_2,2.68648195088187,3.697492817164014,3.4655828595929496,2.5676233811789464
25082,pop_2,3.001780787662813,4.503554039866361,3.528058003129736,3.107628533736459
25083,pop_2,2.5126948488958947,3.4410512885431768,2.850802243738033,2.8972311476211723
25084,pop_2,2.8904176139483106,3.6638280987666967,3.1279394123810538,3.2653145106426225
25085,pop_2,2.672403072631389,3.479700271448614,3.4748301301469118,3.0707905359886305
25086,pop_2,2.8453777842799766,3.896366387972009,3.459640595074593,2.82803509208955
25087,pop_2,3.513185577445474,3.7199911358972786,3.0944585525518145,3.007273455168017
25088,pop_2,2.810617295308913,3.722468763448775,2.923518415034443,3.1270464201819554
25089,pop_2,2.5956810718379213,4.096661574422442,3.4082697424695962,3.0719311706424732
25090,pop_2,3.1081088805921038,4.247216511269651,3.6969437552341686,2.605937272641463
25091,pop_2,2.9072123492359916,3.844190875749566,3.4201895445175556,2.7061369140648273
25092,pop_2,3.1052319597559155,3.7490250775745135,3.2101994650873027,2.5010202889348148
25093,pop_2,2.8303909254139015,3.7873260052101183,3.27101791862085,2.66705042773648
25094,pop_2,2.9106112874250347,4.096943339862259,4.108200008544781,2.649085112123015
25095,pop_2,2.78332631908094,3.675421887514886,3.1987378267996087,2.9042068780754757
25096,pop_2,2.9572220588081017,3.7052814696171095,3.0329756013486975,3.1137685808752833
25097,pop_2,2.9733399752223915,3.7475352846252266,3.3284567005045917,3.24394864855821
25098,pop_2,2.8211016362212216,3.854682922229607,3.066959873202612,2.811087783481624
25099,pop_2,2.779359071980366,4.266154985147857,3.341746742891865,3.004508504471527
25100,pop_2,2.823148258530465,3.780494972609599,3.299265986418708,3.046781448796504
25101,pop_2,2.7042245382769092,3.856711899631056,3.694933288488262,2.436014617772299
25102,pop_2,2.90642966412669,3.704913769637136,3.2245671044898376,2.6306389268760837
25103,pop_2,2.853025342281439,4.176166528980775,3.289551850064225,2.5747630014967915
25104,pop_2,3.0154051702337274,4.078576936222957,3.408217355956433,2.5712456017239824
25105,pop_2,2.699859445739291,3.8451685418605503,3.195899519157897,2.7794269773803957
25106,pop_2,3.116682994097914,3.784905950775666,3.404140978161457,2.845905447102027
25107,pop_2,3.0501115700812815,3.870437303579739,3.1310065956765127,2.776668647856595
25108,pop_2,3.0333129230885523,3.887063376963166,3.4811324079336874,2.6695556230370374
25109,pop_2,2.7613967976574783,4.126036075185789,4.0725059730634,2.8858429285477905
25110,pop_2,3.230083071857112,3.8317093438481877,3.43771642123897,2.285101086236168
25111,pop_2,3.0779405867709437,4.062901259074351,3.507825229860413,3.1567684549356594
25112,pop_2,3.140656038907803,3.6836651112034673,2.4831517445227917,2.5278794836471477
25113,pop_2,3.4205690774213515,3.6759031201033556,3.1301954250376505,3.396648107188632
25114,pop_2,2.188088429354381,4.031097428124942,3.3887539370947137,2.5488471442103857
25115,pop_2,2.996155142068082,3.748748697488668,3.8255897745403056,3.2360481918318245
25116,pop_2,3.324145507084614,4.143844967319242,3.4305939255165216,2.242841855969402
25117,pop_2,3.0041861343472,4.019615957877735,3.0832959621095672,2.89708598552268
25118,pop_2,3.223132404768695,3.9715181832378175,3.1318792397024975,2.5633802900028706
25119,pop_2,2.948127718115384,4.05839849675644,3.5160870307022667,2.6231112901138696
25120,pop_2,2.3438484447708294,3.6582415604522374,2.937290667878468,2.993422039474265
25121,pop_2,2.882223312492113,3.97624107075924,3.363315559657954,3.069727863996713
25122,pop_2,3.206291481286845,4.287982566171565,3.290284604717106,2.2599440153074775
25123,pop_2,3.084343694618307,4.285563418319988,3.5666333285306067,2.4188247633877893
25124,pop_2,2.7557046104241074,3.5476796241910042,2.636533342456824,3.1751471852579813
25125,pop_2,3.1004740117390557,3.7992337254763995,3.2343928058047036,2.6880262688634593
25126,pop_2,2.7815747488962974,3.528254551592468,2.9329991821731953,3.2521476588077167
25127,pop_2,2.624368377938363,4.079259109608414,3.363947996123531,2.6414106016635275
25128,pop_2,2.6115115282420467,3.7090825962873653,2.9010106901030417,2.603755033578994
25129,pop_2,3.049522778154923,4.036679670108569,3.5300518923992596,3.173608461048773
25130,pop_2,2.4093460612653788,3.9711787961948057,3.2553780022657763,2.0823106128400077
25131,pop_2,3.5326749543701874,4.352196143042096,3.710111329555498,2.6177660792696913
25132,pop_2,2.6139159822954054,3.5115170440204424,3.382506913571133,2.797916314064286
25133,pop_2,3.0609555671864377,3.5878624335886515,3.095100126210203,3.3945509596818777
25134,pop_2,2.683743767465338,3.477558701843522,3.2443174133813932,2.903100443997561
25135,pop_2,3.290774731420801,3.92888122610234,3.197743325203141,2.572955201128665
25136,pop_2,2.849053650596974,3.8850496832682104,3.5011656426858586,2.8241315027699008
25137,pop_2,2.829625568700597,3.2278117107961104,3.291142468913759,3.136205045172273
25138,pop_2,3.2010871871664457,3.9992259950779694,3.717053972457083,2.7319543279597283
25139,pop_2,2.3167215978699325,4.097668678090835,3.3628641722421984,2.8820925492591356
25140,pop_2,3.226676041528511,3.9800259365572668,3.061801797152443,2.8993635104292506
25141,pop_2,3.480309470195025,3.84535189179624,3.154027247080325,2.4006307842844876
25142,pop_2,2.9229192913415445,3.9715858027727227,3.1055236640587047,3.0646786189379824
25143,pop_2,2.8520626576556674,3.8172949146829156,3.162500499329504,2.6915872395966347
25144,pop_2,3.1579577617734116,4.024126604741368,3.6637105529976592,3.0313559500193894
25145,pop_2,3.0836765286563885,4.0168357973335995,3.5393345476883944,3.2749456784461817
25146,pop_2,2.7268601568706576,3.59365067385564,2.961795242325249,2.7860703225050747
25147,pop_2,2.8309002566254096,3.684177023568033,2.9627609850904277,2.6443177646000864
25148,pop_2,2.900954863287502,3.8763133521323,3.2781070294179426,3.2973302539258533
25149,pop_2,2.9730465267711654,4.090076186619896,2.9090162750863877,3.097406426883349
25150,pop_2,2.971211635131148,3.8530288901612937,3.623948240980248,2.8939326734046285
25151,pop_2,3.207153879530671,4.189208701533133,3.173569066266874,3.0553370699201743
25152,pop_2,2.8753780351296028,3.8801687225380808,3.625191825943941,3.352450809471388
25153,pop_2,2.4101639082929656,3.542424540240671,3.8099730733981763,3.155097161449625
25154,pop_2,3.160189348725618,3.563770056190921,3.265781163647602,2.553775021741308
25155,pop_2,3.1572794403984075,4.120746224346916,3.589219143580791,2.9150425962311695
25156,pop_2,2.8522006474146124,3.9589445327121062,3.378113589595502,2.7971164616184137
25157,pop_2,2.6396262624118716,3.908084595558549,3.307844340197698,2.6754254599618252
25158,pop_2,2.9716412941462904,3.8777901752269908,2.927362452689004,2.8063740948070053
25159,pop_2,3.231833140643265,3.827919695999327,3.4889832021178897,2.8156389542552045
25160,pop_2,3.127452329153115,3.8510873555326106,2.7565851666786814,2.7659227053406683
25161,pop_2,2.8301389651048887,4.024433906181523,3.5938787801139083,2.9974385805361465
25162,pop_2,2.724353137365646,3.8399882136270604,4.201413948968352,2.2593475464301602
25163,pop_2,2.728388028536487,4.082722416560375,3.4159548021940367,3.239615709921253
25164,pop_2,2.655134674783886,3.993754212825864,3.105247618968905,2.794797150199853
25165,pop_2,2.6751027734385477,3.3704977468684914,2.8763912150447823,2.952132683677046
25166,pop_2,3.178126095879771,3.589336030885004,3.3219381747170407,2.6439333424452296
25167,pop_2,2.7056993489787646,3.8341371681967407,3.751249895935172,2.9934002160727764
25168,pop_2,2.8820601795525893,3.9119315436073077,3.3451723456814593,2.7112569016522596
25169,pop_2,3.1826498144989444,4.1812625334825375,3.4607513087489665,2.926485240499479
25170,pop_2,2.9631033984733257,3.9722620401309996,3.5597353579381608,2.607477972309399
25171,pop_2,3.105110387537563,3.4408547255846678,3.108430219500819,3.0853197241692505
25172,pop_2,2.8692617733497054,3.6761027923276828,3.331248253193036,3.139268799122669
25173,pop_2,2.470473211219284,3.9477689801120888,3.550226041004038,2.7886296670091
25174,pop_2,3.468758959309956,4.102245389002197,2.881089629027556,2.507945209133004
25175,pop_2,2.7418637637211223,3.548771313492269,3.0521493745443538,3.0742883855222303
25176,pop_2,2.858836159837478,3.8800001982098196,3.5809318222454682,2.24588422286558
25177,pop_2,3.0533090300504977,3.614809995410267,3.2338395850763444,2.942649528182014
25178,pop_2,2.6543446062198695,3.7717036904248995,2.989454784360238,3.3329732460260235
25179,pop_2,2.82915136308523,3.936047318492799,3.0677088256711462,3.1697404202260437
25180,pop_2,3.0396381739485734,3.8513213340613217,3.191878754723473,2.9198500700785575
25181,pop_2,3.012804033198508,4.0627463363961045,3.2591527349636946,2.909404567089237
25182,pop_2,2.7348057053885357,3.3107110768559673,3.68065538140065,2.6816514925403254
25183,pop_2,2.698529795527971,3.805705907727253,4.104888626568199,2.889923014231181
25184,pop_2,2.846843649138041,3.887853173062702,3.279642116855089,3.7574742233618705
25185,pop_2,3.3053350897564404,3.8963840113999866,4.008901339111744,2.7097976095459955
25186,pop_2,3.0211047527457446,4.049747117688521,3.1606826898318996,2.492092931285306
25187,pop_2,3.0628591318043425,4.016108047034811,3.6230508077710004,2.4671491546528594
25188,pop_2,2.7682147648296915,4.283258811632383,3.8534280112275545,2.5392445084749165
25189,pop_2,3.263190299672499,3.7473593745997684,3.193105106685673,3.0881947370827656
25190,pop_2,2.9359893512227933,3.669096535598772,3.2026268391866917,3.1949759316486137
25191,pop_2,2.707011175157956,3.683270143209999,3.020927377442007,2.9990639553805876
25192,pop_2,3.2077179083047955,3.74179351422093,3.26347850463495,2.8374752494466766
25193,pop_2,2.9599835339452034,4.243753804636094,3.9048942459841474,2.652432663541321
25194,pop_2,2.7697579351149235,3.874340853248716,3.3892467686751835,2.4342331670512665
25195,pop_2,2.8799608725163828,3.9903997824063056,3.4085981100861034,2.9386599798365873
25196,pop_2,3.1410005830049914,3.841742857805613,3.6479470762222643,2.677153236753477
25197,pop_2,3.2019749673167577,3.7783764477685344,3.4480009091724133,2.3310467731512228
25198,pop_2,2.741716995277092,4.014850796295383,3.5754852372997625,2.6996811387882715
25199,pop_2,3.0783310589020245,3.934966545316903,3.2390874380591135,2.6233033476306016
25200,pop_2,3.5060834143997592,4.059581028245016,3.4217233920697923,2.4281700746195845
25201,pop_2,2.7477868653130897,3.5748076091990373,3.3417733086169292,2.5871194688470887
25202,pop_2,2.8690924082486537,3.7797206505353635,3.2561876784412256,3.1033157788528416
25203,pop_2,2.9822850930510594,4.013291418581758,3.1314730038261867,2.759098634355241
25204,pop_2,3.041030246324334,3.512644451866197,2.549640463193184,3.037982757013266
25205,pop_2,2.759410414866677,3.901719614235143,3.185137523354992,2.3904152826598586
25206,pop_2,2.969460873794638,3.8450492522855098,2.8721445961940497,3.4161909977352196
25207,pop_2,3.29888557867781,3.526098994511357,3.4130554914680062,2.7304529563676128
25208,pop_2,2.890706037040365,3.4782265705157958,3.976042794759164,2.53283450487117
25209,pop_2,2.9126709956696675,3.949984808208482,2.9600706976022018,2.1578320031142755
25210,pop_2,2.742255812234335,3.5452811253385623,3.5831443782904184,2.765943087733846
25211,pop_2,2.871508464790052,3.723296233089684,2.7980517510443454,3.2770145697073816
25212,pop_2,3.360312853706669,4.5303585275743785,3.3036776897943434,2.3271802133200663
25213,pop_2,2.9049836186906215,3.4029217261205673,3.248199884344551,3.069723317852808
25214,pop_2,3.004230278980973,3.8133430493179103,3.8385232060300107,2.630640707814812
25215,pop_2,3.2019611073665217,3.6478853296024196,3.229093801377308,2.615057428865931
25216,pop_2,2.829570473840973,3.9917202554717717,2.835567169203814,3.1796910134943266
25217,pop_2,2.6890245259502294,4.365238985280234,3.7227010427940233,2.708575583386905
25218,pop_2,2.971604568877987,3.9761274057391014,3.475367465546872,2.605250117666647
25219,pop_2,2.9880369106338356,3.7831893428773755,2.8166665198737078,2.947931371000026
25220,pop_2,2.9430267732139237,4.1497392113751355,3.692172440915173,2.5573982619813194
25221,pop_2,2.878902430328803,3.8676645555932687,3.647256782899276,2.577281108204575
25222,pop_2,3.0560820804566693,3.766525610138328,3.3070898147840553,3.4231279932151932
25223,pop_2,2.7720732750699266,3.882937911445848,3.198940443932965,3.0804442240799963
25224,pop_2,2.8588431593210677,3.938321537423392,3.0306644544703634,2.754696191440638
25225,pop_2,3.3823164176258107,3.843241146362126,3.334149189005373,2.4571144123167272
25226,pop_2,3.0299319092249357,4.215511760380647,3.8086599751760235,2.3667841806556904
25227,pop_2,3.2799401715990557,3.8106277961331463,3.201450706600007,3.1833965221956517
25228,pop_2,2.947097097063683,3.915394162664412,3.7059272032442503,3.131477677599362
25229,pop_2,2.7507134498394374,3.5313778303933367,3.5306839335045135,3.3840762537537676
25230,pop_2,3.3082221142657655,3.813254208475938,3.311853275878393,3.0503583506142355
25231,pop_2,2.750167108639304,3.955426040961472,3.7092459911513522,2.6926350938232173
25232,pop_2,3.3977337321862855,3.725045657924168,3.313069857177007,2.77055500857604
25233,pop_2,2.7963700619444225,4.152977958614282,3.4796937116766578,2.525859498368783
25234,pop_2,3.243694784436875,3.7120839245929216,3.490961859663588,3.2729571688329218
25235,pop_2,2.7556747293437676,3.7527431584865356,2.6950912575805535,2.9638673982822645
25236,pop_2,2.631013070600007,4.201886207035481,3.232477556779613,2.814049328064861
25237,pop_2,3.088460833547024,4.182755343851424,3.663843621612063,2.9626898199034883
25238,pop_2,2.575752885826323,3.62377741470283,3.417955933933412,3.0658596439070984
25239,pop_2,2.807317174974674,4.052180045388707,3.3947780618059604,2.6449151250066376
25240,pop_2,2.80538638725219,4.170523810165872,3.3600038422634655,2.3783133198789574
25241,pop_2,3.081283753420004,3.7810113007841233,3.0884790565620652,3.232806249610477
25242,pop_2,3.2306919119505,3.8796354322570696,2.8449816798720806,2.5503474056774884
25243,pop_2,2.7114655047275478,3.6973581603089505,3.3776750027902405,2.833006212260694
25244,pop_2,3.1172688159431603,3.912957723920192,3.3075631421461873,3.367442003119138
25245,pop_2,3.2895548327141597,3.987693946461549,3.520606651824101,2.738612275237828
25246,pop_2,2.8230626943384713,3.619026157879448,2.825233694441827,2.7906680097348744
25247,pop_2,2.701427518769955,4.004433169332019,3.4219503434809613,3.8441424728368014
25248,pop_2,2.8808446523330575,4.014191451093928,3.4216811634311646,3.2421094620152395
25249,pop_2,2.9408464880645653,4.117107153839421,3.296181805349876,2.7196448179885886
25250,pop_2,3.1783419261758583,3.4757207154895413,3.13292808670636,2.7441325734563318
25251,pop_2,2.668302986204326,3.6470134158114504,3.0308251477223975,2.7240685366060746
25252,pop_2,2.929387464120315,3.7943031709756956,3.614091334001801,3.0078476891556667
25253,pop_2,2.8078201201303377,4.033837955145007,3.6891513975119805,3.0864958823372204
25254,pop_2,2.3846963116517617,3.8531681544139014,3.518208989699403,3.4829396075778116
25255,pop_2,2.8883548583532574,4.086372797090921,3.283227251518295,3.1812892858922805
25256,pop_2,2.6357061994400843,3.678685086537387,2.860622428301569,2.6882766102043147
25257,pop_2,2.8845658727762045,3.957841751445487,3.4934335007637687,3.0553771535923504
25258,pop_2,3.2165377634879424,4.161971772551905,3.0818781228788117,2.8625067956946397
25259,pop_2,2.9826287246635608,4.005212520688677,3.238901747235893,3.491282484504545
25260,pop_2,2.988355761886348,3.8401283669347746,3.1629824819454253,2.767486968621129
25261,pop_2,3.065575881737844,3.904931660525538,3.4717459826551322,2.7053409041715835
25262,pop_2,3.2050115085134765,3.6228243528951865,3.2439216089827827,3.1202728202745234
25263,pop_2,3.1116855467000306,3.518969813857698,2.936993982230331,2.686411153146226
25264,pop_2,2.6884639561241492,4.062442919303151,3.358906743920661,3.1842779266918937
25265,pop_2,3.123963599081366,4.008210523255462,3.2155748964596307,2.869418189501173
25266,pop_2,2.8383479900285016,3.9003398550471156,3.5619696129204197,2.6399193213510084
25267,pop_2,2.929509634805506,4.11232746287126,3.251224389436028,2.804461542628433
25268,pop_2,2.989305013995618,4.177458670135021,3.1916678851413076,2.982968339101795
25269,pop_2,2.840212572724652,4.1120778449916315,3.5240578684178794,2.6590709218543096
25270,pop_2,3.076603630822597,4.000774878782332,3.491462709430765,2.786614806196479
25271,pop_2,2.9697327149456694,4.1165343846157185,3.745577221613166,2.801264126055746
25272,pop_2,3.466359068817908,3.3689946776709383,3.423233174785997,2.5668876779315584
25273,pop_2,2.890915629157908,3.810640464539284,3.192220840022988,2.677945477250737
25274,pop_2,2.6934785140311033,4.216275616765738,3.1131970318376303,2.6580586216192272
25275,pop_2,3.5028557509222855,3.493163673819168,2.7489937314352346,3.0166383812681894
25276,pop_2,3.1330596340132937,3.793126020068666,3.2854406367809412,2.488207151116643
25277,pop_2,2.7297371183567014,3.519428216238585,3.1030875363409036,2.903423513657616
25278,pop_2,3.1725583922751133,4.027991501092387,3.0359865030487376,2.8707824196185023
25279,pop_2,2.8272843635203357,3.854735357253115,3.7268442072802603,2.505082573836708
25280,pop_2,3.1302032556964674,3.9055449678609016,3.4122381087900497,2.80444546203662
25281,pop_2,2.532833475291105,3.841057483505514,3.571782009897693,2.6672439216884367
25282,pop_2,2.964481889042808,4.031478590222546,2.9049881906801387,2.4072249994300208
25283,pop_2,2.911807317917067,3.94833090451519,3.6116652709569044,2.4354755675101036
25284,pop_2,2.855335926344796,3.3615731190939138,3.157206681018704,2.623306260962089
25285,pop_2,2.840844320247569,4.155409385562592,3.2548829318785786,2.777370833117687
25286,pop_2,2.873737629531931,3.8465047061697257,3.1558706767501943,2.580152107883811
25287,pop_2,3.0038086123362486,3.8335401404605762,3.167815530080583,3.03198330218951
25288,pop_2,2.615328461287263,3.9519290119150607,3.3677979404574785,2.5379570090790757
25289,pop_2,2.764132474696377,3.8937286631165775,3.313546084722999,2.8285329182461925
25290,pop_2,2.7974605772918113,4.071053393282214,2.883747276908334,3.0706693440324093
25291,pop_2,2.9955078331439453,3.6986422076408547,2.98872246737945,3.136618282241345
25292,pop_2,2.9497451450973817,3.916643045007361,3.356107552624935,2.692318010504405
25293,pop_2,3.2348382931272375,4.016580186456593,3.3098662238981076,2.780757880101408
25294,pop_2,2.9590953544914953,3.7691577374667844,3.4618946899556016,2.829919161611702
25295,pop_2,3.0666221652613768,4.154497051494375,3.6537776559258464,2.6735547060634106
25296,pop_2,2.8348493767464182,3.5118529944453476,3.3516728664729833,3.2205948400323896
25297,pop_2,2.6805666866258595,3.71643607709278,2.678217131918944,2.9891432791211456
25298,pop_2,2.6695171807215163,3.518537891336088,3.297355833410692,2.7849762898028594
25299,pop_2,3.152768081804567,4.1228101859250454,3.3253848600375315,3.02055511394955
25300,pop_2,2.7585123820504784,3.7847552493221435,3.5889674998757797,2.790712852141412
25301,pop_2,3.0424342507374593,3.8733428141187276,2.8789757834033605,3.54309255090327
25302,pop_2,2.696922588229811,3.6504672308867265,3.500796564853044,3.230223041411623
25303,pop_2,3.2231673827256677,3.94793456586745,3.0890999683386586,2.6545787740018563
25304,pop_2,3.189431976274757,4.049427204136556,3.1807391914648306,2.592204744628519
25305,pop_2,2.741910420697958,3.864328037692649,3.258477610598857,2.8828909876056374
25306,pop_2,3.009065024314407,3.7680304702925054,3.13978640763379,2.464452203858456
25307,pop_2,3.1663145829825257,4.305312437170237,3.785412230713243,2.7252176252556763
25308,pop_2,3.034212562180236,3.88294680228888,2.8884298859344355,3.368826897950347
25309,pop_2,3.1798789762803783,3.9066253280583836,3.3252091175595284,2.972781201744996
25310,pop_2,2.554763556204759,3.459695412145193,3.7439910399793783,2.954870645943223
25311,pop_2,2.849638183519714,3.992557896143119,2.877276216054826,3.1167580876914687
25312,pop_2,2.7450010669319402,3.8232839000411567,2.769709732587614,3.337913351220943
25313,pop_2,3.2155717903848493,3.4795690369891763,3.7966216292904837,2.2414194792790565
25314,pop_2,3.080474117971818,3.9331392416168534,3.3762859530650045,2.47263896220225
25315,pop_2,2.775699556960247,3.456740431989767,3.8522872789685185,3.033532770585437
25316,pop_2,2.7893252886793776,3.848124118954985,3.6150570497159684,3.0268755156377436
25317,pop_2,3.117131736585701,4.1343661422876865,3.660204150397914,3.5970736325501056
25318,pop_2,2.867621655562506,3.753413735085225,3.0409180584712936,2.9436946069858934
25319,pop_2,2.94823340132793,3.675400532558322,3.454693402891912,3.189366541468846
25320,pop_2,3.0210535309327984,4.311588410774199,3.6210008415124375,2.288240195172246
25321,pop_2,3.0357591577670853,4.224725892798973,3.613330234632513,2.8906824293371076
25322,pop_2,2.809494328016845,3.895107679787019,2.857010244859911,3.3280768622895445
25323,pop_2,2.7587084194815783,3.827685671379357,2.9133838442658258,3.1682981307037457
25324,pop_2,2.7211693981602263,3.798452344806392,3.509873694845133,3.09381538294339
25325,pop_2,3.210701756775479,3.6988657349319753,3.1694162248215814,2.8070030947398084
25326,pop_2,3.1412937576733126,4.199248089440326,2.663801796591521,2.7397658908415345
25327,pop_2,3.070749127731557,3.8413938961978706,3.160116763364448,2.5598213782200507
25328,pop_2,3.201760152420083,3.647432787270458,2.8403631156819285,2.5614823423338935
25329,pop_2,2.818767599085622,3.885698165161876,3.115204505760444,3.21914914227734
25330,pop_2,2.9958390950085065,4.147383210136809,3.6806340881364474,3.0247648785255468
25331,pop_2,2.8828146987035037,4.220837563577098,3.195399668671021,3.0629051864751142
25332,pop_2,2.899444947403576,4.411331256789969,3.5856674265770003,2.9677400210381255
25333,pop_2,2.7463970157921516,3.8319106737723825,3.0804688529952977,3.067665626121109
25334,pop_2,2.955990963068433,3.603339466432544,2.979396239563705,3.184662490153459
25335,pop_2,2.693231000017148,3.9930177834049307,2.8817147878826006,2.9909592032366126
25336,pop_2,3.2166501799102796,3.772692910724953,3.3208049436833007,2.9619027282579626
25337,pop_2,2.472585161529408,4.146192616008091,3.4956210787783233,3.0736422439788176
25338,pop_2,3.1473774354900055,3.331136393324544,3.74932911644941,2.8392029666186596
25339,pop_2,3.0617399997343426,4.153789360750779,2.956392450528938,2.687289600258039
25340,pop_2,3.069965788543988,3.73234409289259,3.370279076917081,2.3903553529505617
25341,pop_2,2.9945763923201434,3.8885613236487475,3.518775072265664,2.6671966692879634
25342,pop_2,2.995785213499231,3.9542082835953614,3.4336232558359963,3.1650243299419634
25343,pop_2,3.3376581005782597,3.6050590333957904,3.171553959615303,2.8368117501071435
25344,pop_2,3.0713116437725914,3.768669677964295,3.5605112498665172,2.520988139091087
25345,pop_2,3.1772099750239637,4.098060313294121,3.2076257178283076,2.9491181710585757
25346,pop_2,3.2793704078319434,4.1628585742953135,3.506104296291551,2.438818827144413
25347,pop_2,2.5810362484261606,4.413167901018076,3.1395372945630613,2.130611616774029
25348,pop_2,3.1640669913453126,3.5361002715116836,2.4638453130702995,2.5432013622591856
25349,pop_2,3.0331099994293136,3.9612696074246747,3.469044975731487,2.5249786093282314
25350,pop_2,2.4768565011022234,4.104867751861623,3.291255443236467,2.5496093801020137
25351,pop_2,2.853903219654551,3.6816631193621707,3.613797983518607,2.714100424185038
25352,pop_2,2.8976550382151536,3.7110049452625455,3.1750724596835127,3.4838730691198396
25353,pop_2,2.892636238001809,3.6868636269016855,3.360228560117898,2.381136011500019
25354,pop_2,2.898588049881873,3.964560035602377,3.6351665570957006,3.4040652774699995
25355,pop_2,2.963309031474317,3.7937163369586466,3.139748934446309,2.860212170358082
25356,pop_2,2.846182413555004,3.987728382757021,2.933823631961778,2.781042722242479
25357,pop_2,2.9900802843294905,3.9049320427458536,2.6299361075491823,2.4635279182308976
25358,pop_2,3.3300466687302124,3.64300204633428,3.1784084750109804,2.399365267639489
25359,pop_2,3.144735637345746,4.136824012287261,2.9301328352434615,2.513521532950901
25360,pop_2,2.9489292420568973,3.907616849889367,2.999379089346245,2.927757224939767
25361,pop_2,2.7424054736001087,4.153316616056459,2.5722087125036017,3.1578742335805843
25362,pop_2,2.7574564287107104,3.6744806197346724,3.024343023034164,3.0135015162624748
25363,pop_2,2.8089577112986603,3.4821946881432018,3.2428658919489464,2.9627621148998493
25364,pop_2,2.6642783430043995,4.075891380282918,3.0014845048880465,2.625569486368698
25365,pop_2,3.06830137844535,3.7147105409478103,2.9683422645346984,2.945458446338038
25366,pop_2,3.235353310193039,3.5449514644029203,2.8179290913458646,3.315849297476334
25367,pop_2,3.138535974951272,3.9221508504535416,3.352884777532838,2.4936227107923012
25368,pop_2,3.05989816595015,4.1112132587711905,3.2056131852975,2.5378126466866635
25369,pop_2,3.1736747979191984,3.947633956423032,2.939549880616297,2.714823352653033
25370,pop_2,2.5845515606409393,3.5954997829884108,3.5534921815525937,2.788884149120124
25371,pop_2,3.012862476018161,3.8906862704779916,3.666583448672061,2.8272110948520353
25372,pop_2,2.6611687314336065,3.788192543998613,2.5935390048152347,3.1100158168104954
25373,pop_2,3.064471644092338,4.057549181527725,3.4938980874440904,2.978505343561366
25374,pop_2,2.90063061425023,4.125158355789787,2.950345687531301,3.080260463442009
25375,pop_2,3.2181280089486943,4.317761611973547,3.4437570439166603,2.662821192945814
25376,pop_2,2.531337521838955,4.00768687775296,4.083398575199439,3.0339867289684856
25377,pop_2,3.443414024370674,4.346410094949256,3.4750740099198185,2.719105884117288
25378,pop_2,2.7005259880159596,3.9926888321616385,2.965177546005311,2.6104507001828763
25379,pop_2,2.773033352204582,3.727367607298589,3.554491101143552,2.9530884395308834
25380,pop_2,2.609674253649271,3.7581404323785206,3.2650966523862914,3.120425734263314
25381,pop_2,3.3387079977848506,4.314979152421097,3.6656727882305558,2.797394498299897
25382,pop_2,3.0673377272457074,3.5770055206786298,3.485308021308797,2.7908838132224876
25383,pop_2,3.086223242366882,3.956353180519998,3.223671683823417,3.127559068562551
25384,pop_2,3.02744062692258,3.7129715820997755,3.5702850837529505,2.1739603588267586
25385,pop_2,3.0082386557705147,4.211032601870746,3.6684751932117057,3.05052654372136
25386,pop_2,3.1206749119634334,3.8036304677855823,3.5365569518525244,2.6503833101237735
25387,pop_2,2.5847386195139186,3.81276099264312,2.975294979892425,3.533950242677845
25388,pop_2,2.827902355959751,4.119349318713671,3.6619256171619106,2.813463076888089
25389,pop_2,2.406046417463336,3.7505103437407254,3.470913266283737,3.19491733194855
25390,pop_2,2.8252518433193856,3.9832556533106662,3.044366811990894,3.161096774841718
25391,pop_2,2.7164404490590583,4.04159760850022,3.6502140721579934,3.432046289172711
25392,pop_2,2.701223990702955,4.135103657700211,3.333092965909557,3.1097269637293903
25393,pop_2,2.881804231041922,4.0903428478261,3.601365970796303,2.9134685771652746
25394,pop_2,2.90679770731843,3.7154835138459315,3.4573414936900284,3.16982106831901
25395,pop_2,3.020275625274728,3.772479118254443,3.3275783221680384,3.0706115585779257
25396,pop_2,3.220842550755927,3.7581367310870983,3.5443064046172035,2.853172514769552
25397,pop_2,3.034390198232089,4.280246651381224,3.359884614297404,2.4315346150057584
25398,pop_2,2.863545389195489,3.7805374512303627,3.4002566395931053,3.2587656018322715
25399,pop_2,3.4687578202287495,3.9208620522279403,3.4976427179426164,2.27090646623812
25400,pop_2,3.063406584796374,4.004493787674593,3.0744419010092185,2.8666895978444886
25401,pop_2,2.455666498132663,3.665380727934931,3.3881621886158637,3.4727976525776043
25402,pop_2,3.1776231770302528,3.591726423535984,2.9507954442964803,3.09977176073862
25403,pop_2,3.254600963079903,4.23235414560336,3.405123908337401,2.6115308333270164
25404,pop_2,2.923066354138326,4.142571316287128,3.4018938771920197,2.949524706867806
25405,pop_2,2.9070831681820115,4.0714605455924335,3.2157171139572727,2.7078694454358163
25406,pop_2,2.7825960907583194,4.106663034590048,3.3074566559622474,2.516216830589455
25407,pop_2,3.0565673898929884,3.6412642786462097,2.9125785216065876,2.7545043335903654
25408,pop_2,2.95833323643646,4.196010905756922,2.975909910786266,3.329633102517657
25409,pop_2,2.9102170411633344,3.9938906581503963,3.384090542872727,2.921644025396447
25410,pop_2,2.9561245663633993,4.108230052843449,3.4129855128327353,2.9599859861704534
25411,pop_2,3.04951645216722,3.9733194485196464,3.1157195283737447,2.6226833033193384
25412,pop_2,2.656381123224034,4.102180999909458,3.744293341130764,2.521769857690845
25413,pop_2,2.603646571030153,4.090299118251123,3.3638896723282232,2.6642446852369113
25414,pop_2,2.872696422023254,3.758313924494891,3.4389146595064886,2.867168948550786
25415,pop_2,3.034496849554847,4.545594729861926,3.371473634075629,2.6840012574041165
25416,pop_2,2.924301604748015,4.1700383831198895,3.204586268390615,2.8098602775159525
25417,pop_2,2.940867665231936,3.8827143669048865,3.592278404603443,3.4209371818663663
25418,pop_2,3.3788537042023807,3.77849140866496,3.0086084677507157,2.403977255373808
25419,pop_2,3.1895763082457567,3.622696875302107,3.3615874988259757,2.7471233331320546
25420,pop_2,3.3586456889001166,3.870589302594185,3.3941830784701184,3.040558339112501
25421,pop_2,3.1109695271518283,3.8121776336509994,3.302781645604158,3.017523480342727
25422,pop_2,3.1281133607096105,4.001587054630462,3.533592985649897,2.7682640980429185
25423,pop_2,3.021416517837203,3.966520381126018,3.35172078511361,2.296846280068145
25424,pop_2,3.046725602888185,4.297692836067633,3.433824802339593,2.7385629914453817
25425,pop_2,3.0015981769069926,3.9900896191587947,3.5119233300334347,2.831681911930513
25426,pop_2,3.330392949506162,3.891106222768157,3.081662852604036,2.7174864131640457
25427,pop_2,2.9848588136481617,3.7234967346223597,2.910396634706999,3.3852777825001934
25428,pop_2,3.40963836583284,4.118158710938831,3.6757371164339983,2.940380712104908
25429,pop_2,3.316217028236227,3.886142766041239,3.0256891204163807,2.9876745969412197
25430,pop_2,2.8298190230050486,3.7021023391281482,3.503249767774074,3.6749062910779733
25431,pop_2,3.111014529654683,3.997832499830976,3.277534069638944,3.08012344723852
25432,pop_2,2.7471716770714574,4.026852650947289,3.295511264305274,3.260660489933378
25433,pop_2,3.01259294716035,4.085272414615736,2.9501141990010473,2.8130825494374343
25434,pop_2,2.776934209017125,3.839565601152223,3.7309443848784722,3.1028105484333235
25435,pop_2,3.2482825982507677,3.3533817426327714,3.762631308489345,2.6852595996078197
25436,pop_2,2.7767373782951084,3.999938805842444,3.29629659454517,3.0119013345750685
25437,pop_2,2.420591093516964,3.861434965230738,3.063094711710649,2.9450185014888186
25438,pop_2,2.7506480011855743,3.941899662230497,3.0360467407198213,3.012232412281145
25439,pop_2,2.822540125514485,4.292879678334106,3.0410615519982493,2.9291263392890707
25440,pop_2,2.9911277656253183,3.7020211717008107,2.6823093745827906,2.7864289237901927
25441,pop_2,3.2421930748991237,3.7873934738967017,2.369876672874451,2.940023651102874
25442,pop_2,2.875010845399618,4.076124582828766,3.438661916028039,2.562344468153692
25443,pop_2,3.2663497827299603,3.9121233724380144,3.4518730811909673,2.1474364441555256
25444,pop_2,2.9867933633495682,4.269177446124388,3.1513277921965486,3.549106727949977
25445,pop_2,3.0186949274393307,3.506651018304306,2.8679430494128275,2.671810500388677
25446,pop_2,3.1698383620220465,3.808676568354229,3.115982257450001,3.1771875962308407
25447,pop_2,3.079900457527614,4.142470133762396,3.090851334381504,2.7043281249346656
25448,pop_2,3.0976380227488756,3.9001187168156406,2.9366165328379172,2.9687964252434482
25449,pop_2,2.699157981218316,3.8414614037830717,3.7226699508937515,2.6734055422534917
25450,pop_2,2.9955084683403745,3.7538405858469943,3.3177401594888996,2.859813888780251
25451,pop_2,2.8664314820842893,3.9515405984735166,3.1648297630808044,3.111338190239281
25452,pop_2,3.050646560091772,3.7109890700245223,3.4966851067547733,3.131062819804771
25453,pop_2,2.7193395330937107,4.041924806452355,3.250300792451343,3.1041061553578846
25454,pop_2,3.244967058039016,4.057743362397601,3.2627511541437553,2.8319433976416444
25455,pop_2,3.0832155513400075,3.6301902605805934,3.147839812059211,2.510572091513118
25456,pop_2,2.921707757539499,3.8406259861983676,4.013223778326416,2.807955702923278
25457,pop_2,2.7123726033227102,4.018930042795155,3.402343446490079,2.68462957120657
25458,pop_2,2.8476487989737262,3.787010625460879,3.345869380551493,2.9857253187598816
25459,pop_2,2.644942047785142,3.7679823162253454,3.3743848825054257,3.187505839614837
25460,pop_2,3.0358321649957722,3.457433559638144,3.4047142046739,2.8657954357809228
25461,pop_2,2.792165782090827,3.8485301747777325,3.5275913581112706,2.870702524444139
25462,pop_2,3.0750662102135444,3.591250595356122,3.3815899511717475,2.769904543957159
25463,pop_2,2.7678529718749707,4.395805394356016,3.5676453047821557,2.6357680577853033
25464,pop_2,2.9787078532693263,4.07754214568267,2.828710456998179,2.5302037497344347
25465,pop_2,3.0979048252848616,3.756983950040913,2.9087849420879412,2.7306595756796592
25466,pop_2,2.935927434507059,4.205286155947007,3.2196058993970467,2.6992071535312836
25467,pop_2,2.276940805966637,3.8706335471954403,3.071856109261546,2.418020277672705
25468,pop_2,3.2033284017985726,3.7758568451064516,3.4728841149270813,3.313067874521445
25469,pop_2,3.1697808575107325,3.9123990504373913,3.5228810188584148,2.380283731894869
25470,pop_2,2.8454971197477343,4.181043859439419,3.2844862342950463,2.4529389702405924
25471,pop_2,3.003172695576579,3.8162812348700372,3.4154739380980113,2.5827348160325845
25472,pop_2,2.8495094828409417,3.719130454738529,3.230007319510081,2.786363931228606
25473,pop_2,2.903553281350815,3.9418498260016412,3.355268033597237,2.7767932924389473
25474,pop_2,3.0935659697430533,3.8148335749603124,3.3210495119913057,2.7551985945999733
25475,pop_2,3.1001987715338712,3.867107981950175,3.2045209478907877,2.7951871203073315
25476,pop_2,2.8127166932168732,4.169881721641295,3.2813214429797295,2.4666739146055443
25477,pop_2,3.149860429740791,3.813770319680271,3.399268179474378,2.6129990716117133
25478,pop_2,3.005277543074694,3.9158015722988564,3.248679171345029,2.7034861030076023
25479,pop_2,2.7156883360935384,3.869109514943234,2.9919980807691084,2.5446445436020957
25480,pop_2,3.131974987590331,3.793573938304051,2.747182556147178,2.8099964263390222
25481,pop_2,2.8247613557427678,3.822077259881396,3.152093815134057,2.422407984088736
25482,pop_2,2.897449613688383,4.144412703464143,3.097448986629858,2.88961817891767
25483,pop_2,3.045471738550221,3.935006294614729,3.212527023142139,3.028827227353665
25484,pop_2,2.674024979354763,3.7667361087791256,3.4821782756671342,2.6595336532927236
25485,pop_2,3.073329344002297,3.862207894110663,3.113610270995054,3.2575417607054957
25486,pop_2,2.696560458835708,4.231875177854878,3.036314686209556,2.7984878962187736
25487,pop_2,2.858265494013027,3.767873696403415,4.137315692204357,2.7435624825895504
25488,pop_2,3.1300660205674755,3.861022586585695,3.4199637120637507,3.2100195488173764
25489,pop_2,2.8438862122409874,4.055508723330067,3.4312660123830687,2.7125881849161795
25490,pop_2,2.866128447622838,3.8673446987240427,2.958203784859441,3.038796395272083
25491,pop_2,2.8439189892186003,4.1119823134468545,3.726091378196245,2.7047477395861796
25492,pop_2,3.482416493780396,3.60825589293675,3.4319433310859937,2.666728449656533
25493,pop_2,2.5791157132931466,4.0201324375689165,3.5438169703182933,2.7773784815887854
25494,pop_2,2.976717477470469,3.8076133963448435,3.2083042070579912,3.1001742698910957
25495,pop_2,2.8290641660672233,3.7088335826041003,2.8950608891442164,2.7010518697809616
25496,pop_2,3.151648182218864,4.3931997924413215,3.2559551869601253,2.5624162576948413
25497,pop_2,2.9164290159409654,3.9906966328271896,3.0746034559891218,2.685303023984123
25498,pop_2,2.86139008447246,3.700064475830472,3.4960910616804273,3.4796457145870168
25499,pop_2,2.81140751827869,3.6678627984182945,3.335821223097001,2.7423151581790313
25500,pop_2,2.874149500203267,3.823175427607115,2.7252344158917987,2.916012208405841
25501,pop_2,2.5821983906716284,4.225792380792748,3.417703504280021,2.612228304649144
25502,pop_2,2.862598703593812,4.131329034487154,3.0063005001502234,2.659467307900595
25503,pop_2,2.715580269997115,3.956112905930334,3.0167671574554142,3.001121457416332
25504,pop_2,2.883248086307635,4.048383247534635,3.0960003271706737,2.5519828538883487
25505,pop_2,2.3583357820907325,3.749387028414655,4.127299916670454,3.0445455055758166
25506,pop_2,2.6290403155036115,4.208661081409841,3.2289153563695026,2.899581465367022
25507,pop_2,2.884822386332693,4.083356170243878,2.9180720699671205,3.0345963859157488
25508,pop_2,2.7995678472206182,3.922590438660733,3.573504091240662,2.794724176117326
25509,pop_2,3.1390731753394565,4.012986144888203,3.65302470045553,2.5191222258173753
25510,pop_2,3.0705346157151916,4.0654020242307425,3.5658444684680757,2.888487816292201
25511,pop_2,3.149298355347459,3.7860615791063217,3.196603356589327,3.0046178675411235
25512,pop_2,2.977079736261386,3.7831079861020713,3.765100970901416,2.305219026976587
25513,pop_2,3.1253611291762686,3.8677512250547847,3.3938446074504114,2.7756083544997847
25514,pop_2,3.10988557027059,3.6911952755032105,4.254605693065348,2.6123610990717303
25515,pop_2,2.930704363486735,4.12315843353783,3.682807986560793,2.8403415843091557
25516,pop_2,2.805660083196176,3.6560222180843365,3.2523292048663905,2.7747579443799935
25517,pop_2,2.887333561892748,3.5531412404691767,2.9026739716298726,3.0952831284061846
25518,pop_2,2.691557858391021,4.005007762724881,3.647598515939362,2.2975303775340645
25519,pop_2,3.110966145916466,3.9307692056046353,2.9893265479611624,2.1388527792742478
25520,pop_2,3.262032475908586,3.7184434036610075,3.1808531036844947,2.8337687139743126
25521,pop_2,3.089272610128085,3.72038947323563,3.562929972204251,2.2786981710095393
25522,pop_2,2.6889389457755515,4.219275812780343,3.3049584277807686,3.252219063071066
25523,pop_2,3.3802277013061044,3.606272768054976,2.8428301907855125,2.4442338784623177
25524,pop_2,2.970305675480398,4.174768413362215,3.1595063803850194,3.0694394401815868
25525,pop_2,2.9019779036837754,3.791598457038525,3.3497462375071394,3.175696700953716
25526,pop_2,2.8285955109589533,4.053727036632413,3.2635667138424487,2.9271832329556906
25527,pop_2,2.580277740841261,4.184017659122916,3.0747313016570326,3.024440192082715
25528,pop_2,2.9963061651671583,3.7815564829381554,3.4105285114824446,2.4098904590425336
25529,pop_2,2.9421889685676477,3.9705095245015767,3.327180915816087,2.7771192855022564
25530,pop_2,3.5958906481089574,3.9182808070510955,3.2712703760758775,2.751518044059328
25531,pop_2,3.3642975628030127,3.9788283212207842,3.747247490538112,2.6306295934498234
25532,pop_2,2.9342566359179902,4.032491224044305,3.2427176086084146,3.1268645737498924
25533,pop_2,2.755791734347263,4.005140672235918,2.9549196579303585,2.688505917110811
25534,pop_2,3.3942189501392313,4.158266028715549,3.3369066200250113,2.5851138880353446
25535,pop_2,3.217946033964437,3.661881188421082,3.289862339312618,3.3855738968208997
25536,pop_2,2.873507189329845,3.8726486223989287,3.4329881287330597,3.2376535329702434
25537,pop_2,3.418673356102122,3.924161693733139,2.7614530777487865,2.8431603804343735
25538,pop_2,2.98293117408606,4.153985529981362,3.1162677696376027,2.9113346715811845
25539,pop_2,3.043250949817271,3.741065027981007,3.6294252725850717,2.426464079249268
25540,pop_2,2.81921183150835,3.9007018632095916,3.431814624569576,3.081312262356876
25541,pop_2,2.917947558244878,3.977492128131676,3.5190196451962805,2.229683273199256
25542,pop_2,3.173289263248824,3.9231230595234208,3.3078344037805514,3.018135419720792
25543,pop_2,3.007573906501699,4.050267650576938,2.9242643566510154,3.163516369040163
25544,pop_2,2.7973293260743253,4.1761479788569105,3.195864539479192,2.616657960755864
25545,pop_2,2.852894094731992,4.171609799986536,3.158697423917087,2.57816651417909
25546,pop_2,3.0413439276452188,3.971865919569708,3.144733340327806,2.702224340548479
25547,pop_2,2.8307209566479568,3.7181008673141487,3.6094546574290165,3.0429240112203115
25548,pop_2,2.992103676685783,3.993043731813203,3.7162693404915066,2.63665084503928
25549,pop_2,2.956473673796845,3.813388141605197,3.4874396111885138,3.036755229308747
25550,pop_2,2.621903550192581,3.7338774858844412,3.5046210579945667,2.8374308799409897
25551,pop_2,2.971972036284965,3.9137129690604247,3.297542807507247,2.949552470991799
25552,pop_2,3.025095062022862,4.111073306141434,3.089785507916978,2.7684770000117553
25553,pop_2,3.337167702025647,3.6017783620124466,2.9062776861896156,2.953214569517863
25554,pop_2,2.938898893598405,3.7429757547407876,3.1165994938463397,3.020560417044896
25555,pop_2,2.8411011601665606,3.8553682336895747,3.7055671378790813,3.2899841903370097
25556,pop_2,2.8805253587979704,3.983258977386155,3.054241573083459,2.7311017811627427
25557,pop_2,3.1978122236579583,3.697996863846258,3.9605680763305564,2.416328594232138
25558,pop_2,3.4242626231672344,3.9612176578897005,3.1602326815248656,2.6481450194759706
25559,pop_2,2.7872368588175966,4.28868038466638,3.2315029518813367,2.5737062947036478
25560,pop_2,3.326922653971353,3.381896251855523,3.351895398188147,2.3761080770221588
25561,pop_2,3.0003789323061074,3.3871474130241785,3.1803757802162655,3.1268918034667355
25562,pop_2,3.061562502617438,4.026898146230884,3.657568602340522,2.48279186202084
25563,pop_2,2.9681863296158197,3.5522148433558027,2.8951153046570477,2.386132349658027
25564,pop_2,2.9754219516773492,4.032712522579393,2.884759788796907,2.428861776021682
25565,pop_2,3.1755448565462587,3.8012242458102663,3.3741047473759043,2.815394092756108
25566,pop_2,2.5709964448289977,3.5734672602212814,3.1742770488494667,2.9213054033460915
25567,pop_2,3.1034097774281295,4.099359390660805,3.6161720692606383,2.6089669134678157
25568,pop_2,2.5561854375515876,3.7719817795897024,3.1585163906195177,2.8673309457058695
25569,pop_2,2.993156866776978,4.1901104321584,3.3259386430368574,3.3009433407199493
25570,pop_2,2.47482464915414,3.610045806331902,2.7948504348128527,3.1225545442944105
25571,pop_2,3.0856258264710634,3.273056589188964,3.393241732784947,2.6366376999609784
25572,pop_2,2.405789799468425,4.077559659730504,3.249874586437373,2.938932619061621
25573,pop_2,2.888966004954254,3.745029959473369,2.9325925488394895,3.5338007291467015
25574,pop_2,3.10432136018517,3.651352328648159,3.1812785110970236,2.5001794444986976
25575,pop_2,2.712003315069478,3.540891239841575,3.0357248393527394,2.8481304954565183
25576,pop_2,2.9156741731438585,4.029638803213028,3.414741485278389,2.860122302957434
25577,pop_2,2.819867248808693,3.632729784839575,2.9900581546185276,2.7399653227426035
25578,pop_2,2.846980646251855,3.870263029531834,3.0517767405907565,3.0415648063809377
25579,pop_2,2.759143930850035,4.048709947462424,3.269194068182457,3.215633740861354
25580,pop_2,2.9592924741715105,4.014419048143456,2.795202509199027,2.5758386866951235
25581,pop_2,3.0909264130996097,3.926904250490667,3.2084643264197017,1.8827575471214586
25582,pop_2,2.7090286307863427,4.156187969841415,3.0800821739761997,2.42042565731625
25583,pop_2,3.3401324634829432,3.7714677990216776,3.19264812919227,2.453435436756215
25584,pop_2,2.957175870404806,3.7391800027687014,3.1853939183451723,3.066586879608592
25585,pop_2,2.9629779026389715,4.031542660089676,3.4574607078841604,2.936202302442821
25586,pop_2,2.7514681957180076,4.456894176266261,3.6608217998930446,2.7566221161229025
25587,pop_2,3.172421953153468,4.267661382955085,3.7859558462135454,2.911491483493105
25588,pop_2,3.1635395146342233,3.9018629105434006,2.971787791273637,2.4104128619090135
25589,pop_2,2.2598728047646057,4.125795049663452,3.346131879554839,3.068627503257442
25590,pop_2,2.856471758817373,3.861488935783509,3.589829328465995,2.692247217693764
25591,pop_2,2.6706817723887375,4.357026971922143,3.3409425891640474,2.655572571012055
25592,pop_2,2.8392500613675407,4.024715414272444,2.7048930342081388,2.5013891037654883
25593,pop_2,2.9942840645533053,4.114592766366735,3.426872264572085,2.673809537444318
25594,pop_2,2.161079734882709,4.264409100975529,3.120021209612166,2.7923892194030873
25595,pop_2,2.611325523096555,3.4565439198044516,3.0418583293959958,2.6139536285634257
25596,pop_2,3.2681757844125463,4.086749039705261,3.7212065402645385,2.9260415216146787
25597,pop_2,3.145549653628335,3.715411308716106,3.2460606128789196,2.8506531726863753
25598,pop_2,2.7647298464638648,4.123015146610207,3.6598523685019324,2.790474310117632
25599,pop_2,2.913244887000162,3.808935982781665,3.2413774546651837,2.7307048748838954
25600,pop_2,2.8381714880126894,3.860510189493133,3.2707450509235336,2.7753930687189867
25601,pop_2,2.6870697395247483,3.3230189005060784,2.99021794771751,2.562787223284899
25602,pop_2,2.9638706863686815,3.9816941544880584,3.07193992537948,2.7935234279584433
25603,pop_2,2.7247681766714416,3.7222085084049925,3.415775546461303,2.58051976934536
25604,pop_2,3.168116372857259,3.9829616508770687,3.1182054418361207,2.782025472442693
25605,pop_2,2.925771658293083,3.746738921515801,3.41418473807771,3.041356069306846
25606,pop_2,2.8121321162946202,3.9432170719652073,3.777117967446961,2.9963580057019588
25607,pop_2,2.880888151569888,3.7110105973537575,3.501025516742456,2.956425951366712
25608,pop_2,2.781052291983556,3.778605779898032,2.97428264900074,2.6440587337420673
25609,pop_2,2.9568662025732353,3.8489356813235203,3.664605224803115,2.892787385241506
25610,pop_2,3.459255345833183,4.074378644628982,3.2457248744083613,2.462923228347225
25611,pop_2,2.7651471893570796,3.840215428188464,3.588086012776536,3.0111720491316056
25612,pop_2,2.6526976687648194,4.094133424455712,3.4047258634801163,2.8662080017843388
25613,pop_2,3.247126999578633,4.27565750151828,3.414663472940343,2.959419179782489
25614,pop_2,2.8406624313444566,4.002822832516685,3.4875354253980624,2.590903685675458
25615,pop_2,2.816255333750171,3.539891920794073,2.580279663367003,2.7233465930643277
25616,pop_2,2.9475435008285893,3.5839825287255502,3.149138733348616,2.6338263618933055
25617,pop_2,2.9400080171666363,3.9673580602608935,3.3937480922961747,2.6095077009391656
25618,pop_2,3.2247152026788846,3.8449651092005928,3.1056851997477777,3.1205422587947904
25619,pop_2,3.23971694568424,3.4469037295608813,3.0555593786945234,2.880050392264515
25620,pop_2,2.8370597203079244,3.9925548068621386,3.8740781113505243,2.9905351304504086
25621,pop_2,3.2900015162344234,4.132865819235283,3.3380125600814825,2.5462885812153138
25622,pop_2,2.8821692464719773,3.875116078828262,3.1141083511405205,3.0322218909615035
25623,pop_2,2.5835516953467215,3.9155088113609584,2.8005665215290456,2.5283832872793703
25624,pop_2,2.733573840448203,3.7353762838375726,3.1407931942661036,2.609252753387477
25625,pop_2,2.9871612994041947,3.9842495765945842,3.3308330949573626,3.0052186809561348
25626,pop_2,3.110969869438532,3.6738798535473536,3.089870225970522,3.02074026870515
25627,pop_2,2.816873470223991,4.12294542310383,3.9156234521258475,2.3986442359094817
25628,pop_2,2.7723953896229174,4.2718394394502,3.5275696255175784,3.1663114447864116
25629,pop_2,2.935875412232021,4.063942229193431,3.353849683883613,2.7900588981706718
25630,pop_2,2.8852993701993688,3.6136370848906876,3.6632763484332793,2.9747951065889326
25631,pop_2,2.8924456186168497,3.7400926848330363,3.266113533472038,2.989005726180874
25632,pop_2,3.175448811621761,3.9112179504659057,3.8849921259420506,3.0588982359636097
25633,pop_2,2.5824826482542163,3.522238121949269,3.2338056972525577,2.727044012141971
25634,pop_2,2.9876716816150575,4.116913882889307,3.8810811365073516,2.8905808046793937
25635,pop_2,3.061208034885958,3.854098449399611,3.8156928868955524,2.6794271449438267
25636,pop_2,3.1868578698656775,3.7379237546833286,3.2217304439134953,2.7376173469612124
25637,pop_2,2.7663665827946495,3.563425067432471,3.2037433647033735,2.8389246977031597
25638,pop_2,3.3998616732896,4.104193804821154,4.037280065376744,2.923195108929223
25639,pop_2,3.3594222068514568,3.6488377225723987,3.3009071721806444,2.0703691437922536
25640,pop_2,2.860053220206601,4.053628099017871,3.721526528155045,3.256305309093533
25641,pop_2,2.83251803114975,3.802429387426061,3.2594615917398397,3.5640920176385738
25642,pop_2,2.9144372591202705,3.895540770806328,3.250429941605959,3.0393037947946207
25643,pop_2,2.989966787488228,4.262868016238242,3.1619879113252023,2.8752153951120945
25644,pop_2,2.4737013581701244,4.095451588516781,3.8223955813713975,2.362111477252822
25645,pop_2,2.9722020489222998,3.5388632268251032,3.149391593658875,2.3768534916160218
25646,pop_2,2.9587487171144153,3.9868983793776485,3.4325982326987385,2.5388837431103477
25647,pop_2,2.9139002809517085,4.0891532923545935,3.043494246736005,2.55497871729831
25648,pop_2,3.1295225995102047,3.5215941127986374,3.456178488349877,3.0743404936373904
25649,pop_2,2.673227083081023,3.907813969930597,3.485828485990627,2.762806977595348
25650,pop_2,2.9389099764223574,3.891490254844822,3.2519720878746234,3.180172265782341
25651,pop_2,2.7137159455482815,4.161347080823244,3.415970392377547,2.5706933062556288
25652,pop_2,2.715203500462277,3.6829528897235653,3.1653147326316473,2.9775177618300397
25653,pop_2,2.310691911470834,4.219985246680754,3.7912167737039577,2.6740711223067737
25654,pop_2,3.143237174743608,3.6027813266009345,3.1248972875563745,2.23269268603056
25655,pop_2,2.6569831859331754,3.9976258709730565,3.4877571816897652,3.026979397856358
25656,pop_2,2.6477472073087744,4.045391978145814,3.4241238588912366,2.314673323329627
25657,pop_2,3.103875602476626,3.9108683457268323,2.8075556569158957,3.3016005520553575
25658,pop_2,2.8907605169148365,3.672185789512723,2.898280377528083,3.2405915217786836
25659,pop_2,2.7373572248707774,3.9260371433423518,2.8872791809172806,2.786051910058412
25660,pop_2,2.879097029605358,4.18079995028076,3.702723146216349,3.093393964918336
25661,pop_2,2.5676415233032963,3.8705673627779027,3.73871207405248,2.704471938205982
25662,pop_2,2.8285264977869704,3.9414187750275427,2.946468557519097,2.7837589072678353
25663,pop_2,2.872452973657755,3.4361641268977072,3.197212822978596,3.0558517344687113
25664,pop_2,2.855926796187868,4.008670835366418,2.7594868375046664,2.4168204905334965
25665,pop_2,3.168577518160153,4.022998154064278,3.696833988198506,2.204079707780399
25666,pop_2,3.2571504380414864,3.8734431000337985,2.9941738899601216,2.9991504710566907
25667,pop_2,3.1142817926811164,4.181210564694064,2.9975115422951366,3.1817204684036793
25668,pop_2,2.4982509401280737,4.020109890506328,3.6426006339821835,2.6061906795093073
25669,pop_2,3.4078735299240095,4.19139423745744,3.331193803135832,2.484090099621951
25670,pop_2,2.50388429255909,4.531838146443217,3.484221185085852,2.4738187346215033
25671,pop_2,2.6697539277489715,3.744255366451048,2.876079713334599,2.9082171813669446
25672,pop_2,3.341123987648258,3.7129451169739567,2.9110304181889526,2.747972242216352
25673,pop_2,2.842889133267917,3.777999797266687,3.477346657785036,2.3567167480137545
25674,pop_2,3.0186865934994205,3.775380066975875,3.099054901712131,2.345190197239801
25675,pop_2,2.7539944166451416,3.891016741717051,3.112101317945348,2.8649177377163695
25676,pop_2,3.071108247295809,4.009470247665834,2.672937336491104,2.98516130602929
25677,pop_2,3.0909370368619062,4.278437007159177,3.185125708216688,3.0344372228240526
25678,pop_2,2.903422613547585,3.8332000917243696,3.199742116590458,2.2689344335696355
25679,pop_2,2.591133299151529,3.7261621137493752,2.9394411598563845,3.342604860902425
25680,pop_2,2.7386048559513707,3.810320929232261,3.279866607102043,3.0214678972034292
25681,pop_2,3.3975225208395985,3.5973448490463062,2.894031665486014,3.1861061739719703
25682,pop_2,2.898318057010547,3.8457841023365504,3.216095742711523,2.911605438613308
25683,pop_2,2.8832243250278506,3.6787223524022643,3.0603050565895353,3.1464280422169706
25684,pop_2,3.0750739815746244,3.92483557902919,2.6558533811616396,2.715612601650118
25685,pop_2,3.086975529520223,3.8047016556533184,3.2665278477454067,2.4161850497326576
25686,pop_2,2.853144441266995,3.5194136603110286,3.317889305857222,2.730405730812016
25687,pop_2,3.2476175120434423,3.942959420295741,3.5831634612114764,3.1140471418083107
25688,pop_2,2.6771731056648584,4.175692130414333,2.9531277371976286,3.2853860962835313
25689,pop_2,2.9150440490013514,4.1165527036607275,3.468173197420934,2.7807392506858934
25690,pop_2,2.931084522352853,4.366270708533533,3.6237902068948795,3.1019728351743967
25691,pop_2,2.644769112404859,3.7359514061571817,3.5936910489646197,3.0818931992299716
25692,pop_2,2.8733479863920053,3.6410581032384357,3.7831284664177316,2.9259393757562
25693,pop_2,2.701493669655845,3.944688805380355,3.424722383919823,3.2351316278351208
25694,pop_2,2.6192534883739755,3.999177405329399,2.8077348031838936,3.2217839320882145
25695,pop_2,2.9338633023090916,3.7835552978706732,3.679813384544972,3.294014357854121
25696,pop_2,2.7963614002328536,4.033254971010155,3.489173765526141,2.817449507776658
25697,pop_2,3.1022786920122254,4.203655640768914,3.30125020923357,3.23805027622562
25698,pop_2,3.244112241362749,3.957740059886343,3.4329984581406614,2.3036187879525896
25699,pop_2,2.948438687276774,3.568530194034204,2.904219413631863,2.911911139147766
25700,pop_2,2.712638336314947,4.121944383676419,3.0272054097809655,2.5122488076573584
25701,pop_2,3.0549500579173436,4.027611392530528,3.540976732752932,2.664628360781136
25702,pop_2,3.008118349124595,4.245046038070939,3.9844321968537435,2.5851299134386205
25703,pop_2,2.4051632652508177,3.5233510029856636,3.367428528676408,3.6980193473126928
25704,pop_2,2.5951883859522473,3.7572068161458576,3.1688210564478436,2.9233687184872137
25705,pop_2,2.635245993666211,3.843353935456324,3.3275048348285154,3.308128266390541
25706,pop_2,3.0773261519681077,3.9160196531442453,3.0742495082298285,2.868891959877356
25707,pop_2,2.954365693191597,4.02395450367028,3.7067629988490163,2.5715026626943156
25708,pop_2,3.11065327048873,3.905684548756152,3.8533405755168832,2.634348923550194
25709,pop_2,3.063902388540647,3.861760710798213,3.049437716186831,3.12583584355136
25710,pop_2,2.931217534851435,3.93151286621408,3.4569917558792724,2.8158673469667166
25711,pop_2,2.851763469979165,3.618292435365114,2.7460185204845295,2.698117160932922
25712,pop_2,2.549124908681614,3.9065124360188497,3.715950350123429,3.0511428132242435
25713,pop_2,3.2239701545729353,4.16487268887612,3.958538722735166,2.1527228125005706
25714,pop_2,2.6581254072425367,3.9948909630261027,3.6173949092281354,2.651860667845646
25715,pop_2,2.7134785435224447,4.061118073825464,3.440497542765421,3.0857300113415747
25716,pop_2,3.132814977056912,3.7642457357157113,3.5239703011188688,2.731995678234145
25717,pop_2,2.6519170495885045,3.683339620249923,3.781279737382063,2.635477724001094
25718,pop_2,3.2159571057314165,4.237968027137667,3.448582339511576,2.9035194885304985
25719,pop_2,2.98174876723832,3.839666422525455,3.3734272608864275,2.576692578905629
25720,pop_2,3.168270068412387,4.070432463710862,2.9337812469026385,2.942605442286036
25721,pop_2,3.8423383414214607,3.9180263875870778,3.0980749511840733,2.566771035678926
25722,pop_2,2.7702431399073415,3.6551446121972693,2.9376485113308797,3.1999898548961117
25723,pop_2,2.781468422433257,4.087581348533248,3.523257580497369,3.2941641622040936
25724,pop_2,3.0012358171089644,3.925691730434302,2.829779627215636,2.89322081013625
25725,pop_2,3.0333890677030126,3.867627392632212,3.407211214744151,2.903141387864539
25726,pop_2,2.9664260955697137,4.198373397208547,3.635816917225595,3.025231381437862
25727,pop_2,2.651150258950203,3.8888743869549938,2.934169203806868,3.146393632804731
25728,pop_2,2.8102538735000886,4.378077015392734,3.487627985670518,2.788319845716528
25729,pop_2,3.010427231246461,4.043074626361983,3.6425059462847247,2.3956868382476304
25730,pop_2,2.541115373769668,3.7572448256207367,3.5359754466668236,2.4502265535015444
25731,pop_2,3.0720830564779478,3.7362336020794835,3.1962377754953133,3.0654266367737373
25732,pop_2,2.742472250351541,4.041527237010772,3.2442715040278207,2.6371240664354865
25733,pop_2,3.0941261438332046,4.001375261984776,3.1044116255456213,2.215438874483972
25734,pop_2,2.9064078694746214,4.107371739975079,2.91720998801215,2.8692899957621654
25735,pop_2,3.006831486860408,4.181514504920622,3.414444756157056,2.9232075370088078
25736,pop_2,3.0446346604658476,3.9275886306071635,2.900796901873757,2.575326146436738
25737,pop_2,2.982317487813336,3.739216839857319,3.2165461653653997,3.4436876854948606
25738,pop_2,2.8091123399963087,3.951432466446367,3.7897069207903624,2.896332174052302
25739,pop_2,3.2689216432519212,3.3224010691856964,4.220736399584221,2.6673044201077882
25740,pop_2,3.1935045315305075,3.8369767083118003,3.304512283152607,2.8736135676298966
25741,pop_2,2.826251325903366,3.8991223917980524,3.0551659881620683,3.2905912885892654
25742,pop_2,2.9624588662736806,3.95879568056614,3.32960446245609,2.691414983474314
25743,pop_2,3.24865031549714,3.7554570749382346,3.731661040187625,2.572926270396846
25744,pop_2,3.2385302757536,3.8449128849381813,3.593724008099071,2.689036724462315
25745,pop_2,2.8121667442545024,3.7275098430585794,3.2240629019158185,2.9241862563008536
25746,pop_2,3.1070059917080584,4.222236352271314,3.3412367197692214,3.5377281543535783
25747,pop_2,3.2502100191235157,4.010125100167427,3.3404281663210806,2.195873072893403
25748,pop_2,2.824275695196725,3.8661681275131263,3.4949894292595745,2.0107254018475085
25749,pop_2,2.3748143125259613,4.036956244161387,3.474442562177137,3.3721943297691492
25750,pop_2,2.6705259138920923,3.908544385752042,3.5908584141892703,3.3432585583989782
25751,pop_2,3.171080076352683,4.072212165057643,3.2726294898767714,2.664175902153607
25752,pop_2,2.60746472750104,4.0420548803237475,3.5956249944317116,2.565759616644038
25753,pop_2,3.373621431143277,3.9955281184109874,3.0658325337176566,2.417501857426754
25754,pop_2,2.4305194113009776,3.611011617353163,3.5330689658890493,2.8910398789440004
25755,pop_2,3.113989022294017,3.963946760400607,3.748238417515317,2.492885917170926
25756,pop_2,2.7976006000270934,3.986197931549839,3.6285312814285806,2.3972227358813223
25757,pop_2,2.924402587071286,4.062677825482084,3.2556543745859154,2.428551959666668
25758,pop_2,3.1977573246192907,3.8910577380456166,3.2035943473507897,3.1216316548254976
25759,pop_2,2.9766782506076774,3.5762183894391724,2.967979496538422,2.5540653659457506
25760,pop_2,2.889722582336041,3.8615706391174793,3.566437026106477,3.3356212785026065
25761,pop_2,2.790606718298384,3.9467844841239073,2.7494083753159133,2.6816267631454034
25762,pop_2,3.052050992430215,3.6857848231925434,3.049920458759162,3.3083730473549102
25763,pop_2,3.142291981116978,3.904025504577033,3.5409063490708417,2.4598281079572257
25764,pop_2,2.4975888620119866,3.8293294268299984,3.4232798665711814,3.0621314197781295
25765,pop_2,2.8153908563368946,4.083562950294607,3.6283238728906633,2.3101261013905146
25766,pop_2,2.8098261572080263,4.068291103859222,3.649813460902341,3.4195938094276803
25767,pop_2,2.5412309584717168,3.7332147984328587,2.7930876187463887,3.0793090626801813
25768,pop_2,2.734029476689162,4.128945761852237,3.785397845945851,2.834308104147211
25769,pop_2,3.2138625531356197,3.6002909498439863,3.1806745049226794,2.9065658710614666
25770,pop_2,2.481000538047018,3.932697028118174,3.0510796703310343,3.3353749876636467
25771,pop_2,3.037009993688216,3.842875406568516,3.3762822079333117,2.9526327940813366
25772,pop_2,3.092625229181942,4.236234923387473,2.867682311087749,2.8226723820553685
25773,pop_2,3.0516704021365615,4.063798533054176,3.661473148873315,2.98605019171061
25774,pop_2,2.5626268114214104,3.7052675003136777,3.440901012784287,2.8352361283436904
25775,pop_2,2.90169571905544,3.6603572592442357,2.657955075935163,3.0103791536290583
25776,pop_2,2.6083948566992836,4.037821119753804,3.1145536479145535,2.8469448059669666
25777,pop_2,2.8151854863205896,4.219749637347686,3.315453787171663,2.717144570655054
25778,pop_2,3.004264815869039,3.8311651911605584,2.9701794665091876,2.503897414100746
25779,pop_2,3.1496419943365996,4.107674587476069,3.343466856319617,3.339582721631763
25780,pop_2,3.097370034790354,3.7580248472524547,3.282007552076766,2.752944118511659
25781,pop_2,3.194843847191282,3.9448280864969756,3.8367085136596786,3.365712414024967
25782,pop_2,3.076879136684906,3.9963812290661203,3.0027985356965887,3.1484136559755793
25783,pop_2,2.895612323116771,4.048621131387082,3.0794126916083155,2.706666694860148
25784,pop_2,3.164389858970439,4.280775531069635,3.374094583447422,2.305872905153815
25785,pop_2,3.081236567454792,4.129763224355745,3.325473059129089,2.419590469117107
25786,pop_2,2.7391094574103185,3.913854605521588,3.514607977146403,2.9275505951813465
25787,pop_2,3.1373179155845867,3.7262735379793193,3.480145079541604,2.982377220030915
25788,pop_2,2.8066500497236317,3.4640835055216685,3.4513177919653777,2.910520632398016
25789,pop_2,2.9224169634949306,4.206647499167344,2.7663172829735077,2.5238721537355597
25790,pop_2,3.657401735832373,3.863040019304831,3.1756290061512433,2.8037747045609818
25791,pop_2,2.7155081848001332,4.172801880591128,3.4152314233033003,2.6763525693666033
25792,pop_2,3.1194457225919754,3.8177166026452443,3.0170264196630505,2.7232328476576617
25793,pop_2,2.829018724133949,3.62324513652843,2.8371849585175832,2.5974306654605224
25794,pop_2,3.0226166073669276,3.7928541854159876,3.1244020352863133,2.6524264708021197
25795,pop_2,3.550560941069022,3.8411511970631014,3.0388156707329115,2.6482048085072303
25796,pop_2,3.0201603538181314,4.1248869051647254,2.4039664690167113,2.4959631233037536
25797,pop_2,2.9734600727071,4.154124510801458,3.2707231141092272,3.141790707571773
25798,pop_2,3.2429741843717323,3.7403121161062534,2.9778724815862265,3.287445388591847
25799,pop_2,3.132773341438987,3.8342548222464936,3.4788324748390678,3.0480566824361333
25800,pop_2,3.1654833011418964,4.216603599933275,3.321868976293582,2.1345482781376113
25801,pop_2,2.788152007570943,4.617692362869197,3.8599725263680558,2.9705159043137144
25802,pop_2,2.7509930566249587,3.9085760386010238,2.9650349259730633,3.1339808381522536
25803,pop_2,2.809117941727316,3.5176233210660657,3.187008346374563,2.684289088918322
25804,pop_2,2.849130551900171,3.806280976428745,3.580438159999121,2.8120208844340397
25805,pop_2,2.5244089889097383,3.415514002813013,3.2262880683471664,3.7458990858213026
25806,pop_2,3.338660244659016,4.0500651089678055,3.6643814009660507,2.4311273851315955
25807,pop_2,2.4212044610858796,3.890367590958646,3.724083573407857,2.570407905940086
25808,pop_2,2.964620400726698,3.789636237515136,3.429497305556659,2.7238867338254105
25809,pop_2,2.7379594080065677,4.203396555647158,3.1946444864143895,2.6325156594098322
25810,pop_2,2.672798946137691,3.668414282127522,3.1247307792556254,2.6886740098537145
25811,pop_2,2.582341106878736,3.9647048026352416,3.800302584176477,2.642191173819455
25812,pop_2,3.2142574032222764,3.7842815867816952,3.281322868798048,3.3726574432735745
25813,pop_2,2.6969542833371443,4.204547778656069,3.83102539033388,2.5108310141241916
25814,pop_2,2.668596883983023,3.4819028427429117,3.1276120388089375,3.083807895956072
25815,pop_2,3.0795322410523793,4.389451819527316,3.6171509600900285,2.670861636914215
25816,pop_2,2.6195175620689697,4.0109699570479735,3.2080848361610874,2.9193690653743216
25817,pop_2,2.927240029892094,3.9104187508787738,3.2177287328387467,2.752308413115157
25818,pop_2,3.0733244931891988,4.043210916270978,3.2476299612380846,3.0451860546732576
25819,pop_2,2.8463456912290455,4.389943996715199,3.4880124806944544,2.5117653389364185
25820,pop_2,3.0193949145799603,4.144494319082489,3.489035873221086,3.08649577712788
25821,pop_2,2.3645582021852167,4.010306436875839,3.0911536301626725,2.6270759096892453
25822,pop_2,2.744129970252118,3.5191251070029823,3.282670621881905,3.2473972933965296
25823,pop_2,3.2924373705735848,3.827729875066011,3.310017168554681,2.355563431640637
25824,pop_2,3.0844054535915872,3.934345964970464,3.0914546820419915,2.683674311478964
25825,pop_2,3.2301123833207135,3.9692089536761865,3.1401636236339128,2.6611800500777476
25826,pop_2,3.0520951896077966,4.071106026777799,3.6955831237100347,3.119187921632712
25827,pop_2,2.8015148750916854,3.624984433020253,3.940320140891138,3.3594075660260856
25828,pop_2,2.727708102711868,3.765462401539868,2.7636803474732243,2.666765213879375
25829,pop_2,2.881021427618741,3.952356573099138,3.0098731686576854,2.873272083107156
25830,pop_2,2.8317034060467026,3.898482183902866,3.339976171964758,3.0374470957091564
25831,pop_2,3.118348620713068,3.8688675644375485,3.148294305585024,3.2532747381121787
25832,pop_2,2.8585459014361603,4.0628846045744265,3.4833430026175733,2.926210388209893
25833,pop_2,2.500116104294045,4.364263024951108,3.3557445616791064,2.7978874059557817
25834,pop_2,2.8418958027887826,3.960306343286237,3.095540808911397,2.193278062678748
25835,pop_2,3.0036883757726147,3.5832545810724774,2.934960676623095,2.704193076889095
25836,pop_2,3.277316886533578,4.0024728810612356,3.7470189147127924,2.440163991422235
25837,pop_2,3.073554279342127,4.231376734190789,3.415296416265859,2.5907325097910867
25838,pop_2,2.5587042355731136,3.8584508537705093,3.640610851598716,2.7399901845530636
25839,pop_2,3.005434995715919,3.872601077893045,3.2440622977230813,3.0579803361784923
25840,pop_2,3.09703963574501,3.7834713704708083,3.3268714859988355,3.2191064592931253
25841,pop_2,2.6695828183885633,3.6479337709474735,3.2093239256930843,3.101982847768334
25842,pop_2,2.488969150281952,3.8483699203178228,3.5460925597973616,2.2317587344731895
25843,pop_2,3.118948971238815,4.00259445994334,3.334679993040104,3.577340154219806
25844,pop_2,2.8617890437305604,3.7103808341113838,3.0459063165100297,3.3475390147685
25845,pop_2,3.1515280071405667,4.005747708707559,3.202409274357427,2.9861416700153547
25846,pop_2,2.4223833619365465,3.6402224051654715,3.060995729173251,3.3525155391414474
25847,pop_2,2.770442669549958,4.04238188150276,3.0716809859017693,3.195946985178545
25848,pop_2,2.5779766605399352,4.007525143718151,3.4345267543701192,2.5574777972836067
25849,pop_2,2.9049824242826614,4.005402048067128,3.4957692876558872,2.7605537093574757
25850,pop_2,2.90410969676729,4.032901985570895,3.535517102402104,2.676802144369865
25851,pop_2,3.2997685747932812,3.7373293407964625,3.253787981594427,2.5113828568215513
25852,pop_2,3.0178239794041053,3.903444943146482,3.657371002603046,2.6235865337837514
25853,pop_2,3.1144797873869017,3.5981991770829493,3.481247568970723,2.715125065138162
25854,pop_2,3.1546232773703697,4.005564288140366,3.270961424484471,3.0974279068385613
25855,pop_2,3.311925318607007,4.175701270617179,3.8532806904297034,2.7819373458473007
25856,pop_2,2.638553755083191,4.0752285586804815,2.8498587537339226,2.784673765784625
25857,pop_2,2.651154924340162,3.9773894274913584,3.4969043346132085,2.5228121563961903
25858,pop_2,2.8718772312314513,3.994516798469165,3.536917771167325,2.487618121986667
25859,pop_2,2.933263566559403,3.725095081206761,3.4712340170375233,2.5914023054960995
25860,pop_2,3.3198755437517624,3.456447233011802,2.87178691949067,2.6041569181480644
25861,pop_2,3.0854552082973923,3.5409029421501366,3.332776089554963,2.8430970700864457
25862,pop_2,2.778174750948535,3.911659315215749,3.6698335875404045,2.9317845826799993
25863,pop_2,3.1452136035433433,3.7269904683377484,2.90058568001541,2.8679105623116325
25864,pop_2,2.4961012376816716,3.6538634295147308,2.9032960540351898,2.829746679674154
25865,pop_2,2.6616120375663073,4.12893783475299,3.2792362982003245,3.150018963603408
25866,pop_2,3.0435012943474384,3.734548331292326,3.3966787344540017,2.767470143588586
25867,pop_2,3.390885259895164,3.6732993526232023,3.3089753893027365,2.9691759373566127
25868,pop_2,2.922595197731186,3.8014787267316206,3.2982474324338753,2.8637246612824336
25869,pop_2,3.2121884086396326,3.984005808052566,2.6243296161576386,2.8544701675666433
25870,pop_2,3.2211477555928356,3.6256019766078906,3.1121126150318563,3.0894423293933446
25871,pop_2,3.0094282241506014,3.7898128385959837,3.0708390134087433,3.273034885122515
25872,pop_2,3.1445483258118045,3.8915889916221675,3.409458043532814,3.0544740017312826
25873,pop_2,3.0578214567649677,3.8775548704966174,3.2168432326766063,3.2763375541716764
25874,pop_2,2.431034683168271,3.8571148614217856,3.2529594773369745,3.2111105864351566
25875,pop_2,2.9407668178592,4.108989193885129,3.5524567430313714,2.487296647313549
25876,pop_2,2.9599712264153424,3.7465525356436777,3.439551475069427,3.038077837719786
25877,pop_2,2.748992095363433,3.860048513288724,3.442132438511998,2.8199559060285995
25878,pop_2,3.177955590535293,3.5402608691796082,2.7007031241873865,2.253733818074312
25879,pop_2,2.8611443409717285,4.235652790906602,3.252674394950319,3.1803543398951457
25880,pop_2,2.467403751014553,3.527837822765571,3.181121780649552,2.720657665552575
25881,pop_2,3.107088562524308,4.350346129485822,3.3209104635433415,2.6605916574229975
25882,pop_2,2.9396866690274903,3.929598652120616,3.3280769173877482,2.283509822826556
25883,pop_2,2.7782464899935784,3.959048603527419,3.6386590864890183,3.5307709207238753
25884,pop_2,2.8725446876787895,3.6392922037092403,3.3545970812538246,2.9858681684948074
25885,pop_2,3.3067459689674905,3.880293277217982,3.118467141688313,2.7764508378560886
25886,pop_2,3.0922471264903053,3.886532025773069,3.3335512698742047,2.9482866026523338
25887,pop_2,2.5919879568692172,4.05278932256042,3.476571547462121,3.153167566102243
25888,pop_2,2.794274761194839,3.8756213959078547,3.2581739611133735,2.732636854983611
25889,pop_2,3.1288068561303195,4.1545352878443556,3.0937608002446457,2.8858656445358837
25890,pop_2,2.746717078082454,3.8204339969185095,3.817039802598074,2.8995994203204147
25891,pop_2,2.8109526570053127,4.129340109401183,2.9624895136228937,3.1598110236881
25892,pop_2,3.312066054526594,4.1902924767280085,3.2710426455214514,2.4025757381166115
25893,pop_2,2.7079053459265157,3.987855970659561,3.6870893698799834,2.7482431962215395
25894,pop_2,3.064764759943592,3.7584294177135282,3.279830116136152,2.6860282205301504
25895,pop_2,2.9627288928597015,4.337434797627455,3.7473643697706027,2.7267687539636634
25896,pop_2,2.641214192039602,3.7476162332103145,3.181056282700549,3.140810092514332
25897,pop_2,3.202287271067839,4.055749594091551,3.272371399440633,2.6801736414416903
25898,pop_2,2.779479089015726,3.8006531605858673,3.3636093211046605,3.139931423434534
25899,pop_2,3.281463538502486,3.988608993884202,3.311732448410256,3.079394096929259
25900,pop_2,2.6651146054748778,4.028049774194725,4.052917950840953,2.6455130431034903
25901,pop_2,2.706472985955471,3.864534319748424,2.953751879019903,3.005388688240767
25902,pop_2,3.191905447919664,4.277327528456478,3.1310372743199815,2.604756464871394
25903,pop_2,2.844197073565044,3.949496481223753,3.390407305371096,2.514746868221911
25904,pop_2,2.963893151827436,4.307866025832411,3.283962067686467,2.7088943126648024
25905,pop_2,3.608581215375059,3.7497690612491663,2.7376767468296803,2.774795104765976
25906,pop_2,2.886765917489533,3.700186425175365,3.0743597814968506,2.6551359152620697
25907,pop_2,3.2015004377638414,3.9415773656911988,3.332013674673874,2.397586746031427
25908,pop_2,2.770660258114217,4.168391150908619,3.3990314712094976,2.6148925012676236
25909,pop_2,2.896879733035286,3.5580035675574,3.091695739538055,3.0058981676089047
25910,pop_2,3.2420678067944984,3.8108450184161766,3.5113377818916103,2.8059464541531476
25911,pop_2,2.6698097850433573,4.31373168118829,3.5853764653096483,3.8099957606207924
25912,pop_2,3.2776432656574235,4.010371760914632,3.177078383635101,2.985154868264664
25913,pop_2,2.7377673199135284,3.985974147515882,3.4503993195501335,2.248216922641135
25914,pop_2,2.668423117516177,3.6708694516105393,3.40260383101996,2.645746070993613
25915,pop_2,2.698785155547309,4.45365504869995,3.3601143608889585,2.987609660172417
25916,pop_2,2.6727043544630655,3.9265373258065632,3.7697461215931436,2.84766830423755
25917,pop_2,3.189043265356133,3.9718150684308684,3.589804681984452,3.057421192443104
25918,pop_2,3.0957089132087954,3.8793402322628117,3.092325229155816,2.166031346280664
25919,pop_2,3.054740694591246,3.831500056338726,2.923153937527382,2.1672274660331086
25920,pop_2,2.9892367266572553,3.801554327780085,3.0302704040661936,3.3180210849879863
25921,pop_2,2.562106428483243,3.7863692469547594,2.9163515602611847,2.917988480330942
25922,pop_2,2.833150082544948,3.867974611869596,3.298867463955742,2.730599042387525
25923,pop_2,3.3699430961342363,4.055267254924107,3.5096815643691324,2.8785245280620337
25924,pop_2,2.878555934778585,3.7887207835940058,3.863802145830344,2.869269027799152
25925,pop_2,2.832619467523518,3.9252394083214273,3.3976677157157074,2.991402004618697
25926,pop_2,3.059604729163951,3.9391937825610164,3.2158167833659808,2.970567661853248
25927,pop_2,2.9779606098077616,3.759829932839616,2.8552396339756356,2.669890018654561
25928,pop_2,3.2163821689692496,4.00063963290281,3.561904707428844,2.5183110435121625
25929,pop_2,2.7796885571990613,3.491741265037587,3.1573004582782493,3.202711487640801
25930,pop_2,2.754210491317228,3.7952935588957852,2.8427257865743165,2.894672447078009
25931,pop_2,3.265927807580941,3.985849561498709,3.449526828862746,2.9996094543424623
25932,pop_2,2.8316283073515294,4.1004072520570025,3.3406174072961226,2.911859558890698
25933,pop_2,3.0590271864408103,3.607259741556451,2.976061029034607,2.947277362693348
25934,pop_2,3.0651385441780743,3.8532332663833184,3.1745945468973265,2.7491077220129627
25935,pop_2,2.965590042334806,3.5735444199980897,3.1427872443134195,3.4413104220557647
25936,pop_2,2.9404598569608646,4.42134750497634,3.032433455209638,2.6468087306198758
25937,pop_2,2.9660896874267744,3.987838571831279,3.2794152756821107,3.0080188867170925
25938,pop_2,3.0138156733904187,4.153451977704877,3.3563711189728394,2.4930773298027473
25939,pop_2,2.7836281761778223,4.426334506841668,3.251141033798837,3.2315633325321693
25940,pop_2,2.7397982245508254,3.793312565257928,3.145520611965732,3.508886001485161
25941,pop_2,3.2308490613930614,3.5538429474539233,3.5074473130346564,2.9349465840883457
25942,pop_2,3.1420584304075483,3.9726353731385906,3.5796078567218332,2.9554230093434453
25943,pop_2,2.616868720040901,4.038189772697914,3.488156541196733,2.7669826641746584
25944,pop_2,3.157065201528145,3.8144525955961965,3.179223828815169,2.904866915088644
25945,pop_2,3.1236053758562017,4.025504852759937,3.359288119834453,2.8272023994028173
25946,pop_2,2.8349086577752876,3.9759228613127564,2.928739478214302,2.749622886651875
25947,pop_2,2.923525873187677,3.9999923581419754,3.733441737081102,2.7767596038976476
25948,pop_2,3.129519127198521,3.781669761464586,3.715877263173622,2.582663888084153
25949,pop_2,2.8314982764847363,4.142700047228835,3.633852558210734,3.4993829431521877
25950,pop_2,2.7467668800720357,4.200503612967489,3.6444229605366574,2.875443926568656
25951,pop_2,3.2536906297012216,3.693242613134064,3.1152428430068855,2.508445269252421
25952,pop_2,2.729291852293721,3.971921895276839,3.160383752844179,2.3459253279381573
25953,pop_2,2.7500356516860003,3.7900518957736007,3.1442370615087207,2.926197629752092
25954,pop_2,2.733710421133865,4.017425429349801,3.6932258157229763,2.72372302296011
25955,pop_2,3.3116313014117753,4.184758238578852,3.201811454973549,2.936693972470892
25956,pop_2,3.2003738000346043,3.6422505519079524,3.1232143034083366,2.9094599069122187
25957,pop_2,3.1813559756783945,3.9468233351727937,3.6559636225394208,2.545431536985476
25958,pop_2,2.9313994126938323,4.062091294931406,3.292493990896524,3.142905972065028
25959,pop_2,2.7204052505104652,3.899328981320371,3.4757818814667685,2.9393473310804032
25960,pop_2,3.206973482306294,4.2203972269433825,3.43631404161754,2.8586415397177105
25961,pop_2,3.1872625205137624,3.8085683993321275,3.4344953949542383,2.61744160881405
25962,pop_2,3.2545355005008285,3.9378534499591566,3.0945437853896505,3.130113775128583
25963,pop_2,2.83334259729863,4.0454995361067665,2.7909428115171924,2.601455610495282
25964,pop_2,2.317392099576981,4.0015228592903895,3.5501380007000227,3.075952186081109
25965,pop_2,2.8656071655178494,4.210293937213773,3.3249923554368137,2.8103259325134164
25966,pop_2,3.4515965032822837,3.9620315208019945,3.261741471487085,2.586227338389577
25967,pop_2,3.070385234392235,3.4170225145773614,3.02772923670351,2.76148491937868
25968,pop_2,2.932795666646853,3.7461122971988314,3.4329744949926444,2.7298108568988866
25969,pop_2,3.3602490802361173,3.9842971039491024,3.076538696188484,3.1111782353199877
25970,pop_2,2.9387083757958123,3.7515434360350515,3.369838842384921,2.7618742901848816
25971,pop_2,3.070088963309317,4.3548131662302225,3.3994106550248397,2.2831759760669668
25972,pop_2,2.795808195363057,4.23005702937579,3.354686083039434,3.1387574691344495
25973,pop_2,3.1091979781132126,3.4266959059380686,3.044634208889566,2.8521241466211267
25974,pop_2,2.620118508922154,3.9834470462405593,2.868169563407476,2.5491211577635546
25975,pop_2,3.1196116475272464,4.082617313182747,3.1543359335319727,2.316239234479552
25976,pop_2,2.9472567481930088,3.4897461121041435,3.0960206176029286,2.6652126823212265
25977,pop_2,3.1531676717779646,3.9751703391771875,3.5722087243083913,2.3942308552423874
25978,pop_2,2.9030809485808557,3.814109179932023,3.0253892391619033,3.112276271759824
25979,pop_2,2.6893490003820264,4.030291469783962,3.041056169611752,3.086395585055765
25980,pop_2,2.7204385651730476,4.293507658473851,3.7150994794480736,2.692308294867029
25981,pop_2,3.04755626901038,4.1276160753717,3.8069213836697964,2.5897429341674196
25982,pop_2,2.53806336569912,4.108414681774583,3.0783128811900475,2.6404368998295533
25983,pop_2,2.771822578109277,4.129663940316653,3.1273698666172347,2.6594453410281496
25984,pop_2,2.8172490646786823,3.8160183923356956,3.2900550208488224,3.4778393640054515
25985,pop_2,2.6416102482194628,3.7981125870562367,3.2173336245436075,3.3418896158301927
25986,pop_2,3.0716264376097873,4.068296486411759,2.8703376600760815,3.114509451673481
25987,pop_2,3.159674588224487,4.475956864580552,3.475730533914881,2.6269403920707872
25988,pop_2,2.627170814977165,3.8439174136500593,3.6331284582006638,2.8393774039264508
25989,pop_2,3.0639487910880154,3.8686437038037216,3.511652877099916,2.8852259806610863
25990,pop_2,3.1088311134927133,4.320021025728919,3.378941197467104,2.8493444801798136
25991,pop_2,2.986763320705749,3.891707033532445,3.1740712772237885,3.1546748190998777
25992,pop_2,2.751570485297647,3.82015818235393,4.196455405312085,3.1389848147230683
25993,pop_2,2.9582855272503052,4.069270975294776,3.01209947096136,2.9421067396203946
25994,pop_2,2.786354217081211,4.0560376911268206,3.64325896630589,2.3482414688758673
25995,pop_2,2.8510627378052322,3.84320237641413,3.273779904849765,2.9296626745726515
25996,pop_2,3.1255073882307847,4.100451784821846,3.2180728419204567,2.777561027235133
25997,pop_2,2.8267532452014503,3.6739711839242335,2.9885507302892425,2.7534591223142244
25998,pop_2,2.8964174773101514,4.075948557449491,3.3426483721873486,2.608198267430068
25999,pop_2,2.8691898663762805,3.776725562977412,3.513271209042371,3.040337148284713
34000,pop_3,2.775746584456669,3.331168052383898,7.182573988394353,2.982199979989771
34001,pop_3,2.783160956770357,2.7063658797182555,6.876151206028482,3.85922185801366
34002,pop_3,2.8644805068319323,3.443813941334766,7.204935917353168,3.2495508202315633
34003,pop_3,2.8054709155079065,3.0126156876439234,7.0166903424659095,3.596786180422522
34004,pop_3,2.493754923429502,2.965904818965549,6.525843144053146,3.5283992386885745
34005,pop_3,2.9105744314507644,3.045097987063332,7.357050830884536,3.5835587007326084
34006,pop_3,2.684386789905764,2.81653297423213,7.157150059957721,3.6740106751051083
34007,pop_3,2.99612056603856,3.5409167876346936,7.560120875366605,2.7351542961798216
34008,pop_3,3.0449645339093725,3.1813241487539865,7.0293651657140455,3.2909097283537556
34009,pop_3,2.820661246850867,2.796712637038845,6.765027380316766,3.581114567910416
34010,pop_3,2.780132059608079,2.8602491284374585,6.605897808015725,3.4688478754213232
34011,pop_3,2.976866186769059,3.2708678008624346,7.075173976445786,3.431109370713265
34012,pop_3,2.9913290996062534,2.5012747744485093,7.500343825462932,3.361110015725746
34013,pop_3,3.1284890377874244,3.2604727880271334,7.622844388123279,2.9671611565629883
34014,pop_3,2.4839321695791865,2.765613300258628,7.451794437349031,3.0182314985482632
34015,pop_3,2.5698236027736314,3.051151230404234,6.7055076265251845,3.318132910370625
34016,pop_3,2.7763062517929304,3.1342569392217285,6.852244086691556,3.1525348849382127
34017,pop_3,2.7059617498601107,2.7806980678097317,6.828256170929909,3.2110674482498824
34018,pop_3,3.0976704919465523,3.136670585393843,7.342139225475085,2.6836882931572945
34019,pop_3,3.3732110239743887,2.944504773960135,7.352261626135493,3.47982104698524
34020,pop_3,3.0263717464859687,3.1018777076355657,6.843168240865202,3.119250538534211
34021,pop_3,2.5837955007300084,2.704451348898372,6.875920210836886,3.2562008963719307
34022,pop_3,2.8256862958119706,3.5516921033772606,7.287541537909684,2.913194126881013
34023,pop_3,2.971129759706973,2.7447404782806126,6.847612434134485,3.4455740053227197
34024,pop_3,3.274927132018018,3.1634845555591378,7.2820991314449754,3.2331422080516248
34025,pop_3,2.563094293262542,2.771514386850283,7.281992816250842,3.111480422687349
34026,pop_3,2.7799400201048883,3.053473023091327,7.560199658872609,3.688103410003182
34027,pop_3,2.943061587194836,3.107759284917989,6.971529764742228,3.33865028604304
34028,pop_3,3.0886332001454995,2.822280887399525,7.311483788306751,3.557469132654446
34029,pop_3,3.120609374725282,3.1938342069288783,7.107600972451176,3.372548970408891
34030,pop_3,3.077368555283333,2.9651852970933925,6.888645629385325,3.7606521450220614
34031,pop_3,2.8454253811122525,3.1361154123104473,7.289971964978557,3.2474617247384066
34032,pop_3,2.902644788687914,2.726326364327128,7.4304291430222085,3.259601276107876
34033,pop_3,3.04189940861772,2.919208086543543,6.928696220332626,3.404320659345481
34034,pop_3,2.9491456903533284,2.6783911494401016,7.112771380564788,3.659844933997036
34035,pop_3,2.8689253598719318,3.246091331977156,6.844911670219953,3.3376596971813
34036,pop_3,2.689223901690724,2.8575975279633976,6.812281630345968,3.589065141379223
34037,pop_3,2.6904339640501895,2.9032452158273885,6.553465481947753,3.509018371307768
34038,pop_3,3.089201647221625,3.2631407346903845,7.265777320033296,3.0226096182304896
34039,pop_3,2.7971762478392916,3.0248784698187183,7.023040947258618,3.5073925652807048
34040,pop_3,2.895699385321436,3.3301505625404433,6.8348202228066715,3.117501539491554
34041,pop_3,2.7553803080223638,3.137875999696739,6.873639633275908,2.7768089704993
34042,pop_3,2.455193037820136,2.9884491739796304,7.039305287037815,3.6767809018527062
34043,pop_3,2.9484126077426533,3.080594528296235,6.804711875536906,3.6434621146612227
34044,pop_3,3.0454038867257656,2.90256552060518,6.891838820059926,3.168676401310019
34045,pop_3,3.175854990055377,2.894142270675955,7.054518664649968,3.249715666696889
34046,pop_3,3.014149217614804,3.3405652689197955,7.147053686960627,3.0364910664651497
34047,pop_3,3.2795408942533046,3.082958996091876,6.969728871811082,3.3870469931486427
34048,pop_3,2.90357080922254,3.1931113710655303,6.966129092066917,3.4260640507211364
34049,pop_3,2.6835321507363017,3.1759367796255185,7.206910660977843,3.330272212153463
34050,pop_3,2.7362409369010976,2.9014270520622856,7.230637695772668,3.4873527148686536
34051,pop_3,3.2696839693622706,3.178926626712567,7.017066698766187,3.161748713558824
34052,pop_3,3.043781953525914,2.8782111554366403,7.19219286929527,3.1694877451494876
34053,pop_3,3.166216361080139,3.108957984165398,7.3042924237300095,3.269909048213717
34054,pop_3,2.732124715789463,2.8215287519779904,7.593916730155619,3.2804208694296757
34055,pop_3,3.2104532176436265,2.70442809697711,7.172139803443583,3.6114402035595443
34056,pop_3,2.8386659265275913,2.925314422673662,6.389977155792872,3.7894608578627382
34057,pop_3,2.728007265140654,2.924417966792659,7.119393627257123,3.506425906193199
34058,pop_3,3.247469650720892,3.1331002580425955,6.836971123642538,3.405994757794428
34059,pop_3,2.776233067997774,3.13262368457547,7.091789492326437,2.8142520323337483
34060,pop_3,2.8289987519644484,3.1803104940271902,7.203839485123255,3.3255112749377567
34061,pop_3,2.855575303720322,3.1090863991312716,6.938597933721467,3.4294963571190284
34062,pop_3,2.780229778997476,2.9291780105411025,6.989686799010058,3.207910437833376
34063,pop_3,2.4401863889029607,2.994867010950083,6.912501634549625,3.700429263830186
34064,pop_3,2.7696853917966298,3.3928835405612436,7.003666527628786,3.1826045864430097
34065,pop_3,3.060640763437527,2.7693512383758114,7.331953470987662,3.483854142805034
34066,pop_3,2.675614467917852,2.7504007661039434,6.623705896144561,3.8647041932010913
34067,pop_3,3.128301422849434,2.919822904577274,7.653168957695185,3.2918483201583824
34068,pop_3,3.03347019643923,3.0515493142819157,6.810821961448549,3.1812355723987675
34069,pop_3,2.9307099127979916,2.7617912435371683,6.697674336150008,3.568798168511603
34070,pop_3,2.915214406496294,3.1969117438552086,6.7563622113878194,2.9957660612273207
34071,pop_3,3.143989652695988,2.3995569645333785,7.234588422597728,3.5360572314581558
34072,pop_3,2.95640964690701,2.945063132988201,6.940348453451947,3.714931227196751
34073,pop_3,2.662008239133592,3.121122467010295,6.9765021844886785,3.200720497479254
34074,pop_3,3.178150905568148,2.542119547372806,6.752227709225419,3.818729482208459
34075,pop_3,2.6995138005540245,2.878295620958276,6.811397776508185,3.3818513961175323
34076,pop_3,3.1991178132053455,3.038722325776641,7.707557798267421,2.884286550879349
34077,pop_3,3.0965949438413367,3.2122976850307983,7.195851921412594,3.0866506453843265
34078,pop_3,3.032595339024261,3.239258349575986,7.171679683316743,2.9267192729055216
34079,pop_3,3.0100042224030967,2.9631913433787265,6.928732216315375,3.3885999190859963
34080,pop_3,2.9478403616215862,2.741981827497338,6.599692124189169,3.8260888815225953
34081,pop_3,2.9864336320307583,2.4021814395908745,7.128195633868878,3.4661506897548637
34082,pop_3,3.293537968529272,3.5156477782495754,7.051703200391709,2.8621692706406034
34083,pop_3,3.070133624474889,3.242761169873774,7.0910266526669465,2.9000353962194243
34084,pop_3,3.475247269669622,3.2311942068329875,7.404760646407872,3.075559518662393
34085,pop_3,2.748438344546228,3.140757935023762,6.643831911895631,3.559665526957981
34086,pop_3,2.7026561728529237,3.0609403577272554,7.204486407777033,3.3157945373143147
34087,pop_3,2.9899441731424474,2.8832551828118054,7.193511963076812,3.690443177266527
34088,pop_3,3.303856315163147,3.1383695501778606,7.029919519552274,3.2344463435734934
34089,pop_3,2.8401102983304756,2.8169997918853977,7.298023350257514,3.463735599735857
34090,pop_3,3.1471935090139835,3.1269201540582956,7.113636178813294,2.911545560525035
34091,pop_3,2.835805865768109,2.974059218087476,6.817970510341182,3.4017739189202456
34092,pop_3,2.642096273914917,3.258732987732466,6.9212588681250455,3.1614405492863327
34093,pop_3,3.222011980237796,2.9454966596104875,7.307064841559282,3.221699637555608
34094,pop_3,2.7278062935873844,3.0564887975627903,6.797416964872414,3.713625798615255
34095,pop_3,3.154110211802537,3.1732536942954903,6.66828833818239,3.4873932515172488
34096,pop_3,3.1055017973352106,3.00786431233009,7.304968506433362,3.82201385288871
34097,pop_3,2.864884618272794,2.5049839076256672,7.027925207986519,3.330922012417871
34098,pop_3,2.913618925218868,2.9292411640299343,6.7144968538494805,3.206564968020824
34099,pop_3,3.152770018985758,2.516887818774588,6.892467185335966,3.5298291001017983
34100,pop_3,2.7908217464524214,2.958574010527805,7.050803723302203,3.3721185213324176
34101,pop_3,2.945539859674764,3.6587692444395556,7.16328824980319,2.707913522296145
34102,pop_3,2.713776610123096,2.9168072328321295,6.167124733676083,3.7347442984774597
34103,pop_3,2.6101030657709066,2.7478617780131214,6.857422315182741,3.42087625570422
34104,pop_3,3.2425280892166928,3.385136917490178,7.253991398168567,2.9394583840154387
34105,pop_3,2.8221490751132055,2.6409016520835364,6.831644378808944,3.2938714696272116
34106,pop_3,3.0132771224785357,3.165697898722744,7.4267573225059875,3.1036536776166743
34107,pop_3,2.4396774452413212,2.619067146554867,7.355914292906408,3.467753918182575
34108,pop_3,2.8307574493535475,3.286335306851469,7.335069373026039,3.2175055508403094
34109,pop_3,2.8104582866091454,3.468359498440486,6.697926850315497,3.4372181781384743
34110,pop_3,2.9528115866241453,3.305634309706856,7.0187253992902745,3.2719229438287165
34111,pop_3,3.105780054673196,2.7994412597726366,6.997710774946255,3.7330617571182154
34112,pop_3,2.7803341969916806,2.6813494119764125,7.205057877784562,3.7787105479083194
34113,pop_3,2.835586569453255,2.9490807237814196,6.9460065640030475,3.1697135130133276
34114,pop_3,3.0170843805363647,3.5234235095381,7.3264914575934625,2.992689620977458
34115,pop_3,2.9159352728724284,3.149558619851503,6.665299166741147,3.331437088431627
34116,pop_3,2.6360953694870326,3.0465479862062637,7.0781728784086235,3.617850905856378
34117,pop_3,2.743261061321927,3.4400233288292403,6.46925902082827,2.7968372867633704
34118,pop_3,3.195799119084767,3.121688244491285,7.327821491970756,2.9523809877959772
34119,pop_3,2.7685145170565626,2.9681052269952772,6.993916554912219,2.9674819856352928
34120,pop_3,3.132297891367021,3.0566783089924394,7.224806830701927,3.2324733121396365
34121,pop_3,2.987324540842784,2.760311390082999,7.044339690076371,3.2620931638577417
34122,pop_3,3.1337522823390556,2.9817372107798854,6.973417745844537,2.9983254236103547
34123,pop_3,2.9134024730647887,3.257214694837515,6.741938958824663,3.1898507741651962
34124,pop_3,3.0121844251996293,3.3934642156929904,7.342816535816885,2.9523559072973495
34125,pop_3,2.928055623083504,3.125823092956815,6.799933145666591,2.971608233310762
34126,pop_3,2.7927335977743613,2.962585232132104,7.061752022578806,3.5412424212238767
34127,pop_3,2.8683179900344546,2.9001473646587956,6.762296470395542,3.560514288229757
34128,pop_3,2.7479716132895535,3.1748906252160367,7.374646480278777,3.3053977782070203
34129,pop_3,3.0339417427794375,3.272118236329325,6.971349576185429,3.3477038272086794
34130,pop_3,2.914220421230552,2.5725967922227317,7.428097321751259,3.520446753931406
34131,pop_3,2.7844733114111353,3.2577521384118877,7.303952257259584,3.291556065347061
34132,pop_3,2.99493111269886,3.0499433710644492,7.312827815095004,3.0228202135278743
34133,pop_3,2.7487543634120843,2.9572221224328565,6.92597072011547,3.228227120750914
34134,pop_3,3.092309382047435,3.16023368214952,7.1385805064352175,3.703981888282286
34135,pop_3,3.0315006997639586,3.0546479182935418,6.732505956408223,3.1182475574884174
34136,pop_3,2.7866640993546032,3.00652975761526,6.843196293561182,3.622605143025866
34137,pop_3,2.7828747810071404,3.266318329999082,7.12739307475727,3.230806608488898
34138,pop_3,2.841437189571094,3.2167007829410124,7.378471075295935,2.9382948287762756
34139,pop_3,3.342644310836776,2.6321123094219687,6.812783306951126,3.5715083327048385
34140,pop_3,3.1527905893099533,3.1533584695612813,7.125250646316627,3.135349635909486
34141,pop_3,2.5103150652908877,3.227311988712776,7.103408152119642,3.014616022055286
34142,pop_3,3.199212434074803,3.7927411361627605,7.190179866502045,2.7820771412138434
34143,pop_3,2.8498559754999846,2.697070208451913,6.94603138611678,3.5830407351176197
34144,pop_3,3.11732627727311,3.130430461343872,6.823194122290138,3.085323398537471
34145,pop_3,3.1058402665121445,3.1799259052043736,7.084219028248462,3.4189038514390027
34146,pop_3,3.0780996311445272,2.602933191623752,6.796748820055319,3.495774048101224
34147,pop_3,2.78831309255158,3.250795661967753,7.466544366130794,2.6407136491042427
34148,pop_3,3.427852769295745,3.0661860774057663,7.098530720243914,3.0944383407835856
34149,pop_3,3.0658688117123263,3.2992976842335735,7.323307094529557,3.222900755387724
34150,pop_3,3.1755418572916554,3.1761995852336047,6.788696109442539,3.302364235970775
34151,pop_3,3.0279994073656518,3.060536054593117,6.8313528138639015,2.998958830935868
34152,pop_3,2.9307684968881498,3.1174220023761094,6.8076753708281,3.177258985942396
34153,pop_3,2.5349814247417974,2.734408388013452,6.901750147183551,3.76632155893929
34154,pop_3,2.7506633390489617,3.2082472090692957,6.970341512254172,3.6313244813235674
34155,pop_3,3.016913451496387,2.8488585689018375,7.699517244355152,3.4398695876459335
34156,pop_3,2.947204487245192,3.1249329170321554,7.097458798576322,3.3784132374459235
34157,pop_3,3.0322818265682487,3.275173943187155,7.087731928387759,3.1553673516360052
34158,pop_3,3.0082617777036207,3.0774835244620973,7.136274947919593,3.565772822437032
34159,pop_3,2.7352360668911784,3.115980974191418,6.953566675175614,2.840362295960743
34160,pop_3,3.0330404659002626,3.0775730394020795,6.9577275903594344,3.620199932766709
34161,pop_3,2.7861001300849546,3.432863813644108,6.947680325005023,3.0587548380291563
34162,pop_3,3.0323686033762858,3.2760568581265046,6.834517984295427,3.168714228691162
34163,pop_3,2.9272493802597364,2.7781952621531643,7.275270002444363,3.0746852799331057
34164,pop_3,2.9838018080133457,3.49772682568828,6.906328278006753,3.3039835282797148
34165,pop_3,3.117791557202076,3.362524375603855,7.332313139702819,3.35262737725722
34166,pop_3,3.0322646050326005,2.393817473532615,7.317989294207143,3.5175665523431863
34167,pop_3,2.8870904785295695,3.274474823425643,6.497338109397937,3.0548188659585698
34168,pop_3,3.0224619314427397,2.943797739594647,7.179922296770091,3.2593702930639235
34169,pop_3,2.866671868322838,2.9221872521769643,7.440573346216239,3.307097691421701
34170,pop_3,2.997007704801636,3.3717548723471604,6.9472262843090045,2.6555555182976702
34171,pop_3,2.5742848269801915,2.951498371137156,7.210975192725545,3.2443432508178054
34172,pop_3,2.838794779249023,3.00817946265008,7.341863335274389,3.5976394045067672
34173,pop_3,2.8330827841434427,3.4984910068609247,7.333095933072592,3.046700067721522
34174,pop_3,3.203173827940481,2.7467968705949897,7.0251128485547305,3.7295760533601783
34175,pop_3,2.6567898555248997,2.8631838099074978,7.090137163164356,3.366725410116689
34176,pop_3,3.013018089681356,2.539320383908163,7.172508311801911,3.7371757345685057
34177,pop_3,2.765709977254011,2.8342983391848566,7.057779440154027,3.3583910598209075
34178,pop_3,2.898933354400934,3.2238936325522545,6.980567413463306,3.4840186892333964
34179,pop_3,2.810535721509218,3.326219267179503,7.072877219484624,3.2089711900447218
34180,pop_3,3.184614850776922,3.2945268396719602,7.135374585190944,3.052147428572567
34181,pop_3,3.024405136839622,3.046132029408404,6.826995818044859,3.5565848536599236
34182,pop_3,2.7003211463800905,2.9445565080321923,7.013298145644242,3.561612649399797
34183,pop_3,2.8217922472597325,3.2007346200700773,7.180698665635851,2.973591265347905
34184,pop_3,2.386120679835758,2.8634700210095083,7.092481599688814,3.5099571299108323
34185,pop_3,3.322183314212378,2.8275111902707892,6.744414468839118,3.3222178361985573
34186,pop_3,2.8793610467598763,3.2498874394775634,7.321315961121432,3.023814679556688
34187,pop_3,3.1003317740724934,2.92762376518721,6.89485054172079,3.3009626914233086
34188,pop_3,3.0817021622681846,3.014012300124939,7.254531064724122,3.3511348898669238
34189,pop_3,3.246093196318465,3.556015083933307,6.948073170815945,3.257493030080349
34190,pop_3,2.833661686077971,3.1023428237269863,7.061558039811302,3.9358805412103237
34191,pop_3,3.4331979119014835,2.8826421069685724,6.800609959831059,2.9976037788658023
34192,pop_3,3.2292052935156215,3.377782540751456,7.13268940535809,2.882933548262522
34193,pop_3,3.1793846810040423,2.7243340534781404,6.980775290125183,3.4901966235208386
34194,pop_3,3.3690556887646586,3.0111228110313144,6.988995803747344,3.0368801423853147
34195,pop_3,3.0400364295339175,3.0891873037236084,7.366898914604113,2.7121294715185136
34196,pop_3,3.0949491086385224,3.150259214764006,6.829809804560743,3.003373506779826
34197,pop_3,3.1379393365333996,3.0982071818803636,6.9462327173496226,3.1564709550643886
34198,pop_3,2.7006441022691634,3.404243958487531,7.649813854881618,2.699724083768883
34199,pop_3,2.98123316060118,3.040287438332405,7.169671545945736,3.4211016032899
34200,pop_3,2.9854707073962765,3.115990340451646,6.91287950161904,3.3657865751309255
34201,pop_3,3.0156809528415773,3.386313240067698,7.316461482429843,3.1654433319627424
34202,pop_3,2.51858279003474,2.951986298260092,6.974039460985948,3.3307397719224388
34203,pop_3,2.6845563120538043,3.174510458425083,7.093604804033856,3.138579594935928
34204,pop_3,2.3731571369690245,3.0841078478387023,6.937136867731191,3.7125682803951285
34205,pop_3,2.9372816012038263,2.9763993075461332,6.468821339444614,3.66935809781663
34206,pop_3,2.773960266735705,2.835854672391946,7.075502645131579,3.494924366571329
34207,pop_3,2.6944391701738275,3.008985352227534,6.9234018066891,3.2117269386395892
34208,pop_3,2.964569615981941,3.359369253681676,6.813171259921148,3.345854541054075
34209,pop_3,2.906359219716147,2.8132941019573954,7.270117717729814,3.7496228844225743
34210,pop_3,2.914356118194963,3.469363769478535,6.782773633026839,3.199847448599203
34211,pop_3,3.0870423452608575,2.8738040830736233,7.1032072056904,3.532401626725057
34212,pop_3,2.9418294986567455,2.621750523949843,6.883426564238396,3.3014526988322364
34213,pop_3,3.0041257728391355,3.5587288297104114,7.068761148904127,3.18207946378861
34214,pop_3,3.001836167251142,3.41942872488077,7.143169926850795,3.0415305547926597
34215,pop_3,2.821093012349839,2.817330905684867,7.283490476050576,3.4201565138541357
34216,pop_3,2.676467953230744,3.104824329864859,7.158695921241425,3.6845608651633057
34217,pop_3,3.0557304079309766,3.2301578504732404,7.0695357081495365,3.3776325320910807
34218,pop_3,2.8888041640768063,2.97261305015277,6.93296922399075,3.3581435262274186
34219,pop_3,2.990332490888514,3.153437975465208,7.092056029479957,3.6290511162321146
34220,pop_3,2.9321159625186257,2.940873617384192,7.101247669373848,3.361081224252429
34221,pop_3,3.1578438641270576,3.088350283929775,6.9803777236820945,2.5990688175650867
34222,pop_3,3.410098876509155,3.4542318966933756,7.091905839531773,3.020886039083564
34223,pop_3,2.8123236636984137,3.111349800957458,6.892212471913811,3.4374127943086457
34224,pop_3,2.9257275658574473,2.3636777793853003,6.88336977116935,4.026401857109157
34225,pop_3,3.3011316739328063,3.278140135713735,7.049337561526099,3.1213044686743068
34226,pop_3,2.8163994921622058,2.996386636884309,6.769186045281875,3.4850010316413504
34227,pop_3,2.8051689927924954,3.2682901721358775,7.058125130482767,3.164663929435633
34228,pop_3,3.0515710261475992,3.0603062225093485,6.715689326268944,3.2569390930131115
34229,pop_3,2.952971339778882,2.7113878030832717,7.1057117235165554,3.3405373243329906
34230,pop_3,3.082834679377931,2.863060141811115,6.94084705090222,3.585873684837553
34231,pop_3,3.2522297697650973,3.088266045996818,6.934141314610282,3.1185360928599186
34232,pop_3,3.148206031885146,3.1822897609395904,7.34657457815615,3.298641248432348
34233,pop_3,3.1322900531843656,3.492349402540994,7.522743932010939,2.8830853567255317
34234,pop_3,3.1209397536565007,2.9719790048325443,7.481444187973871,3.6741318280795765
34235,pop_3,2.9575805292656145,2.8547479800461306,6.929869712731825,4.201250502506038
34236,pop_3,2.9347420403735214,2.921539496651062,6.975518460160158,3.242902333420176
34237,pop_3,3.0641528048382836,2.8025190147917813,6.745794580697147,3.7785282931019495
34238,pop_3,2.96222184886627,3.1036608940343102,7.215523049431255,3.364190035656662
34239,pop_3,3.2128305612040413,3.33269526005528,6.872291842556121,3.3733650263437625
34240,pop_3,2.8149097788667494,2.91515619569807,6.859563713792537,3.472867193828412
34241,pop_3,3.1447095679398815,2.848194338747824,7.053297828057272,3.3869084879119002
34242,pop_3,2.9715209590418707,3.1783357497506155,6.822802039312548,2.996918313485802
34243,pop_3,3.055729047258233,2.9600680371297114,7.19319639653785,2.7836259644178227
34244,pop_3,2.970101779866311,2.903335085894569,7.29830164469405,3.309103089973721
34245,pop_3,2.754327100382564,3.092239474456732,6.826416417864437,3.4746819682136136
34246,pop_3,3.0304414670056685,3.317961574973616,7.132165867119761,2.8336731931791834
34247,pop_3,2.880846061514442,3.137410649459457,7.4300471169097735,3.2434974902001947
34248,pop_3,2.8051254886229127,2.91873028058578,6.996661326121564,3.6969605522005384
34249,pop_3,2.911989312447182,3.0410281995805275,7.277885467770608,3.2134327187235425
34250,pop_3,2.965034965292053,2.7565516900825795,6.991350639588766,3.5058540648585788
34251,pop_3,2.7656139547544787,3.0016589598158436,7.035702104080798,3.3890189346668262
34252,pop_3,2.774012117976422,3.0719536099171147,7.034855219172318,3.4192715728135163
34253,pop_3,2.94681906880117,3.1646926341259087,6.684031505450123,3.418160186965948
34254,pop_3,2.895860700246149,3.197262436316308,7.132621012224196,2.6998459880929477
34255,pop_3,2.9759459949804166,2.665980144225236,6.660028488213886,3.2301564516763035
34256,pop_3,3.0115562322563987,3.3629701912832703,7.875725718008226,3.1402764917283594
34257,pop_3,2.813538795773017,2.7314195720579915,6.914833581506621,3.2418826426478273
34258,pop_3,2.8804947984934683,2.975085215871669,6.774741915839054,3.9326902646441386
34259,pop_3,2.9873876240604003,3.2195249754062782,6.819720849420623,2.9524053441258604
34260,pop_3,3.007041506078609,2.43081837819073,6.260775582974408,3.7120901358340856
34261,pop_3,2.768865045574507,3.0119508325274738,7.27640681654637,3.2538867078102363
34262,pop_3,2.8573864320112294,3.1270637426978536,7.127070837959999,3.3682646899726794
34263,pop_3,2.663913333408821,2.553681378027944,7.3908928758536305,3.5871552473433703
34264,pop_3,3.0699825503582807,2.983647796932747,6.973802175444822,2.8547046874812234
34265,pop_3,3.004918035572684,3.49649567557023,7.492740554237797,2.89158640811175
34266,pop_3,2.9500463159293115,3.100822936735139,7.077709297118404,3.709298991816675
34267,pop_3,3.079122086382027,3.216961809480658,7.423204699505955,3.327751085497712
34268,pop_3,3.010752756121375,3.330775276221699,7.044065374569002,3.223313406422057
34269,pop_3,2.761403075107037,2.822836691035387,6.79383007497484,3.1998009114492554
34270,pop_3,2.8307354235836457,2.8308689294381058,7.14411018851885,3.953343640828713
34271,pop_3,2.706702644833572,3.0344708310148922,7.013135988635159,3.083553392745249
34272,pop_3,3.0303725478520804,3.186120280012534,6.49017456496631,2.9513152727957235
34273,pop_3,2.8562648108453486,2.9833927593787606,7.029147655821425,3.538126874505986
34274,pop_3,3.0065084968728724,2.8666557603742637,6.892804165606962,3.5934618407141103
34275,pop_3,2.760726875411835,3.3774583683964168,7.061850306813742,2.8862814499861003
34276,pop_3,2.920695108129197,2.7178765853116063,7.137277207805487,3.4837437908564555
34277,pop_3,2.8041105976359386,3.162421492119166,7.042974201353226,3.0457702758211926
34278,pop_3,2.765536201031657,2.8959985133974824,7.394056155808485,2.7354998372740313
34279,pop_3,2.945835997305102,3.209132955933934,7.649682938738994,2.9235697862333554
34280,pop_3,2.922023284036935,2.851506048160987,6.850010837546431,3.1656077049980516
34281,pop_3,2.8764569164333293,2.993903133887569,7.3243860023533465,3.6307466551931373
34282,pop_3,2.532263284938199,2.6305144200435513,7.0512551634164655,3.599771842349018
34283,pop_3,3.059749187323305,3.0700378657435774,6.959315220420262,3.709468458030083
34284,pop_3,2.8221992078657525,2.54655905447813,6.966081410803749,3.6526942387610557
34285,pop_3,2.9578777964516423,2.780882969353569,7.072176043432544,3.7266122420344487
34286,pop_3,3.111330706259576,3.2623244152418542,7.224340998696853,2.833613163686823
34287,pop_3,2.993383680899813,3.11686135357978,7.19810654623604,2.89669802885587
34288,pop_3,3.09309194894342,3.163862873953125,7.305963769018264,3.817722169217306
34289,pop_3,3.389908641798012,3.002171220200941,7.085845030467686,3.3324585878805224
34290,pop_3,3.292602884577036,3.9650179180839022,7.048044199129847,3.149857225600015
34291,pop_3,2.9499354135261493,3.0843496080633344,7.241778902058755,3.7534825150492344
34292,pop_3,2.7814786201771042,3.1242650952901343,6.815624902325934,3.7610780818976464
34293,pop_3,2.510265201234379,2.780572138771332,6.823562705837072,3.511249140692092
34294,pop_3,3.2036962722979436,3.082461856649153,7.0766859941660645,3.0886734005087138
34295,pop_3,2.965298292272751,2.815841337115047,7.132315246690454,3.45575899542862
34296,pop_3,3.2642737919145763,2.86002352269188,7.208977403716056,2.8292176556440523
34297,pop_3,2.82205963550495,2.7710956968528273,7.109677816708482,3.4347237652678
34298,pop_3,3.2132113811656224,2.6571215119672065,6.978438918876465,3.846450892049265
34299,pop_3,2.6455502214513067,2.930718364130242,6.7004343417486325,3.5989171908174558
34300,pop_3,2.6130058505646456,2.770639167692671,7.263491315717808,3.4539058756915946
34301,pop_3,2.5807310780674952,3.113893000537058,7.163876467421266,2.9127955832150363
34302,pop_3,2.8846722708971244,3.1558559050194734,7.147640101616348,3.232221452124091
34303,pop_3,2.919806025924203,2.818324586100789,7.026419566299103,3.507479317918358
34304,pop_3,2.9521714120147555,2.7914945486742764,7.020773075382054,3.7991835349872645
34305,pop_3,3.053204262524996,2.990598661812565,7.27096774221144,3.3361949879455897
34306,pop_3,2.9807356333229778,2.9544088985048,6.728880036483308,3.690138560992221
34307,pop_3,2.8040824182813813,3.0253163445066757,6.786045865039437,3.2778303400232116
34308,pop_3,3.065896127518317,3.043018007082751,7.464417861719378,3.2060979436508914
34309,pop_3,3.0204242687742,2.9787486248315838,6.791721406795695,3.63510617693849
34310,pop_3,2.820707520674755,3.197442723696059,6.928035768613208,3.2864465637376696
34311,pop_3,3.02657509017881,3.079884721044483,7.236020783117415,3.5718544656512163
34312,pop_3,2.8771984191690048,3.108149385405665,7.456983225860045,3.1130117537806945
34313,pop_3,2.6403470968986738,3.1746735285426393,7.334009843400873,2.997564136563791
34314,pop_3,2.803870076652413,3.1138766939442095,7.435162340561947,3.390449145434163
34315,pop_3,2.901918368845045,2.9264137517249798,7.431273492671409,3.198894110221721
34316,pop_3,3.178424203473464,3.4599098796358296,7.198374149604316,3.2192691501014723
34317,pop_3,2.8674041852138843,2.547546872388921,6.893114735918786,3.810693840528287
34318,pop_3,2.820064782044533,3.0304359584438183,6.952276245798171,3.2690583258083104
34319,pop_3,3.2061339644211753,2.8838699371892758,6.708933945593675,3.4109540026695866
34320,pop_3,2.8601757966424657,2.729742682005446,7.058138286457334,3.1470353234057917
34321,pop_3,2.6011405817716233,3.1048228368260533,7.106645054751972,3.4717298807035246
34322,pop_3,2.809464481633831,2.9824517426493733,7.33402887456674,3.495394462704809
34323,pop_3,2.881543180150772,3.1061070975803204,7.014115674465051,3.178755625680232
34324,pop_3,2.7335360166813896,2.762109463075357,7.232304565208781,3.4890246077446223
34325,pop_3,2.9711128053078184,2.8249955929498474,7.049226569451901,3.5748129778558626
34326,pop_3,2.7103592914980217,2.9800077414088255,6.703739486689066,3.3227962632298365
34327,pop_3,2.8548848613565325,3.1677822521421164,6.885035271463913,2.84195186500376
34328,pop_3,2.9237356430419026,3.464633856215949,7.3546574440675965,3.1609165498226584
34329,pop_3,2.576508094238976,2.830601433175323,7.071507169153958,3.7305657282970133
34330,pop_3,3.068617541768481,2.895551106740409,6.818211940178869,3.6651805590374096
34331,pop_3,2.7373286564685917,3.2104483614296466,7.465081259638423,3.042813095206979
34332,pop_3,2.843899269637957,2.94232724181312,7.008033105135686,3.0562046353101975
34333,pop_3,3.1403012510632577,3.170606160563247,6.940359182969297,3.000873793790109
34334,pop_3,3.077436851245623,2.871901291638364,7.20947528205856,3.731030936224077
34335,pop_3,2.811797353268078,2.8668477631491984,6.782600536100604,3.8209682118156705
34336,pop_3,2.83330019310472,3.337791335885998,7.195626154027654,3.117593338703937
34337,pop_3,2.9119367007764403,2.862343421497754,7.299041712111242,3.2822632669324467
34338,pop_3,3.043616966694176,3.4158510424936646,7.269121373950172,2.960842924308113
34339,pop_3,2.8128972548225573,2.6971922305104665,7.4250191648824675,3.2921913868688266
34340,pop_3,2.78373745192486,2.818580184406147,6.997543587467484,3.347487083632531
34341,pop_3,2.531845624006388,3.1126019746132787,7.202461743839492,2.854105012800798
34342,pop_3,2.838339418471701,2.656337731806671,6.35142438111059,3.3170585185388965
34343,pop_3,2.8525896317942383,2.8749405675018833,6.963582326858458,3.2323292488125803
34344,pop_3,2.576945656695252,2.7651477279222916,6.4928973496435045,3.8194056489420936
34345,pop_3,2.865001332660976,2.742081074760825,6.961220374125361,4.03465420520692
34346,pop_3,2.697146692870376,2.3249019018558386,6.75307559687671,4.171782686886407
34347,pop_3,2.8582831125354202,3.2897648404144957,6.742471154569126,3.055089401119483
34348,pop_3,3.092846283661995,3.058582990790013,7.305021582069346,3.3082590791461577
34349,pop_3,2.8610510145114754,3.2229337194980667,6.727016671814821,3.0933778611362537
34350,pop_3,3.0101145643199207,2.759656392766579,6.783591234975425,3.664898278321762
34351,pop_3,2.644792023977117,3.101857706214171,7.17086431574773,3.0366278400750883
34352,pop_3,3.0553794351466883,3.15717094463347,7.235465620703485,3.251490750318584
34353,pop_3,2.9294231097843775,3.596155153504109,7.2444627602299665,3.14119859089309
34354,pop_3,3.139274117825534,2.906550245151119,6.593818480460433,3.418936588928324
34355,pop_3,2.896786937849186,2.77021291969266,6.488183033134445,3.3863145265002834
34356,pop_3,3.5288040297262993,2.853706307650286,7.443032637300088,2.6293789690956606
34357,pop_3,2.9465737205118714,2.9617098231977548,7.1948408708601574,3.26379306066935
34358,pop_3,2.8676540683751823,2.947322824549128,6.99930899422378,3.540284859713674
34359,pop_3,2.8484981670309204,3.0826170249148053,7.156035920758076,3.061128076646055
34360,pop_3,3.176113254871713,2.780716015351658,7.371959704323242,3.6661031996380173
34361,pop_3,2.8583389200614793,3.146701868218254,7.234960173536465,3.2558772348387452
34362,pop_3,2.7517486081426683,2.383003633806597,7.093879730581986,3.4719867616341467
34363,pop_3,2.5571209443377523,2.5276033457734384,6.890561491549583,3.4728824221054744
34364,pop_3,2.902519397015317,3.056342659422174,7.735415335036909,2.8997969177044998
34365,pop_3,3.0015641471420134,3.177717913295478,6.849609894581483,3.355626202848261
34366,pop_3,2.9207245614361415,2.9832650422076754,6.842506825764949,3.120587941150286
34367,pop_3,3.324646323022077,3.0989652059421946,7.267952019085185,3.5147369987001693
34368,pop_3,2.8118871466091306,3.0235340329274667,7.1502985308069125,3.2067486905356173
34369,pop_3,3.0049124185153535,3.2002636053264606,7.322591563966172,3.159204012233571
34370,pop_3,3.5458218560239483,3.2585371889075385,7.300546740507765,2.598009124894026
34371,pop_3,3.065965945490745,2.9526299250409136,6.8042246906145305,3.360982717154553
34372,pop_3,2.3069931615772434,2.986385612172569,7.110047894857375,3.7038230726207315
34373,pop_3,2.8666307939582776,2.2826086047558456,7.044975456410167,3.557438179181818
34374,pop_3,2.759332587776119,2.4601478275947577,6.989156828430295,3.6276994330038304
34375,pop_3,2.7217384809862954,3.1614896307122957,7.121493938139148,2.881099181250584
34376,pop_3,2.6869472597036728,2.7519062882537364,6.912019282329863,3.4049297408288743
34377,pop_3,3.0202531585256667,2.9584270308746987,7.17600860971072,3.3117485029410427
34378,pop_3,2.7927201364397174,3.139124965245244,6.725113315897744,2.8415260521242898
34379,pop_3,2.524816774460639,2.7993531447981717,7.2105914673352665,3.1573188665371354
34380,pop_3,3.1118635756797945,2.6634037507269333,6.860727250826491,3.5627062860394436
34381,pop_3,3.123860917370754,3.194414088898985,7.1477986697671465,3.0008801867161603
34382,pop_3,2.5960979333734167,2.993900596731178,7.205218541996329,3.5082216704107196
34383,pop_3,3.17990053912138,3.1812015004319902,7.4524604125790095,3.0536604812852244
34384,pop_3,2.6032930630305517,2.87767898109543,6.5906096664038065,3.359044134308417
34385,pop_3,2.922384180186845,2.777555465141096,6.962314493649741,3.6091853774761944
34386,pop_3,3.032926099176437,2.782979475820209,6.686652665214001,3.415673371217601
34387,pop_3,3.0291867309891596,3.0168855223088924,7.195705765490448,3.0716214523461427
34388,pop_3,3.1790449576208846,2.96834665549388,7.521349461757311,3.4589585770222064
34389,pop_3,3.0217920602701818,3.017350239114114,7.327869843738267,3.1318095441971154
34390,pop_3,2.8368294191450563,3.3670893830379054,7.394887465799944,2.9952761258879343
34391,pop_3,2.829849130551226,3.4221082382097623,7.587870503711434,3.32124896923323
34392,pop_3,3.056354453531602,3.329149127674487,6.919341196540486,2.833258541773246
34393,pop_3,3.038746617452777,2.7893217590478447,7.149093363985489,3.5539687910991873
34394,pop_3,2.7132580469872662,2.843603040710044,7.417646226949975,3.2010829063235255
34395,pop_3,2.610171229863963,2.747447436506095,6.582707499810157,3.2124615673847097
34396,pop_3,3.0738815156081163,3.2116241574007054,6.795261626414313,3.145990276653228
34397,pop_3,2.727373657064532,2.8889326225554472,7.231729761154636,3.3082469471480596
34398,pop_3,2.773093158330004,2.9406015622941997,7.25187125035277,3.2211084764849875
34399,pop_3,2.818311596928532,2.9800052082119506,6.898341796667637,2.9992370597363824
34400,pop_3,2.8570496525315106,3.699761334683172,7.263327691435421,2.7522469185896226
34401,pop_3,2.768673453473637,3.170663298428636,7.14986217000355,3.067633964902413
34402,pop_3,3.1224434825779213,3.572176526470731,7.267500410071939,2.888008292126542
34403,pop_3,2.9097936757710494,3.2799023877306626,7.3944992314750895,3.0211458708469983
34404,pop_3,2.463309546660978,2.996458412346051,7.217844967424128,3.297743084852707
34405,pop_3,3.1521361220238893,2.7648593827547,7.397559939879489,3.584131726166148
34406,pop_3,2.7037603063277555,2.810491707473563,7.333534475686797,3.2130955257592517
34407,pop_3,2.9150092024615315,3.2881964519400118,7.321558221477741,3.1275756781382755
34408,pop_3,3.1479470752361496,3.232434165535622,7.1367922244904936,3.1293309122006607
34409,pop_3,2.869109535878819,2.6214906164548006,7.084388958216196,3.631430992120147
34410,pop_3,2.707732015495365,3.0311365898649534,7.274235792699626,3.085034844138197
34411,pop_3,3.078456772417434,2.879272264875064,7.099780530198381,3.454308746975525
34412,pop_3,2.8776911974789394,3.3373736567527783,6.750617702233664,3.348745552734521
34413,pop_3,2.648988634129771,3.07986943838312,7.392189696744195,3.4186302177564936
34414,pop_3,3.050933386945849,2.6762040940942846,7.225810301601488,3.620681885365136
34415,pop_3,2.9995955798461402,3.373922018586702,6.937826815304784,2.905528340708489
34416,pop_3,3.053713016923382,2.8370668433289237,6.7730974605538785,3.3532961611395082
34417,pop_3,2.870442629658926,2.415969464165639,7.326416045300011,3.7708187152795145
34418,pop_3,3.165211709828635,3.4416214122380966,7.473259895041038,2.9897281946908927
34419,pop_3,2.9987250540367265,2.8077111765763094,7.223745890537145,3.375005909440749
34420,pop_3,2.5979722770405242,3.0248962036087543,7.031854879677762,3.4891830093545035
34421,pop_3,3.4187851658513533,3.1223879556744847,6.997340930997129,2.788878829476457
34422,pop_3,3.2392686421492205,3.1382856842004134,7.321972616112257,2.91126005602147
34423,pop_3,2.7088576046085335,3.002867278304252,6.536084579169711,3.417201614253602
34424,pop_3,2.447541020376072,3.0502784785350827,7.15400211595139,3.3270274260422776
34425,pop_3,2.996229862458312,3.344465866451298,6.49730958114488,2.951686906938572
34426,pop_3,2.729687755975798,3.429978448997806,6.95819824048042,3.127633348764175
34427,pop_3,3.269208696724567,3.037984062479991,7.205692464864043,3.163552606915488
34428,pop_3,2.8948073910278964,2.8850459882886743,7.173765083512785,3.1367059222118625
34429,pop_3,2.918100285619128,3.1526852266055747,7.271571572228513,3.4132386571246425
34430,pop_3,2.8973223657970686,2.744058601070191,7.0939596171344705,3.6020101345769326
34431,pop_3,3.349753263290512,2.6557203478121476,6.930324746573381,3.3210136950597464
34432,pop_3,2.7382426140595517,3.2293932151907163,7.1328827988180015,3.478413091883296
34433,pop_3,2.975141547228327,3.184140175699665,7.401316690491782,2.6175169751980176
34434,pop_3,2.8478541411747695,2.7454721014055297,7.304888482367414,3.436384672593661
34435,pop_3,2.422286536859425,2.77396104922737,6.469188339915472,3.4763391851481282
34436,pop_3,2.9113265820467777,2.86277792869128,6.956160510033692,3.145962011717771
34437,pop_3,2.944179716094316,2.6428513405671024,6.78263951764837,3.434396934186151
34438,pop_3,2.759919313478874,3.0415262494530912,6.840775909275568,3.6165568017320484
34439,pop_3,2.73383549478201,2.6593182608630377,6.973891578162657,3.019676870916902
34440,pop_3,2.7471316907567815,3.09705961916421,7.248500448809015,3.174064963010911
34441,pop_3,3.129081176603555,3.3083234760490177,6.568360897410874,3.4450006577456187
34442,pop_3,2.987134315895299,3.027558469706488,6.777860697398033,3.0147563686143473
34443,pop_3,2.8535035360319894,3.032790581694472,7.259283380570265,3.3588699510749485
34444,pop_3,2.9808903323915072,3.217027127754304,6.664274601549667,3.30766318202775
34445,pop_3,3.0218189831706543,2.9318120330479767,7.097912722285043,3.367026696015487
34446,pop_3,2.41590191288096,2.869161012150174,6.786086028256531,3.6822627803212864
34447,pop_3,3.1301204254641557,2.9400509237804506,6.7619963528251805,3.394515232495982
34448,pop_3,2.8174075920566524,3.1371764047468873,6.957185362770712,3.2951395371213317
34449,pop_3,3.259557779066728,3.5885041683731886,7.030685989572034,2.5892224873340024
34450,pop_3,2.98119662937707,2.615566043920103,6.895190377174348,3.6022507274363713
34451,pop_3,3.201151813610495,3.0056490766633637,6.848033658226779,3.4802318735222975
34452,pop_3,2.6871415787720965,3.148076972052889,7.535677240060052,2.826191688825143
34453,pop_3,3.133390086100189,3.3065911941294415,7.736939426385708,2.6485072712760616
34454,pop_3,2.6205652912430817,3.0829483904093036,7.133460752871932,3.279764934263267
34455,pop_3,2.7423184774927507,3.2568840398122822,7.59798920451015,2.8172999005782127
34456,pop_3,2.699148807806343,3.1494468970860474,6.931447280765527,3.772685294631157
34457,pop_3,2.581051767255616,2.813877399922821,6.879620373607116,3.2709131468592436
34458,pop_3,3.1266834817917952,2.9249937345864954,7.203384989232382,3.528601742643168
34459,pop_3,2.9734797049691295,2.8652416004068804,7.267989244936967,3.4935564383685005
34460,pop_3,3.072896885625333,2.7309499088947353,7.0403401615047345,3.1085753865844308
34461,pop_3,2.9578741625518785,3.132373132167444,7.469149937002904,3.1468803554986864
34462,pop_3,3.195106618061371,2.499404141845942,7.083216935392111,3.244701298291684
34463,pop_3,2.813217613651747,3.095114934824543,7.067252502577865,2.954903122443956
34464,pop_3,2.8509064496676535,3.019017151708962,6.905437515280029,3.1582738038379783
34465,pop_3,2.786759283264799,3.0026358080569393,7.361111595533874,3.29439420788878
34466,pop_3,2.928443856592816,2.796486160548105,7.216857560514544,3.6900966325606417
34467,pop_3,3.0336128594486897,2.9060962597281828,6.891295688506837,3.562906259373308
34468,pop_3,3.054933411599902,3.055830963066097,6.6349702315715255,3.7161515513181422
34469,pop_3,2.9176063338652507,2.843380140342646,7.090648827614331,3.4114423404156375
34470,pop_3,3.133416315913044,3.129096403994305,7.2460610726723065,2.8948016902549285
34471,pop_3,2.8634780856497444,2.903217098153874,7.055564180329551,3.1040716510394386
34472,pop_3,3.2822628339428856,2.9771344298968163,7.445628089322142,3.8456199273192384
34473,pop_3,2.591080855349936,3.0435055122905825,7.380366845762577,3.2468254733706288
34474,pop_3,3.1839197967536785,2.825641806768784,6.9896981719432585,3.6820250131307692
34475,pop_3,2.8402871265564773,2.5300915608539087,7.142796747586316,3.228182809957559
34476,pop_3,2.8542553514953695,3.0021146073905527,7.44496115399195,3.5572707100914815
34477,pop_3,2.894562471290216,3.1540787124516254,7.426527216007731,3.6394575167972563
34478,pop_3,2.89670056774877,2.7321229333881454,6.666571492677573,3.514794590829289
34479,pop_3,2.822546255003372,3.1486987444821595,6.787256022886718,3.3159303645292417
34480,pop_3,2.9564963516876213,2.8934451975631905,6.820197504081994,3.213643833792014
34481,pop_3,3.0633041438775117,2.922870650583023,7.339065048821644,3.4540703579596834
34482,pop_3,2.914690921072239,3.1179365715899356,7.359430723503071,3.298270895075787
34483,pop_3,3.285829062287649,3.482000806409266,7.029612116063435,2.8244985768861746
34484,pop_3,2.9512166679684557,3.263190809938771,7.368319405660717,3.0646528682961844
34485,pop_3,2.906625684893204,2.874065634998109,6.899335680002235,3.2751045703041437
34486,pop_3,2.8884059632846757,3.160450724738952,6.756587336672776,3.414846187010075
34487,pop_3,2.586284857921901,3.0614649871813566,7.141274675119161,3.318145486047751
34488,pop_3,3.2375521118105057,3.1464563491833517,7.6651027114305155,3.484642702433893
34489,pop_3,2.7359479217310585,2.825943117182136,7.201790541530541,3.753030519827182
34490,pop_3,2.765771342384167,2.750607661692221,7.171685320366927,3.6982417754818067
34491,pop_3,3.0053894657802243,3.1661144278477535,7.207603885179013,3.1223255159667946
34492,pop_3,3.084000899182661,2.690101137327512,7.335205381245848,3.4038917392017147
34493,pop_3,3.167154964410159,3.2384627596910502,6.968651934639554,3.02202461596434
34494,pop_3,2.7061208743600074,3.505305435930546,7.259440338791851,2.7395706840405056
34495,pop_3,2.42416510349986,2.710911859288135,7.056023221249487,3.626522608265967
34496,pop_3,2.469561787390311,3.177317956465292,6.928701881916449,3.1977275947461834
34497,pop_3,2.7678684907924325,3.383708083861401,7.355183427262114,3.026138690260591
34498,pop_3,2.9706785428450417,3.099555655302613,7.25313964761019,3.2391270707147144
34499,pop_3,2.6017968774457856,2.954109474111732,6.856608405979476,3.444335791040272
34500,pop_3,2.8072778401971994,2.8915010821576868,7.609815687851817,2.7495943716890103
34501,pop_3,2.8053887525516843,2.720889030442687,6.910688008111172,3.2065544250934126
34502,pop_3,3.301628562042562,3.397480616425873,7.129776046807387,2.867839061230696
34503,pop_3,2.8347055413866014,2.3323515906415024,6.664823169328515,3.551231994611174
34504,pop_3,2.7688807200376115,3.0210656795412287,6.938538886377015,3.2583925743715882
34505,pop_3,3.0029915208611304,3.32920071868887,6.953768934903601,3.0284277551318954
34506,pop_3,3.054141092345238,2.87915381976792,7.127581179959107,2.916958649043623
34507,pop_3,3.295777717460753,3.515777557034517,7.2592282181472845,3.101075824168927
34508,pop_3,3.0145053658712424,2.494378913618079,6.820271023275058,3.2492246895135484
34509,pop_3,3.2384240359779994,3.41362781809641,7.020838773832567,3.323375025939484
34510,pop_3,2.7930599210787608,2.636036903263095,7.189517679934841,3.639146661476259
34511,pop_3,2.8303408356653965,2.877729629848726,6.7154234416389045,3.5658066127359582
34512,pop_3,3.0558936519862776,3.0298087551179216,7.284727263160066,3.426359238482691
34513,pop_3,2.639996674728579,3.545264605169224,6.837949432505966,3.074141582745489
34514,pop_3,3.0782637112041016,3.1750915412920473,7.2243261092431625,3.2310524959497644
34515,pop_3,2.845844368964806,2.9645232974757016,6.901860338376238,3.60098735667402
34516,pop_3,2.8964245548560665,2.9766518859291873,6.802140597527913,3.2084843979895687
34517,pop_3,3.1940410135098043,2.8750755262652627,7.229199019433823,3.8514397442803094
34518,pop_3,2.742756659350224,2.7206117972592287,7.171160448436418,3.849810137733934
34519,pop_3,3.039263199642458,3.177231105350011,7.054657243174693,2.910083786869538
34520,pop_3,3.23036838167059,3.147960098544564,6.852181186190398,2.775749053972258
34521,pop_3,2.8816398448143756,2.8808786555692287,7.018013776277128,3.5328164260552266
34522,pop_3,2.7908803160469535,2.9791349541203376,7.125729421865765,3.176149133202519
34523,pop_3,2.8659848159964443,2.7848503441782495,6.979708860401773,3.315451292276797
34524,pop_3,2.9359249881775806,3.106772530093777,7.319621019353746,3.20417851902228
34525,pop_3,2.931998307142697,3.059293531881062,7.128231849138664,2.8484723065214426
34526,pop_3,2.7891960469223465,3.0287282905739534,7.259946443264815,3.4023552501770937
34527,pop_3,2.9295122545449246,2.834589396124636,7.036333677312363,3.0431368117213577
34528,pop_3,3.25423544272999,3.3505708587659973,7.041405132525256,3.272448177904373
34529,pop_3,2.5374495370891443,2.9816562373910194,6.900326460702603,3.423500953554713
34530,pop_3,3.2951598567249505,3.3069528367644843,6.927588467359512,3.0683575112079695
34531,pop_3,3.072373022214406,2.8229506841167185,7.108176818786632,3.1660679730051973
34532,pop_3,2.7937011157122953,2.986043609394088,7.415336690264513,3.163910480044434
34533,pop_3,3.039151292491343,3.0779894236500156,7.060450727631877,3.422218547141639
34534,pop_3,2.799236005045895,3.1029178259569203,6.754696294098541,3.644266740301131
34535,pop_3,2.9352483989510496,3.048896507147129,7.078612071786608,3.5649685598064007
34536,pop_3,3.04698192385349,2.658609035455441,7.183801241000021,3.2627807642031743
34537,pop_3,3.2298359366079508,3.4814168216592143,7.035933051869109,3.6238358787581317
34538,pop_3,3.026197819701525,2.5821172356761743,6.994013750985622,3.8340989552853366
34539,pop_3,3.134648987783373,3.404673449583232,6.886170479654856,3.380124756443175
34540,pop_3,2.7786929549874535,3.1801601985520445,7.203646810219816,3.248363034537103
34541,pop_3,2.9825790248637856,3.4121921049930575,6.844455860848544,3.0298915422078525
34542,pop_3,3.0840402561175306,3.0981733587806044,7.196860258606859,3.4086583038923792
34543,pop_3,2.5446445757551217,3.0597421603016906,7.2323313376518845,3.3419569404218166
34544,pop_3,3.162114270308625,2.863073429968972,6.903191185491258,3.2161268288007814
34545,pop_3,3.3826543897949697,3.0120967549024242,7.133266610437838,3.3931041879642465
34546,pop_3,2.7631293150747656,3.0668697191483534,7.281556168838704,2.7981148258957607
34547,pop_3,3.0734732285973183,3.050570913004325,7.664327954305451,3.2494469847900436
34548,pop_3,2.983283863036558,3.233540331178806,6.850059825236039,3.535272931981356
34549,pop_3,2.922124622717896,3.220623173994697,7.0750966592023,3.172123293952732
34550,pop_3,2.852725127457754,3.139710215475271,6.925502995563979,3.3077815164374047
34551,pop_3,2.6880739208936655,3.459593084409395,6.921872701753273,2.9825231878284
34552,pop_3,2.595738672314551,3.169585815014135,7.363599688363271,2.9143811213320925
34553,pop_3,3.3375230185368023,2.9991607455418627,6.804983833508041,3.639833813036878
34554,pop_3,2.569942749279937,2.886651299947619,7.284101874430255,4.099546522403092
34555,pop_3,3.2115018855218915,3.369400502052037,7.23169643849448,3.0709741610673067
34556,pop_3,2.8942530735836365,3.389008908461598,7.091323737073568,3.4583973550624885
34557,pop_3,3.521273201686351,3.0623001486015586,7.363482172351258,2.824341366248873
34558,pop_3,2.6966948811506652,2.7751934299628584,6.653623014736974,3.555803920288094
34559,pop_3,3.0104989143853067,2.7906615402922252,6.806295647219917,3.5511348798952764
34560,pop_3,2.802024524024659,2.6466437964141534,6.76581081558627,3.6268806090923347
34561,pop_3,2.7831663917326686,2.8976013000558476,7.241187694447512,3.318882980632247
34562,pop_3,2.966537241145744,2.680508439252556,7.056496220966925,3.547113472305705
34563,pop_3,3.071780382900994,2.8048249309920514,6.864568799292567,3.4527443720371425
34564,pop_3,3.0472222511281917,2.991247794750598,6.94260605355304,3.2678765990573333
34565,pop_3,2.816438931819868,2.545538335269462,6.647526818493419,3.1013355603659565
34566,pop_3,2.8127656373488508,3.2437951350301075,6.903621493933408,3.002782857011308
34567,pop_3,3.0451875508827353,2.9054452643121906,7.316973508814893,3.5332434845214693
34568,pop_3,3.1470224949499386,2.8504245275678812,7.2997144232426034,3.3556788864945615
34569,pop_3,3.0611637585011335,2.9952017787140353,7.086358562621666,3.213619141458141
34570,pop_3,2.769110255402239,2.8469157627555455,7.456763577995666,2.929343646166986
34571,pop_3,2.9057787500202155,2.5042932457730656,7.003809387558489,4.064499298565561
34572,pop_3,3.10296737044625,2.8509442108594225,7.471829578837253,3.0575046707875417
34573,pop_3,2.6198539579489055,2.939252706685768,7.3723397523898875,3.2260833920397185
34574,pop_3,2.911312956603627,2.845919032007457,6.938875659519974,4.070714676754001
34575,pop_3,2.879918356645304,2.5355144126615623,7.109786185465084,2.7587763105343024
34576,pop_3,3.105587539478999,2.8490084570241883,7.000403685895405,3.0111196669179288
34577,pop_3,2.9965261077191023,3.095333622674319,7.168258927563541,3.892531142462418
34578,pop_3,2.9593796169840423,2.8869145901540936,6.903642509301274,3.31775644127248
34579,pop_3,3.221935258927197,3.3327935427767974,7.830967099244342,3.008159350817488
34580,pop_3,2.5913199082655396,2.9170448879135185,6.995942473855657,3.7142885873612377
34581,pop_3,3.0942401461388527,2.920615212442406,7.316409637961013,3.5614688575217848
34582,pop_3,2.8343480209447507,3.29385930442664,7.289342757930063,3.3827454103388406
34583,pop_3,2.8686860225186486,2.721570230227471,6.612424921304347,3.3610899965476473
34584,pop_3,2.665113131740554,3.3121477623148596,6.842819195144844,3.160844092229905
34585,pop_3,2.581490775778368,3.006718823708989,6.979066281034962,3.397894788713628
34586,pop_3,3.260820433239453,3.51390934157246,7.253619269772506,2.737252616580319
34587,pop_3,2.81739640215888,2.732847338617632,7.023382086178065,3.3654993651203995
34588,pop_3,2.9937543470447356,2.792751591945289,7.152241939411548,3.132545129490474
34589,pop_3,2.9150648280214604,2.8347534528816287,6.803780056874963,3.4778084063564534
34590,pop_3,2.6666890111849613,3.393979144953755,6.982037306951672,3.5170480254111722
34591,pop_3,2.9576818380749788,3.05215894478417,7.106916928614621,3.1899361028167923
34592,pop_3,2.853939303437634,3.2072235970048566,7.284829385404422,3.3395507698806446
34593,pop_3,2.746885200566433,2.905069704973607,6.605986374467093,3.7648585947563893
34594,pop_3,2.7023161595387055,3.098388467931406,7.2351911151921025,2.9502681771928954
34595,pop_3,3.1180474373435723,3.1988385263134953,7.549911990578367,2.8521307084425427
34596,pop_3,2.7167592959358338,2.87194766346649,7.09889401215139,3.299383768909879
34597,pop_3,2.7396173790148044,3.0847106126901163,6.935030997302153,3.283847560874901
34598,pop_3,3.0529283663925635,2.760648277154304,7.183816964946533,3.040629032240574
34599,pop_3,2.612649789345903,2.7959113984877813,6.723950754979149,3.5026462706815775
34600,pop_3,2.6410795368394204,3.0908457369499804,6.5078281384963,3.6858834177771587
34601,pop_3,2.7033170468957586,2.7357772606142126,6.805940769438738,3.5287147539774253
34602,pop_3,3.0800804548330656,2.9357967173887465,7.137451575751573,3.453156336882908
34603,pop_3,2.7481422025143813,3.0065563523420673,7.285867743990885,3.2571779309837847
34604,pop_3,3.440589564326221,2.9890592907134588,7.030928174401553,3.2270143044393196
34605,pop_3,2.543032872001819,2.780116627225926,7.069674918731119,3.1055205973303193
34606,pop_3,2.682407333381086,3.0569627836928714,7.401941853306224,3.407778780544326
34607,pop_3,2.6496830905332343,3.4183688778493675,7.198980911082824,3.1306505844670776
34608,pop_3,3.1592401102539434,2.880360073382608,6.9708885979722925,2.9036018227769866
34609,pop_3,3.1206629532447225,2.9754237948003674,7.369233722952664,3.508553452858212
34610,pop_3,3.440452000812564,3.2008327681814692,7.075600899653042,2.878251346958646
34611,pop_3,3.046661655928057,3.3235240621688322,7.000264792855565,2.5589435164806433
34612,pop_3,2.85115290797614,2.893869962163843,7.304430923859565,3.001404023470744
34613,pop_3,2.465544115707223,3.2912365297177106,7.306163121387703,3.5151989323735284
34614,pop_3,2.4926068646509543,3.118582723495544,7.344910590844847,3.255590955852684
34615,pop_3,2.8852544207987223,2.907420055522799,7.558990643498563,2.931792318142721
34616,pop_3,2.627319024648212,3.478937491781308,6.854911989615997,3.345236002067959
34617,pop_3,3.084694210854164,2.8375182648221795,6.485109843664867,3.637967091074185
34618,pop_3,2.7864634490927354,2.7358922051012557,7.007850231920487,3.3535862283673374
34619,pop_3,3.0261340294119834,3.112467794094815,7.279544311271862,3.5629390445064155
34620,pop_3,2.9732803894920985,2.8123995769765324,6.899375586712784,3.8400554640918267
34621,pop_3,3.03753962102427,3.0643158339623753,7.122739988193124,3.548235668473116
34622,pop_3,3.163577525251731,2.96451930974728,7.743514972599374,2.724933255266383
34623,pop_3,2.58854637577319,2.676694634005212,7.25725333952485,3.54522675709684
34624,pop_3,2.8511482448118337,3.1334347986980253,6.944600802532293,3.3370575678885364
34625,pop_3,3.3029617925814323,3.177596105069945,6.996105913239685,2.9476156653180285
34626,pop_3,2.67600407159872,2.3314110946676867,6.979123451408721,3.958369649173063
34627,pop_3,2.997591665917172,2.9879178488303695,7.120946734059738,3.251722565235056
34628,pop_3,3.0257449908248835,2.8183729635846677,7.0076390982517704,3.2168756097864177
34629,pop_3,3.085050946805132,3.1204514285017573,7.253329571709624,3.6905608946778647
34630,pop_3,2.686363479707432,2.9259165149620983,7.002271289108123,3.4413745425812627
34631,pop_3,2.9656821313987836,2.787105490424829,7.198882251055025,3.161222685907911
34632,pop_3,3.0472052273397003,2.5746667561283383,6.862288791800397,4.046805933669494
34633,pop_3,2.9066610708158693,3.18854729334207,6.739422414832372,3.186595697647152
34634,pop_3,2.7462941806924746,3.188210723342955,7.247748355816665,3.2124718113263473
34635,pop_3,2.793593457978645,3.0454867444630715,7.19930113379465,3.7737962366851256
34636,pop_3,2.8759435777005695,2.5919132053798926,7.085064794084459,3.382013891333372
34637,pop_3,2.690122587279928,2.8959078081180083,6.418833925942973,3.9376216618179383
34638,pop_3,2.8473684082659525,3.233522135054865,7.0053592527946655,3.443672569898771
34639,pop_3,3.137433927329862,2.8537099375645316,6.607683602535852,3.111422054824986
34640,pop_3,3.014668868917172,2.5890368518246882,7.185734530333878,3.696478701886045
34641,pop_3,2.9819773104313865,3.060734665357046,7.136615620877253,3.0942687629907346
34642,pop_3,2.5998447717517026,3.229913363564003,7.587046148616998,2.906960106881051
34643,pop_3,2.999945812372024,3.5975384720698864,7.13580342844985,2.7684050352264227
34644,pop_3,2.5056759715228267,2.65569924766273,7.149505167865008,3.7697062199542137
34645,pop_3,2.444609732781477,2.610698283168797,7.059774551529868,3.6545808785054703
34646,pop_3,2.682134298973721,3.152644152909249,7.1436956413784785,3.0706572749575307
34647,pop_3,2.878583321197519,2.621210010694275,6.549904167000911,3.843539494770798
34648,pop_3,3.0076743088935216,3.2003164596147324,7.174887702031978,3.044128401992584
34649,pop_3,2.950317804831424,2.938899809389047,6.956531943575765,2.9681137572715204
34650,pop_3,2.9712001835106943,3.0365234698589276,6.904755435991595,3.9457054525647623
34651,pop_3,2.8676929215282554,3.406327612824819,7.361134708924029,2.849313712321475
34652,pop_3,2.857880275484591,3.316824467099586,7.373121914412131,2.8787982780693864
34653,pop_3,2.886654892706532,2.9152877600570353,7.156399534830434,3.5586996840530474
34654,pop_3,2.915577672676534,3.082743039216282,7.637047801485918,3.326284667258182
34655,pop_3,2.6746097455930227,3.3067151149282634,6.797030610303163,2.674208069701206
34656,pop_3,3.0816740636808535,2.62462330429066,7.093226666440753,3.514204764632632
34657,pop_3,2.763709952022903,2.99451700000376,6.996110457122393,3.429628199646876
34658,pop_3,3.0776528509487404,2.9739427866373886,7.437363250182313,3.3491851731538986
34659,pop_3,3.1538364943482393,3.1768291520806238,7.2463629147127175,2.9489807669074577
34660,pop_3,2.9541389653599563,3.129891740115504,6.955124287525611,2.8772916039298195
34661,pop_3,2.8983126026389767,3.2744209086997205,6.550598245056676,3.4900861507929624
34662,pop_3,2.8037969169319483,2.8049257259350346,6.906886902828885,3.7235730623544807
34663,pop_3,3.06119317736557,3.180261708389657,7.004355099765191,3.379909189162713
34664,pop_3,3.0914958830671,2.6818195082964347,6.998076874261303,3.223868178518793
34665,pop_3,2.683704813272958,2.912525703888469,6.878518681064221,3.1804925398106527
34666,pop_3,2.770030466318783,2.7739324556216367,6.783854569802711,3.6881935784153868
34667,pop_3,2.9419521258007535,3.3443838615906167,7.679079109445463,3.21020855678848
34668,pop_3,2.427190626819448,3.326644625804485,7.006614194589976,3.2434086207498436
34669,pop_3,3.0639568496613805,2.9680789558308063,6.4852288481286635,3.7788281590691457
34670,pop_3,2.8637618183470788,2.6134515847251643,7.240235368212601,3.0913345601222284
34671,pop_3,3.110633749846206,2.9967248528653716,6.975199291652939,3.5840531198795467
34672,pop_3,3.0758967698634816,2.7502917126790747,7.1558693848645785,3.157016188133684
34673,pop_3,2.8765615354619865,3.031145132671855,6.799429281726338,3.008643258496406
34674,pop_3,2.9575682459469546,3.3529506807924587,7.173625673587549,3.549506416693635
34675,pop_3,3.144248043463722,2.640146973925015,6.358547296633801,3.8694546679621626
34676,pop_3,3.0255518030303326,3.2446166652829054,7.083304520313805,2.7477383908086046
34677,pop_3,3.0835166415355295,2.94572298445328,6.995665239581372,3.82208851931785
34678,pop_3,2.5779687057654446,3.4433323056684033,7.010707561132954,3.418916651477412
34679,pop_3,2.8671879906179942,2.8773032151835474,7.038795553589194,3.03065056711749
34680,pop_3,3.1113864950029653,2.9734746585686906,6.689109508874394,3.1878343166811667
34681,pop_3,2.982033846682902,3.092075045243097,7.439234001709402,3.0687696403979774
34682,pop_3,3.047718998203005,3.2425389983149158,7.32902905352519,2.9800584659133804
34683,pop_3,2.800991563359838,3.0754225822128523,7.248294602410938,3.411647164981508
34684,pop_3,2.83608799764076,2.6113559133763666,6.825497928556078,3.956708756833241
34685,pop_3,2.843346101376045,2.9860580449566707,6.801630812849309,3.3645685312163973
34686,pop_3,3.120700751914477,2.9671782351122618,7.2650615369730716,3.446086338076995
34687,pop_3,3.1477069058121985,2.9185864675518256,7.297635487695688,2.875675670284319
34688,pop_3,2.6920979627799193,3.051534836435623,7.284390031190127,3.2495890337640856
34689,pop_3,2.7245204308850868,2.8886158854793953,6.941705039171765,3.7343266138831113
34690,pop_3,2.7861957851610186,3.1169764117269563,7.252913912177658,3.2000988280039553
34691,pop_3,2.8250699280131557,2.810583394255866,7.105491183120345,3.1340072365416254
34692,pop_3,2.961701070920533,2.9154673015581904,7.08105606561465,3.205471812083016
34693,pop_3,3.260375021921766,2.678037292040948,6.437127655346972,3.36613099651741
34694,pop_3,2.7822146842831885,2.581877826522294,6.648297597542167,3.4105957174684343
34695,pop_3,2.817129372603976,3.1524818741349496,7.203366840441602,3.210597904179929
34696,pop_3,2.964088903271354,3.4094901832211266,7.414181481990854,2.6152958409909077
34697,pop_3,3.2166706759816277,2.9533016682892868,6.678780756546083,3.1375371848462494
34698,pop_3,2.761162421967274,3.2588066867659307,7.309607128509462,3.061395914304874
34699,pop_3,2.9268731072178014,2.7503256248858854,7.2997550573436465,3.6419404199501413
34700,pop_3,2.653003752573016,2.9109538980388665,6.554099544470145,3.510294803146052
34701,pop_3,2.6633859545735312,2.839837407246163,7.28819670728915,3.61920818088183
34702,pop_3,3.050648344652613,2.925024382530875,7.054659064542091,3.2776378132764554
34703,pop_3,3.3511518512744214,3.409668991366048,7.2729762348004074,3.1370728991066716
34704,pop_3,2.991413983434414,2.7170595714777575,7.040497493864749,3.499638466944715
34705,pop_3,2.745799043484092,3.497585101772165,7.316586288006832,3.0003405821114266
34706,pop_3,2.645300699630947,3.23453457812939,7.361060938331984,3.179957434553361
34707,pop_3,2.8480156759528117,2.6553147318553063,7.054308410362218,3.4406816382261454
34708,pop_3,3.0431346918300983,2.944226452442169,7.307786112677459,2.815187492898741
34709,pop_3,2.8942400182148083,2.9982298801640206,7.142236762686914,3.366345780654894
34710,pop_3,2.819521903459423,3.1909739529547396,7.442851763302162,3.0838490155897422
34711,pop_3,2.767477669191021,3.1680660197300963,6.455882981795042,3.529733330157918
34712,pop_3,3.231046446235741,3.0726037442838474,7.230789996393405,3.152510315361196
34713,pop_3,2.6728489595665734,2.950245427148821,6.557622947157439,3.3636083736434013
34714,pop_3,2.7313196987905193,3.026853138546456,7.005033697009572,3.1776571862852454
34715,pop_3,2.9756289667990177,3.013805891189649,6.882580541923816,3.219710317592729
34716,pop_3,2.884113570630099,2.6691285264781226,6.494148316136617,3.6850831107812123
34717,pop_3,2.817007822831277,2.614008443817045,6.91263867617265,3.7379268159303725
34718,pop_3,3.1393555496339216,2.939568894678447,7.412547491428209,3.1999675292924454
34719,pop_3,2.8027639955384327,3.0832789284336632,7.334925583315892,3.2238708012767465
34720,pop_3,2.7226054288711143,2.939642133853245,7.18976110969713,3.978482271375415
34721,pop_3,2.937102670159865,2.9397484019648887,6.888929445979131,3.3457386668734967
34722,pop_3,3.1817079526816405,3.3005069849011153,6.861506773830971,3.027934932373004
34723,pop_3,2.954950025476331,3.0762464205619913,7.185659293832397,3.0526522314035827
34724,pop_3,2.769229165785073,3.0311536285029024,7.133622784920279,3.2990817925822147
34725,pop_3,3.1712099511652228,3.0904359257273435,6.801618173767279,2.7452380679979065
34726,pop_3,2.837020759180602,3.281229106201982,7.1332980459665585,3.0186380413804343
34727,pop_3,2.61576256909377,2.7015927331693153,7.192489964278652,3.44687744140381
34728,pop_3,2.9790475145790793,3.2197867601323313,6.911449818483645,3.5227343801205313
34729,pop_3,2.9173857740716027,3.1159302604310235,7.046147908419358,3.4740002063531175
34730,pop_3,2.7401201579068166,2.4811726041461566,7.083352848892279,3.554328211584849
34731,pop_3,3.0361088748727174,2.9520487024341318,7.630893345546791,3.500129976022884
34732,pop_3,2.6529291164113697,2.550852905825391,6.995507386791126,3.135763007014279
34733,pop_3,3.258301170216163,2.930185689964842,7.182218619694597,3.0832823041885855
34734,pop_3,2.789249449069788,3.102920149538135,6.78980932533535,3.2395507719215493
34735,pop_3,3.3684531423676622,2.9921033053688,6.861492378218661,3.489256126903267
34736,pop_3,3.218912803849598,2.9081329947376804,7.199276725190875,3.256226590009732
34737,pop_3,2.88575967762703,2.6378553656526815,7.215287172565043,3.2391822705512996
34738,pop_3,2.694121482323192,3.359206885278138,7.087803398025244,3.033664760356373
34739,pop_3,2.8728810803709446,2.9922335252898318,7.447943995259188,3.336382857983228
34740,pop_3,2.8351099320333026,2.9456405155189382,6.97841306166846,3.259271457468251
34741,pop_3,2.8662472139627404,2.8923782782503116,7.736193738420451,3.298134294057148
34742,pop_3,2.927249679392301,3.228051436099879,7.095989148221669,2.9786643301594555
34743,pop_3,3.360797010741504,2.9823320218955764,6.875797442728052,3.6194775726952932
34744,pop_3,2.8473951174397,3.0106775568990845,7.212313727745222,3.2763250077389894
34745,pop_3,2.495668361632698,3.021581608529977,7.106162683278408,3.2436688753414757
34746,pop_3,2.634943847233359,2.6110293313776265,7.250643482859209,3.7268004184267167
34747,pop_3,2.788030606206364,3.047649884933427,7.140676329308694,3.3426481725483788
34748,pop_3,3.1186316867202284,3.06050341861105,6.8673124067596305,3.080102507036356
34749,pop_3,2.8001045685313373,3.5052258045731977,7.267901022365522,2.9385494951833024
34750,pop_3,2.8220182369559232,3.181477639446658,7.229505533439836,3.617638741820066
34751,pop_3,2.3481641644219775,2.6966744301323886,7.00462851755953,3.8709419415258948
34752,pop_3,2.7511540194613615,3.051034332926254,6.706804695695992,3.286799895922191
34753,pop_3,2.802866211357878,2.989356178640049,6.967610259026126,3.2075918603206244
34754,pop_3,2.9394787504516997,3.0818810821003675,7.121096512162934,2.998180394799937
34755,pop_3,2.600720643831944,2.4603839833747077,7.179637362551921,3.816894419309276
34756,pop_3,2.5095740481219724,2.844883183647397,7.367219145386833,3.5158957935485415
34757,pop_3,2.8277613719526133,3.2391115521670457,7.004373550274746,2.926051808809497
34758,pop_3,2.695644910038988,2.69344963375262,6.880339567601354,3.311606597200578
34759,pop_3,2.7119469568936876,3.177380607985367,6.876685229651051,2.912146119997902
34760,pop_3,2.8137729838424628,2.8618693456387847,7.299931666782003,3.620553906688057
34761,pop_3,2.970237223283603,2.9937915080371855,7.322373603529604,3.342662587313508
34762,pop_3,2.7940606810707735,2.959602546028515,7.226969713784547,3.3393806099661885
34763,pop_3,2.783710840891594,2.793593238406928,6.93604868290353,3.569574345795225
34764,pop_3,2.7504227480353283,2.94363525615925,7.1164398931199875,3.6521234505875766
34765,pop_3,2.8399726340638125,3.116325667941894,6.850809294305402,3.523246508921167
34766,pop_3,3.2463006830302144,2.96823670286335,6.996817918173334,3.359524673066175
34767,pop_3,3.136374670299708,2.8353903364344664,6.996095632414163,2.746946627916669
34768,pop_3,2.869426054078947,3.3218943853016722,7.049879991568875,2.94260822967537
34769,pop_3,2.740251668518316,2.9557910293912495,7.412441040903796,3.0640417028547997
34770,pop_3,3.2117550745544454,2.515321667491829,6.9563151195882185,3.8726305695227765
34771,pop_3,3.1582195629945673,2.7950235828333057,6.738175112588699,3.5837426671205646
34772,pop_3,3.3204477432547126,3.218271679050389,7.171786842333421,3.179269220234812
34773,pop_3,3.0349477447449624,2.877055298475604,6.708197058407599,3.7496279489764768
34774,pop_3,2.8023644838727506,3.1300178846861,7.115328444177966,3.494760352323617
34775,pop_3,3.047859010448149,3.2845503955585382,7.270273343730558,3.141842050696129
34776,pop_3,2.744551987529253,2.7551351642363953,6.578047745082118,3.801856978515827
34777,pop_3,3.102597796615279,2.7031853557800236,7.143204378137118,3.2883595059973736
34778,pop_3,2.5768273591268027,3.3710017928559797,7.066503916469366,3.195323925955124
34779,pop_3,2.706058133993136,3.194548103563612,7.287727750662886,3.271503002839049
34780,pop_3,2.9403408211457434,2.9340837331065934,7.043318037564717,3.0228032895161796
34781,pop_3,3.0124110554985832,3.15131524567678,7.263466997056488,3.1718123596025527
34782,pop_3,3.075021149093034,2.942564478593336,7.2414283229015775,3.5082917892091676
34783,pop_3,3.107959590668516,2.852811057928344,7.069255341490943,3.469429594149078
34784,pop_3,3.199091580590868,2.6829820289835173,7.218106452562895,3.379986459463281
34785,pop_3,2.8848053384240986,2.8837731175301884,7.19595960023195,3.7548590936239723
34786,pop_3,2.744964566391722,2.6172939517655878,6.623263919244854,3.633136673295359
34787,pop_3,2.7851609612753627,3.0835252112416764,7.001772356216978,3.3059521960171403
34788,pop_3,2.4214078495319526,3.2588501637960223,7.416613871183681,3.1368269491813856
34789,pop_3,2.78604061717654,3.528581395891858,7.067241038086965,3.5424567091754704
34790,pop_3,2.8224278733017907,3.097160450043809,6.869857937980847,3.405042292120949
34791,pop_3,2.9961023076189948,3.0704085480327774,7.2225269195640704,3.2379305058210304
34792,pop_3,2.7901759359523917,3.104096647608871,7.346728503123341,3.294849887767227
34793,pop_3,2.5736571110472073,3.0481132616305073,7.2072779544152334,3.475668114697049
34794,pop_3,3.1450451562659505,2.9525401783244116,7.321272921249993,2.970912798371994
34795,pop_3,3.0056983917850975,2.8807472524733826,7.3346826240403615,3.2769506660389642
34796,pop_3,3.1561087230226956,2.8499956618319304,6.861056585935882,3.8850375630029905
34797,pop_3,3.223105713539165,3.286251257468004,6.8968838026799135,3.3411218276447654
34798,pop_3,2.8978117972357595,3.0034248342205077,7.064972834164458,3.1204333134764077
34799,pop_3,2.783348633854863,2.915367415838035,6.635458080661411,3.6121517013910944
34800,pop_3,3.125291137346566,3.5377692482573107,7.738927528904326,2.4560641238769514
34801,pop_3,3.0013567086424002,3.1056178715565053,7.487283483734139,3.586391092833527
34802,pop_3,2.634786357715966,2.8645693766032934,6.743315543287832,3.77547096101619
34803,pop_3,2.654173344475658,3.105997365129686,6.668489188447844,3.7873808999781096
34804,pop_3,3.092864663517292,3.459799327429846,7.014950339187948,2.8002303064047127
34805,pop_3,2.7936390076005733,2.9870314602654755,7.240598327917416,3.461769814397031
34806,pop_3,2.99129947270241,2.6513908091969767,6.9209691148912444,3.6117645425268368
34807,pop_3,2.957023996130714,2.8472118644420528,7.094701481602264,3.2723824193936757
34808,pop_3,2.938085099366025,3.1769797232175803,7.181044018903818,3.1807063161844584
34809,pop_3,3.1127521475629627,2.7049350467584103,6.671848144755463,3.3588749130811197
34810,pop_3,2.79751065304393,2.894802390378437,7.334745073592373,3.347804600361242
34811,pop_3,3.0086903796682556,2.9321850097788027,7.350526648212819,2.754565201283286
34812,pop_3,2.56242360554623,3.1224272207245134,6.903956177329053,2.6066809338291055
34813,pop_3,2.7980284950323853,2.6966186442747344,6.84100577147784,3.9453832211871047
34814,pop_3,3.106708549445738,2.703800567159978,6.751283608946325,3.330419706735049
34815,pop_3,2.49512699109739,2.7882667059528115,6.8793823949338115,3.064167719088787
34816,pop_3,3.199963718834275,2.8947988902903696,6.744933737540937,3.0830500326679084
34817,pop_3,2.6861905482606687,3.0690492024040057,7.130775741348341,2.8927895982318805
34818,pop_3,2.7212836060390506,2.7047382252530996,7.143880342438447,3.417412983836336
34819,pop_3,2.9968059492837447,3.773123028453017,6.837738168735963,2.7668919566492
34820,pop_3,2.8030801602117252,2.9739322826196073,6.758955659159852,3.3232841104980477
34821,pop_3,2.8030565219346197,2.8338564650575737,7.09741267163673,3.1678429352901643
34822,pop_3,2.7544209669595996,2.6231746260628475,6.8213752640369245,3.3324748347611286
34823,pop_3,3.1542899765653374,3.2952854603542994,6.724535465704066,3.2693225596737876
34824,pop_3,2.9971948782526243,2.915785329191687,6.98004323513203,3.3303258373742843
34825,pop_3,3.011332179827341,3.0885245632002225,6.91033918089387,3.0097506598657864
34826,pop_3,3.24455338638362,2.8428897357728915,6.755940704586291,3.561303276117457
34827,pop_3,2.6097660161933516,2.9400942137535595,7.023414490577882,3.0283979623737523
34828,pop_3,2.553263399260593,2.807289968022786,7.32828539158631,3.6932759928337626
34829,pop_3,2.8922492674993876,2.972483966401331,7.178054681059439,3.2634626626027847
34830,pop_3,2.886543985740274,3.2195787471319246,6.926243375543705,3.543722333494034
34831,pop_3,2.6651344078045396,3.2574693851450403,7.065809187105199,2.776182448568976
34832,pop_3,3.4015816468079727,3.403307103273952,7.1874326272811615,3.033871639789104
34833,pop_3,3.0158330464924847,3.020234854399642,6.9530119953750855,3.4416690172684037
34834,pop_3,3.0108365735626137,2.983677413917082,6.920895482755675,3.437011873181583
34835,pop_3,3.050450919661861,3.095034153710939,6.867853946344994,3.4464028369850954
34836,pop_3,2.925959503455219,3.0985740054070123,7.121589240569138,3.516088938155677
34837,pop_3,3.241118164321585,3.1220514670631934,6.920902156707555,3.552843780103609
34838,pop_3,2.7157617215825516,3.4132296880660404,7.120463615994309,3.0746203483467274
34839,pop_3,2.453376498319702,2.767251272353958,6.728767804398591,3.604914314949921
34840,pop_3,3.177577377689219,3.1427070947075006,6.781369626770764,3.0368227293434487
34841,pop_3,2.8083717143400784,3.0177722829443434,7.290049484138755,3.225218200668513
34842,pop_3,2.8145281116323986,3.3668665759104632,7.049065264382285,3.3163780388785487
34843,pop_3,2.980077890018284,3.1378838627802055,6.7793130279575,3.501321807276632
34844,pop_3,2.98890396843873,3.2544508503054668,7.586583150692785,3.4603597450938475
34845,pop_3,2.6590593077703035,2.614647877286837,6.757977927303246,3.576534622082105
34846,pop_3,3.070371806334683,3.1671908774863073,7.615946093493283,3.6260539479974723
34847,pop_3,2.756797877709521,2.932755525670138,7.179184054893549,2.9981138844558317
34848,pop_3,2.693263554597536,2.515831925612072,7.0677547023182,3.5258089647552087
34849,pop_3,2.916635307687471,3.4156533010801042,7.06792483101561,3.0825609865763437
34850,pop_3,2.4972608463829506,2.7565963891392373,7.076249225461642,3.4171884146059512
34851,pop_3,2.9050529997612755,3.080656833581983,6.9928912543310275,3.7966249108684647
34852,pop_3,2.9262308126586474,3.345639539336566,6.764234246537022,2.899589824936444
34853,pop_3,3.0935266640556973,3.0352865355473235,6.90563722778004,3.4151824276361182
34854,pop_3,2.840843264673759,2.686427338770179,7.138663064015403,3.4227145179702534
34855,pop_3,2.799316380604769,3.0241177303362226,7.099464563687844,3.6938442070654043
34856,pop_3,2.834254216573104,3.1450850107949835,7.173826759000364,3.170804751626389
34857,pop_3,2.7807462926616937,2.957398783778872,7.064498348122156,3.9497801471998173
34858,pop_3,3.2695630920151757,3.158180051309666,7.033991398558908,3.6863371763484976
34859,pop_3,2.4656323018376622,2.6993831321591992,7.222597495816967,3.294467164085408
34860,pop_3,2.956333972140077,3.0872599405151506,7.002517762710817,3.4091376439883723
34861,pop_3,3.0948431409155255,2.91181959070807,7.036665484246447,3.6642881865758206
34862,pop_3,2.8591551720109036,3.02445736527531,7.314618389688388,3.504351672017583
34863,pop_3,3.2775833201709537,3.309012394024827,7.559573471904525,3.2450137733568836
34864,pop_3,2.8409456002892175,2.7592323864412642,6.826659386932885,2.9539319327193363
34865,pop_3,3.0189125255671505,3.1977899029368393,7.088717937867535,3.5612085499139385
34866,pop_3,2.881878971297577,2.644024211593388,6.557651878684491,3.531636497579443
34867,pop_3,2.778033684787435,3.0668089607797753,7.042075330209083,4.056680518188803
34868,pop_3,3.2807063385419033,3.3648617867378396,7.661601266290458,3.473583025208553
34869,pop_3,2.743532879849495,2.6242633042929904,7.362242403640527,3.5677361208179303
34870,pop_3,3.0686017362698945,3.0149336255215418,7.2540420185367775,3.252107007005969
34871,pop_3,2.819398176881421,3.0813079518854423,7.191842442774945,3.121103673281127
34872,pop_3,2.7238680128118684,3.0914462036796575,6.947348846935987,3.1750491438614823
34873,pop_3,2.917871923066784,2.9896600271050366,6.890556600549425,3.5682015441486374
34874,pop_3,3.0773208865450608,2.9297064615260084,7.351266425354822,3.514856656414025
34875,pop_3,2.9715987744712,2.8321427719511805,6.972327109650233,3.184917356479643
34876,pop_3,2.9114120972241957,3.3042382439464566,6.871098008330699,3.589567584207512
34877,pop_3,2.7479851601903125,2.882733526862038,7.4316957162954695,3.8381640239326766
34878,pop_3,3.310907661043169,3.097391533222619,7.278890180232699,3.2278133148699246
34879,pop_3,3.0940633075869233,2.9070144805429945,7.001549323837468,3.8837643255941727
34880,pop_3,2.375972764640557,2.775536785848868,6.593102745781106,3.681019115109048
34881,pop_3,2.8031351262198423,3.0632364283165896,6.9684288840449415,3.4485744797393947
34882,pop_3,2.580651986003574,3.490497767774078,6.611524218746309,3.5429661450623184
34883,pop_3,3.011954898602498,3.1520109728770347,6.768399583769328,3.749703353468549
34884,pop_3,2.794873747688869,2.730325687080629,6.485740349043721,3.467816871206955
34885,pop_3,2.786302852626783,2.9230868085434216,7.071979944053482,3.351154761656993
34886,pop_3,3.0653588603662056,3.063988202152134,7.528730566011321,2.8261303055243485
34887,pop_3,2.9514683875449355,2.672258122800071,6.802423572636966,3.322206176786398
34888,pop_3,3.0662461105615684,3.309271285738327,6.7500582018244275,3.295821934987845
34889,pop_3,2.9669352201343453,2.9394818969530014,6.976179385238559,3.6730162037238068
34890,pop_3,2.9445287069782977,3.2597744488766933,6.970894712137478,3.4866207079164884
34891,pop_3,2.9605749588420145,3.213343075508689,7.425079692975873,2.9385919672727003
34892,pop_3,3.1933411938257312,3.0851358375677336,6.918139299892241,3.489497520978161
34893,pop_3,3.254362398554365,3.1255539514820603,7.062858395559146,3.008716968667723
34894,pop_3,3.2193838378991795,2.999541014367046,7.0782963255822455,3.0578305174252556
34895,pop_3,2.6384795511230483,3.3377424728524527,7.1577865165533305,3.3360953484114595
34896,pop_3,3.007620756603077,3.0687165143174298,7.399433272860182,3.360510705382956
34897,pop_3,2.8441764725733325,2.8680937376102316,6.936401002163165,3.62767497847892
34898,pop_3,2.651221686434587,2.8879347295943156,7.05809769333744,3.4873382335314824
34899,pop_3,3.2175672028741538,2.5031679198136594,7.228155497638515,3.3958404038655865
34900,pop_3,3.0486261997466415,2.9695086537899127,7.49212894030876,3.3375171689570546
34901,pop_3,2.9456529710418966,2.7328432777383265,7.038668867708733,3.306755425611378
34902,pop_3,2.866977225670002,2.615094307973057,6.943783622463239,3.6567443312947763
34903,pop_3,2.9314163006493508,3.1699059613249956,7.264942869246524,3.1026222615048598
34904,pop_3,2.8150466198737942,2.916598841846503,7.269535303849208,3.425132925636894
34905,pop_3,3.468413120299079,2.72426172366825,7.048278438477413,3.1743642915021884
34906,pop_3,3.1776973757043305,3.169279068507252,7.007375307030996,3.5103903194618247
34907,pop_3,2.9147587927269587,3.3523460468506605,7.248151664527425,3.2303816085674923
34908,pop_3,2.956269304886582,2.669323648297898,7.3211574209341554,3.2778521076116083
34909,pop_3,2.9124029707813217,2.9579182200711585,7.510810400321212,2.927680079660674
34910,pop_3,3.146273591088012,2.669198865923112,6.893637840385947,3.0331634323693812
34911,pop_3,3.35839315117476,2.8205395129584914,7.6647970915952754,2.838069867659561
34912,pop_3,2.797847129941496,2.9973039429880144,7.142328130823563,3.653529378656834
34913,pop_3,2.830604698326085,3.0550535145358446,7.298026691072487,3.012841318425876
34914,pop_3,3.021038766539257,3.345635973635729,7.18368039126047,3.338642434846106
34915,pop_3,3.02472856135258,2.8838166220337214,6.834378171235857,2.9864977075482106
34916,pop_3,3.263595686838793,3.385071511044001,6.777137886891744,3.3761534059101463
34917,pop_3,2.9016559886354782,2.9265047910754585,6.988108545929204,3.4349566365979785
34918,pop_3,2.6481148191784554,2.7978988634982747,6.592887301945372,3.4816437822859947
34919,pop_3,2.927220336952124,2.832622228159541,7.080323690394482,3.320403151023074
34920,pop_3,2.849261629113384,3.291092185356221,7.200965807842069,3.253022550478512
34921,pop_3,3.143719595594696,3.3057598508074464,6.8191583699828575,3.338248481332166
34922,pop_3,2.758790374600178,3.087978646089126,7.028008470934563,3.43056685987863
34923,pop_3,2.973606330420704,3.0965954255041184,7.235232070606802,3.0460799781096215
34924,pop_3,2.7893095196432753,3.0506136838103997,6.840760565838239,2.9225173161592775
34925,pop_3,2.5297208848664487,3.3870376155403745,7.415746746158083,3.693049565904311
34926,pop_3,2.87899910193294,2.9137414402465396,6.92294037570478,3.181034890373396
34927,pop_3,2.9360870993538515,3.08496363071391,7.053586236032001,3.0634621650110496
34928,pop_3,2.978480141085282,2.9929285314843317,6.96587060364135,3.4073964611695042
34929,pop_3,2.5719124690912207,2.93195461946839,7.210648624245245,2.952858924130247
34930,pop_3,3.1854161357155273,3.027602412441085,7.2914696541764465,3.4536886437996963
34931,pop_3,2.599056808214891,2.6789820871080643,7.006756800957117,3.750933448402155
34932,pop_3,2.774895766150535,2.9864838278522807,6.81952015400597,3.332532743496217
34933,pop_3,2.5227645247269654,3.2865182271118236,7.089311877094849,3.351773981506758
34934,pop_3,2.8903166522214945,3.28899731009693,7.131648262487328,3.4601969671408868
34935,pop_3,3.0129561124650794,2.7875280242291787,7.25306405112165,3.1919436121489824
34936,pop_3,2.9875322794479002,3.2222860122433166,7.174615048466115,3.5527812353369153
34937,pop_3,2.6566747742285735,3.0261817219964247,7.047168798299211,3.5042784912992806
34938,pop_3,2.814983792076347,3.0232347508713886,7.352304312010752,2.786494243724581
34939,pop_3,2.861937833018103,3.2425361622177795,7.157542864141583,3.400176082311074
34940,pop_3,2.934447285327229,2.8390138913915735,7.015736860040549,3.0918624180503986
34941,pop_3,2.5143016957681166,2.8239030977874395,7.359338166858414,3.353838569571158
34942,pop_3,2.8693883019594617,3.0523293738438158,6.8723974863198,3.062404555920278
34943,pop_3,3.001948736646639,3.37028208000864,7.418610860966445,2.7847032000067093
34944,pop_3,2.773821816547865,3.186965965956522,7.055072879416053,3.282438045184983
34945,pop_3,2.7351403374920253,2.816700776594702,6.528948344853607,3.518668506540697
34946,pop_3,2.6564332614776096,3.116012660531775,6.958871101743698,3.134042353444667
34947,pop_3,3.1353719015782398,3.0106392500769306,6.864799035583739,3.134615729893637
34948,pop_3,3.2014627088439096,3.1071688176598764,6.8255433055521895,3.406656452770722
34949,pop_3,2.4965673686045657,3.243258263673122,6.734669941766532,3.4762272824947145
34950,pop_3,2.8350729946810005,2.8403406984634456,7.03786088918719,3.0092343797889867
34951,pop_3,2.874504009359084,2.818519998389868,7.234240174150601,3.6493125022162296
34952,pop_3,3.1164121020986952,2.7499494427728095,7.011173570473336,3.491136807298662
34953,pop_3,2.877708333881097,3.2603158781873303,6.766348199897012,3.4519845725096663
34954,pop_3,2.8178712996100432,2.995316537646221,7.230266423351758,2.8959030736289644
34955,pop_3,3.1259040846724555,3.379550832021333,6.861772870209473,3.892516230350299
34956,pop_3,2.8441114099620566,3.17313390545135,6.834906161645418,3.631676827988051
34957,pop_3,2.9060662538196476,2.9395961773498405,7.211607466244523,3.2143157910044566
34958,pop_3,3.245617005212146,2.99330516488273,7.001637178305133,2.977163240305386
34959,pop_3,2.8739844722414656,3.0604775946000924,7.201953198714996,3.365821428937962
34960,pop_3,2.7563995255637472,2.744481116960367,7.25612800401595,3.4410425727382328
34961,pop_3,2.855099286385278,2.597430005359992,7.110561977568101,4.045869074460996
34962,pop_3,2.75529684761646,2.8190181071346267,6.902314149562611,3.239183569131486
34963,pop_3,2.754436485174381,3.119122316032416,7.326646962829911,3.3267934381358715
34964,pop_3,3.274093354995068,2.8606884746895425,6.912724152769251,3.443178231522437
34965,pop_3,3.117500375397825,3.2493136690189717,7.022671019223146,3.336473126615293
34966,pop_3,3.3836888811716928,2.984916139211013,7.08335252121091,3.465285343311004
34967,pop_3,2.51560406475447,2.767340567891156,7.104660743416661,3.3195416762210663
34968,pop_3,3.0713152563847914,3.0846089158769203,6.757371291641099,3.68787870019826
34969,pop_3,2.7746714873548965,2.9230218537656376,6.938657896150569,3.5248773271480327
34970,pop_3,2.591318249059899,3.5858408978655074,7.390789121644803,2.6541193874775835
34971,pop_3,2.9524633836431917,2.876074265500588,7.153290859554461,3.988489315025179
34972,pop_3,3.12043797377652,3.069729040825397,7.527332908070242,3.1551329376729718
34973,pop_3,3.250764846706147,2.9914879166278623,7.04712389137579,3.3506316988026996
34974,pop_3,3.1193520846051004,3.4330449357890904,6.950401985910422,2.841317661456444
34975,pop_3,3.1398338284959655,3.063167782080259,7.187753606426973,3.674192391276616
34976,pop_3,3.047390615893067,2.8325851677041305,6.69759576491372,3.5931414764294165
34977,pop_3,3.271414205750182,2.945101946478903,7.172328203845399,3.716366806561839
34978,pop_3,2.9272236310762576,2.7767727800504725,7.263247939571752,3.4548052632647654
34979,pop_3,2.4610931729938637,2.635237246864235,6.966284006115406,3.6606151770248263
34980,pop_3,3.2155019587539404,2.9653173897463447,6.885946594312054,3.4058012143560377
34981,pop_3,2.7544048998010946,3.0378346946204364,6.7481657726756294,3.430411591699175
34982,pop_3,3.0774064484342634,3.1788188845885257,7.150123188808675,3.5489110102505883
34983,pop_3,2.6860910319160856,2.7533762555597567,7.1172508941353865,3.548430632304121
34984,pop_3,2.8059051885413115,2.999302897466429,6.848606338570729,3.617264993494803
34985,pop_3,2.508224077239924,2.8074665082861534,6.760135903816593,3.743924697939725
34986,pop_3,3.0005333038892124,2.517771539261085,7.105755517401111,3.6401459993468848
34987,pop_3,2.8522575198214577,2.822372409224064,6.870430937922206,3.7642218391249744
34988,pop_3,2.7028987366679957,3.347329357450977,6.814600847831197,3.4659309459976884
34989,pop_3,2.782905555283503,3.0302221222632606,6.7820462805481885,3.2925184548373627
34990,pop_3,3.013835863402952,3.0942721437291905,7.301066840092622,3.1383930632051884
34991,pop_3,3.1857845017635875,2.676490426199263,6.783176140025415,3.578787806221036
34992,pop_3,2.932983781469589,3.0589821685992664,6.824434014789382,3.5069707972193696
34993,pop_3,2.9228818177612492,3.518813300730671,7.460125054196169,3.0533069908826227
34994,pop_3,3.0152784738321707,3.0233616541278323,6.859444702644524,3.4473554476521753
34995,pop_3,3.020655948338794,3.0783895465595874,7.103877032643446,3.29506544978425
34996,pop_3,3.1421306104291205,3.1726583622242064,7.284136171061082,3.1083003091822676
34997,pop_3,2.97367908855308,2.9951548641087578,7.505473570595155,3.296061150642418
34998,pop_3,2.821181098110501,3.0344540269865594,6.463051437785976,3.2858868825346863
34999,pop_3,2.8827467495421764,2.9332743016590284,7.417852399913161,4.022396502880211
43000,pop_4,2.9457540532271405,2.6101731688726604,2.8308361328200666,4.51188159856957
43001,pop_4,2.816713738658184,2.6044831933146284,3.226777686489609,4.442655773788468
43002,pop_4,3.338830096952661,3.047858158517142,3.2829094868516573,4.086881977000656
43003,pop_4,2.9283036228895023,2.7983318503649395,3.3171620430941497,4.336888530652888
43004,pop_4,2.8261056694066196,2.655067418665086,3.250415824501292,4.444781501142149
43005,pop_4,3.055637120759406,2.8921824447002993,3.23202056517347,4.273939458537603
43006,pop_4,3.2837541520225857,2.44220169410269,2.866588075321097,4.214692994794731
43007,pop_4,2.7256731103487244,2.9654482718180732,3.380246821522686,3.8572268902064515
43008,pop_4,2.9662530404068668,2.600241584387963,2.991095637207909,4.392133207223394
43009,pop_4,3.054802582104978,2.391711214179241,3.0086098634135565,4.320444589245449
43010,pop_4,3.2169431362875662,2.7002780825056365,3.3322278787643027,4.01523405511725
43011,pop_4,3.0541962657042863,2.6133589608596037,3.6339998625999397,4.022998152174187
43012,pop_4,2.525190292114573,2.522252003399137,3.1232043276541943,4.191339292991249
43013,pop_4,3.305571431434521,2.640799438130667,3.096163971085339,3.9151589946908407
43014,pop_4,3.007005409795218,2.9158260723401503,3.1839292703986795,4.083126045441908
43015,pop_4,3.097556773847983,2.731398975568216,3.3356899959153203,4.179018431485726
43016,pop_4,3.0293737861025325,2.6328949819407867,3.0458229112898896,4.130666183185367
43017,pop_4,2.815400230085052,2.4012853360980015,3.8088588799041414,4.735656905870539
43018,pop_4,3.2244566910183283,2.9493991172666663,2.338290301176261,4.161176478864701
43019,pop_4,2.9018125760541955,2.9537172725306635,3.0195630930280015,3.8958844836327957
43020,pop_4,2.8203866097548835,2.395288705175605,3.5901505185294758,4.115313722174821
43021,pop_4,3.1150497008689273,2.661922919082782,2.9949124629204653,4.158295388445839
43022,pop_4,2.6383862470579995,2.5768261674383046,3.314888375887891,4.5747638171119585
43023,pop_4,3.4992541863205235,2.966863380410513,2.8680013205262673,4.1096104115380445
43024,pop_4,3.236137696301088,2.472620105203892,3.401738569354876,4.82680358109913
43025,pop_4,2.814430748994451,2.459948192811551,3.3416323058421282,4.38363898681712
43026,pop_4,2.8711856828748825,2.2261364327604296,3.2499222085935173,4.640332583964247
43027,pop_4,3.0654239621756463,2.8717331411779523,3.006989407709201,4.684050031233894
43028,pop_4,2.9802383551582587,2.6919663672276872,3.1135095281137484,4.4888839220104435
43029,pop_4,2.88625489110376,2.6738794964572326,3.267241325878976,4.499295399104405
43030,pop_4,3.1382899129862634,2.764561046246085,3.124641032532193,4.177812858409604
43031,pop_4,3.026396726621805,2.4173203427000973,3.5748477799970626,4.304989060461798
43032,pop_4,3.309253676659779,2.8124681267855935,3.116488309032456,4.337975251527886
43033,pop_4,2.939907377337801,2.3128113429614094,3.727670148929067,4.315747106355505
43034,pop_4,2.8448372506048987,2.827279310016363,2.6727824649093725,4.039940286898632
43035,pop_4,3.060981094973204,2.487929377899859,3.02021631412101,4.1598477132262515
43036,pop_4,2.8748642764857824,2.5840857232064085,3.1795284166842572,4.228103206380141
43037,pop_4,3.3073721406449494,2.448972961103428,3.3851263858395066,4.469365317566577
43038,pop_4,3.296987823524409,2.832844295884818,3.4705790533605314,4.742427182168653
43039,pop_4,3.0340924118843087,2.8115026075315783,2.8226531063257005,4.175280181141818
43040,pop_4,3.2172044315609156,2.8028831122382383,2.790795776110863,4.15708905107689
43041,pop_4,2.9693065287904936,2.7423724931579474,3.450953087642401,4.650712086777993
43042,pop_4,2.675457301601937,2.684141627075315,3.2303852008365603,3.767422756147038
43043,pop_4,2.5862898365221243,2.1439712390794674,3.3788430382092622,4.832612017399136
43044,pop_4,3.039322749457842,2.248822013240646,3.664638707191774,4.353259019076397
43045,pop_4,3.0180701317321,2.8391731017570625,2.8491724304831907,4.48779050649236
43046,pop_4,2.737576142875732,2.9696375948584652,2.8464012300529205,4.2509239857810535
43047,pop_4,3.172299216369068,2.6188667941016637,3.2984993516063548,4.171943708983957
43048,pop_4,2.7679072006031915,2.9365147994665772,3.495705483028177,4.127155515662085
43049,pop_4,2.887464167338555,2.374224898450267,3.167273852227715,4.7325458121987
43050,pop_4,2.695367832432201,2.7816241335329535,3.4192853059787605,4.545106428394651
43051,pop_4,2.9946355147623356,2.638855882477477,3.193455071248443,4.076806950678545
43052,pop_4,2.866275311241612,2.908033477091722,3.21072716540303,3.964236920873363
43053,pop_4,3.024587033538758,2.8171000227577934,3.4550203918721554,4.15408960255
43054,pop_4,3.01088845408754,2.5051327207600496,3.557379519660082,4.297251736989593
43055,pop_4,3.109167463715614,2.4921241650762527,3.2206794779241057,4.045920042111512
43056,pop_4,2.8085159637805224,2.9939555664053668,3.3965500610171766,4.405193102653789
43057,pop_4,3.0620583167715925,2.616942026217246,3.099411703971474,4.460567767628232
43058,pop_4,2.7201870183028065,2.7729580028519316,2.974872562102981,4.299760822221294
43059,pop_4,2.7688523994745915,2.537110507414414,2.934749145984941,4.600688596191089
43060,pop_4,3.2263534198476895,2.9185033740062343,2.8621904305509314,4.3210667016818505
43061,pop_4,2.8334955049640453,2.616980600300374,3.633250954465187,4.555104546687355
43062,pop_4,3.375996466232953,2.776458704158512,2.875208115112369,3.8829267199540634
43063,pop_4,3.009602595293552,2.8652025541903954,3.204992706710027,4.650467338703702
43064,pop_4,2.6318083143101556,2.454451056989787,3.5134063943402616,4.133995129460585
43065,pop_4,2.7050432982255317,2.9198104319455656,3.2670670004653966,4.2312368186507685
43066,pop_4,3.394750141675784,3.024301941953933,3.060906788420479,4.0685686069955445
43067,pop_4,2.8561761671987203,2.3481068925386017,3.2847831704576307,4.477716851648195
43068,pop_4,2.8736394407406864,2.420202459146281,3.678943407926765,4.6904556476080606
43069,pop_4,2.885251396343143,2.9364285635228753,2.9513794941225417,4.514017207996702
43070,pop_4,2.917148892564716,2.754959796166432,3.1084277842919112,4.3724880489236675
43071,pop_4,2.7830204531034592,2.6522867861094537,3.443743713553106,4.543532931996387
43072,pop_4,3.0654663282240993,2.6999325956837796,3.603871866446574,4.129273515371249
43073,pop_4,2.950601754887118,2.8938494570038804,2.842324619654546,4.375009074373317
43074,pop_4,3.343441827720273,3.0502472882599543,3.0454526454928454,3.762198118231254
43075,pop_4,3.2926277538809003,2.913213676852165,3.087954633780745,3.9486874590133447
43076,pop_4,2.8564624338816182,2.1670571289454514,3.8723922817596574,4.539862956441145
43077,pop_4,2.766687914256663,3.081165326443581,3.256688480209525,4.184604319746997
43078,pop_4,3.132411034793584,2.6884349784646426,3.0146389674672087,4.121597445286058
43079,pop_4,2.978326430462897,3.2170713680697576,3.022342615916844,4.006812491938121
43080,pop_4,3.080571659456602,2.4138454840089514,3.0712120168375714,4.51039647351793
43081,pop_4,2.7794707700895223,2.599080634472572,3.1468008143658097,4.40076076465964
43082,pop_4,2.897866061151223,2.9984682603744317,2.9960973672370756,3.8022597342081585
43083,pop_4,2.9637818307104005,2.882254703338573,2.921695478024681,4.367644488319525
43084,pop_4,2.43837477015484,3.0367733860034383,3.0248626843592,4.05990712048691
43085,pop_4,2.8539237922560625,2.9164101847792274,2.9732319154101963,4.10493511659429
43086,pop_4,3.0533656659109862,2.9523937403896396,3.0278548791145354,4.165092498128865
43087,pop_4,3.104528438170477,2.774907136186638,3.1620881647901355,4.54717172295065
43088,pop_4,3.1362363580394366,2.5962759622565623,3.108995079829846,4.765554591062098
43089,pop_4,2.9465026928685187,2.948744611040988,2.788622284796959,4.400830785317256
43090,pop_4,3.000034340462245,2.983814227688982,3.415808949624743,4.40685580509561
43091,pop_4,2.874878245727628,2.2572079458995717,3.660486723343481,4.784318838476614
43092,pop_4,2.520525302904382,2.7673933406131064,3.2384920729189246,3.9928917304638727
43093,pop_4,2.8556698844834836,2.9819757776982296,3.1354464330479,4.654390295012081
43094,pop_4,3.1993220449413386,3.0925163114689393,2.9199457643009885,3.8946249507322475
43095,pop_4,2.9135899905174036,2.6114785126402213,3.542298345634689,4.1124959703085455
43096,pop_4,2.8975181176055465,2.537277094375776,3.4275597261754736,4.45782674028298
43097,pop_4,2.818612133419949,2.3640423354090587,3.283283501209724,4.6483887776775985
43098,pop_4,2.8884477493364433,1.9624065778455229,3.173510058546173,4.406578782024609
43099,pop_4,2.877800717027031,2.85656403897028,3.0147500408793126,4.022230614942287
43100,pop_4,2.846136419893361,2.8875436022467107,3.3398160017329968,4.19591732011506
43101,pop_4,3.2556135550039405,2.562147125970168,3.145185329584398,4.639222911271361
43102,pop_4,2.9438827662121305,2.4667995522029615,2.9436434332449273,4.442738407435482
43103,pop_4,2.827550051480746,3.0628381075507116,2.99463150474274,4.108323332928573
43104,pop_4,2.975640643238298,2.9747774314673205,3.2191669396468328,4.2767039092918955
43105,pop_4,3.157357920314778,2.3827677185725173,3.365701296631709,4.393516832368154
43106,pop_4,3.2526350806397266,2.7457734723979526,2.790307458309481,3.831231904722106
43107,pop_4,2.949445807495299,2.261260939683938,2.9664444170661093,4.2094432914983795
43108,pop_4,2.7241803508775972,3.0156504388937906,3.340498616015595,4.1981038136265685
43109,pop_4,2.7448252617083533,2.760990697268701,3.6790383989509667,4.730891509407699
43110,pop_4,2.843863943327378,2.6265087180293247,3.1188269650082727,4.551321297747096
43111,pop_4,2.8979212589348,2.6859232395744312,3.196609487415415,4.408240697567773
43112,pop_4,2.8492288027878776,2.3512230434772614,3.2254614436649454,4.074492590601165
43113,pop_4,2.884984236814463,2.729211875509931,3.4162602362159236,4.338785561780248
43114,pop_4,3.0879027499561764,2.6422148824874463,3.254325566674359,4.640391651651935
43115,pop_4,3.0674553894609824,2.8221639040714526,3.0183352132262686,4.151656330240043
43116,pop_4,3.093161528698828,2.3963831886673215,3.3233071155466813,4.420970227067581
43117,pop_4,2.937959540682067,2.946254213701261,2.89882080393592,4.485901512630652
43118,pop_4,3.07196093379171,2.8801302088418157,3.3646186200298756,4.122239096889503
43119,pop_4,3.5678638336074338,2.7154003447963175,3.306260488686368,4.409182409404767
43120,pop_4,2.8006077246839847,2.43561163375494,3.7504012158010043,4.043782915194483
43121,pop_4,2.657295819678758,2.9695093223553397,3.3845703846098534,4.684629753487665
43122,pop_4,3.2050215567377265,2.660150582486901,2.7833244060953097,4.176028098481225
43123,pop_4,2.951988104240458,2.371129028777508,3.3028803972550813,4.852619138758852
43124,pop_4,2.787781051607811,2.8969595172240203,3.1466055197104277,4.2120866545990285
43125,pop_4,2.7689690947335834,3.127714590079714,3.292807480445106,4.166514740473633
43126,pop_4,2.935238104374142,2.81325023350863,3.4492094282913346,4.300129652525754
43127,pop_4,2.973281788133216,2.652389627795842,2.984253425898427,4.395290768605984
43128,pop_4,3.092178128459928,2.9961034105405475,3.1405624484933554,4.116057749698924
43129,pop_4,3.263279618244657,2.64156195630178,3.2688895726493494,4.289211088946928
43130,pop_4,2.744032462196009,2.8514673540854147,3.444620043364281,4.217000213557586
43131,pop_4,3.0384280689612044,2.593755696773897,2.8622625730444473,4.5960738504060865
43132,pop_4,2.905104183602145,2.544853832925721,3.4169794061097294,4.4348266151937095
43133,pop_4,3.164505092713211,2.9813197591840233,2.8197950599037798,4.037596452095231
43134,pop_4,2.464001017840601,2.830582315171245,3.212020153758172,4.548620021976696
43135,pop_4,2.9204192473080073,2.704403725232557,3.0740340694038246,4.483069448488724
43136,pop_4,3.213630404996175,2.344328255521515,3.1862030124910725,4.540143528098898
43137,pop_4,3.1327341460468476,2.6953895248429713,3.2302214268467,4.175805181480554
43138,pop_4,2.775199259365213,2.828942121996835,3.3126687336475706,4.113013639884088
43139,pop_4,2.5598348040529704,2.627880350932722,3.0318539763457957,4.557217972162202
43140,pop_4,2.9138093641141287,3.016012471507661,2.7535670559903194,4.0618611382268615
43141,pop_4,2.9052616988849977,2.8545182360951507,3.1329006657492022,4.1363750730277165
43142,pop_4,2.9067595388431466,2.9029819512998296,2.7720309784195294,4.608178742990121
43143,pop_4,2.845131514033703,2.7112182887774594,2.9732138064316893,4.293532734928094
43144,pop_4,2.9229986908778107,2.4033139698979804,3.7405557853138083,4.400619181888257
43145,pop_4,2.679370366592439,2.542278924674702,3.106663376902329,4.6974637978476546
43146,pop_4,2.989074136528175,2.440331660768466,3.1502499980753487,4.983069334312639
43147,pop_4,3.124231549454705,2.737690239006298,2.984805475444472,4.133579090102354
43148,pop_4,3.06446664417144,2.8265464087528023,3.1303600716843913,4.6728847116333725
43149,pop_4,3.3776050172630256,2.9940267804946052,2.8723450918617903,4.4245547284504925
43150,pop_4,2.7440321805933507,2.5707243008292173,2.8655137461862314,4.54660348781201
43151,pop_4,3.3146060539691033,2.6052338579430074,2.911148959500442,4.247553263964011
43152,pop_4,2.638578104419957,2.7565134837939738,3.3323202921607273,4.387099019065125
43153,pop_4,3.1677002932999927,2.8641456571683186,3.054942183409541,4.037930126136985
43154,pop_4,2.8365417751916477,2.638575229248859,3.444515675058269,4.188161894545041
43155,pop_4,3.2887131288557203,2.626959894681952,2.943582673615914,4.121814974919377
43156,pop_4,2.9413274581627475,2.6423500239502933,3.1513897904962773,3.8739917266710786
43157,pop_4,3.082554639520656,2.9030363879829326,3.189164708161035,4.257029599853185
43158,pop_4,3.1923809298878023,2.7886371724824603,3.3772438119353985,4.666872061327687
43159,pop_4,2.6893527952905005,2.409589430349955,3.576926458468843,4.549371150852039
43160,pop_4,3.195815099562638,2.628865052033754,3.3734187942548552,4.053382814627778
43161,pop_4,3.352661897490799,2.672954719864374,3.4809254377059275,4.1109677269658595
43162,pop_4,2.80555749240255,2.324368859054057,2.9894674318137016,4.594267191210446
43163,pop_4,2.6353873787190882,2.5952758629280392,3.3965610650885747,4.574933782234158
43164,pop_4,3.3357190535962937,2.7920240664046876,3.165376450124299,4.420427777864759
43165,pop_4,2.6813922094630223,2.7522282744473894,2.889939883539321,4.242016175648763
43166,pop_4,3.285510166512633,2.1491470209265247,3.275032108293436,4.349862803530252
43167,pop_4,2.877389592810288,2.569928521363308,3.231845963524162,4.710371515127378
43168,pop_4,2.8966454204599237,3.0475431850940424,3.458125081431123,4.387715262716268
43169,pop_4,2.563442317899908,2.319768834338293,3.310917664776568,4.338093817093701
43170,pop_4,3.511747621525809,2.740874455466722,3.3340475153087428,4.162787918871172
43171,pop_4,3.3914265615283186,2.788672672492868,2.776871417727272,4.254619701319181
43172,pop_4,3.0235481199702248,3.0193000075132264,3.242796384921492,4.2461973094651775
43173,pop_4,2.8337492704024925,2.7926927951852334,3.023349028324401,4.255031128458875
43174,pop_4,2.7812009453449775,2.988977972694526,2.6534916166627065,4.332843899579277
43175,pop_4,3.3951976257205825,2.8626315058014713,3.0067959946151075,4.433079187776471
43176,pop_4,3.0828844517204006,2.595961964130931,3.0744457075378118,4.155913435337038
43177,pop_4,2.9833396452296457,2.661225046676158,2.9388456917212213,4.290678040451009
43178,pop_4,3.3358849819457115,3.0291023960155967,3.0124005532191993,4.326770425659674
43179,pop_4,3.1010963692912563,2.172329563654554,2.830700784913833,4.546743600527205
43180,pop_4,2.839259193426921,2.7230721201087134,2.5753219801990777,4.1179686468211445
43181,pop_4,2.8386345921062732,2.681685538600055,3.4530266265172176,4.295736213799075
43182,pop_4,2.9269309575257214,2.685746977742615,2.8283872550862754,4.13122773949854
43183,pop_4,3.2246569587449656,2.982689384934425,2.670806125612785,4.164214619313384
43184,pop_4,2.902937100344227,2.5404447209508185,3.098382561116033,4.453352480992916
43185,pop_4,3.092642971470451,3.0257356880361583,2.9364793653685024,4.2715769116125735
43186,pop_4,3.2256347225190076,2.7940951807469436,2.97262188293595,4.526529613290761
43187,pop_4,2.9432138829093035,2.5146585299219244,3.0414978257702048,4.397896914454202
43188,pop_4,2.965830459354067,2.5972854856868577,3.3669993242064664,4.545377507811993
43189,pop_4,2.6335032362776083,2.5943912827428983,4.2000884039991755,4.343971303300925
43190,pop_4,2.9107576024242423,3.0780706207499646,3.2074682137223633,4.1306163978377946
43191,pop_4,2.9438727702553775,3.082436143613468,2.8569527606624785,4.108692741212779
43192,pop_4,3.190139099389758,2.442757085607738,3.151699338642792,4.867754118898206
43193,pop_4,2.90418290934763,2.5331934389120496,3.2849683076300287,4.746523639694125
43194,pop_4,3.041119793983481,2.9476659186163605,2.985203323003768,4.2444863041373155
43195,pop_4,3.0924051351527573,2.89634670858222,3.4717394635142997,3.967299165573163
43196,pop_4,2.8237627308190807,2.768666350286424,3.187502454394304,4.437832662109021
43197,pop_4,3.2673277137462597,2.837604792281894,3.0465623810567513,4.092812089891837
43198,pop_4,3.1677075638638637,2.819228157201549,2.857213187114432,4.482635056452274
43199,pop_4,2.9070604468198162,2.8509064377587507,3.419557113548177,4.538269040533997
43200,pop_4,3.1238994101259125,2.9675407169323815,3.0776805481812617,4.032930981878871
43201,pop_4,2.627763860210509,2.7965604812127607,3.1903162153705087,4.572971373568915
43202,pop_4,2.7735717368000654,3.0400353622684193,3.446424667299528,4.2300903480722845
43203,pop_4,3.063099568076496,2.630850328905118,3.3070442538054694,4.474316521340293
43204,pop_4,3.0741377035325033,2.7775035682909075,3.104128249968283,4.124145127524945
43205,pop_4,2.7099729866897544,2.476809431247253,3.506392411683443,4.631985632043497
43206,pop_4,2.7473340114144325,2.6827640519333835,3.053469135180177,4.249849794740722
43207,pop_4,2.859789366382931,2.5032440930835858,3.1116687253141913,4.350651814627879
43208,pop_4,2.6993833999840438,3.047771140399395,3.2204801521308593,4.418984309260279
43209,pop_4,3.292147632839354,3.1006608445958337,2.48528773629879,4.0624183019574795
43210,pop_4,2.9392488875076195,2.6101735582440226,2.9417526436432344,3.889431094283891
43211,pop_4,2.9887226472919726,2.664202113975062,3.1991407684534376,4.520197839653001
43212,pop_4,2.9409412837020272,2.6496154795919478,3.4316283230766524,4.424436582582401
43213,pop_4,2.851192120681691,2.926590002323087,3.0731079933501855,4.012736724815203
43214,pop_4,2.804294612666731,2.633092355059287,3.4611747064298104,4.012351218080514
43215,pop_4,2.6895491993039666,2.8480150340431836,3.0097572432011965,4.1791570022698705
43216,pop_4,2.960842128530862,2.627790542104504,3.147469070572517,4.80130627166765
43217,pop_4,2.6177975528323247,2.8582110808229615,3.4103295877455637,3.920874478658132
43218,pop_4,3.004997601489331,2.456847217679188,3.8512650002857542,4.044961370288534
43219,pop_4,2.961835032362069,2.2637634369022965,3.262283731048099,4.636287381015449
43220,pop_4,3.302321311519723,2.5503655026496874,2.767952694803916,4.505137856856377
43221,pop_4,2.6044180649610156,2.52712449804313,3.0908879184064246,3.8781902791834195
43222,pop_4,2.8789693909485194,2.3284150408083546,3.4504932443656413,4.494729544618205
43223,pop_4,3.1149690213232555,2.7186654786309736,3.40969043279513,4.434363857113661
43224,pop_4,2.9972016177052057,2.057559924992587,3.3714255912303415,4.593365476466111
43225,pop_4,3.238840619252386,2.6738453612332864,3.286237678472397,4.46734589813925
43226,pop_4,3.088206598034231,3.010796001670568,3.1529906403891808,4.329540409559713
43227,pop_4,2.9515739630513056,2.2732851215872945,3.1116579305663343,4.481652817582698
43228,pop_4,2.6578660899811895,2.768969246332914,3.225001543964308,4.29047067038982
43229,pop_4,2.8840397998903415,2.742117747306111,3.0441738327734478,4.043130829243714
43230,pop_4,3.0203856990860256,2.6018221080303787,3.549666746666955,4.409174651866129
43231,pop_4,2.7712961926347286,2.4019702151116435,3.444006731925787,4.737766894985976
43232,pop_4,3.007347548566132,2.7489137199578524,3.028135323022871,4.05543493139088
43233,pop_4,3.0961252254613623,2.5760012536453756,2.974703305388698,4.386577716641048
43234,pop_4,2.930579400688132,3.1707898819727105,3.0248990758497443,3.98294014433546
43235,pop_4,2.970180467511901,2.9254206941864713,3.1200909637412795,4.234887346690665
43236,pop_4,3.1872662114689723,2.651731980382654,2.9383821374535266,4.134002142321652
43237,pop_4,3.061923999198377,2.8418841329856632,3.2076086511513715,4.628506227561984
43238,pop_4,3.195169069311718,2.60574665386159,3.4068419718575123,3.971167370209897
43239,pop_4,3.103821155401229,2.4544050500196737,3.278605056197933,4.634911001878857
43240,pop_4,2.958750367463274,2.7682454864898176,3.202340142628011,4.501893249052735
43241,pop_4,3.101438017714026,2.9628526589447772,3.078847999836293,4.437890651063205
43242,pop_4,2.961591085681982,2.6381848809208877,3.0951534756573675,4.529512458672283
43243,pop_4,2.925737891295793,3.0869352630771263,3.0718097668722084,3.8278121976671606
43244,pop_4,3.0408837333233305,2.8718850628640515,3.3898924651585767,3.7692030927289575
43245,pop_4,2.95234073270853,2.589130739193803,2.72189004548486,4.154101798591361
43246,pop_4,3.038594848367627,2.988794226561523,2.292021703776585,4.399170009928631
43247,pop_4,3.0092968577629544,2.5702351195226667,3.133121483364571,4.215427539008517
43248,pop_4,3.042899678242783,3.150414965691615,3.1155815787421046,4.092779158968687
43249,pop_4,2.7836197945186307,2.3278369901923353,3.665475639342086,4.184627435069656
43250,pop_4,3.0617944409500932,2.8547362762093194,2.825616641306334,3.9159371528699918
43251,pop_4,2.668915744186395,2.6841712247475504,3.371487580270718,4.341361655467484
43252,pop_4,3.4710922945741043,2.5663873901560237,3.169735011835974,4.389669240602415
43253,pop_4,3.172642638594757,2.654131810702916,3.5970045516247913,4.7068498875236
43254,pop_4,2.7661712255146504,2.792830028423381,3.2661111635149713,4.219210125088172
43255,pop_4,2.801073198203788,2.7626842148128725,2.9736865196478766,4.73015393184566
43256,pop_4,2.8816074220641403,2.5277977169264183,3.260023646580325,4.059245749953236
43257,pop_4,2.832252603384035,2.9650038699376746,3.1108620004741683,4.274627486323857
43258,pop_4,2.9236717031107458,2.373481979940821,3.597948911620639,4.312839143057858
43259,pop_4,2.626027694835522,2.950990739742987,3.4942427020600055,4.3959003667584655
43260,pop_4,2.964681194538277,2.639530938215831,3.327319819694666,4.522993113988717
43261,pop_4,3.306120125693492,2.6570800536965753,3.073725366653352,4.163003766355718
43262,pop_4,3.3441491617337467,2.7836786861597584,2.914118255120624,3.914212882948676
43263,pop_4,3.326275586149543,2.9820513798068844,2.6755278991343383,3.8097141142126656
43264,pop_4,2.845741544901178,2.5138304477444273,3.3106548691501603,4.4272407007172445
43265,pop_4,2.8873600375404207,2.744874809128977,3.393937452996622,4.633328424977306
43266,pop_4,3.1639712286330126,3.0625175347773843,3.079099390015044,4.25317093827329
43267,pop_4,3.2782166515125692,2.8316249248091165,2.621455750822715,4.5877520598652985
43268,pop_4,2.9868443508586813,2.6651947743657702,2.9919649424406063,4.245900340478295
43269,pop_4,2.864935208358836,3.0512641930819564,2.94657833783279,3.877868267793141
43270,pop_4,3.2224324195433995,2.6983226286378073,3.2133702685786396,4.517126937076626
43271,pop_4,2.8948307501805726,2.5164687709991767,2.9049457757531623,4.343572058987719
43272,pop_4,3.1096898657838303,3.085847520401715,3.0395907958730732,4.478385748020719
43273,pop_4,3.373017008610916,2.8120669159620824,2.8015187648838142,4.057309200338366
43274,pop_4,2.8980781025028106,2.884147695464386,3.170155324563149,4.377386591813762
43275,pop_4,2.8226049793756385,2.977832519250469,3.380003273552789,4.142474455512797
43276,pop_4,3.0218499296316357,2.659446345567691,3.2725730684895327,4.641268434492353
43277,pop_4,2.981133941036578,2.8550380391666788,3.2639003396274173,4.421685685047534
43278,pop_4,3.125489243717474,3.4915675490432387,2.99580205669362,3.7967826353278618
43279,pop_4,3.147592130247541,2.7306626237411638,2.7955709050217736,4.490161185249895
43280,pop_4,3.126412045639069,3.059452006106758,3.269230773856587,4.332328466911642
43281,pop_4,2.556351259591626,2.554524288263676,3.115668181720558,4.76536999891049
43282,pop_4,3.3456252948494773,2.862739706116433,3.2427746613049595,4.177490253947483
43283,pop_4,2.887947108601593,3.011247912884211,3.1876327927704855,4.469584481853839
43284,pop_4,3.0164536754597275,2.776416565826883,3.2969609315837554,4.530578172538858
43285,pop_4,3.2844397561730334,2.7920507099263565,2.958687920854806,4.514549450661199
43286,pop_4,3.35336530102439,2.620656512407232,3.3317313309621297,4.4588702593636516
43287,pop_4,3.0164797274870816,3.092723575193325,2.9867274228399507,4.099919925877077
43288,pop_4,2.954991936298399,2.973242743150441,3.3959008278652716,3.9725533801559143
43289,pop_4,2.7752707351636086,2.4090106865151575,3.4964014086914896,4.46170502044119
43290,pop_4,3.142389234171248,2.8223729076513955,2.808523584049827,4.538092873571898
43291,pop_4,3.357680101095804,2.7725852113626077,3.1004895492391102,4.342810828097564
43292,pop_4,3.3097758533313604,2.7963857399463463,3.132937443631428,3.9649847016791724
43293,pop_4,2.973944589682994,2.205958826755497,2.988134826065945,4.775277507977634
43294,pop_4,3.3625492915054,2.923395355423932,2.789163152362512,4.265719853664784
43295,pop_4,3.346111870207233,2.7844157664708686,2.781957365657701,4.470232781126894
43296,pop_4,3.2362522072117725,2.351662991626502,2.7034505009403444,3.9567300552489035
43297,pop_4,3.2229302440061693,2.765746542295466,3.004431686382317,4.142574386805605
43298,pop_4,2.9683877948175086,2.7655774180915564,3.1618375512805184,4.372476582422536
43299,pop_4,3.290377563273148,2.5979275050619197,3.0068544124089702,4.427407443772799
43300,pop_4,3.052582615054309,2.7849589853928403,2.9301015388865497,5.017798450389712
43301,pop_4,3.0553520094403037,2.7849617161365012,3.608135864651475,4.159499585183436
43302,pop_4,3.0408539238448586,2.509283410763882,3.6451708671099055,4.062387598328791
43303,pop_4,2.7466054125542803,2.596030648889289,3.34292128943721,4.178104894882398
43304,pop_4,3.01315535810433,2.564556216268601,3.742948156338344,4.2131669409731
43305,pop_4,2.9247208975852286,3.0782185238086606,3.280038451741144,4.198673645037467
43306,pop_4,3.159010032998366,2.829006950883977,3.109962233885717,4.3671581724558
43307,pop_4,3.0780300629097606,3.0703492564078876,2.7564069778156384,4.315744395027507
43308,pop_4,2.905261837860777,2.5970981465276988,2.8823957606804265,3.9438259211873428
43309,pop_4,3.0584778836758453,2.9343954660134495,3.07046313199797,4.184432713873245
43310,pop_4,3.0652951950753704,2.901798743616579,3.2826614678052413,4.452141743891631
43311,pop_4,3.2111064622770344,2.7147991185098337,2.9048327769234787,4.43934945020341
43312,pop_4,2.938724248485128,2.516250442729276,2.8995268457909047,4.652081185731129
43313,pop_4,2.708285636720874,2.8576567116368525,3.208016990987668,4.263472019939786
43314,pop_4,3.4284739745575865,2.9497705391872504,3.273296991732944,4.0252242020667905
43315,pop_4,2.9976329222119795,3.157573342143944,3.1266799459567487,4.313326191833141
43316,pop_4,3.0041371910612367,2.961417081164437,3.167734976969661,4.426292658184317
43317,pop_4,2.910900871390753,2.4066959563590897,3.235355758306022,4.647067189754937
43318,pop_4,2.8435421700739165,2.5537049088053667,4.0640057850602656,4.782804078926822
43319,pop_4,2.665328317382006,2.5594854252796573,3.357110651940698,4.377813484520018
43320,pop_4,3.016917365369238,2.54525877299012,2.83778695536642,5.024079437384049
43321,pop_4,2.8579861019880504,2.5622228570424395,3.298650611163864,4.466732046083388
43322,pop_4,3.1995902566072467,2.7718554433149967,2.6865538934165243,4.169553352396787
43323,pop_4,2.9499100790768953,2.9331499969015242,3.1677213397196535,4.362884928844939
43324,pop_4,2.9023359217960842,2.626772627348408,3.152289884718745,3.9373935566374665
43325,pop_4,3.290330564297687,2.5844557067136855,2.8172415298951585,4.4472867762736525
43326,pop_4,3.0469120049699683,2.7614283527556847,3.114956893198551,3.8184525584120084
43327,pop_4,3.442405213322524,2.522632594755805,2.8168979813275947,4.736994760708921
43328,pop_4,3.1836857903926483,2.7993373362421643,2.913997912791656,4.63806808653548
43329,pop_4,3.175466783464024,3.0926974126258537,2.8365405636713783,3.7972991845093134
43330,pop_4,3.292621306160829,2.9796477949549383,2.8815132086346993,3.963757408418225
43331,pop_4,2.9408112525831562,2.3771995634666636,3.951141461303148,5.043471455065062
43332,pop_4,3.229618704668513,2.721662814873053,2.8005366417229256,4.664138939608838
43333,pop_4,2.4234902641843887,2.4471813231597155,3.7502603566893034,4.299889187253236
43334,pop_4,2.96068131285946,2.6465150692680766,2.9515153296634615,3.5599885654129997
43335,pop_4,2.95387682700706,2.5427432855368917,3.05672302772355,4.137469354012797
43336,pop_4,2.928659503299947,2.893006335006962,3.334094473563621,4.377175111888337
43337,pop_4,3.088184489363285,3.1707350949191966,3.0511589144058213,4.248179319092934
43338,pop_4,2.61718566287816,2.3971826040408954,2.7495323996367547,4.213912110783109
43339,pop_4,3.0411431026966875,2.6018430233342715,3.041282920205039,4.376891276396651
43340,pop_4,2.9692460840844634,2.724074693855588,3.4680946194374913,4.57759820008883
43341,pop_4,2.888069490215048,2.8465015966251417,2.8369479312158683,4.575186379728862
43342,pop_4,3.1192383400849457,3.214499927435363,2.957192261473376,3.809348493058378
43343,pop_4,2.858884320957496,2.517061171535583,2.7787302755714274,4.578161459175414
43344,pop_4,3.0211186749689496,2.757434158675515,3.140699756734685,3.9901954177486147
43345,pop_4,3.2257441136619582,2.761007406212745,3.3239779114575345,4.29308688078483
43346,pop_4,3.322300259208063,3.039174714433042,2.6183553462422977,4.183680984425327
43347,pop_4,2.512541684149628,2.4787854753139777,3.056490885197978,4.100461569643617
43348,pop_4,3.106283819716098,2.4144500246382408,3.227488278196967,4.272966857939357
43349,pop_4,3.1393700771779445,2.655787975149234,3.3110960517655177,3.8812796087930312
43350,pop_4,3.1103852758319457,2.878603169218736,3.0981975719823396,4.5115716385272435
43351,pop_4,2.5158944822595477,2.4843812285739575,3.407083446026324,4.311482404969604
43352,pop_4,2.5396633333849743,2.937994545148142,3.018657806664846,4.427827828362145
43353,pop_4,3.003326847149601,3.1261980639503038,2.8792395688156427,4.336850194721895
43354,pop_4,2.857175425979456,2.6300939429168384,3.1426363110989213,4.555468064245138
43355,pop_4,2.985263717128945,2.81204430018475,3.0949775419564176,4.331111259137201
43356,pop_4,2.974324055651621,2.670704271988964,3.3494457421814587,4.5943695818766646
43357,pop_4,3.007015427172969,2.643459069255633,2.8517048990239817,4.232760552332068
43358,pop_4,3.03103464298926,2.633897786203207,3.0334586067576237,3.9954440081806224
43359,pop_4,3.031831649694297,2.840532375842849,3.2831611710804274,3.989909054850558
43360,pop_4,3.1152589712619725,2.7501224338169825,2.518725974818602,4.228271984003513
43361,pop_4,3.1072787667229136,2.7050181665637387,3.329035247804054,4.040554737858889
43362,pop_4,2.6014221001600593,2.546324602457297,3.4998992620566733,4.659879155239049
43363,pop_4,3.1450147013597345,2.564498548160665,3.0011596016562296,4.179865873744431
43364,pop_4,2.9477853035305,2.9898044716689336,3.3746400863852943,4.409514865172777
43365,pop_4,2.904881925729568,2.7333148416001833,3.050393455374783,4.310943755949286
43366,pop_4,3.4394221247658727,2.6274546636843157,2.7952859402383448,4.552502573173066
43367,pop_4,2.6772223279047265,2.8394314527952695,2.984164356619576,4.496577343350861
43368,pop_4,3.144149270450751,3.137880982673361,3.1087228907712077,4.0707557132861
43369,pop_4,2.927081878161437,2.841286284981685,3.0658240402198578,4.236710839728952
43370,pop_4,2.9744286053959055,2.962332268336409,2.801893984602633,4.388743464803848
43371,pop_4,3.338401399168069,3.000708384083552,2.48768775792436,4.260153002638659
43372,pop_4,2.726985877118791,2.3336566542256945,3.638034737702447,5.082173769699057
43373,pop_4,3.0741993307461284,2.7233385618493267,3.15950238998566,4.07857946313748
43374,pop_4,2.9701284680337396,2.6961840272254145,3.575687697262374,4.553257354069358
43375,pop_4,3.2722418623189937,2.9512521772760634,2.35447616279178,3.81907169148418
43376,pop_4,2.877421955752279,2.722072709672109,3.3715197237190133,4.358916878128177
43377,pop_4,3.3698185072508715,2.9242519216448026,3.278080618109861,4.35615945864422
43378,pop_4,3.371290988628175,2.7221424688756444,2.7325666257066548,4.1212909537504085
43379,pop_4,3.437394409265062,2.926424800908893,2.875715137786521,4.745753691929169
43380,pop_4,3.018436608442541,2.838038684352299,3.131310952513039,4.020753577565926
43381,pop_4,2.7647185733146373,2.8883126810980553,3.012639113371599,4.331715854683825
43382,pop_4,3.255914785108119,2.671194750719582,3.1020244976088858,4.09579757516722
43383,pop_4,3.0270394126637763,3.081307186731669,3.121170035532691,4.13467688964701
43384,pop_4,3.193473450395032,2.585319866103409,2.8827951489926815,4.185484489174212
43385,pop_4,2.9448132296318326,2.3822176669251287,3.4605775689179237,4.353022014911543
43386,pop_4,3.3769414207984405,2.9846223001294216,2.73057232212164,4.273252275132598
43387,pop_4,3.155464976046363,2.759078654457466,3.2893810988847436,4.441205667814958
43388,pop_4,2.9233338203147667,2.5022894434842113,2.9046339345445253,4.294143643848516
43389,pop_4,2.6808547832931975,2.263412831173751,3.1595746817768653,4.540418197975449
43390,pop_4,3.160724996431457,2.5970148324042373,3.548358415088864,4.315911922785635
43391,pop_4,2.9940460808989684,2.790334531511182,3.3994032298143613,4.6258639728856
43392,pop_4,2.9741810879652646,2.6702545564958062,3.2179145663632447,4.476063461196336
43393,pop_4,2.8639465099891854,2.768994531449848,3.305919987287016,4.562511134794727
43394,pop_4,2.977964578034872,2.8284296689674644,3.589798984857419,4.51494866483684
43395,pop_4,2.7288156493806306,2.539465380850585,3.697969221722168,4.63056670219446
43396,pop_4,3.210675112683596,2.42625493251238,3.181589824993206,4.063882681015702
43397,pop_4,3.1308624825337765,2.561219217294974,3.0826312629561543,4.0313685181680965
43398,pop_4,2.8527472795995195,2.880795047010781,3.231607127047421,4.3269334082483875
43399,pop_4,3.21548079085863,2.9094953122092577,2.907108363479345,4.503012186531944
43400,pop_4,2.898758211425065,2.3573371896506705,2.9464272870693944,4.479871189920841
43401,pop_4,3.358478964763615,2.447191668045115,3.302042111093044,4.4018566197528415
43402,pop_4,3.215660904574799,2.8094930305984946,2.9015550096809326,3.99227271797459
43403,pop_4,3.3827745501183086,2.649299082432333,2.874626441747885,4.495900990611536
43404,pop_4,2.8696536842770897,3.380815551519957,2.655882406578219,3.620788611747991
43405,pop_4,2.8870564441524267,3.0175104384359934,3.4233381949246153,4.442303488028468
43406,pop_4,2.9257437635847614,2.784758717010451,3.1512029718851844,4.4388646101069575
43407,pop_4,3.0422406188451356,3.1102110568755172,2.9777881562084616,4.295645219923952
43408,pop_4,3.1833647176841784,2.522526286638498,2.9015145481472673,4.403271558093544
43409,pop_4,2.879253268341422,2.64125167318435,3.4654449073815328,4.304311373796956
43410,pop_4,2.7311500345572166,2.6833468953986213,3.1820422354139293,4.28151391872684
43411,pop_4,2.67348221909515,2.7964669116117253,3.1449225926968336,4.3320554871168895
43412,pop_4,3.3400401928292505,2.669313080305465,2.8301466547594742,4.275664683771356
43413,pop_4,2.786042489231256,2.866932952222538,3.2632339101460683,4.217666650154246
43414,pop_4,2.4129410302975747,2.902258574067564,2.7648980190861603,4.461865671051962
43415,pop_4,2.8989983669261656,2.7423987966535974,3.2514795238907905,4.487534452592115
43416,pop_4,3.1526737298276712,2.787816760774912,3.0688582390701216,4.206378330440632
43417,pop_4,2.9799101387753613,2.5286367294311174,3.1818195409465337,4.56972440207098
43418,pop_4,3.0149253745054074,2.9696851291538384,3.066095633156335,3.947756544879653
43419,pop_4,3.362572882074199,2.8195392047019325,3.682103797278173,3.924407091725226
43420,pop_4,2.815756875108651,3.028758817876801,3.5125683243220225,4.078279669983076
43421,pop_4,3.103178569673326,2.571073639688751,3.105690436913171,4.565314195193443
43422,pop_4,3.0136350917513357,2.477834364555578,3.2436978544051387,4.164822411180006
43423,pop_4,3.44722642583577,2.7778921647816563,2.7526159124857683,4.347849010983076
43424,pop_4,2.986439318246532,3.195239295660498,2.541391386859554,3.9614041760742813
43425,pop_4,2.976943911674509,2.24039962797841,3.267647811565657,4.042762723848629
43426,pop_4,2.8593045497198024,3.0111488505167228,3.232493466155478,4.46863149474293
43427,pop_4,3.274504030273451,2.836698125013306,2.7636954008039583,3.8446220341291477
43428,pop_4,3.007618624633789,2.5269171133646453,2.8580904219341843,4.029942042197952
43429,pop_4,3.1306252457219306,3.2271999109455436,2.980490189808847,4.253507824598671
43430,pop_4,2.9406345729277716,2.5075458736916674,3.405584816425339,4.341748531214822
43431,pop_4,3.280000245022217,2.5750474837838024,2.947815488356679,4.579535876647634
43432,pop_4,3.087280827513372,3.011977496038032,3.093323270821387,4.353627197136073
43433,pop_4,3.105483885261994,2.933503737099033,3.3848148392734982,4.228291224127266
43434,pop_4,3.0329322917734403,2.3865075330800307,3.2869278375230078,4.357229115909077
43435,pop_4,2.9876483379862293,2.2796573004421403,3.211383665178998,4.325321964865808
43436,pop_4,3.1103801565005846,2.6594421445220005,3.039957027661559,4.320046492312307
43437,pop_4,2.767358291378956,2.7515330674750382,3.1338643333402265,4.533142671528671
43438,pop_4,2.986723190243448,3.21761831016403,2.598577812455339,4.238357806713894
43439,pop_4,3.106397915605403,2.9248481495290353,3.2742980335373115,4.376719515466203
43440,pop_4,2.742032915732871,2.8934123417478372,3.0025351835636305,4.197702372948813
43441,pop_4,2.787304189965412,2.7974711276388633,3.646831120699251,4.431607751972916
43442,pop_4,2.7790313892364975,2.605634081619785,2.898347038102323,4.327010614069935
43443,pop_4,3.2068252724204154,3.002631702735102,3.2533641192430345,4.286027732065153
43444,pop_4,3.2230149964503814,2.333546250897085,3.3030989562184603,4.4600941679104045
43445,pop_4,3.095347446770688,2.520761398530694,2.714768580779266,4.136898767477827
43446,pop_4,3.2275378270984065,3.2016433082208993,2.824602164118715,3.9493011498298496
43447,pop_4,3.19314542141589,3.0630905360888265,2.9160495026202184,4.037242150951053
43448,pop_4,2.8909470129935517,2.7560953117295135,2.925439110093621,4.334661182551457
43449,pop_4,3.233346886844496,2.614227306927302,3.385414821310746,4.039390560775083
43450,pop_4,3.1328341123383567,3.197483609873979,2.950291096091808,4.322248471020332
43451,pop_4,3.0273819660160757,2.973504761695001,3.2758664653243565,4.146072911863586
43452,pop_4,2.9774505708959698,2.955624859610874,3.025479338209451,4.104422822773794
43453,pop_4,3.4440325643613923,2.9834855954379904,3.0101831877171086,4.581704454376644
43454,pop_4,3.151377021553717,2.7037362693876354,3.545682463559075,4.503752083220903
43455,pop_4,3.003970539557693,2.644720631240176,3.006998385868492,4.042658775482412
43456,pop_4,3.1156482931370686,2.326497431041017,3.619652282167043,4.359629622383453
43457,pop_4,3.1858702742548215,2.959855867483172,2.8857785917585588,4.668793950935014
43458,pop_4,3.4203712139801867,2.76903262769617,3.0300763468576957,4.069411376077052
43459,pop_4,2.8235660544436354,2.807438664916251,3.2553359962380912,4.618082364777617
43460,pop_4,3.0530168478045305,2.538250084254022,3.3160806347314056,4.169949938751704
43461,pop_4,3.0563909602999995,2.9488615849786037,3.002825794913041,4.128464776861952
43462,pop_4,2.8018979497058534,2.578128336560845,3.3061802877604185,4.363216579265449
43463,pop_4,2.9592192229489624,2.818712600534448,3.546672456542484,4.2512714922189225
43464,pop_4,3.127549527396107,2.8770342853229263,3.1960283363858077,4.388672082721161
43465,pop_4,3.104126748811919,2.707063446887748,2.9118503959321345,4.246798311888627
43466,pop_4,3.210054494173671,2.5446032602718325,3.3716808562286364,4.2764212654216465
43467,pop_4,3.2023489512047423,2.3489543743339296,3.1899342978702196,4.167026494353979
43468,pop_4,2.880081594189411,2.7371048989248887,3.3094507681595577,4.31023190578495
43469,pop_4,3.073813669617721,2.685704231783273,3.031397243293543,4.518746554240687
43470,pop_4,3.0159188810655144,2.8799310169375913,3.032450148545421,4.765503908963113
43471,pop_4,3.272819265534918,2.636456690967628,3.133822807304729,4.459638563211232
43472,pop_4,2.830733605305447,2.952117839155566,3.0672651618310107,4.089601385964699
43473,pop_4,2.7139702066750733,2.4429646926535704,3.3629562665357775,4.5016529921980855
43474,pop_4,3.0190875172497,2.927305749583494,3.4166255210413894,4.673489328983376
43475,pop_4,3.381043693074463,2.5470884653497867,3.2049622375858653,4.335044374265261
43476,pop_4,2.572884759080563,3.434166167712018,2.603818681603821,3.5812131505765588
43477,pop_4,2.654149869406099,2.624831860871759,2.927446233137634,4.15041827567302
43478,pop_4,3.075535171976597,2.7577358649885975,2.9948878234427587,4.292597380201168
43479,pop_4,3.143985133780837,2.604032940520162,3.4956321014796976,4.812602347693688
43480,pop_4,3.097729093603043,3.0686250422321177,2.8075789946682934,4.318811969754057
43481,pop_4,2.9560284207891803,2.6951561496341085,3.2981999512578213,4.5914131871133455
43482,pop_4,2.907662870358588,2.640542043400165,3.4866048884744942,4.304426189672515
43483,pop_4,2.9259170329845565,2.725846044935119,3.1978390716599607,4.249070495475647
43484,pop_4,3.124923866885533,2.7312416467453122,3.2277081890838213,4.554102587952883
43485,pop_4,3.1237594743286206,2.8820545751356086,3.3713389546714745,4.505987202355867
43486,pop_4,2.7548988320774703,2.9358060501529812,3.20548111268922,4.145810785206712
43487,pop_4,2.7742131144149744,2.6821925009187764,3.3952973178219126,4.076770932820577
43488,pop_4,3.342281850451831,3.0459109114256204,3.158044692958195,4.6837622818874545
43489,pop_4,3.530574076083795,2.6482675112982874,2.940012711463053,3.8340629309468706
43490,pop_4,3.1715393272090404,2.418428053082729,3.181899833592867,3.938564623071589
43491,pop_4,2.9218544253612313,2.694253970412707,3.2126167450707452,4.5368004152926815
43492,pop_4,3.0807493239079453,2.9332090517853837,2.9590274325759736,4.081138309681756
43493,pop_4,3.0686849683874264,2.670103740181242,3.316655775028011,4.481740430714547
43494,pop_4,2.535482710831902,2.745247056057701,3.434951281917541,4.083214356642181
43495,pop_4,2.6982716920505228,2.5443177077559618,3.548951704019081,4.464606847597806
43496,pop_4,2.959627338313454,2.8026486842782785,3.5406641041381324,3.717593967657604
43497,pop_4,3.047525872427783,2.994531152982563,3.0775935008879802,4.3041721945872276
43498,pop_4,2.869443874369498,2.546671394525139,3.051388604933091,3.955217295059531
43499,pop_4,2.687338727226286,3.086698016740685,3.155813245563889,4.364311325123374
43500,pop_4,2.822802634806427,3.013862800805302,3.369377615822848,4.042946101227219
43501,pop_4,3.1501482097182634,3.136991632413842,2.7077059955566583,4.070702188961679
43502,pop_4,2.583995956503879,3.200498344117255,3.2486475155395564,4.335939415652288
43503,pop_4,3.1361769736201097,3.0355512748315903,3.1501726676071433,4.197743631924925
43504,pop_4,3.171466615236126,2.614693671933037,3.256902144916541,4.435633373518421
43505,pop_4,3.1714480261868387,2.7265208857379664,3.2317945437486295,4.141585540660721
43506,pop_4,2.868561965316583,2.4619459754618425,3.6672008568110974,4.26784553690815
43507,pop_4,2.8749274153086657,2.3109377304792282,3.0073644666581396,4.501342583064979
43508,pop_4,2.7596341602598464,2.1693322046447165,3.680301759866204,4.243670626109502
43509,pop_4,2.726645453199879,2.6905057554724556,3.5914375688817755,4.654951888095223
43510,pop_4,2.9471248638668066,3.1951140334754378,3.268728288083662,4.359410171643147
43511,pop_4,2.7593847780161327,2.7737781601963016,3.1353389840414003,4.414456622758677
43512,pop_4,3.1097047063289653,2.698219110021508,2.9692146713380376,4.118371010407909
43513,pop_4,3.1538584721128076,2.29376328128559,3.280143634089835,4.5747003826171175
43514,pop_4,2.9846894240408037,2.8991002937755406,2.7850721926914472,4.064025457530661
43515,pop_4,2.844727814983065,2.66368847266292,3.3697346089162656,4.449295861852037
43516,pop_4,2.9382706680361625,2.8012451626544608,3.6295097889650836,3.938936135764873
43517,pop_4,3.2098231257756478,2.7172624179095104,3.5263231915105258,4.013318662869025
43518,pop_4,3.023380689395808,2.7811924900879705,3.1671059144971503,4.495097585763279
43519,pop_4,2.946266407301344,2.707478311061113,3.2028104496318535,4.4938637105573
43520,pop_4,2.923532508727624,2.603971454100451,3.581005286964643,4.68398161799164
43521,pop_4,3.0987675535126344,2.8130163648470417,2.9365738589623565,4.325218595360491
43522,pop_4,3.1125991917608786,2.479342882433875,3.1003284763224634,4.432240645743818
43523,pop_4,2.8517517819697122,2.9168034969619323,2.842764147504016,4.057391626738161
43524,pop_4,2.9576129334600916,2.8197149963456773,3.3504024972739432,4.670049603603892
43525,pop_4,2.819781731742385,2.833382603248484,3.317863894017387,4.2041917829787945
43526,pop_4,2.8703164768984593,2.629066068017932,2.9302085306715213,4.438196838531652
43527,pop_4,2.7692039949534624,2.3560068419703133,3.577370663903529,4.547002683779996
43528,pop_4,3.3396487055217636,2.897119104724534,2.986786078398417,4.164165879335707
43529,pop_4,3.246896252129248,2.912855243821451,2.7615190080330487,3.8953330415232337
43530,pop_4,3.2522925120026382,2.45034252337984,3.2084419445250196,3.977049385993376
43531,pop_4,2.820543887525086,2.596688177558952,3.4117506156796997,4.504154658219747
43532,pop_4,3.4926766649023078,2.440483144959916,3.1651924703700507,4.166217602438699
43533,pop_4,2.7608642740233744,2.834045584992114,3.484258476818977,4.572137017673634
43534,pop_4,3.111835836052193,2.5547955352240193,3.1758937802247913,4.177088448602664
43535,pop_4,3.263320451939023,2.5614683448422637,3.159792581412111,4.737732005993429
43536,pop_4,3.213184964659047,2.695505082573272,2.9574700516774564,4.465083666630769
43537,pop_4,3.31874375291446,2.712801848157426,3.056665506358871,4.4596628229502775
43538,pop_4,3.4490585216067426,2.3819298336107266,3.4570596283332615,4.211148473098703
43539,pop_4,3.262888955171693,2.537819390773959,2.6767935011029578,4.536178257795387
43540,pop_4,2.9678807550941406,2.6003317716200254,3.4719839323658004,4.619485666744422
43541,pop_4,2.959380291359662,2.506936582347544,3.0505621640468488,4.493421087673269
43542,pop_4,3.089827129098991,3.1532710260752435,2.810556807554706,4.350351673254037
43543,pop_4,2.821008920760227,2.6459442895857097,3.0896767390870856,4.674634805161515
43544,pop_4,2.8291044810407966,2.346930925353999,3.40657180962871,4.487319795853264
43545,pop_4,3.018531963018047,2.75391072333815,3.0943132433801317,4.382170735763415
43546,pop_4,3.5302832732128406,2.76146310561048,2.986886118384397,4.346377925790728
43547,pop_4,3.1978769252034223,3.062559830330894,3.388213568706896,4.103459392365467
43548,pop_4,3.2428561002144853,3.2538813172068997,2.8287457536865777,3.9906018155601566
43549,pop_4,2.8562206972156274,2.4872949905042416,3.254634461598272,4.367607690624261
43550,pop_4,3.222759841465374,2.432265650873778,2.751014387188678,4.2777540377500625
43551,pop_4,3.010186180693187,3.095412513157912,2.884128598838158,4.049116655668221
43552,pop_4,2.792963430743618,2.7962528571028895,3.158308129803567,4.530654435198759
43553,pop_4,3.171153159550166,2.578086921348226,3.392084903153072,4.409955207740943
43554,pop_4,2.4698685273878906,2.296973172254276,3.6392205155600736,3.9605845481692303
43555,pop_4,3.176834819263056,2.2267838456126734,3.454217034176766,4.952210701972556
43556,pop_4,2.8094832794797915,2.352209105467321,3.316852209722132,4.591924363904308
43557,pop_4,2.7035660102167203,3.0563988996868523,3.2610883086434734,4.074199845833727
43558,pop_4,3.143807390335787,2.935150858238983,2.9298396241642997,4.4672845332181685
43559,pop_4,2.9876594385821997,2.642577210465186,2.9029458458012796,4.157339574899801
43560,pop_4,3.1937814220779916,2.431565923555977,3.0941039309862686,4.489223778480674
43561,pop_4,2.9455348551177014,2.690895690835281,3.0889697018550355,4.011523805854188
43562,pop_4,2.7984154581716383,2.922876361579963,2.985675167270298,4.1654174666422135
43563,pop_4,2.8185782317557493,2.8968002210425063,3.1902960685768837,4.326087186659988
43564,pop_4,3.050066234989073,2.714750036619425,3.384164497108857,4.4248493627115035
43565,pop_4,3.2452125875739037,2.418114517830193,3.3233273398462777,4.444263127225176
43566,pop_4,2.799273930469981,3.1466892804555897,3.324738184340631,4.243283874060038
43567,pop_4,3.145020698332324,2.4544554851287126,3.304323000570648,4.5385596353592135
43568,pop_4,2.8840748989550535,2.5594544270281623,3.1537763630466253,4.695687437905592
43569,pop_4,2.9421165926298314,2.681545041959246,3.0798708643580497,4.12017100811223
43570,pop_4,2.9593859219042993,2.908110539270554,3.1605918313080648,4.255543672873719
43571,pop_4,2.8400555398412966,2.3411243886349116,3.46038921711096,4.524920221561879
43572,pop_4,2.9564866521850655,2.9603739453790405,2.8343108098110865,3.9203668450473037
43573,pop_4,2.6858033430867136,2.893676564185439,3.4332190347053984,4.095213775969087
43574,pop_4,2.745965843150746,2.477495678452968,3.3847610051844823,4.731492656116037
43575,pop_4,2.6428969528852884,2.614980103335823,3.0752909644741733,4.293834513707508
43576,pop_4,2.925266488783782,3.0041155882697796,2.82811180737609,3.7171895626002276
43577,pop_4,3.280652901522916,2.829411442306426,3.2323302489633017,4.174828098754611
43578,pop_4,2.999239844200742,3.053667330997829,2.7597472424216862,4.060286102383243
43579,pop_4,2.7456632786464406,3.1219450880955577,3.2012707067161976,4.3360456018526845
43580,pop_4,3.0167905297334094,2.473192283485603,3.2921428292793067,4.146780171550663
43581,pop_4,3.1483744404964282,2.33267239062317,3.2680521929524384,4.203047998452043
43582,pop_4,2.791832538063432,2.418835372629967,3.162684409654419,4.899436020543546
43583,pop_4,2.679772335714705,3.006756430362569,3.6009897082541062,4.6146752383681395
43584,pop_4,3.0910434163892875,2.4885617792085792,3.0519701021740455,3.791492241585157
43585,pop_4,3.408277462815306,2.6838471418287893,3.2555032736165703,4.599356244678998
43586,pop_4,3.17641340879842,2.893107004427274,3.0570030611395556,4.055303562315044
43587,pop_4,3.101549264559401,3.039232404267835,2.8643377198863633,4.475501104852597
43588,pop_4,3.0845492179291063,2.655014342398454,3.2193325958892096,4.726258790148119
43589,pop_4,2.8814121152400762,3.2621889473800114,3.1669282748706284,4.044091439259636
43590,pop_4,3.0892163525639127,2.1844931396796294,3.625317164425044,4.840347348554333
43591,pop_4,3.101746480917793,2.4824475803037145,3.3981930825088824,4.079351790561148
43592,pop_4,2.9631393631098244,2.831789954173311,2.8446425312991086,4.489065074967319
43593,pop_4,3.1008965317369586,2.9505519341593422,3.152600807547185,3.9862245046095444
43594,pop_4,3.056257898682464,2.782807486049312,3.1788475446454987,4.448258862572792
43595,pop_4,3.085975651498555,2.4304321214461773,3.1176540549159397,4.336895043252236
43596,pop_4,3.2096301784854746,3.19811771947841,3.0981067081836624,4.112380302713611
43597,pop_4,3.1397657398140866,2.8280294954295475,2.9322380383133906,3.6913588099011427
43598,pop_4,3.0291755119864923,2.425294777518911,2.9023300605192146,4.528652889578993
43599,pop_4,3.454578941009419,2.955923083445043,3.235444162244056,4.197928175998892
43600,pop_4,3.0708133734702767,2.8622826280825304,2.493969938581102,4.478280653160933
43601,pop_4,2.8713965369696255,2.7449693571967355,3.546765653258753,4.421285547781579
43602,pop_4,2.7840933041925315,2.2589387870817794,3.3138203861827153,4.8616014116760775
43603,pop_4,3.078469258645609,2.6547316708162976,3.661693018742314,4.212988927225771
43604,pop_4,3.0165180897810377,2.8044511416194133,3.1022746829130803,4.122495465036633
43605,pop_4,3.251618939508298,2.352336900889893,3.628304868821753,4.453379559872193
43606,pop_4,2.9965860968750597,2.807512647526274,3.594520620491351,4.4087744808582405
43607,pop_4,2.72281748980296,2.8424289789836847,2.798152426108521,4.126343825291209
43608,pop_4,2.8670354275340006,2.8751626598644453,2.998220500218023,4.406063033787759
43609,pop_4,2.8308052651783293,2.2698279047220677,3.391851054105281,4.817731542980663
43610,pop_4,3.2740831967955852,2.769102709688209,3.108883193047758,4.3023923253221055
43611,pop_4,2.9315251654941767,2.3246240347815896,3.7053859702871024,4.518635886117566
43612,pop_4,2.9247315712226576,2.593570056485875,3.048337243175581,4.277188997445669
43613,pop_4,2.880859162643826,2.9592245675161504,3.0316270636730502,4.079226520213307
43614,pop_4,3.0007276966439775,2.418979841243825,3.7439728378112855,4.74467209616261
43615,pop_4,2.973000441436776,2.841559246264441,2.72849308130647,4.1352883122345165
43616,pop_4,2.9656483387716395,2.6370836222819407,2.919558889355873,4.382604872839052
43617,pop_4,3.2902845329334625,2.338936212012432,2.924250170071065,4.605286060090415
43618,pop_4,3.056346138150196,2.725400816991233,2.8084894113008105,4.56436655954699
43619,pop_4,3.094430676488309,2.6034252936761693,3.1969372967497964,4.279486134778748
43620,pop_4,2.818264733030317,2.5222031479354916,3.369865063554665,4.113404997205568
43621,pop_4,3.131021585391063,2.71622904242453,3.0063457770256132,4.582141356520847
43622,pop_4,2.7997009462824294,2.6913570970424523,3.2360073883667617,4.4439235436696825
43623,pop_4,2.9380805581136253,2.6288964211884283,3.6564401147029377,4.294793695006014
43624,pop_4,3.1190806954215775,2.389763895771619,3.0062719019414064,4.465150818349256
43625,pop_4,2.808905411011392,2.9381959064312,3.048902956062657,4.2770204884684135
43626,pop_4,3.092489739248857,2.7476378030394835,3.0996211476727775,3.8590728276693995
43627,pop_4,2.97528553080527,2.6851381254729536,3.6894237913874703,4.352162142634592
43628,pop_4,3.667734616239793,2.9267550298704594,3.27740728155776,4.609380901850732
43629,pop_4,2.917676599738394,2.625415667698591,3.4541206958699133,4.0088362677655835
43630,pop_4,2.8715407427625497,3.1122724077780926,3.1662976438561428,4.184348257894641
43631,pop_4,3.331172012824854,2.662523614904426,3.142164143498494,4.20004244310786
43632,pop_4,3.209324318698224,2.4541499262813664,3.217124971948489,4.288902233121531
43633,pop_4,3.4450743317284513,2.9909698525605792,3.271181672222522,4.270900987998936
43634,pop_4,2.7022471757517326,2.6668962495572366,3.2875731206471928,4.308168334178763
43635,pop_4,3.057557748887142,2.724308081808634,3.0283281107052886,4.204161361666046
43636,pop_4,2.868679021701591,2.505792405109221,3.31983435630646,4.670023845201602
43637,pop_4,3.163347302975042,2.689919758406475,2.8322772435852155,4.009893995639272
43638,pop_4,3.0161636591867516,2.991273599941294,3.5744298837893647,4.380329963850274
43639,pop_4,2.661225740448617,2.5696355456333224,3.1382573753315675,4.036595620022455
43640,pop_4,3.3071414372023407,2.576008700577948,3.5352206319329693,4.379973027694995
43641,pop_4,3.00471455153494,2.615386554529118,3.2456420312657155,4.297787038162266
43642,pop_4,3.2125655564089777,2.471426691640251,2.8223546511143445,4.1677301466689975
43643,pop_4,2.471109994012339,2.8671938635994945,3.1727553806249555,4.197665806652477
43644,pop_4,2.8828237991657844,2.745412111247198,3.3313799347632593,4.15228199740978
43645,pop_4,3.2289127368158,2.5681939289290296,2.9173219113156774,4.048026437677014
43646,pop_4,2.576022078316358,2.7654543209905786,3.4857656548219675,4.159414035942745
43647,pop_4,2.7832333841621084,2.968772148110187,3.03317021849512,4.552271631152286
43648,pop_4,2.9621473038618285,2.6756736175064533,3.229487801645969,4.428199336491871
43649,pop_4,2.9261269567130843,2.457045739215506,3.2211894484378902,4.487953177615519
43650,pop_4,3.0709143458788586,2.89902842552275,2.8514788722729913,4.348347311746132
43651,pop_4,3.1326746682815494,2.5804845203101934,2.947852751777576,4.153580615684121
43652,pop_4,3.2611932991217074,2.8468773044418607,3.1035998133830978,4.039634989724326
43653,pop_4,3.134297423521836,2.839419358345151,2.8088369422122743,4.255098647370302
43654,pop_4,3.1426320624235244,2.661600171684728,3.013163136203848,4.2308807167059115
43655,pop_4,2.868636988054935,3.2720147686330323,3.119067521818472,4.541268162951318
43656,pop_4,3.0510011344998142,2.4067319989345597,3.546831863608603,4.506527568058754
43657,pop_4,3.0238740429130413,2.655290312415022,3.206228840521359,4.095343864899905
43658,pop_4,3.1932253803758144,2.924056030783978,2.6655238997405846,3.9504072749387302
43659,pop_4,3.3395802046332306,2.878582544894216,3.5180767599414957,4.000654466610697
43660,pop_4,3.0648558169668063,2.5969946631805874,3.100163269814128,4.232555213278692
43661,pop_4,3.1134539266446106,2.5890130315895474,2.9518558569527045,4.375548916749449
43662,pop_4,3.0423892386274476,2.9146486751368004,2.4385686984542563,4.3027886257495105
43663,pop_4,2.9130241966665755,2.5978784219348516,2.9870970421401255,4.759429182258902
43664,pop_4,3.2108571715497742,2.9928642112614434,2.9473397259520593,4.639936545968508
43665,pop_4,2.801598679587909,2.4209747067955725,3.455625524895511,4.193867319498618
43666,pop_4,3.0120900416161334,2.5707679230739844,3.3694655805117244,4.637627445837057
43667,pop_4,3.1529739787050883,3.1419133416522382,2.960746775442642,4.033579840944752
43668,pop_4,3.2145721139376744,2.8185052289390837,3.0724373656904103,4.303776999812137
43669,pop_4,3.211323050319761,2.941447192466515,2.8291440272227275,3.956785147249562
43670,pop_4,2.871624224467091,2.7996486821720423,2.9785841763504872,4.552080735225228
43671,pop_4,2.989432391180086,2.6583680735088318,3.3571445015592984,4.018881204267599
43672,pop_4,2.9342761222257603,2.5985925724911474,3.076882271447395,4.1356894371211235
43673,pop_4,2.7929254817516966,2.9670370623889437,2.9091104234951652,4.049966572854407
43674,pop_4,3.1093417447858207,2.7641813540194233,3.172277498704236,4.802991918943336
43675,pop_4,3.197983667592272,2.7113620856886804,2.5579508604429435,4.163124271627151
43676,pop_4,3.2444520797169103,2.7521644362269044,3.3195122497394327,4.413187462250401
43677,pop_4,2.759691275156553,2.567861643078921,3.4145537049573633,4.38423692268264
43678,pop_4,3.0626003886989106,2.832189936262898,3.0824272579679075,4.359099477985377
43679,pop_4,3.2273575664173455,2.459092385112111,3.0953981831656017,4.134520825009076
43680,pop_4,2.9886836522564804,2.422424199226497,3.552278846379291,4.097906034074908
43681,pop_4,3.0596868501903263,2.6627611781870972,3.2897477060204365,4.634644951215856
43682,pop_4,2.94185449444577,2.4182560879902324,2.9269861447302845,4.247891273217117
43683,pop_4,3.187203573060311,2.616025507098599,3.426285174277623,3.844835483360106
43684,pop_4,3.3929781803187637,2.6233440988639294,2.861385975231318,4.089256600016631
43685,pop_4,2.9173986260523566,3.0875070327312724,3.472695022844162,4.23637603952326
43686,pop_4,2.3975107524372605,2.6316828323373667,3.25232935653186,4.155167608763686
43687,pop_4,3.0871801064213176,2.5817552999417153,3.06740576235026,4.445816904804993
43688,pop_4,2.537693285203857,2.346728013677574,3.6184695679897367,4.9438311775624015
43689,pop_4,2.7387946678563395,2.8309657881303387,2.833185372022176,4.112494316037329
43690,pop_4,2.891043030009234,3.01419713647213,2.794272088230716,4.5535787438432855
43691,pop_4,2.818179469135673,3.069999739839989,3.079298001328307,4.0698164315860454
43692,pop_4,3.112490109462546,2.5738546541904723,3.0479324852259166,4.2989985119268646
43693,pop_4,2.8892046603297015,2.565617086921981,3.32554391731247,4.52825660334043
43694,pop_4,3.3077781725235913,2.8144672194085842,3.0415356731554413,4.169119317649537
43695,pop_4,3.30868935485202,2.98089176124545,2.977486302462227,4.26323087651413
43696,pop_4,3.059809527561491,2.4832958737136552,3.106409824622503,4.650445833052376
43697,pop_4,2.9267278514906114,2.6221145470268565,3.318694274819768,4.409605099641431
43698,pop_4,2.7973988593859467,2.211701108477364,3.2453149229009783,4.420165026428028
43699,pop_4,2.6722483793421374,2.469101805178959,3.010974893816544,4.294073063743178
43700,pop_4,2.789010025568138,3.048496553798471,3.3298092073857273,3.876466340745709
43701,pop_4,2.8194730526743492,2.8720540671333925,3.4211630278533858,4.100702714819906
43702,pop_4,3.1032377825646753,2.7179650355833695,3.216395229569546,4.143980500077042
43703,pop_4,3.060760939794321,2.8630749249370173,2.9040853291297415,3.758836519528102
43704,pop_4,2.9827896967442915,2.530371603569433,3.4879005536208845,4.208302775054548
43705,pop_4,2.690626034370754,2.9158845186027986,3.2990697539982197,4.4928395679303215
43706,pop_4,2.8976375739929505,2.654929212717795,3.075441271012633,4.445552786453795
43707,pop_4,2.715503204544251,2.624295758811594,2.9758101848340237,4.4762406279199585
43708,pop_4,2.9854926735531504,2.4544710659232964,3.1205971865256057,4.201624385185553
43709,pop_4,2.871409641133428,2.7630209458245125,2.7251566768970688,3.9853863592436123
43710,pop_4,3.1299502045755476,3.2540444360186846,3.0074135376352262,4.349088706106323
43711,pop_4,2.783968916452479,2.769420995694087,2.9787162532785922,4.495110469527985
43712,pop_4,2.8600633515888756,2.7910953293689342,3.227217592892699,4.056263173558119
43713,pop_4,3.0850643142346343,3.0076916992611373,2.48971370284653,4.512084344636533
43714,pop_4,3.288118739714508,2.785659779451146,2.925129807174367,4.047563552382107
43715,pop_4,3.091467398444924,2.2948039938294356,3.162963256692036,4.517252646887362
43716,pop_4,2.9892042002817236,2.643403642094292,3.38427238972598,4.255364264429094
43717,pop_4,3.1619700871279113,2.954426374927558,2.7996550877822357,4.098976593782621
43718,pop_4,3.0169430159142605,2.3778144569220387,3.382500460766179,4.531421733987156
43719,pop_4,3.191902294644015,2.4506137214155523,3.0486748227494638,4.552108543612101
43720,pop_4,2.9576838060146127,2.822680322964595,3.2305710692945837,4.388836875769373
43721,pop_4,3.154171182392085,2.6963620886616386,3.4224475942471235,4.357685318112181
43722,pop_4,2.5331415015886543,2.7420371321529378,3.1956853951533315,4.398350180581379
43723,pop_4,3.4180724820362527,2.948055825812378,2.9423659781494,3.925446373660565
43724,pop_4,3.1931550683651975,2.3677978272911275,3.294820166129999,4.559199132942576
43725,pop_4,2.8843038676155563,2.785226456340553,3.108008391259781,4.230898092660086
43726,pop_4,3.172493145722157,2.7412686619171946,3.280925903168268,4.353130881556472
43727,pop_4,3.131163254482878,2.530210170604458,3.0598579310035654,4.672723368519248
43728,pop_4,2.9329749072536466,2.819092888475073,2.8063711996155787,4.2854713345619375
43729,pop_4,2.6794861713742346,2.876705531590588,3.1257467528666347,4.014736418466402
43730,pop_4,3.0011001618471473,2.8354794411599133,3.091478161591367,4.280502561994454
43731,pop_4,3.1750613229038818,2.195515646394411,3.452650106783271,4.5137503398039405
43732,pop_4,2.9436726502960457,2.679038897360131,2.8462282794447846,4.6854373749064395
43733,pop_4,3.0068960428182128,2.580753091159078,3.3750214538086314,4.509297150091418
43734,pop_4,3.0931104981569537,2.574003519275175,3.06467802503708,4.394651879932958
43735,pop_4,2.4877769214285967,2.4798705445257037,3.38817940657833,4.175917588257245
43736,pop_4,3.0197136401153397,2.9788876654058027,3.1666783103655214,4.3514294709218735
43737,pop_4,2.621643558541311,2.6171053106792996,2.78503379613229,4.4121614353223295
43738,pop_4,3.0427661681679337,2.5271272323516025,3.776462644069798,4.670849076423109
43739,pop_4,2.8084107161132166,2.5110940518604505,3.6070017903992113,4.620796964400509
43740,pop_4,2.8222626302400013,2.613925089970976,3.5341772781782645,4.683910469238133
43741,pop_4,3.1640539801803254,2.619122177982351,2.7063589556938585,4.228066835393515
43742,pop_4,3.2019893436849562,2.9671297746398997,3.30984133626477,3.6439112890780483
43743,pop_4,3.2143630658932434,2.8675816836965233,2.601430855356275,4.100833493617296
43744,pop_4,3.0547386110221537,2.920153758528596,3.4106948665192727,3.8895435479331795
43745,pop_4,2.7350282725103314,2.4807923111788055,3.1291039113287473,4.154567512478631
43746,pop_4,2.85571881277383,2.489265804538584,3.462149628216467,4.528667318999732
43747,pop_4,3.1082511630352796,3.0430187799613204,3.3457407864187183,4.87247569141532
43748,pop_4,3.179660668823258,2.717885390478518,3.0412213441302955,4.426847280082313
43749,pop_4,2.6813368208113744,2.5683109243557016,3.1952620608122237,3.985613461610332
43750,pop_4,3.058804120573693,2.787647014228937,3.0503354071173696,4.261863531798459
43751,pop_4,2.967525226638695,3.0002101614103083,2.625220844425158,4.206643109484401
43752,pop_4,3.3901578230946203,2.4689980573841317,3.3712921342102744,4.2774568895448
43753,pop_4,2.9042514942195456,2.730155884219873,3.2168066135033877,4.166913432655762
43754,pop_4,2.8876365168484175,2.8816265433797414,3.5328829989353467,4.446192319615354
43755,pop_4,3.055155707646474,2.1791930916087034,3.136831681646768,4.171888088426378
43756,pop_4,2.9053137089036367,2.627724972374835,3.295496167681832,4.249736403293875
43757,pop_4,2.8398094463569015,2.3709565780492263,3.367883134925117,4.4574894886104115
43758,pop_4,3.393078554813267,2.841972243276335,3.21197826997644,4.186201888659574
43759,pop_4,2.8590478047065315,2.8307932165258243,3.696799459571962,4.189501621063963
43760,pop_4,2.962209648244784,2.685298492669366,2.8634591859299605,4.536279988899611
43761,pop_4,3.0462546932348773,2.8091417272972987,2.8562432134315054,4.15113055129719
43762,pop_4,3.259693490516882,2.3541066941061595,3.355937446169068,4.241481938008269
43763,pop_4,3.0092396143297475,2.3113827109707636,3.448508626904017,4.424038817129309
43764,pop_4,3.0902692388779656,2.980430408434613,3.6118444563236407,4.3015851019187
43765,pop_4,3.303290752939221,2.879411078009741,2.9401478469009064,4.192660115910753
43766,pop_4,3.1258470319976004,3.139529561192115,2.977403556937057,3.950109197527239
43767,pop_4,2.933475380724324,3.0348856655823457,3.1230551890801017,3.8665896054335223
43768,pop_4,2.9541245918698302,2.8833940148043142,2.9370744030293916,3.941389949561088
43769,pop_4,3.1240631436940625,2.605742602538736,3.0482004525615323,4.2821784367898195
43770,pop_4,2.973089168370643,2.7491686376878612,3.2530850446454753,4.567394381289666
43771,pop_4,2.7906465004475605,3.0420379408416807,3.1180042093997926,4.237426437859786
43772,pop_4,2.8816634004338457,2.6556948472601185,3.037209674937087,4.058607934950971
43773,pop_4,3.2617825626865473,2.9868373680431426,2.713150537425232,4.068848562630067
43774,pop_4,2.767682271604451,2.8104711594433223,3.255004803594614,4.160333098820652
43775,pop_4,3.146005859498059,2.7097578209296427,2.9598342756026277,4.235249278505753
43776,pop_4,3.1504828338683715,2.510106882855946,3.5420702385855267,4.386704905309051
43777,pop_4,3.4173618073551104,2.192206444824204,3.1535422128313746,4.686441158449916
43778,pop_4,2.9097513674166784,3.0338530499759866,2.8419871220820414,4.143597461751261
43779,pop_4,3.4441583417408252,2.3667166000074573,3.480059380643826,4.850921653684116
43780,pop_4,3.2495180328965763,3.11495079389167,2.8991355139758257,4.125127998661908
43781,pop_4,2.979099787379236,3.2050834235571606,2.9479341906995162,4.400252817680048
43782,pop_4,3.1782282195689993,2.9178504125526636,3.557207908670134,4.026610607943208
43783,pop_4,3.0315552994438186,2.5940838104545425,3.564474133512157,4.312022348932326
43784,pop_4,2.8369700389044716,2.5783657934171424,3.1778602221637153,3.9617017638970378
43785,pop_4,2.657425667282305,3.2180090470397316,3.087904406931232,3.9704716130252153
43786,pop_4,2.7617195697567913,2.513725291086434,3.186680580178218,4.265763652355561
43787,pop_4,3.1528002241580326,2.7892785362814405,2.7655060343554974,4.049434681420416
43788,pop_4,2.7452086698522944,2.785071663545358,3.017084839794481,4.53121037917448
43789,pop_4,3.034551200117074,2.918216245799464,2.789407211747508,4.312027438837049
43790,pop_4,2.922153898091217,3.4127902311576044,2.717432381629377,4.110909380006099
43791,pop_4,2.7142932063683136,2.7838240248593418,2.9130448465949503,4.142844082672094
43792,pop_4,3.152372459840426,2.7261114826172785,3.374331460350087,4.602450040128344
43793,pop_4,2.875300167202855,2.564258274477719,3.11702593618734,4.080455539040402
43794,pop_4,2.93989312935297,3.2298839401966792,2.842250509582558,4.115322137354198
43795,pop_4,2.9338725254031766,2.4780811469407538,3.026914728099369,4.058162288029491
43796,pop_4,2.8311410155025643,2.768741559044078,3.1949718310687305,4.0587171839076515
43797,pop_4,2.8793586886752474,2.742162360040816,2.902619739256042,4.733923190221216
43798,pop_4,2.8082116014904663,2.819970797467824,3.4755477919799356,4.213828482960964
43799,pop_4,3.32261263393475,2.811800774718416,3.458367378205679,3.818432692663012
43800,pop_4,3.072666571485959,2.980777872162095,3.26500492517114,4.2462329608526455
43801,pop_4,3.040812219210229,2.822414370155945,2.914338823532211,4.503877286066801
43802,pop_4,3.0409670643816873,2.8310410087843563,3.0261902761936113,4.234860252936703
43803,pop_4,2.8890390257211283,2.4819210185304303,2.971102994577579,4.097977709133205
43804,pop_4,3.211878302687434,2.541428886416017,3.1876206798875018,4.411338255322248
43805,pop_4,2.7755489693148205,2.702186434845281,3.3353063106183005,4.7504709548696535
43806,pop_4,2.9001479742648417,2.8813673498426864,3.391782666084426,4.589143095004328
43807,pop_4,3.2327211085757424,2.394797086452349,3.335757084432606,4.530546785407395
43808,pop_4,3.005236624783647,2.4877479047150555,3.2471799109638986,4.7620304646496905
43809,pop_4,3.094712924250419,2.728341561625716,2.9229110185702147,4.322659297568744
43810,pop_4,2.9674441269310803,2.7790442929703256,2.970647384395838,4.1838517629951575
43811,pop_4,2.8157673963209007,2.663484548162193,3.0943003518546646,4.2182277142339375
43812,pop_4,2.6034781412737535,2.6531451840496643,3.7381619457706843,4.346049575987909
43813,pop_4,2.8898447271200163,2.778749557940032,3.133384498637989,4.089239860102324
43814,pop_4,3.1106160721803744,2.662240063289231,3.3199939688869415,4.048167454830898
43815,pop_4,2.797330208385492,2.5214492953364442,3.058092724789908,4.360506342601469
43816,pop_4,2.907174025822301,2.5889400304045047,3.192137406083209,4.508975512017003
43817,pop_4,3.1428762477790086,2.704066546497467,3.1713417937534625,4.438584656355396
43818,pop_4,3.3367346607953317,2.9891348000624407,2.7537507322086636,4.335292651620486
43819,pop_4,2.9474235940751927,3.055584877262038,3.501825506401942,4.470788527627956
43820,pop_4,2.9331246477101196,2.405003709510808,3.173747048819279,4.1851110227766215
43821,pop_4,2.9601983207838325,2.875534773350543,2.9145972048519173,4.3881401299598375
43822,pop_4,3.0857418990117433,2.674522620149511,3.373155554566658,4.410321205763394
43823,pop_4,3.140796948230385,2.5231380233012963,3.342653066857909,4.111996479722759
43824,pop_4,2.9587446566256745,2.8506800535511996,3.316087798636559,4.500212189700263
43825,pop_4,2.855171142564962,2.613226491611386,3.5285695667913575,4.411864222983461
43826,pop_4,3.054818014613703,2.963281697305625,3.11100069527985,3.844305138781021
43827,pop_4,2.8309686170168664,2.438978614916921,3.4664826957761417,4.9821901647626525
43828,pop_4,3.3546981472076087,2.9694983408187934,3.2138086271604642,4.577657270405117
43829,pop_4,3.3161553190015187,2.923971836454502,3.1648624670792995,4.530122088573514
43830,pop_4,2.907579838157067,2.953857607275395,2.8260679381619713,4.07504187603625
43831,pop_4,2.8836625625940053,2.716178101586295,3.063122422873826,4.318626884825865
43832,pop_4,3.064144842669346,2.8736901945950466,3.409456807449324,4.107531758871124
43833,pop_4,3.3955584811047874,2.7971463362510405,3.0551885919852055,4.1844210231410175
43834,pop_4,3.376589018062336,2.6439624488626126,3.6886657375932144,4.481553163204121
43835,pop_4,3.239266862620852,2.8535999810264507,3.095874546921752,4.331125148869202
43836,pop_4,2.9312875863920635,2.353238956434671,3.3481022060487797,4.639571135062684
43837,pop_4,2.7557032847901186,2.531089673554414,3.3026711347563222,4.299258978039818
43838,pop_4,2.680072843894886,2.6198761277359823,3.1551981972901983,4.4492693866182575
43839,pop_4,3.0349630273010817,2.7754473469458074,2.840432489730962,4.217207921554095
43840,pop_4,2.8999755240193736,2.479686857124127,3.181874200443537,4.343409585102971
43841,pop_4,3.0939990693902533,3.3473021059824477,3.4553806424022597,4.0135983944853155
43842,pop_4,3.2062046052379567,3.1681010505849776,2.7830755598395736,4.2035193049482675
43843,pop_4,3.070550959163417,2.8368317633169164,2.8638890088185964,3.951420221864594
43844,pop_4,2.9851705176281174,2.7036191181546525,3.1885794015147355,3.9536480758153933
43845,pop_4,2.705316942569276,2.7883775344068287,3.001318251724653,4.516017359670278
43846,pop_4,2.7368698558716154,2.606123438589777,3.619506915516295,4.576819822829083
43847,pop_4,2.940134162056973,2.5197205487257035,3.062807980020082,4.590869001048747
43848,pop_4,3.0891217080160223,2.7209815219054714,3.6846181402500577,4.2738140660366115
43849,pop_4,3.2805207464604895,2.394190759716575,3.4162006454063096,4.296382850143658
43850,pop_4,2.9732066210091257,2.615703665341455,3.025197130492649,4.174178510338752
43851,pop_4,2.745362095730037,2.7793175215419406,2.7105139450987776,4.115378886985324
43852,pop_4,3.11539495403018,3.139889466189225,2.7025770499400585,4.109460189205645
43853,pop_4,2.633916834498386,2.295848864624329,3.0006297287071475,4.252146975255123
43854,pop_4,2.7546312854368855,2.4953657703160816,3.169291367323936,3.99998898562364
43855,pop_4,2.484852007675576,2.915100221814234,3.2867307437170354,4.4013928821628925
43856,pop_4,3.420749360738708,2.3408328069331783,3.4675490599006675,4.465475075426375
43857,pop_4,2.8997237497057258,2.3559770278648333,3.1764402293744136,4.160209735330809
43858,pop_4,3.021427962816714,3.02247404025177,3.284627862384813,4.7160579318796145
43859,pop_4,3.103317843532389,2.5397942977647467,2.819785955896674,4.458964103097918
43860,pop_4,2.803594346155495,2.8436491384521796,3.2633027221371695,4.306585470295787
43861,pop_4,3.0048271390017995,2.572760976568125,3.3787383218339393,4.305118805455524
43862,pop_4,2.8670847048517,2.7150733208170883,3.5270043879746655,4.218482759136738
43863,pop_4,2.9159037022191163,2.639332545990568,3.5256029797907527,4.307277283787869
43864,pop_4,2.7098668206630503,3.0782316233666616,3.043146447490545,4.354888689423405
43865,pop_4,2.8194367096093034,2.0850359628083237,3.632115653769166,4.272984826254899
43866,pop_4,3.15785984910919,3.0900955548325357,2.6538524236864536,4.277179402541152
43867,pop_4,2.9385080252913975,2.5219357749590094,3.2251932557848675,4.541523729514
43868,pop_4,3.0296707487890364,2.7409614546067544,3.6004310525867917,4.495741756942891
43869,pop_4,2.7710032824163426,2.87983207309415,2.744597520508691,4.110737638065515
43870,pop_4,2.7199576784585897,2.5675421509803877,2.977765749013713,4.3168853843058885
43871,pop_4,3.440197875027272,2.549632556931182,3.377079447187501,4.142439124525687
43872,pop_4,3.1474174910876562,3.065485105787052,2.8825891134565764,3.9457469412819997
43873,pop_4,3.070227901421105,2.6547550953141084,2.987342469194437,4.3539919217491265
43874,pop_4,3.1075473209595392,2.758437808711191,2.8460388185840255,4.032083963205347
43875,pop_4,2.919997299019865,2.379469235787318,3.00791657226037,4.408656621396469
43876,pop_4,3.003208817891816,2.7291666348023447,3.552049058954695,3.9971418539345116
43877,pop_4,2.955748997497254,2.4716787197271546,3.0657122108343215,4.32749877644238
43878,pop_4,3.274491595044002,2.205303509388021,3.5674564882156927,4.080401256101143
43879,pop_4,3.190735294760191,3.0052672653527885,3.1634143559936625,4.270907393140061
43880,pop_4,3.2537709430984703,2.8465891809023782,3.1444453784864916,4.256912443271667
43881,pop_4,2.8534631683354417,2.9725802734203635,3.2296776240281693,4.660490560615577
43882,pop_4,2.857146704205117,2.808377324483488,2.8830525709079824,4.498404833213271
43883,pop_4,2.6860306691362963,2.922548516838768,3.3782071907017284,4.649342050539721
43884,pop_4,2.85706203308278,2.652201987432804,3.515087455114205,4.32308397098645
43885,pop_4,3.0072694873260226,2.752044803221501,3.314086917974522,4.551808808957287
43886,pop_4,2.9191328408210033,2.8067861116243193,3.301663278214516,3.8332577746788856
43887,pop_4,2.865368142845246,2.3215537877956116,3.018117795825996,4.186516478556801
43888,pop_4,2.860877827858698,2.28411154841482,3.414016570299562,4.32105442136617
43889,pop_4,3.232787879311346,2.3289785971153965,3.2651541677487073,4.2227775434428
43890,pop_4,2.8417602588513,2.712154452185604,3.2730204302904955,4.466267514954116
43891,pop_4,3.1641031383682634,2.6506556062357407,2.93356476404224,4.048624581602956
43892,pop_4,2.9576550689656136,2.355368494883208,3.2203452516282876,4.2898805191472995
43893,pop_4,3.5106571453888193,2.512914266980227,2.8984601532132777,4.276023418915987
43894,pop_4,2.9931145209528105,2.712292807268298,2.8877234226385666,4.472986212020443
43895,pop_4,3.1299444839958728,2.523967705196931,3.078374444872361,4.209270684529109
43896,pop_4,3.1561954962790657,2.8065307862358098,2.8885531327993172,4.416139175806886
43897,pop_4,3.1294561805555188,2.83897973493384,3.4068908103725226,4.201335589393178
43898,pop_4,3.019833924370087,2.9721367951959086,3.4784591584792075,4.082855445651656
43899,pop_4,2.7744714254253617,2.7595577771342943,2.7475771877182247,4.21074333435101
43900,pop_4,2.940706243382457,2.4142295581037403,2.974591133547805,4.563398977540096
43901,pop_4,3.4445228790878333,2.8105434314631683,3.384484799601942,4.380448802804857
43902,pop_4,3.152907051355383,3.146193336190694,2.812020694974065,4.0506691056043636
43903,pop_4,2.7010076074648124,2.653122554050518,3.2407758369717365,4.435289354610676
43904,pop_4,2.7590460446323832,2.97343867892691,3.295953857664669,4.092739755838142
43905,pop_4,2.623650270239459,2.72008713830548,3.077969213393481,4.369541378588361
43906,pop_4,2.9665067157071467,2.567315569335987,3.2734845957669534,4.504710132479007
43907,pop_4,2.921233407030299,2.622164263067785,3.214001447949618,4.107128477995521
43908,pop_4,2.9523015095450407,2.498603492612229,3.5186304471340737,4.880806522806193
43909,pop_4,2.929178955473864,2.4127850164913602,3.1728471728181926,4.524682614173966
43910,pop_4,2.773597498729731,2.6418727511633264,2.985882507411385,3.899920044981872
43911,pop_4,3.0875676229651776,2.6018135494336256,3.248109678482912,4.127135928647317
43912,pop_4,3.1866286911090715,2.9118178843286047,2.7139649494465807,4.409131188291884
43913,pop_4,3.1695011304700933,2.6497225640714026,3.034181190497953,4.164762738237702
43914,pop_4,3.1243102171744317,2.9081083315104217,3.0487552253019827,4.56883951349445
43915,pop_4,2.851654286918845,2.6710708023114993,3.3466850148537515,4.452312707050414
43916,pop_4,3.066138289083319,2.224106107707518,2.9940363388378106,4.5553789930646795
43917,pop_4,2.7306037062472415,2.8307386553364497,2.913916423413441,4.434574760817245
43918,pop_4,3.235719179833123,2.622903880992822,3.467817427838321,4.338781396474121
43919,pop_4,2.813239684680784,2.6313872260432207,2.9869448266503262,4.4032065664494695
43920,pop_4,3.264327192885236,2.4905350003952886,3.408171668106603,4.595047519842766
43921,pop_4,2.986579724470224,3.156085896723721,2.77025603891258,4.244292919201005
43922,pop_4,2.7277093438309956,2.7001330331677016,3.23613285943164,4.421000757921121
43923,pop_4,3.061759379013244,2.7746399704558016,2.9005262587747382,4.347787358151782
43924,pop_4,3.288878415429037,2.8363304481203553,3.153984797812204,4.300417676545996
43925,pop_4,3.210997281961367,2.6299854035713426,3.2000771068156864,4.317755695226345
43926,pop_4,3.104609853680217,2.5716095091672417,3.079873267019585,4.328021551974234
43927,pop_4,3.027618420581626,2.579206998159502,3.407548314844865,4.128038089200261
43928,pop_4,2.7977098909857196,2.733121118598469,3.1981734721810615,4.54753121147714
43929,pop_4,3.2522545091706685,2.9582083415026474,2.8018370926081193,4.190839239736235
43930,pop_4,3.1635426533056785,2.6471088276852406,2.940349899312218,4.473252655927703
43931,pop_4,2.9753521738246578,2.1330810985325037,3.54225185162387,4.546860790157172
43932,pop_4,2.7110999688938153,2.6226240823574245,3.4294085625591864,4.3828629133568855
43933,pop_4,2.9093479537179108,2.715421230473325,3.291940010150033,4.41525939180222
43934,pop_4,2.855601987323292,2.795416031773432,3.346404469030218,4.371736275838063
43935,pop_4,2.9661728119029016,1.9167569326107068,3.1543358533198074,4.827768135559179
43936,pop_4,2.895204965019507,2.4006649219317073,3.5738004427553864,4.405808366353446
43937,pop_4,2.9529265457211813,2.900375956704089,2.7606711580319443,4.07397454047331
43938,pop_4,2.874251982901378,2.5403781891642345,3.253778807167923,4.446407250705336
43939,pop_4,2.8629264695592713,2.4020250879401717,3.5192058860151625,4.444556529514402
43940,pop_4,3.0722056487928153,2.808159448543608,3.068012850751221,4.479529376732512
43941,pop_4,3.0788122997950578,2.5552725251063437,3.6498222226306503,4.363266439066812
43942,pop_4,3.229764868527162,2.523275543925267,3.0956219162694207,4.439628209040762
43943,pop_4,2.7763801944094824,3.187162245194252,2.9387240230757095,4.042274081798363
43944,pop_4,3.0403574736015653,2.5663173880675596,3.2773554455512715,4.593377733660024
43945,pop_4,2.6245350115514556,2.7975574553765634,3.1304445112421537,4.296938972547887
43946,pop_4,3.1924289234857453,2.8132277543350037,3.383779217078914,3.913443168743472
43947,pop_4,3.2718535445209906,2.208498283018338,2.990304056128598,4.188688091245546
43948,pop_4,2.814826598844152,2.48019254815483,4.244489749794562,4.607920759327236
43949,pop_4,2.745583405981622,2.7651898185734445,3.2755173352683045,4.4876564171224995
43950,pop_4,2.8402745984064945,2.781944466542985,3.4085612180314366,4.345225530225023
43951,pop_4,3.0645324066659536,2.96217422531887,2.916027518761638,4.117122574185937
43952,pop_4,2.8058275103227737,2.9790387175110014,2.7966856537696265,4.171955468560241
43953,pop_4,2.878721866841956,2.379619301953782,3.1699832824119327,4.293509920977271
43954,pop_4,2.9474172081264784,2.7033201367510187,3.3604625690480328,4.189750554346544
43955,pop_4,3.323714679638902,2.781963368750464,3.135234647536716,4.357412032006889
43956,pop_4,2.8321337890963227,2.913326773384667,3.294059123547197,4.711883810497529
43957,pop_4,3.0519035476048515,2.9673908612453337,2.9492442093150437,3.6734448021128667
43958,pop_4,2.8924584183186193,2.7646807833382647,2.8734596640202272,4.875706760498766
43959,pop_4,2.75379234985944,2.3677467080995442,3.319987999782597,4.256967321930799
43960,pop_4,2.7785826727778224,2.717289162775312,3.2525353829466397,4.273845606872938
43961,pop_4,3.0756056379297716,2.781724612404546,3.1757811297310012,4.471346480971215
43962,pop_4,3.5260236026222005,2.4991718276842474,2.919659607791293,4.682244538588254
43963,pop_4,3.0065772018169454,2.9486877390442134,3.127104141373325,3.960358011180166
43964,pop_4,2.8949967488809945,3.1252139234630643,3.464117500000218,4.096715226852222
43965,pop_4,2.829885853136198,2.8101357761965806,2.997649717076838,4.044670657960788
43966,pop_4,2.9489719436062574,2.794269273848602,3.3167032674446593,4.159637424797885
43967,pop_4,3.2282130140759273,2.5957209261628993,3.246174171104559,3.749109770032942
43968,pop_4,3.2224989769986325,2.971189574876407,2.8098521453837915,4.002271038295667
43969,pop_4,3.031535856604491,2.7984272888443575,3.3848200610019834,4.394889230976094
43970,pop_4,2.534694262839781,2.6945971768925654,3.126152768386985,4.555001917887315
43971,pop_4,3.1830768289753815,2.481740084835751,3.2172322366386616,4.516461638101412
43972,pop_4,3.49009657886186,2.3406994763390516,3.0915778989296885,4.44919145253338
43973,pop_4,3.0864708729784636,2.7417666699710876,3.251435773320344,4.28346651463089
43974,pop_4,2.7728587620277785,2.6572389279467945,3.533129208884039,4.247050827529709
43975,pop_4,2.868802799309147,2.4761397127323006,3.2896517673403682,4.316638324937983
43976,pop_4,3.3159170343301616,2.442837721895518,3.127736784872596,4.245401769661704
43977,pop_4,2.874347468952412,2.9074295758791515,3.1629885364176,4.553731561909505
43978,pop_4,3.053123909955609,2.6073013612407308,3.3780528122078772,3.9210323476306455
43979,pop_4,2.910912254583171,2.755861876392498,2.9847183346566655,4.265239741384067
43980,pop_4,3.163469228403655,2.810854869813967,2.8532986488613092,4.070814459488217
43981,pop_4,3.2824953668409234,2.6036067230338262,3.4882015687774857,4.5571404680153575
43982,pop_4,3.3458728096316226,2.905824367745812,2.8291390401333705,4.089196896285894
43983,pop_4,2.799342108285586,2.7193840899734507,2.994222420063178,4.430155262553626
43984,pop_4,3.017568859577654,2.5204547033054756,3.3756304360320613,4.408393189323556
43985,pop_4,2.5941697236985215,2.783069709797199,3.497909417642466,4.142120492614142
43986,pop_4,3.1058820881656795,2.9104905180635727,3.358351785524312,4.181964113082329
43987,pop_4,3.1079926078868447,2.7983876390495066,3.1855459512288373,4.351763259968436
43988,pop_4,2.949331421185154,2.5548880375242473,3.2087288638264946,4.301007342400584
43989,pop_4,3.1085666207931015,2.98543701745336,2.8480328428573674,3.9527741013772557
43990,pop_4,2.9276417501172007,2.437343339427365,3.227395011643345,4.389171629259375
43991,pop_4,3.0054931767579003,2.769847484513935,2.3924887052634762,4.222405430235209
43992,pop_4,2.875675576672063,2.624032293346056,3.435875497759214,4.7673227246476335
43993,pop_4,2.9507843769604936,2.2904869468926607,3.418214601173746,4.646361125243642
43994,pop_4,3.340547662211457,2.5355538465670837,3.2203615975597506,4.38083111682033
43995,pop_4,3.098417394744255,2.5330746433274807,2.8567799900180804,4.406137224735116
43996,pop_4,2.6616757305304084,2.248591271863562,3.4518585240357433,4.11564864650564
43997,pop_4,2.7619603236499817,2.5249282987616684,3.001578891166904,4.3854089516227415
43998,pop_4,2.702618099562076,2.423150152486362,3.3126824128303687,3.7932567177728838
43999,pop_4,3.171102068745444,2.608160246893941,3.07465790599916,4.444089811082603
