cell_id,population,gene_0,gene_1,gene_2,gene_3
0,pop_0,3.1418121221799686,3.0062522882491414,3.9696453157177087,2.992217662486504
1,pop_0,3.144568821999056,3.377128714043079,3.343725167029759,2.798903546568694
2,pop_0,3.743396279442591,3.360214368995161,3.2086256812125806,2.13730950219001
3,pop_0,4.3308948294384635,2.3548304379113194,3.1376546096512286,3.193108009521337
4,pop_0,3.795396201503486,2.845452416198671,2.6015577491837214,3.317462428276227
5,pop_0,4.69035097304846,2.1436039748143263,3.8448877701082536,2.340536916327181
6,pop_0,3.7291153536245516,3.2767644883418705,2.907385563656657,2.4054013472405305
7,pop_0,3.785906445330811,3.3033013844804566,3.676130784499518,2.6870139354534475
8,pop_0,3.3242841336688924,3.468921769585948,2.762534975363311,2.3052065930756243
9,pop_0,3.9288092170592437,2.680600230923366,3.53548250505219,3.0896454839795675
10,pop_0,3.0511442964043063,2.470387056056457,3.6692067489736933,2.019828858319662
11,pop_0,2.9861374218870123,2.7410370825178987,3.282963806335992,2.34835282381404
12,pop_0,4.1340828086921295,3.050541341643678,2.129700742490977,2.8037613217999002
13,pop_0,3.1104901649064973,3.4339821887589435,2.800228483070745,3.248990776803943
14,pop_0,4.409875950372869,3.176545939324583,2.7635350085627195,3.4076690738435444
15,pop_0,3.136179830190377,1.832302337137326,4.03130883835966,3.077361124847668
16,pop_0,4.186729545444701,2.7926185601367557,3.2787793542201418,2.4112452396652038
17,pop_0,2.743694521765636,2.830104974675269,2.582122555030008,3.355699236575727
18,pop_0,3.6891393081002977,2.06294154888704,3.268664253400575,1.6944701232281065
19,pop_0,3.479948104102399,2.924470241617746,3.0340147600364165,1.7769467485084705
20,pop_0,3.307159047198922,2.417171184549125,3.6645588428628377,2.9121826828028734
21,pop_0,3.324878490583596,1.812488094093613,2.897861695441706,3.198926271157814
22,pop_0,2.3806198803363143,2.1076859068474656,3.0118671285170984,2.0383958573357157
23,pop_0,3.9905892553844207,2.8073712741013868,4.060737611624808,3.2188119253307264
24,pop_0,4.294327195099468,3.1948602524132586,3.3966978824110003,3.1345870617231393
25,pop_0,4.21430431621889,2.6771929948648765,3.1696188444364735,2.5578224336790383
26,pop_0,2.950534810829296,2.6528418791225143,2.908432959589274,3.4376858543685205
27,pop_0,4.4742283458408565,2.385810760528567,3.1600558836314563,2.2571917985556267
28,pop_0,3.2809983410249677,2.812994709015057,2.9666049902572365,3.437991590968946
29,pop_0,3.418426792760363,1.9800197792281629,4.1896882242363125,3.212860812484417
30,pop_0,4.326438482664659,3.2768482463194206,3.2788650098838574,2.6789995189775477
31,pop_0,4.049966187872867,2.369462279862463,3.8838994366115016,2.97293691423631
32,pop_0,2.8379320165421005,2.822149968120833,3.251830598622266,2.746876080666293
33,pop_0,4.075132536997438,2.807516986662314,3.747924994088104,2.203082127089618
34,pop_0,3.309827400754217,2.316209415094165,3.3360602265341583,2.038384005475377
35,pop_0,2.546866439304134,1.7000325493645128,3.5277509713177433,2.024542963174283
36,pop_0,3.5935377508063437,3.1989190910336296,3.0536631769080618,3.334365580277457
37,pop_0,3.5183127530553877,1.9214729233735643,3.7650026038033397,1.88006077965552
38,pop_0,3.593265529162655,2.9422824024342926,2.119172327565243,3.0354319752114987
39,pop_0,3.030426951616617,2.4505631340689122,3.265183526570133,3.3842478962894402
40,pop_0,3.362932160824545,3.1365330498577535,3.0790385769370094,3.14483532047645
41,pop_0,3.3604779837227907,2.948968106729513,3.502021518432708,2.7364511910358655
42,pop_0,3.9461197778611004,2.9709490497832025,2.5603902483239636,1.9026673098640041
43,pop_0,3.6332864589294642,2.772677576737399,2.946779326935321,2.658651095868908
44,pop_0,3.4160798219364246,1.9925248898272239,3.2242404791271517,2.346106583717902
45,pop_0,3.6191245847752214,2.7550070916010863,2.6355216815702636,2.7176245810144244
46,pop_0,3.7510500890161693,3.2469699599649346,3.667050358910959,2.7257512643871835
47,pop_0,3.8557836257640146,2.050423002319158,3.2267144578417386,3.663505550361582
48,pop_0,3.2275285707979324,2.6462965314841216,4.032102143822455,3.8703600592312055
49,pop_0,3.606098170359055,1.5475091341511706,2.249845331232876,2.6305571120896407
50,pop_0,3.3684196854334845,2.7197116932252943,3.9170276964275326,2.5230055529838316
51,pop_0,3.4566921484540027,3.3358570189178565,3.8083710260780026,2.9359381977009074
52,pop_0,2.8547296157979334,3.9644245635326225,2.751939353130959,3.5828576232451064
53,pop_0,3.7104809027475407,3.030307462527433,3.416102980961225,1.0800047566204336
54,pop_0,4.182294787923694,2.166729784752521,3.944237645767933,2.5977525328021884
55,pop_0,3.5508456303741633,2.399829110631709,2.6489134250530992,2.323193935857621
56,pop_0,3.050922896419085,2.46191891925167,2.560640904969159,2.7280393063388626
57,pop_0,3.9559418329920493,2.6174494334535843,3.218306013213623,2.717948067242961
58,pop_0,3.5683202620619183,3.3697493190592738,3.142442704477031,1.5884970153641997
59,pop_0,3.9729903367258603,2.7854362431303294,2.3366060644856788,2.5009997213584776
60,pop_0,4.1242076460506825,2.7673277133392187,3.2253660005836298,3.0630477554418354
61,pop_0,4.194625820858601,2.5690143522785824,2.913003036461521,2.1060977578794224
62,pop_0,3.445355103396618,2.723368682856069,2.598848062293393,2.2741569175192557
63,pop_0,3.353411950319522,2.747060362122419,2.7870740789204635,3.876579425745774
64,pop_0,3.173035972755225,1.4357427375368084,3.662664080382168,2.7344748945874593
65,pop_0,3.8130569302231603,2.651601604313297,3.5338919108494573,3.1723614746141084
66,pop_0,3.750091806850791,3.112443812786896,2.565309305584488,3.242004201759404
67,pop_0,3.3676128282500706,2.371627420010168,2.9452473153671725,3.750726619452424
68,pop_0,3.158999186193465,2.3593083741067913,2.9516475894202463,1.9530047320331883
69,pop_0,2.9441746464125407,3.1356409988376583,3.27823179640494,2.5801786223224967
70,pop_0,3.168841883969959,2.3564100147293536,2.7366718930817284,3.505076612368411
71,pop_0,3.7902391926183006,3.420734470275522,2.8813359226938697,2.748971585407274
72,pop_0,3.4455530152597467,2.9515483755943963,2.753660343870907,2.45263531167163
73,pop_0,2.855139586169097,1.9595899839439368,3.0549060037786795,2.8329941001144126
74,pop_0,3.7299914729278045,2.2998362904130483,2.95471148307013,1.9716367121148441
75,pop_0,3.2432740098204067,2.981165853281067,2.7417913495332638,2.8627640290255205
76,pop_0,3.2339216158075876,2.6821808942361116,2.895960745740713,2.088741025529074
77,pop_0,3.5605128951946674,2.6656799446057433,2.5849800248783317,2.72347020921456
78,pop_0,4.078084852051514,2.4681531829312178,2.1305004816212874,2.8670518238907556
79,pop_0,3.9574461665918186,2.984416211776454,2.6826791081177106,2.8962870277920936
80,pop_0,3.4085108827674246,2.386791400409082,2.9148006713671974,1.651866813697056
81,pop_0,3.3722193803753537,2.9493425665392583,2.830350174997507,2.3495283435382923
82,pop_0,4.185265156221627,2.780299140109287,3.1984776421576306,2.113336561686998
83,pop_0,3.778029004172303,3.157098021126065,2.908620335402218,3.2794901489468335
84,pop_0,3.0337043402664845,2.2543412628060056,3.1396635642931647,2.7263929652901138
85,pop_0,4.126337718190881,3.1064131139764823,2.6659969970015696,3.5278677034207395
86,pop_0,2.9569867780735337,2.6088042443343125,3.915045726889849,2.701044256882294
87,pop_0,3.361374003899774,2.539738046580132,3.6579340357146126,3.4765868802444397
88,pop_0,2.8862482879212488,3.2731569887466416,2.9366580967224443,2.2095356657375054
89,pop_0,2.2302463503478265,3.1620629112227254,3.3835097920138915,3.281999342023096
90,pop_0,3.839502971330838,3.1852150884557635,2.9290283782478155,2.1688062903017764
91,pop_0,3.4337785503262643,3.3046260506728173,3.7152836962718587,3.249173833631758
92,pop_0,3.576188103359364,2.4562241322996154,3.595835575079925,2.183707643841183
93,pop_0,3.001235157809451,2.993442870040669,3.3542771173211277,2.5996538328691514
94,pop_0,3.134938480090193,3.142016967826902,3.1645977061183985,3.456456812772265
95,pop_0,3.8526564538057375,2.7632229413337024,3.6814084339862783,1.9716751896665898
96,pop_0,3.386939552315786,2.727475642006258,3.702962845895864,3.154618020188171
97,pop_0,2.4097304564229987,2.3818469000768157,2.917765750807993,3.216746196916914
98,pop_0,3.801440503946167,3.6052536601997076,2.970400775828533,1.9376142938008192
99,pop_0,3.9369073935171937,2.9364848619535144,3.6978579211872633,2.5648484338446496
100,pop_0,3.416950105658913,3.039807285821123,3.122007368205832,2.945869700176148
101,pop_0,3.58747550427274,3.070143488983249,1.7058983415253943,3.0213271714528904
102,pop_0,3.5944702495146044,3.9359442876644355,3.91636982145995,2.6637535798016967
103,pop_0,3.9579376220724183,2.339783580776095,3.1495947970628335,1.8536579188352649
104,pop_0,2.4373527545322,1.3602076847858582,3.296513941636982,2.291122012021579
105,pop_0,3.238936725080547,3.1063815222748294,4.051434644436389,2.0521801533652915
106,pop_0,4.040992705218651,2.3559262961176963,3.0655369635447207,2.601794264314532
107,pop_0,4.2919381036587465,3.562886317852707,3.202687919793048,2.365844958027247
108,pop_0,3.663015724852866,2.086087443642781,3.6549528486250504,3.215391581558529
109,pop_0,3.051955587734188,3.116877634949485,3.356730945746991,2.6725818886630517
110,pop_0,3.9977729739302768,2.856928263796944,3.545091472707627,1.772172909553878
111,pop_0,3.530328564939918,1.6796597520174696,3.1853970473626236,2.240340720108041
112,pop_0,3.5565372706950336,2.3929996856863527,3.256704177071441,2.9774745431165517
113,pop_0,3.846007405985146,2.110042763972859,3.0679652098303216,2.4527797764027692
114,pop_0,3.5823078103450006,3.3737457980836174,3.266245824294584,1.7698590628614292
115,pop_0,3.4608600795561326,2.4249311762591073,3.4971958967216086,2.324113772638902
116,pop_0,4.071100901170149,2.9857357995467977,3.9034847511877637,1.6479218815453496
117,pop_0,2.3866248907575924,2.6637563783089413,2.9050637445879133,2.12105162104359
118,pop_0,2.875490828869486,3.253565891386139,3.4168759825839374,2.2792214940225546
119,pop_0,3.347262394101388,2.3602659084362836,3.6168893210262345,1.7676767741884762
120,pop_0,4.356040112043057,2.1765092987099544,3.719846494046474,2.573232421698141
121,pop_0,3.308076988462882,1.7377020696714887,4.1856311338307295,2.5824618363195917
122,pop_0,4.3998766550705835,2.5716157344558814,3.4560827275932917,2.6685529087045814
123,pop_0,3.8809352720900905,2.17399071032558,2.3177030595175445,2.691956362839554
124,pop_0,3.4806402307335755,2.8268201991720048,3.0879525654881568,2.6669566305776984
125,pop_0,3.4057884212841785,3.3462708872992017,3.8718792036832768,2.7430223777294094
126,pop_0,3.592947522008603,2.4449645717453974,3.6640701107939653,1.9026269485579688
127,pop_0,4.108317135153082,2.2180006824376153,2.5410392666269486,1.5243504533666854
128,pop_0,3.3856551891460698,3.2331177343458775,2.2560450258889437,2.425667062355636
129,pop_0,2.9823931216624904,3.2938723576066513,2.557381326987974,2.4928601054208506
130,pop_0,3.729442189482036,2.3182488743922463,3.1322535685886224,2.202013890188948
131,pop_0,3.6790183503081986,2.301360923767162,3.682805354493857,2.688620202484162
132,pop_0,2.920868611082635,2.817984683849755,3.306079275520649,2.0633958398545067
133,pop_0,4.409332276188199,2.9852679132776214,3.2915939936662215,2.8081146941358592
134,pop_0,3.804636942567965,1.9212811537180223,3.0614974283224345,2.229892883724821
135,pop_0,3.827132280387145,2.864121837217946,3.444156832315697,2.645596896355571
136,pop_0,4.380946765263193,2.6790313202735785,2.872091418877991,2.8102652075816943
137,pop_0,2.790236042347873,3.2685025515907142,3.186260730194887,2.414462260485333
138,pop_0,3.7326042322035247,2.9476586766288393,3.310168826922296,2.100632286667179
139,pop_0,2.956990397565435,2.895388343540845,2.8252575707498835,3.1752595962657018
140,pop_0,4.079993691233014,2.494757590372567,2.7240382064216515,1.322713066971071
141,pop_0,2.5074446895091085,2.3174929465799616,3.365594184519615,2.1887103386128772
142,pop_0,3.557121589529752,2.780767987744984,3.8082728315349357,3.2393663814351887
143,pop_0,3.3374444600703086,2.2670598174713654,3.503580426515039,2.7596677344031124
144,pop_0,3.869586353146184,2.7504653211108745,3.893990579942386,2.420347875753791
145,pop_0,2.8778592332529778,2.7451141663051954,3.134220926098119,2.3841280360186126
146,pop_0,3.5444391556091412,2.570452690673364,2.3647231438097323,2.7285143402279073
147,pop_0,3.114027816113478,3.198509475847098,2.498344360660166,3.405281961737201
148,pop_0,3.537379751546425,2.6528699413097176,3.3611122239812015,2.253419089070019
149,pop_0,4.2433379119102215,3.0050960125599753,3.22377825945047,2.425085150469168
150,pop_0,2.171021080503578,2.474918501641122,3.5039076978245998,2.075915353069111
151,pop_0,2.6966837687561895,2.407022627573647,3.1597734525301524,2.918870780820035
152,pop_0,2.871122478362252,2.7345261305329696,3.874306779239809,3.0240769010206385
153,pop_0,3.5404729292594195,1.6814519373528483,2.6939330608532193,2.6757683918897834
154,pop_0,3.4413905265053546,3.3553738635633668,2.7062714398704024,2.823833647725467
155,pop_0,2.707411122783217,2.4811085906169428,3.8188312374816396,2.579309872355159
156,pop_0,4.329478817796166,2.7534085264886876,2.134220757372801,2.9189412518235276
157,pop_0,3.2064223597753405,2.3379001597130076,2.633477324526454,1.5485347824514466
158,pop_0,3.6076814167721163,2.5397116600479346,3.938898241617263,2.7119197139973643
159,pop_0,3.338451274817478,3.126395227665038,3.0962003661601263,3.2819204275216665
160,pop_0,3.5369349294105366,2.3809456764106325,3.891871869623918,3.034131044789779
161,pop_0,2.47608502196372,2.2109740419755997,2.3141641625752785,3.35280058746418
162,pop_0,3.4680671600460333,2.320387901784566,3.4661306134649243,2.5333489175553363
163,pop_0,3.2485822536900737,3.1950609688235203,2.928808890662498,2.9197042206824024
164,pop_0,3.341569966220428,3.506885282992286,2.3401080186134315,2.7314871214687213
165,pop_0,3.6829551064818515,2.966374782741889,3.5438106348075746,1.4231023539530074
166,pop_0,2.7178494522401992,2.8453817848199106,2.839649466073543,2.1765260211426725
167,pop_0,2.6381003956029394,2.99934035470736,2.5569966963857502,3.2902335480940694
168,pop_0,3.1386645109184146,2.3511969774433794,3.932286710682819,1.8364394269145632
169,pop_0,3.3876637645726837,2.295367586293796,2.810940251446814,3.028123052864684
170,pop_0,3.615255430022166,3.057213791884342,4.232770202230035,3.023935257759901
171,pop_0,2.9861742730667244,2.591727201729403,4.102076805342535,2.4464874006161876
172,pop_0,3.32529678605999,2.531075585708606,1.849842832543054,2.9577680101830253
173,pop_0,3.4340909840857887,3.159505641414386,3.4997994086169237,3.1508670479190792
174,pop_0,3.2946332566869314,2.0503103768755437,2.632978405063105,2.270266752348586
175,pop_0,2.931610077960144,2.831867085314498,3.739449977691467,2.3043141867107617
176,pop_0,2.9736962410253085,3.042872008810611,2.824241403700949,2.6332378635075404
177,pop_0,4.368368718793962,2.5960878423395006,2.6610949610646832,2.781635140553815
178,pop_0,3.5281159761473075,2.859960960279916,3.2924802619821696,2.8927288869988175
179,pop_0,3.961626126786597,2.784392814030549,4.228250629355723,2.099789442203477
180,pop_0,3.1446241105161903,1.9191479711929287,3.7885475544301515,3.0494921645183855
181,pop_0,4.06018965735746,3.100550371052398,2.90726426182192,2.128151956217312
182,pop_0,3.618989677521164,3.257894182084549,3.2364068302345554,3.670580025642482
183,pop_0,1.913851614555921,3.070651101677183,3.540725040522578,3.0875210418288823
184,pop_0,3.4259206350896716,2.8963186992927024,2.958054890570129,2.467887929561902
185,pop_0,3.5184317878015325,2.5537926620957094,3.420214685983611,2.390048580198053
186,pop_0,3.888915993777367,2.9899018848860868,2.877912425107747,3.5908842713973623
187,pop_0,3.7896330843192807,2.5245445018925894,4.37487486357111,3.6349255134310505
188,pop_0,2.8853958080438113,3.2334104012578755,3.0444880693561367,3.0915668109823566
189,pop_0,3.9747675961833178,3.3885507624967457,2.953125401485414,2.8046645412725573
190,pop_0,1.992088719170992,2.4176548728229186,2.9438371143918993,1.7110364279131498
191,pop_0,3.694581127383769,2.4859352292202894,3.7011317868450018,2.8879014163910877
192,pop_0,2.28185851094225,2.8596890896274867,4.07798016451301,2.449420349667762
193,pop_0,3.2969833598474336,2.659029517853707,3.6577690589447927,2.773865921773772
194,pop_0,3.166527213930612,3.019055044059982,3.3446676751238624,2.447451642360398
195,pop_0,3.261463026886656,2.564237297527465,2.8838109237315455,2.397332165558046
196,pop_0,3.238038830322008,3.0339678248083555,3.5983036109342117,2.2358911246069693
197,pop_0,2.5344542544181845,2.9275098103356085,3.9062205595009383,2.9527034005909045
198,pop_0,4.089787122863424,2.86880737982173,4.817721272357652,2.1095912112584085
199,pop_0,3.777781675923023,3.238925341616765,3.225664715463636,3.7351060355993626
200,pop_0,2.144264094573284,3.167363447536892,2.66181646268757,2.479159841587957
201,pop_0,3.304920019546642,1.7441477741952003,3.4580385438288794,3.4358983049149483
202,pop_0,4.1158893126957015,2.6626485400881656,4.118097907047035,2.0266253178473703
203,pop_0,2.8137996055909817,1.7153401427650312,2.485246746882999,2.826803979534734
204,pop_0,3.691690179564981,2.3758750128611825,2.8180245615315767,2.4363196230705406
205,pop_0,3.414610895385406,2.8038968929383787,4.047267448779534,2.237280914552282
206,pop_0,2.8136511636610173,3.3122667091508005,3.32178904013467,2.8380575920675444
207,pop_0,4.476697868477084,2.9080625702797547,3.037465850828095,1.862817801797195
208,pop_0,3.330031261986518,3.917927335733033,3.522936613525317,1.619907337690531
209,pop_0,3.3759544160828114,2.726860644609208,3.12695480833289,2.4099230170832495
210,pop_0,4.3312606800047595,1.736262849731382,3.323633927536059,3.7373269152739006
211,pop_0,4.458700865523728,1.8602064211855682,3.9915645947893745,2.3737771585059853
212,pop_0,3.048413385354229,2.4037896039251585,3.0510003874566536,2.807913968440767
213,pop_0,3.943394018637065,2.2135573909123085,3.7343183286168182,2.835821460360716
214,pop_0,4.109710735885093,3.1128206327524435,3.8190088463574554,2.9631132046142827
215,pop_0,3.2274176714124403,1.7648103016138372,3.431200054481804,3.114178031932407
216,pop_0,3.233988576744441,2.7193346343139586,4.333103899017544,3.124049505993076
217,pop_0,3.386863964387311,2.345900227107352,3.348403152594109,2.118751748221128
218,pop_0,4.15630300122993,1.3883742306645683,2.8700744091220347,2.4409617391162888
219,pop_0,2.4811145266223362,2.33163072496134,3.3856322706458224,2.4595529710457504
220,pop_0,3.7678181883657587,2.3858981928797807,3.3496934829109333,2.517225777996438
221,pop_0,3.9289525877889546,2.351085010782765,2.5491002762965334,2.024291677073713
222,pop_0,2.9214743034050255,2.592737314864378,4.264590521026542,2.7984738683181054
223,pop_0,3.8802274993152075,2.267050340017173,4.026774899521657,2.7833840286909206
224,pop_0,2.9808839095639414,2.246161558411567,3.1171307631428204,2.6922759564929737
225,pop_0,4.250318704408475,2.368388323518654,2.4158918638878477,2.3681089681277587
226,pop_0,2.835833920092417,2.5606241413134136,2.1080996733086144,2.7736581411493137
227,pop_0,2.870509530363215,3.5994517369378403,3.0212558489919914,2.425440566222638
228,pop_0,2.2392958749272864,2.1848248758103797,3.3801218103448574,3.3009909073348305
229,pop_0,4.008003792870653,2.116474921052461,3.1057161092231853,2.4764090538302974
230,pop_0,3.6050406596657436,3.082331794326795,3.242600755201074,2.4935123455392705
231,pop_0,3.4217833665213684,1.8813658091778995,3.2195049965274762,2.733472687325867
232,pop_0,3.0243640633643842,2.766880513157556,2.66498272616115,2.2065883529105124
233,pop_0,3.4222666275104405,3.6846184427939574,3.5117526924913567,2.5463823727206267
234,pop_0,2.7392323763779842,3.46282568597071,2.8050771344768477,3.185065895112971
235,pop_0,3.9511496129696213,2.588707692661061,4.175075188790673,3.58177356652378
236,pop_0,2.884482043156813,2.2077436286865786,3.797785290520107,1.9955821537426464
237,pop_0,4.403642069396133,2.725628249404796,3.1662565938498153,2.747186782423618
238,pop_0,3.8701694754277485,2.501884019963305,2.989788900707909,3.736454053196411
239,pop_0,3.1920344517966495,2.3898773044973063,3.604234527371254,1.9791105858900682
240,pop_0,2.7129093142440315,3.0031100333314487,3.0237478316391924,2.441387120160968
241,pop_0,3.6145540530941864,1.959340277754022,2.999389799160493,2.1863070793982806
242,pop_0,3.662860667612781,2.8849796034879867,3.314530689480548,2.0498215753511486
243,pop_0,3.6427874558539615,3.0348744583284537,2.74334854134267,3.0412758973613374
244,pop_0,3.246992684197721,2.629085951908446,3.456201842363755,2.347167147315567
245,pop_0,3.972906929255579,3.467064636301297,2.7880571129917566,1.9824057366106351
246,pop_0,2.9821811566353356,2.5658038501811222,3.2263891217842695,2.745256836917639
247,pop_0,2.7091054222117745,2.844135389383199,3.792505194269277,2.84024274531228
248,pop_0,3.6337644258543906,1.737547315656315,2.3663679908926265,3.4401540614964654
249,pop_0,3.8827822913302357,3.1151786276303004,3.5220216173845422,2.9206627346131473
250,pop_0,3.533352552145902,3.0105810776556554,3.569552582630226,2.5672033051093046
251,pop_0,4.5317421635595165,2.5843783010029684,3.2725396523414583,2.2403491694551705
252,pop_0,3.4888397103085276,2.6971376422176476,2.3822518297531823,3.1751405193054842
253,pop_0,3.5169713063210657,1.8036622786688825,3.343235093779519,2.043376207246336
254,pop_0,3.214835433231947,2.6672282014571302,2.580569945768564,2.371098815521824
255,pop_0,3.7862142461377015,3.0157019852250877,3.4477544271894462,2.692124112980814
256,pop_0,3.810770005098915,2.6764330777488943,3.5788128475172383,3.335085727974068
257,pop_0,3.0390183829369795,2.0415377207365237,2.7196562690173836,2.0706309428370737
258,pop_0,3.380324713360609,3.0449474832317542,3.3013353462259096,2.754552089221745
259,pop_0,3.7499350784823666,3.1942286663087245,4.106685708789804,2.332657784944213
260,pop_0,2.709944435217217,3.651307770698199,2.8329484033680727,2.4975938891139515
261,pop_0,3.3424031078130483,2.202786282462687,3.311346004193792,2.7730157118424983
262,pop_0,3.520088043536366,2.724090404316561,3.214621462495182,3.510999905100056
263,pop_0,3.0189237734071996,1.544758105949928,2.998769557822966,2.50872417298838
264,pop_0,2.9749322399233464,2.4011726375500384,3.45278054149391,2.4948917087758367
265,pop_0,3.447314627635467,2.930021809644407,2.282116761465679,2.1800806633096452
266,pop_0,3.9664852137326876,1.6395828421270255,2.8498903747042945,1.6287294828442884
267,pop_0,3.793268904057075,2.5769358916768534,3.7960103392217244,3.3535422683584226
268,pop_0,3.0583270958938504,2.4728489895541066,3.6228387949402037,1.539150321596817
269,pop_0,4.312445000351576,2.2732490772231535,3.2284536947457463,2.4575416235554974
270,pop_0,3.3551590711951493,3.230658548188061,3.53825190750634,2.766246610151493
271,pop_0,3.2478952962856904,2.7242688736989584,3.0682240182158576,2.6764680889111037
272,pop_0,3.3498237543472156,3.511146159921076,3.236697833460913,2.164014599518952
273,pop_0,2.7336497668251387,2.384734935668648,2.804763684401356,2.821417720416422
274,pop_0,2.939072394513719,2.0798314241685953,4.878695446225085,3.642199030390427
275,pop_0,3.5692600050645735,2.3876412825796978,3.778809857887443,2.552544704197343
276,pop_0,3.5648471507940847,2.6351087812414864,2.95845485530749,3.197652272015762
277,pop_0,3.5499995820450234,3.0726202624355694,2.691608509402103,2.0675167712889344
278,pop_0,3.394951316110832,3.6961946480604686,3.0176911159023314,2.841520331184059
279,pop_0,3.696282335033127,2.5915531974916806,3.4717252077701812,2.316378332817641
280,pop_0,4.478633798555228,2.91260088808312,2.4240698281771724,3.1502841452283787
281,pop_0,3.738138016077744,3.0829987988902,3.7047548194941675,3.1284149310434857
282,pop_0,2.9961983473797336,2.358999956462466,2.958742023463435,3.774027797534487
283,pop_0,3.9557786320537454,2.5753392025098436,2.2451348476955704,2.222706375391634
284,pop_0,3.4941736298688353,2.9082818477729537,3.0024921869978867,3.1301160375367405
285,pop_0,3.682175734440157,1.975933205627254,3.76046151102805,2.867079210001713
286,pop_0,4.15049136506976,3.1216756805188624,3.831803061384111,2.915155062885715
287,pop_0,3.996168690874809,3.296790836179044,3.682142076746546,2.7840354268862004
288,pop_0,3.5312945078924054,2.1191384500319246,3.575062731190797,2.28783415122869
289,pop_0,3.4540984418781293,3.6265352032318865,2.96567997792818,2.7598232445583286
290,pop_0,1.974212419390581,3.002998247613351,3.886170314384156,3.619299682046103
291,pop_0,3.8095328144494327,2.677761120125529,2.2486158495586217,2.1888870591046583
292,pop_0,3.388493028579757,2.941241286745533,2.861097782605511,3.04221121666504
293,pop_0,3.711349586621859,3.6080980929348403,2.884098354747262,1.8403553069407295
294,pop_0,3.0632544774834494,1.6944762494687695,3.1718465572791588,2.5677031191940194
295,pop_0,2.943718770268516,2.6496965917813577,2.97501151972337,3.2553657835194874
296,pop_0,3.7593809507886404,2.6885720805215305,1.923759507119896,2.643689294649781
297,pop_0,1.8916268769046998,2.5088226026190923,3.4993133589016505,3.5226792963991644
298,pop_0,2.8094887758031613,2.811586711035148,3.7530441419830907,2.32890163071679
299,pop_0,2.689146235548166,2.7679024332150357,2.6909064504874176,2.6893601450142497
300,pop_0,3.2539588540626516,2.63816508826573,3.2996540083853936,2.4414311518991614
301,pop_0,3.243591517893902,2.9997221642443814,3.0745766599521147,3.0765894862449037
302,pop_0,3.474297132243158,2.9557283012875524,3.496256047661663,2.0075967245191726
303,pop_0,2.1092047419937052,2.377454752270718,3.4171240883388037,2.6980707187601736
304,pop_0,3.9058126375598277,1.9279996001194681,4.241958677991321,2.767576030214487
305,pop_0,3.8081822557151037,2.2969989736923497,3.364983259718603,2.5956131558868085
306,pop_0,3.962287895424665,2.5466097661682787,3.3733827654016575,3.3287749374083226
307,pop_0,2.9471178076983033,2.449153833294354,3.9199891067621926,2.0999471332328854
308,pop_0,3.5895235922236983,2.2100861090500388,3.1119774574573853,2.5511390370202216
309,pop_0,2.0533811778336535,3.309853362715868,2.9155778301058746,2.7736742024545413
310,pop_0,3.6923923377337386,3.1320037454635266,3.225424042236607,2.899172941340391
311,pop_0,2.950355922203669,3.0341383524841703,2.8214660704737606,2.920125481023044
312,pop_0,2.851234010037569,2.9068660366898595,3.7175550787366776,2.8939310891928467
313,pop_0,3.508898694634887,2.538783763063278,2.771003923921083,1.3915990596266432
314,pop_0,2.686690506873107,2.6601976925692146,2.6565125511787016,2.095359603069487
315,pop_0,4.121301317495304,3.0988173819560045,2.8884738754936086,2.014238252093305
316,pop_0,3.054889928263544,1.5335405295040287,2.8468214626729127,1.5289654311349477
317,pop_0,3.5779101330161964,2.6853123603657116,2.961712028047853,2.230115238658037
318,pop_0,3.5110096132759945,2.142929568750434,2.3794371146019873,2.75358840544829
319,pop_0,2.6969319649829875,2.234748876411087,3.1652586688386948,2.2140209129851103
320,pop_0,3.5839664338484276,2.3645669127196234,3.472211430691413,2.093976250282408
321,pop_0,3.068407437655792,3.08083495116917,2.462723966488679,1.9315574954633763
322,pop_0,2.9207607227780343,3.357072539896801,2.949320034423881,2.2418183350240835
323,pop_0,3.6853209532835502,2.1476681511731046,3.1728422075994223,2.454418668867126
324,pop_0,2.763513215476859,2.6140427774315,3.1094500030594916,2.572495366783116
325,pop_0,3.386060091264189,2.492225803319501,1.6228597096171076,3.3553633297973655
326,pop_0,3.5848530049747263,2.5066619055764465,3.1697941297426824,2.656764345793151
327,pop_0,3.675651297263805,2.4434928639688454,3.0966796264135805,2.5400779911488334
328,pop_0,3.3806326722246243,3.5965483582302475,3.132894180493774,2.7459588440611817
329,pop_0,3.024042073528764,3.1611046148856903,2.1359678273315663,2.590108554541814
330,pop_0,4.112635676047966,2.4866249789240187,3.335785756593808,2.2937311290525684
331,pop_0,3.926738578215072,2.0460910768207636,2.802947676939416,3.4207400924673625
332,pop_0,3.7180791287118855,2.3547646992639324,2.3421030952252537,2.6673079357021368
333,pop_0,3.6491977785440786,2.6342214638652814,4.5718385026551935,2.672466125699704
334,pop_0,3.3774396975248586,2.5909257148678226,3.2581148780094367,2.5710612373000337
335,pop_0,3.90075901660808,3.1886337097554946,3.8735968106999854,3.35371140799416
336,pop_0,2.7738777293542483,2.581033983205619,4.047097558042713,2.1890176357846727
337,pop_0,3.604463704936815,1.7450340314509187,3.733225557366347,2.10240591678521
338,pop_0,3.69092212180991,3.4193894941856344,3.274737839954032,2.127860123184085
339,pop_0,3.1363645116704744,2.458472789828183,4.070522477587732,3.2079776592484013
340,pop_0,3.4489851250699046,2.5390640132889897,2.1670624032120367,3.540065234667604
341,pop_0,3.047399352348768,1.9458448244862177,4.0201777549761974,2.4697456830153883
342,pop_0,3.9959338880646627,2.5968362266180605,2.9472986536259134,2.603752002675675
343,pop_0,3.4209167610266804,2.4081935266053236,3.7907847671561914,2.2599785205820053
344,pop_0,3.712922043832676,2.4378539537090678,3.085596540390909,3.2128666736703493
345,pop_0,3.966255566040889,3.8992590098072037,3.274895069962807,3.6530334238682673
346,pop_0,3.87277279571791,2.6862073063214944,2.7466176757891336,3.0685003717223323
347,pop_0,2.527914533547058,2.933737873987447,2.6951979165167383,3.3839290999310716
348,pop_0,3.8973134274287586,2.9329093803371524,3.5481330362022923,2.169763395458797
349,pop_0,3.955778668478955,2.7711479820819394,3.6035438619237503,2.635910926739804
350,pop_0,4.411500437647669,3.517230481816204,3.847316949523052,2.4809641821771633
351,pop_0,4.940364655459057,3.216092597796561,2.691607733731612,2.686875487544689
352,pop_0,3.408976603765359,2.6633386827095586,3.0816374662998065,2.1002634596855048
353,pop_0,3.403048787195311,2.309844986915711,4.052457202776587,2.862286772285923
354,pop_0,3.5296695043678814,2.042031910455215,2.7889765861323785,2.8708494174577806
355,pop_0,3.7237825663710318,3.3662947775520022,2.3626167501613726,2.21329543751009
356,pop_0,3.7522760560658686,3.6244511180224683,2.9437034514827025,2.611852483000041
357,pop_0,3.4298201444896126,2.96708633082698,3.601965071833093,3.9139047166961847
358,pop_0,2.9385333272786793,2.3909131971499584,3.0562092952519873,2.6152177565011105
359,pop_0,2.8138172663340573,2.480299266352004,3.4108958256645376,0.9777022218991034
360,pop_0,3.539006209694688,2.535353987397658,3.1352385486623304,3.340195872494048
361,pop_0,3.4387198881627663,3.000688357309225,3.0133045706522386,2.734226586462651
362,pop_0,3.763928761114131,3.022169603211973,3.037546718033872,2.9251373972233834
363,pop_0,3.4490742654912383,1.3956831450234917,4.2567449708296925,2.781389953560516
364,pop_0,3.9449375207689235,3.021784140660654,3.353938142570305,3.0963551311824897
365,pop_0,2.8045964724727397,3.026016691246493,3.2643928913796145,2.5805958779406084
366,pop_0,3.904376457035096,1.6339536261079288,4.016552364197159,2.527381318504993
367,pop_0,3.5920005195604063,3.156015951494762,2.6136547951212705,2.2452607709755896
368,pop_0,3.1967992526941273,2.5839964999746563,3.8156872153388743,2.0612687171069943
369,pop_0,3.0096740272220983,2.638024570511832,2.1876886066098264,2.9057401231958786
370,pop_0,3.0450159509404147,2.788985877531216,3.5181964071850844,1.1879653152176861
371,pop_0,3.1928441326921804,2.562823253555547,2.7862319487963716,3.480500867318142
372,pop_0,3.908660666771232,3.540495840044848,3.220142628343006,2.6221181565711347
373,pop_0,2.6011657133226116,2.2118906097612654,3.0705128603925322,3.2649235070649643
374,pop_0,2.9742477928729643,1.9856245517309947,2.6327651335816804,2.7180794541629774
375,pop_0,3.5943166952177577,2.090360395818365,3.4903718766887817,2.7475429403208205
376,pop_0,2.7287261547283688,1.7484396164530036,2.804999784374523,2.2801558726937605
377,pop_0,3.665306073712856,1.9759887802237006,3.5388257241314673,2.076569790004119
378,pop_0,3.5666416722344665,3.230495759207673,2.8822995708045367,3.026599882315197
379,pop_0,4.171629128546054,2.55965223308546,4.307233442741085,2.1758607824075606
380,pop_0,2.8758028217823237,2.6848477368675128,3.35057925119401,3.050978267835739
381,pop_0,2.8566650913933915,2.4500476031261518,3.517086353101552,3.7200656109469454
382,pop_0,3.580977150293083,2.104998001302693,3.5875712781567968,1.7599429536353906
383,pop_0,3.795443396478274,3.094492995030339,3.8874116914116756,2.7143068284996765
384,pop_0,3.467640411465082,3.259706416235877,2.9306023156876853,3.015265243897106
385,pop_0,3.899675595480869,2.4919650818998296,3.08315657682535,1.821926173703539
386,pop_0,3.3074768759402597,2.522635722333973,2.9488908625842303,1.7263115616798075
387,pop_0,4.091026769824196,2.9454016465819,3.289000683776368,2.0372053237769068
388,pop_0,3.7750848806451662,2.3553788521050207,2.7764961536882233,1.8677714545311126
389,pop_0,3.6046078006876137,2.0565775474948853,3.3745934639941595,3.3252316842503635
390,pop_0,2.8484787069705737,2.5476319727194467,3.933440203966706,2.738258240612633
391,pop_0,3.8448696667101947,2.3783388340277716,3.4273721729333584,2.8787047806642723
392,pop_0,3.0363745025528335,2.287145625754647,3.553857754223774,3.144361058485261
393,pop_0,3.357810779439901,2.575020960140316,2.3310107576549393,2.609280851919506
394,pop_0,2.9033816551895018,2.3851435345137553,4.073986501958738,3.284074275168813
395,pop_0,2.7047868373320623,2.472589309694742,2.950324527517039,2.7909208894356277
396,pop_0,3.2789835899424498,2.46672441093527,3.831171312641553,2.6849178183355376
397,pop_0,2.6846618232960635,2.539616966083597,2.20200082193133,1.8752811153876108
398,pop_0,4.125366606677288,2.3914499078605758,2.9713172480237535,2.3873301109911966
399,pop_0,3.340109583550924,3.1472702282244347,3.730991487576094,2.35721147750727
400,pop_0,2.54592468077994,2.8654641351169605,3.3971050920753463,2.301066773977155
401,pop_0,4.5635197286283224,3.6926227902532123,3.8226336686625464,3.6918209641252244
402,pop_0,3.3376606956785086,2.9046793404409113,3.1413634601947917,2.6087755609407703
403,pop_0,3.109828957556485,2.5151127384233387,2.3989059984508216,2.8446467971676435
404,pop_0,2.9963225026619624,1.9489001705375824,3.424242333019169,2.7301995373061634
405,pop_0,4.011846461029709,2.4405503403868036,2.3907511140891153,1.9898030152409478
406,pop_0,2.639245635309647,3.4303104494010186,3.8240150958877894,1.669420023271912
407,pop_0,3.5475806628562854,2.645022038468733,4.342420044325191,2.800058027541497
408,pop_0,3.538226117640445,2.886562173316887,3.371132823877597,3.0248372081315584
409,pop_0,3.173368023213863,2.1485427306121383,4.561261452376528,2.540830917520319
410,pop_0,2.9756065053584306,2.1706196637900255,3.808633025901791,1.8237296192252188
411,pop_0,3.0273551173147784,2.9785151719321954,4.026602970341767,2.1258258800441574
412,pop_0,2.774380461965412,2.632625863699957,2.9604011985525074,3.4345106697423744
413,pop_0,4.295838905487227,2.512026113651019,3.6965217912367425,2.5632057449009182
414,pop_0,2.6493018523288674,2.4532567165362904,2.9192048712224175,2.713336053600316
415,pop_0,3.2045536414985043,2.9004306914119278,2.9245783739899727,2.0077481492327616
416,pop_0,2.9601805756640562,1.7157582589677591,3.4218684816678047,2.6327942576891736
417,pop_0,3.562802249039992,3.2309772360066136,2.900142507034234,2.191634938019608
418,pop_0,3.279005412733336,1.9631061732289132,2.0050579940047966,2.0995401226521206
419,pop_0,3.2396703826801825,1.8538218633312975,3.391896265288176,2.4631691127635578
420,pop_0,3.8709875167525505,3.184191383203782,3.111799765871609,2.313581949102407
421,pop_0,2.4090121354051313,2.2686603415203734,3.1234794518960647,2.847779478915871
422,pop_0,3.2313084220096013,3.230997211780097,3.542490220611737,2.0527856199539456
423,pop_0,3.258975191306288,2.312000749375868,3.777690905013173,2.3050796955667487
424,pop_0,3.074598276573173,2.4172325855496695,4.42239966549961,2.745950159851924
425,pop_0,3.766282170710689,3.04952767636989,2.987980887493177,2.59447677960263
426,pop_0,3.4813454794601446,3.3378518393266114,2.211409570617091,2.9708378921139844
427,pop_0,3.5961664919195573,2.194679597310154,3.264687276929529,2.625000713784502
428,pop_0,3.849013818925915,2.7598505856925715,3.5427301095061243,2.5327964960935625
429,pop_0,2.5833701945154655,3.486197934091486,2.6444677150266167,2.897208628004617
430,pop_0,3.1652460984224957,3.7308569480039493,3.5276087214399245,3.755550954517224
431,pop_0,3.9765115168386096,2.7461519763368982,3.6258864727753424,2.3688700756672816
432,pop_0,2.956016051536084,2.5646473997842327,4.065804765953273,2.990388767858485
433,pop_0,4.168634909659291,1.8270008184870399,3.402426328812659,3.241030521339206
434,pop_0,4.047636267211698,2.1641571182529886,3.0492852799186636,2.2740086517976454
435,pop_0,3.8340731574059133,1.933854344134238,2.1484730072348466,2.163501178340451
436,pop_0,3.998458887223298,3.8087746047678843,3.919391463821162,2.0026048029865864
437,pop_0,3.4504332060379075,2.0489230360635307,3.4354949701796786,2.765932263300458
438,pop_0,3.9165458812809866,2.2065238468276633,2.6619801428709486,2.5158058636519622
439,pop_0,3.207850249443573,2.7089975078417576,3.6658747124533106,2.6767589043681377
440,pop_0,2.9431519944185616,2.3613943894274922,3.76536610420655,2.649334128616222
441,pop_0,3.724263345352785,2.8511686823829665,2.620879058507054,2.542943520438273
442,pop_0,3.4314882083040072,2.591633336199166,2.869878996348008,2.954337594025784
443,pop_0,1.9128056345491018,2.598528971617553,2.3743209444045363,2.7730783734946205
444,pop_0,2.227917967278021,2.985590072989361,2.9225674495964222,2.50243117166825
445,pop_0,3.458557468164776,2.1741942803270984,2.663579411937183,2.5752752316887104
446,pop_0,3.271421956889372,2.54257559705059,3.3046388165982727,2.12430577509601
447,pop_0,3.7442287594571004,3.143392341602457,2.6907426787415263,2.9710352008987595
448,pop_0,3.0067286906253465,1.546932400016269,3.1079294331108303,3.23020940402027
449,pop_0,3.523527232573088,2.965249998658992,2.6764860194311533,3.0843032136558906
450,pop_0,2.6798343396458906,3.1189743673363255,3.534128054847828,2.11874610105599
451,pop_0,2.9807819437824223,2.0941467668416816,3.653551610044844,2.025884150374852
452,pop_0,3.6269507250930766,2.2723967236279132,3.387908897933497,2.3943925209263064
453,pop_0,3.682575808550512,2.576872091508968,3.2901763695625785,2.606709632327388
454,pop_0,3.3665996419554816,3.3872286466334804,2.504001570153453,3.0176918531022423
455,pop_0,2.374971896412909,2.503682050237144,2.7103334643682384,2.3310247987410033
456,pop_0,3.61429810877269,2.9643342483187154,3.07465442077132,2.534843293505652
457,pop_0,3.130156540763607,3.0010392676989013,3.0978943468437325,2.2557218283560685
458,pop_0,3.8125683167967477,2.0732149887177656,3.2760416745593783,2.5806056436012144
459,pop_0,3.403481092191401,2.4834306982196983,3.718622858349984,2.481846459143005
460,pop_0,2.683323599321123,2.264362505431828,3.6645341493766503,1.9699789477858591
461,pop_0,4.245171199009542,2.6316376147934264,3.367590674584352,2.367383111486878
462,pop_0,2.8445486040759933,2.6421791789475733,2.1992988057873855,2.3153049425905667
463,pop_0,3.1889691400883047,2.8110691285550864,3.38705317007517,2.0862147220615506
464,pop_0,3.1182078827895294,3.4660613653109955,3.401086292714578,1.8897678265843147
465,pop_0,4.086592391688272,2.2530909522208726,3.522766696552891,2.729564127448029
466,pop_0,3.4307092645375303,3.243244494655513,3.1911164697295473,2.2765403099985595
467,pop_0,4.271995092144005,3.046557029411672,3.1649098935378293,2.2723453362276462
468,pop_0,3.705447641384205,1.693756617452971,4.7210409322731035,2.8298409137913807
469,pop_0,3.5703989344145146,2.941854725629773,3.6014170222390813,2.0670321646436554
470,pop_0,3.669194825913723,2.4022898593094197,3.0368092370639324,2.947032314005309
471,pop_0,3.363374301196302,2.2077845376663703,3.9295716980796653,1.8437517743777094
472,pop_0,3.2916693880216092,2.836839706244242,2.462961029439982,2.662033254623833
473,pop_0,3.3405499969187695,2.0439328573779405,3.7229839785406957,2.848044479946976
474,pop_0,3.8021285869975485,2.593571695605081,2.7994621581955803,2.6584671746403026
475,pop_0,3.5683368062613856,2.294683452137166,2.665854587116341,2.0799065749319547
476,pop_0,3.9169837393472227,3.571724254626396,2.919197782847182,3.1649084198063564
477,pop_0,4.3223554340427,2.0634633164406013,2.722818597357542,3.142513478709104
478,pop_0,3.21047874716712,2.6043107665207694,4.504471564383548,3.0160584598698055
479,pop_0,3.70896640271809,2.879900145532874,3.70537069215921,1.5464678546829551
480,pop_0,3.4892939455862004,2.8669280698489716,3.136897506854203,3.208580509990571
481,pop_0,3.261636470965018,2.2195146394021146,2.410643692579022,2.0290722379169477
482,pop_0,3.7835806008221513,2.9627192414561496,3.0048288043941502,2.7583667017223634
483,pop_0,3.3762113386560344,3.417549667453602,2.754171370347441,2.608845540465705
484,pop_0,3.4521338315396592,2.6559081547650782,3.251419527874108,2.4137547037344897
485,pop_0,3.025203431404478,2.896180326310404,4.142178240159231,3.031745223644393
486,pop_0,4.047246344342207,3.171967484371926,2.3124097078220016,1.5894802255867557
487,pop_0,4.206587274343447,2.3270653771501175,4.022531739184681,2.108918771431676
488,pop_0,3.628415081956551,2.648904427022385,4.030001089873532,2.3119009756581694
489,pop_0,3.406603272903364,2.375109467785242,3.001535123982524,2.9345712818450354
490,pop_0,2.9066845483282706,2.872274125082324,2.6766797587648923,2.9034001870697868
491,pop_0,3.279996767491874,3.1515427339217594,2.3898695561565524,2.09565826133861
492,pop_0,3.4980926008528286,4.019746602143194,3.679608698213609,2.281664608031512
493,pop_0,3.2900057248774077,1.8088434032210992,4.443706333194658,2.097668453354117
494,pop_0,3.3458801920787646,2.820168556971589,3.015031525641676,3.0302565801719914
495,pop_0,3.0666663583916156,2.951431268567255,3.547486382443077,2.195001501943823
496,pop_0,3.099475261112214,3.486592683208721,3.1980991507700147,2.2515508416834407
497,pop_0,3.398195595249112,1.788554862025526,3.0735802597501065,2.5745363258123883
498,pop_0,3.3710191063946855,2.503231066615964,3.4869013101259814,1.7074948464632618
499,pop_0,3.1645205784650665,2.4340499423136777,3.321430161959183,2.44967100671203
500,pop_0,3.2583244673187637,2.598052469832381,3.349295153201917,2.5942808636143084
501,pop_0,3.5008867217516624,2.395976946749999,4.134796541195876,1.7974780803387276
502,pop_0,4.166548922906429,2.3920338051023036,2.7645006919375485,3.857214654961722
503,pop_0,3.6650699219323335,2.068604710937828,3.241317487965671,2.2887099356675313
504,pop_0,2.567531923133215,2.4561445891497207,3.3340080830490284,2.7055533059068084
505,pop_0,3.5609234898656306,2.5016002919093108,3.2325347075525332,2.8965031471146148
506,pop_0,2.6802851750699954,1.7864865364233933,3.511621742191815,1.6181088129056151
507,pop_0,4.052387880261056,2.1732805489314475,3.7443835271187194,3.144663188512202
508,pop_0,3.412767784801261,2.1507365628880457,1.9896335423276756,2.718643682032701
509,pop_0,3.5387424054376395,2.6510313322408967,3.4037034080967654,2.6102946061583787
510,pop_0,3.190771750963147,1.8972201431568256,2.7866072221051965,2.2574316073400604
511,pop_0,5.293394707809297,2.2427910860517466,3.2361269159497836,3.2535898180536806
512,pop_0,3.3142728656161617,3.211355037998742,2.947370117023484,3.0987947659426593
513,pop_0,4.004446080208299,3.0054112292545216,2.5762404412418127,2.4619185225295532
514,pop_0,3.7460915469612908,2.527227594053691,4.2411061062363,2.9650776217534167
515,pop_0,3.3141168098816665,2.662947735021991,2.9183772943514765,3.2100634170947138
516,pop_0,3.376036966745807,3.6401547220478365,3.331916421583045,2.9083055924897105
517,pop_0,4.401345876767328,2.8600253030966662,3.9452829624301953,2.9349350204305322
518,pop_0,2.406215386995112,3.235756626161983,3.58021217172265,2.8976926566052943
519,pop_0,3.8515542952132336,3.091142548660372,3.0272880678858067,2.359222638845897
520,pop_0,3.097875946557768,2.2273138044781042,3.304522675144278,2.4018478299568384
521,pop_0,3.496557407722677,3.1588455562674502,2.475665689162288,2.283712458334082
522,pop_0,3.545179767189946,2.2516515802916497,3.713090934388029,2.475931791598435
523,pop_0,3.7565709722167338,3.0984625490491973,1.7387644233362363,2.116935602525545
524,pop_0,3.2003375435691894,2.7065939464980557,4.270997250883719,2.7945535111063067
525,pop_0,3.5704816113451603,2.169744551161145,3.200883484661533,2.8628168095438835
526,pop_0,3.9855995174313206,2.967241315251098,2.9869649843563284,2.258863590252917
527,pop_0,3.2508840190415134,2.53236989094241,3.444977357779215,2.554151130855509
528,pop_0,4.082152798341962,2.6480493681571446,2.6277489531459897,2.5494941902053965
529,pop_0,2.6723096706645695,2.5318785602445204,2.868590658055047,2.9181865488359815
530,pop_0,2.312055955766771,3.151886483703289,2.669549677155812,4.155956994205125
531,pop_0,3.5009535421129208,2.558245985204639,3.187725933312212,2.8443423493341946
532,pop_0,3.9015843897047313,2.560323725386117,4.298605017491858,2.993601584791427
533,pop_0,3.7970500539583636,3.011882645563821,3.1756163932504404,2.643842333183481
534,pop_0,4.48012985796534,3.154191976895529,4.281654110080158,2.8275924856784833
535,pop_0,3.16519377086316,2.8156256049206365,3.0141936241733442,2.831008505060004
536,pop_0,3.6778909948194975,2.945014042474454,2.1213295844994415,2.459317683270507
537,pop_0,3.264210809703305,2.330664561395948,3.168014631109224,2.3654810151553898
538,pop_0,3.1442442041022476,2.423275483977527,3.5439839267125066,3.17858375028349
539,pop_0,2.6448886075537263,1.9244058908036767,3.026577236036305,2.937890391999777
540,pop_0,3.749854715426003,2.9000158252531554,3.7855533178211616,3.3019471884203058
541,pop_0,2.8522448670812137,3.181171362004307,3.133543127110054,3.175921972498638
542,pop_0,3.8250657515948903,2.38713426143254,2.8749608913460936,2.561813287332448
543,pop_0,4.145611280797031,2.155154325031024,3.6375124165305035,2.4568769059361957
544,pop_0,3.5371842038279513,2.687585498717887,2.941722171410592,2.568783880428996
545,pop_0,4.182760309194059,2.3980452939941066,2.9995048403461535,3.35345429327341
546,pop_0,3.0479581311379063,3.2015317147688895,3.3696792675727387,2.7274467690423667
547,pop_0,3.057703836454594,3.0452251069448053,3.2437351639438727,3.006850770408969
548,pop_0,1.972088282342059,2.2893154040219024,2.897189727360667,2.3589986552388162
549,pop_0,4.0129653419876075,3.049155642030138,3.5048814666371517,2.941229253883667
550,pop_0,4.1370967624347275,2.8973908293412975,3.693045252588242,1.9441946830238426
551,pop_0,3.190253743712251,2.235503802921926,3.1746624667160663,1.497027017363903
552,pop_0,3.707916791922994,1.7115888467405234,3.850917206498345,2.375983078798024
553,pop_0,3.1865074459807445,2.8080050977730275,3.276059056624542,2.5328758581284534
554,pop_0,3.03766016549595,2.604076531309072,3.3498837141517264,2.4417373384600904
555,pop_0,3.3587672508852258,3.250303819447731,2.8977354855461037,2.8364596306161833
556,pop_0,3.391770832344059,3.4369554894520453,3.3138631770203815,2.16393805556152
557,pop_0,3.697012943645219,3.1050566238928603,2.820311690703058,1.1774037121894951
558,pop_0,3.702349607851104,3.2929561934707228,2.4408335554714222,2.245054940778519
559,pop_0,2.336516725974858,1.5227820134491215,2.582191886674485,1.7725632226080374
560,pop_0,3.7166451775717824,2.6463783841980244,3.6875178077964894,2.8590350457562344
561,pop_0,2.9245544774867795,3.34692333037197,3.5488497919270516,2.655965530198761
562,pop_0,3.196289698624663,2.388628316117805,2.953411306716438,3.0385951672124594
563,pop_0,3.4517617755858225,2.101004847498597,4.025246567809696,2.5505065220061174
564,pop_0,3.8559206943874775,2.2961055646590327,3.4656318078391406,2.776464228600859
565,pop_0,3.31307144377758,2.7607550991643492,3.7612436961514506,3.154766674695357
566,pop_0,3.4211076065348682,2.5548520408917024,3.252630189097884,1.8835768126571482
567,pop_0,4.133271951352994,2.791633792255862,3.451856348457858,2.836047649365121
568,pop_0,3.068708285268279,1.6477305952380443,2.7502300485636355,2.7749384649099014
569,pop_0,3.974547297211742,2.5112368046374676,3.528939968055708,1.357559076594376
570,pop_0,3.800577425858012,2.4288507366709764,3.079501117673863,2.2243225054489395
571,pop_0,2.9490633697290995,2.5518357853066522,3.3156046128765246,2.213023427610005
572,pop_0,2.999273574394038,2.684190716042797,3.1253910317195186,2.700278208917558
573,pop_0,4.496947947165058,3.170874120144785,3.818244633577384,2.078093494766561
574,pop_0,3.16798484316682,1.541333375768293,3.780191028977442,2.532332396027263
575,pop_0,3.230139661558352,2.4657348233077303,3.71677621403498,2.995532648166292
576,pop_0,2.9478038153193156,3.1230220989504582,2.7107653994699548,3.05356830493109
577,pop_0,3.3153614795735273,2.1872753878767415,3.9269220619289595,2.4946709457721665
578,pop_0,3.35822962806306,1.8754399853715458,3.214784301690125,2.6961538675538175
579,pop_0,3.1297818388230607,2.121780005479587,4.329682032449615,2.627570459404237
580,pop_0,3.7498236214177827,2.49247091905411,3.251275462248529,1.8960981465534457
581,pop_0,3.4542162322743057,2.1131102177955174,3.256877125658496,2.1415927588596877
582,pop_0,2.902687672646492,3.104556319068835,3.171799895600325,1.8770351461748027
583,pop_0,3.892051110112077,3.339809479448677,3.314710277144784,3.7283849249826737
584,pop_0,3.8091473013769663,1.7774992375804595,3.12544262792722,2.3729287501172083
585,pop_0,3.655869435203572,2.567030424201541,3.317354001079287,2.3997796938006797
586,pop_0,3.838587945123445,2.751306199048583,2.624863760499987,2.305419597164196
587,pop_0,3.2178127297268224,2.997012203070251,3.026009811462689,2.360401442498792
588,pop_0,3.379801320722617,2.4099099712199408,3.6108049768789483,2.2693675421219845
589,pop_0,3.7854742690349483,2.533706542673405,3.4897957114602502,3.365437727679178
590,pop_0,2.9726655253892007,3.3941166239645333,2.570749068707116,2.631559046281413
591,pop_0,3.3854961761999007,2.7063273991640293,2.9411745993006324,3.223843567798919
592,pop_0,4.018437998625628,3.045299244956739,3.2598377670254997,2.3989453166813903
593,pop_0,3.875665412474524,2.814832507195927,3.9001951131627437,2.448638019324607
594,pop_0,3.3897029493985324,2.609809895920885,3.8297132219529297,1.8655741627429052
595,pop_0,3.623115645297999,1.7568874312245562,3.6781577246911845,3.2575371646006346
596,pop_0,3.3915136435320843,2.5144796818835196,3.3576107713250827,3.1266014041807946
597,pop_0,4.67177940779143,2.4351289746141815,3.267228665481666,2.4840884294519276
598,pop_0,3.3946692604296747,1.943266310784096,3.4511033816428283,2.6841565974551953
599,pop_0,3.983253707376707,2.82501865955799,4.107685836005214,3.534350367589407
600,pop_0,2.963403359119344,1.761565294579221,2.7574172648331157,3.0437618222289022
601,pop_0,3.346634407060826,2.5114879755582304,2.4056689417421495,2.1600699498838942
602,pop_0,3.1422706933142073,2.830188536841801,3.204082118067001,2.880017981105068
603,pop_0,4.0929686645094945,3.119658780390422,4.479895553270915,3.07708583312216
604,pop_0,3.1089730418184787,2.8035467460576373,3.282812059764464,3.1848774575489194
605,pop_0,3.201297632990969,2.601244700655173,3.2768973608818106,3.119650729722835
606,pop_0,4.011582070067065,2.536084171874033,2.689935165569456,2.9941050119007504
607,pop_0,3.5027054915543427,2.0807837261059703,3.690591944302952,2.184479273442156
608,pop_0,3.048316362209577,2.9025079092897452,2.8054076237323424,2.875821922458727
609,pop_0,4.087279226889888,2.101776296462392,3.8381646749734752,2.6152618691220946
610,pop_0,3.544513501865448,2.5749171318183093,3.480467388338796,2.967045900789896
611,pop_0,3.4058506751716733,2.365517624532492,3.986697217033425,2.871767053690199
612,pop_0,3.301555488726017,2.119117349267737,2.845140120822543,3.4630072826470526
613,pop_0,3.150808238108984,2.4681222469766113,3.623901152377673,3.2465398817913855
614,pop_0,3.6994578716619353,2.8878704737804703,2.906236984001885,2.9482541904429183
615,pop_0,4.197171828561356,2.2660691205707155,3.715680632222811,3.2471304247181867
616,pop_0,3.4201512147293753,2.3414810442029577,3.235179559268576,2.4180724279414925
617,pop_0,2.607608382342611,2.791549654324418,3.2758246631899524,2.584523942290163
618,pop_0,3.1905193650635826,2.469568782221698,3.5113077084951643,2.27878225442143
619,pop_0,2.8219815617996558,3.1017534951508696,3.492655958789509,2.337238204841226
620,pop_0,4.109789579962913,2.9934805563643265,2.8265276773637065,2.8869049633287758
621,pop_0,3.55905082626063,2.307891384019527,2.585529527058677,2.713079393196228
622,pop_0,3.3285234849565697,1.9328161697763706,4.165897251301907,2.596669083565839
623,pop_0,3.525366363251651,2.742748694508556,2.9224081749200383,2.627792507157174
624,pop_0,3.7969541042667414,2.75304148753057,4.366987079472003,2.1841646728872015
625,pop_0,3.462562468773338,2.8298684081002836,3.513379776359326,2.467717274644354
626,pop_0,3.798755368163176,3.1916519390906584,3.8941666556518597,2.5901549377717297
627,pop_0,3.9105698420407995,2.661505274508139,3.2377887850934584,2.925906724392488
628,pop_0,3.6980539784982107,1.9994869067029546,3.758467465335661,2.888019821204827
629,pop_0,3.4218288104629733,1.5026413651115333,3.6291840212922324,0.9363381689092689
630,pop_0,4.813115484971221,1.9740052385335654,3.367779526046092,3.5326616931135195
631,pop_0,3.089868921218644,2.287617577994398,3.6357053748612573,3.149184705173098
632,pop_0,3.3135909285871095,2.3072247020761063,3.307180763313594,1.8094223850316231
633,pop_0,3.3270175970962717,2.9220447677905876,3.3457785007945327,2.2042983173127673
634,pop_0,2.884174062282944,1.8600784595033144,4.041515134828373,2.550532659228842
635,pop_0,2.543776659300991,1.3247271415088282,3.024617738897522,1.8359439029542801
636,pop_0,2.972351905138351,2.451643780624685,2.9185850704820373,3.099480656872057
637,pop_0,3.729038739952997,2.862362441853286,2.811189369997496,2.665527808096107
638,pop_0,2.584404349473943,2.5301660112031423,3.5282540644889533,3.1331064133674995
639,pop_0,3.7213448218724388,2.513263409678092,3.632913420084128,2.212804149315533
640,pop_0,3.410127555610643,3.1388788491298514,2.368312459391643,2.9048157686746006
641,pop_0,3.782465262433224,2.4737269731481972,3.472140673743827,3.044743191522205
642,pop_0,2.501826070854455,2.2677490061623713,3.5683378086945448,3.6500584645848537
643,pop_0,2.0573976272515253,3.731600275961288,2.6841872376927025,2.4870551309972866
644,pop_0,4.101239753043812,2.2954427307766823,2.172960104949404,1.8410258093635976
645,pop_0,3.173730914162584,3.0481114568208416,3.049671577501056,0.981348211094146
646,pop_0,3.5701327108247116,2.7543755360961395,4.0082979340746725,2.376409987261596
647,pop_0,3.5635549226544065,3.1957176010301342,3.920477832388726,2.299197886158058
648,pop_0,2.9230942226880967,2.7209648229071104,3.501862546636552,3.6447645033402933
649,pop_0,3.343824180465283,2.571145417969422,2.3238282816945386,2.0298275447912904
650,pop_0,3.241586150828072,2.2643963423475504,2.806255556694267,2.602545066257225
651,pop_0,4.33443082824885,1.5297942455417015,3.2024107580792776,2.622749577471604
652,pop_0,4.148542912391975,2.850541229531427,2.9010471384813497,3.483450627893451
653,pop_0,3.3519995845274373,2.9763006700055072,3.68356270852884,2.201962391727962
654,pop_0,3.911878130565743,3.165748281784817,2.9712735780719206,1.4911847691076214
655,pop_0,3.797715226507951,2.2099271205020825,2.6761605866529172,1.8537290113338019
656,pop_0,3.1742467153440463,2.786316432290485,3.199683659775225,2.4922001332201
657,pop_0,3.9484260392312804,2.4644473674833183,3.236088995267786,2.1678914769578346
658,pop_0,4.103891197332264,2.359967313837207,2.8221147846857124,2.8474753983849794
659,pop_0,2.134879892014043,2.5431471135351433,2.322760035903977,2.6541251627227727
660,pop_0,3.36699537817832,1.8546436972214213,3.2389339767865195,1.9473566672822362
661,pop_0,3.79618677838265,1.348217901122249,3.6896657950035463,2.3963345786012242
662,pop_0,2.874350007124003,2.307072961924425,3.509172984824551,2.6810959878729013
663,pop_0,4.208413491059851,2.6501996901809406,2.3387102842250878,2.6028703369051684
664,pop_0,3.0728635784102503,3.291688027101187,1.9005504151310983,2.448669835557317
665,pop_0,4.245564351066219,2.9723968126233395,2.990500820659442,2.9147122189623254
666,pop_0,3.1661409578726003,1.891874558638002,3.5861688404954117,3.238141532359707
667,pop_0,3.1675761217415936,2.021477403755374,3.355003353938596,2.4274500554257097
668,pop_0,4.142647584810811,2.7215871247531185,3.1641989914916873,1.7867438298249156
669,pop_0,3.610966812573332,3.792551982554063,3.060814196246242,2.8452273267897623
670,pop_0,3.6615535800711436,2.8585601331842363,2.5327601573180836,2.408167918525759
671,pop_0,3.756203172069615,2.7456817692445963,3.8584903315831016,2.293681039211993
672,pop_0,2.9677931790567853,3.0447701246673082,3.649029654811291,2.9855650312132234
673,pop_0,2.9058966457710556,2.452159619889072,3.2677383916188067,3.303227911713643
674,pop_0,2.8960611879497145,3.717126539336473,2.983539869240105,3.530077269460323
675,pop_0,3.0321087944854366,2.0786837212874927,2.267014392734687,2.6972040512974087
676,pop_0,4.054054690901337,2.8641355743448877,3.6795085564429795,3.133295970456893
677,pop_0,3.507024729441862,2.552764610795336,3.9819487074197175,1.7799381788482012
678,pop_0,3.5220843003196958,2.0828760263061907,3.4136745019479577,1.83726099811562
679,pop_0,3.210398688023128,2.931484307040719,2.5178577085538087,3.396721242157924
680,pop_0,2.820351254254942,2.094618612724518,3.3441554933280706,2.546405875899008
681,pop_0,3.2097088285328987,2.9367713815149776,3.3995242811440676,2.61304865609376
682,pop_0,3.8076366927322405,2.560717519854876,2.3414779309814424,1.993540446812129
683,pop_0,2.9232208131369406,3.170422101037182,3.558175365888748,2.3714268633595736
684,pop_0,3.957566228892527,2.6231901338546146,3.0613669500822613,2.6219506222748064
685,pop_0,3.9684749558324564,2.853034310734318,2.565392294545015,2.718243460399747
686,pop_0,4.630971763280763,3.2932440298588768,4.075562392595774,2.342456492038784
687,pop_0,3.837622237260878,2.197646932630776,2.7124383260210125,2.426963156716314
688,pop_0,2.3663278733981605,2.1697643735236327,4.008693051412345,3.758825161239347
689,pop_0,2.8476245241124776,2.772430775885773,2.847303820674888,2.5335472965093775
690,pop_0,3.615614220039842,2.876745712755447,3.5252729789218953,3.066871569186924
691,pop_0,3.5181114377913385,2.7038545098262103,2.8091168404876177,2.8646109215142683
692,pop_0,3.3577713728838767,2.3069594756558423,3.175054715209262,3.2372349386334465
693,pop_0,2.256217176075756,2.118896646114809,2.927192984976102,2.908166318696027
694,pop_0,3.9352583035564215,2.80309134408002,2.7143685427766737,2.6470501447547883
695,pop_0,3.8919166565581653,3.373963533216024,3.2414698298491165,2.413123262060313
696,pop_0,3.097447975693103,2.9404424791714527,2.8294086761571595,2.895348847586909
697,pop_0,3.399919829612519,2.2349559996366226,4.059956116880709,2.647712394065397
698,pop_0,4.095245293565378,3.4418929382841403,3.9784423587224715,2.3668214143282476
699,pop_0,3.2978339928894806,2.926438611341898,3.432652515167579,2.09409927019088
700,pop_0,3.7073456851705195,2.910074812017929,2.635816918723932,2.8734190934512944
701,pop_0,3.321552523721328,2.663308823075307,3.30718904072032,2.9018436061979447
702,pop_0,3.720861017334188,2.482231550699289,4.237268849708938,2.3592955546120837
703,pop_0,3.4062802622378254,2.550508096211951,2.6099442689392682,3.4385009969402374
704,pop_0,3.6811839655728655,3.01213246784485,2.872473288214553,2.9047037297475446
705,pop_0,3.2811123543297547,2.661647132608419,2.579327175602103,2.220668347304506
706,pop_0,3.8528583504797034,2.2136271585476837,2.4303183717095806,2.912091888286862
707,pop_0,3.5580075411643626,2.672396482298249,3.9217358607856614,2.2765411284700834
708,pop_0,3.78354967599143,2.6895337599530147,3.4275505206390973,2.0962479999041035
709,pop_0,3.7073175336034225,3.0877837931395895,3.6774278274162877,4.16693596754166
710,pop_0,2.900101217752634,3.399247703262054,2.821085480287924,2.2748022767091642
711,pop_0,3.4629869384483984,1.9466897957362288,2.7215514539664456,2.1685987354649066
712,pop_0,2.8174461606689833,1.7005573267524379,3.477604092791566,2.2017805275779527
713,pop_0,2.957161803954087,3.0921055157022757,3.6608724785286113,2.4224704228532423
714,pop_0,3.9478147205720724,2.3380625455693775,3.327319232831117,1.984230723292955
715,pop_0,3.395908651862899,2.26840830059748,3.3308166241160038,2.5031843234153692
716,pop_0,3.1428388699201584,2.424875869258111,2.9438793569814248,2.1790824894049634
717,pop_0,3.161928692184369,2.4827074915931013,4.093414084945893,2.654069487382571
718,pop_0,2.605690982655445,1.9391448381361962,4.108734733392441,2.490967181590956
719,pop_0,2.8995681360354055,2.5903892122108547,3.467321029077378,3.4967981620153177
720,pop_0,3.4124077732362896,2.175320301329954,3.067452506911019,3.293471827186285
721,pop_0,3.5245125140215863,3.317405219929907,2.8879978029130453,2.2352360234798216
722,pop_0,3.432918348437822,2.872685380009486,3.1669596977919894,3.078226685266255
723,pop_0,4.349654003288682,2.7600875713916238,3.7906480409988306,1.7696514346781322
724,pop_0,3.269036006524569,2.7876905943736556,3.367322848174521,2.0138687720031063
725,pop_0,2.8457437774980043,3.2844519608043323,3.0786448343900226,2.523397442642262
726,pop_0,3.854169040657063,2.497832093634891,3.436411578051872,2.4219072045855667
727,pop_0,2.9621451350012875,2.2978703462634678,3.4310705600365754,3.114092617287244
728,pop_0,3.9362307525928792,3.2368926021290227,3.5428773375627163,2.46799421076399
729,pop_0,3.4352086590099997,1.7997325570536002,2.9738091488321254,3.2506678729334846
730,pop_0,4.036576896193874,3.247332115667183,1.9203505600518544,1.8963122624915538
731,pop_0,3.101926858052962,2.3864462557516637,2.9680297525975265,2.731772366421
732,pop_0,3.341929634443941,2.8411202270631746,3.1113085357336505,2.000980672916333
733,pop_0,3.5160945181532943,2.5607347844366406,3.112868879905545,2.676303080709166
734,pop_0,3.5401009258430065,3.2125562966892485,3.0274017645589177,2.139107511571347
735,pop_0,2.8810742149591246,2.514056709710599,4.264534582865815,2.5891886772884747
736,pop_0,4.6295483562694,3.133198223362485,3.2518767793727896,1.8647346050167959
737,pop_0,3.4266900044847852,2.5477823809186613,3.291826373118147,2.059762864307782
738,pop_0,2.843999382612189,2.853676596932889,3.0264611560512704,2.259662571597211
739,pop_0,3.5401322191225884,2.9951126931984673,3.38388091860778,2.3301606809104873
740,pop_0,3.347351046530649,3.451846454819379,3.177164525220664,2.2178333440613467
741,pop_0,4.38157426296547,2.9236756548167673,3.7557547977025343,2.2628528057515833
742,pop_0,3.5739218783562667,2.6339407866054896,2.596219146807931,2.9189567100175022
743,pop_0,3.702069823744271,2.783603923788025,3.643883321185044,2.7350884801178212
744,pop_0,2.3249459399582957,2.8946075247938023,2.4603762826060662,3.5765132621086804
745,pop_0,3.407418536453227,2.3234204993504624,2.71772866478795,3.2990112916389878
746,pop_0,3.043639497317289,2.193977201438079,3.8272053818180716,2.3093580095601567
747,pop_0,3.4594798828785063,2.7579676484817357,2.8553886779580506,3.5243768331525946
748,pop_0,2.444518544319287,2.315604192405705,3.971397321719493,2.7490286521157166
749,pop_0,3.287922330596977,3.027234914017396,3.1346024339390692,2.9944933971778216
750,pop_0,3.898426529011497,2.288941838734276,2.892276604091033,1.863562792754093
751,pop_0,3.3322764245234464,3.122182267547618,2.3431767683105282,1.9695391113628138
752,pop_0,4.4257513569314995,3.13208360126423,3.0840443757369007,3.2763869543635877
753,pop_0,3.989707011816173,2.9372769322185723,4.329170968416512,3.163094731420103
754,pop_0,3.465233331023815,2.7118337214740857,3.7190359029903197,3.057216631059156
755,pop_0,3.4487110368248155,1.7302667491965984,3.739022769885968,1.9611997253610356
756,pop_0,3.0343527668520207,3.086101366884911,3.4270637039615,4.12433711912222
757,pop_0,2.5702564096016007,3.547941381539856,3.1526799741804576,2.93128309295344
758,pop_0,3.432900195303964,3.11880166263488,2.7102251055225723,2.7263152795788628
759,pop_0,2.901167527715136,2.588769554436903,4.22854720752552,3.059428875685942
760,pop_0,3.402677440362092,2.4945491502636257,4.259196633860349,3.0147850540799324
761,pop_0,2.2888764579001384,3.325614843732522,2.27371294091366,3.343752634372695
762,pop_0,4.1762061142353275,2.548862894084557,3.273058854047241,2.4641579492368413
763,pop_0,3.6903436896983712,2.2857092716184653,3.3100040280380414,1.7509297821891707
764,pop_0,2.779543953531706,2.4382809471534284,2.8447455763770493,2.490454512794244
765,pop_0,3.4532011260041413,3.162136738851181,1.9938487462029135,3.0416941957024317
766,pop_0,3.593926255429669,3.2282395694874277,2.9952594569130127,2.29477275751188
767,pop_0,3.3434399776104518,3.570628991984491,3.1041650485807137,2.7013711238786358
768,pop_0,3.835374731776845,2.7710706080654868,3.6769754766131015,2.2501183579508726
769,pop_0,3.6408557188671695,2.1809616265549336,3.22833670089128,1.7293922114505715
770,pop_0,3.6894600661252213,3.2677776054229573,3.8431403294851783,2.6931924127825395
771,pop_0,2.5365387781654967,2.719014310723961,3.2618872193155695,2.9819521695452447
772,pop_0,2.3916740481896914,2.5371896517020915,3.6065643798327516,2.1308264777323433
773,pop_0,3.615128518838591,3.066327871421414,3.265271410133889,2.823258683372414
774,pop_0,3.7272891604174756,1.4828706681867727,3.311105578374041,2.8077077995267485
775,pop_0,2.9768803973271214,2.7171180048116703,2.9114704450066253,2.237070482180929
776,pop_0,3.8481115256945,3.3194877804735863,2.818312679479252,2.6451133468038917
777,pop_0,2.8604643221163135,2.1489122411260664,5.155061401818111,2.854520978987715
778,pop_0,3.6705039773328743,2.488918974669485,3.5005491042722325,2.3933911460343333
779,pop_0,2.978222386169482,2.2873958610963294,3.2344428782868087,3.1685530732314597
780,pop_0,3.2345034264590122,3.0960141478508767,2.985344613376889,2.236824844232555
781,pop_0,2.7390907786284395,3.047653854980888,4.6217354648015245,2.1494136748464827
782,pop_0,3.1148324899148476,2.6051818655760455,2.5449431804811606,2.8023437280559125
783,pop_0,3.0452622275151917,2.9482452331240956,2.897057199574175,2.756126021588167
784,pop_0,3.2242123024044766,3.345293178709476,2.9793684905106055,2.471436836276688
785,pop_0,2.994731853902266,2.9809473577269543,3.111777555797085,2.4733377161877654
786,pop_0,3.3457837112355464,2.412105775840282,2.9903775830190638,2.9833639144348796
787,pop_0,3.9408778960372857,2.5913444122210954,3.4420161893605457,2.418585759537274
788,pop_0,3.2004425906218468,2.3486035924782267,2.912304952247558,3.114605283985083
789,pop_0,3.881073559737895,3.3250384783507227,2.3698842425515956,3.030060018912628
790,pop_0,3.8484717888733315,2.8960722814553437,4.486044993535772,2.658063072932322
791,pop_0,4.157231228927833,2.044002737216304,2.4991230106216635,1.9776417990777824
792,pop_0,3.375806081585378,2.2565711538884656,3.07840482406344,3.101068736727065
793,pop_0,4.094746896329138,2.3998728241871445,3.712704720980913,2.1542079859407743
794,pop_0,3.261597724004544,2.298307144786345,4.469431777507426,3.1584131290958686
795,pop_0,3.6407874350285883,2.124510365253026,3.4340264059371597,3.064210523880999
796,pop_0,3.696270166843386,2.706073774813035,3.795657455605225,1.6099730894872608
797,pop_0,2.9841065539823743,2.3967086215329503,3.833157691552569,2.7280644386978254
798,pop_0,4.249769454606274,3.0099307414058387,2.910117233426334,3.0398270237061813
799,pop_0,3.2340458588953878,3.61365314479909,3.897084043405032,3.4048913307814397
800,pop_0,3.5077308326914216,2.9874839194862495,2.7287204703667607,1.771228798009554
801,pop_0,3.2876908385400982,2.2167365811133313,3.871726756544287,3.3692613087644903
802,pop_0,3.2051800294603634,3.446353216901049,4.1477144980966045,2.6528997684832984
803,pop_0,3.990456251943833,1.4895007667663085,4.088682366504023,3.41706269335903
804,pop_0,4.02552576568831,2.379537874706914,3.374081211734137,2.1711363669355888
805,pop_0,3.800190220304965,2.9655537948105954,3.1299521098360588,2.8556973876235405
806,pop_0,3.417128778181437,2.223605469100586,3.0875714121585895,2.9837853013196596
807,pop_0,3.4020229956971297,3.2729379774536085,3.1730592422611985,2.2445190264040575
808,pop_0,4.033313270600882,2.406999866077735,3.402883177914581,3.4353408184870338
809,pop_0,3.1449047698123693,3.1020484589756605,4.122170050267814,2.2608327920198885
810,pop_0,3.5154301119222366,2.8193838188566294,2.1005715641456355,2.0856515707725283
811,pop_0,3.75219765977511,2.2080345092040745,3.474281858855367,1.7377808421326177
812,pop_0,2.896982195584267,2.0551623324534622,2.747613788314542,2.573844756969091
813,pop_0,3.782175634160301,3.0135274000397128,2.603523101746074,2.4255063352436483
814,pop_0,3.141952653724675,2.597673068603813,3.854218142921072,2.8574184162371035
815,pop_0,2.7867663537111103,2.6083183097859854,3.528733405628641,1.8851052031686826
816,pop_0,3.545125186176245,2.3260492466445286,3.779948206542292,2.9630172460669475
817,pop_0,2.2218731077140363,2.822844364919467,3.5724792751194547,2.8066160851116253
818,pop_0,3.4242967353271445,2.223448541275113,2.309309331505693,3.4123996905176845
819,pop_0,3.981301320302991,2.3633010833372348,3.2665135471891102,3.0781109093520294
820,pop_0,3.396229516311594,1.6652749306915957,3.845266920195647,2.265186804791696
821,pop_0,2.9558415871545725,2.3886091242250447,2.8346369192000758,3.4743914473403827
822,pop_0,3.744273993935449,2.5288161929948965,2.766694329781447,2.6593498388526737
823,pop_0,3.8867142495282567,2.856951968028162,3.1769581064500474,2.4162603440005204
824,pop_0,3.177944813605265,3.4230194729118595,3.554760139537008,2.894377788289435
825,pop_0,3.5113342550337316,2.2257206960851716,2.99686436003722,2.187157346403633
826,pop_0,2.780509893497484,2.6693214720579403,3.3516038569847932,3.3716571643154603
827,pop_0,3.465258407456439,2.236403109275884,3.808969598026632,1.872249070249796
828,pop_0,3.8506409247264766,3.5862214753304786,3.5029679516554153,2.5858124771374436
829,pop_0,4.221814519443811,2.6064726912362866,3.971053142744159,1.4227691760207095
830,pop_0,4.2623623097715075,2.583578492674859,3.899071242585267,2.875437436047391
831,pop_0,3.617739424900314,2.3408465546844357,3.8880316377291324,2.777146542193882
832,pop_0,2.7651839181115276,2.7684104715987456,2.4963932414085384,2.823273996080091
833,pop_0,3.600688752346861,2.162790601951227,3.1768484774297914,2.2192972169123744
834,pop_0,3.6204479515216152,2.780672943018276,3.2714878516159156,1.7795205134987437
835,pop_0,2.8205429678881244,2.995923753863118,4.228179136355069,1.8562926156634743
836,pop_0,4.174329920237133,2.1893158741585577,2.7084645581468063,3.547202461334695
837,pop_0,4.2254422014834585,1.9151322127215051,3.459759873192222,2.368551473653821
838,pop_0,3.221799828622696,2.4337598192879635,2.603858513220726,3.026435032932255
839,pop_0,3.4927173863160808,1.860105053777671,2.8278203270963584,2.334881240960301
840,pop_0,3.660322405202261,2.429104169660513,3.2797024507578123,3.1378236772071406
841,pop_0,3.4160919492332384,3.1571619186191144,2.4615117553414056,2.4178405125599527
842,pop_0,3.184714343232282,2.621033809315546,2.968066704278205,3.0676996258340354
843,pop_0,3.23160244985977,2.5326870920137137,3.469377460427992,1.9482334440573108
844,pop_0,3.9583763662657816,3.0861670962796643,3.3316363247085654,2.237214062666245
845,pop_0,3.4386912866730404,2.846275911432034,3.665062323263583,2.2436361857479326
846,pop_0,3.137244164015967,2.1006421545447433,3.2665185299003308,2.2772015039136937
847,pop_0,2.2958836825557545,2.3891532315714414,3.7060115437003307,1.9519440459330348
848,pop_0,2.8198836394133897,2.5257640926958738,3.463845602212818,3.0825988574862664
849,pop_0,3.0395610087594993,2.0373027697710175,2.5270119457989226,2.6302164177115532
850,pop_0,3.3896347166409706,3.6896642136874394,2.862911586478547,2.616918333876516
851,pop_0,3.3077486311415716,2.2541229761966717,3.0627267602373354,2.7009387676561776
852,pop_0,3.216541809999113,2.3960053679335998,3.111255306124898,2.6553747999404154
853,pop_0,3.9489642181767706,2.9919422400280715,2.925361403601837,2.982413485618679
854,pop_0,3.4024746462067124,2.0347395050319235,2.9294486980237404,2.7562480595481755
855,pop_0,4.572510905732803,3.1570874007715446,3.767211267401752,3.691395394125416
856,pop_0,3.8722919446893327,3.583431233497938,3.626820845895332,3.6055615081611494
857,pop_0,4.078368037322358,1.5383828964272257,2.8956194569746985,2.251682909950162
858,pop_0,3.526265136123418,2.383853851208388,3.251812264288342,3.7880376808560374
859,pop_0,2.77965577305262,2.8801216030065544,3.0089827640344677,1.957693004076046
860,pop_0,2.866195733555905,2.826926789128836,2.3676462913496605,2.969992372213981
861,pop_0,2.97355210724151,2.7684390059852424,3.169863322263849,2.141886547988984
862,pop_0,3.206904249572716,2.2807515444172424,3.7955091500112657,1.721600782641512
863,pop_0,3.174583440264332,2.8863839855054776,3.5389376664283354,2.3406121538916453
864,pop_0,3.799936276426414,2.5792957561353886,3.1806523248422884,2.4572990853727736
865,pop_0,3.9933343484648076,3.0069853708049026,3.9119472771442627,3.3157205904600926
866,pop_0,4.430705217133003,3.432275642583207,2.2237270697671505,2.3016301937971777
867,pop_0,3.2486514206957375,2.186251875872248,2.5995038388857026,2.0258323567913497
868,pop_0,3.9528489095197474,3.2029949217104026,3.9964036533667167,3.076324194862432
869,pop_0,4.117226530297359,2.544226202839459,3.637495265675935,1.3030962981528482
870,pop_0,3.6114441932606534,3.371339250504633,2.580131108648967,2.7786592556878826
871,pop_0,3.5520736499373764,3.5853662909770136,3.9378434699279246,2.4620799290050255
872,pop_0,2.8426507516419752,3.303874166154599,3.393300969609369,2.479176290343638
873,pop_0,3.2954010623150163,2.338289801123069,2.374234538538654,2.7384510057822573
874,pop_0,2.562749721992858,2.0563386374431967,2.866037426174035,2.458866399640439
875,pop_0,2.634773698172111,3.4024781016628047,2.5109659440738437,2.7208321001399027
876,pop_0,3.381952197319919,3.924457408603545,3.0814313613958957,2.6282458918056086
877,pop_0,3.066144129339607,2.53610102077923,3.6594295430205133,1.9072514847424875
878,pop_0,2.954236531581384,2.428311837605528,2.523212076532555,3.054993019961551
879,pop_0,3.8598625984554986,1.3571563180318835,3.7254601109667815,2.1451074687467635
880,pop_0,3.9139631656067166,2.525656899813727,3.5078302897530387,2.79353669937607
881,pop_0,3.5547088863270098,2.3795188650297217,3.6358988134604004,1.9290200087699199
882,pop_0,3.865558661365723,2.1614970800877047,3.303129902895584,3.0179959484571217
883,pop_0,3.121952402043661,3.1021501516773053,2.6649994964656294,2.9200470153297866
884,pop_0,3.5409924686365306,3.6005324308909685,2.6438270132383774,3.0296454798441332
885,pop_0,3.6055754962443176,2.654087596703209,3.1307901216631437,3.259630246917224
886,pop_0,3.994045830303748,2.778329990157033,2.9177152208261288,2.0952827585120586
887,pop_0,3.8369409165555854,2.1619250029330117,3.358218851286305,2.0619818284721116
888,pop_0,3.6604967598473883,2.8763509777194143,3.9398688175058636,2.692707442897863
889,pop_0,3.9306236642159913,2.2716624610555476,4.073512478726741,2.7767490882662984
890,pop_0,2.8308343284621196,2.91314344839499,3.292188386041583,3.719085599907611
891,pop_0,3.3841692316488263,1.932252643686795,2.4464647841256926,2.6676590109774474
892,pop_0,3.6874426272259817,3.661510083786169,3.3346452247529803,2.0302318315264323
893,pop_0,3.964455111832401,4.110449975604495,3.499479471041531,2.2369117650253982
894,pop_0,2.994021950695404,2.494557267925844,3.1883620492194704,2.337007363081821
895,pop_0,3.0521067188539535,2.332344594670153,3.4011474397038106,3.0085749926099594
896,pop_0,4.122185651534441,2.9104713904588877,2.761223163364468,3.363312948904624
897,pop_0,3.435706314316721,3.2538653593311877,3.140465528360425,1.9465316546001865
898,pop_0,3.4890087537379575,2.4068886106501246,3.188460438724972,3.0973648375368894
899,pop_0,3.3834689385191465,1.5488781350217589,3.2037578786829504,3.1588424729882196
900,pop_0,3.673860435792783,1.3625077236983056,3.648719120786964,3.0800316773107275
901,pop_0,2.6928164273942397,2.2237543317532316,4.431152056768781,2.6539998809647174
902,pop_0,3.771739032574658,2.407798332262298,3.027795206129631,3.2775012719813414
903,pop_0,3.5503824900910237,3.0122780183684146,2.5175684108511134,2.554597642026468
904,pop_0,3.5021537711859887,4.048192946669577,4.186229522530539,2.779565475236731
905,pop_0,3.364844380294291,1.7420973222953386,4.126603347695334,2.6194993664413677
906,pop_0,2.9167947206830327,2.4118338622069286,3.4064990556073718,2.5821227945409797
907,pop_0,2.9592827497061687,2.31561803925253,3.036761488386838,2.6253580764837476
908,pop_0,2.462658644861496,3.010798402097992,4.041775038372485,2.9330217913266146
909,pop_0,3.271138315876732,2.5665864043814293,3.8887507218353634,2.3978896938320284
910,pop_0,3.2392225741117926,2.1622157388691314,3.2006191397864487,2.317106431893517
911,pop_0,3.83502087656742,1.9841450949812502,3.4590145139517836,2.589455924951079
912,pop_0,3.98031707196098,2.292182899156117,2.15149901377351,3.3566122060487396
913,pop_0,3.788133044759278,2.635575932537088,3.69149332615488,2.455762092250443
914,pop_0,3.3669264838937605,3.4427694109499356,3.624267237443948,3.2767527673109336
915,pop_0,3.454653044490026,3.300783218410539,3.3744742329031086,1.8186271055421517
916,pop_0,2.900295587025534,2.5249914367797124,3.135587067158114,2.449776321407244
917,pop_0,3.9100052699739893,2.30287031516452,3.127167748100572,2.897938781832943
918,pop_0,3.368607693398697,2.4842577317165255,3.611774424125039,2.5947331645214375
919,pop_0,3.9614399110985565,2.57612556487748,3.288298411900385,3.055468910650073
920,pop_0,3.1445536190816052,2.6570664005665474,3.3627612209985793,3.189190406420801
921,pop_0,4.28070334682828,3.3128857815112203,3.6791017283228418,2.6946929856466477
922,pop_0,3.352846421512002,1.9515827546283095,2.9603074173351827,2.4938032457096924
923,pop_0,3.6344907842132566,2.5557576516241824,2.7851806979514393,2.5766128729174103
924,pop_0,4.016136978391212,2.5778957786973167,2.7915345173783517,2.1684545645336604
925,pop_0,4.288207016702688,2.818851167964784,2.40666267422098,3.2419420662938903
926,pop_0,3.3796977706396043,2.2965583779834935,2.829978032592495,2.5639027641988337
927,pop_0,3.006572870109392,2.084492600094683,3.4266537005541684,2.361263062690742
928,pop_0,4.330871614221752,2.1084609745758915,3.214683566954446,2.9423725174871023
929,pop_0,3.4387072380560832,1.9562495064569734,3.891642973033232,2.969387799580657
930,pop_0,3.3800476811267055,2.4125945770731083,2.909216139910101,1.9761429636820282
931,pop_0,3.555964749570946,2.5519272476766983,2.9634943146647093,2.6315079162412354
932,pop_0,3.6579905558923853,2.787829493445923,2.6990707896271293,2.6552565014989526
933,pop_0,3.144609312557008,2.3192379603374547,3.243205701530291,2.4265423863074207
934,pop_0,4.134378929644899,2.1657076746922104,2.7603131838721975,2.522447202889686
935,pop_0,3.7134905646237617,2.426727035564821,3.065349320779013,2.6065614062378635
936,pop_0,2.647491420704041,3.297594408266268,2.145267835672592,2.929610370197603
937,pop_0,3.8874303343990864,2.6924879510028634,3.626669713115731,3.0902995313135584
938,pop_0,3.374657016121955,2.277079380993584,3.8687104305510034,3.628728137751982
939,pop_0,3.949358624768598,3.3740975754068274,3.638881435235191,2.5376051636842822
940,pop_0,3.307285865837718,2.550981190446612,2.723179880483757,3.308904527036262
941,pop_0,2.83383446667158,2.8974910165607977,3.6252369619050984,1.881456338687413
942,pop_0,3.2596791167760735,3.2829409940953354,3.3668306080408086,2.5362055897670652
943,pop_0,3.1051447775641017,2.6233308629074212,2.9079886747911248,2.3059451837815805
944,pop_0,3.2682589942672893,2.556522160132576,2.7057361121738484,3.1618256367127073
945,pop_0,3.841192990585607,2.4910865849792008,4.600456594106553,2.9186919013775334
946,pop_0,3.1905462448454185,2.3866294205061904,3.5190900032833285,2.5771566207487466
947,pop_0,3.997239758720796,3.554088811190076,3.573108861815454,2.5791561762072206
948,pop_0,4.349215535313378,2.9880557064982667,3.438398428408691,3.425627106865175
949,pop_0,4.154526129755173,2.8432642031471222,3.105675597331438,2.355489832984739
950,pop_0,3.7347030697228503,2.6513330828807877,2.895920988231768,3.1120736422774264
951,pop_0,3.0484396352623477,2.382255442515769,3.116068863170818,3.2545283664074955
952,pop_0,2.9245709409298755,3.042843235111718,2.954826287373153,2.2782068686251957
953,pop_0,3.226576236839687,2.593635451131533,3.0761904191787175,3.48485662021821
954,pop_0,3.2767097736410036,3.3300920984410984,3.0742324588718395,1.8476156885538733
955,pop_0,3.9748186405423205,3.682411165080871,3.944013776850952,2.8167793225848192
956,pop_0,3.119445983988757,2.201189264250175,3.631668492627474,3.497984623485535
957,pop_0,3.1888223031191445,2.971332064034695,3.1516431816370267,3.732122476610294
958,pop_0,4.46868911239984,3.234817206812441,1.760504000760592,2.2203869143519106
959,pop_0,3.070073369379164,2.2638577507438695,3.3376374497189696,2.7626913507300546
960,pop_0,3.16975266598059,3.354435838615497,3.1411437284189776,2.4842480116649552
961,pop_0,2.830375715576986,2.13498194941776,2.7870848210788144,2.4105331289712533
962,pop_0,3.0129695393680627,2.56808209103375,3.1414854308055484,2.3700095580377063
963,pop_0,2.648592500036023,1.6501758891969645,3.2951136005697528,2.775966158667513
964,pop_0,3.46380038314744,2.568608183891324,2.910595809005733,2.736838631493987
965,pop_0,3.4683799801030144,2.939533097651956,3.381912127660977,3.0208534487052345
966,pop_0,4.012111406360149,2.630751645076342,2.8936345455288706,2.059965500591807
967,pop_0,1.824087981339404,2.5909975166576227,3.0786525958087356,3.653486860074175
968,pop_0,3.533356834634555,3.290890751795084,2.897495313848088,2.6797827004812556
969,pop_0,3.272495808133424,3.5670693721356868,3.03918703533604,1.9782765471799233
970,pop_0,2.67402716373516,2.5591934815641655,3.427784317244928,2.726405728764806
971,pop_0,3.30107041962613,2.732953770935357,3.5956782794315387,2.6413149718313633
972,pop_0,2.446376981751447,2.677862087698325,2.1579244139827787,2.146616962377035
973,pop_0,2.2657180013209928,3.0160659223915967,3.6392362923047603,1.8238853005766191
974,pop_0,3.397395159996824,2.4671133776415,2.7584037114822944,3.1822910572256324
975,pop_0,3.7653126262789733,3.1447933125824963,3.3425832589160804,2.722954503517807
976,pop_0,3.1959090952205,2.4911462519509677,3.13764666443067,1.668703419704034
977,pop_0,3.887125078360895,3.0571869292933953,2.344520532622562,3.1088326824212307
978,pop_0,3.0511352181300477,2.1316159870511613,3.6851322330883676,2.398384177797117
979,pop_0,3.4315696392412627,2.994993462312311,3.3796948049192923,2.9034384805783287
980,pop_0,2.6002918477276933,3.2017074931011873,3.1788610472833123,2.7664472440094263
981,pop_0,3.2591235971464814,2.6406045915765133,3.1224637210509956,2.54078004553454
982,pop_0,2.3347809350748507,2.346265356814928,3.2957511994788184,3.7523469371102793
983,pop_0,2.871356549274698,2.504428054047863,2.555467607627937,2.3869129034463463
984,pop_0,3.62132189438303,2.7702360046108434,2.7222480084477008,2.722058726329409
985,pop_0,3.2291796887923283,3.057335746677915,3.15626340514331,3.2032041820174646
986,pop_0,4.151737753228705,3.5489877810360415,2.8210940512787146,2.2624244305862202
987,pop_0,3.242117486683876,3.150610051563479,3.065239967479308,2.8986270121398547
988,pop_0,4.22249924981415,2.2973766099774178,2.5582796186085646,2.8067115275752923
989,pop_0,3.469804133723032,2.58646627261486,3.481256670599993,3.351594680804833
990,pop_0,3.114533167600699,3.1684479049141228,3.1503552037041156,2.3387017297303863
991,pop_0,3.933906824325878,1.1730796876551488,3.617171329802062,3.246568256006208
992,pop_0,2.851657205382346,2.697280470871484,2.94639739747524,1.9603969202055487
993,pop_0,3.208288747033862,2.472353748486864,3.1907857868625857,3.062274675363155
994,pop_0,2.656457658093629,3.7652278254009586,4.375662350937891,2.41440672245786
995,pop_0,3.5157254672635134,3.3334203999275167,3.909263792675706,2.6023477302958673
996,pop_0,2.841610630180129,2.941105769449555,3.580015267926066,2.5485733877237493
997,pop_0,3.758190386776124,2.869871713173998,3.5919724715025705,3.1784756790998396
998,pop_0,3.5499819365262013,2.865705074436274,3.718182781897273,2.8482609489053967
999,pop_0,3.3304819500817486,2.511022700713186,1.9605254774189218,2.2452956269081956
9000,pop_1,3.478107403605382,3.547770383182948,2.336703470295605,3.0264143660825416
9001,pop_1,2.180685792072465,2.8657374267052345,3.0524213313683406,3.2392992665785574
9002,pop_1,3.5099275421274467,3.0964614966790744,2.5111190219831903,2.2424276876108316
9003,pop_1,3.13020373428489,3.0199747255571197,2.6434753208683253,3.3473244955079315
9004,pop_1,3.210395177332825,3.120926348322046,3.8972252578917406,2.74416528718885
9005,pop_1,3.478676141304592,3.642378719747945,3.6940339093400976,3.778091943038107
9006,pop_1,3.690946163133044,3.2432904776438067,3.179406172629953,2.993040954053813
9007,pop_1,3.414551037526524,3.210228030501394,3.4139430626121765,3.732672167475272
9008,pop_1,3.18834181195479,2.6255386486735173,2.4984801460794137,3.515700713951734
9009,pop_1,3.4938829501844006,3.2802702898989606,2.7671198760933278,3.8287160099596766
9010,pop_1,4.089981176133763,3.3833957856938994,2.3328055089460116,2.5310365062773457
9011,pop_1,1.9523066155305586,2.688525992501824,2.4293074978321085,2.927449868945966
9012,pop_1,3.452958691056066,2.7655425890057423,2.886591296006976,3.145441386386386
9013,pop_1,2.199825398432598,3.0121192791314146,2.416243712938397,3.9390134112873003
9014,pop_1,3.718729240465769,3.0632296875139553,2.5814319150447194,3.297154550790766
9015,pop_1,3.2827573093407563,3.1780224953513194,2.390353823870109,3.6043029530722825
9016,pop_1,2.948536930667621,2.8064986727852452,1.827974261535556,3.934509503852643
9017,pop_1,3.0316531595108174,1.897591183169332,1.986914808194857,3.9340885923103532
9018,pop_1,2.8542968544239065,2.9646806919983346,3.3530442710598085,3.04913293699085
9019,pop_1,3.4395873518178233,3.00282218701842,2.414583523524008,3.8448712577613353
9020,pop_1,2.943559630302398,3.001110980793671,3.1032901540857996,2.859966713422297
9021,pop_1,4.729179984321894,2.6506783516326706,3.0919965728742684,3.1918576557702236
9022,pop_1,2.4168921597280395,3.8353491585439143,3.277030366001463,2.812371076712516
9023,pop_1,2.8673990511727343,3.847481489619814,2.790453263235282,2.082977068492918
9024,pop_1,3.9016605816957783,2.8936361971081723,2.7125108624953254,3.6688667733062115
9025,pop_1,3.271451095321565,3.870792301045516,3.3699085746082007,3.6612147269220117
9026,pop_1,2.342342136661604,3.3765970218290766,3.088352989109725,3.0027194875764214
9027,pop_1,2.7595327729218972,3.2770807770898913,3.956876645846179,3.0734028358900636
9028,pop_1,2.6820976919874395,3.073194785264941,1.9082163603130413,3.532627433824787
9029,pop_1,3.0882613545040654,3.2287756803984413,3.141640045995657,3.479030437370264
9030,pop_1,3.1354965977979203,2.1163050204681877,2.4350528930196473,3.664520060803514
9031,pop_1,2.728070256334432,2.377026448857191,2.8596168519597502,3.5432543663312708
9032,pop_1,3.4851191376879895,3.5146652818481154,2.876364510864783,2.9526993623547466
9033,pop_1,3.0432949856715585,3.4713942908399944,2.9098697618202825,4.169768886959985
9034,pop_1,3.593866680282317,3.2049586036534374,2.5683486281291006,3.866674198093126
9035,pop_1,2.9470833293925667,3.4283090618403063,2.5200979858891377,3.4842391510672948
9036,pop_1,2.6584707481073195,2.881525167311026,2.8729457156199434,3.391078350532307
9037,pop_1,2.9766121983691365,3.5899103184464765,2.883013109581413,4.091495103181083
9038,pop_1,3.0476799855107513,2.5707328346999034,3.5704844263247235,3.6092119127837075
9039,pop_1,3.852834254053438,2.467660420420321,3.0528062139944736,3.0490202973575595
9040,pop_1,3.089245075560727,3.6942527786638917,3.019716361341624,3.128750314928291
9041,pop_1,3.1156355608212696,3.998556279299704,2.4385925673153404,2.9187432526011987
9042,pop_1,4.040062730055946,3.490663504894687,2.621751702894574,3.114495199129247
9043,pop_1,2.50862610036899,3.210623785969047,2.861631742449019,3.7190029596660246
9044,pop_1,2.5665024615684953,2.847614528022636,2.7676970146234905,3.540098603046495
9045,pop_1,2.8890808124947034,2.7829468290456325,3.1673397109741397,2.8378351313440824
9046,pop_1,2.7074218410003246,3.3330864135730494,2.33159836822599,2.9635069598128405
9047,pop_1,3.3894637054378114,3.5949294826025113,3.3228376245782982,3.5781369835808943
9048,pop_1,3.2758637783638553,2.8699772914929604,3.0658666323201884,4.35814792471807
9049,pop_1,2.3571783958851333,2.6657139602692457,1.9805088649892024,3.5606293139050114
9050,pop_1,3.1058872276874183,2.936448706880779,3.0461409033885896,3.358078769668584
9051,pop_1,3.953561980481153,3.2132299361782453,3.0838372286905145,3.562431000941508
9052,pop_1,4.510815914312551,3.030733233185664,3.481124557709244,3.5542288078860063
9053,pop_1,3.0499583060958884,3.9084646234289133,2.683953924732657,3.393791825625323
9054,pop_1,3.709459813747131,3.1122384527006703,2.299611195331801,3.5864010406895663
9055,pop_1,3.3281183538688217,3.0131296033377253,2.887341525562711,2.597085377617409
9056,pop_1,2.9054482854888275,3.4842702506206225,2.0009229837626235,3.825171688594516
9057,pop_1,2.530595862840105,3.8544745016164743,2.4319546098741864,3.064212015964619
9058,pop_1,2.973596590438674,3.2308623123825497,2.7023215021723526,2.9567092523690515
9059,pop_1,3.7408348870224604,3.0556902219963438,3.839112193241726,3.030357054089671
9060,pop_1,3.177446476260405,3.3426677324890144,3.073721836884615,3.7006445086393964
9061,pop_1,2.8418080912278563,2.3847950132099633,3.0792879811477762,4.320693029061868
9062,pop_1,2.7310921401978554,3.981361037319093,1.8153799521953766,2.89038620633526
9063,pop_1,3.894588528823956,2.62434634500008,3.190496822831477,3.608233223784396
9064,pop_1,3.752592113636111,3.8243116182146086,3.8350736262399776,2.935743548952568
9065,pop_1,2.8257973613993608,3.3095642743993547,2.8235869008854717,3.5029798386395243
9066,pop_1,2.101054256824595,3.1663209546009883,3.0963178565453804,2.9252754818113713
9067,pop_1,2.6565882908585685,3.36106573445434,2.244007251793223,4.188502460900947
9068,pop_1,3.342593102273512,3.2467730423466543,2.6718226801704184,3.4160220170578564
9069,pop_1,3.350657168262714,2.8387381819962365,3.9259335554303707,4.07073998745453
9070,pop_1,3.129036429292152,2.8804645543268355,3.4584632000277167,3.6722537307782455
9071,pop_1,2.56765750773153,3.7778704866320614,3.6097199343072526,2.589383548195027
9072,pop_1,3.319605304579557,2.7805355751481735,2.906607519199561,3.6104145531762284
9073,pop_1,2.2740968423972303,2.982568559729737,2.7298012204565727,2.807198172426924
9074,pop_1,3.2335025081738764,3.3576512374875325,2.539368499686123,3.413107341855264
9075,pop_1,3.0987437266889617,3.5989206275356405,2.8041017872109992,2.763716233968424
9076,pop_1,3.0258429794465074,3.0658619328474948,2.8498883101328394,3.3552689973411827
9077,pop_1,2.6483045346653724,3.2373237193591082,3.2005209688495087,2.658900685931814
9078,pop_1,3.2881080466494206,3.4767573136421004,4.089501775439315,3.832541784951279
9079,pop_1,3.543190717450483,3.164702603519991,3.3157609108860124,3.691321620472784
9080,pop_1,3.233136465927901,3.597960861110823,3.031848867607767,3.670119549498556
9081,pop_1,3.3600563047343113,3.7520693200624735,3.611186962709075,3.8088000752085196
9082,pop_1,3.2590268563681932,3.4550952126616714,3.4622125423217134,4.115565386600591
9083,pop_1,3.0941896877735706,2.8399230958139587,2.19117008988473,3.722617751272249
9084,pop_1,2.566383112492939,3.8553196868764745,2.740458549734483,3.9911336854962807
9085,pop_1,3.2926738556116977,3.0064608749333677,3.9209684537434386,3.6543176404336726
9086,pop_1,2.390000764649666,2.323465993153639,2.574878098115847,3.548713784053496
9087,pop_1,3.4286935104534377,2.8152690669163647,2.832657600758301,4.555585693463259
9088,pop_1,3.2033948036586715,3.0855706368199853,3.5739975554191656,3.6404551040676028
9089,pop_1,2.847341255862763,3.221585159028285,3.964624424166781,3.166559587320377
9090,pop_1,3.2474797626504004,2.984208378231538,2.9234615867582057,3.2117915353587327
9091,pop_1,3.1083522089399267,3.439548025937352,3.1733423008042623,4.051076865746933
9092,pop_1,3.400335076223048,3.6485231919464614,2.7051247356327393,4.143003313768923
9093,pop_1,3.9089312622767785,3.1126457794732354,2.7244401820779545,2.831145934655715
9094,pop_1,3.1619116264319542,2.422302618100341,3.6895717965824972,3.054178904141683
9095,pop_1,3.632479892583254,3.8278214411401534,2.3744740218992533,2.3806416443399687
9096,pop_1,3.592420018388239,3.179020698865227,2.9444981088047997,3.6323721073063138
9097,pop_1,4.068213610512385,2.6928209637582072,2.4788961651681682,3.16428717893784
9098,pop_1,3.0235191715177616,2.8868254793407933,2.856804153125967,3.4019395616228234
9099,pop_1,2.555695161083338,3.254342400054676,2.118673544480886,2.442051228543132
9100,pop_1,3.620640757000664,3.6428613155130414,3.209776136794778,2.8160230005867377
9101,pop_1,3.4234113887239186,2.3034541912213564,3.58798768975441,2.571542480840567
9102,pop_1,2.5230255834730366,3.219212674753696,2.5016361888645027,3.204819401089098
9103,pop_1,3.463020042981146,3.3318569075255504,2.2771119434494764,2.9740682764354887
9104,pop_1,2.6666870390932877,4.1206526620882356,2.8543163028589067,3.9110950437101337
9105,pop_1,2.72384998254879,3.143478084011825,3.2428884633756896,3.6517710944292117
9106,pop_1,4.709054460868242,2.6194641444131923,2.5694910003985503,2.4394315966421205
9107,pop_1,3.5226531485426875,4.544933085598049,2.667447824427431,2.968341473412834
9108,pop_1,3.189332773944893,3.4067146920857465,3.6124277852435207,4.0059378673753105
9109,pop_1,3.8754787349195015,3.6260228160441343,2.79943987905086,2.9933425198583694
9110,pop_1,3.271956553086658,2.7559031817671604,2.899652513517076,3.2824277963770774
9111,pop_1,3.599047137957077,3.2777281626410013,2.792002094624455,3.3681427057749596
9112,pop_1,2.771353559087724,2.4112392736338544,2.266700193418663,3.202753591999095
9113,pop_1,3.944176841058086,2.776199058872803,2.8166832637935206,3.0296735992782056
9114,pop_1,2.628827657269827,2.8565464382506223,2.6339981004501376,3.7293078991729285
9115,pop_1,3.354891849222499,3.839429297814512,4.097507192400806,3.564499227608515
9116,pop_1,3.3535519316344784,2.7899541484169883,2.4508134050772075,2.926191184701692
9117,pop_1,2.9742484624962238,2.9712236812800525,3.4862493171288955,3.007907717818187
9118,pop_1,3.711154115929657,2.9683299262596403,3.5545142571715536,3.6801432134770082
9119,pop_1,3.601442160674402,3.4251270084280554,3.2113861934806835,3.3650289793663797
9120,pop_1,2.878074855779831,2.908842965005687,3.487630352588587,2.710694885742535
9121,pop_1,3.2394896993084696,3.7205586533746415,3.1446818669620877,2.7204319948951214
9122,pop_1,4.281437623962668,2.465858660006727,2.5861436772389226,2.9081475623119393
9123,pop_1,3.224676763350271,2.813218535365955,2.9317702012218043,2.4470729173233914
9124,pop_1,3.557251984076387,3.8640410172953,3.5106616640793287,3.607089309240362
9125,pop_1,3.5427239781814155,3.3875302457170755,3.5188874275580186,3.666513165565641
9126,pop_1,3.8580157268769444,3.218015649923264,2.9677925057884753,3.8211776659893886
9127,pop_1,3.779590439392493,2.5898785260349824,3.5123373115668524,4.477958293719953
9128,pop_1,2.5106366702735095,2.1486133925127504,2.6122772246494312,4.097933054825365
9129,pop_1,3.633800341027529,3.5216224726279197,2.713280218904447,3.5220198103305806
9130,pop_1,3.357614967880004,3.04750502196877,4.052351274278262,2.767524575044348
9131,pop_1,2.8884439523274823,3.89428218711342,3.206442491999083,3.6677788728653553
9132,pop_1,3.555269065410948,3.088734684164327,2.9094371619815336,2.9694625829587387
9133,pop_1,2.942293198427068,3.0413368446789937,2.905986562888462,4.2902282865880625
9134,pop_1,3.4119835324254306,3.0349605929218697,3.1459598486812177,2.783921821416179
9135,pop_1,3.7111864887674364,3.8983574901013016,3.069987623992885,2.504858377322872
9136,pop_1,3.9105362588330235,3.0917302031215828,3.402406898042983,3.176965392064293
9137,pop_1,2.9799545509957825,3.5297737598119117,2.905516256430843,3.208857067885372
9138,pop_1,2.4293344632634155,3.2246238802996032,3.105944870881029,2.9029519168655766
9139,pop_1,3.4221498334319076,2.9091397993324044,3.2821284956465675,3.2953592783857366
9140,pop_1,4.113082440139134,2.6855050739679784,3.0157813504859394,3.852798100584768
9141,pop_1,2.952010892482593,3.5482607133192077,2.3923674799052046,3.405176534660375
9142,pop_1,3.0510794584678265,3.069186653374045,2.330291863002871,3.3334104794657335
9143,pop_1,2.9047292867027377,3.669598278063429,2.9314604981631254,3.4310780516134414
9144,pop_1,4.097010639340439,3.2610892407853416,2.6924220215313737,3.163742766540812
9145,pop_1,3.571520810788175,3.6452998462121258,3.0469227080648023,2.74270291653965
9146,pop_1,3.6650563475729454,3.224977096343343,2.526545577958545,3.324581947376696
9147,pop_1,2.6412774354151622,2.9053619279750253,2.520330823281245,3.010129609100133
9148,pop_1,3.660349049819584,2.9225585380064065,3.2697665408955205,3.4144266134626404
9149,pop_1,3.1765450458277815,2.3872385507753187,2.5250543791117654,3.1807949274291696
9150,pop_1,2.6314830404664926,3.4429826584808754,3.5404107219327803,3.1598046738577525
9151,pop_1,3.133948829812652,2.5986475801722873,2.95675359913093,3.248757506289286
9152,pop_1,4.051640887997418,3.180553171389674,2.186301654631974,2.49561799719861
9153,pop_1,3.7021855506872416,3.477435592347817,3.448316337016465,2.6930618587852924
9154,pop_1,3.693227986765215,3.405764473228788,3.42826041008499,2.614456147126009
9155,pop_1,2.9280508869933657,3.096858660319915,3.0208633738873822,2.9395236956910873
9156,pop_1,3.9593987234691737,3.9822073958119453,3.2893374888025715,3.2461565876343785
9157,pop_1,3.349866816993393,3.277107416643192,3.0105758051757383,2.6692408908099883
9158,pop_1,4.044626681575325,3.330769621165792,2.8849495478134184,2.6950425190791245
9159,pop_1,3.4273649859044815,4.037231130121799,3.560459528918533,3.634211062295491
9160,pop_1,3.5268012969814926,2.82176245512752,2.606404109079243,3.8648377964239278
9161,pop_1,3.121479439052082,3.590767834049494,2.932392651036659,3.930366382126275
9162,pop_1,3.948678608410855,4.071475737112925,2.670665983180769,4.189853678297112
9163,pop_1,3.9192124457317417,3.3586884383828317,2.9333175969585166,3.3306791612172444
9164,pop_1,2.941458017657039,3.2945674756032584,2.979203249926933,3.476898020836342
9165,pop_1,3.2363813616867163,3.6509190551613013,3.690068555389012,3.142049736363639
9166,pop_1,3.138637484444701,2.7815123109804842,3.2639329783547266,4.1732865120140685
9167,pop_1,3.8549849237164002,3.8063669109162785,2.4968724755137255,3.8683563984370792
9168,pop_1,3.945261032730176,3.3305090358492486,3.2426535546272994,3.0788152783489906
9169,pop_1,4.312546480832873,4.081100157048778,3.136021191030776,2.850443674823718
9170,pop_1,3.3136916027853562,3.5057224233165316,3.7101384591662088,3.7668291200591875
9171,pop_1,3.846504611545482,3.792977456168702,3.199692811170817,3.1959351662250275
9172,pop_1,3.6699678223609853,3.1109239683355465,3.064844292076871,3.7475569365464856
9173,pop_1,3.733223666925601,3.244146402714454,3.7358827580609955,4.069331743096116
9174,pop_1,3.4389432566380056,3.7217691805479904,3.1194514590050417,3.9026472838462976
9175,pop_1,3.262373568787084,3.451908845408134,3.048693523310508,2.968761606156675
9176,pop_1,3.5628476679742622,3.7179036146331597,3.6916710928316125,3.5386882434634446
9177,pop_1,3.410797030392832,3.970517462904112,2.2776724835604116,3.414240399515742
9178,pop_1,3.9894982339002216,3.23317619613709,2.5872073890694236,4.274264789823123
9179,pop_1,4.428402648879006,2.546893941691013,2.4277570849688463,2.9920613106993152
9180,pop_1,3.284111989159132,3.0980432694348696,3.000001355041228,3.5980378165681657
9181,pop_1,2.7030116027292084,2.9775551519018655,2.6356991338469142,3.548857860362475
9182,pop_1,3.0579326009209225,3.040299967854914,2.7358500693738463,3.068522321849722
9183,pop_1,4.622220391161902,3.761534458137743,3.996197487622466,3.8972750984538362
9184,pop_1,3.2307131457238127,3.335130328156091,3.1481776061001563,3.902591344603908
9185,pop_1,2.8252905285067342,2.6051706594702155,2.754120151962942,3.223574496611585
9186,pop_1,3.95172610233404,3.273718857201414,3.1935653361116945,3.2429450330392067
9187,pop_1,3.803284412372446,4.563968421629541,3.1878669421068215,4.095170338976229
9188,pop_1,3.8030079056449226,2.2605729749613523,3.8654980913679635,2.427064189684273
9189,pop_1,2.7707247109704847,3.3375484861434908,2.3602464108502814,2.842860677181181
9190,pop_1,2.8648076946874284,2.459998234613663,4.060296396125722,3.2504618694070535
9191,pop_1,2.274251117305606,3.7340173886527994,2.866179069217421,3.769377244456546
9192,pop_1,2.2659137519725108,2.8795687581525944,3.3887523890730598,2.8165288163469917
9193,pop_1,3.597905158730945,2.458375797985842,2.792255339400328,3.798769396384385
9194,pop_1,3.3036302048808457,3.2526005642900673,2.818355549998513,3.2421841518460868
9195,pop_1,4.4861856264936,3.0352659285828563,2.654966952255511,3.1618982843862042
9196,pop_1,2.7642276349775203,3.120542836608585,2.978008743409247,3.2610452474315124
9197,pop_1,2.676045643397928,2.7216499696527965,3.0051818921589466,2.862666223450521
9198,pop_1,2.8359960239135824,2.5459517261461118,3.2885889452780326,1.8722942399254578
9199,pop_1,3.248556941140377,2.928340950714139,3.3910659310897326,3.060791875494323
9200,pop_1,3.1935902836898022,3.5118539084913163,2.6538313946716965,2.443955159114926
9201,pop_1,2.5743139322372066,2.1801342866323488,3.9402662222287006,3.8251397115027177
9202,pop_1,3.781742068255004,3.1544216926305504,2.9198000606046275,3.7828112054178127
9203,pop_1,3.9412484218955384,3.322030233184679,2.8099294379456548,3.581217677525489
9204,pop_1,3.378810970479736,2.7228541727576387,3.5714996908231025,2.435465428704536
9205,pop_1,3.2734783241600227,3.357362065081372,3.8479838978358125,2.762892810238207
9206,pop_1,3.2434986345774743,2.6514321719005842,2.6034116918365138,3.2360436375966173
9207,pop_1,3.386675824977656,3.3591551562052655,2.896927467722568,2.7235099031470873
9208,pop_1,3.19871836688748,2.9178562150885425,3.732390590316676,3.4552066181059438
9209,pop_1,4.3449992416408705,3.3138077505869155,3.109022703426775,3.292153326167777
9210,pop_1,3.3377332100792794,2.5791085696937355,3.0692670836849416,3.544873755902059
9211,pop_1,4.283098997158105,3.522417098224384,3.3834842775597895,3.8981491133073236
9212,pop_1,2.4183274401615,2.3046462312073035,2.682479695174087,2.6448899328372173
9213,pop_1,3.5046824226184845,3.025165612843741,4.095215855272232,3.792922765242394
9214,pop_1,3.8348268328230826,2.571423761052995,3.372595559281466,3.376124271633001
9215,pop_1,3.3561026854221603,3.1729585469835357,3.755183119223369,3.553626156478017
9216,pop_1,3.349920838318965,2.9762477266571086,3.784271279830472,3.2615947639925262
9217,pop_1,3.93391288127261,3.734391593922772,3.020066076187953,2.9829595417239254
9218,pop_1,3.8949155532057054,2.463987220406539,2.8064257026782062,3.8293435828776503
9219,pop_1,3.4051670519569974,3.3775823506642677,3.35438815931977,2.9465090892471686
9220,pop_1,3.0452265043726174,1.5201710934708859,3.5713062509792124,2.416114621926839
9221,pop_1,2.7546782417423543,3.6719861199531167,2.953697011102667,3.4569740756534357
9222,pop_1,3.173105345619417,2.388367247274013,1.8966130410642341,3.288612538725488
9223,pop_1,3.2053942155400894,2.8867888510642086,2.6780106690304497,2.7171674552725458
9224,pop_1,3.59974395849261,3.34357263074934,3.2124838341303086,3.1750411658815056
9225,pop_1,3.642086833099949,3.600548422698166,2.413167461669203,2.8887867510107803
9226,pop_1,2.7105307319479195,2.771549900065183,3.0285459101508962,2.5010464354751663
9227,pop_1,3.269971575450705,4.215855220546625,2.9103043448373875,3.433117566398138
9228,pop_1,3.61053674833315,4.021652877675703,2.9916366166081607,3.736112641089437
9229,pop_1,3.773280966808602,2.833486899200018,2.5652735059163185,4.413630333428571
9230,pop_1,2.9835251821039894,3.5533284816254547,3.3456634400773235,2.6165398070450685
9231,pop_1,2.901821826055541,3.825882866322253,3.5869202067478976,3.5901923359268637
9232,pop_1,2.781512582531729,4.102828696238858,3.0835634043299462,3.3062716443948528
9233,pop_1,3.846281246018198,3.216311564247661,3.3242151851439803,3.366536005399944
9234,pop_1,3.169837537984721,2.34410328478106,2.6759497978698445,3.6791729197922955
9235,pop_1,3.2863647915184537,3.126859603069102,2.9418627603874192,3.6606392060326045
9236,pop_1,3.2446874531265957,2.9945454629676886,3.2728394501204274,3.027793012038233
9237,pop_1,2.842757268035652,3.9977727780741654,3.326835988639785,3.5964844044011093
9238,pop_1,3.6239056680251904,3.2010268522481238,3.0084609185784674,4.493341007731568
9239,pop_1,2.9576010939175914,3.4565576736948698,2.6229213117287786,2.845039546872803
9240,pop_1,3.9435130265117393,2.073624239147652,4.34877622058966,2.539617264379047
9241,pop_1,4.002705827394673,2.2710659719289765,3.158977206976161,2.8985666017229033
9242,pop_1,2.7645499785111416,3.643929323508642,2.9567774725861504,3.236482023505289
9243,pop_1,3.2562029704346007,2.6510603762455354,3.0011899427846465,3.872166574213283
9244,pop_1,3.715855186727827,3.3393410170248794,3.2252861445922885,3.6168139969726556
9245,pop_1,2.434601733760281,2.480328004143388,3.68017299144162,3.414578342414106
9246,pop_1,3.698334670828445,2.9328347470357956,2.787414552924384,3.4843179397836797
9247,pop_1,2.393816512318086,3.3842421816338035,2.582024853440701,3.396679162424799
9248,pop_1,3.543199798895444,3.6389728051959755,1.9751912139591083,3.1943179075833252
9249,pop_1,3.57017498701938,3.0800072289987215,2.998648735441961,2.2704342346240143
9250,pop_1,3.050729559794862,2.9957498783736067,3.6739805896078543,4.452956379728979
9251,pop_1,3.694197593437906,2.898857934013022,2.177170044641148,3.206435898570594
9252,pop_1,2.842226285825329,2.640584742096087,2.698072044381851,2.8679357914227817
9253,pop_1,3.310464366777909,3.90667699737363,4.3057863176677476,3.4974216838388346
9254,pop_1,2.9180656901543904,2.724192013611958,3.385744327941411,4.221234964478611
9255,pop_1,2.939744959362691,3.482083921491644,2.43418672132723,2.9948488999695737
9256,pop_1,2.7264839398532317,3.299436213833636,3.734141623444128,3.594240907873579
9257,pop_1,3.5233219629754045,3.385656169764913,2.9259072762597533,4.601273934717977
9258,pop_1,4.484435975155513,2.9672892773740545,3.6217748725257977,3.831735334954012
9259,pop_1,3.5916207635827218,2.73533671004484,2.482461831677572,2.7346503678367036
9260,pop_1,2.7998915030976224,2.758348649638368,1.814950428242005,3.1932568796864325
9261,pop_1,2.9584453176860004,3.0953210946259277,2.584408869680796,3.410466051775599
9262,pop_1,3.1077716054049755,3.4073983623111825,3.3732063950430105,3.968150718384879
9263,pop_1,3.420786639113533,3.1074501547402993,3.345311896962974,3.874235895775974
9264,pop_1,3.176348185091216,2.9120715795833014,2.685837478937021,4.051177280384281
9265,pop_1,3.4995843342102457,3.4584434464665725,3.031462572135327,2.902863311136934
9266,pop_1,2.7530639213308685,3.5028363882339963,2.210682388082786,3.462655843284072
9267,pop_1,3.7662525788237713,3.7765779470351633,3.3716772930638976,3.075618737970663
9268,pop_1,2.7917282929025364,2.3375294068374672,2.6247368190277287,3.1116775946627175
9269,pop_1,3.1302156409040762,2.80400415957509,3.0427895402168987,3.125255972282237
9270,pop_1,3.702525066643891,3.067625505642514,3.61928447160374,3.3879166304234793
9271,pop_1,2.7417214138306556,3.8487326416440566,2.5316875281920477,3.0504276318439243
9272,pop_1,2.831072649015236,3.127954556698382,3.6490083178940207,3.0852808502705766
9273,pop_1,3.142288319850584,3.080088500791957,2.4914570906213247,3.012291401808117
9274,pop_1,2.960874989666882,3.0273950139170567,2.5790057091729564,2.8430678943653054
9275,pop_1,3.3269695864289615,2.7841564558685215,3.6785414169531796,3.214901800300462
9276,pop_1,3.8644859587109144,2.792610776361897,2.7416940500150195,4.273211412654606
9277,pop_1,2.666217363968077,2.681441151114184,3.5288864672652642,2.940743561058383
9278,pop_1,3.221091968229893,2.817610938518133,2.8939650773058916,3.287769502843691
9279,pop_1,3.2914158297920455,3.721785600180291,2.080393657858533,3.829119022449996
9280,pop_1,2.5560782535865387,3.105507669758725,3.2462006215895647,3.346092653217719
9281,pop_1,3.4793279069461303,3.3993029930040013,2.499586930390135,2.9372686885617965
9282,pop_1,3.6908138599616733,3.0702269373479294,2.5237334290975992,3.4600085618513416
9283,pop_1,3.5234934772245947,3.5026336385370684,2.630335255633452,4.363304535577437
9284,pop_1,4.010591295536496,3.0021712040791266,2.3860370591637254,4.018425899532666
9285,pop_1,2.822904501823502,2.8108564610440276,2.302422066156882,3.5930594062290546
9286,pop_1,3.3540920764415705,3.9650503049587194,2.7492065317111622,3.325245392472508
9287,pop_1,4.017986156550476,3.9724192587703167,3.105358809413495,3.3064733899208942
9288,pop_1,3.4084455415536277,2.650756641095564,2.8863786521473176,3.382400118528356
9289,pop_1,3.5844684122920287,3.574770703426861,3.1269359559535297,3.0429755663049045
9290,pop_1,3.3541266428428687,3.162625761770769,3.3166222384632214,4.38634408691706
9291,pop_1,2.3342305102056207,3.6791115216825103,2.572723346790218,3.147391595302643
9292,pop_1,3.6588179868545483,2.4463939623800894,3.2562541279441795,3.247009980802306
9293,pop_1,3.997451390195357,3.4935894895104145,2.4535043021123224,3.1773610886545605
9294,pop_1,3.3568138534256793,2.661055575634747,2.7740830549680378,2.9108528246393766
9295,pop_1,2.9675880598493065,2.7989568989225715,3.282420022398025,3.3791922997955175
9296,pop_1,3.2005205598127224,3.190314699673849,2.792603395685098,3.365454679598891
9297,pop_1,3.1992538068420435,2.5302458400475025,3.2828394565808443,2.988206789900762
9298,pop_1,3.2097588241895294,3.173614747349677,2.991699595283946,3.436105945440795
9299,pop_1,3.874892850997858,3.4085545489494646,2.650480808345699,2.808689915875554
9300,pop_1,3.338482563718284,2.7301180733020742,3.4323978895069733,3.5408420210228395
9301,pop_1,3.680779367880732,3.0530981825114507,2.983100351741113,3.2710433602968902
9302,pop_1,3.1087611317646684,2.5374927745694356,2.353181392279095,2.384611947425049
9303,pop_1,3.4089986325432746,3.551575952075659,3.194932412759902,3.392239727051723
9304,pop_1,3.098997728156874,2.8816890736128493,3.774963508961865,3.3656887202491945
9305,pop_1,2.8906340221019526,3.1866494716674807,2.875471689890449,3.626456182556143
9306,pop_1,3.4335104722084853,3.6106670430759022,3.203925068874173,2.5733089599719916
9307,pop_1,3.193800065830476,2.9110388198567665,3.8528981102408584,2.814562703082504
9308,pop_1,2.8565165019434886,3.685504741544619,3.721138206316719,4.270457740458854
9309,pop_1,4.218280871901071,3.1615039527382613,1.972421892627043,3.530510587986798
9310,pop_1,2.87045588264073,2.627647901769575,2.8958544438159337,3.4507947350842683
9311,pop_1,4.041081405398766,3.0678701495473084,3.102539181216219,3.9551228584732914
9312,pop_1,2.8906935132185723,2.420758287107539,3.6103771415166297,2.23215115403578
9313,pop_1,3.1417377362648877,3.816132946408765,3.379562228116162,3.2477258945880356
9314,pop_1,3.3392701851775293,2.9529859361630955,2.660406822857835,3.606729851339973
9315,pop_1,3.5896814707664104,2.9005878616440866,2.954104189204328,3.194970112015235
9316,pop_1,3.867635090800882,2.3845344566043396,3.18004807259308,2.834814031953735
9317,pop_1,3.531269880565223,2.686125749779205,2.2789267418119996,2.938270131069102
9318,pop_1,3.0770964045556606,3.4272405353371087,3.141052415025552,3.6289414622410683
9319,pop_1,3.3422342126865723,2.638574633006718,2.719690731763842,3.1328116588455472
9320,pop_1,3.746464940629455,1.8124560915526822,2.3453394353954544,2.810617638902056
9321,pop_1,3.2063146802763107,3.790259185770645,4.073933356162053,2.954265220907089
9322,pop_1,4.123625800505369,2.630498662489696,2.5063514690033,4.229283711443199
9323,pop_1,2.9141603744724898,2.819029248931182,2.803919823188479,2.388816552429261
9324,pop_1,3.1572707123298844,2.6971648542211044,3.633972997133681,2.9334356431007658
9325,pop_1,4.099448273686308,3.0137871298377643,3.7607167339245153,3.0931503703646634
9326,pop_1,3.801221562285817,3.4538633087919166,3.615891058720585,3.664173560571766
9327,pop_1,3.0523258898372045,3.700510314664037,2.8375884456102263,3.848529755562888
9328,pop_1,3.5597401248713036,3.229828268130809,3.0087293219990467,2.715588743455596
9329,pop_1,2.768614611530126,3.0087188784298387,3.269900562754324,3.247932563381106
9330,pop_1,2.745448197680222,2.7738272077464905,3.7255230081581105,3.205034583959801
9331,pop_1,3.7713918650111578,4.382208385106254,2.4875575827537455,3.832377908401264
9332,pop_1,2.4895115486507233,2.895254594972166,3.503593945747586,2.8362902920619257
9333,pop_1,3.4854079278598444,2.6959358372337423,3.5613790575476463,3.7658234131400325
9334,pop_1,3.674102981476655,2.814514124230695,2.874515927703433,2.8564011695542098
9335,pop_1,2.5788684378764333,2.59466400796134,2.805427468351592,3.544283783885389
9336,pop_1,2.742197440736775,3.754172365585107,2.7848985450168455,4.0237478325745695
9337,pop_1,3.4481988047452288,3.8371801932763128,2.623301220899188,3.9096336142666637
9338,pop_1,3.503234509961887,2.930735728586152,3.517682938950941,3.9104129546040123
9339,pop_1,3.230137312012879,3.6432428938108843,3.2788659677896095,3.079627764907449
9340,pop_1,2.424305607030883,3.201554185658376,3.1864885104112632,3.687612219100299
9341,pop_1,3.466806728620404,3.400236280103476,2.517090234799812,3.9125083355851085
9342,pop_1,3.1358472530291395,2.9676954359922063,2.7820704738501223,3.0686488470889355
9343,pop_1,3.298044666901012,2.99260316644689,3.0231690820185,4.252634953859537
9344,pop_1,2.252645324700577,2.5709555728524753,2.8892115518862047,3.833999741382707
9345,pop_1,3.843430601638506,3.1100377225378883,3.453542923145074,3.768185797385069
9346,pop_1,3.3339607911497806,3.8324758743840226,3.2194939312520447,3.946631182645401
9347,pop_1,3.2863376801044404,2.954384219275579,4.492382498160611,3.520583752648535
9348,pop_1,3.7164475691290875,3.2722283669761145,2.451948310922692,2.715466236574046
9349,pop_1,3.4132986099295275,3.3671780579333705,2.060084115266836,3.8795164996690295
9350,pop_1,2.3303570218611207,2.8956491747228044,3.3443848378972794,3.127142558983373
9351,pop_1,3.052000409489661,2.5169365509296586,3.121152765421907,2.9354927698120004
9352,pop_1,2.5780292229424973,3.2101388711866217,2.708621618977755,3.382626025803952
9353,pop_1,4.364494206937332,3.685128022111871,1.9718004091086665,2.9584029891059176
9354,pop_1,3.4136179945135154,3.174179546950659,2.9749306306546157,3.2471452424047653
9355,pop_1,2.5827592002636894,3.1299865378939784,1.8168525631003662,3.060169428365561
9356,pop_1,3.1664847222050514,3.9544431383822096,2.7676778039842596,3.1767098666987734
9357,pop_1,4.481497229775636,2.430191736348348,3.55352747084155,3.689062999957564
9358,pop_1,3.4738568788629656,3.188702444426011,3.531642510880327,3.7625530798834745
9359,pop_1,2.3008492965451004,3.5867140873057464,2.8699587070520014,3.151955417084328
9360,pop_1,3.097337771230887,3.8810871440343906,2.6231207136109753,2.88269474772625
9361,pop_1,3.9677781213472083,3.0800023870501945,3.4385459063560067,3.869470268320637
9362,pop_1,3.442697657120002,3.3900677835702244,2.7082659833544867,3.120607617793247
9363,pop_1,3.6010379264554757,3.121579313098023,2.8850954838004923,3.158890392838317
9364,pop_1,2.641094380683591,3.4128592492645256,3.416049931563621,2.5117759643671445
9365,pop_1,3.9958937754827994,3.4787831302031367,2.8990307711583485,2.7999942135362477
9366,pop_1,2.846066231371521,3.3811891664403713,3.395841565097416,3.2799024096463474
9367,pop_1,2.4739259034916286,2.9613290790862057,2.909041042328344,3.818341651036861
9368,pop_1,3.33850287611466,4.522786844424832,3.149087839875386,3.2227078347479505
9369,pop_1,3.135890254135059,2.043653612986865,3.8605613900795017,3.586226140126575
9370,pop_1,2.752919753235774,3.4572508815847613,3.626857763122779,3.851257498250102
9371,pop_1,2.9386561120959063,2.9917697285523364,2.7922896224092213,3.8614452116317217
9372,pop_1,4.023151490347594,3.544133239518784,3.3544548493789272,3.76272840409747
9373,pop_1,2.921778563253025,3.797188328302973,3.3320327899226427,3.7623330834852853
9374,pop_1,3.89902993182954,3.2895926178025836,3.7217892525796885,4.254864466883253
9375,pop_1,3.137789508662277,2.4289118666924803,2.693471313436256,2.3345765389821533
9376,pop_1,2.6670073189498296,2.493840141834228,3.763644529381289,3.8168093179997076
9377,pop_1,2.9005907621302622,2.812537352345146,2.771198044532217,3.0144886709400622
9378,pop_1,2.6295922340026703,3.1481797315363393,2.858033243646263,3.0153864604361713
9379,pop_1,2.4685100076437174,2.669988340037616,2.2206985544759252,2.7037058279418824
9380,pop_1,3.2204077913629945,2.7493943049063465,3.236640872090679,2.939759326733551
9381,pop_1,3.313840221251902,2.7735623675225956,2.625182189418298,3.2315929260256313
9382,pop_1,3.1795137723004436,3.00639627806157,2.3911395998797675,2.803774534507804
9383,pop_1,4.01985616621619,2.58134883520253,3.443871766593762,2.8419055712902113
9384,pop_1,3.3728581666089887,2.1586217932986678,2.921621772836789,3.09034765395545
9385,pop_1,3.5707704485777363,2.6155114795155647,2.6223875655298245,4.1294762513648084
9386,pop_1,3.799639275611315,2.8566923322047764,3.568951967582693,2.968492457157974
9387,pop_1,3.226916306679346,3.62657782895904,2.6237667132519458,3.8999989169848215
9388,pop_1,3.2895472099579592,3.784551323246374,2.93613320949921,3.4781197362081246
9389,pop_1,2.7823801563717385,3.3484793333738976,3.069374766200723,3.5138948325026704
9390,pop_1,3.523997268566184,3.564644996358308,4.309698945096669,2.8909984007154015
9391,pop_1,4.031838302948519,3.213936848876549,3.1700048470257354,3.898240121568282
9392,pop_1,3.304456219937148,2.442762633638536,2.688175818531743,3.0188497066781097
9393,pop_1,2.7770883843477714,3.329391219092292,2.237180413631121,3.038318920152235
9394,pop_1,3.7208872079045685,3.4213935056277855,2.6290272048018077,3.311231771389219
9395,pop_1,2.844525896229495,2.642521660813863,2.9132303358696205,3.0921693564073625
9396,pop_1,2.529522159375686,3.338645307973189,2.4214584538098975,3.943569338374159
9397,pop_1,3.217127320784771,2.945158817781106,2.1328750275983155,4.447796649553343
9398,pop_1,3.7199917515085787,3.3892894213616973,3.216600219367897,3.800030537708772
9399,pop_1,3.0666483517262346,2.513819271418347,3.1437370526743207,3.2739981880765536
9400,pop_1,3.2908578306465284,2.6744779168526445,3.115067635279325,2.7821718790157455
9401,pop_1,3.2817240184576666,3.1453849755541903,3.3571000278324448,2.3129149604188393
9402,pop_1,3.2822076480238347,2.7363058630457036,2.7820024238113925,3.647494114716503
9403,pop_1,3.658332289397091,3.2434817918120924,3.694191210248647,3.2390079443857256
9404,pop_1,2.590665269891424,3.595948702458394,2.879034553108147,3.107962189110236
9405,pop_1,4.00102864795165,2.8552840571778604,2.853184706180466,3.6060141597503153
9406,pop_1,3.6031464389049104,3.626371917874703,2.857920792584577,3.392729685195351
9407,pop_1,3.9768756186668437,3.5412260063365433,3.464815934763637,3.164992748195558
9408,pop_1,3.0954677671565776,3.6217398334092596,2.939822797050823,3.088249390978654
9409,pop_1,4.227959886759343,3.8305633166334054,3.54815609574931,3.7154051147668588
9410,pop_1,3.515499367877933,2.380034257857774,2.4686908091429958,3.6608493347666955
9411,pop_1,3.2341817219408338,3.4626931439199646,2.3887444499385095,4.0327996722831605
9412,pop_1,3.424221755739414,3.390388490116257,3.4677088244675494,3.307904730529606
9413,pop_1,3.3467169409837276,3.119944137536275,2.5716126542061364,3.5282616874695782
9414,pop_1,3.4539724365782494,2.4370758744056626,2.6850765357844426,2.6453227129780243
9415,pop_1,3.59307112683978,2.948905146870112,2.163089092948468,3.5039360298951787
9416,pop_1,3.7577315616837472,3.292874847434394,3.1739652686170325,2.989758443960805
9417,pop_1,3.258594277648704,3.3764612162013075,3.320859242869002,4.045410855181725
9418,pop_1,2.96420317503793,3.0097085163028705,3.1314083764216925,3.3866318554303705
9419,pop_1,2.7630409703475936,3.0656289848189093,2.97455686056902,3.6449220067776156
9420,pop_1,2.388353127594365,3.3475881777426744,2.5053112053490025,3.149006777286934
9421,pop_1,3.876946071155006,3.6769210137216257,2.856747288764768,2.853293261309783
9422,pop_1,3.3102067253673644,2.2437126143352013,2.8269209178085046,3.3872963681907153
9423,pop_1,3.1528245387598615,3.09364916994581,2.8625116928249876,3.8142827446467864
9424,pop_1,2.977388440235589,3.825797309297624,2.806057674704333,4.415782496937357
9425,pop_1,2.8997045107483257,2.6211866182125894,3.615547352761988,3.4860572822735296
9426,pop_1,2.97308258125721,2.8740661565453287,2.781494983840972,3.247790212188895
9427,pop_1,3.184665817165944,3.261390133137374,3.003531044931093,3.7150474047542863
9428,pop_1,3.370230520411465,3.28758280063449,3.5855584792361554,2.5348811207275572
9429,pop_1,3.755606740552161,3.592990060159497,3.373904906791894,3.7639824933783967
9430,pop_1,3.3294581373639733,2.579615489474859,3.2038810576749968,3.6520719841421045
9431,pop_1,3.176451295366339,1.6465435070522212,2.823876025173714,2.7345748391525766
9432,pop_1,4.020379296226527,3.098579726288542,2.824593798089377,3.4412923926843444
9433,pop_1,3.154674050661394,3.147709371369645,2.804603776376975,2.848311089366766
9434,pop_1,3.023805054278141,3.170483589520396,2.6178452279529916,3.530023240102709
9435,pop_1,2.7410693740584335,3.014618460021578,3.037582995855498,3.3577649269092515
9436,pop_1,3.6283435898296164,4.513306222017044,3.324910922518834,3.5083904171157267
9437,pop_1,2.98052457708016,3.443350018117557,3.673352193449169,2.947321582877721
9438,pop_1,3.050629613031383,3.297513537563006,3.858295344239271,4.102772005688335
9439,pop_1,2.722680475380364,3.804402213620722,2.512314506281328,2.9274548508717664
9440,pop_1,3.8383922348813693,3.0503811138814196,2.8514883101614,2.790997786546458
9441,pop_1,3.0785432377721103,3.466831896019617,2.5389342496913523,3.1514130951909105
9442,pop_1,2.9995639139951065,3.084332761570405,2.656257637665748,3.798220352810564
9443,pop_1,3.1948967488840703,3.0291563926325327,1.2180856361463497,3.108126546628968
9444,pop_1,3.3403279083615134,2.7387506446118492,2.815589026023626,3.171851477622138
9445,pop_1,3.5307262324801956,2.959409783821383,2.297255679109156,3.81218622491403
9446,pop_1,3.1821045024969816,3.9719602540100256,3.268338047709223,2.867783681434757
9447,pop_1,3.0904943570549013,2.7330891756103513,3.1906166503511173,3.5387314555172544
9448,pop_1,3.663757627634377,3.453179003684128,2.997908790304034,2.9515169058167756
9449,pop_1,3.5827611965698773,2.979088611381239,2.6822485214241265,2.6184681996125234
9450,pop_1,3.4842309352237293,2.289480416500771,2.5777521639947847,2.6433138720169502
9451,pop_1,2.8740336199920296,2.563187011381562,3.045097133222168,3.507416193639236
9452,pop_1,2.975805033054832,3.357924386069551,2.79887328331069,3.3278822509263213
9453,pop_1,3.79559490672066,3.108498430832752,2.9565353232158103,3.1772272697829926
9454,pop_1,2.6231053753063884,2.873598747871779,2.931166927540584,3.543491771246873
9455,pop_1,3.7137637777303945,3.3229726988318085,2.8048477968211394,3.4589812114227074
9456,pop_1,3.334589803001336,3.499575917684587,3.018710214126328,3.4983999711702727
9457,pop_1,3.492394101302841,3.1026039784442245,3.67657882749077,2.410263882073986
9458,pop_1,3.6891613781157337,2.7978089853212027,2.629415881095269,3.653682177577881
9459,pop_1,2.3517486703413613,3.1400110328542206,3.045259259821876,2.418947534745122
9460,pop_1,4.298809870732909,3.041971430916653,3.122362482301913,4.257088858519582
9461,pop_1,3.15522507162116,2.325487853397354,3.075813836044846,3.2247802748011445
9462,pop_1,3.229724885065951,2.827770842610052,3.94182021746559,3.5277481840208393
9463,pop_1,3.3300470311599297,3.5086388157931796,2.8673178993272534,3.766898724706322
9464,pop_1,3.5683069022475626,3.002781350100843,2.2057885491379734,2.9642681068372796
9465,pop_1,3.2028242075326094,2.6272821807898232,2.77737388228113,3.390805786429137
9466,pop_1,3.248445304523781,2.990561704858976,2.8982721907813267,3.270057711911759
9467,pop_1,3.596150119600483,3.059103427889994,2.770829230816371,2.8854668352217705
9468,pop_1,3.5925217137620273,2.6331119820135545,2.6970310802086774,3.2850550973556576
9469,pop_1,3.889087324122073,3.0848845817223793,3.1180427338932204,4.193156922782863
9470,pop_1,2.8844387197555306,3.110370041228127,2.289051893396532,3.270396559095489
9471,pop_1,2.6595200758075337,4.149111652808093,3.4669734103584884,3.7315337738656242
9472,pop_1,2.92193860796759,3.3883569579410464,3.0686425812471696,3.911047891230975
9473,pop_1,2.8146209726553733,3.4265325535630144,3.8958559474416323,3.6357429991063444
9474,pop_1,4.450938891707364,2.4518029185067243,2.304270215347426,3.3885264741165404
9475,pop_1,3.635569897136732,3.8521303641391555,2.827101193379582,3.110247436713251
9476,pop_1,3.0715176179394486,3.0582275165836315,2.528164962271463,3.040272613409106
9477,pop_1,3.4643676605036475,3.0361505668852424,3.869212980250092,3.281733464906978
9478,pop_1,2.886860777899871,4.035754061456721,2.5553296725356214,3.3724643494185176
9479,pop_1,3.5720363754745064,2.582632890429776,2.7849320224539054,3.75511551226207
9480,pop_1,4.059527699235466,3.0452653206713163,2.4602992800958825,3.224468225085648
9481,pop_1,4.139009895783177,3.753961251435171,2.634600461964358,2.8863182903950375
9482,pop_1,2.736710313859382,1.9264988075150484,3.7739528460225538,3.653363389472492
9483,pop_1,3.4720256586691525,3.6935488070811875,3.3984799208308245,3.5972351813819334
9484,pop_1,2.913202455915147,3.5671704600537093,3.4062482040691036,2.973718293475415
9485,pop_1,4.0454699269533005,4.059058578512081,3.051237755803177,3.496638782306007
9486,pop_1,3.0983474311372614,3.3040911393898793,3.6060016102233474,2.8414458984360014
9487,pop_1,3.3588637238863917,2.4096766945888044,2.2821364526529395,2.9961597078116053
9488,pop_1,3.4246881690418394,3.597407895880636,3.1879644592264795,3.2138663358385346
9489,pop_1,2.838091083345445,3.6124472653640485,2.569891028959013,3.068465300290565
9490,pop_1,2.530476474892409,2.448559718998298,3.791043297764787,3.402313905000238
9491,pop_1,2.6069202025109424,4.290426857031383,3.551253697751811,2.7122754525967814
9492,pop_1,2.034355038031973,2.734306721586916,2.9891790760962276,3.761258164218417
9493,pop_1,2.9730789587577546,3.402401519692935,2.4670607558522026,2.504521152780972
9494,pop_1,3.8172144231685228,2.839654408962582,2.8404834429096395,2.5155088047626055
9495,pop_1,3.4161693991623565,4.126586943551156,3.6187377240171528,2.710162870078605
9496,pop_1,4.034816329553017,2.6719857586552784,2.9260275683208854,3.012573281473031
9497,pop_1,2.7191014235400233,2.4543448063473408,3.1047408317708736,2.983136603765864
9498,pop_1,3.227309337584748,3.163284209278727,3.2426673457556165,2.548475517697909
9499,pop_1,3.423317725971461,3.8179813169328565,2.980294934952725,2.7932737397669194
9500,pop_1,3.6566979605131475,3.7688114887318394,3.6321453393873977,3.87086790865
9501,pop_1,4.042776946969535,3.081355630061784,2.9111706681314193,3.878292355592722
9502,pop_1,2.904349374175755,3.758224725134148,3.1469521121482202,3.221997379595024
9503,pop_1,3.4263554545109947,3.683240965516007,2.956257629453004,3.9220439223614374
9504,pop_1,3.9895375233841968,3.538688663203513,3.739421329006103,3.1053449819412853
9505,pop_1,2.8380204520182386,4.097107678757428,2.2874175717688727,2.32254437407102
9506,pop_1,3.512496149025718,3.2429228899324216,2.8616390350201923,3.2245140669503334
9507,pop_1,2.824467984518822,3.7738929268764103,3.0381227545782097,3.66802797953471
9508,pop_1,3.607258652893868,3.073229910253156,2.924252229849266,3.1415056060668842
9509,pop_1,4.140023837602872,3.2067960087438747,3.7337809227381924,2.76784573889058
9510,pop_1,3.3490436646580544,3.5964437841199612,3.3062819926031577,2.045923535362336
9511,pop_1,3.0529730474707555,3.512940546187728,3.3533451786581003,3.9340433786358466
9512,pop_1,2.9681145617190103,3.2546166225542983,3.4884475362298555,2.5952036849884332
9513,pop_1,2.9594183278013264,3.121238192464839,3.0724690851348564,2.9522458163513647
9514,pop_1,3.3314662202928544,2.3705663770544425,3.1354328902697812,2.4708382716474238
9515,pop_1,2.5434131609891533,2.3981685950217795,2.845445561261029,2.2469158062427237
9516,pop_1,3.2089683888543283,2.3307163046146684,4.3938947123800585,2.8245097221649083
9517,pop_1,3.712651924262203,3.0170000343939316,3.4546641513408285,2.983032131559939
9518,pop_1,3.0444372919386624,2.328689519200972,2.5958841359007017,3.4613660534627058
9519,pop_1,2.878443027561719,3.1198381541994116,1.7748501755065527,2.8775141648267746
9520,pop_1,3.5454470292002025,3.292181297675324,3.1990890847659887,3.737223070815462
9521,pop_1,3.0694658655999816,2.7250569352554437,2.954962710065188,3.8393705059331724
9522,pop_1,3.087879054814821,2.601702583222144,2.405988762891953,3.1749241792250182
9523,pop_1,3.0812332486805096,2.4202743023316575,3.0403176893893815,3.324105803153115
9524,pop_1,3.0755929527296635,3.383282000110555,3.1125910152863363,3.9934512130218414
9525,pop_1,3.3035723044419263,3.348504662401189,2.3750754824575537,2.7236174363621686
9526,pop_1,2.7739674753719257,2.6390025070277843,3.452962520580241,3.1045870601740075
9527,pop_1,3.0223797652821083,2.664119575568772,3.554402518663177,2.3263714404854454
9528,pop_1,3.613844779330468,3.328919356587515,2.80765447162968,3.214508107700597
9529,pop_1,2.9508764231960862,3.2165628135914055,2.4125774457593367,3.3112337498727173
9530,pop_1,2.9862241379759933,3.5327381820880577,3.1390558969565037,3.8282724254657365
9531,pop_1,2.957703617670091,3.490504741961462,2.5705746137977914,3.737758939820172
9532,pop_1,3.7505117572228506,2.467095323128117,2.364664550931497,1.8878524837039516
9533,pop_1,3.310106416067623,3.4959215833393023,2.955547385174773,2.6988176427579242
9534,pop_1,3.1335479558766166,3.5580422984702444,3.94702535716899,4.009652487191076
9535,pop_1,3.223988378537558,2.6879189513657162,3.287580273540216,3.7115379856809265
9536,pop_1,3.5877412400318383,3.3332116687096476,3.635152479764171,4.509774426529946
9537,pop_1,3.0422464186223968,3.103991317609472,2.628291122857648,3.3576667693958107
9538,pop_1,3.7170983604043144,3.005065435880125,2.3255848766964697,3.0910291676050883
9539,pop_1,3.7612751558999595,3.621620343165266,2.3817458518618646,2.8909520780873166
9540,pop_1,3.410272902983795,4.283665786339794,3.1182540045810763,3.467233960061242
9541,pop_1,3.6971858503514903,2.790632247629905,3.676391519695297,3.6927836512830727
9542,pop_1,3.58503330950269,2.9469253970209284,2.602450067316728,3.213300104862383
9543,pop_1,4.059660605203412,2.1379730042771596,2.555875220042319,2.7214937850821097
9544,pop_1,4.162435644526086,2.675271933461313,1.977059763231925,3.304057039210741
9545,pop_1,3.4005338812322665,3.4094234052402164,2.9671940025421972,3.6701357582309595
9546,pop_1,3.725798837706245,2.6021114707310264,2.5705169456013293,3.34163155816977
9547,pop_1,3.7967603956580454,3.6229230316848726,3.1493936459444023,2.6187445642702536
9548,pop_1,1.9317720376787675,3.090407899427247,3.8104238138913473,3.1966180723948443
9549,pop_1,3.364253882359335,2.9631164753743024,2.580899733212917,2.995205876938802
9550,pop_1,3.160302296093061,3.3312183341556327,3.284356920011184,3.3828621266589725
9551,pop_1,3.9005387255974253,3.079629281274308,3.0812242350237575,3.3584355646878583
9552,pop_1,4.396814249640897,2.5869091234908286,3.206849524057963,3.219400023836181
9553,pop_1,3.526722179058046,3.119997284806857,3.18543095588263,3.0202869921411253
9554,pop_1,3.2083809726392087,3.6840588616736807,2.9677182062716483,4.448180437386411
9555,pop_1,4.3194309698703695,3.092262165646703,3.3015502324053783,2.1530617986810254
9556,pop_1,3.4803995311618023,3.698728847616915,3.9967183925711307,3.565074314168293
9557,pop_1,4.042802566450403,2.874906609718633,2.98700195280391,3.5511513255462623
9558,pop_1,2.5087151852337537,2.804589917235805,2.7822833478291105,3.0752951274830544
9559,pop_1,3.2194330323757505,3.9622502559180326,2.978884804461996,3.3965671803007305
9560,pop_1,3.059862531928595,4.737904225150098,3.110547163084094,2.856259405965386
9561,pop_1,3.343439629726223,3.4023137602265052,3.124962656972035,3.5182808516210327
9562,pop_1,3.002724164081,3.01833529591116,3.773824015855248,3.2718840595169127
9563,pop_1,2.6635511090297608,3.1496981043547656,3.004927445236217,3.590900466771492
9564,pop_1,3.22599449564754,2.9048319055061524,2.6816155644070547,2.746849188935354
9565,pop_1,1.878108176146947,3.0699980922778516,2.5792395179796554,2.473098625768334
9566,pop_1,3.788783655989833,2.8742621077462753,2.737645396397714,2.686261006731523
9567,pop_1,3.8586548180068228,2.9980353056167766,1.6732585167045446,3.577094377529487
9568,pop_1,3.9131299042762,2.582383820774657,3.2648508685036686,3.0099791035468315
9569,pop_1,3.5944542414494514,3.2561233674930157,2.5989682747815177,1.925544349380411
9570,pop_1,4.402121390878661,3.2302532273811138,2.9998780370825933,2.614302888887641
9571,pop_1,3.6877054501772886,3.806068777241106,3.6183828747669864,3.5895760948748503
9572,pop_1,3.308387808704571,3.884636373731977,2.676837663129146,3.4722108548612893
9573,pop_1,3.8083754088521946,3.4889201951577764,3.1215322940170953,4.000262081570119
9574,pop_1,3.128510187183414,2.261620957990455,2.8534356322563785,4.307600964862837
9575,pop_1,2.0484841228761166,2.968102605576354,3.659710357899402,3.071240982357844
9576,pop_1,3.273087772146574,2.521430184323539,3.5179297047227274,3.8969407429756826
9577,pop_1,3.3896599145964084,2.9792497402440032,3.1086044723711725,2.8628637637566348
9578,pop_1,3.1687798002464977,3.6875603730949376,2.912361113230384,2.99314342115433
9579,pop_1,3.079199709261548,3.5359732463093527,2.3785460484263736,3.72393088794064
9580,pop_1,3.255865032481069,2.8095515013762493,3.4985008222622285,3.6071005653785644
9581,pop_1,2.807733747806467,3.5115493906306314,3.3339096217912028,3.6444945428921525
9582,pop_1,4.109648475018069,3.656400129163861,2.4651423503009,3.871159614951678
9583,pop_1,2.947565055836374,2.639687377441543,2.8261559585723885,3.2375613972413904
9584,pop_1,4.056174542260612,3.2273425925862265,3.233419627639356,3.0508861375966516
9585,pop_1,3.0664610251012547,2.632606975482181,3.3898860865741307,4.170360793744481
9586,pop_1,4.6954332125172,2.4963478884774597,2.7364528558330345,3.545296183373356
9587,pop_1,3.8387244108865355,3.0859732848271157,2.8203034415349757,3.3825037256377675
9588,pop_1,3.271586903079508,3.6577379183054264,2.6245015065205157,3.679756055313847
9589,pop_1,4.42781732602459,4.100993097000385,3.1074789302126398,3.8182489798139643
9590,pop_1,3.6859748374222576,3.45048039501056,3.237732302023397,3.41913445967461
9591,pop_1,3.079333953600348,2.992225519989959,3.2143428350494943,3.6539557211165246
9592,pop_1,2.55802412565711,3.1594215522003064,3.3359424612812183,3.677468547468585
9593,pop_1,4.565418046579049,3.315647859882587,3.2365899360890698,3.329713945918084
9594,pop_1,2.3654432162544694,4.047994251305366,2.9128020834015422,3.3292270170951457
9595,pop_1,3.3930015078780476,3.0880450758102893,2.8409692639235584,3.7162461337416324
9596,pop_1,3.671785938372588,3.3793991696860983,3.3498750375195048,2.5822720327908364
9597,pop_1,3.781482966351372,2.8158785413797127,3.2049970573578714,3.048698746660747
9598,pop_1,3.2378746311017186,2.768907202964993,3.1002993197985718,3.5430305265661324
9599,pop_1,2.9808877864495855,3.2923235274532194,3.3157376132502985,3.9750018509146385
9600,pop_1,3.6402764984527507,3.4221205636886025,2.3575786953283115,3.4794950399111664
9601,pop_1,3.6847512924971606,3.432761254001182,3.4254982236175087,3.2130459300333323
9602,pop_1,4.006127414951554,3.187197278612377,2.761651265582996,3.74348986359316
9603,pop_1,3.633755997598449,3.7275525759639137,3.610093435153877,2.799215376256524
9604,pop_1,4.041206369281496,2.962219652948742,3.0447169526586797,3.1217948695436766
9605,pop_1,3.970583180018502,3.097719753736529,2.7766144990846247,3.404785793276624
9606,pop_1,3.8232045853504193,3.286138837926704,3.5841136996579666,2.703226689003387
9607,pop_1,3.0873697893609475,3.036105050669742,3.1233273735475056,2.870325078941983
9608,pop_1,3.7806701795887485,2.8278736730159646,2.1367442666326184,3.022838304625427
9609,pop_1,2.807660045080854,1.7082982062096634,2.2270750788734466,2.717809252231799
9610,pop_1,3.3518740194945615,4.146425076395356,2.9120323194640387,2.8631888088629096
9611,pop_1,2.4557543643358732,3.1056498383676425,3.4138514768291475,3.0878502017713143
9612,pop_1,4.520093437140179,3.089971487977502,3.2573540391674287,2.7621798072495722
9613,pop_1,3.209875869626312,3.415165926213012,3.4226763864175243,3.8716601936179247
9614,pop_1,2.8882656663489903,3.3369639343273843,2.938476640154163,2.843267704324436
9615,pop_1,3.3622101198759027,2.9198727010496364,2.6405833229469584,3.3592853281161013
9616,pop_1,2.70386513592674,3.014229086889082,3.4277999902680163,3.8575626633970463
9617,pop_1,3.216987343945466,3.0500967846056,2.855269620918358,4.920000002680841
9618,pop_1,3.1176899051266305,3.584740237022298,4.30474373888744,3.6386057532644114
9619,pop_1,3.4403533214100754,3.2312433868115558,2.3548080901042625,4.1569407085440675
9620,pop_1,2.2962913926445525,2.7246359380261658,2.8349654372918462,3.2556329742377192
9621,pop_1,3.779530284704449,1.9524075565460302,3.4797026646021068,2.884874959582089
9622,pop_1,3.1571051021531824,4.096991996031104,3.7687040812697115,3.6348386930599093
9623,pop_1,2.7107538047115303,2.9502865066323314,2.8235402389286066,2.7583296776171515
9624,pop_1,3.1521883182116794,2.6591619001852234,1.8614457688312345,3.1965053016361575
9625,pop_1,3.3101847102813347,3.8190186223499385,2.8308355238679708,2.8595128449570177
9626,pop_1,3.5776893047988194,3.655155440079797,1.9786322690705174,3.147051938114854
9627,pop_1,3.5616420957001793,3.5075362619371173,3.072328624388343,3.8860777127935524
9628,pop_1,2.723752856788403,3.219114968016009,2.2611840710635565,3.4588829481788768
9629,pop_1,4.108962881650295,4.067810045255547,3.241244735455706,2.9893755913301647
9630,pop_1,2.8447145231654547,3.4362310503734363,2.634628271482088,3.4997737071728996
9631,pop_1,2.690817515693581,2.8074822280414047,3.5809047691745732,3.477640118876337
9632,pop_1,3.2535387106159495,2.8387811482050602,2.5127890061378113,3.512503017714884
9633,pop_1,3.1301763876964963,3.027198404942149,2.110588953719076,3.6325041735804775
9634,pop_1,4.323851374137448,3.0863949730481846,3.4022456901231486,3.570787452503735
9635,pop_1,3.242286921812058,3.48013509499099,2.3347595074132195,3.426396218207819
9636,pop_1,2.6145329182532624,2.16443139979432,3.044853996975396,3.0141939458841365
9637,pop_1,3.567071606770851,3.4560739158938776,2.040516851757584,3.051583322065111
9638,pop_1,3.424400128386161,2.787251740301927,2.5975309956882513,2.771741563526353
9639,pop_1,3.433007174200495,3.588072769704188,3.5942254908436717,2.6107508320032897
9640,pop_1,3.5391191082843587,2.8171982825235755,4.105581478878165,3.604231646597431
9641,pop_1,3.0909500227541837,3.4134962771974404,3.2377645400051693,3.7296057406384424
9642,pop_1,3.2120982321330804,4.018050734178471,2.6550852517257244,3.2904087207057975
9643,pop_1,2.8280927714991595,3.624736838748835,3.2453855391821222,3.375677436165451
9644,pop_1,3.554934561082337,4.0741048596233895,3.340092424541451,3.341817221695072
9645,pop_1,3.3676002389262005,2.9721652388584228,1.893904538225547,3.282670116640798
9646,pop_1,3.9866947679068834,3.2449266405054584,3.4092070553587845,2.667825692755601
9647,pop_1,2.895000938386472,2.009747524671374,3.162195829982557,4.4533863125104824
9648,pop_1,3.486224267185449,2.977864318313594,4.228901248505995,2.588369463608326
9649,pop_1,3.537492228630267,2.997821115175022,2.0437547707015042,3.5979821267229752
9650,pop_1,2.9886345824379794,2.744335856911478,2.194674609046749,3.7515409950750644
9651,pop_1,2.8218765318443677,2.7103446620364977,1.64336142012121,3.433647710059137
9652,pop_1,2.414607011027496,2.3382845022327072,2.803272213122096,3.525143434534454
9653,pop_1,4.373045769672483,4.2957709700470605,3.005509108565531,2.7181360942599087
9654,pop_1,4.135506757082138,3.346292379163064,2.375077209459455,3.8425188950040425
9655,pop_1,2.21355587246661,3.3659381710053826,3.5315729929061925,3.293205770510276
9656,pop_1,2.984744474261849,3.570264696416008,2.640548191968617,3.7031601797994904
9657,pop_1,2.966315489770418,2.896403195763573,3.545636921851729,3.762515014496006
9658,pop_1,2.9374243497657284,3.138351017009837,3.2852737709426223,3.8109986378365273
9659,pop_1,3.294590212271,3.4316450333865087,3.0088728056563587,3.881955322474704
9660,pop_1,3.2199519246620736,2.5885506417807087,3.9037307656900366,3.228785916193655
9661,pop_1,4.104720930643359,2.854149523989518,2.493505565453239,3.524295785673687
9662,pop_1,2.9190146303305173,2.794842123425448,2.8153677970270117,2.547792372211192
9663,pop_1,3.4039316807773456,3.0585380997725546,3.078373667777449,3.0094308443394557
9664,pop_1,2.8748349332573984,2.965136239698332,3.3205482203581966,4.033792935890392
9665,pop_1,3.8471899957081384,3.125367924773215,3.1984130074430985,2.742341980212048
9666,pop_1,2.470292844097474,2.2945937145140474,3.047006568937077,3.48555475144055
9667,pop_1,3.6957793310044718,3.153727145163424,2.8489732705398314,2.8185892014013407
9668,pop_1,3.845884353390715,3.387125448207103,2.187052085514056,3.321780967500124
9669,pop_1,3.3061481567485083,3.396561601961235,3.6309966824091786,3.483568606224739
9670,pop_1,3.212173875805665,2.8844038426781484,2.0555112276766216,3.751723426985354
9671,pop_1,2.722017912657095,2.950264219288538,2.7366408070370474,3.6481263833282758
9672,pop_1,2.9228721720140425,2.6905098402867313,2.7797506544550568,2.5196670022048426
9673,pop_1,3.3743667693928243,3.203896853612534,2.9063167434938935,3.4070098380631832
9674,pop_1,3.6630520359348684,3.2577904265268236,3.1300160628653053,2.9645267117183387
9675,pop_1,3.0979256381278697,3.613660449152227,3.337694274288202,3.353627339363134
9676,pop_1,2.8593640266305167,3.263222545788165,2.629946491985752,3.5591648970584266
9677,pop_1,2.96354192828482,3.7991212894126654,2.922069728091842,4.200384252013727
9678,pop_1,3.424058848958101,2.61364769241358,2.250024926280863,3.829205370963152
9679,pop_1,2.797738920076638,2.1637554745410097,2.7029200038118812,2.915356601379046
9680,pop_1,3.3035566653220574,3.2849603463751422,2.5103675696072756,3.231235547806843
9681,pop_1,3.1531972365032597,3.9604394233019735,3.0878706787676484,2.7478761657597617
9682,pop_1,4.988836458502023,2.977866306567776,2.4547859623448858,2.7907255794522463
9683,pop_1,3.4845014173791267,3.2974598599681437,2.7436789976385936,3.188238319100954
9684,pop_1,2.9452103805506105,2.8215519126584105,3.0944512338669754,3.9010716549598596
9685,pop_1,3.0213491078789785,3.282404352245191,2.587648689363723,4.083090767778888
9686,pop_1,3.73332703327319,4.137961717759708,2.5787671513685133,2.302813100331557
9687,pop_1,2.8003735243016963,3.0494477755623604,2.5402765650988477,3.015182064887564
9688,pop_1,4.145950532800932,3.6861346288930332,3.1714740355754625,2.9646552965191786
9689,pop_1,3.1265490456855733,2.982734621940193,2.6201924564383865,2.96906568991749
9690,pop_1,3.531760571089455,3.7337742990605824,2.5030349645319,2.791073375090358
9691,pop_1,3.9343579970835494,2.7513907915139115,3.634222002665945,3.67293568726792
9692,pop_1,3.634332520078461,3.1853727874630153,2.620167425373835,3.7731028737219106
9693,pop_1,3.822524919782545,3.2309619062362507,2.8651195447115576,3.742069004352635
9694,pop_1,3.0809964358115387,3.794568104970815,3.241733617730273,3.2948303023450722
9695,pop_1,3.857252706290481,3.4498600272018125,3.0734889890488235,4.1368507692930345
9696,pop_1,4.357075203327555,2.7530054518170717,3.4305177493843138,3.3631197310218393
9697,pop_1,2.399513067641594,3.503945924011426,3.2343107240282505,2.407471639446695
9698,pop_1,3.5535034127511187,2.9768876490777694,3.7547283643150777,4.025299128440574
9699,pop_1,3.2731139637066535,3.027708103323254,3.1716015984447985,3.1454958989669173
9700,pop_1,3.1563072095848055,3.181264634134984,2.685002198280043,2.7829628534677218
9701,pop_1,3.115301765673449,3.244432406874076,2.711663002949727,2.0898008787459084
9702,pop_1,2.5502932229913164,2.6276840031414994,3.0993489750485064,3.445761095784432
9703,pop_1,3.8256622167257643,3.909385076709885,2.406575995439738,2.91163774471781
9704,pop_1,3.0439178291781874,3.2143268111490118,3.3014806415758913,2.6410243376994673
9705,pop_1,3.1024191112614115,3.6982532286656706,2.7802983442895832,2.9811407732885664
9706,pop_1,3.4245277885624796,4.1302949691287365,2.0985315064057097,3.617532085585
9707,pop_1,3.822101308344576,4.134518776433353,3.5785445225019212,2.810925014777612
9708,pop_1,3.6661471054316994,2.913676253268566,3.465045811134186,3.5173194563031123
9709,pop_1,3.6949970719344627,3.2018700622060554,3.0843948888241526,3.372056092212319
9710,pop_1,2.4653033908015813,3.3122755550654803,3.3301779097908066,3.2158415956193727
9711,pop_1,3.185695993367074,2.8915404164980036,3.0702924024393257,2.5891096214236393
9712,pop_1,2.5871194582631887,2.194346118929563,2.9733819619628084,4.221414079206612
9713,pop_1,3.7199784302855723,2.8246945880717953,3.5944805704716805,3.1794894381180834
9714,pop_1,3.0419963530403047,2.917271647634074,2.403252903352476,3.3477345411392716
9715,pop_1,2.900712035054399,3.2530194435646727,2.6021790124071873,3.1891255472968805
9716,pop_1,4.4273022417783805,3.545555470707883,3.1892590487824823,3.0892121627452624
9717,pop_1,3.191861749644464,2.7625587307860466,3.016556677914096,3.0032603159883284
9718,pop_1,3.4595601944023344,2.8014546599533006,3.0522329194680315,3.8772077041009423
9719,pop_1,4.005822555927457,3.842187833491818,2.79278101989356,2.3328902706749814
9720,pop_1,3.7217730319401245,3.2312802314557327,2.831460205314255,3.046976928897637
9721,pop_1,2.989767441081618,2.2217836377674938,3.0830318520955315,3.7690401939385096
9722,pop_1,3.6480976478342346,2.6590000120779793,2.6059779398929965,3.1420748278537323
9723,pop_1,2.468681483419089,3.9355137572756913,2.3325317267488828,3.593733780997451
9724,pop_1,4.060594376047625,3.146119548606973,3.448771131819008,3.0855241320441884
9725,pop_1,3.2589251623121838,2.9415685663382685,2.6434163385399234,3.0532876269684315
9726,pop_1,4.12521919263272,3.7064731078400768,3.3475473214198463,3.3129693739939325
9727,pop_1,3.127419484470024,3.419291339605537,3.1880050492773555,3.6758184459426264
9728,pop_1,3.536106322236801,3.748896330245818,3.1498461257206976,3.733088669794491
9729,pop_1,3.335839353380166,3.6280811275709706,2.9212463295446636,2.352262080367838
9730,pop_1,3.656127717473113,3.1747879298422403,3.514008605190333,3.1153160824244517
9731,pop_1,3.474297241498778,3.676797068399493,2.546132166795071,2.671427112809262
9732,pop_1,3.478481503457171,3.5973074708517725,2.628972731979173,3.57565197457857
9733,pop_1,2.834648847611286,3.62185026234837,2.804391169331472,3.074776893209805
9734,pop_1,2.235327939082313,2.7782628446904445,2.855713635803461,2.673405574430392
9735,pop_1,3.560411123808909,3.2479467276278373,3.017613683895004,3.7763170794113994
9736,pop_1,3.764730897763612,2.4005588475065824,3.681712991241251,3.5883390177838197
9737,pop_1,3.576148828708486,2.756962231371603,3.316748516031784,2.500406214533014
9738,pop_1,3.466429119123851,3.4380304762347986,3.243080916033104,3.544729438007411
9739,pop_1,2.605205670134208,3.4331389252060243,3.287079083627372,3.5910897094792973
9740,pop_1,4.179496661175385,3.2320893714443737,3.242089008805488,3.766446067380153
9741,pop_1,3.568081446245208,3.450711647642927,3.4124152278619144,3.3081433044452377
9742,pop_1,3.6262534494661782,3.8405376936118953,2.785910350695073,3.5713933702732814
9743,pop_1,3.7798340237735233,3.595370584425951,2.6919741368918366,3.769495011202484
9744,pop_1,3.560865636460454,2.680651816947628,3.587237566207259,3.306351782303092
9745,pop_1,3.831648958737258,2.581428730446664,2.8346785513724857,3.396249215330053
9746,pop_1,3.189703211326779,3.2801132132206314,3.138954492411534,3.4553457499354123
9747,pop_1,3.6239178733096225,3.3476521348957187,3.099881454025566,3.021523741616606
9748,pop_1,3.9371346194307346,2.3324921553946836,3.006727870292719,3.784090015352307
9749,pop_1,4.105330004237055,3.3973482128722168,3.29159463694236,2.8585011455026166
9750,pop_1,3.3633434669482707,3.0165779050657244,3.2318041568683373,2.5452016485003597
9751,pop_1,2.1523385171550995,3.7413088616210586,3.8823705668386665,4.363902547378304
9752,pop_1,2.490840359815121,3.393806834092379,3.1430933191628903,3.4202296985484737
9753,pop_1,3.2564559010546312,3.913454676015457,3.388847156046498,3.150195304053199
9754,pop_1,3.342225022980871,2.2898193271330585,2.7070771085414966,2.7388983506735096
9755,pop_1,3.0345885545573705,2.8628704132771747,2.5307552486925635,3.8794353656100413
9756,pop_1,3.018447046784414,2.6948792233648495,3.3919065822934273,3.3599773593769906
9757,pop_1,3.184029770996317,2.8087486044457157,3.592913030270922,3.403726416902296
9758,pop_1,2.992986065730661,3.9904214168859156,2.3197511241841946,3.28476523330628
9759,pop_1,3.3306036645325836,2.6295623233035377,2.4365599885419753,2.8895541707915102
9760,pop_1,3.5587575263492783,2.979316240932134,2.5862903599157887,2.6346392701271593
9761,pop_1,3.9585823190094627,2.9998726276082044,3.3289282612269977,4.717369707797072
9762,pop_1,3.173723961231953,2.832613001619691,2.786734665941456,3.267601482827314
9763,pop_1,2.3204727955664475,2.8290531981932734,2.4626799627973734,2.669696119433674
9764,pop_1,2.3362033969146103,2.701325302327343,2.7890338123949325,3.071182726464063
9765,pop_1,2.726843510356571,3.1882187421050814,4.097907675743924,3.424825335834758
9766,pop_1,3.5118384170678527,3.4572278843694404,3.377659780173872,2.6542774607437356
9767,pop_1,2.119613118267532,2.9599311486153965,2.908814667141276,3.66404628040752
9768,pop_1,4.460558660457681,3.4376747117716393,2.780280770325048,3.1779873743479845
9769,pop_1,3.3215164695419737,3.215925124490814,3.1367324772757996,3.6713471512338325
9770,pop_1,3.6350017994573687,2.9999892392832908,2.290436686110791,3.847080201424709
9771,pop_1,4.012258711179889,1.7783418932519195,3.7389153486305493,2.914918653445049
9772,pop_1,3.313026539606077,3.078341740121533,2.940430594669469,3.446710899817425
9773,pop_1,3.383168634724539,3.3605462284555387,2.998224236866518,3.7795459496623542
9774,pop_1,3.53820868413158,3.394182301161229,2.8485305217489976,4.187923500863231
9775,pop_1,2.970911526739548,3.486950052772582,3.499097689054912,3.9901192653203887
9776,pop_1,2.840825120608867,3.894583498230011,3.4367630038438004,3.157320846993504
9777,pop_1,3.0673787904817726,2.432325933637531,2.972181522355947,3.4469632426898813
9778,pop_1,2.747129543028156,3.05826875282839,2.900756714577382,3.2497402342206185
9779,pop_1,2.859782162790781,3.2363161046489672,3.2907070894603434,3.980409192277061
9780,pop_1,3.3460091766406785,3.5933046968798097,2.257447035769287,2.945717441374104
9781,pop_1,3.228945528183428,3.2807666652213725,3.6348790449032524,4.571113609943209
9782,pop_1,4.035659061789376,3.6218615034187884,2.5969227880045493,2.2350957733035957
9783,pop_1,3.6608753773701292,3.3919756844403386,2.2458078631984155,3.8165420487488064
9784,pop_1,3.0710863605225476,3.394354128607836,3.294594399936159,3.9548580889213043
9785,pop_1,2.802719623129369,2.5247795112916473,2.295563953851403,3.1479209199939993
9786,pop_1,3.89149990552926,2.9091225296215235,2.1510948303484243,3.1301198904926255
9787,pop_1,3.102662927223269,3.3155074795837103,2.4387286366535905,2.2745216550420397
9788,pop_1,3.5045638401347445,3.415221341502169,3.216965868986719,2.589244988425305
9789,pop_1,3.7229337380237775,3.3089618577527746,3.734169710976884,2.8849081328296404
9790,pop_1,3.293076640067942,3.6895615168507963,3.014198751539447,3.2701565862860678
9791,pop_1,3.0230797014409054,3.707485971575597,2.6008871322419256,3.4275092268266842
9792,pop_1,3.4438551483214024,3.4881470195960484,3.8521317681546448,4.066826586013153
9793,pop_1,3.6635373369488917,3.7060862546038136,3.7706633400683414,2.9900058245883585
9794,pop_1,3.2257214239778493,3.8407343709043418,3.788014311304442,3.3692208670219896
9795,pop_1,2.9174472441466053,3.2862286260140436,2.147569237983919,3.7697102915251777
9796,pop_1,2.679772223380801,3.241302055076954,3.142335769246168,4.6293300135642514
9797,pop_1,3.57497790301613,2.9023846067421855,2.81551972662611,2.7154467044530604
9798,pop_1,2.854349378109181,2.652374301685284,2.0209772530656367,3.233880177299585
9799,pop_1,2.308892152290531,3.4690737615444824,2.7158240033609187,4.009448184477446
9800,pop_1,2.8733152405685556,3.7050902271256776,3.300312322146991,4.44539280347265
9801,pop_1,3.2467029660517404,3.8884596999211474,3.0410759131177323,3.394858398669801
9802,pop_1,2.377147816548924,3.250914310549886,3.2119741493703726,2.7807339975941807
9803,pop_1,2.6474748481125574,2.7001686838950443,3.128797197917056,3.174242739758497
9804,pop_1,3.280488268657394,3.2512102991659133,2.464996806960978,2.982482195686683
9805,pop_1,3.188391024846824,2.0962810042705415,2.6526619051564624,3.0757079748693923
9806,pop_1,2.9230113705627243,2.8754062516352548,4.156364676126302,3.8192648793243222
9807,pop_1,4.283142816479527,3.2198597020834576,2.963477091745559,2.5702433290472184
9808,pop_1,3.627165889096907,2.6409597859920955,3.252451542146722,3.914623657568965
9809,pop_1,2.923723966709704,2.9847490509249957,2.632482560627957,3.57901007116455
9810,pop_1,2.9875596943113316,2.920672744469197,2.478098741035934,3.194409106727484
9811,pop_1,3.2725461435433245,3.0241228197384644,2.8994441137233613,3.492970118374234
9812,pop_1,3.4021088790472573,3.2004993329658746,2.738094451780788,3.6747071169468994
9813,pop_1,3.5054344960356216,3.578486895975782,2.5749784674462672,4.021866838686519
9814,pop_1,3.213928699154653,2.6465499839217723,2.164875199199551,2.795661166583318
9815,pop_1,3.825854576145008,3.2896718811927017,2.422358807582204,3.340980880825712
9816,pop_1,3.3917065842087974,3.3715620840130858,2.8621742087070055,4.15657992184652
9817,pop_1,3.600160198378205,2.07210605445253,3.201773703941298,3.444433567764282
9818,pop_1,2.9865550017322278,2.9098759333683564,3.5192961370309934,4.211527104113158
9819,pop_1,3.4607576408851046,3.204780561540469,3.458179367521677,3.3466286243026038
9820,pop_1,3.166961875545535,2.480057899350444,2.586717090375786,3.638456035403711
9821,pop_1,3.930368186149999,3.420637444973371,2.8603258369060507,2.7403533416177823
9822,pop_1,3.6470054848978704,4.042457816494228,2.6769606609265653,3.9183148514898036
9823,pop_1,3.4561117342457517,2.841029308558188,2.3029335396535875,2.986804434218354
9824,pop_1,3.4853228008552053,3.560067565028453,3.2330159160068437,3.6092503509318083
9825,pop_1,3.3217101430757108,2.926193740561484,3.1679296310818943,3.4322756834394106
9826,pop_1,2.9033030527049513,3.5459974308353703,3.281440814876289,3.755010552489549
9827,pop_1,4.054500994125076,2.8526396568823658,3.1180486293919962,3.609501420431461
9828,pop_1,3.094420176130208,2.4368210156633388,2.860624599562339,3.261959252961518
9829,pop_1,3.0192016594637647,2.4151347006216577,1.9803381697411861,2.925385111877412
9830,pop_1,3.1108431380709503,2.5019999716542323,3.461355419076631,3.7247975932383515
9831,pop_1,4.007603076863294,3.245668485319927,2.8275598222780296,3.5355952796246215
9832,pop_1,4.267505170809177,2.8246612712984622,3.3228444859216175,2.5602362578272406
9833,pop_1,3.5526420245189256,3.0977778584853315,2.629473812586014,3.6310460326607688
9834,pop_1,3.5585154144831197,2.8666895429921917,3.1379246622945574,3.8046626601400204
9835,pop_1,2.4793809849691533,3.4010921898534887,3.3364405039707488,3.345900254112234
9836,pop_1,3.7975356444397788,2.925883443271485,2.707564343850071,3.0876506864179927
9837,pop_1,2.615390925801958,3.087280099952129,3.2049859252437587,3.522224505239403
9838,pop_1,2.5056557059052658,2.936879731227651,3.458283770581405,3.3419929140872333
9839,pop_1,3.550128235767017,2.150136233637423,2.552395610697506,2.62290982972898
9840,pop_1,2.9347763356433076,3.6371393141073862,2.9922658769639856,3.1173003395204777
9841,pop_1,2.568905590391976,3.1883842648470146,2.805072927707051,3.4098804569078855
9842,pop_1,3.568506100353146,3.5316122500096787,3.454692218906648,2.6876601099150235
9843,pop_1,3.3806194979801836,3.3995310015080293,2.424750284748298,3.393486987966643
9844,pop_1,3.515245097886228,3.2993545972050775,2.8548499429662546,3.096047328558942
9845,pop_1,2.9853129110799976,2.570958391566848,3.1292869374761825,3.4636911923546623
9846,pop_1,3.249000534373456,2.5715045703755806,2.2882340943665374,3.8329849196933967
9847,pop_1,3.5725701478954712,3.4334200459202484,2.2715997022551617,3.7797490275872847
9848,pop_1,4.253297715925015,2.983870602154405,3.0506144714761634,4.473960589515155
9849,pop_1,2.8107215790218385,1.8882867120851814,2.618162564438925,3.5911212609153695
9850,pop_1,3.5055645481894437,3.182308991285334,3.7055677793273425,3.474579456145541
9851,pop_1,3.291400294638342,2.748054515648715,3.4515417735569134,3.5217687981686425
9852,pop_1,2.796654810747393,3.332215152272134,3.12513451438863,3.5949356085108284
9853,pop_1,3.601138725596429,3.387979897685488,4.0001032519488975,3.344938152220846
9854,pop_1,3.729466862813875,3.1858707620665774,4.112499638552487,3.591094628204382
9855,pop_1,3.0707516062059215,3.2076275901235807,3.428891468414527,3.2305383864725545
9856,pop_1,3.8277555785984996,2.760395555390464,3.050320028495034,3.240503529583547
9857,pop_1,4.2214895596177575,4.132594718392968,3.3946131081844113,2.2046186758032067
9858,pop_1,3.7844431886021117,3.678686835795129,3.0410002683068664,3.1965715435981266
9859,pop_1,2.450712441055722,3.0620078543879004,3.4289630901488444,2.7634187720614882
9860,pop_1,2.825005809440936,2.4024203650233424,3.727717869968169,2.8947022705663774
9861,pop_1,2.7502395487328344,2.8991945255929155,2.775449924729677,3.277022382080065
9862,pop_1,3.7168223601232437,4.099991592316574,3.217157805765312,4.117859731868413
9863,pop_1,2.9042632882940875,3.742057651950833,2.865087307636856,3.2143656054212757
9864,pop_1,3.3446814602868176,3.0994198015326475,3.1900521162350506,3.424933437530952
9865,pop_1,2.891091081116601,2.708153936043481,2.9448172419409526,3.5825107824526565
9866,pop_1,3.770378683848645,3.7997364431141176,3.2145619519603383,3.5221752025724187
9867,pop_1,3.221879931235436,3.837277036785709,3.5142061736292924,3.3026365522510006
9868,pop_1,3.418303309608686,2.976914465079178,2.688551694052543,4.381286972579376
9869,pop_1,3.2657844754636307,3.148560532617299,3.0800291022190316,3.438131104334979
9870,pop_1,3.610562405060423,3.1809371266446815,2.5151483273120827,3.3230145511853895
9871,pop_1,3.506407100995958,2.74489102524934,2.2872052054986507,4.332542623522581
9872,pop_1,4.348387346102102,3.077052133976363,2.8822630164441017,3.0576226748286217
9873,pop_1,3.4606233841981773,3.120458633482553,2.488051937835958,3.4192796973460284
9874,pop_1,3.2084686849159154,2.28915398902486,2.9134003028513353,3.2128621734820495
9875,pop_1,2.3915467774525396,4.266179388147915,3.7071963537109394,3.2887341889197956
9876,pop_1,4.127813407386379,2.76515982941433,2.9483980795017692,2.599594233075128
9877,pop_1,3.095285991899982,2.5882496880300554,2.140160863219874,4.039505824649805
9878,pop_1,3.670982047089948,3.2090099527692284,2.8114606851990596,3.857233391574625
9879,pop_1,4.806815786876026,3.5562202311840756,2.6469324084465704,3.3501938437785754
9880,pop_1,2.766832280130293,2.809898889453058,1.7387491900663388,2.7861311517908063
9881,pop_1,3.293359939356191,2.9094274972804217,3.8168044293759493,3.4331189915040734
9882,pop_1,3.494353354792101,3.401947069945106,4.237057889757424,3.364323080282614
9883,pop_1,3.773171299553909,3.465493743959027,3.3446718106564557,2.728071909300745
9884,pop_1,3.454307098901148,2.6541308175164655,2.768124725926251,2.4850437779065593
9885,pop_1,2.9984060923187275,3.007432282765256,2.5966134124767932,3.965083433350536
9886,pop_1,4.4653900084377325,3.1382158127276694,2.7855379258835553,3.3316093268787386
9887,pop_1,3.6790325787541236,2.722157869829431,3.5135218205118446,3.5567966567885527
9888,pop_1,4.208320757293847,3.385904677332145,2.895693553466192,3.2320062315396436
9889,pop_1,2.493839057339538,2.4153497805727646,2.9005604623691523,3.180370922115512
9890,pop_1,3.1231491830408586,3.0353296406070904,2.5333347285228585,2.7168332379014215
9891,pop_1,3.3925721687369776,3.3928441477442153,3.2851013648187783,3.214199665791597
9892,pop_1,3.7850219956222513,3.0428413137725516,3.2860012162976178,3.0385564987027425
9893,pop_1,2.9647546746770836,4.217581420136313,2.407922740100033,3.807716132838695
9894,pop_1,3.594652393045078,3.393424968504133,3.365154459873391,3.063610315880019
9895,pop_1,3.496257218973151,3.2129253697597897,2.715451176651303,4.2409494907588785
9896,pop_1,2.9276239023592923,3.1986268519150576,3.419306534301027,3.4788866295693808
9897,pop_1,3.415336418824226,3.198454274148425,3.2699695135456412,2.574289683299477
9898,pop_1,3.213310380569952,3.473097075106174,2.7803619863936078,2.6515701454876397
9899,pop_1,2.8277669001177976,3.3606881100978256,2.5233159774064013,2.995012891519371
9900,pop_1,2.548105261582829,2.845284828095217,3.2083634134410195,2.1945162025353806
9901,pop_1,3.424833451464514,3.6073033553530873,3.055573592835134,3.9984188209441154
9902,pop_1,2.948635867978221,4.034459364558258,3.1399137505414214,3.377850805875236
9903,pop_1,3.59057831746433,2.92971913720356,2.4467678728551103,3.4061341946928883
9904,pop_1,3.6032066517367483,2.541271676045411,3.9143778972448264,2.6726792413481872
9905,pop_1,3.351303832756299,2.119787186989548,3.6066444051501976,3.661133447079299
9906,pop_1,2.9605654255306093,3.891683816591187,4.106217631095118,3.4110431144610223
9907,pop_1,3.129804347292434,3.309670624749484,2.923793245668192,3.053705517413565
9908,pop_1,3.4662079180702343,3.255793871640986,2.2603152622707365,2.439195944038231
9909,pop_1,2.2300051984729015,3.5307788651306464,3.554554220064449,2.928540204409093
9910,pop_1,2.777192121406923,3.119959016860669,3.058752322361524,2.1865560717284653
9911,pop_1,2.873181969003687,2.512674505887366,3.3972604993658693,3.2863032003884465
9912,pop_1,3.09014239127318,3.205332051599243,2.4414842716224054,3.0676154040836225
9913,pop_1,3.2911981291900023,2.8354498937927315,2.3889295050135813,3.282814883768874
9914,pop_1,2.451719697274618,2.7229195344373767,3.5158266981498936,3.6277015693567125
9915,pop_1,2.854811179797152,3.263281458050149,2.383456569962849,3.4809493190504597
9916,pop_1,2.8303294805792714,3.5152005661564374,3.69198537229122,3.1322653485815857
9917,pop_1,3.203262044054752,3.082613022657651,2.893338370138453,2.768005136471495
9918,pop_1,2.551761949187151,3.6970726564213567,2.6330792160926384,3.30090494719339
9919,pop_1,3.2208666797142653,3.174043712442566,2.547156918632547,3.373282144976175
9920,pop_1,3.4472952331209363,2.9649343460695987,3.023680127744211,3.214811119974935
9921,pop_1,3.61638456482946,3.181166994449197,2.8838332075030526,3.068270836131913
9922,pop_1,3.1028155593101103,3.26984706110743,2.906186383845374,4.075111647175716
9923,pop_1,2.6513261745050904,3.4625641138583463,1.8024372619102027,2.8229709718211757
9924,pop_1,2.792714690224028,3.413779676948958,2.8472254871118574,3.009622312280514
9925,pop_1,3.879918700338253,2.7619891938520515,2.294383797351633,3.47674856576481
9926,pop_1,2.9425184491477405,2.9535926377713015,2.0777613525735785,3.57878713231317
9927,pop_1,2.261009592305853,3.380974679072274,2.9266346117703557,2.922317985985353
9928,pop_1,3.1497181585026266,3.118633283463426,2.3664443357173677,3.044396425263576
9929,pop_1,3.068873018286607,2.904479794415749,3.065215645864049,2.8933193964761457
9930,pop_1,3.045234090790516,3.263589900832389,3.080531537865006,3.763129061341976
9931,pop_1,2.708784102516416,3.246468860807253,2.650228312294817,3.4555071396448045
9932,pop_1,2.414341556104114,2.8315115314335038,3.179079296909662,2.9983821323980586
9933,pop_1,2.8843540649625283,2.735108235971879,3.4097298383810046,3.1793764120801415
9934,pop_1,2.9386689885404684,3.2067541431709703,3.564851846453666,3.660195703281562
9935,pop_1,3.5652353417501645,4.294867918035624,2.6481547483203136,3.866415370673749
9936,pop_1,3.2121130533983284,4.121765550318667,2.949742782674832,3.8744188241097652
9937,pop_1,2.5243351231990374,2.7274232222215153,3.0140840306848244,4.016592888830724
9938,pop_1,4.039396948914228,2.5073520108507434,2.083756389562047,4.4778581081462505
9939,pop_1,4.309495416797157,3.1755357956862054,3.8065041447681396,2.747992518291014
9940,pop_1,2.9486598918392897,2.934292468496608,2.382551345606829,3.253906132277838
9941,pop_1,3.769420805845383,3.4739920994797386,3.09584699368873,3.631048674199665
9942,pop_1,3.085741270771129,3.6971614077333617,2.516321347357452,3.7189980844675565
9943,pop_1,3.239547250044463,3.261368635339584,3.6874068088539853,3.8958440188164243
9944,pop_1,2.889034063605842,2.9460269687633382,2.8531991585210363,3.5814706927104076
9945,pop_1,3.088645353787882,2.886262783342499,2.4331111039232844,3.3581630431958787
9946,pop_1,3.8936243885013284,3.0989270480598674,3.543549443014808,3.654901805503429
9947,pop_1,4.324202756860302,2.7303782073807117,4.1310122774833875,2.9752477026062194
9948,pop_1,3.425936753508443,3.356337089067577,3.928602207364462,3.6767704956453224
9949,pop_1,4.025387732569842,3.5719190008617847,3.46891472394244,2.672120652307156
9950,pop_1,3.5037780920167143,3.5980498057175163,2.7878725933994475,3.125105106089555
9951,pop_1,3.341396089937543,3.819833306242465,3.1110400603758444,3.3710238050436176
9952,pop_1,3.0442202932211364,3.296451695524361,2.156864554385556,2.252777696382831
9953,pop_1,2.947090205717809,2.712140238818575,2.916355707049491,2.9523097240518923
9954,pop_1,2.7050906381074045,4.096712455265957,2.1651050141332133,3.303405491197836
9955,pop_1,3.7096353603671712,3.2314182894735937,2.9747151790808575,3.653142243102214
9956,pop_1,2.3942537608896117,2.6205434763597246,2.8888991782941678,3.6646881949843717
9957,pop_1,3.2275070224608458,2.6844649193218126,3.1600429776879437,3.439678279413916
9958,pop_1,3.3379125585948706,3.0487163386792897,3.2560289740059676,3.5746586950527695
9959,pop_1,3.513115668864317,3.003441392295749,3.1311811615476017,2.8199621646299438
9960,pop_1,3.207108304488851,3.5562905020531512,2.976078826874125,3.8856960543753836
9961,pop_1,2.618811684715198,2.498190314166794,2.537418699377307,4.325985252306776
9962,pop_1,3.0824181604654197,3.927196384455728,3.316169019139153,3.63906464911224
9963,pop_1,2.868211538085721,2.8738725586918594,2.6208322453354382,4.055201395425736
9964,pop_1,3.7640763482444393,2.9520106956190966,2.1125345695252893,3.398654517200108
9965,pop_1,2.678460957923788,3.4306826832307786,2.7242765312640884,3.846636500920217
9966,pop_1,3.568761085731852,3.1544000719955174,3.2284006885208143,2.816494996230585
9967,pop_1,3.0795122187597306,3.7967739468691244,2.342903617003876,2.215783795492605
9968,pop_1,3.3566563155440594,4.057891888324004,3.7174888866803784,3.3095807158542607
9969,pop_1,3.0006900918413852,2.9074442252023687,2.4341423691476285,3.39039796531159
9970,pop_1,3.458733798145599,2.804358428762448,3.644593392718929,3.612461864143838
9971,pop_1,2.6259387576513853,3.600564918902172,3.221543607449342,2.3442259540942425
9972,pop_1,2.953648228274871,3.450883108798832,2.9574862323997095,4.569814023490348
9973,pop_1,2.680185130833948,3.234248291310196,3.1233454037255224,3.4652947912730077
9974,pop_1,3.092506273708979,2.9061376316112137,3.093173949567093,3.7832566241689283
9975,pop_1,3.5689271190835763,3.042817483545282,2.6227263264961556,3.6504479988621963
9976,pop_1,2.861973995424905,3.437693030949394,2.2838252326882205,3.6400765443973726
9977,pop_1,4.025432917645497,3.4583715836154365,3.137943051657536,3.6465416772400814
9978,pop_1,4.274484051618931,3.295979586056922,2.688420816987986,2.9577054327005783
9979,pop_1,2.8300749485485905,2.8191044139637373,2.3263783363483976,3.8024988966329243
9980,pop_1,3.7884555776675892,3.1071240279493826,3.0080132007953613,2.459761783476604
9981,pop_1,3.287842528714789,3.3287661635366557,3.1094354243197024,3.416241134983319
9982,pop_1,3.3320844139037,3.3630894106800158,3.5053079760619306,3.9606030012892663
9983,pop_1,3.2365791527809553,3.1517537922645884,2.5302205715571193,3.0105571696503874
9984,pop_1,3.454599062724342,3.5011572855989295,4.068823338505477,3.9771820634056696
9985,pop_1,3.5932132376976553,3.4628854110834695,2.888560456769229,3.7074232928610336
9986,pop_1,3.5588988717388483,3.0374792571001485,3.4211766729650894,4.2385508404390055
9987,pop_1,2.8838264322953657,3.0824747838477977,2.835890179419308,3.3177557572939995
9988,pop_1,3.7053075233158377,2.2229878279026103,3.509877325577134,2.855257131535872
9989,pop_1,2.8958185507910237,3.4829211369324926,3.1826336661522006,3.6414168771850903
9990,pop_1,2.951689539043406,3.3731711859122524,3.7041798335587255,3.804552278663355
9991,pop_1,2.8322434544647916,3.2232150813889278,3.3542452278466115,3.3522693056788992
9992,pop_1,3.9732093430289486,2.6045273510597484,3.271962966186925,3.208836833324955
9993,pop_1,2.9141527419865114,3.48695948286543,2.7074149721371863,4.2865993439757295
9994,pop_1,3.7947154424002716,2.914382722430581,3.739095269023701,3.350226676708824
9995,pop_1,4.033895708107205,3.5683434066533612,3.400449429332113,3.072323210258654
9996,pop_1,3.0352039504657404,3.4991372156389553,3.579555923732931,3.77214933978387
9997,pop_1,3.1419090392461433,2.8288108369498053,3.0570585337237945,3.8891584112069637
9998,pop_1,3.0198862502801482,3.410659293791786,4.08510366878804,3.2204905862713824
9999,pop_1,3.0303241259130216,3.7784382488310375,2.630190810633761,3.111444091362583
18000,pop_2,3.722229714975267,2.7514970984449016,3.130330158602813,3.2006854770034785
18001,pop_2,3.721620260941563,3.4929824380320555,3.8394541620222986,2.971008231342312
18002,pop_2,1.9149508172809755,3.241509667539736,3.094797333802023,2.8651035285520776
18003,pop_2,3.7269012909361154,3.263823126090127,4.811515484654269,2.8824992258352533
18004,pop_2,3.2973861698975493,3.13030553283059,3.061132125909244,1.8215590332476133
18005,pop_2,2.591693919053591,2.8849430989304135,2.6519311083122936,2.393917763518408
18006,pop_2,2.6641746085202818,2.5274130038924243,3.746303093606871,2.397522109603784
18007,pop_2,3.8103933530517264,3.1166661747909497,2.439259705449441,3.320706335251273
18008,pop_2,2.403902244620123,2.145057960697705,2.9245761280376676,2.800964479268201
18009,pop_2,3.418241868865441,3.0581368652567043,2.9244612620076693,2.5454331841909568
18010,pop_2,3.2831791466972975,3.176574980412736,2.6432663199127147,3.0259229915477146
18011,pop_2,2.4889919504935825,2.4040472420427608,3.556102321828726,2.8299307909369524
18012,pop_2,1.8361356106315365,2.9222611537522245,3.1148469549327835,1.9846282894160996
18013,pop_2,3.2769190409635898,2.7369383868410835,2.536063708483531,2.3412986196559977
18014,pop_2,3.620162786014155,3.1402299535167217,3.029408752361399,2.386724881670879
18015,pop_2,2.5810160873637673,2.9079417351424626,4.316457507984729,2.6692385038872946
18016,pop_2,3.199544839461118,2.0508455553672222,2.9489197254659216,2.278952676311376
18017,pop_2,3.0662110288692848,2.925144586196797,3.624722537978501,3.3925057472068265
18018,pop_2,3.5989610975303563,2.9858607902098733,3.9607604986477902,3.15853838172647
18019,pop_2,2.7487994966304368,4.074414351764207,3.793565544354489,2.723671423966451
18020,pop_2,4.236185219544612,2.8805311797693123,3.623352056685554,2.680780199826011
18021,pop_2,3.786869312179503,3.103949980332356,3.365208848916933,2.8071399054972135
18022,pop_2,3.850113260219671,2.89693107081308,3.7037462535259014,3.1182033171993297
18023,pop_2,2.6513261872491274,3.279595380301576,3.6437621401092533,2.14816138307596
18024,pop_2,2.994254326191891,1.6708597449116738,3.4510625638105683,2.925530367969712
18025,pop_2,3.213480526465532,3.2184988328595936,3.639362269264296,1.581615793596087
18026,pop_2,3.826512213221334,2.444402749452045,2.699840957021467,2.9965035873932853
18027,pop_2,2.499527673836602,3.0200497937488717,3.3549359411805075,3.461160150384177
18028,pop_2,2.0650200859519936,3.1861164663073938,3.5890685935199618,2.1297646872150984
18029,pop_2,2.874600271265975,2.059085587614149,3.013898410891376,3.3784994055562843
18030,pop_2,2.704998915285801,2.491022460295045,3.5508674645620024,3.1606719471771347
18031,pop_2,2.4921188679274087,3.376038345902924,3.3524857159707566,4.112826917135697
18032,pop_2,2.929381538018021,2.513399832973593,3.380642307561289,2.899916581429991
18033,pop_2,3.4554424750182156,3.001672611304516,3.2454190524098085,3.115460841099837
18034,pop_2,2.191068213738075,3.478090615416658,3.4477678312547875,3.1735280078764614
18035,pop_2,3.3522624590734016,3.3990871503617752,3.461002426851147,3.7918940239501735
18036,pop_2,3.070950266901369,2.919826673902686,3.459299310764679,3.0590221631810754
18037,pop_2,3.513222714211539,2.580728276540559,3.0243999947841695,3.2991588289152984
18038,pop_2,3.0362233784257464,2.9922466185469596,2.48634111058763,2.6332510094691397
18039,pop_2,3.035911622500085,2.6998785704566943,2.904360685959382,2.127014474115203
18040,pop_2,2.52953337770243,2.5037039797824234,3.686789321810835,2.9885231278645525
18041,pop_2,3.292093368842131,2.523910199718127,3.817036314978288,3.3451689930535533
18042,pop_2,3.9184066462393385,3.2163022989291026,2.695220220071786,3.3768417256648737
18043,pop_2,3.935034744383694,3.7592958815344306,3.678935198967821,3.334241322254277
18044,pop_2,2.673113643070437,2.657157537767064,2.8722973394104345,1.7478133728042695
18045,pop_2,3.0208369278837357,3.387593250470748,4.886161069563313,1.7875097912949938
18046,pop_2,3.565746903669242,3.1111587023065495,4.016950249830751,2.380370946815179
18047,pop_2,3.0852351331191805,2.5566391726691013,3.3652695900884257,1.7765956675816201
18048,pop_2,2.649224468590753,3.0937587931698776,3.0704079286098898,1.8239898683651514
18049,pop_2,1.970823745025351,2.713455227655442,3.0007037060435175,1.9334406386866128
18050,pop_2,3.2044759978408233,2.994186707185202,2.939749186170464,3.4161164493643525
18051,pop_2,2.8690239455243365,2.4015681029740157,3.8740812476982933,2.576424207375969
18052,pop_2,2.535298774940443,3.6923381836020424,3.6435532581902312,2.626220516585504
18053,pop_2,2.5979466570150103,3.150244087115547,2.452780860552868,2.9712267695260772
18054,pop_2,3.7208527014484964,2.603010566338689,3.929935266553122,2.914133055783452
18055,pop_2,2.3642118460522923,2.7081841383405156,4.500550031195155,2.951637917594485
18056,pop_2,3.246306379097039,2.524465943597172,3.6842083103485446,2.794207527142545
18057,pop_2,2.5680004778948464,3.1717191462608647,3.81207200955102,2.1674640982332942
18058,pop_2,2.6595910790689907,2.755040868181129,3.5419594910390932,3.225526277204199
18059,pop_2,2.829666931778368,2.915729993503705,3.8814175577199874,2.4481322618716965
18060,pop_2,3.4249905695606797,2.874201269435041,4.3257857509884525,2.7520350705216536
18061,pop_2,3.435187405638899,2.1143065365522897,4.092560529443966,2.7506464893116385
18062,pop_2,2.825118992948684,2.3325149599590196,3.6665801812776277,3.1539175519889917
18063,pop_2,3.204394121169418,2.8440168256662375,2.3265520772919555,2.635666987149543
18064,pop_2,3.8326637046219814,3.629460348978984,3.2864214005738654,2.21847311434677
18065,pop_2,2.954130101467288,2.9625985138583264,3.063267919013609,2.0402149618240393
18066,pop_2,1.7385517203454308,1.9707237632691463,4.174018502635557,2.719174827838268
18067,pop_2,2.656604754045082,2.3905837216069994,3.4069635107293377,3.5589287757554104
18068,pop_2,3.1294523103609504,3.4154534117859163,3.727434668702002,2.426752531298153
18069,pop_2,3.0248081969838916,2.9275657547543816,2.779441641972209,1.6837086385951014
18070,pop_2,2.6419680562459846,3.1746277857925653,4.142609884036174,3.4440535393753637
18071,pop_2,2.5921704929509497,2.97058288591071,3.8095629595005795,2.484525891849406
18072,pop_2,2.5358725491960463,3.554864900563202,3.5812388344083144,2.5841112043147114
18073,pop_2,3.5489884150270816,4.123559604994478,2.812375980713417,3.2264247310775938
18074,pop_2,3.268849770221884,3.233273017536035,2.7284036097680526,3.253934924064281
18075,pop_2,2.8231163927316256,2.7324279563573377,3.547042222580107,2.827948234460533
18076,pop_2,3.214685679635045,3.088625769775491,2.943399845452041,2.167542686689976
18077,pop_2,3.5599642927899646,2.808388181122935,3.0525426985030393,1.9220464348971285
18078,pop_2,3.2531876921070104,3.61211288204421,3.4921840861728355,2.833041861992534
18079,pop_2,2.6655484733475983,2.4242554360246915,3.240975745213143,2.099208111362593
18080,pop_2,2.7679094617856554,3.0798513450776666,2.9478454705850603,2.701598291736406
18081,pop_2,2.477756735681991,2.488242478370327,3.5850030305457246,2.5660706691609074
18082,pop_2,3.15669155400869,2.3905562816804804,3.7474241254602343,2.8261310730641274
18083,pop_2,3.079646556025657,2.076402430207759,3.3925584536250453,1.967810300262085
18084,pop_2,3.404529215394084,2.209778637849626,2.852389056325719,2.9934698939048614
18085,pop_2,2.6608606377333035,2.9003681916879644,3.8561837143598257,2.6044399813089574
18086,pop_2,3.5363460385364744,2.7681057751754397,3.2825034058841243,3.1355829766637973
18087,pop_2,3.1204256461180666,3.3228167863584916,3.152351308125401,3.6750042560812046
18088,pop_2,2.588091077764842,2.2148068507186123,3.2061448296397597,3.102841374972915
18089,pop_2,2.838914769269344,2.7640283116362534,3.1170698515538975,3.263493255298559
18090,pop_2,3.806056707903371,3.488178495994566,4.068007483173586,3.41405617359858
18091,pop_2,2.4097242545968154,3.969369421688183,3.2272309673716686,3.320453773745026
18092,pop_2,3.0059187107886247,3.1320347695660873,4.259937609819848,3.4747829340503458
18093,pop_2,2.281641549573703,3.369190653908374,3.57340347822868,3.7599227853691177
18094,pop_2,2.5370627834454975,3.1247205033526426,2.9563044083318575,2.4590957715585193
18095,pop_2,3.3856722819291116,2.978919791235993,3.2664575550055432,2.55103336305847
18096,pop_2,3.1146903083127015,2.798084114111266,3.0999667137428863,3.335630698818518
18097,pop_2,3.057704423730662,3.1649736977044984,3.260441920515453,2.2363311194311284
18098,pop_2,3.2048844179855083,2.9402320934514297,3.6972223275976166,3.333746078772622
18099,pop_2,2.943368205930448,2.727669557177366,3.991868548849499,2.3351975647894325
18100,pop_2,2.7897802791262594,2.2877321705036886,3.5627238277777407,2.7697140671020866
18101,pop_2,2.6748093288825903,2.970281331543,2.9771206101728396,2.4694901028556697
18102,pop_2,2.332227417107436,2.423893500738554,2.78558167107159,2.4910259711874114
18103,pop_2,3.7977830251898297,1.8781602841637555,2.801760715573547,2.541580713501462
18104,pop_2,3.1933711753024157,2.992954457420997,3.0668605482454407,2.094347696246692
18105,pop_2,2.768174788845949,3.324831910876488,3.4739204559466073,3.346157829673901
18106,pop_2,3.2132245172844534,3.1899125388812575,3.8311371821132303,3.6651881059976756
18107,pop_2,3.16934823600103,2.275432553716912,4.004937821327495,2.343949926854913
18108,pop_2,2.4076417231942813,2.855939972378946,3.059310134341431,2.4033224006999223
18109,pop_2,2.7873099189003794,2.4234110252393846,3.450869492704109,2.7066585881430427
18110,pop_2,2.995873491616983,2.2484862843201427,3.5879818463397077,2.2911779289923944
18111,pop_2,2.988805526916629,3.1144532999284067,3.197342060148945,2.611240267030395
18112,pop_2,2.9333102848374373,3.417498697915584,2.0446696540736284,2.907569655562533
18113,pop_2,3.5148352174807753,2.6974016163562133,2.778863484880296,3.001977944252101
18114,pop_2,2.78309914945629,3.006616236999759,3.600338740412304,2.4663887487909464
18115,pop_2,2.4985973819479534,3.678826184380301,2.9043818440567937,3.4360681079324467
18116,pop_2,1.9560921727647864,2.4286775459112184,3.4650746599227245,2.7202413794863975
18117,pop_2,3.3700551398842498,3.5026559341696712,3.9202959737867595,2.644007590165201
18118,pop_2,2.720259100199363,3.4858188321097128,3.1077170073518863,2.6346749817191504
18119,pop_2,3.270861200241748,3.5148829993973196,2.7654461099537806,3.173949333167046
18120,pop_2,2.77445420272099,2.8671468737464743,3.107612296059676,2.696915289520491
18121,pop_2,3.2877750578998364,3.5291783756170307,3.857637466021492,2.0966348321127874
18122,pop_2,3.1175624620940168,3.2190423687148417,3.3701959679764366,2.5462212350097424
18123,pop_2,3.2728323013471017,2.9859975536418877,2.805532414229566,2.5347320222481566
18124,pop_2,3.248636415193793,2.811929883991276,4.050965159844642,2.7279945990210366
18125,pop_2,2.464463813073075,3.18091079323062,3.4805692947336864,1.5152635674228807
18126,pop_2,2.517432204805646,2.6513994327688026,2.9990638033618313,2.7638149146121758
18127,pop_2,3.0892293186305904,3.3620957037158976,3.1434327368014445,2.9539109523040326
18128,pop_2,2.9259388954395247,2.592539116949672,3.2814949643373725,2.108932673540879
18129,pop_2,2.237414592026534,2.319117034293092,3.9616133047063657,2.8884177124292605
18130,pop_2,3.6384791764024165,3.4117888200504387,3.807553647253857,2.827085825150584
18131,pop_2,3.5936596107393544,2.026806748171251,3.698798841585467,1.844348484616891
18132,pop_2,1.9081298932964137,2.3727029413583516,3.106241240019952,2.174177528934739
18133,pop_2,2.33172780566618,2.9463616143899274,3.2595060014824777,2.287811359064562
18134,pop_2,3.5821360151229715,2.7239338017574766,3.366591379696248,2.5764533895678094
18135,pop_2,3.059339122043725,2.7825371725531536,2.9299213891189493,2.690071548845134
18136,pop_2,3.2297056403238122,2.9656008680214194,2.7719773726362975,2.8081040072472656
18137,pop_2,2.475067029598381,2.976034051375389,3.872062185681906,3.027090800503098
18138,pop_2,3.0979575840157367,3.523344155114496,4.152637812468087,2.7620744445563674
18139,pop_2,2.938732522081124,2.921638891077014,2.8678568460060783,2.633066063080958
18140,pop_2,2.8777774293027965,3.145947110493899,3.5227471287806957,3.05216234987497
18141,pop_2,2.245462902467269,2.3765426398381493,4.3260729492409356,2.333026897073658
18142,pop_2,4.227516119086186,2.8792879732132457,3.3227689718186237,3.660580803849462
18143,pop_2,3.2416602512740416,2.077647784613881,3.392496071563254,3.578357299621333
18144,pop_2,2.6067732455855976,2.7119327398780038,3.1715442455642444,3.624647199831006
18145,pop_2,2.4684707315874816,3.070194029725368,3.6686762539837448,3.1680761621767926
18146,pop_2,2.734174597066456,3.4105028174313285,3.6811281175460246,2.5679874236018674
18147,pop_2,2.893063340067164,3.570594567733578,3.7513615048665727,2.428066395593963
18148,pop_2,2.608265682536664,2.6825530221058353,3.2901041936365543,3.0327739686494555
18149,pop_2,2.7463501146028335,2.343033603202659,3.116300675886773,2.1668030611166045
18150,pop_2,3.3155417703874894,2.5693002330045838,3.241520417855711,2.216281732482651
18151,pop_2,3.4757336869878275,2.2969286145793006,2.886455154332638,2.6521264511902087
18152,pop_2,2.9466651012622957,2.4432649229239285,2.8740108464230145,2.38947638967978
18153,pop_2,3.508612767286725,2.9514104446718887,3.6884418788502304,2.9930198130160823
18154,pop_2,2.7214872242289045,3.1676946573231866,3.0154601700702126,2.980921847675586
18155,pop_2,3.1386033030742744,2.6635666623399112,4.440013780488943,2.71404912803603
18156,pop_2,3.6435229121557464,3.5649149158848137,3.4339219564746566,2.883035024978864
18157,pop_2,3.4898814320215443,2.5710334051201906,3.506156160827732,2.7110713456367397
18158,pop_2,3.154268884839389,3.8954216785811995,3.6750229490841395,1.8578938859373806
18159,pop_2,2.864442572818086,3.522050788609768,4.133415014937917,2.494954185513051
18160,pop_2,2.444939391657135,2.3529294912688927,3.3936272768904114,3.568086487289573
18161,pop_2,3.7521681139322003,2.785058741011222,3.8053091662512304,2.5049007558541696
18162,pop_2,2.183310702034722,3.191448815445784,3.0988112586898433,1.8836790893552997
18163,pop_2,3.3180786688855983,2.492479511411279,3.4104608258250533,3.112312264895206
18164,pop_2,2.5689212638731593,3.9440831486999075,3.480047342544285,3.3936858290279206
18165,pop_2,3.1334173328074266,3.5176625039384097,3.8586172663344285,2.9814962021688545
18166,pop_2,3.4935179281948656,2.867722491340621,3.265147591779221,2.6100005338316796
18167,pop_2,2.9572610839881013,3.365705374053183,4.62227434348213,2.541466274711321
18168,pop_2,2.883012360375754,3.518507521709355,3.50197056447117,2.608226817563506
18169,pop_2,3.0432835649239913,3.0622872126996636,4.59720568860798,2.9620873878688454
18170,pop_2,3.065193019957085,3.9666854277773647,3.879522910426497,2.2935547694617067
18171,pop_2,3.5346309185484457,2.863002890455727,3.3214648453193543,2.306723984550396
18172,pop_2,3.555795489724073,3.7866410714375056,3.2410257533292826,2.2461181895473485
18173,pop_2,2.4846932441276715,2.492952456332251,3.0331157032713474,2.942105415853082
18174,pop_2,3.519427818140718,3.185327819285289,2.8859161729974656,2.3788118448488698
18175,pop_2,3.5477838448874524,3.227529779130923,3.947394827740352,2.2922424782315205
18176,pop_2,3.477674395478094,2.6391559824783406,3.8786612930375233,2.3609425180144195
18177,pop_2,4.085898200835373,3.1148492168557254,3.2545056399244245,2.775606557082066
18178,pop_2,2.5504065031586483,3.1136081783985188,3.5203677790772216,2.719590615657772
18179,pop_2,2.061213428008511,3.40082476581912,4.107347896988464,3.76904591480441
18180,pop_2,2.421696701784631,3.2330733797721427,4.072981741739918,2.5378401836924667
18181,pop_2,3.6947269075007063,2.2464631146495826,3.947596722110497,2.460817829395178
18182,pop_2,2.935632349753789,2.2998667818785443,4.129618836527342,2.9432259924753086
18183,pop_2,3.2737069995935912,2.615234012584637,3.850573024268261,3.255091379943017
18184,pop_2,2.714956530145661,2.6409303316103,4.156190884756503,2.526406521227231
18185,pop_2,2.4262662183207757,3.789128963910815,3.649292844200675,3.062245979652296
18186,pop_2,3.1734323710877526,2.936760477626481,3.998455259176992,2.9399902513040543
18187,pop_2,3.17696842346989,2.9183014359837993,4.391172472698198,2.728623144525388
18188,pop_2,3.217912934312625,2.685902608153365,3.0091377423710806,2.5727707984676065
18189,pop_2,2.977873323487899,2.276909110158763,3.999819886990033,2.5795342259244403
18190,pop_2,2.788524358252242,3.5430181589852805,3.081199929973454,2.489400736040672
18191,pop_2,2.141090423912482,3.105753075388086,2.559472753269759,3.059645440487543
18192,pop_2,2.631412856932533,3.700660385635405,3.3850186889322407,2.164693567775017
18193,pop_2,2.9859424636083767,3.2598408739792384,4.475660131096861,1.7846586230767432
18194,pop_2,2.682192675351933,2.8359423462610107,3.271042303341323,2.292384742812259
18195,pop_2,2.646363052573553,3.078612909892425,3.2977094169084373,2.714241806276542
18196,pop_2,3.1260395909638596,2.4651814313744076,2.68521995027013,2.9113805317453543
18197,pop_2,2.656081707507918,2.4929610437858827,3.2773671900577144,2.496144816189699
18198,pop_2,3.1278792039339,2.483631114904791,2.7739398540576827,2.384749049879432
18199,pop_2,3.186387272992495,2.299134693953762,3.6228120858355197,3.5560287419770438
18200,pop_2,2.559136904696973,3.639348246336628,3.4354755683045854,3.2872092338530883
18201,pop_2,3.664367449412069,2.826895047645962,4.365070843788099,1.6546946021238282
18202,pop_2,2.337576268815037,2.399557175861095,1.621256157287913,2.711495639396666
18203,pop_2,3.5176665092212445,2.324909669870439,3.705169013138598,3.1493499888707106
18204,pop_2,3.3755327942418663,3.7521372930203203,2.8400828088578423,2.092290706922693
18205,pop_2,3.346720901332398,3.6348599245011366,4.33596290963307,3.124819461887856
18206,pop_2,2.8854196254586775,2.8515197375260994,3.5632634529823006,4.02739406342719
18207,pop_2,3.289059495022981,3.208014116432791,3.594331459763768,3.3804727823246608
18208,pop_2,2.6026731791686877,2.99031641913856,3.5433966570131004,2.962160415763432
18209,pop_2,2.812700231177276,2.70959002002324,2.718826830407779,2.8027773281792903
18210,pop_2,2.8673325761916812,4.530998378867409,3.472137656162153,2.9184027311733116
18211,pop_2,3.170014794950516,3.4618563270416494,3.694725737863952,2.8186520700566855
18212,pop_2,2.6356503100174953,2.08144967842778,3.502189435719057,2.040658301635597
18213,pop_2,2.4353367913206996,2.864594453383401,4.125583140754377,3.4772736568385394
18214,pop_2,3.202364335535457,2.786326738909857,3.2941539329653935,2.929851233221169
18215,pop_2,2.217688793722095,3.639361431866636,3.634049724848018,1.596742173571169
18216,pop_2,2.48512737179925,3.3388714613083983,4.262906330114846,2.005419551180411
18217,pop_2,2.91208586251942,3.1497157081437384,2.5784983593785173,2.5679812534356885
18218,pop_2,3.4108430542837773,3.1943289778697936,3.0469683146539337,3.129029271068304
18219,pop_2,2.9953613507872925,3.2353132030411444,3.716100414054906,2.6989412223351046
18220,pop_2,2.5683458369959085,3.228011659961653,3.4062516234273175,2.50953861854509
18221,pop_2,2.2806125095365717,3.149043122369586,3.959719006027128,1.8601689052415058
18222,pop_2,3.4023021777820306,2.4176012972232783,3.6694590571027326,1.955427517206016
18223,pop_2,2.9305355795128234,3.5029899106422753,3.011795207575445,2.133875275110054
18224,pop_2,2.752212657010982,2.57177568658498,4.211456182988188,2.823937592464456
18225,pop_2,2.6422279217120135,3.5568021932848826,3.7242837501523365,3.561408095170462
18226,pop_2,2.7474571417874913,3.3746765113731216,3.733393222141586,2.862824232386606
18227,pop_2,2.6755319204513963,2.4067898739427376,4.406458269844628,2.7377912734284333
18228,pop_2,3.0738844566694725,2.0224316083889184,3.2248472429671264,2.1167840291088993
18229,pop_2,3.272518069146488,2.455283841888878,3.7392180076993755,2.0434606158069535
18230,pop_2,3.551985220769371,2.893294903181761,3.233603423746138,3.790935907377772
18231,pop_2,1.9508458647354994,3.535023367748867,4.74742473870775,2.139019592809683
18232,pop_2,3.0109392485633233,3.448324498818476,2.6203269803912854,2.8108911766216043
18233,pop_2,2.7319807759870227,3.023035768348352,3.37362323387384,3.422399940988017
18234,pop_2,3.036568905060246,2.4677052028110156,2.853837895006822,3.0870485742521043
18235,pop_2,3.3744740667833497,2.63990901836777,3.1590514959124008,2.4723653535371746
18236,pop_2,3.66090375621401,2.8869747593049393,4.06358172110183,3.093383229781218
18237,pop_2,2.431103882946505,3.1545941591493345,3.4446193631849376,2.999069112342195
18238,pop_2,3.4059703711271907,2.542485213577303,4.1368701243894135,2.7761790603764744
18239,pop_2,3.683650392187928,2.255286987951269,2.39826040344477,2.834366773936735
18240,pop_2,2.5601350685982243,2.929242034668016,3.401741357612048,1.7233885836178258
18241,pop_2,2.659621742640085,3.294073388238912,2.802377092682854,2.9944630763866527
18242,pop_2,2.1624374915130957,3.785668844264943,2.483479742393993,2.9331606977760685
18243,pop_2,3.442118162546161,2.839611626339938,3.1986093050894198,2.7152020772999497
18244,pop_2,3.501022633228814,2.650142186747403,3.2061860642797537,2.470716641660501
18245,pop_2,2.5914420550922244,2.597345815703708,3.2331152046924503,3.642787893620678
18246,pop_2,2.863329613461364,2.675968220414988,3.8745922453303465,2.751510437358244
18247,pop_2,2.8828933488645876,2.0759618975776033,4.328685829715014,3.3581743349620305
18248,pop_2,3.4520054839027887,2.020663024124544,3.4954530745430854,2.714219421722361
18249,pop_2,2.715364882198347,3.1700559388141345,2.531916459357979,3.8384717577243066
18250,pop_2,2.2449269232628826,3.1279042977431506,3.125509539591225,1.685606113305003
18251,pop_2,2.6216359649289793,3.7418694517309428,3.474180670342353,3.475656638853966
18252,pop_2,2.613108743460618,3.1902960151547677,2.775975629657997,2.9649551195111576
18253,pop_2,2.417975227900002,2.7948874696970862,3.248756140259545,2.2757674250892
18254,pop_2,2.9073712775993252,2.8513159496395892,3.302641158871943,2.4321616444365337
18255,pop_2,2.75004969662632,2.6339322591981755,3.7129479636872387,2.5525832595865094
18256,pop_2,3.0884126606295075,3.369022262802773,4.008467297117626,2.4371319151123894
18257,pop_2,3.1039762422745465,2.7583005485041605,3.3305680313496144,1.6911027231071112
18258,pop_2,3.6253576935132865,3.838576067739993,3.7423591140598975,3.0414598771212207
18259,pop_2,2.994689819422685,3.0625026205859847,2.836160057117665,2.4921200446130487
18260,pop_2,2.4608105848512905,2.7785467179074796,4.459680618894699,2.4893128542938014
18261,pop_2,3.0088673078314843,2.3331049249852227,3.4832601834222854,2.6084196061927973
18262,pop_2,3.2350598985361487,3.6407346642197096,2.2915917389654936,2.7410092043119896
18263,pop_2,3.4039457579178345,3.2139345533320807,4.047951264855225,2.470277799231265
18264,pop_2,4.144948224587252,3.208394485965961,2.7722620754569895,2.534869198414472
18265,pop_2,2.5749683922581457,2.737207936010975,3.333759535628287,2.6647357295498293
18266,pop_2,2.2763912123405774,2.074348838186381,3.8777869351350525,3.404714732812466
18267,pop_2,2.8987104600602946,2.4430613369960548,4.523417691069952,2.9550946287144977
18268,pop_2,3.258951388731149,3.561153834274209,2.9635408098678613,2.5100144962786803
18269,pop_2,2.6775751241365513,2.794878504289087,4.21254349897053,2.327295720962889
18270,pop_2,3.2420489025721846,3.7258166137187194,1.9507504172751677,3.5236133769904603
18271,pop_2,1.951855244169908,3.0173885528890354,3.917865831920307,3.154006900308516
18272,pop_2,3.1876253017586484,3.667289433666341,3.6600641764776367,2.154455576165274
18273,pop_2,3.0494235263222653,3.099351232681613,2.7434841409398443,2.517093391981776
18274,pop_2,2.687753756848093,3.028839009074456,3.9376603479175047,2.8726402035091083
18275,pop_2,2.845945793310864,2.500389700145679,4.050608139897058,3.1865890929599376
18276,pop_2,3.8124719121673385,3.3928809780873004,2.859232360715386,2.0099739223851145
18277,pop_2,4.190993512524774,3.3376055261109507,3.3644352070084946,2.5974925979685466
18278,pop_2,3.6033936826294783,2.8226372450586372,3.646033453945267,2.5919822906195944
18279,pop_2,3.1698996068627445,2.727981000479978,2.6897103470463635,2.5874904103544485
18280,pop_2,3.4488109807256646,3.0438031655135136,4.158160008436503,2.033107019003496
18281,pop_2,3.416610076993635,3.312727586992039,3.0287877758190382,3.03138122219711
18282,pop_2,2.522838019751413,2.99632329346184,3.76754409423513,3.111154993806943
18283,pop_2,2.8727265287709836,3.1730733558505384,3.5870516796429515,2.425911249388272
18284,pop_2,2.856862227523667,2.433407433777285,3.936542495328965,2.4379528247243707
18285,pop_2,3.8471972610102303,3.3962687107232385,3.2477203186441073,2.7153948948965745
18286,pop_2,1.679489244159405,2.618058917204104,3.0024259926232237,2.886949628686108
18287,pop_2,2.6986675358225107,2.272346277347394,4.145977966437575,2.9455753707733834
18288,pop_2,3.006558055873715,2.1543176025135766,4.677500269932555,3.111298301665867
18289,pop_2,2.9791835343702613,3.1878784804039824,3.769956249521547,3.1166572761117073
18290,pop_2,2.9811155022510065,2.6385845008299587,3.0105182917174576,3.142279803909226
18291,pop_2,3.515758052276907,3.2206101835480334,3.8425315766274304,3.537064998994956
18292,pop_2,2.6945811200245697,2.683521554810019,2.8672901980015935,2.4854389600496356
18293,pop_2,2.745607753043813,2.0228033193853645,3.362442387255142,2.1798436360255344
18294,pop_2,3.0001551863330156,2.5530388874950587,3.451316141997561,2.7106536804456014
18295,pop_2,3.515121128111894,2.727599447717865,3.279093515858762,2.2959303625983756
18296,pop_2,2.84483287396988,3.0322061789442114,3.581620921994351,3.0549953666910223
18297,pop_2,2.848431789407162,3.62788756448395,3.4757608218316185,2.356677768806054
18298,pop_2,3.0204704932331072,2.920560988395178,2.7878314758996243,2.2009958945944366
18299,pop_2,3.9724669699602244,3.5802867600568673,4.04794019988969,2.7926393680678583
18300,pop_2,2.882948378768374,3.1374347320507865,2.2515507522990816,3.4316217819852013
18301,pop_2,4.003370311358829,2.9974611957987394,3.4481196362339723,3.107179400727563
18302,pop_2,3.1658006309759847,2.9859382069000637,2.6330947571613343,2.191549154009757
18303,pop_2,2.3053840149934413,3.031739897284409,3.585449469968636,2.9544888183079037
18304,pop_2,3.2969835203637086,2.8542854177656594,3.560967650643969,2.2046161971624962
18305,pop_2,2.9740715112370935,2.8787722250924643,2.372112398601077,2.2938749401628087
18306,pop_2,3.241810323536774,3.0408045445543626,3.549914453333244,1.9454343009540798
18307,pop_2,3.1363882733925568,2.8477571629289793,3.5419065705816415,3.380615469094144
18308,pop_2,2.7332248121669958,2.848352908334404,2.3703814086502155,2.365664561816349
18309,pop_2,2.7337825879924518,2.2431704274135553,3.3738909654968765,2.5222788059605907
18310,pop_2,2.6032218923803256,3.536015111435158,2.4335387968525932,3.243381425131029
18311,pop_2,3.20947788796777,2.075783085435756,3.9657093718074723,3.4723396591317517
18312,pop_2,3.277834869640153,3.119244391389005,4.08721070759965,2.70877664068699
18313,pop_2,2.7581966987215907,2.6436202989960336,3.2862796429265435,2.9075080405619325
18314,pop_2,2.8742894327683124,2.9529155227204793,2.654227592801333,2.9544750817984378
18315,pop_2,2.5006475397118995,3.054800964658344,3.3404844273024357,2.660136779439701
18316,pop_2,2.7362675861709613,3.252778350260849,3.5253215112373786,2.3346083808804363
18317,pop_2,2.9596218383479664,1.9519013137517311,3.3597727123731542,2.3926205060413928
18318,pop_2,2.688713644023092,2.812004277863217,2.6970126031280133,1.6610628709784152
18319,pop_2,2.299405277189959,2.5825835283740504,2.9822956094354636,3.295826688550533
18320,pop_2,2.80659338819549,2.2892820762463533,3.776559362264913,2.7764947725593694
18321,pop_2,3.1702265012206583,2.1988427380404016,3.601351273476241,3.348943767059194
18322,pop_2,3.266152926698854,3.027076897277588,3.3190365501851136,3.9181235616319556
18323,pop_2,2.770959707085332,3.188468717422886,3.2044983423334985,3.3701574196741504
18324,pop_2,3.248442354056592,3.285994757359479,2.6152921073611997,2.7078010285563523
18325,pop_2,3.048087966358921,2.7453805004882477,2.9963403361824086,2.8124580184753083
18326,pop_2,3.399884848862096,3.6880493503574843,3.378028399733454,3.345866473091954
18327,pop_2,1.6637645118677507,2.743462975078323,3.5609751175741606,2.8544817490779555
18328,pop_2,1.6747767781025449,2.590394347973961,3.715057894433597,2.3432741455872583
18329,pop_2,3.301337927877163,3.0410972446436677,3.2501891049967466,2.4974103795809164
18330,pop_2,3.4397458982368883,3.1281060353845027,3.519611527126686,1.9260334833890225
18331,pop_2,2.794799959963477,3.1383008585607106,4.472675092759519,3.55360217957579
18332,pop_2,3.0780010792104924,3.3461571413666737,3.6601236574712805,2.2113132443602765
18333,pop_2,3.6113839171113047,2.941864007483403,3.9572045295640095,2.942935720021871
18334,pop_2,3.7483173725735366,2.077700067011767,3.0235417597549374,2.3040649509477733
18335,pop_2,3.2635457819318754,3.9154325889662687,3.7671699143964963,3.0033397465222578
18336,pop_2,3.2527225848319237,2.726217632755452,3.4729495770123777,3.584742476468519
18337,pop_2,2.714242668283008,2.9894941700089177,3.152562910050954,3.0148305637537485
18338,pop_2,3.0914416265408944,2.459574541746741,3.75604933421283,2.5354233634522285
18339,pop_2,2.5439384444474946,3.122069648960917,2.9943944003914416,3.6246257242980233
18340,pop_2,3.278796840625772,2.7989473245438004,3.211907357649857,2.8763854985000554
18341,pop_2,2.9301577566777657,2.8617760033514035,3.3070578386719816,1.6223647441559512
18342,pop_2,3.6154796477699715,3.2364448206640004,3.2247524712386184,2.148584033857242
18343,pop_2,2.7173470681062732,2.988861950805956,2.98397496128207,2.556332733664331
18344,pop_2,2.681157340680633,2.2683095478062993,2.869236608234015,2.907349428583104
18345,pop_2,3.3306395595731453,3.467583912129585,3.6027074974808135,2.855278827138566
18346,pop_2,2.758359769922802,3.627207929865235,3.3999744891453125,2.460088569696426
18347,pop_2,3.4663185198559314,2.846362997250683,3.7182116551385613,2.7309146495063614
18348,pop_2,3.4099507295992963,2.9896397627319296,3.0994563886236155,2.8519247108306223
18349,pop_2,3.040484007949825,1.912039938553272,3.430731504098281,3.0459527686332564
18350,pop_2,2.770467750609454,2.738298320730543,3.6165778305033656,2.8406165323483816
18351,pop_2,3.1514179039923564,3.454673983438677,2.8295740359926,2.6668072086927386
18352,pop_2,3.2946224750976967,2.9913251330016224,2.775362892164142,3.156009424201037
18353,pop_2,2.9121882141396407,2.264947371232826,3.7419187167791383,2.61009795556616
18354,pop_2,2.8417279368222905,3.002110600613805,2.9185054409557027,3.407076744102812
18355,pop_2,3.0586985910269036,3.0165683028765864,3.8222542003899194,2.653284827983124
18356,pop_2,2.654642991908402,3.3690765277104027,3.6250919694933743,2.972437585056332
18357,pop_2,3.0321661676242586,3.3094526924508654,3.7422471080644533,3.4913368575208796
18358,pop_2,3.179033597066737,2.518361532183973,3.009699641384588,2.8487847935645645
18359,pop_2,3.9608447889795197,2.0497667522328977,3.2199550301590527,3.5307128758132764
18360,pop_2,3.0529509910183545,3.6128023390870765,3.6848869050845754,2.2678418418159265
18361,pop_2,2.3493677006948475,3.3718814086751188,2.872794616104497,2.551748136858325
18362,pop_2,2.8948998985945895,3.5563240685599014,3.152995214175004,2.305894048852226
18363,pop_2,3.0361619488214,2.4000191013724903,3.81732913014376,2.6526816815419747
18364,pop_2,3.5012927171076074,2.7366736753892336,4.29510954725185,2.1920028470463957
18365,pop_2,2.8120917595102752,2.7469755956789066,4.0366371988761465,3.4564589126016183
18366,pop_2,2.7612324864660844,3.3346276797873946,3.7734631428375174,2.4427915753633465
18367,pop_2,2.5231553523091006,3.139341720100729,3.1654906723556495,3.736186333523485
18368,pop_2,2.6695655723293905,2.6725947390005937,3.5847533139971315,2.5173028055015028
18369,pop_2,2.349694699729742,3.6363742841212723,3.539757191983726,2.0713848856576553
18370,pop_2,3.237827350737379,3.1363461435277253,4.446932020561155,2.520808474960879
18371,pop_2,3.4020773866228398,3.245064306727701,3.6128966673035325,3.2434660391641223
18372,pop_2,2.668186037443294,3.364817292974717,3.8312411476621597,3.0746965025516104
18373,pop_2,3.2717182640989666,2.2521131336193276,3.8259209180509193,3.4045880785651543
18374,pop_2,2.3414431862470666,1.721846120422543,3.511875170010223,2.90599544116516
18375,pop_2,2.0765729274286437,3.490631867621693,2.2115737274728056,2.9573572326771673
18376,pop_2,2.8218076581028217,3.223919991115073,2.950710292757765,3.44381885819915
18377,pop_2,2.989216684999103,2.819159838825068,4.034905628941675,2.7773391562825887
18378,pop_2,3.672055454926996,2.461608839817103,2.858390569734167,2.8161807584209853
18379,pop_2,2.5117036138695514,3.1952821946018246,2.9095999805522146,3.3896383441865687
18380,pop_2,2.0953727672453515,3.871613408625874,2.3930558608615584,2.4102444517421446
18381,pop_2,2.522163676809908,3.506558481050183,4.211355556089501,1.6266036789251799
18382,pop_2,2.5202593225148027,3.7837570262811258,2.1448025965531414,2.2270203151050523
18383,pop_2,2.788463995901956,2.734277169607525,4.005859960228589,2.133377880602843
18384,pop_2,3.191017251934049,2.0478174393442945,3.3955688489630105,2.6367247312409603
18385,pop_2,2.8519540818958613,2.928659057473353,3.804291889456359,2.887518943607292
18386,pop_2,3.24041390402006,3.297267610524859,3.6403507866865574,2.656741684868041
18387,pop_2,3.5108716023538773,2.5553160923188885,3.7553968387433696,3.450440450324478
18388,pop_2,3.097508386864437,2.3742159634321998,3.4012092239180403,2.7265444938862
18389,pop_2,2.7333684744141244,2.8863702803777556,2.636373266986395,2.1625888241302684
18390,pop_2,2.3842473561319864,2.7326751433633247,3.843090862875785,3.0839371647839218
18391,pop_2,3.761856784480563,3.2714411570350133,4.210405906036518,3.288052093808827
18392,pop_2,2.048079181392664,4.196549110069297,3.431722067405464,3.1148244415941924
18393,pop_2,2.843211836926031,3.8182479464444192,3.513877086904973,3.4319668173824525
18394,pop_2,2.605953205668702,3.3618455584441103,4.219369259738443,3.1771182954724795
18395,pop_2,2.5087775533343577,3.8551084507699187,3.2423298778442673,2.551942277595891
18396,pop_2,2.786053603598952,3.1294471048241617,3.4107861394268264,3.5586322830943624
18397,pop_2,2.4773199062617466,3.135298192559356,4.098414682862507,3.3837783159005483
18398,pop_2,3.1302133737637794,3.086718935093791,2.8297757813460125,3.000056185579049
18399,pop_2,2.3548016279697848,2.917941470144525,3.298165612263064,2.4397504437172706
18400,pop_2,2.9533080461242656,4.039852784740265,3.5141875843544237,2.8376202944919706
18401,pop_2,3.1268639786674743,2.5547725822683836,3.446067961273085,2.2414232604461017
18402,pop_2,2.995814816580009,2.6468814773707985,4.5984332368596625,2.3246190221838234
18403,pop_2,3.146809335140048,3.6219523652178953,3.4314141730576933,1.8951084585334175
18404,pop_2,2.884304282794715,2.7944463285304364,3.425217732966698,2.5411134113329883
18405,pop_2,2.8119996533696154,2.74428716215155,2.954807874742325,3.0034376768021276
18406,pop_2,2.4402909970328412,3.2367663087293863,3.510032962192062,3.0597338466756403
18407,pop_2,3.6369140686446917,3.1496848981676684,3.509207871002911,3.4419012849964714
18408,pop_2,2.8867689974628403,3.006715969158909,3.0167583332862047,2.6183742610565837
18409,pop_2,2.8199165631490444,2.2931054948889837,2.9274547067412477,1.6564281643459033
18410,pop_2,3.6309480319288037,3.2721805175381085,2.9932631254606683,2.914747198719183
18411,pop_2,2.0842258056443437,3.5608854143379025,2.4552675048958994,2.6168530243942127
18412,pop_2,2.862696949240697,3.0682976002469338,3.5296788649091693,2.868252320615916
18413,pop_2,3.453895470539139,3.192854892854904,3.13795998130719,2.157632757412362
18414,pop_2,3.3849171473824953,3.3899256357266387,3.1561098806345917,2.8642650023458205
18415,pop_2,2.680201107571213,2.120127644273595,3.3329624078431364,2.564372565807446
18416,pop_2,2.627168050601092,3.306008933175768,2.94083195167602,2.416481390968084
18417,pop_2,2.723179525855577,3.7515299607949277,3.8781057618897634,2.776773625882824
18418,pop_2,2.841029224181526,3.204632966000524,3.7377509998949168,2.941533186235535
18419,pop_2,2.729858367051323,4.04467720421115,3.896533595467782,2.830610521848256
18420,pop_2,3.8286798339737866,3.4346998118743226,2.649838624035644,3.4766456580136627
18421,pop_2,2.594594665327987,3.1758904603472455,3.468136989371396,3.312431218964221
18422,pop_2,2.895559445902282,2.6087562713004795,4.743216653526744,2.72281130221499
18423,pop_2,2.532051906395694,2.2762658235459883,3.672984401635603,3.2043027491728004
18424,pop_2,3.0254138994282527,3.4427474582108033,3.9244588089182946,2.9924089805966174
18425,pop_2,3.1198684596680475,3.063629595176678,2.9229113064606898,2.734323108638939
18426,pop_2,2.947500276827597,2.4887160739914203,3.293951640128538,2.8426792531196727
18427,pop_2,2.535418808725522,2.3819230703842806,3.102557432463172,2.8889141883059084
18428,pop_2,3.179675511252912,1.7432142409030793,2.5199426058509764,3.413640468913243
18429,pop_2,3.1366444912677918,3.6013341529792413,3.8089409963480763,2.892440802408879
18430,pop_2,2.304825883423282,3.0292792006637255,3.3792152729741454,2.8873666152588826
18431,pop_2,3.4440320811440506,4.0179842342665495,3.2376876999900395,2.239869050911427
18432,pop_2,3.1848138234169925,4.146544304386555,3.158805300808244,3.160239906973012
18433,pop_2,2.574894417143723,2.5808420130489376,4.085518957112197,2.4118524855901637
18434,pop_2,2.7548461947634446,3.1267661190892104,3.5128364415698656,2.9122748582597895
18435,pop_2,2.6665141919342683,3.6253422642591997,3.545261372166878,2.5391784353621483
18436,pop_2,2.5464602176126108,2.92659963853495,3.2593191683038074,2.2254402359635694
18437,pop_2,2.770548973796634,3.1370278510225704,3.3391248101044364,2.390081885743275
18438,pop_2,2.4684983683069035,3.1301078716673274,3.764556714694409,1.9724286271687603
18439,pop_2,3.5845377748170684,3.452426539612661,2.5206295772869884,2.825505531065433
18440,pop_2,3.197196701348414,3.719861206125436,3.5386289472922106,2.649163410684943
18441,pop_2,2.527206069520065,3.7067504090490955,3.9798593493148227,2.277545049694517
18442,pop_2,2.7883786752961335,1.8535226576784856,3.5539097919678064,3.4186028854573687
18443,pop_2,3.1300565081551657,3.1884478249331587,3.5855451903718203,2.8899083392800176
18444,pop_2,3.6984782172986668,2.9217620824964867,3.958404071746805,2.3959516081556274
18445,pop_2,3.2380131454567636,2.9954224583825804,2.978810889585592,2.3477383276631874
18446,pop_2,3.788764967525836,1.9704908764555054,3.8386087573255776,2.1597528227591054
18447,pop_2,2.111559548762535,2.7981606224462072,3.8684027110295407,2.1025104362020457
18448,pop_2,3.1631543413264787,3.018884248434735,3.3051162123497875,3.07305285728446
18449,pop_2,2.471237009337741,3.352428842050382,3.249195957018863,3.454956837915779
18450,pop_2,3.32209623818528,2.722174874418468,3.5382407568638676,2.164552912698179
18451,pop_2,3.335516441271528,2.7026513072856146,3.477304446498814,2.7217020059638832
18452,pop_2,3.1655672866534803,2.593157746347803,3.8852893169152662,2.245553971773229
18453,pop_2,2.9983528751156836,2.8637956391495827,2.530279894948056,3.1179114433753745
18454,pop_2,2.9059530586153803,3.5041288730122027,4.4727419384562115,1.980554067606273
18455,pop_2,3.1736787895324685,2.33941957007837,3.3287312065020247,2.3090323636678836
18456,pop_2,3.060816991691789,3.713811478045648,4.357802578740545,2.9098523063878914
18457,pop_2,3.0157308007499526,3.3315010077687073,3.425085219254365,3.315342292562287
18458,pop_2,3.4721771032168007,2.3291542642655556,4.008646013680689,1.8481831179426411
18459,pop_2,2.454392837322625,2.882209065057969,3.423960171147968,2.6173415393431796
18460,pop_2,3.2556169833437014,2.866676590281146,2.7324155934702654,2.824613679419415
18461,pop_2,3.16712217948847,3.2169042200840248,3.6896904649340945,3.3562745476042526
18462,pop_2,3.2261005991599956,2.38037990729884,3.1466424473588672,2.548584385115849
18463,pop_2,3.0093857628096017,2.925245862957847,3.1739555010544884,2.541961721053589
18464,pop_2,4.19794376703355,2.7134979024256247,3.6674963592657615,2.939525936293394
18465,pop_2,3.4563684775257806,2.2351496453371964,3.175351340957951,2.9014802544913074
18466,pop_2,3.042470765921491,2.5413703827816647,3.7639228046802047,2.2104291407408763
18467,pop_2,3.3435028113233387,2.7368950301157344,2.727670080556581,3.297539097509808
18468,pop_2,3.306174427543758,2.596311079051903,2.9512451760442016,3.6077277098763973
18469,pop_2,3.02434299512726,2.449709213318248,3.442869820194203,2.5469818930848787
18470,pop_2,3.238464757269545,2.4177619525219387,3.025235250197064,2.8882785479121487
18471,pop_2,2.5989995935694226,2.6585965908094753,3.9893963575294817,3.015203086588658
18472,pop_2,3.0824437880080637,2.817887817119017,3.475243235571996,3.3881049445417646
18473,pop_2,2.7210289261363236,2.554547492907942,3.054786047754677,1.941160504735481
18474,pop_2,2.893165603235586,3.4755387494026513,3.456524426216685,2.52358281996782
18475,pop_2,2.1113694221320833,2.6175636601834413,3.867204122503655,2.8449834735246937
18476,pop_2,2.5925055727696322,3.3439246189566236,3.153900390764372,2.5471861137117977
18477,pop_2,3.4724350196546085,2.6458573946391657,3.350885870274346,2.2939086691456003
18478,pop_2,3.8141913166552595,3.4739616968284297,3.6340300335665088,2.7561848064704986
18479,pop_2,3.1973920321338967,3.091850393348493,3.233934173955687,2.8152405595644456
18480,pop_2,3.235529769482042,2.8038694940079196,3.8411440064050524,2.7366146688058297
18481,pop_2,3.0121146734612534,2.944525124402027,3.80731351566633,2.751967257695788
18482,pop_2,3.330949024345621,2.5787575736903015,2.980624601927285,2.42749226363844
18483,pop_2,3.4115610373058023,2.7394317699653237,1.8253745493910192,2.366134867278583
18484,pop_2,3.552157005260023,2.8237906038944844,4.161615531398561,2.9885323893578293
18485,pop_2,2.1139355651686467,2.02053033986849,3.4676385515454826,2.9715943851362274
18486,pop_2,2.5716473653907586,3.5333969017769116,3.7827903777243015,3.282182218128066
18487,pop_2,2.470125725150228,2.9822824212603125,3.4199104670131115,3.308529507333253
18488,pop_2,2.9523995115721413,3.3110169556938063,2.849402841178397,2.653873129710149
18489,pop_2,4.254239188772767,3.7515968303963496,2.878587092112927,2.8309535224222557
18490,pop_2,3.2773197314678635,2.0756137886036394,2.86439636178979,3.241200894979067
18491,pop_2,2.3566416066630573,2.5506329288430227,3.2130210827751604,3.0583872107514116
18492,pop_2,3.8827332116512463,3.482093888608101,4.360700728252154,2.260699147781258
18493,pop_2,1.7267630893475847,2.86119057138149,3.784774965724449,2.3529635796657438
18494,pop_2,3.538438966726968,3.24989292217066,3.653160873946204,3.5099045685464167
18495,pop_2,2.5542407285830593,3.8304106232940254,3.1380308012787808,3.7717402215635243
18496,pop_2,3.417554561366141,2.4616564982120455,3.5570140935003014,3.385162203094084
18497,pop_2,3.10670979347128,2.7542109455126424,3.5696300359586135,2.7639436937740043
18498,pop_2,3.0370262172641103,2.3372070836154366,3.456985108659533,2.3590016932233957
18499,pop_2,2.4786201044654814,3.0324196762504694,3.538807917839486,2.5381725300678157
18500,pop_2,3.115350986797205,2.9567624975589655,3.544827560737181,2.7540663350517196
18501,pop_2,2.840924800898377,2.905024628800717,3.3335287835653022,2.451356755802375
18502,pop_2,2.6472571642417875,2.1713898725192182,3.367442653767244,2.790590175201956
18503,pop_2,3.366082136124068,2.7598178852243205,3.9026649072038744,2.6388912598797267
18504,pop_2,3.4675079415406334,3.6415221824299495,3.2315986395634932,2.707572282663882
18505,pop_2,2.404599679468177,3.055103307396522,2.3266383650616635,3.1954585345730435
18506,pop_2,2.9509282398082837,3.18292165840334,3.5381648320646373,2.6556972762767526
18507,pop_2,3.4453664530758275,2.976682175407555,2.1648690789642275,2.000820251245133
18508,pop_2,1.750422235010483,3.387920684247434,2.8632357741471646,2.724915558209735
18509,pop_2,3.5465185738534033,3.307982097578728,3.9190849163192523,2.739689501464471
18510,pop_2,2.3446258189246314,2.8963177980991883,4.4975413825618,2.5520980838204026
18511,pop_2,3.877836715529863,2.668574894839271,2.978582339529331,2.273341471187181
18512,pop_2,3.5040710395321515,2.982951860201743,3.523291073451474,2.9194321090230697
18513,pop_2,2.7816679725570874,3.3721288387195054,3.5869617770689084,2.728191917829246
18514,pop_2,2.7993854927705892,2.3288498854231525,3.385649752133142,2.99895347472898
18515,pop_2,2.3491148167567752,3.0592312803835413,3.431742930767013,2.636197714251725
18516,pop_2,3.444863165843821,2.5784593608057267,3.23544418644856,2.206417158848768
18517,pop_2,3.328820747344899,2.691138669280556,4.01710139659232,3.0925787264404008
18518,pop_2,3.0142591664248974,2.891010047047675,3.338198410958913,2.030602766894414
18519,pop_2,2.731319768612322,2.3183550280252128,4.214186882247275,2.8596899784962577
18520,pop_2,2.504217642794693,2.666094548107533,4.075279298941091,2.472501172773644
18521,pop_2,3.1018634910343037,2.635554284806119,2.9928212757458486,3.0282787467071537
18522,pop_2,2.682780278218117,3.010654924385351,2.828420646983086,3.0358237430579607
18523,pop_2,2.992294192712007,3.866737683081471,3.2371589408882557,2.9454091912877107
18524,pop_2,2.8520436373261346,2.103854212096371,3.774079617846052,2.433909252764642
18525,pop_2,2.351325402916057,3.3440133105102885,3.408738341995475,2.3328308799127218
18526,pop_2,3.1345315532918665,3.3315463704161568,4.117307872152961,2.454332015397674
18527,pop_2,4.016387609329994,2.522237912700102,3.5935144044460094,2.9256636585907927
18528,pop_2,3.6711014704596066,2.9932275105519515,4.063860764480155,3.3748304989189513
18529,pop_2,3.936443831561661,2.8586205473517485,3.253471575968472,2.804618490859498
18530,pop_2,3.465202577872212,3.299996930040742,4.266202406527849,2.771024025085664
18531,pop_2,2.5985899749002317,2.4386468326265955,4.342464276310218,2.585584583791628
18532,pop_2,3.901251440895623,3.1853061693895244,3.297794738718647,2.5214109594397085
18533,pop_2,3.1526349663672266,2.4874897921560475,3.2411009885481232,3.0045572293897695
18534,pop_2,3.1131504212792507,3.0620663691038326,3.974911966863484,2.061289228041809
18535,pop_2,2.29954988744365,2.3537189884798186,4.034673514378535,2.623059476953589
18536,pop_2,3.1891228796050726,3.030148123634553,3.037597661163121,3.169813544713512
18537,pop_2,1.8182069765954458,3.093089852540345,3.4879889495102567,2.626122580496259
18538,pop_2,2.560165712742923,3.090600087128513,3.0477901512673875,2.783428304584515
18539,pop_2,3.740056230421328,2.5503309427600227,4.00654401572508,1.372047971321595
18540,pop_2,3.0480283253999048,2.8802316092837144,3.755336108510906,2.3087014274483497
18541,pop_2,3.7852721800587714,2.070500653277101,4.114556310624595,2.9782162480171763
18542,pop_2,2.2674102820951716,3.706752636249278,4.29958400136979,3.443734060922713
18543,pop_2,3.4781796069269983,2.9899023856701747,3.3022362301115833,2.796799292720176
18544,pop_2,1.6436052367830936,2.9110324473753515,3.570773727710259,2.9906546690728315
18545,pop_2,2.7295547247213507,3.358924538331333,3.5547040641278174,2.496587850343443
18546,pop_2,2.557426033044634,2.356807878675946,3.121181399102054,2.2684461879131255
18547,pop_2,2.8905654152211584,2.5642265035991194,4.087044720399641,3.4027631457142276
18548,pop_2,2.926387554687454,2.8900458552279336,3.8111096833124782,2.400102473667758
18549,pop_2,2.418900741690407,2.644011054276792,4.087254457880384,2.055255984500303
18550,pop_2,3.5224273739529846,3.2087525723630357,3.481293615862298,3.8116801029991474
18551,pop_2,3.0216150109902844,2.0499113289339723,2.422919992757038,3.274890085132756
18552,pop_2,2.2492044077883113,2.8138909099574416,3.2367550604458755,2.3682270232453577
18553,pop_2,2.6633255444247625,2.614966093505637,3.8565904643420534,1.7514086396693929
18554,pop_2,3.8412147382198265,3.7149735068495495,3.545134029621522,2.6374021947638813
18555,pop_2,3.456191309949359,2.833317088168761,2.166269946970924,2.5659656717261883
18556,pop_2,2.8903562390314703,2.7872697847105044,3.408974319524424,2.885464810948166
18557,pop_2,3.5513262458317105,3.008224728653806,3.054559760453886,2.4844836465281435
18558,pop_2,3.3396131480549642,3.52924525465395,3.626683081846761,3.2310735942397546
18559,pop_2,3.0882227942310734,2.7114015211144236,3.305819265080967,3.5190890224045557
18560,pop_2,3.24286666060971,2.942718545884678,3.4165110397495693,3.1478537559624975
18561,pop_2,2.711381529616698,3.0493499785924296,2.6356785432422374,2.7977214610705494
18562,pop_2,3.048387116560041,3.4174133904529373,3.443822683903699,2.8240064609887376
18563,pop_2,3.02365773834998,2.6857857105723983,3.1995921735108457,3.4413704310442137
18564,pop_2,3.179918823385593,3.4511084642486707,3.103995154514062,2.69427975208868
18565,pop_2,3.958456735333506,3.4453515356435904,3.1802756160615853,2.8897280825619083
18566,pop_2,2.6222903892501153,3.8671367361282285,3.185637542168977,2.198512053447142
18567,pop_2,3.2190139066912122,3.3259994660910226,3.445459348686629,2.8420905570698203
18568,pop_2,2.8755151901501486,3.176968605410357,3.733038234278926,2.9490828492857553
18569,pop_2,1.6378166069023303,4.429891204900893,3.5147492759178274,2.444740306823541
18570,pop_2,3.200882714051235,3.3566892316757286,3.1400058900407313,2.871555067993409
18571,pop_2,2.5731983019117557,2.382667250487017,3.534669981528357,1.8256174072283646
18572,pop_2,3.0684236924191275,2.018708082306632,3.2246539464784583,2.1614775569968203
18573,pop_2,2.4563101777767224,3.848142466263237,3.4453894662080904,2.263642726986564
18574,pop_2,3.141879036284733,3.578295411767783,3.9125544258094656,2.3177252965280934
18575,pop_2,2.635006681405712,3.8483049160210205,3.90143973178079,2.300911430559172
18576,pop_2,2.476861194743958,2.2056893875451244,3.209046286761518,2.450228120520052
18577,pop_2,2.6295036332098567,2.2440736300789506,3.183099095001422,2.7701741707219623
18578,pop_2,3.6056615353470134,3.4797518418252817,3.2560692051737457,1.845618929800106
18579,pop_2,3.027285573261068,2.6306767144841157,3.875832470919192,3.2711863043545666
18580,pop_2,3.0346673420188646,2.5171613539150455,3.1775487243197897,2.9209572817787133
18581,pop_2,2.9769806496435853,2.8669477398827494,3.5116124896048353,1.6432411668479732
18582,pop_2,2.7817303662093487,2.9150261846430054,3.126080146010695,2.9220723797915418
18583,pop_2,2.1924064581179827,4.281749261183827,3.736730440159037,2.255068082823663
18584,pop_2,2.47028762546042,3.1973774080988244,3.8423127598417786,2.3080561264494377
18585,pop_2,2.8468611010426423,2.394460680153532,3.7486162228396296,1.7875571396380519
18586,pop_2,2.751291963474631,2.3238244399958057,3.467990585088857,2.5851486552196934
18587,pop_2,3.495979212465303,3.257203917546169,3.680849611764902,2.6554524934757273
18588,pop_2,3.6423936983314933,2.604026162513019,3.947791893099811,2.3527009002887262
18589,pop_2,3.2340402214684474,2.106194112792461,3.8630538466086013,2.9878591410092894
18590,pop_2,3.287039025848278,3.159652517374054,3.2204399855004686,3.0583578349234344
18591,pop_2,2.306552117345421,2.783431156112744,3.077090017161317,2.0857248285808927
18592,pop_2,2.9998233161934893,2.9117601201248338,2.72034167149339,2.4963597920210168
18593,pop_2,3.616516648080628,3.684057089333199,3.06454589023027,1.9977984228607406
18594,pop_2,2.3214197700349466,3.133858453388174,2.297602090628703,3.341532831751527
18595,pop_2,3.853988292421294,3.4401319142327127,3.4474337417339003,3.0090697436768092
18596,pop_2,2.8281969917933876,3.486055712784204,3.3010932346840307,3.005604385805479
18597,pop_2,3.3513109508529384,2.8742688799741027,4.094811499814165,2.162457968537744
18598,pop_2,2.9084233962124606,2.936586393619833,4.0034007629875505,2.2361432521949305
18599,pop_2,3.2535964181302077,2.3197119528576238,3.784545671712127,2.5674330414748225
18600,pop_2,2.5088450132028086,3.429489938076787,3.257048585714763,2.949106367125538
18601,pop_2,2.476855080114647,1.6315022458081336,3.1899126274633383,2.9309874666739204
18602,pop_2,3.5356679155930686,3.606581464077741,3.1452452457614832,1.7073531496006138
18603,pop_2,2.57399075457995,2.633563714692263,3.320060616156099,2.8119087297541965
18604,pop_2,2.428569727526311,3.393233517300257,3.2405981581612036,2.4224181742443016
18605,pop_2,2.977905331789145,3.125616272603988,2.9972207968527185,1.2179044173888665
18606,pop_2,2.5184801203927134,3.745342670639491,3.75685557152479,2.5381642682019723
18607,pop_2,2.353278653042686,3.3821065773696453,3.621809129725958,2.2589855380907373
18608,pop_2,3.5009843051823153,3.0622602621109367,3.5067306414150545,2.259120373801919
18609,pop_2,2.7271676634955515,3.1490182419703894,3.034813648633398,2.2030107212064896
18610,pop_2,2.779596651148939,2.8377948998716267,3.7044835165926417,2.6102268715139525
18611,pop_2,2.728434310759294,2.0259072953975923,4.011845857309193,2.9958390102758687
18612,pop_2,2.9147475901936586,3.3414221941219306,2.9556425193449516,3.944817032222841
18613,pop_2,3.0177030729435796,2.989030689161125,2.137343773587032,3.5256003943636274
18614,pop_2,2.343192366252403,3.437806870058318,3.3228609165412415,3.3841296599922854
18615,pop_2,3.773898133159819,4.31837305935713,2.7811660680931145,2.5717876265904027
18616,pop_2,3.279478492785416,3.4173895340495646,3.8599944282644048,3.280499503604285
18617,pop_2,3.4840230374572463,2.6905075993600875,2.9822394133375427,3.3893803736362353
18618,pop_2,3.20139014725621,2.6940403010655065,3.678896505492149,2.7153590546544595
18619,pop_2,3.0156467773158675,2.9281720915814,3.447850985560845,3.4663773666568107
18620,pop_2,3.410185366041116,3.7054711005950303,2.7873987960710913,3.112592735880771
18621,pop_2,2.960526802336373,2.400297913107824,3.887782577993778,3.1574790596245363
18622,pop_2,2.542523460715087,2.1052893814322755,2.938418008867689,2.813982542078312
18623,pop_2,2.649749286972714,2.3929737046472095,3.0709075899777747,2.86756445701543
18624,pop_2,2.863776399063449,3.3494170182190386,3.142643498942909,2.6978053919587737
18625,pop_2,3.3303238890298763,2.5165901548393177,4.049346558133512,2.2330684303859445
18626,pop_2,3.006569394324581,2.8300645776217053,3.5864065005570933,2.813945922428238
18627,pop_2,2.3925208792770545,2.8891922586789898,3.2893492083700595,3.757923526067056
18628,pop_2,2.7968910915032525,2.3073413015169537,3.8098148664754556,2.374648346003995
18629,pop_2,3.1934539430210354,2.83492399075933,4.280251985877411,2.539431960102738
18630,pop_2,2.8190104475055997,2.971048786526472,3.7700857754363963,2.984538200914617
18631,pop_2,2.9426270282380593,3.454143106542603,3.272333269110934,2.5098616139637926
18632,pop_2,2.6985160880739865,3.320482328733716,3.6500678232723773,3.694975272536425
18633,pop_2,2.303524502759532,2.6671933444514186,3.3311645237786447,3.3107108313594336
18634,pop_2,1.6096350205062806,2.621613111032885,3.579729571781213,3.2305852077128767
18635,pop_2,2.6473631921578096,2.7381548752410274,3.6248844268412816,2.371036431288492
18636,pop_2,3.7209135860610107,3.3535859658902223,4.049782553771292,3.1605017164936267
18637,pop_2,2.1044711773866975,2.3862226914340616,3.016884564895028,3.2450501465386106
18638,pop_2,3.091184078083849,2.2091605982614007,3.9041072647931814,2.4662351839503316
18639,pop_2,2.7363792067101187,3.7526253564086054,3.4846266120042264,2.772287297449277
18640,pop_2,2.835408742629162,4.1117592858976595,3.5455837406827753,3.4917487419161337
18641,pop_2,3.360484789367366,3.090915466646141,3.4917900947172336,2.5386146755888515
18642,pop_2,2.8219179512811694,3.548587394293159,3.585279778590266,2.689137260616577
18643,pop_2,3.011602983030487,2.9243859136260597,4.064352055873044,2.9531766991034902
18644,pop_2,3.151211434645034,2.6342475035502684,3.8139265906153477,2.2361976353459188
18645,pop_2,2.6691117976064507,3.011377556071718,2.9054383098704912,2.7922558394304398
18646,pop_2,2.403819896466415,3.949392172901218,3.7275658756904155,2.768575333505397
18647,pop_2,3.5617723219112336,3.1729320471021385,3.293688275132004,3.3359601631909985
18648,pop_2,1.9002405860953724,1.5495599522184538,3.252562649948667,2.6578210209056996
18649,pop_2,2.58800710599733,3.2438793544293945,3.839221981396703,3.1795148870898697
18650,pop_2,4.194981502298976,3.1801901020028565,3.6607285603498103,2.6446886722365646
18651,pop_2,3.536367338975828,3.4520274797994523,3.3297526933317285,2.949360480063339
18652,pop_2,2.5488334709305502,3.385009516670339,4.137553330097899,2.021172109709677
18653,pop_2,2.986716227885923,2.8845649055123324,3.6726993178289034,2.9047553730497397
18654,pop_2,2.4852386923094314,3.500816377554947,3.473694682025158,2.4818627305571193
18655,pop_2,2.964790933347271,2.351498914942895,4.32864096686991,3.033529799994026
18656,pop_2,2.573630702004493,3.094501675236999,3.1169645238390413,3.3085671871276374
18657,pop_2,3.0394731798836956,1.599076927126733,2.832531870681431,1.477328301453314
18658,pop_2,2.5383989660988315,3.2478858395569423,4.2920210503116945,3.5031984719791374
18659,pop_2,3.5507317630359223,2.4306025042243093,3.7213338537302065,2.848739507776903
18660,pop_2,4.2778074531495225,3.008723359218539,3.279501744126916,2.3089967899276105
18661,pop_2,2.3425744144164664,4.4979326885540525,3.2486340255551034,2.3051592433450008
18662,pop_2,1.543582896209295,3.2246603389713,3.004664448909161,2.908230299112986
18663,pop_2,2.797654009112231,2.315283586130332,3.65974659871199,2.3775398035732587
18664,pop_2,2.5583678780402876,2.2829321177771793,3.500687667717595,2.448451933841155
18665,pop_2,3.447736574903677,1.5696371763443555,4.043406129262495,2.262287876819249
18666,pop_2,3.2104523366700626,1.7098521214683842,3.994990322014594,2.6277349370072143
18667,pop_2,2.7023278945650877,2.9964109167621396,3.5078135784878337,2.556191790286054
18668,pop_2,2.8367506470216837,4.036314087846847,2.8438567080591954,2.5237341930426305
18669,pop_2,2.291661413602248,3.397502776468941,3.613148386129631,3.031303233697317
18670,pop_2,3.8163241895956577,4.562680788005396,3.6128918078772245,2.1954072803749907
18671,pop_2,2.1762392750401616,3.5421817294079947,3.115510105850167,2.5996845574943723
18672,pop_2,2.4603566681979414,3.6366073374911405,3.5146722003785063,2.452025467536203
18673,pop_2,2.25567720436851,2.7575520754354996,3.0752463288838587,3.036213188559907
18674,pop_2,3.220409543810079,2.1404395725791647,3.2203554081464287,3.767034975689729
18675,pop_2,2.929870692020772,3.0351759984875204,4.058456382319653,2.149510470223876
18676,pop_2,2.508506562054531,2.132004772036569,3.575163180038121,3.1197875088654454
18677,pop_2,2.715314070565697,2.9397008628283228,3.536139518375329,2.6284767662039665
18678,pop_2,2.2891509751780665,2.642088327534397,4.200598025183817,1.7964311282227072
18679,pop_2,2.430915503425175,3.232442314134096,3.8974927721464137,2.880399433981617
18680,pop_2,3.1321879981289307,2.954495177579816,3.294545684895113,2.861290826159938
18681,pop_2,3.630759585372828,3.843663571989748,4.045613125857951,2.286044753303597
18682,pop_2,2.98584837394045,3.566803245010384,3.763006400804057,3.5482242431992095
18683,pop_2,2.9913220680508217,3.31677805911072,4.11181832042938,2.133340584111937
18684,pop_2,1.6798009806111125,2.8487334644749613,3.6422838590247757,2.9254981715497292
18685,pop_2,2.9921475553456265,3.2370460297247203,3.881125830886338,3.366941031630994
18686,pop_2,2.639000952050397,3.1671809336160193,3.6558580634197897,3.176549669161907
18687,pop_2,2.652067349890741,2.283317310634902,3.645370797570799,2.7275444450834585
18688,pop_2,3.8972988573810783,2.8273249556100133,4.370292091445514,3.1287933460180133
18689,pop_2,3.6233515294515146,3.56696708415766,3.5368946457276453,3.06177875324966
18690,pop_2,2.326614769414317,4.090580601327922,2.5390084518315943,3.9597579943415964
18691,pop_2,2.912068831053898,3.1050835042646523,4.354393142335739,2.429313028429744
18692,pop_2,2.0769485962350553,2.6945841751015616,3.2665356027372106,2.1136659385126326
18693,pop_2,2.777229893196252,2.8241878881712505,2.847566994410094,3.03809502450558
18694,pop_2,2.4141021046046154,3.627333333077493,2.433701619261168,2.717119437288615
18695,pop_2,2.859660215886631,3.997321959096893,3.5946673687928494,2.6429351273388084
18696,pop_2,3.8004596280860232,3.173632706451072,3.095485674701179,3.0980773962774317
18697,pop_2,2.4123427522345486,2.275834500914373,2.873071600654661,3.217060577846149
18698,pop_2,2.313142302591035,3.412875375815954,3.147089109346474,2.5701794678880168
18699,pop_2,3.274864628364169,2.8861079105330703,3.356212646526162,2.873461303500547
18700,pop_2,3.30284981677428,2.454388369603259,3.518077552883482,3.1588451389835073
18701,pop_2,3.151887952670431,3.193695876059447,3.247009180096681,2.143918947917904
18702,pop_2,3.65503083265223,3.46871959622343,4.16122300461112,2.8755790503793563
18703,pop_2,3.0701503428074366,2.4161683546799253,3.9627709942700475,2.4367725075134112
18704,pop_2,3.807782716570246,3.0885969169983007,3.2698851926684944,3.268620931945453
18705,pop_2,3.3937761663307477,3.0662303521818406,3.1678291431493046,2.18089378983312
18706,pop_2,2.8512138828638,2.53446647554207,2.6292826971139176,3.638624603625302
18707,pop_2,2.4132507936122827,2.8125239310340997,3.9673383660879025,2.6183516238804656
18708,pop_2,3.052420552470387,3.451837721853604,4.340976158046912,3.5561172258914087
18709,pop_2,2.5953750588854145,3.3099969643361336,4.154998936266866,2.5677901037496267
18710,pop_2,2.919140557904728,2.6278728507216025,4.281384925043872,2.4609506138704105
18711,pop_2,3.000002416747292,3.1489099553214444,4.059620878758482,3.8525557791954794
18712,pop_2,3.2992987731490864,2.893428188208895,2.634594787610878,3.1926862582053293
18713,pop_2,3.3661893366439517,3.057061236972902,3.205317143648694,2.7172952999752824
18714,pop_2,3.8421529190988997,3.075702881192716,4.229247762952937,2.95898146560324
18715,pop_2,3.650263362187342,3.161656847787435,3.7304323018039844,3.077654126517353
18716,pop_2,2.4884478612305094,2.0718729893822747,3.6924992342823453,2.910040918805649
18717,pop_2,3.0869935536900956,3.2251534791102183,3.213794478640818,2.952662853091836
18718,pop_2,2.708586454142085,3.3050817261724026,3.3318882455549366,2.960910491868142
18719,pop_2,3.4588449489184816,3.1572559738756576,3.1259391776721617,2.912937458787775
18720,pop_2,3.0494371769714106,2.7639414215875773,3.3350177811587534,2.8032315779921406
18721,pop_2,2.547713972227259,3.540704529207666,3.1897105645714454,2.1363761667533367
18722,pop_2,2.8795206205526,2.834338099725395,3.13080046420939,2.724241971337553
18723,pop_2,3.6758080478316524,2.1554178705936873,3.8795247623528875,2.625329417464585
18724,pop_2,3.389323421979069,2.6549372057244804,3.4073339680039654,2.5685805238206845
18725,pop_2,3.0994316800645745,2.8216852508132626,3.8286785414448246,2.7209468134289154
18726,pop_2,2.8045704539354666,2.7960902927220594,3.02495547547993,2.269972791929008
18727,pop_2,3.284384696340207,2.249388156148326,3.755800750334319,2.030007014666763
18728,pop_2,3.7134711397948936,1.8741806672127588,3.222372962223487,2.7310576756723686
18729,pop_2,3.8428791531624586,2.928696951321288,3.201028325746745,2.8872901611217907
18730,pop_2,1.7668097166004373,3.2253048020353807,3.387296039190672,2.0788361510159503
18731,pop_2,3.815663901681842,2.4741718528867853,3.9892799984921954,2.8855509190112105
18732,pop_2,2.50318354838964,2.6286647431315266,3.184277031848988,2.40443285925615
18733,pop_2,2.2659861242852073,3.4424730562891774,3.873875568874533,3.250562573858424
18734,pop_2,2.7896136484230203,2.6300354034548645,3.707708262157959,2.711557453642689
18735,pop_2,3.0177222926943505,3.1665764107440313,3.8012084630729737,2.444379855090516
18736,pop_2,2.409999589155,2.817855835596335,2.616957267056644,3.2951681007112446
18737,pop_2,3.5815540938244474,2.8106602773720946,2.9858509839488274,3.119867742658577
18738,pop_2,2.5747667981970013,3.9563870787270634,4.3713096972657555,2.1841606045875244
18739,pop_2,2.7437608795879442,3.348793156382778,3.551912414706683,2.655242329263106
18740,pop_2,2.43123820725358,2.8128050604545414,3.6885901029506427,2.3880788291834083
18741,pop_2,2.4380269609771683,3.0662658255690296,3.4872315763931327,2.850212165548926
18742,pop_2,2.8598059160277822,2.7222769077526636,2.7304650621634083,2.3085816669028523
18743,pop_2,2.323714784786345,2.6750436401594913,2.984151598293141,2.110267075660957
18744,pop_2,2.678325478545877,3.095503470016036,2.4879233144649975,3.580897702460456
18745,pop_2,3.700757034351631,3.5027649726485377,1.8418246582433708,2.177453151079623
18746,pop_2,3.0669038484039186,4.019245320223353,1.9617822307773711,2.5906436913496984
18747,pop_2,2.5645355711638014,2.861945083169411,2.8828812705849787,2.5537808926342835
18748,pop_2,4.350771202861132,3.0161659853695344,2.827829329973509,2.584233425605421
18749,pop_2,2.896082798438203,2.3829808502763816,2.9276054618845655,2.4735876167657755
18750,pop_2,2.8808762169026454,3.197772512572478,4.293926607087537,3.0967387950372096
18751,pop_2,4.101234983397377,3.920495478564181,2.6896324698131955,3.6583316857603463
18752,pop_2,3.1122270982213167,3.002919859056067,3.659994923461247,3.19331963749252
18753,pop_2,2.4640735867574026,2.16693771532311,2.721523873839231,2.8631441076248203
18754,pop_2,2.8611244243493856,3.073242643024397,2.7503686789926034,3.218719968042938
18755,pop_2,3.7028651984638206,2.3801935357338992,3.4357596732390356,2.6651315007203693
18756,pop_2,3.152704892010788,3.128770689371483,2.5142895176957776,2.8621133509264336
18757,pop_2,3.0512404656602934,3.5828309313238074,3.8115958668175502,2.2977337119844568
18758,pop_2,2.1113676136760957,2.565366509000561,3.2360731488984,2.8717896346399936
18759,pop_2,3.0216366704659143,3.789142705010519,3.420160633370097,2.50362774967586
18760,pop_2,3.6081359339340198,2.8151933259982846,2.4760075193164077,2.167689923516998
18761,pop_2,3.4022261144174895,3.6537067344627054,3.2080395636308303,2.5844453744912683
18762,pop_2,2.2519270602424495,3.152830550662881,3.7709743284921293,2.9072945934204313
18763,pop_2,2.82962720022312,3.2741777895278474,2.9846251432759066,3.276439900690049
18764,pop_2,3.7429366899343877,2.671218376221493,3.526342310054299,2.9350610465815588
18765,pop_2,2.959253807688553,3.002254978569531,3.7555757446161646,3.146135460711308
18766,pop_2,2.1185414107752907,2.143067273693886,2.803192047947471,4.123956508247414
18767,pop_2,2.929154559831203,3.079427698903065,4.128530323751825,2.8370947153951644
18768,pop_2,3.5248312648682836,3.6457047137316785,3.272470401968721,2.5744863429218094
18769,pop_2,3.2964642493830185,2.3916619492210205,2.8200416840384412,1.973684372436277
18770,pop_2,4.030296486206879,3.0339675566186473,3.621754315008356,2.873406801766838
18771,pop_2,3.560298927375702,2.4771026417558533,3.895500848174098,2.82663815348611
18772,pop_2,2.639906394094395,2.806339361670645,3.036649087542444,3.0438123647914814
18773,pop_2,3.047360730262484,2.6931844595435264,3.0151307524865096,2.7470360242346095
18774,pop_2,3.401452848822955,1.305423353251098,2.9971532441814968,2.238217815769963
18775,pop_2,3.731692802721273,2.2405740356510915,2.8745672769786945,3.1226011304904704
18776,pop_2,2.8739488912837867,1.7719001610472787,3.873102853245215,2.4231554551690087
18777,pop_2,2.6411702124395933,3.522766726387707,2.819288301082733,3.225551120226162
18778,pop_2,3.5847953047138987,2.5139323029976843,3.848137026098742,2.3403019047028235
18779,pop_2,2.854413530012127,3.078423153973228,2.225110084936517,2.5313165449110433
18780,pop_2,2.102039322435758,3.0730240693358564,3.4997343059130706,2.573114649617021
18781,pop_2,3.444108320027955,3.0870122233575006,3.5280398990198196,3.328934360330294
18782,pop_2,2.9221224138603636,2.6854122424348636,3.31675583251127,3.590152394030226
18783,pop_2,3.480896432220006,2.0438593118584913,4.306459322842105,2.4346743614321755
18784,pop_2,3.107886650229041,3.0319128967033757,2.9939057223863648,3.094603959079296
18785,pop_2,2.8833735155156037,2.348857138882673,3.681324129867188,3.112637359799333
18786,pop_2,3.5833375601155266,2.8255713580748614,3.1865216966799843,2.621465047941228
18787,pop_2,2.7165588023803915,2.8052902661389174,3.229185565567325,2.980566943810668
18788,pop_2,2.6032977493842346,3.4342773443197268,3.4917374865887636,3.1034591525677584
18789,pop_2,3.855115660533558,3.1686796904324663,3.432511899026326,3.183174660065216
18790,pop_2,2.8941294205869172,2.283880052358311,3.779468917905032,2.904263700280392
18791,pop_2,3.6373863419316055,3.297885103982837,3.9291307060670784,2.4648086189735814
18792,pop_2,2.420448243045313,3.4629532921440958,2.8797975471946367,3.0644938937710866
18793,pop_2,3.0973162953509434,3.413363947180603,4.236854258360188,3.944621974122049
18794,pop_2,2.4874316653050306,3.2939949119536505,3.069653325281565,2.4624947731982836
18795,pop_2,3.3193448541395787,2.645238567311474,3.105755013741508,3.1118925007638296
18796,pop_2,3.5614265262607505,3.2798958647774423,3.268473585966533,2.773646377547667
18797,pop_2,3.0436519660537975,3.0764052597843565,3.1529078068058105,3.1238495042727643
18798,pop_2,2.787477194019179,2.282271725415841,3.443820815453967,2.7256884780342894
18799,pop_2,3.1362750330117755,3.5572944172650294,3.7509759433553715,2.809879291386191
18800,pop_2,2.169587042334475,3.3064294804064898,3.5645102021063604,2.868385148437059
18801,pop_2,3.2240348124553933,2.6537979722285603,3.384682349690786,2.5288881648327206
18802,pop_2,2.6026814948732904,4.010541006500339,3.4038923535693324,3.468966193278984
18803,pop_2,3.597309178758086,2.774883766185542,3.5978291730800516,2.744317852788589
18804,pop_2,2.97020242006618,2.985347740451103,3.431371100619171,3.050361106684936
18805,pop_2,2.463603793737134,4.024454235625989,2.4001241985576858,2.915330177866004
18806,pop_2,2.7441024343378384,2.8567666411220354,3.5044695110407913,2.7065681936107677
18807,pop_2,3.2419783383810525,2.776602860141193,2.954240807512351,2.608971623284595
18808,pop_2,3.196237169615454,2.4363700494472282,3.875260606738215,2.9048475849045006
18809,pop_2,3.1608744480612074,3.2444128513005976,2.9810724006947007,2.573363608446086
18810,pop_2,3.2435454239076944,3.2699457257539475,2.545410344347563,3.868761180211873
18811,pop_2,3.7333264803179294,3.219703436894541,3.401771804950804,1.8657373690976469
18812,pop_2,2.7334268529489467,3.097408558801895,4.090058946471976,2.8770701678839594
18813,pop_2,2.724608929057123,2.887420514142398,3.667762986325751,3.1113826800933455
18814,pop_2,3.4981431548355415,2.9466201894840784,3.346181369233712,2.2431011095801594
18815,pop_2,3.129846126861531,3.2612627704744037,2.8304330667103015,2.661398692000567
18816,pop_2,3.4246645206786432,2.7415670465425155,2.575614717227403,2.014651654429922
18817,pop_2,3.688633490618937,3.067961274233829,3.322766544326361,3.6875997679705117
18818,pop_2,3.1917858372960977,3.064912590664463,3.915782635896644,3.0974958219163526
18819,pop_2,3.1614072062083967,3.0680461728523842,3.5858677344424645,3.5569503453153355
18820,pop_2,3.390241847804902,3.240611764816094,3.013480807186355,2.4562330454962007
18821,pop_2,3.570496998778806,2.53002963279144,4.272305788057037,2.6299233053261273
18822,pop_2,2.829109855442699,3.1407959198553264,4.006638825775342,2.1954028329874875
18823,pop_2,3.3885856736511286,3.063092249203134,2.893729707432009,3.366917620714044
18824,pop_2,2.0619570568084016,3.5714529846265535,2.9025611807673295,3.618407583616362
18825,pop_2,3.74620827703201,3.474514369304981,3.6176627493982143,2.681789137452526
18826,pop_2,3.100393527518954,3.2320219841254008,3.7008196272182516,2.5660660178329855
18827,pop_2,2.086540943822021,2.372103749966247,3.086704115953577,3.311732727719924
18828,pop_2,3.2035340340085425,2.4607998179723634,4.431698689636857,3.147052209493982
18829,pop_2,3.6832319636363784,2.7549771933715226,4.014376030584576,2.1835612103466877
18830,pop_2,2.533173101099221,2.5281954586460627,3.921555545332239,2.4853164400745515
18831,pop_2,3.6775344348746324,2.7711042949718685,2.999785248737709,3.180624069243646
18832,pop_2,2.503237011227626,3.0988756857529447,4.144811554112959,1.8578638211520033
18833,pop_2,3.581837733714416,3.2874866678358705,4.335601299747402,2.7458027858399836
18834,pop_2,2.601062880558605,2.703750711131639,3.226463482884155,2.5587766752401064
18835,pop_2,2.681586581871683,3.5151076661810454,3.3563392506291243,3.296827747749821
18836,pop_2,3.709344576658957,2.6526850948621767,2.6565433675089447,3.37035651311424
18837,pop_2,3.3848543186010653,4.389537103368359,3.664054105962156,2.2938501663827844
18838,pop_2,3.2114670053436445,3.296185613568112,2.9836867759690384,3.2030380533989233
18839,pop_2,3.5127440996099115,2.531778779188187,3.490024574397329,3.3300156510384813
18840,pop_2,1.9896652122132015,2.740666013232691,2.6517029727332413,2.9937164779737433
18841,pop_2,3.8818363828862688,2.27375966571001,3.7994714630876216,2.918423804906219
18842,pop_2,2.3682847330994594,3.6568570674549403,3.629756024801392,2.071530844817863
18843,pop_2,3.1573996394583994,2.582364508486185,3.5633137642285018,2.467168562075238
18844,pop_2,3.1699304618503645,1.9594620158977445,3.1028083969532667,2.746579962566522
18845,pop_2,2.71282025556631,2.2229929441030425,3.4545460016047396,3.1257453304887433
18846,pop_2,2.5922506955888966,2.758482148050295,3.0274806012839566,1.8851339389946538
18847,pop_2,2.9323013663340194,3.329048137124137,2.5297232376033856,2.5250955180365855
18848,pop_2,2.6519113146222684,3.6638321940242413,3.9526330841963393,2.2269347029543
18849,pop_2,3.6824344893456624,3.2390773798877004,4.480361701484526,2.499291349680554
18850,pop_2,2.126997723127279,3.3570812669251153,3.8901736613958913,2.2987524712152445
18851,pop_2,2.7262497117889044,3.4482238838048382,2.480156367186299,1.9985023363389693
18852,pop_2,2.139299255648171,3.608391958174219,3.213202368732441,2.8946755379517617
18853,pop_2,3.2926770892871127,3.1068690302124007,3.7219356760003843,3.788312860966368
18854,pop_2,3.3538453331609324,2.296629440026403,2.6418377728060003,2.206545198403546
18855,pop_2,2.3054278783359186,2.8004045326703446,3.453194412647198,3.5893563806883146
18856,pop_2,2.720267873006749,2.8161713106194988,2.0842082563646933,2.6761771936498686
18857,pop_2,3.225782421870511,2.4773616983982167,2.8627016518143567,2.914276865766114
18858,pop_2,2.8534188279164168,2.713308708949514,3.1355840549624534,3.2807555022206283
18859,pop_2,2.408625133824952,2.671796251171458,4.555935350657763,3.387716173663595
18860,pop_2,2.3644446112053545,3.408363729891223,3.5102471196241196,2.9137735402817166
18861,pop_2,3.0001522043903694,2.5263962165293163,3.3757614814290537,3.1498387109102897
18862,pop_2,3.29733161764299,3.5665036629342586,4.092644637959841,2.342069202177674
18863,pop_2,2.1272730486331572,2.6269854177348866,3.5987925062553945,2.7671499015782297
18864,pop_2,2.4628515381153524,2.672811525218507,4.413454690548392,3.3105395467963943
18865,pop_2,3.8664633205936125,2.4287007145697115,3.3699929922046956,2.5962790538599068
18866,pop_2,2.588141972231733,2.435627681480092,3.58176508105112,2.9395583102943634
18867,pop_2,2.4868941923554355,3.1711948577852804,3.1222892666918614,2.4026736252908414
18868,pop_2,3.0304901292791824,2.75987386886018,4.093641063113753,2.16579771982016
18869,pop_2,2.6993510136142183,3.3583682266434343,3.108614093476442,2.67001300396982
18870,pop_2,3.3728945959066934,2.5385282629278416,2.908380539685593,3.0290966734820692
18871,pop_2,2.8452702878986167,3.7710826474403025,3.9257505419207828,3.2166509456274244
18872,pop_2,2.780058490690504,2.902472110669463,2.59013201269417,2.611721995423599
18873,pop_2,2.5856336745127337,3.05772674621761,3.612568796064285,2.2767951699547284
18874,pop_2,2.495381020769935,4.715505187234184,3.362180811715498,2.1816509716247388
18875,pop_2,2.314051133992969,2.601263453638674,3.358257641610994,3.000927644303851
18876,pop_2,3.250863984472056,2.4447539850792155,3.38890805966513,1.6129915693009098
18877,pop_2,2.5720972500874177,2.9843636894644434,3.715141406722854,3.3390683474608576
18878,pop_2,2.980362134573164,3.015586435855116,3.0903446302413555,1.8453805046920408
18879,pop_2,3.2610237964927733,2.14114931716718,3.3810203830686807,3.7359498331415226
18880,pop_2,3.370085018721258,3.124224101516716,3.3289105012716482,2.423824035697727
18881,pop_2,2.7547388479690658,3.2151153811422213,2.84882338527242,3.1188038944922627
18882,pop_2,3.010681786420237,3.4820824711376495,3.4096654389234424,2.733374033011302
18883,pop_2,2.936258053035178,3.0728994804747365,3.6757983723503047,3.599496020387975
18884,pop_2,3.5702638556096007,2.0358549218206554,2.343987588092463,3.3862621158353914
18885,pop_2,3.6937151326697104,2.331978298339756,3.048028580443334,1.8457905195247195
18886,pop_2,2.9996537790921356,3.0565106825573567,4.540577272583489,1.8124798542757588
18887,pop_2,3.6719560674792313,3.105552794530005,2.7791873801073566,3.23951277250947
18888,pop_2,2.338022643049298,3.4037254828375567,3.3593301341948267,2.330325631213359
18889,pop_2,3.11234158020039,2.7285496889712224,3.4896644608663423,3.680396412121149
18890,pop_2,2.8214949877680366,3.7234341404151414,3.4513995318746677,2.2631905435929687
18891,pop_2,3.418613110348294,3.2563169789511446,4.370326993395461,2.846063460334383
18892,pop_2,2.590735332053082,2.7530657071206406,3.604440164858074,2.237301320857199
18893,pop_2,2.7765338373251915,3.3146059244184425,3.6055789224816617,2.3598975919997933
18894,pop_2,3.261276548440894,3.0989226415702644,3.047495867949655,2.5882836940157357
18895,pop_2,3.1896734851031154,2.8186369223855707,3.3477298787125083,3.733296161239751
18896,pop_2,3.3623513001835543,2.9339989473583192,2.918625872351605,1.9987878614950418
18897,pop_2,3.057419138554921,3.4082575015544556,2.7092438932810534,2.9565302807480136
18898,pop_2,3.2435893918534613,3.146325115766935,3.4044611799500024,2.000023873667916
18899,pop_2,3.2352078240610753,3.0464232238573143,3.0639472750795362,1.944503400860443
18900,pop_2,2.3437295769654525,2.8489312129186604,3.848898552050049,4.266091074223667
18901,pop_2,2.3465253315370043,3.5392895080538125,3.1400550255895814,2.9265178157812137
18902,pop_2,2.3969737636663195,4.624117885163732,3.8416480798205814,2.0840482863765675
18903,pop_2,2.4285627349540784,3.261031437215311,2.90154861635459,2.952100337923468
18904,pop_2,2.580989016625426,2.813816917834288,3.3199586034889266,3.201739493480319
18905,pop_2,3.175053550240258,3.0615381440937615,2.993048336881949,3.251060031734573
18906,pop_2,3.3377565991279226,3.3497159065348723,3.140879070977216,3.3695977985260384
18907,pop_2,3.7294459612926545,2.5605055272995934,3.9088806616839387,1.6005021151939238
18908,pop_2,3.6650324770689693,3.4866569422554696,3.2079775191934607,3.1105560875891674
18909,pop_2,3.831048969187992,3.472761526137264,3.5656087436990993,2.511991865994994
18910,pop_2,3.7980659203654916,2.44110292520652,4.3325532169482015,2.9862871605157113
18911,pop_2,2.4050797302796822,2.746337090400519,2.9791218087430025,1.9665226326294611
18912,pop_2,4.047904529370239,3.3274439205957154,3.590216729426746,1.9905121265179457
18913,pop_2,3.2910063276848693,3.3727846528036607,2.612077271043906,3.200070671571723
18914,pop_2,2.981815021271204,2.7035818250127597,3.889642465061275,2.4178153541402865
18915,pop_2,2.9198449204536416,3.429088923102621,3.6103190454239464,3.105140500407778
18916,pop_2,3.209907553006613,3.1858570259133074,3.33015065154469,3.5636259497867884
18917,pop_2,2.7855274807760426,3.5735358757386764,4.179417775106572,3.7229192275723104
18918,pop_2,3.5824164305808996,2.7562146022308696,3.2604332449682865,2.9058879297814997
18919,pop_2,2.5997077352176143,3.573844467105196,3.573688046614757,2.9572652838235673
18920,pop_2,2.2632629917286438,2.739164580165271,3.3166101474651355,2.9588886631962574
18921,pop_2,3.774458854904565,2.2382729613740637,3.183851794428715,1.8893498865688003
18922,pop_2,3.0273293349317805,3.2598203575674436,3.599112302233102,2.654559259814849
18923,pop_2,3.031787640030141,3.57713969962542,2.99015272724496,2.5712773050696276
18924,pop_2,3.0278680313709385,3.010171500534735,3.0166089985012707,2.956981225969541
18925,pop_2,2.528897604484965,2.3080798823918913,2.7389184283735393,3.0026619045127845
18926,pop_2,3.041377173584619,3.2647231798446334,2.786016000953218,2.186118974925173
18927,pop_2,3.385562519083525,3.738158679887552,3.718538937822816,2.5118772219254173
18928,pop_2,3.501869779987465,3.0189992136387076,3.0181047468254634,2.9612437398139404
18929,pop_2,2.7026858105742577,2.8117405470258108,3.284114485453424,2.6202359542575584
18930,pop_2,3.7822598233487055,3.1451446810359114,3.9346356704898633,3.07998619941674
18931,pop_2,2.2208654639261285,2.6065046179877176,3.9040819950383923,2.999073032955065
18932,pop_2,2.7984614316393057,3.7000090491960407,3.099941109811844,3.3977922469582946
18933,pop_2,3.016088888165737,2.9238966548530287,3.1536113453719086,2.4887275383577445
18934,pop_2,2.8005052976438876,2.9761497715761784,2.895512423915663,3.4829880485767424
18935,pop_2,2.977497625818653,2.7686820909283916,3.394499592634242,3.011046114709362
18936,pop_2,3.352033109071684,3.5956640366992416,3.8920221400006345,2.8370193118819933
18937,pop_2,2.3933183424506446,2.792252815457021,2.8113730775218557,3.4527532951277466
18938,pop_2,3.579199538280302,2.942957132005544,2.7791479924806506,2.9613916725455205
18939,pop_2,3.3891775140879856,3.3207232528976816,2.6029747552426965,1.878628761879598
18940,pop_2,4.231048082327155,3.1414677319951108,3.6066918870374476,3.0791011374183483
18941,pop_2,2.9781131574109474,2.6483867364554885,3.8221941024918857,2.3806609016635214
18942,pop_2,2.603512800682658,2.192429927370095,3.393597725824789,2.59005854960368
18943,pop_2,2.502630509605675,2.0027722262063143,3.8007966739754666,3.3578007720756253
18944,pop_2,2.557359329643732,3.7356036750178703,2.962632920515089,3.7851178524475775
18945,pop_2,2.5525819600784962,3.895812077630284,3.592790029405218,2.627728527659638
18946,pop_2,3.0635584944576286,3.108803342182383,3.3180389075590946,2.446195037545594
18947,pop_2,2.6733770152502805,3.881332579078146,2.9401432433221317,2.5291105510743197
18948,pop_2,2.8632166180030874,3.3358562727095324,3.3363853284636016,3.7091396139594686
18949,pop_2,2.6931378054088504,3.1003584314404864,3.98992194460243,2.678101399974583
18950,pop_2,3.0765803867291064,2.496107797136257,2.8497031290646833,2.7653523819914168
18951,pop_2,3.115982948310992,3.1493327749389137,4.721860304654528,2.489629449734598
18952,pop_2,2.595315508948046,2.5914443111586944,3.6144663330493274,3.007017070975321
18953,pop_2,3.05866339147265,3.296578535454392,2.625125484922693,3.134848379445059
18954,pop_2,4.0733823593946505,2.188617372152326,2.708131131426133,2.939930555508313
18955,pop_2,3.723354570436785,2.905522295863496,3.219428966223213,2.8149989365254906
18956,pop_2,3.03786091655314,3.189524329035872,3.2508849489476455,3.3786459079737243
18957,pop_2,3.2134492172027587,3.887033909419152,3.400541521238925,2.245679962022636
18958,pop_2,2.585093755644419,3.1577183740068593,3.6851320308620097,2.932742941015823
18959,pop_2,2.816498590028893,3.473673970514289,2.7932070130735243,2.9253966394007094
18960,pop_2,2.4191187948523973,2.7013360476307096,3.798876432825627,2.7561888403659163
18961,pop_2,3.2562533257879696,2.2636157405890724,2.571248306482193,3.182384943355199
18962,pop_2,2.930451028838419,3.9369845652101625,3.5671285309917575,3.467810901627683
18963,pop_2,2.733110470955282,2.876440203868433,2.755946242971656,2.4945320696980477
18964,pop_2,2.978659424454407,3.4669673481210683,2.8701066347753437,2.825339493356469
18965,pop_2,3.931180628720569,2.5462566886349625,4.436594296659202,3.634115187757393
18966,pop_2,3.13716557959953,3.063669127527122,3.315012002183755,3.053750075282356
18967,pop_2,3.136012579005465,2.9718905124430712,3.7960074846271086,3.1156412048251854
18968,pop_2,3.1260264891502514,2.469172038841299,3.3335841055789093,3.0996018125249925
18969,pop_2,2.9672458885076143,2.8047834825582236,3.1564045372981777,3.2183010951884974
18970,pop_2,3.2915115831336146,2.0772657601850137,4.285264097363351,2.5012427445260403
18971,pop_2,2.8753602696153733,2.689357654933908,3.6512981166213874,2.0740051031393505
18972,pop_2,2.6243779391909037,2.794037045290599,3.699274200587627,3.097507320071079
18973,pop_2,2.391696361145832,2.6246080842506148,3.4034386134888823,2.9484262552130405
18974,pop_2,2.750745441395435,3.118900122649614,4.231876933100307,2.7439959595592596
18975,pop_2,2.3456531166791543,3.4108070378777597,3.575225796536594,3.061538831456104
18976,pop_2,2.4853616829463143,3.6446589847195128,3.394620944248,2.4918623109607374
18977,pop_2,2.9145507493299605,3.3145683127967405,3.306032953624729,2.4577726282789096
18978,pop_2,2.018666511139326,2.9231079270836307,3.9851574007260404,3.3639530299144336
18979,pop_2,2.7962296476658874,2.6955909137956384,3.71917574789084,1.3772401336137996
18980,pop_2,3.1266294487989326,2.4773440622079224,2.9944210728712535,3.0733506018692047
18981,pop_2,3.1150311898832808,2.2417816795112384,3.520057776076304,3.1536501587731265
18982,pop_2,2.8350045253934373,2.7946146395609635,2.7223782102674665,3.341746846266814
18983,pop_2,3.423019337551202,2.983063360049091,2.8211770117563026,2.552192202305967
18984,pop_2,3.1357139965250327,3.00903877379509,3.0310800105583815,3.454154526367208
18985,pop_2,3.2152149587665786,3.1594364693134396,3.3976187541765865,2.650464270474675
18986,pop_2,2.9656433778491835,3.5934961040107467,3.4982226247798294,2.8645192851463435
18987,pop_2,2.896611172919531,2.31500029877322,3.5167960255660433,2.4981008143861416
18988,pop_2,2.033097115492301,2.525155737353437,3.58761521447812,2.607850602084412
18989,pop_2,3.014836048178631,3.247825218077326,2.820474192420348,2.859730852237914
18990,pop_2,2.348443799446487,2.557270577784268,3.721872169626307,2.964927441778131
18991,pop_2,3.1158648156581608,3.566758288330405,2.914980702714215,3.4348773306469527
18992,pop_2,2.3065988288438275,2.931022078240002,3.1100889585419926,3.0836057601688394
18993,pop_2,3.81695789633608,2.471280681902928,3.7938961976415673,2.1442555490196753
18994,pop_2,2.8597420827908238,2.3946792857982864,3.1791438938677907,2.7903226898365285
18995,pop_2,2.610640897488293,3.0008793170266865,4.13260735272334,3.510504460785187
18996,pop_2,2.5416548918186628,2.7795024045999006,3.365766168308166,3.2883365595737652
18997,pop_2,2.6247525792225175,3.9595581739408794,3.8993570872187537,3.175360526249147
18998,pop_2,4.144742799535393,3.3018287583549464,2.821637387580251,2.3692101001905925
18999,pop_2,3.002842489334357,2.9036874199930423,2.9152067668496118,3.6874314730049145
27000,pop_3,2.6077033604711355,3.079572655422586,2.411197287363974,3.775440192787597
27001,pop_3,2.1386690498018868,2.61381516810518,2.922929918730995,4.326000870886174
27002,pop_3,2.9879457377606684,3.131445217740934,1.7490734959672771,3.406251811370771
27003,pop_3,2.8334667582744975,3.2244370803605635,1.9658141213522036,2.829803878266639
27004,pop_3,3.6007280969306397,2.675216192700625,2.63152832771256,3.183353815125338
27005,pop_3,2.2708856354919287,2.3144808414878426,3.2733370282010816,2.9756209455922296
27006,pop_3,3.7028531520102406,2.9697369010150823,3.0949121775384802,2.5832718124589436
27007,pop_3,1.7470201691741731,2.7302037001937522,2.823942377097557,2.9243225380240916
27008,pop_3,3.647088566216388,2.445266796284161,2.526375296456681,3.0654250626810353
27009,pop_3,2.771505143411194,3.5316368860034033,1.8117659345308446,3.060872113802555
27010,pop_3,2.623979152852294,2.3822244226607645,3.252186094410125,2.712119196430951
27011,pop_3,1.7951725499318445,3.3749273854629567,2.3225957942694944,3.2439941709222873
27012,pop_3,2.114976255187001,3.1577667624039645,1.8049073571556835,3.8649173689477103
27013,pop_3,3.5306237654032016,3.090610887647959,2.903162030022706,3.040805594790908
27014,pop_3,2.637690438323124,2.9696312282216613,2.119581392046946,3.227884907867404
27015,pop_3,3.415300922828842,3.0890318948300375,3.112159429489812,2.653103080050195
27016,pop_3,3.4517867611666517,4.032985913507061,3.228470220084026,3.201299827889724
27017,pop_3,1.7755120488258995,2.603394593296243,2.4001153217602056,3.4933165544924583
27018,pop_3,2.9126265640323075,3.9414239490932834,2.2701303308036387,3.819217534719866
27019,pop_3,3.5550109869404434,2.433249862825763,2.696218334871478,2.8314582289145944
27020,pop_3,2.650094271873155,4.7484729330077595,2.8127427956117375,3.5311630266849483
27021,pop_3,3.3173799198779674,3.9782760958218875,3.341131792871013,3.279632071112633
27022,pop_3,3.0964563646094247,1.9897013722210797,2.5750221782650695,3.699539124684744
27023,pop_3,3.5616298448132255,2.91899811926638,2.2600269441167735,2.557306554461155
27024,pop_3,2.2769199512639853,2.8894719993032525,3.0917475355970514,3.6248221643480716
27025,pop_3,2.0707651462974903,2.9832951460146,2.046779768559455,3.67557925412349
27026,pop_3,3.047954617014952,3.8038674390471225,2.129076147037045,2.6389035448536573
27027,pop_3,2.6853246602589382,3.0711472837802503,2.1989844694022156,3.5863917073400646
27028,pop_3,2.7207574310071383,3.275088924417606,2.2408981196912903,4.486729192268647
27029,pop_3,2.7545586779487654,2.9086556450051018,1.9363961947497144,2.745090482923425
27030,pop_3,3.4772755438081457,3.0092502574579787,3.734705549230795,2.6836066678923896
27031,pop_3,2.906536825961481,1.968466678854013,1.8908029554995385,3.4485422551706613
27032,pop_3,2.9735333356740257,2.6813943313297908,2.632030173441117,3.7881687359715954
27033,pop_3,2.57976872154377,3.2266424224887147,2.556661688457501,3.4541496183365212
27034,pop_3,3.313841263190866,3.14655919293698,2.6197394161003995,4.223086334080516
27035,pop_3,2.694110580587059,3.123777397479555,2.036046035662696,3.5713135949155994
27036,pop_3,3.46799046655865,2.313811657556834,3.365625222048949,3.1243530628860605
27037,pop_3,2.7154749738317823,3.840617654275432,2.1565224822209874,3.062835845246521
27038,pop_3,3.097979940894588,3.1340562524441817,3.8873426849040227,3.452091858150235
27039,pop_3,1.3622684911422487,2.8324799805543726,3.1960419843547916,2.806616795052559
27040,pop_3,2.9736433449250756,2.954655988336071,3.5362962463890724,3.3186407807867524
27041,pop_3,3.824953606962551,2.679526686767992,2.1401450955657424,2.7300773725740326
27042,pop_3,3.165964568544791,2.1581529190579163,1.7929786328436994,3.4178947388602823
27043,pop_3,2.8516200740143165,3.0083057808277243,2.7645672436720394,3.125011746743815
27044,pop_3,2.673210232624431,3.6348546653416323,2.2471321840352747,3.1074566601305746
27045,pop_3,2.6352513332015293,3.2689592157440215,2.618587053585428,3.1424090701022824
27046,pop_3,2.732070649394649,3.63023588308136,2.151076502919758,3.3520959694387535
27047,pop_3,2.023992259169567,3.8670155200158787,2.376673802363564,4.075072002797075
27048,pop_3,2.8734236145284835,2.9950843450173124,2.4897941984341165,3.778483014302753
27049,pop_3,3.0775340125810517,2.3798493130511362,2.804989635094231,3.6237695433256603
27050,pop_3,2.9088872712436977,2.539185148344531,2.133826312123034,3.044355200436874
27051,pop_3,2.078953893871932,1.908616194123076,2.3777229992167186,2.9426704639787125
27052,pop_3,3.034071680084572,2.739719104887672,3.368992649095496,3.8689157991875947
27053,pop_3,2.9293270488189282,2.825295488666078,2.6768835412252936,3.1855418101913706
27054,pop_3,2.636644055250054,3.3205520274480214,2.8979663906809914,4.006090833816309
27055,pop_3,2.5131885932405367,3.2445443637992963,1.7566662718031494,3.3640597171314486
27056,pop_3,3.276898690734548,3.6005675770286922,1.7779591094180183,3.5735053120729976
27057,pop_3,2.2673781749593833,3.170704829585202,2.5493884855116953,3.827945078868456
27058,pop_3,3.251048123774918,3.066408293902615,2.5534963349470052,3.0220335532546034
27059,pop_3,2.4134469000460785,3.0955349651024595,2.847943715667062,3.3581133652538853
27060,pop_3,2.887703308143768,2.5344484621458654,2.9426576587068842,3.438026376337495
27061,pop_3,2.8196349654860584,2.5518179408525086,2.0270606430264824,3.6854933851625806
27062,pop_3,3.418072182764151,3.3064254391842156,2.899060822478339,2.6837900654555376
27063,pop_3,2.619815054921138,3.0290508550599973,3.0181440045595442,2.62859976315017
27064,pop_3,2.9131028864409885,3.283769290034543,3.851167709089712,2.6972168314670144
27065,pop_3,2.9416529190717524,4.270279945533056,2.1827313931089622,4.392872171568808
27066,pop_3,2.4097178404171586,3.0082025832384596,2.794714798572177,3.2413335655745983
27067,pop_3,2.926408966786372,3.3341311646853953,2.415708693173068,3.0363255693509124
27068,pop_3,2.3488224015542043,3.007166607819429,3.2209617407736197,3.740567028595654
27069,pop_3,3.199335564004156,2.8322280474972383,1.417879029070873,2.9809775313307227
27070,pop_3,2.641190691566469,3.336921723827211,2.063074674087522,2.751303872823205
27071,pop_3,3.115182993863917,2.8381774742857906,2.5268685230256875,2.909299715202093
27072,pop_3,2.6608774314750474,3.1026686872106946,2.2628475933544063,3.8711243193715386
27073,pop_3,3.150930743703652,2.546079688900014,2.9589530118622336,4.334059789251219
27074,pop_3,3.0399751564194033,2.9268637158726483,2.0402070196139492,2.980606855026574
27075,pop_3,1.92260724075355,3.110310403567366,2.8617197198976276,2.544263789924058
27076,pop_3,2.6935375110077735,3.005188130975092,2.474626830734908,2.789265690762026
27077,pop_3,3.4401121405473853,2.8684111582034864,2.3311228339658117,2.273957882040908
27078,pop_3,3.4176858778537804,3.0801728558960746,3.0178937330444398,3.262609163657598
27079,pop_3,2.8832357158579165,2.7626260600243158,2.060725644257282,2.982904875250688
27080,pop_3,2.1991522355322646,2.558546735171435,2.3959529943873856,3.3081817310828274
27081,pop_3,2.7373280485666247,3.279115658102416,2.299352263861818,2.957811596588801
27082,pop_3,2.703232310998509,2.6635923301958697,2.556774597955071,3.2033649268769646
27083,pop_3,2.5674363901987456,3.03555936459705,1.6624271259297752,4.047747211643307
27084,pop_3,3.878310982118785,3.458775823282547,2.671100877104677,3.1186614031575837
27085,pop_3,3.8989301006339123,2.7046545034241087,1.8197754096286223,4.23027217269248
27086,pop_3,3.10659571351258,2.7830995937199337,3.187252420861118,3.28087918718081
27087,pop_3,2.9607914748136017,3.164965503646391,1.9636739423189118,2.732745842613555
27088,pop_3,3.4411731341882406,2.575900832827588,2.164013434243386,2.985950722704872
27089,pop_3,3.1752985400963216,2.998741089347934,3.3657430116602285,3.357691871885759
27090,pop_3,3.0704085950054196,2.8431039677659027,3.0288722655197597,3.6601137675275535
27091,pop_3,3.1559636481993008,3.67583965938947,2.795484984796175,3.2461456407064007
27092,pop_3,2.0842606687305087,2.7887083584492856,2.2069422992572845,2.753258405540499
27093,pop_3,2.875388320613736,2.7175666396474867,2.1826263045876635,3.390682193691202
27094,pop_3,2.654358876595699,2.4136743114062056,3.01966553365458,3.0132195563155952
27095,pop_3,3.347253996245931,3.205871765804733,1.7583230829287158,3.03841292170414
27096,pop_3,2.951803552571132,3.407088658254386,2.8146313647410715,2.9285951007134177
27097,pop_3,2.3718496205168176,2.6696977517039797,2.598493029806114,3.039516779785216
27098,pop_3,2.385923520353549,3.4528114015137383,2.476380533449485,3.029904221435967
27099,pop_3,2.5885335637105054,3.0631797191477115,2.9894000668676117,3.4347197507144682
27100,pop_3,2.2178487306165313,2.6438699587134376,2.2455325776049975,2.5849239044650543
27101,pop_3,2.8313616186769774,3.9533638233833424,3.232605724755974,3.6190323777294062
27102,pop_3,2.9757872607824774,2.974040603719303,1.8949618797073167,3.406777730540408
27103,pop_3,2.3342629537218085,3.444385810297583,3.783420125051797,3.2999343214870955
27104,pop_3,2.621120433933169,2.9268180992549357,3.5839992656933313,3.6637719732306344
27105,pop_3,1.9420637200279194,3.65236583531801,2.324890221164616,3.3518743320934434
27106,pop_3,2.5591610821131523,3.8935738277656373,1.6025035839309603,3.408038349089423
27107,pop_3,3.418488234275181,2.760315644595467,3.017744698444183,4.404459266115516
27108,pop_3,2.7555436632436194,2.1022273786442387,2.438096491108184,4.080161778431723
27109,pop_3,2.135526470405919,3.059592411686868,3.182841442664683,3.7012506120302504
27110,pop_3,3.1622616458202275,2.8980099575533953,1.9685671659265713,3.6317845444154324
27111,pop_3,2.6411763024498645,3.2710486306078645,2.4304811842124945,2.7167289289883083
27112,pop_3,2.716774490175084,3.2707236812708795,2.920785985062408,4.49832988667182
27113,pop_3,2.830167890875631,3.2186130296209043,2.9529520054816025,2.598470917919279
27114,pop_3,2.662812921037238,2.539475538288486,2.9759673309936883,3.815586246088279
27115,pop_3,3.257543978449654,3.1444508025143305,2.1982448130010623,3.366631969752941
27116,pop_3,2.30652922539823,2.589382834378348,3.7754586532474983,3.428302686164829
27117,pop_3,2.944948731709,3.1117655879480384,1.998867632926943,2.921709846275744
27118,pop_3,2.788211155242039,2.1390057780529266,2.4908531811223145,3.9691694949952043
27119,pop_3,2.2538536691250783,2.83588122830227,2.2526791776398234,3.265815519498582
27120,pop_3,2.014918316456905,2.7260946949332605,2.807113811058197,3.3077209208260028
27121,pop_3,3.058165741047814,3.3297500894508927,2.843390234940237,3.3502871021894647
27122,pop_3,2.6312845026641094,3.193024670519643,1.9127962212972909,3.022785382446453
27123,pop_3,2.9645373456465722,2.1014426881552826,2.0904433091133727,3.133031571881058
27124,pop_3,2.377815603110839,2.4073259363226263,3.5933350436286235,2.2500418188965963
27125,pop_3,3.296328885453335,3.5225559656597283,2.582538607008311,3.1549062428671197
27126,pop_3,3.4188890554275284,3.275888798929399,2.2538403894361405,3.2461109782721245
27127,pop_3,3.447756517262495,2.74360532795371,3.023038354215196,3.5493562380899015
27128,pop_3,2.517739783370305,2.6293213544791563,2.392827291512624,3.155772889502059
27129,pop_3,1.9388985044858418,2.002218354524671,3.1437374768263195,3.232759576316594
27130,pop_3,2.5480603473836454,2.165627256136808,2.576828202894141,3.2297850540243114
27131,pop_3,4.11818061461538,3.0004847940192416,2.0510750014123267,2.572263436790041
27132,pop_3,3.11810597882239,2.3079542381689664,2.3060378767313887,3.3557271919105918
27133,pop_3,2.352118535314966,2.9910249427334112,2.692077931753611,3.328275633641811
27134,pop_3,2.688139355151147,2.875467450573143,2.6712490365844914,3.3067588224599573
27135,pop_3,2.9327083663571467,2.8433594839229452,3.5767385939617133,4.081870323718802
27136,pop_3,2.6102830676068125,2.583629406062065,2.4334481664625294,3.8947269566400387
27137,pop_3,3.0142406518799345,3.253400905310663,2.206432558683524,3.8444322657016334
27138,pop_3,2.6381849033384848,3.187336796775459,2.529065346141836,3.7074822348522236
27139,pop_3,3.6493363956580516,3.672540789750191,2.929819496986047,4.2879538525667185
27140,pop_3,2.681273082230815,3.2316359498959266,1.337550506767328,4.0053510838715045
27141,pop_3,2.0342998546512003,2.852741666536623,2.6357806823706476,3.584175672678731
27142,pop_3,2.0921316784675743,2.865989024725494,2.9964376792369096,3.1957234896799305
27143,pop_3,3.486961650990179,3.431589663149716,3.160958093910973,3.8584589702552767
27144,pop_3,3.8718829351380855,2.5464131723403924,2.6094697333495227,2.4380951372777355
27145,pop_3,2.1795332357372,2.802376424933498,2.387412100482092,4.470419587623959
27146,pop_3,2.191198278354687,3.848914829243406,2.006264969535285,2.793932994624531
27147,pop_3,2.7354678075691305,2.771494354678995,2.2012568324219286,2.75059517754549
27148,pop_3,3.0755883404229434,3.2198876538719134,2.9247754142848423,2.7794817016797073
27149,pop_3,2.462648281409536,2.5700483867916564,3.2827359376609424,2.8402200297487603
27150,pop_3,2.423959366957252,3.024697922576468,2.8772165658182427,3.5494395041052917
27151,pop_3,3.472725731995749,2.5642644020308354,3.773638176444537,3.468303290208109
27152,pop_3,2.635745168179929,3.084122563628934,1.4697835217103619,3.806928727519929
27153,pop_3,3.217584920158916,3.470303280058187,2.9407658399886407,2.0513641650190726
27154,pop_3,2.3848531579852965,3.014439779473116,2.8661158355663936,3.8564059078180315
27155,pop_3,2.9002421065602135,3.375478954841543,3.67101545843942,2.773086970038589
27156,pop_3,2.7270118602904208,3.0431136575241524,1.8689678890852668,2.3465304663848254
27157,pop_3,2.9634372077415554,2.713406440499491,3.4087564328171833,2.5330416144513697
27158,pop_3,3.37752394345733,3.093622345442021,2.3598847917595718,3.6266217104050344
27159,pop_3,2.480822483222823,3.3228476183930313,2.9855598350329378,2.6599765734820418
27160,pop_3,3.779408375734769,2.737574381006353,2.7045708063589644,3.603576224694333
27161,pop_3,2.149008025592259,3.257532230141991,1.9137080904573422,3.2393748890482503
27162,pop_3,2.9559812877813294,3.573234757757306,2.2168337780601775,3.291789984979483
27163,pop_3,3.7952536189406865,2.6234671076444047,2.7800664553090684,2.3351786752648085
27164,pop_3,2.5879118070762615,1.5681651793579312,1.9570009754942634,3.452066247193483
27165,pop_3,3.6980034055352276,3.4860921152675495,1.4750877641778823,3.5388788763507675
27166,pop_3,3.2930519549731034,2.9416502358020757,2.435754619483076,3.6661901551560403
27167,pop_3,2.916371687358593,3.314682657653467,2.766242390456998,2.319167553809972
27168,pop_3,3.0641112906168835,3.6512390294961508,2.7855512570901966,3.165050014413144
27169,pop_3,2.0564930852806933,3.824736160904881,3.4032261401383987,3.699043810010406
27170,pop_3,2.040897652150244,2.7394606485129716,2.7462529285655517,3.391216937210888
27171,pop_3,2.6059679894953707,1.9873740413140644,3.33571298503887,3.2113288386017738
27172,pop_3,2.6799800515953316,3.699049801121627,3.166152618244753,3.8189910375476863
27173,pop_3,3.913681888306697,3.1059633281244254,2.062436116039062,3.133118726864721
27174,pop_3,2.888248072115322,2.495632765109625,2.342296884244006,3.8466177346313914
27175,pop_3,2.5701102878329043,3.2589749637725807,2.321358855102222,2.9097492730418035
27176,pop_3,3.006447667801418,2.85667972493227,2.826792613894777,2.840004389230796
27177,pop_3,3.2208452482549297,2.8969433877908517,3.129731498631469,3.9660770209177523
27178,pop_3,3.061469635317495,2.6646458652782403,2.7484448765312806,3.380911360121959
27179,pop_3,2.205811406278494,3.0965167638573536,2.105272018125845,3.3199359068162138
27180,pop_3,2.6947290295346087,3.2803907498887166,2.9633959540983787,3.7286949071799618
27181,pop_3,3.286754709671443,2.734597485014345,2.9788558552654587,2.5715738315449346
27182,pop_3,3.121542904306819,3.923259309604213,2.5100467782791482,3.1386984458839136
27183,pop_3,3.0615529844383533,3.19608224029441,2.433807999911397,2.6705722588957768
27184,pop_3,2.3212484371119664,3.1961332984865605,2.8941206781208004,4.298349523311618
27185,pop_3,2.7900909659102315,3.5541361052275247,3.079531798992579,4.330973549236111
27186,pop_3,3.585492402521159,2.9718341318624706,2.4325228460244475,2.752487865869507
27187,pop_3,2.828121655039342,3.045761575190429,4.216219022210857,2.509179754336758
27188,pop_3,3.6557476961957356,3.846607792593085,1.8573729037217022,3.4520544410563194
27189,pop_3,3.055871946624141,2.5659969220109504,2.2110905613382723,3.2407311382339907
27190,pop_3,2.2389999535155005,3.0501512535165682,3.022402481697061,3.2731485817272072
27191,pop_3,2.904929459892098,2.9575827961599077,2.343138112424428,3.4868431427099713
27192,pop_3,3.1090230044046456,2.4220880786647405,1.7190763638075348,3.5165840656240173
27193,pop_3,2.8239459150519908,3.061565405221665,3.1248483294174774,3.1374916825916523
27194,pop_3,3.417664847131834,2.6496655985154094,1.7527169511137743,2.8041497840416407
27195,pop_3,3.9342483691169066,2.770340768341219,2.3307211025155263,4.137187575467496
27196,pop_3,2.9152253217998862,2.6856950137631532,2.978447316049755,3.0789306274933876
27197,pop_3,2.4908248599003273,3.3598145474096595,2.355335258336166,2.771026927596175
27198,pop_3,2.645962456871879,1.9011815485123873,1.6258209153223238,3.2155680011860723
27199,pop_3,3.6709784159764434,3.1511043173223983,2.9534150932734233,3.485345454696388
27200,pop_3,1.6230035674787189,3.513008896752664,2.8241200371195783,2.4719594647928487
27201,pop_3,2.6877398270451396,3.4419015365111236,3.392290970297171,3.0341343219805523
27202,pop_3,3.295849072196055,2.0633265257972444,1.764493492048865,2.979337996873399
27203,pop_3,3.1771226133344426,3.2006909139677884,2.7453342206227354,3.7867130125701487
27204,pop_3,2.4755904293250333,3.4476765682336197,2.9935257285761345,2.714506941540416
27205,pop_3,2.854679059180257,2.9288258307409656,2.42335738681175,2.715226560176859
27206,pop_3,3.211259670074898,2.7593810191367076,1.778407601760486,3.445190937323321
27207,pop_3,2.4115791349522513,2.5431783972113022,2.408028109148796,3.367858992378956
27208,pop_3,2.6328972207938888,2.424852084286554,2.9954819337837337,2.6824769257238357
27209,pop_3,3.0920225677257394,2.9517594439704347,2.023636631321049,2.3413469842147205
27210,pop_3,3.2856491421855756,2.8688434028141976,2.488029143579405,3.3617140163708865
27211,pop_3,2.808289942127367,2.7693382442951253,2.3301249532747237,2.9559982837046217
27212,pop_3,2.2909472373686315,2.2145646178890956,2.182077906626591,3.1487178998259564
27213,pop_3,2.9234438159088074,2.9531768821113795,2.527869062371683,2.641943575704931
27214,pop_3,3.8727180475885334,3.006182580405701,3.526223185458697,2.732624156528149
27215,pop_3,2.4814421007729948,2.6391417820148817,3.2464864157551783,2.5978323884763794
27216,pop_3,2.8771363360872817,2.578127438690055,2.249232020032698,3.4731078656820626
27217,pop_3,2.941684827590399,3.2927998704577495,3.7366833723374504,2.9517713788180835
27218,pop_3,2.876182982512311,2.5039475792273946,2.0274146045534884,3.130907756840062
27219,pop_3,3.301457978387989,2.330574840608115,2.828968729584148,3.3032552391769583
27220,pop_3,3.2357788157623157,3.7778917262941514,2.123167779631637,2.878909003051965
27221,pop_3,3.187723979604663,4.165449421480147,3.47263982898394,2.834349920378934
27222,pop_3,3.8758596856199268,2.8651500813426574,2.974846954210278,3.354259302365522
27223,pop_3,2.3870074031254784,2.0765626553788556,2.290841092398984,2.5740852485691934
27224,pop_3,2.459840835124551,4.437149624929982,2.980718140139743,2.381362606842938
27225,pop_3,2.312314364493797,3.8743395975529684,1.7609192191546843,2.864322434608789
27226,pop_3,2.687630421494511,2.8598964035811076,2.6706414255832422,3.392428257022432
27227,pop_3,2.6627738339035245,2.868976308887163,3.038085615065172,3.712039775127752
27228,pop_3,2.3607286889690875,3.3260847954910853,1.6384250294787406,2.741844461253633
27229,pop_3,3.400546904073457,3.301774447835093,1.92713290716988,3.711700481672629
27230,pop_3,3.223381481727968,3.835055544312268,2.425919970736138,2.9032406805649953
27231,pop_3,2.6028065878472644,2.92338699544455,2.446273587408685,3.066800027110352
27232,pop_3,3.3399918564734468,2.6815967308267465,3.663697203304577,3.2229995994093064
27233,pop_3,2.383460577845451,3.0242368238152966,1.568673663848066,4.190572770914073
27234,pop_3,3.1387197319853066,3.308026455115992,2.5261847993689655,3.7014000557162663
27235,pop_3,2.515960394579762,3.2538248668686767,3.1962740019292104,3.535841311647653
27236,pop_3,3.3153478236438985,2.8183720277786612,2.6880536760152696,2.8209629355957406
27237,pop_3,3.0845886632632005,2.2062943949729616,2.3833921571263073,3.1357805474011125
27238,pop_3,3.829791307021538,3.377890874198352,2.3489799920471857,4.009355790901984
27239,pop_3,3.791138912500391,3.377756057538259,2.6734009833478067,3.0208239799751873
27240,pop_3,3.184111619380964,2.7193544764337227,1.9060762876449626,4.611134388353527
27241,pop_3,1.6565389064140619,3.34205480965121,3.006314979799474,2.4705341467536632
27242,pop_3,3.359139248607252,2.7568533242251565,2.771833761222245,2.6410072039701316
27243,pop_3,2.5257332704069255,3.950373891254421,3.5260966117993533,2.457654597910482
27244,pop_3,3.605283902066261,4.356014988149514,2.790319644353614,3.5644882536626588
27245,pop_3,2.6814072310221246,2.938104176335008,3.0416106211225444,3.6287593010603865
27246,pop_3,3.6523270246615995,1.825533835546336,1.920495803127757,3.2677173476046897
27247,pop_3,2.929640422768062,2.888701422443739,3.0049681132299235,3.968195888828708
27248,pop_3,2.714011128105294,2.931114470345225,3.208417230232748,3.2464108142371857
27249,pop_3,2.537382805291831,2.0745934798069627,3.0673890165220064,2.752586717062267
27250,pop_3,2.6057184459861045,3.2847762415398063,1.6616550270954473,3.385133770950475
27251,pop_3,2.862188747381081,2.301171382843625,2.1327075348749753,2.9751375866027354
27252,pop_3,3.456307326680082,3.170380431280643,3.161306828654821,3.730175907883134
27253,pop_3,2.336883235146631,3.1398160482684654,2.6591802500973696,2.698139290105442
27254,pop_3,3.2451139764127745,3.1062997265716317,1.9653197670468199,4.17621123121029
27255,pop_3,2.8548476393647007,2.9262992831647874,2.9900041192807363,2.931117765559462
27256,pop_3,3.147171635670475,2.3401688506337903,2.2056544330802654,3.1004455913019204
27257,pop_3,2.37450829500987,2.8253101470182163,3.978046321559121,3.5025908587775807
27258,pop_3,2.767660862635711,2.551317671412157,2.6757976308273013,3.5724235681547643
27259,pop_3,2.8116648962228705,3.156407234084386,2.964532913749008,2.987208744140327
27260,pop_3,2.6549338643966798,3.2768343407005944,2.0601925658486397,3.599135722928672
27261,pop_3,2.2498776536372596,2.3289415634985406,2.221106551636285,3.6942660392958393
27262,pop_3,2.1311107028597354,2.146421463551401,2.7280772846327537,3.3441871283565074
27263,pop_3,2.1645838237342914,3.154632806416554,1.8123204733380094,3.5321690128099386
27264,pop_3,2.4771513229320634,3.1433332804022376,2.6876155430560154,2.9889317417201777
27265,pop_3,3.61297174454905,2.981096171023409,2.737707625138722,3.4858439474750536
27266,pop_3,2.7597484449622987,3.308026742802417,2.869315906891718,4.028220465083287
27267,pop_3,2.5460736665753676,2.0516400502140404,1.8051317168494765,2.7580742906400846
27268,pop_3,2.640849849648341,2.247229620481848,2.883177929191474,3.3404833272142445
27269,pop_3,3.2656999658768924,3.443225703701894,3.153896908084254,3.0235558545703083
27270,pop_3,2.926556817782155,3.1827798382666095,2.4141633412438464,2.9554563072981765
27271,pop_3,3.795876285011131,3.0489683920925885,3.154454730892108,3.3327296144980587
27272,pop_3,2.7405756020408543,3.2659994321843957,2.9531958340783913,2.556704740962279
27273,pop_3,2.945904756763768,2.926052112166006,2.8720931521901925,2.9481856645800706
27274,pop_3,2.4021943211875527,3.912176097619149,2.723053589790012,3.328599907176534
27275,pop_3,4.25270429744749,3.400614237581755,2.5285096427004112,3.5404056272720457
27276,pop_3,2.533059097734944,2.419601108311846,3.646249788727807,3.6526214576163425
27277,pop_3,3.6352143177096417,2.7283409534035954,3.1445481217942737,3.1244488670475103
27278,pop_3,3.652148417133062,2.689114073653224,3.0930107775360143,3.357747604431964
27279,pop_3,2.693870134561049,2.236875244389134,2.674440774866441,3.4788243464381385
27280,pop_3,3.1210939220476503,2.295710520732631,2.464682764856636,4.453605917583787
27281,pop_3,3.2321569547201126,2.5963209464399815,3.6028934851665215,4.614331692438129
27282,pop_3,3.659995285888065,3.582049593001324,2.4609595766900503,4.118005104278335
27283,pop_3,2.992702129516661,3.402127751959012,3.788109738752957,3.8817336023740068
27284,pop_3,3.6095061641960333,3.5529211055732315,2.4796196724219834,3.582429318282749
27285,pop_3,2.6763722931574945,2.815685201712878,3.0485896845728577,3.6138879867674665
27286,pop_3,3.0756099776765757,2.462627278685859,2.4623535667212924,3.048438007837269
27287,pop_3,2.3662665273613754,3.054892252141954,2.0533556897399614,3.1375156958047836
27288,pop_3,2.6884288955569575,3.5096600888038068,1.985418096050872,3.2270635659788116
27289,pop_3,3.0659696765803717,2.4813249595828064,2.448168006598716,3.5171059404041585
27290,pop_3,1.98260915303544,3.492982106936111,2.639775480417427,3.1128848903957893
27291,pop_3,2.7424503879932605,3.6205708120197793,3.8160699538061253,2.5899066760133183
27292,pop_3,2.3104683271825577,3.4529674033465803,2.879025542020286,4.144792176623064
27293,pop_3,2.7542501415026215,3.441588931488867,2.4288178896633186,3.7515916430440095
27294,pop_3,2.9181572763504917,3.101979228374513,2.099659206215894,2.7445918526490867
27295,pop_3,2.3979548334091545,3.769732689325473,2.5872620313882235,3.4323520664983844
27296,pop_3,3.250112337171412,3.8749550755484448,2.2109750295258674,3.4023885667590963
27297,pop_3,1.8447057797894024,3.766336372278995,2.5552826574438314,3.3072952871186843
27298,pop_3,4.005356004158805,2.099402747552483,2.7842450692474676,3.6776035125094793
27299,pop_3,3.1100905347821057,3.981491519516822,3.062102221658509,3.9278774988827148
27300,pop_3,3.6503212187787506,2.887643285127926,2.826313129816574,3.5413120746679843
27301,pop_3,3.371325796928237,3.011155938118018,2.3260177603116805,2.997994247721971
27302,pop_3,3.637693332714728,3.3279512735972228,3.023769587152692,3.0099707671188547
27303,pop_3,3.9145731928643284,3.032241771522716,3.292147488259915,3.018350709936601
27304,pop_3,2.5851473494596124,2.1286480238801686,2.546328012995045,4.210469765915716
27305,pop_3,3.614619461051488,3.202076513923311,2.794871563022563,3.6133400825951285
27306,pop_3,2.84800393260623,1.8384813036758139,2.040365330450825,3.6893661926046435
27307,pop_3,3.3880444039994457,3.8361530832505473,2.9549462953177,3.033396632341436
27308,pop_3,3.335508851865566,3.7739611803174604,2.6329634668728543,2.9803553650888652
27309,pop_3,2.6841511864633087,2.892389818019667,2.407971505406265,3.333611644952415
27310,pop_3,2.9234402326174354,3.1975429539587896,2.438709780169028,3.5283950239224926
27311,pop_3,2.9755336435346957,3.2245171320392934,2.353060280543073,3.2810261183104354
27312,pop_3,3.1433442304766555,2.665114881858401,2.9885173109378824,3.5689460214609676
27313,pop_3,3.012614058055657,2.480311493620945,2.5187022266583847,3.3890363025968933
27314,pop_3,2.3318818336673512,2.8958082211637466,2.1862756776886183,2.964923933312021
27315,pop_3,3.3381136999147394,2.0077345876124544,2.232859164191032,2.228100660186061
27316,pop_3,3.0070668752519794,3.1427457866485877,3.2906660175718607,3.2785430518214396
27317,pop_3,2.3493076849344416,2.957473256665124,2.575565547705049,4.592522007112609
27318,pop_3,2.8672945192492723,3.362806501717425,2.1044834552983396,4.122506061463721
27319,pop_3,2.63014344962426,2.780469286082198,2.7761023969874468,3.880655819730441
27320,pop_3,2.371486691831187,2.9372815245894994,2.76835509992313,3.1964737447886065
27321,pop_3,2.381051541042375,3.442994527221827,2.042322047130024,3.6119844704224056
27322,pop_3,2.443088216425811,2.966576539060917,2.5781668017105384,2.817265488800778
27323,pop_3,3.558756642378518,2.869087298829555,1.607735628227457,4.0645389535866405
27324,pop_3,2.7804426272289167,3.7531479874771283,3.3552055128770433,2.9967769887678526
27325,pop_3,3.9330300548495387,3.5450029616763383,2.4212443231208653,3.825459817760166
27326,pop_3,2.8416064861259396,3.371192454156856,1.974714427279244,3.872543682846959
27327,pop_3,2.4614251362250434,2.3870703047024513,3.5469362603765546,2.9870023892616007
27328,pop_3,2.7278653284230208,2.4660339046163076,2.3938906434192035,3.5917450365434407
27329,pop_3,3.2262237526016952,3.3135475711550435,3.368283412761041,3.8886358337904197
27330,pop_3,3.220396145521624,1.9318095949729328,3.1751276400729003,2.447535174409528
27331,pop_3,3.6024133937973186,4.015255217447195,2.8607307510736177,3.051624574453802
27332,pop_3,3.0082076854420525,2.979269081096018,2.906731854000344,3.950758834998957
27333,pop_3,2.304548874838211,2.508441010762223,2.9592259786691044,3.7679238883614503
27334,pop_3,2.2858158517683735,2.9110832579954975,2.1623684995708774,3.318097510426483
27335,pop_3,3.2931526934076825,3.2067688763138564,2.5113246894695584,3.425888473546885
27336,pop_3,2.4907762968642952,2.1367317868866964,2.351027084380976,3.9528189320342264
27337,pop_3,2.7299109824627514,3.1125986221215447,2.2047781688566466,3.7106616602515987
27338,pop_3,2.927734865815977,3.7056876624713495,1.7799939342924613,3.980133504453146
27339,pop_3,2.723190144035889,2.2135516801506014,2.7196087777739217,2.9303191022499204
27340,pop_3,3.1075971021231266,3.0933750449208195,2.114630941512948,3.6580964103080538
27341,pop_3,2.0150268555123274,2.5037837348957552,2.578790006694759,3.1755805625555866
27342,pop_3,2.0803080928722215,3.356026362248971,2.4757090622435465,2.79614581598619
27343,pop_3,3.0394980933198115,2.699331151710285,1.2559300269262177,2.4710167149618085
27344,pop_3,2.7804387915778945,1.7121545412636086,3.1026785253106643,3.2743963584279316
27345,pop_3,2.9133040681495728,3.8396332564436904,2.910995812605028,3.2384418182617725
27346,pop_3,2.443977107373798,3.3262474664833994,2.116995664598293,3.375950467350503
27347,pop_3,2.6520119976441845,2.7653621643181197,2.0072322898755797,3.917063407789731
27348,pop_3,1.9106916733209918,3.76212314963533,3.4647559531568444,3.8458438062913176
27349,pop_3,3.0811773885851377,3.7657518955467824,2.1997557034815864,4.119489089402174
27350,pop_3,3.073811204797859,3.1560578289535846,2.7393294976297016,3.4782755013596987
27351,pop_3,2.5222455824826655,3.3658366144241953,2.538757172433825,3.058657964410454
27352,pop_3,2.677952148201705,3.542793956464596,2.4249913066637787,3.2069016627665397
27353,pop_3,2.326354150413964,3.402554660712566,2.6971005018508265,2.976057296749663
27354,pop_3,2.8277498910192835,3.2415147875561616,1.8297881213424452,4.156552978528353
27355,pop_3,3.1635854824519063,2.461301830428912,1.5620606461078155,3.2368241661764197
27356,pop_3,2.831330643312871,3.285399392773871,1.468584033669417,3.5143035855494245
27357,pop_3,3.155610641076556,3.8528651260150295,2.532220811424779,3.3392922624229615
27358,pop_3,2.5031508628864265,3.3378514802353805,2.1851785252543605,2.794194000675482
27359,pop_3,2.088940182207584,3.088804602883408,2.5926427414699598,3.142525031236438
27360,pop_3,2.839849283384935,3.2768659074457576,2.379372627952234,3.097490175251097
27361,pop_3,2.694707904382621,2.9220463678949864,2.588710357037446,3.184415226385675
27362,pop_3,3.283873298368815,2.873599799074116,2.612568975878833,3.6497108751768796
27363,pop_3,3.0100707756762057,3.1134528962894477,2.841953672096931,4.072437450546989
27364,pop_3,2.088473447464062,2.8516488752902664,2.762343046126066,3.0481810185685365
27365,pop_3,2.3911061181660043,3.363252489531062,2.3358354623757016,3.610455375234581
27366,pop_3,3.4728286240943538,2.2868138431208225,2.440818584372929,3.719038558964798
27367,pop_3,3.390338066385029,2.526703499575334,2.760068702036583,2.400903320882754
27368,pop_3,2.6003774189625393,2.9687936612477905,2.299100169999625,3.361327873928396
27369,pop_3,2.6490506271678336,2.375349672692891,2.8356867236904586,3.476951543236382
27370,pop_3,2.6390334896511205,2.947553896060047,2.7539064094743995,3.1444543143020978
27371,pop_3,3.0091012742928647,3.647684454781302,1.326571922374795,3.154577231458401
27372,pop_3,3.3406097909030286,3.1404942796692517,1.8740476101952341,3.57499945733057
27373,pop_3,2.874637986446271,2.580455060658279,2.620127361786055,4.015011474920428
27374,pop_3,3.3975315841222895,3.319495733281637,3.4183674632393934,3.3354532631985783
27375,pop_3,2.5181203839687094,3.72742997560654,2.9940097185039884,3.2063900754453414
27376,pop_3,2.952201786308741,3.0181467487853606,3.5067063476536027,3.375694815341645
27377,pop_3,2.529716432607999,2.924716597038192,2.099468518822876,4.105626210391225
27378,pop_3,2.4854518118014624,3.664231134012242,2.414656654907467,3.368188767945306
27379,pop_3,2.5636429236161686,3.059966064481973,2.4496154468045432,3.5945382228132137
27380,pop_3,2.7824118789510344,3.21069352585522,3.667875610440844,3.6008856833438547
27381,pop_3,2.912955977378987,2.1870198956491653,2.380256714481398,3.50466730626764
27382,pop_3,2.3978555509048998,2.9690285071959632,1.8136848413260829,3.5841757343320473
27383,pop_3,2.533742134378701,3.3046386600829813,3.3872194908594047,3.017038205495269
27384,pop_3,3.136582250101943,3.270887692136395,2.490271237902209,2.415756239510806
27385,pop_3,2.5197818228543607,2.4791552857766215,3.4448415104330996,2.538861909080549
27386,pop_3,2.8958599747047704,2.987951484144445,2.683131815559086,3.0879426559597376
27387,pop_3,2.3940571748748285,2.8905648403074795,2.216839029422999,3.7693936626354203
27388,pop_3,1.4023878087911767,2.919063057654481,2.8673371044404243,4.232365964468504
27389,pop_3,2.8534561478370892,3.6521688155096195,2.114133473568173,3.4386729788205472
27390,pop_3,2.6511612777845364,2.990330091465458,3.0048463412898747,2.935808554137774
27391,pop_3,3.184670880459949,3.3666823401649886,2.921012766897374,3.892915793764219
27392,pop_3,2.4973939415113247,2.9620205436641878,2.8575182467529086,4.149166053558987
27393,pop_3,3.031365199913549,3.298583288502546,2.943740805833218,3.0749180878710707
27394,pop_3,2.7024816779590783,2.9153596860291477,2.7543738405578204,4.08785260410382
27395,pop_3,1.9054955466661256,2.780534689159962,2.0740286392167855,3.3103273102788098
27396,pop_3,2.204598772237708,2.573993674174644,3.426810325918043,2.9815655073728697
27397,pop_3,3.2701270500870585,2.8745161327022513,2.666928755480848,3.333798113286618
27398,pop_3,3.514762266566534,2.6128717329857634,1.988345922292273,3.5124656731798294
27399,pop_3,2.9206010732795478,2.113041019664126,2.1824608360643376,3.8577002652398233
27400,pop_3,2.3371503353409127,3.533374871567707,3.066678425642056,3.858365001839195
27401,pop_3,2.2892712328087237,3.4691675200401693,2.70302958131753,4.140488761085423
27402,pop_3,3.0480173705671243,3.3066724683296087,2.9887302280074928,2.2933776147961145
27403,pop_3,2.8066472969592553,2.678238952844365,3.1727992301565213,4.041785662612674
27404,pop_3,3.4522039475721855,3.07964960987516,2.8913519369807217,2.8046478721578714
27405,pop_3,2.49624128706223,2.4778598140281396,3.1462107306674465,3.1980107859136058
27406,pop_3,3.098170062800018,2.551262086627774,2.843794491652022,3.991307717567109
27407,pop_3,1.9408030141314212,3.3370697553910165,2.2672734573220694,4.0707796676406725
27408,pop_3,2.5703818897920456,2.8531923475775267,3.098309423642417,2.5871647648973433
27409,pop_3,2.8729107877442823,3.700871679571886,2.6747160129644536,3.5432494543422868
27410,pop_3,3.1835582541227057,3.0869202459336584,2.5089746943308713,3.806838251696381
27411,pop_3,3.4305765279494222,3.286126375853625,2.905655428521962,2.737759750189305
27412,pop_3,2.901879061850623,2.021535977224972,2.0064128815857556,2.689587260492889
27413,pop_3,2.736725418256714,3.0039160565006786,2.4970147876417794,3.4501266415030134
27414,pop_3,3.159565191658286,2.828871182194098,1.7276371139217226,3.0292985943044686
27415,pop_3,3.4823330759094535,2.8661375610265822,2.290382843680006,3.651120140507693
27416,pop_3,3.393692889289883,3.6821314271225063,2.5044230695260796,3.245204734485446
27417,pop_3,3.3848676863610114,2.8518884734085335,2.620899959601441,3.1757573303262503
27418,pop_3,2.852523614968367,2.510063835032942,2.4532962332754416,2.0503095598146386
27419,pop_3,1.7011287699963902,3.161954354992453,3.2552667549417307,3.257940582091045
27420,pop_3,2.9110826332689212,2.914887523440239,2.1259495958883194,3.2839784959369793
27421,pop_3,2.60263014763333,2.678089987100899,2.978014582403581,3.9871213869298243
27422,pop_3,2.4301787995848074,2.5001623321176623,2.617457509299568,2.8623218657940255
27423,pop_3,3.597618472046407,2.1354319320508997,2.9703641970337378,3.6645099928973637
27424,pop_3,2.746934319059109,3.3100981590667247,2.555329798823049,2.682502038051868
27425,pop_3,2.588629110706273,2.4580409221198045,2.451306792345779,3.3271954695960284
27426,pop_3,2.713828344640943,2.526702470237054,2.554560842624023,3.770596153811829
27427,pop_3,2.322990216182456,3.434658951135303,2.8893625347598424,3.74963435904821
27428,pop_3,3.0273645618961464,3.653196876081714,2.7408528099546503,3.491205289856217
27429,pop_3,3.0644053739547092,2.6609181656179977,1.984663484366965,4.088412073614342
27430,pop_3,3.3996154290834286,2.946799586047774,2.889682693138823,3.00258143086124
27431,pop_3,2.936437932723733,2.8867631884017984,2.3861932510915596,3.630020090273752
27432,pop_3,2.195331865778951,3.563575133520623,2.5952139644597905,2.6938657170807296
27433,pop_3,3.537154182585497,3.3902533873834115,2.3617289550192826,3.3706078404633866
27434,pop_3,1.992820583251182,3.7347509278942317,3.1031562272744297,3.300314387218631
27435,pop_3,3.8216130276488935,3.1151116694943886,2.4171133613307547,3.3862844382625346
27436,pop_3,2.438054929754293,2.7806815236125924,1.866516088028638,2.906219083095815
27437,pop_3,2.703261990433067,2.9693729197910885,2.7195165471351297,3.062651994129755
27438,pop_3,2.5304499496158646,2.8281619237262823,3.041609386536738,3.806295541097411
27439,pop_3,3.395625965951751,3.27877393957266,2.83515623733139,3.717671130329067
27440,pop_3,3.436795276877279,4.0758558515631815,1.858498264116796,2.6351764563698663
27441,pop_3,3.534976895222103,2.1535356186325516,1.6990474617670421,3.0157717571592726
27442,pop_3,2.35090873703596,2.341565458205834,2.020601563038137,3.060789875137337
27443,pop_3,3.170048920220887,3.153036650569666,2.6667832932993814,4.006959314401522
27444,pop_3,3.501710332708821,3.1267398115684144,2.3232883255078076,3.0564361786961345
27445,pop_3,3.7098151979719414,3.223034209744519,2.6485316662909,3.3096357343801617
27446,pop_3,3.5500321815535947,3.1059265370532962,2.4448232224734556,2.443889275628674
27447,pop_3,2.6674091535134865,2.9262793794154374,2.2163395826220884,3.1851351195681086
27448,pop_3,2.723820783554613,3.0317488544585793,2.619121685187088,4.046947863791443
27449,pop_3,3.057661770779316,2.4015753502706696,2.925360149685362,3.4657555937184856
27450,pop_3,3.233959343122396,2.9617430811406,2.6475908746179293,3.599281182604338
27451,pop_3,3.2848461409145537,3.288000055737349,2.615321890356206,3.1303071922289303
27452,pop_3,2.3730590959794733,3.236694356026115,2.306552220093021,3.029268872013481
27453,pop_3,1.6553579580482594,3.292802311926041,2.276528184890943,2.59109677359616
27454,pop_3,3.0366766116035486,2.8063235432617732,2.7974647582349124,3.7368033783628314
27455,pop_3,2.8726581469416357,4.398107553632734,3.50568169754989,4.258544046775288
27456,pop_3,2.742475920767501,2.732827555942618,2.349387397657463,3.7287329071105715
27457,pop_3,3.2123839189427956,2.4503422064104177,3.0967933733145077,2.2919168873191604
27458,pop_3,3.187980216779344,2.922198460483852,2.2879755431410698,3.5728234223939035
27459,pop_3,3.753933988795096,3.3886753729088688,2.690304632375177,2.538419215135065
27460,pop_3,2.9800865493899074,2.579154866956431,2.5673100298464244,2.7985589805459967
27461,pop_3,2.2554032418611056,2.9087318942522846,2.695634931199199,3.467662565361954
27462,pop_3,2.4029453983795324,2.653452211880943,2.0747876901884688,2.9995769971097657
27463,pop_3,3.7016022769039987,3.1132621694462665,2.2098813227685072,4.116722040661944
27464,pop_3,3.842896548944889,2.909921668993971,2.8097454400341078,3.1289269858614115
27465,pop_3,3.039409462637091,2.7384372554059007,2.556429157032455,3.7558994848414624
27466,pop_3,2.646687733125212,3.2709734313641987,2.847729061076925,2.9341785764370716
27467,pop_3,3.6525112286498738,2.85108769172393,2.090833858101417,3.5994632916432208
27468,pop_3,2.9663997632681114,2.7651441897548,2.6766370373412496,3.392481770753541
27469,pop_3,3.525930248109583,3.1293379527382403,2.802378948710249,2.7541685905552646
27470,pop_3,2.9163446857586264,3.4032147404293616,3.1813040433899413,3.2717271962616543
27471,pop_3,2.5450747479647142,3.239037950014539,1.8344679357237275,2.9339093933304046
27472,pop_3,3.685470414197194,2.8760637379884857,2.9096068031333986,2.9784033170117903
27473,pop_3,2.978497450058848,3.0406607565627866,2.433427742197238,3.7075694785235505
27474,pop_3,3.169008933311939,3.2081185760653743,2.434813464829767,3.549289549404888
27475,pop_3,3.5353946738055013,2.9613658762256985,2.4704399153735572,2.9966135134125262
27476,pop_3,2.8918635361156677,3.6048832128545882,2.931154710537105,2.9333431022613965
27477,pop_3,3.345038122738433,2.7050102578968382,2.499658261435407,2.886289645419036
27478,pop_3,3.1908592802364906,2.491394607395453,1.9256510644209253,3.5235816197876066
27479,pop_3,2.7365731592628717,2.682732059056226,2.54832667027851,3.3052485527781528
27480,pop_3,3.359006892745686,2.906424182827265,2.9227267508425636,2.917097312501825
27481,pop_3,2.816994867666338,2.6833126767621507,3.2049945041086056,4.049007214086603
27482,pop_3,2.6626546061063694,2.718128784381596,2.286074801774727,3.3271284798696574
27483,pop_3,2.5822693656127167,2.2979715989095952,2.6380492554820836,3.3577443428189047
27484,pop_3,2.9381337355809376,3.371026999953822,2.733733316839835,3.3902343652351092
27485,pop_3,2.742574724313994,2.4840581551014784,2.4729125428229803,3.512576635338005
27486,pop_3,3.2843883738881883,2.908017399579504,2.5448928073663097,3.4157919685367064
27487,pop_3,2.7678215237395483,3.2856130474917515,3.0266673254240546,4.120605017009471
27488,pop_3,3.5221350785811336,2.655623835992956,2.2836177722090394,2.888139019849076
27489,pop_3,3.0504247836732947,2.2731910679847074,3.0656113709238024,4.140205068199622
27490,pop_3,2.859956459022982,3.0388989703455245,2.1652920020192297,3.223095911344754
27491,pop_3,2.1773007977216157,2.309386608842825,1.971723669997914,3.924966863306014
27492,pop_3,3.0398846095494947,2.857140941855256,2.6467625288266188,2.889233103071179
27493,pop_3,3.1196437833966386,3.9994290459144195,3.1656589624692937,2.792319086992817
27494,pop_3,2.583176542777911,3.337811025128015,2.7144243366366774,3.595477705568531
27495,pop_3,3.844361815280264,2.6375546879105625,2.926684958924912,3.739890280451543
27496,pop_3,3.271754496636773,3.29606780507525,2.3137738066284133,3.852460256692641
27497,pop_3,1.909800577639275,3.125846832286785,2.4742032617193535,2.622025876768816
27498,pop_3,3.0834067874333453,2.542420426766193,2.6682140761283435,3.1499693474173167
27499,pop_3,1.9459382591710166,2.927103408575264,2.864226690985305,3.1664836234604152
27500,pop_3,2.9056323532091337,3.206863366290827,2.2137818398692453,4.173755628419937
27501,pop_3,3.0852803674809586,3.5564937627877318,2.5827136538136974,3.8554299671342394
27502,pop_3,2.3298658985468323,2.853312259528801,2.296101897205787,2.134039118225085
27503,pop_3,2.312947509090182,4.1374174233678405,2.1780726477108967,2.194175865175067
27504,pop_3,3.301879898526307,2.8723279423921757,1.7874064645522998,3.7326640513587974
27505,pop_3,2.458612710335701,2.9671653492601537,2.6077811483982183,3.205846054658321
27506,pop_3,2.7552803471024045,3.7346675764453785,1.6572311100564823,2.8345599977861387
27507,pop_3,3.2915084177005407,2.40048298076743,2.6369947198034844,3.5340435015369174
27508,pop_3,3.4086247761829993,2.599422148330084,2.9852530028643334,3.2378642235286152
27509,pop_3,2.4662383069799527,3.2794836131387775,2.881252556130572,3.523560841672903
27510,pop_3,3.1474192739522646,3.135859097006399,3.3312723434016958,2.7631675563137073
27511,pop_3,3.3473054243582605,2.494527478821683,2.474175172253644,3.3944029447616964
27512,pop_3,1.9698050063877353,2.9362937806277998,1.8118839902684285,3.1094143129013334
27513,pop_3,2.461741603209532,2.767290375469029,2.7438671928894154,2.7384921268181155
27514,pop_3,2.550550822993779,3.203024739320236,2.8204613563644685,3.049372019831286
27515,pop_3,2.97353649348838,2.8381019945574386,1.8701269975339758,3.2903006437601046
27516,pop_3,3.2954449818054563,2.634140816772894,2.2084263831321382,3.1361137980843843
27517,pop_3,3.292748857293856,2.6827467009266583,2.780727926581741,2.3026494711569923
27518,pop_3,3.5690002640307448,3.468802741765661,2.119911104454888,4.16895361191354
27519,pop_3,2.82444104528144,2.753796058958812,2.031735767364029,3.5839768986283644
27520,pop_3,3.4480316509572297,3.2846190067432173,2.9730953559301025,3.9994654764921784
27521,pop_3,4.093735437027317,3.587790396864717,2.626716765552102,2.571991038226849
27522,pop_3,3.0811015725666184,2.7010675380373668,2.5582663333715847,2.406530008343124
27523,pop_3,2.3337611724962235,3.09578469558033,2.629139993122548,3.9018834773786444
27524,pop_3,3.4551520707912564,4.2542093179119975,1.6741365706718958,3.1691244102062197
27525,pop_3,1.3861621196590406,3.0075531911495443,2.6336499532709228,4.170328930246548
27526,pop_3,2.377137857598096,3.2272790326454954,3.194947262103618,3.8171386941558083
27527,pop_3,2.5944855515968035,3.3103718179879635,2.925913942224365,3.2057324107792486
27528,pop_3,2.3950965888335842,3.1916848352582936,2.1855059287227063,3.957241340800253
27529,pop_3,2.579178235080934,2.545182722709355,2.50166682353313,3.535564605104045
27530,pop_3,2.353332736561732,2.941597291317685,2.9331949242435886,3.6174798655430545
27531,pop_3,2.7192608595119014,2.4362994852499247,3.011619453807292,3.285719730812904
27532,pop_3,3.5246268755869807,2.8000119948348265,3.190379669548777,3.481369596600606
27533,pop_3,3.51435772237739,2.977859149728326,3.3066933620629824,3.002437640112834
27534,pop_3,2.8383863512123897,2.7019376252737195,3.106885613750837,3.2626737840268216
27535,pop_3,2.9754801179917205,2.467419795080493,2.4592330701980973,3.521736691336142
27536,pop_3,2.222936054244191,3.6570800033760977,3.23798614936311,1.1962119999130727
27537,pop_3,3.1582873866091217,2.248615936190415,3.12939382513218,2.9754642649995633
27538,pop_3,2.355132569856921,3.9812866074785376,2.76016180768735,3.2386375471003226
27539,pop_3,3.3962860831918475,3.3917193329063067,2.9566944930316463,2.4324618659846275
27540,pop_3,4.06138167337877,3.26689418879859,2.769737508266088,3.0455357035463195
27541,pop_3,2.6633935746640827,3.7922452733937497,3.1058176956120667,2.692767878952472
27542,pop_3,2.313726038678675,2.68890749761312,2.9477944888174985,3.2471886485768318
27543,pop_3,2.8580330549347837,2.601890482311566,3.0727592387148803,3.176398441650646
27544,pop_3,3.561802987104592,3.683545929161476,3.0681699396495117,2.361183970166345
27545,pop_3,3.2210653113399537,3.3819812306656174,1.7048653964238678,3.6030236700109133
27546,pop_3,2.7109814912709207,2.467916668250445,2.547368235984731,4.090903337492679
27547,pop_3,2.294788351106696,2.924991809167821,1.6379081674509406,3.1920650837034183
27548,pop_3,3.319794125308148,3.8506128593584084,2.485801169574381,3.7640337771283026
27549,pop_3,1.9168922636674863,2.341913309015341,2.2010431072242893,3.156215995289232
27550,pop_3,2.3703155481782057,2.732876044303427,2.5639710786810235,1.8472120356576096
27551,pop_3,2.9240100488588388,3.7972441284874536,2.0547980113453814,2.9088559021919407
27552,pop_3,1.9577742977822865,3.19021525971784,1.8289086169574573,4.428441143251213
27553,pop_3,2.9124739740072987,2.4433284347771744,3.1064416743308563,3.762633962374602
27554,pop_3,2.671455501207336,2.9961929696005476,2.706368984449835,4.042119187470158
27555,pop_3,2.1430322057490514,2.836994713747584,2.1794295093804967,3.4375592099196863
27556,pop_3,2.543015363732801,2.9994063019773978,2.223389714552098,3.5913701939348424
27557,pop_3,3.540945857703326,2.5390713715779456,3.2580942550495986,2.571655781818796
27558,pop_3,2.329464193549158,3.217748413522665,2.606743438751942,2.924339149959007
27559,pop_3,2.586047533018643,2.0420927784963356,2.678869008217497,3.351849310795039
27560,pop_3,1.882350713234979,3.011470534515611,1.7399933233383749,2.9302495487081766
27561,pop_3,2.5957681852392307,2.9223585043405693,2.3645167540642538,2.6232902026328175
27562,pop_3,3.1662227833096304,2.965410513471213,2.221459246351198,3.219837848058763
27563,pop_3,1.808919321720511,3.4521987603691926,2.7927909167184612,2.7892351299248457
27564,pop_3,3.7014057303619494,3.3518635490636406,2.1747393314488432,3.4961132469274756
27565,pop_3,2.4082255708262736,3.0570307258116927,3.1676389307814183,2.827658510515725
27566,pop_3,3.169945938648021,4.121287247674945,2.1829276724486872,3.440214808556766
27567,pop_3,3.41153732547678,3.6519002051280456,2.861170235257854,3.4881984384504783
27568,pop_3,3.443064807501224,3.3391138478015447,3.252287241424411,2.297824171142243
27569,pop_3,3.121665924103589,2.2832559828218644,3.1750365992988514,3.376481364572159
27570,pop_3,3.8839156284956364,3.21581558677657,2.0397938790797223,3.6493976576593385
27571,pop_3,2.8536417537210834,3.331277446545378,2.328747987774365,2.90826863728163
27572,pop_3,2.672598118298382,2.956125389734491,1.7470285340065868,4.092619202431267
27573,pop_3,2.9593531927912617,2.619038028913075,2.660474888789218,3.374814022365745
27574,pop_3,3.4557437747332633,2.9291792289822367,2.9278975926620268,2.382276236722324
27575,pop_3,2.8529938374059434,3.2891149018803674,2.9173685035058368,3.8308862311452607
27576,pop_3,1.8240335589072945,3.6166002489218796,2.6485480431221124,3.1840721781167813
27577,pop_3,2.0955790825035443,2.6069571452227067,2.485795903233116,2.916376244555425
27578,pop_3,2.828279172386539,3.1078605333608973,2.8791143759467515,3.2829557925036945
27579,pop_3,2.7276425442772445,2.2120219835264,1.879483852509034,3.068075712150542
27580,pop_3,2.367862017340191,3.3271584004103474,2.828315858115403,3.309875653349498
27581,pop_3,3.1440114553362823,3.204121579235551,1.9250893372945321,3.3305403162092424
27582,pop_3,2.446326241641616,3.1002763012816352,2.1572412221707573,2.718141100514934
27583,pop_3,2.217396758897146,2.5743941107252852,2.9999014237780677,2.9385232549636817
27584,pop_3,2.5940676535551885,2.6731112220528424,2.44082290477624,4.512236372206748
27585,pop_3,3.0585539685929066,3.3485002565666986,2.0216668408811893,3.4559362987383397
27586,pop_3,3.068295946403686,3.510753107937531,3.296790585408057,3.506331487796217
27587,pop_3,2.7300193851140375,3.6254274029955083,2.5943851420903257,3.3103430736010226
27588,pop_3,2.6260067773203186,2.602227754173907,2.7638267149467706,2.863321014712448
27589,pop_3,3.8516951482489636,3.092052517359538,2.183231964667831,3.4110365352109464
27590,pop_3,3.7750231787610904,2.441502047935002,2.9525271740600703,3.9256461983038458
27591,pop_3,2.8364921879280387,4.3830780691533855,1.9240796046256357,3.2902343263725995
27592,pop_3,2.847769602658274,3.223941748948476,2.2566221294789117,4.159481746366248
27593,pop_3,2.571284634687334,3.5156541076548833,1.9320459573959057,3.604240725080439
27594,pop_3,3.520048633508363,2.5876405369898774,1.9271360864740106,3.394457898735857
27595,pop_3,3.4503411753091164,2.4994533059564135,2.8245202571483414,3.251664511592498
27596,pop_3,2.3473422630831946,2.614794237817496,3.36472650359998,3.5579836515597627
27597,pop_3,2.1619527225680555,3.473253070538473,1.89879599486089,3.224661699328778
27598,pop_3,2.6987549784262286,3.264845037528205,2.295140102330266,3.1833037192634013
27599,pop_3,2.58610410600727,3.4008051322244697,2.6364151750461726,3.1945058871035084
27600,pop_3,2.513317169767585,3.146273145117355,1.7421841652328869,3.04488024114036
27601,pop_3,3.1289950975784153,2.7306504327398247,3.6111716659039037,3.1854285720704665
27602,pop_3,2.215878498779664,3.1198754502000203,3.4991658813170416,3.1319361050715044
27603,pop_3,3.5635192268190616,3.0554339414177774,2.0827519854508694,3.482036767947887
27604,pop_3,3.2278742085012624,3.5529569404748615,2.294846793720512,3.460864139661144
27605,pop_3,2.265551545878669,2.8846574354518664,2.4821365094968852,3.4272859710041343
27606,pop_3,3.280824132947609,3.3852749908165536,1.9791540006003356,3.5078963648854384
27607,pop_3,2.797562239830535,2.610426430530963,2.271879427370697,3.217673546869648
27608,pop_3,2.6949734752663903,3.6177257582518703,2.329727594317463,3.3836547207261143
27609,pop_3,3.000495038587711,2.941337128378538,2.6527138018142287,3.4956544971784482
27610,pop_3,3.1826307444170134,3.110894085383026,2.7868731132642193,3.1012027021832513
27611,pop_3,3.173526319503941,3.7055751589196797,3.2419667325146193,2.8660835303629053
27612,pop_3,2.5881346917056294,2.1129369972752907,2.4468206370599903,3.546651682141653
27613,pop_3,3.0398708993489776,3.6558380666228274,2.836560030762515,2.8733177936643837
27614,pop_3,3.782804600167471,2.654467838679266,2.1091126484608873,2.97784733025042
27615,pop_3,3.0997376856142558,3.449119669837812,1.9833657638429518,3.4032297467294383
27616,pop_3,2.148660856792649,3.2567532314999013,2.8446232111481486,3.372474114178221
27617,pop_3,3.1842794102641836,2.9280513302977935,2.7521126427313694,3.3686063433641866
27618,pop_3,2.8258451990041826,2.7680428710281113,2.8472373517646865,3.4050634792468633
27619,pop_3,3.414349367835136,3.3082048868078155,1.970091053826871,3.3490791753721534
27620,pop_3,2.9952786806139637,3.2942697044647744,2.9879983107231376,3.560662480360856
27621,pop_3,2.578393228816728,3.172790248232368,3.121147219588931,3.5027201878404357
27622,pop_3,3.0628897768495076,3.4039791279445026,2.6222663686431855,2.9352056128237156
27623,pop_3,1.6962282042886003,3.666530213894424,1.7731640945330236,3.55008580841094
27624,pop_3,2.3199298123614547,3.963826911883459,3.428133160342183,3.479721131087541
27625,pop_3,2.183835040589438,2.420371991023309,2.890404223314334,2.8397620523251397
27626,pop_3,2.7867830710522945,3.2199291673747736,3.2029875979099245,3.4024668531054396
27627,pop_3,2.90555036309898,2.608210113100529,3.32995375800901,2.7257391751154927
27628,pop_3,2.962185290282971,3.052329807269902,2.4462373564982434,4.014109911834078
27629,pop_3,2.945429406005095,3.4772699989291977,2.2894165340293644,2.517266214377612
27630,pop_3,2.8939838678615843,2.6746590019897387,2.6161904828822014,2.8540930332944914
27631,pop_3,2.2539649319290174,2.3848339899614213,3.2124701519095114,3.9887114915062685
27632,pop_3,2.0397977373095824,2.7590623344799687,2.228232850486635,3.372806726612423
27633,pop_3,3.576171628669622,2.834564986813552,2.844316683019305,2.8803689500589393
27634,pop_3,2.9016618370008227,3.8408256864948562,2.5391220972071675,2.806497103666322
27635,pop_3,3.3366990207777003,2.2847838149951665,2.305721130478002,3.801076017180428
27636,pop_3,2.231749147679703,3.862070065470879,2.8319796697129322,2.622095366464761
27637,pop_3,2.488737230731747,2.3960682826803823,3.1280020392030634,2.867545722566934
27638,pop_3,3.814741006049462,2.802100067013132,2.7865547389559935,3.132670551088999
27639,pop_3,2.4382440137047525,2.885172560638823,2.8737029357478203,2.817422835829697
27640,pop_3,3.973132700680667,2.7716295729932448,1.1862788653870788,3.666849355051428
27641,pop_3,2.9618792120780437,2.8020253227947207,2.3220102184380496,3.052038332688167
27642,pop_3,3.021486581997467,3.3557008166151494,2.4652215929320915,3.592777881665641
27643,pop_3,3.2043575084907556,3.5445412616541008,1.5434292628849398,3.4775734431217744
27644,pop_3,3.274305167550187,1.9792944074395442,2.0855043955233814,2.7919531971108924
27645,pop_3,3.0213798603396427,2.4442226422291737,2.425404854178827,2.389463531653552
27646,pop_3,2.7413141302233353,2.9266214714573837,2.0332732106231504,2.884252511054059
27647,pop_3,3.584024421982096,2.8837688888283313,1.636528321046776,2.7648358740425203
27648,pop_3,2.313169067947243,3.117438515345654,2.7456083749398483,3.460186880669538
27649,pop_3,3.39914329255246,3.0110168728842157,1.7631979623880372,3.5023588627422995
27650,pop_3,2.4759135479610106,3.7576190792054236,2.667201121788397,3.151286062122641
27651,pop_3,2.6670224879646796,3.20584690681764,3.5478017337500267,2.804453156457342
27652,pop_3,2.426589435166931,3.2152147528274684,2.470298922555172,2.811487105499492
27653,pop_3,2.1435269817193032,3.4560762430929968,2.588782821970316,3.2393983468176333
27654,pop_3,2.5929988137561706,2.383388492112019,3.139965877080756,3.042198030685564
27655,pop_3,2.6217625622668894,3.7006136805353855,3.0064240365817123,3.6471691313581194
27656,pop_3,3.4330473484360473,3.2493762747442614,2.2224508281057984,3.825585173574927
27657,pop_3,2.90375191764134,3.6822555732521196,2.6484850890260794,3.2773000934918874
27658,pop_3,3.4058874108869297,3.8373266000686215,2.946705817492136,3.343978909689964
27659,pop_3,3.7624786310974447,3.3133876740062376,3.3025617707931,3.6253203600231756
27660,pop_3,3.2989461613479127,3.340150059895125,2.890825739757438,3.011654316571489
27661,pop_3,1.1851521189152514,3.071526890973171,1.9292471154773727,2.380534459752562
27662,pop_3,3.165684469369485,2.8838558473244236,1.5708231443177663,2.0446372400979014
27663,pop_3,2.947770689485274,3.6447505816852837,2.0037644750217347,3.0653281421517633
27664,pop_3,3.6776601778311173,3.374634202679117,3.421742727422534,2.8758875464598246
27665,pop_3,2.9124313545134086,2.825934695969936,3.040098796811988,3.373395499685107
27666,pop_3,3.400801707324556,3.170180086477891,2.7699662768371165,4.097121412235927
27667,pop_3,2.229972770407867,3.543676907438523,2.495908823763228,3.2457928680490746
27668,pop_3,2.8880375261395455,3.1341125910895786,2.992192295273907,3.8268499590900635
27669,pop_3,3.653934178293475,3.739148595652054,2.694547865489549,3.0416868750390926
27670,pop_3,2.0347718875590477,3.270072438535348,2.577069903560467,3.5062463829910184
27671,pop_3,2.9818420799034766,3.4287176027699804,2.608150429898769,3.099249919673871
27672,pop_3,3.2358159909950843,2.5085234311732876,2.287009666858215,2.854940997834581
27673,pop_3,2.9039198364904077,2.671978124984051,2.6959886612321187,2.9739025086532997
27674,pop_3,2.9425490288030414,3.705608137068199,2.436903841335338,3.7032179554874367
27675,pop_3,3.3412125944678692,2.9391393048949994,2.8136961137131613,3.356937158340414
27676,pop_3,2.306960200539984,3.6609210923305584,3.322077924319956,4.242660539448131
27677,pop_3,1.7191868138538404,2.5347640966748566,3.5053550382530347,4.1354364259004
27678,pop_3,1.7306942139640247,2.814895857748936,2.1959195748627214,4.058569900979156
27679,pop_3,2.3862310194207867,2.783796928860329,2.2631110841990885,3.4057439850259916
27680,pop_3,2.3346841952185526,3.7077089180471408,2.468154573769871,3.385775015403313
27681,pop_3,2.50721521061655,3.258097017545706,1.9265579431250908,2.7163584866111865
27682,pop_3,3.214693359406878,2.4761413765040783,2.4789564295388073,4.117302900597767
27683,pop_3,3.311084799345881,3.3535748906205805,2.8647243059615337,3.4130361786355863
27684,pop_3,3.82727246926839,2.7046967502429995,1.8990672893760643,3.635165685821654
27685,pop_3,2.7469578372935723,3.0235878000182654,2.2322713052529775,3.542896265340422
27686,pop_3,2.1970983088438554,3.222043417679329,1.9482438332308933,3.5540710634121404
27687,pop_3,3.0213605519026,3.686555235274696,3.3603311731268675,3.148222138626852
27688,pop_3,3.847487886137475,3.988147316338729,2.171033109915707,3.2042986476202473
27689,pop_3,4.011691759434598,3.057489428957045,3.386337298894601,3.282263673155426
27690,pop_3,3.473779468923187,3.131479147922604,2.4889665754365025,3.523468971350204
27691,pop_3,3.026656493780708,3.8201730267591847,2.8068812224702415,3.2667201735899494
27692,pop_3,3.311253576147007,1.8767833829856233,2.8610976973343965,4.07951239694283
27693,pop_3,2.860759917563572,3.2314147918242075,2.764659692793958,3.5468421920500504
27694,pop_3,3.6499445991576813,1.9444113629454336,2.592480748250128,3.678656300818164
27695,pop_3,3.57024667760261,2.244551857850021,1.878780014795106,3.660943131554702
27696,pop_3,2.958760570996408,2.4928878464679394,2.931004887610464,3.2484053666672263
27697,pop_3,4.386887313232579,2.98301919966005,3.244323225559956,2.9657719747715934
27698,pop_3,2.7128935558098126,3.424873201747144,2.490909392634407,2.9910010981408464
27699,pop_3,2.757279021729362,2.1169208121043512,3.1711179764849624,3.416648510023284
27700,pop_3,3.5966165869645765,3.865619173480705,3.0229349088610356,3.309307261785352
27701,pop_3,2.711206409470578,2.8844512099977977,2.3343025130777586,2.3837468912756363
27702,pop_3,3.0280025668725696,2.588184742494324,3.019638107833816,3.6799730110962443
27703,pop_3,3.7541978928862103,3.837447963819618,3.1705575642116264,3.3235141147750578
27704,pop_3,3.2883117014350702,2.747613208028891,1.3326234767009104,3.1005369188022263
27705,pop_3,2.4605440352552983,2.9275203731902404,2.0946761997558294,3.453470960483033
27706,pop_3,3.081116967484287,2.9024672414246164,2.175173117426877,3.605761052255298
27707,pop_3,2.8490639192016345,3.2054767826033737,2.9413349646195486,3.2936953290936377
27708,pop_3,2.8567818156156877,3.577152714636107,2.510111960921901,3.0940804183693174
27709,pop_3,2.707217058110832,2.316960999518188,2.6465432665315403,3.4025990471313174
27710,pop_3,2.712095540973755,2.7374282971611787,2.5095532763504558,3.678293245443395
27711,pop_3,3.875370439054786,3.497226862331916,2.2510632029107636,4.398243893722888
27712,pop_3,3.3978551254770224,2.579550883687425,3.3525719904961804,3.4833422183840934
27713,pop_3,2.866161323789254,2.612347532512878,2.8469704507341542,3.8735469185291858
27714,pop_3,3.146147853541852,3.5072347258268444,1.644132580387709,3.5022722438579947
27715,pop_3,3.5160997072022036,3.0172575273268203,2.341460267830798,3.3704445243501304
27716,pop_3,2.6013886077996013,3.1922534537278904,2.098895579239189,3.458620268134165
27717,pop_3,4.4429548690929925,2.7767702383286776,2.537642125728927,3.4818230708881153
27718,pop_3,2.981436452223092,2.9238580375025425,2.516691416141951,4.333112392705861
27719,pop_3,2.7196303279632956,2.334654764566818,2.906614348716967,3.695757111308793
27720,pop_3,3.017840491073703,2.5272799522911638,2.659946959881215,2.5175475707394246
27721,pop_3,3.097459219644989,3.2304318812653565,2.84593207059844,3.6949652097747894
27722,pop_3,2.397350189098488,3.6865089486176648,2.434644050574007,3.713054521817239
27723,pop_3,2.7455381438878064,2.8074701934112802,2.2126361571775854,3.6587833852716773
27724,pop_3,3.177189535502494,2.880588075470242,2.8915671094553783,2.3178850767521944
27725,pop_3,3.1128541678428645,3.25184397860694,3.221104102464444,2.294627815999653
27726,pop_3,3.136443625943468,2.87298752784675,2.448879298257367,3.918059137308095
27727,pop_3,2.7218093547414113,3.160326692584288,2.2922462636711747,3.582583211652651
27728,pop_3,2.679443389478844,3.6757660559323253,3.1501100678170024,3.2847968491525017
27729,pop_3,3.2036943262692374,2.93799892296622,3.23675743347699,3.1397927432593242
27730,pop_3,3.006997609189111,2.80067360495449,2.929623737984449,2.7918049893663506
27731,pop_3,2.9731341291619606,2.9169149933577336,2.2129349787365773,4.190027602664413
27732,pop_3,3.239346900999052,2.4121106152274674,1.634412539803403,2.675929935879015
27733,pop_3,2.4634609987729346,2.4553607719926904,2.924756743081346,3.1349234131422827
27734,pop_3,3.2504987689492797,2.9759024673752044,1.1525040959964776,3.992199157919355
27735,pop_3,2.1151141099599986,3.75723517949636,3.1177065500708325,2.8193419368924335
27736,pop_3,3.009919261731716,2.8817927543863306,2.530538811864449,4.249654900638883
27737,pop_3,2.9472679147930743,2.533269301765529,3.0289593757703552,4.420026527366309
27738,pop_3,3.4186600981603785,3.1168202815768264,2.1654856878132565,2.827404923208949
27739,pop_3,3.213371034932274,3.103731773629314,2.362716284465786,4.6125041095955215
27740,pop_3,2.8817278267646054,2.8606886448035778,1.8522245119747196,3.462943848576569
27741,pop_3,2.838558708173055,2.6422537393141394,2.2455445893320056,3.587960367029369
27742,pop_3,1.8402617772497254,3.357155288411215,2.41935771425706,4.022162786060291
27743,pop_3,2.4557265174277103,3.3053772974123095,3.3016027204208322,3.087865336752092
27744,pop_3,3.1975705796617158,3.663429452592665,2.2466633348787273,2.2423922895423276
27745,pop_3,2.1380582074784913,3.3843893432556307,1.5682530072577796,3.6711567149593924
27746,pop_3,2.494228606136257,3.243047913826784,2.525701412581546,3.6857972876917335
27747,pop_3,3.0478430980193614,3.1711591398215484,2.7012807007922324,3.092810433800519
27748,pop_3,2.958106626706739,3.405965000275443,1.8283057598008252,3.3479859793850038
27749,pop_3,2.658925380695938,3.4644019492305658,2.4812389541061295,3.7432455471922648
27750,pop_3,3.6849391171426182,3.7514114500360733,3.163543172335511,3.9939194861056517
27751,pop_3,2.5000238898436375,3.3890447827706143,3.3332218847329216,3.352645035932193
27752,pop_3,3.5225473067951794,1.965056015516861,3.2801108513031894,3.253681943036165
27753,pop_3,3.0881661333478627,2.4599261761528393,2.056460299424063,4.123574617674176
27754,pop_3,3.4449827382798732,2.749879320197552,2.5380521752137883,3.2678831300086038
27755,pop_3,3.1001073656366165,3.0854723266331403,1.685706859842659,2.936970242712716
27756,pop_3,3.0908356146420455,2.0857872454408293,2.65151762687462,3.6798493534993435
27757,pop_3,3.0221055063473092,2.8808372086264877,3.352924736201974,3.690206048673546
27758,pop_3,2.7503573615135197,2.257081062498713,2.654700656375651,3.5903477783600692
27759,pop_3,3.1088938558690566,3.4700207534258696,2.6742775599937594,3.0983483772460136
27760,pop_3,2.3201084474026223,3.7839709972406825,2.3444957295952085,3.719522974556404
27761,pop_3,3.0733836847514677,2.9517226542019963,3.1164865928242227,3.9715322992573827
27762,pop_3,3.4912153445259113,3.2213651967402144,3.175236432233293,4.114965636543018
27763,pop_3,3.264856386389667,3.7267416556347563,2.8460341353994814,2.775557080358734
27764,pop_3,3.3348352720643843,2.224424243428969,2.337244550266468,3.172383058619872
27765,pop_3,2.947979627102934,2.5119528118648073,2.357584617708992,3.8495374613281843
27766,pop_3,3.3915454005387597,2.899010166753027,3.077339742685434,2.73371317381176
27767,pop_3,2.956194902094331,2.501471530300921,2.868882371833043,3.2781783219906404
27768,pop_3,2.9061361725484347,2.6406429049608917,2.2209578731066637,3.5006946810028854
27769,pop_3,2.2716572128652803,2.696023462161991,2.3763925002003927,3.5734217867370393
27770,pop_3,2.8446925801624565,2.8060552153244247,2.4737446449864837,3.682063367142809
27771,pop_3,3.093433521042268,3.0388373090143226,2.5421523672429545,3.333327855300187
27772,pop_3,3.501868394863059,2.6179306738548727,2.1456375225601194,2.965290364654664
27773,pop_3,3.6508300386547763,2.389389036396157,2.4030526300424437,3.489437000099395
27774,pop_3,3.1960178811939453,3.3502492781043443,2.2093482786580454,4.0409514393988815
27775,pop_3,3.3217501643852145,3.273509656821927,1.8079801861965525,2.5225579842646475
27776,pop_3,3.296161555205528,3.5581336506055576,2.668258549474812,3.7020898540374176
27777,pop_3,3.358226234296169,3.2734709917782103,3.280667792930468,3.328340680517237
27778,pop_3,3.0723012844683417,3.6534612315239814,1.9810081274942002,3.4139080383657476
27779,pop_3,2.3334035314832113,3.3556519106463982,2.1359875162847426,2.8005710733373914
27780,pop_3,2.474794327244344,3.036832204384516,2.6492167986530184,3.58924578367521
27781,pop_3,2.458214501183889,2.056230770205505,3.3120806340500497,2.6044031559461005
27782,pop_3,2.6472720582429394,3.4743804048907028,3.175860806565611,2.5595643660168514
27783,pop_3,3.563394576613336,2.4546434594719972,3.021650191809506,3.5376486557728066
27784,pop_3,1.9755331899352537,3.0813002917729806,1.9829198039188425,3.455854217530403
27785,pop_3,3.2110555814988353,2.431048218093081,2.863780548900733,4.291530213874066
27786,pop_3,2.617315941344538,2.9117461725168976,2.57530518909343,3.814299688152787
27787,pop_3,3.8962298610667254,3.4874364434122618,2.4644620238407624,3.302886302163818
27788,pop_3,2.978402722529391,2.5100503162487144,2.866353207114279,3.3898201895803557
27789,pop_3,2.5767993049186773,1.9845367941537004,2.2591190473442375,2.9901573378523603
27790,pop_3,2.1160841597862845,2.301120124929127,2.217546724709716,3.613343480001638
27791,pop_3,2.229563227886938,3.2796344821368306,2.92018949549873,3.1279590356620526
27792,pop_3,2.2319149050815876,2.7914957579187027,2.6824014836872316,3.3797536077660553
27793,pop_3,3.0546453889121254,3.8443555937313407,2.1791305398004583,3.0770918347931566
27794,pop_3,3.120504217620254,3.90310688191988,2.675836356576925,2.6940188621335617
27795,pop_3,2.43408832260114,3.0008767047563354,3.07065992725937,4.499076148508974
27796,pop_3,3.336507761140633,2.7593123125674848,1.9244505230613642,4.120114070585569
27797,pop_3,2.4584220770552396,2.852822464748389,2.7778456862910055,2.356615565324771
27798,pop_3,3.8962292563649568,2.434694117084122,2.4990231273643513,3.3107143077659495
27799,pop_3,2.696495510401692,2.5721121258741384,3.1026494280419907,2.4772668477363675
27800,pop_3,1.7170090401560734,3.021176860803736,2.481412204067594,3.8624032532929125
27801,pop_3,2.978706038590624,2.9386916700291845,3.1232662412556884,3.8624173762812277
27802,pop_3,2.799718537469126,3.401900292033883,1.8051059184331355,3.219824434593972
27803,pop_3,2.3847724432585986,2.9543180299823795,2.873628408132009,3.0746897537072835
27804,pop_3,2.473083612935218,2.89450567028441,2.8667315946433476,3.3184501752308577
27805,pop_3,2.4144450365843233,3.4973370411942524,2.974231720739406,3.605320431517111
27806,pop_3,2.9096620380704676,3.2658179477792535,2.8105410483679116,2.9281427417879367
27807,pop_3,3.0842037765867323,3.288028700476427,2.843663483601647,3.6651387777740676
27808,pop_3,2.6199984884212517,3.161503713461582,3.216860696879354,3.9849041264568834
27809,pop_3,2.7435592968376956,2.5059579733169746,3.0121467405881295,3.3209426985693193
27810,pop_3,2.442660650545111,2.793392658207695,2.37728663673863,4.223373781954666
27811,pop_3,2.7390273547697697,2.9658335220741354,3.0416431348954154,3.7212414099691067
27812,pop_3,2.762292988712772,2.6406800894162408,2.9172324898077013,2.791210398537919
27813,pop_3,3.277440226101713,2.5897166439508608,2.1913360161723405,3.7988342068462972
27814,pop_3,3.179486107793764,3.860779943550848,2.6146553662836776,2.854867144015131
27815,pop_3,2.465922243293895,2.6426828259816855,1.7749028226383663,3.4267641747334485
27816,pop_3,3.662996140290505,2.7288228557077367,2.9746593429451154,3.694578963525785
27817,pop_3,2.4610582584671556,2.772015759399596,2.9338603494688216,3.755480755782666
27818,pop_3,3.1591750881526854,3.1881163267145984,2.9216847367829653,3.7626312427930655
27819,pop_3,3.385366661427699,2.402375689638191,2.275427280380421,2.8228942580271768
27820,pop_3,1.8334463328996153,3.840431687554344,2.6846368341876454,2.1980669264115793
27821,pop_3,3.257002110984928,3.347265115792334,2.16783926276261,3.3752011871679604
27822,pop_3,2.416290803664908,4.025125056037995,1.895193362107567,2.6027128089165155
27823,pop_3,1.891745649143627,2.517408319600587,2.156665535994147,3.2183803529955495
27824,pop_3,2.5473582819802023,3.5754471523768574,2.211834646350736,2.4908695477378826
27825,pop_3,1.970513496698512,3.64644699969332,2.7383239152339716,3.7180965684397997
27826,pop_3,3.190682613167258,2.7178204633506056,2.244323853466818,3.0567323913864883
27827,pop_3,2.8887995792907804,3.069215799146655,2.096571069917926,3.178729811169273
27828,pop_3,3.3306510671682448,3.125063819099011,2.9947139152399465,3.6572459343012973
27829,pop_3,2.6140562724871943,3.697330068243291,2.3349040394415352,3.0632315703260726
27830,pop_3,2.512000393025376,2.9335469873814866,3.378113681703576,2.768544210587026
27831,pop_3,2.033208956794963,4.032789774890219,1.7895336606373706,3.6541659544717606
27832,pop_3,3.022440619799027,2.640879416519267,1.7888681224782434,2.6966782148586543
27833,pop_3,3.008601631926697,2.8126970752192886,2.3522478587074005,3.2183519495659927
27834,pop_3,3.332510137585655,2.682880938604395,2.704300881898919,3.930870872101266
27835,pop_3,3.380447384957302,2.868506690368376,2.5049211073700537,4.667653891844931
27836,pop_3,2.1319269876919344,3.246206924259147,2.3134187726599533,3.2930061646973963
27837,pop_3,3.4561194957085726,3.1570874391161454,2.1322339019026963,3.3868213437242116
27838,pop_3,2.8012803656918894,4.449158676321179,2.698283078159995,3.0572993907256207
27839,pop_3,2.8557758402084654,1.7012109360326875,2.1919192839558272,2.61407928746728
27840,pop_3,3.40179915154134,2.143979793264376,2.019277852230682,3.37697143394482
27841,pop_3,2.7864209573024215,2.6544827484538835,3.0956493345632303,3.306209853492277
27842,pop_3,2.770964814789849,2.856652002569464,1.3308972131391072,3.113692677332114
27843,pop_3,2.921489668379738,2.6227525148121886,3.403734190822033,3.243953089533029
27844,pop_3,2.7487616839392586,3.3394723903105707,1.8321554686520851,3.5821293490059167
27845,pop_3,3.2799452507483124,2.970517264363192,2.478035887580147,4.163762632096761
27846,pop_3,2.675801061099246,3.5074814331942274,2.714736629907646,3.924325629253559
27847,pop_3,2.7491245422678032,3.1254334495312954,2.751882620164786,4.3661403300931445
27848,pop_3,1.8221879071645837,2.923077027441175,3.0426017784911146,3.2864411738969572
27849,pop_3,3.2193580664029073,1.9118464800613821,2.748369987006171,2.593840427934316
27850,pop_3,3.1204313730315802,2.447686332676355,2.708304425903482,3.410113251807783
27851,pop_3,2.9213653270063524,2.61395319845366,2.7202846413084867,4.433727131460001
27852,pop_3,3.4748189904410984,2.4661552243691824,3.1076489845580912,4.734875395568256
27853,pop_3,2.607390013372663,2.5284580985195615,2.093754772520735,3.2995156456623493
27854,pop_3,2.6956667716083142,3.1164272663016668,2.599192486262406,2.510151898390583
27855,pop_3,1.571811707622899,2.5251412988527835,3.07868274699866,3.491814890512509
27856,pop_3,3.1031780493887573,2.775569566821115,2.819170466724939,3.2486563166570663
27857,pop_3,3.874309605236985,2.671579472688512,3.317493721360397,2.7747379537560835
27858,pop_3,2.8400185098856294,2.2352464954590983,3.2939228808881875,3.927167022594338
27859,pop_3,3.0324688569019935,3.193843337434132,2.6627034073919607,2.894007155359053
27860,pop_3,2.3643324592251678,3.4458505924468597,2.000134178243921,3.3247413229125278
27861,pop_3,3.120114712590344,2.5706180015921536,2.7333523024193487,3.013508573789791
27862,pop_3,2.6715584515271815,3.1644896934135476,2.9440757364820644,3.325196198097972
27863,pop_3,3.6273764272057316,3.3395602040779417,2.0860498233966878,3.628166539791165
27864,pop_3,3.033386252924999,3.5645399341658535,2.4123828095600772,2.223627020757205
27865,pop_3,2.8756598695049824,4.040379898903687,2.233349550821754,3.6906264834112292
27866,pop_3,2.5212061468092672,3.4612433917381047,1.3544984461565734,3.2434766055799558
27867,pop_3,3.2837854477842097,1.9202904738290285,2.6859867656048024,2.9147486331671177
27868,pop_3,2.257897012334321,2.94886228585094,2.6381581282341258,2.8665190794424262
27869,pop_3,3.3743889452199656,3.2598416994725854,2.3360775159224083,3.5991659211951452
27870,pop_3,3.6077924739041864,3.4269880263727837,2.7064806745384127,3.693210848776837
27871,pop_3,2.1925110697332153,2.6620190624156663,2.6332885883688633,3.3584997320996735
27872,pop_3,2.874352878800953,2.927391068806994,2.5721049203191293,2.8507972652792866
27873,pop_3,2.749527104192711,3.0681134037833497,2.3887504876704155,2.974398391059843
27874,pop_3,2.6783947608213263,2.8617653271496515,2.670158582797829,3.628578173195851
27875,pop_3,2.9682708256728887,2.741206996996543,4.209757693173673,3.383350307608727
27876,pop_3,2.618173927470194,3.2832445103424823,2.6256022646783768,3.3731737188401105
27877,pop_3,3.472881453033212,2.6625720545318305,2.9793027484172274,3.815253460511308
27878,pop_3,3.1490149423160174,3.300572515585375,2.8463039152688765,3.7352314715102466
27879,pop_3,2.737407925059249,2.879904561435326,1.7917997843273383,2.5857083332931565
27880,pop_3,2.406994192019229,2.0603821954072186,1.7358455474680023,3.508625779712208
27881,pop_3,3.2505205002572657,2.9701262474543597,1.9624572173150878,3.4329147784004532
27882,pop_3,4.00127038125436,2.6816532500104047,2.7273667197194396,3.4236097237337164
27883,pop_3,2.90110756893186,2.982136694099744,1.8683269414392565,3.1111417186354133
27884,pop_3,3.1638493706877697,3.2450608927399505,2.070948567052203,3.88869325294052
27885,pop_3,3.5856817547975997,2.6880143927850564,2.4204015464227187,3.493551839128096
27886,pop_3,3.1269899932777814,3.988502483727342,2.8006114946947283,3.4064445296324415
27887,pop_3,2.415735183941872,2.6289853799210374,2.559985796521365,3.5866542977833515
27888,pop_3,2.406673181102847,3.2612005484322104,2.3336876137033853,2.915310982920071
27889,pop_3,3.2605962258183627,2.5168408425265563,2.051233606474596,3.164657506744652
27890,pop_3,2.5239617970942487,3.168207216368611,2.4088243951317003,2.8669799201663904
27891,pop_3,3.0998857944554357,2.9137795012214243,2.1165289582731583,3.1243874773578844
27892,pop_3,3.492659290886284,2.8330946304316758,3.555590201087303,2.466595225596813
27893,pop_3,2.7202784385564174,2.5103840977761305,3.027558424877035,3.855666108543157
27894,pop_3,3.0009033930593523,3.8245063200123353,2.4376674505216074,3.4849760881839202
27895,pop_3,3.08649710863207,3.1841227568671218,2.83802410657895,3.8220597340953306
27896,pop_3,3.121738898224339,3.079135039156721,2.914814832035484,3.0868550556799397
27897,pop_3,2.934320901103564,4.35174799828095,2.1244237799401695,3.3419377815460405
27898,pop_3,2.7625936918673095,3.192643816770706,2.5343355182973295,2.9318506172259773
27899,pop_3,1.7383063974907018,3.0553560669665307,1.6463509420326101,2.6702658261837398
27900,pop_3,2.1118960331918033,2.924437020859117,3.563958698424379,3.4593452113620318
27901,pop_3,3.3874275439828296,3.3622162083861755,2.8872596290961323,3.515477893278362
27902,pop_3,2.5309753869589735,3.1663493821542095,2.053895505991461,2.3576081556415334
27903,pop_3,3.579022533114557,3.014440687718331,2.39923337133719,3.86851311814491
27904,pop_3,2.391599269146885,3.106368812019906,2.8858927315732985,3.4016686285793583
27905,pop_3,3.2539842867939237,3.457436209429472,3.2745726534719424,3.08844899177668
27906,pop_3,3.2180491913665277,3.1567055626556675,2.8203360832731748,3.976046883733905
27907,pop_3,2.7248286766955223,2.4178356502697156,2.2840648163868926,3.4351874831029376
27908,pop_3,3.23615899638692,3.43759957759554,3.5365213962670037,2.7366547261032133
27909,pop_3,2.9459521340085164,3.259703620439868,2.6484526003334405,3.249627190381602
27910,pop_3,2.5369499756254292,2.766080099925386,2.974801385080642,3.537945648894365
27911,pop_3,2.8031905029715016,3.216741302554249,2.201286369863563,3.8192724123223196
27912,pop_3,2.5413163638968186,3.3302290974689592,3.4958126167451242,3.2956848881136303
27913,pop_3,2.7564038316629884,2.481669935972517,2.4401651951256955,3.241350899891215
27914,pop_3,3.2383350972845206,3.3851969261623114,2.60478579063159,2.378947730491025
27915,pop_3,2.505135868963494,2.755461696388186,2.617788043497951,2.9799845071690356
27916,pop_3,3.3979173062615544,2.4401397073611797,3.1125722756200798,3.273670814150294
27917,pop_3,3.7212846518238982,2.597841425461186,2.912119421573524,3.1693959657854065
27918,pop_3,2.470837848069132,2.4654759941631577,3.799465098378084,3.2127467812687547
27919,pop_3,2.926604508900317,2.6727820014194767,3.06175465463533,3.8309479525896153
27920,pop_3,3.48243216291377,2.7321357236700683,2.5787596231183882,3.0684628736557764
27921,pop_3,3.86907979101072,1.8171536252969045,2.502724884417219,3.9785933077067996
27922,pop_3,2.144269773707767,3.41100800560061,2.6503431665126977,2.619448240599395
27923,pop_3,3.2122571229421055,3.4757555458089096,2.6156792640780218,2.74787160513222
27924,pop_3,2.8999857365795885,3.33901662297479,3.287992612882891,2.813987233217978
27925,pop_3,2.854757294332046,3.5307918906913747,2.154122498456651,3.718287403577849
27926,pop_3,2.3852754143340404,2.184835897157935,3.246565995085835,3.2229855270389973
27927,pop_3,2.958161379006275,3.1059458896733427,1.9550740670156816,2.846202021722489
27928,pop_3,3.266377980880602,2.8647422522133725,2.6587312382835373,2.817236591439314
27929,pop_3,2.7196597662721325,2.739108625489366,1.4970004521546174,3.229712013962694
27930,pop_3,3.0162650987074326,2.7710918685219426,2.6538438955606214,3.0704747882338417
27931,pop_3,2.444742503607753,3.134364510459353,2.930556652754441,3.176845850665935
27932,pop_3,3.547899361203904,3.5091629669385123,2.2342327818785144,3.2609435384101526
27933,pop_3,2.5505620285621387,3.7693218775375796,3.226225214475857,3.7990599865023436
27934,pop_3,2.378685220407809,3.1191014148331684,2.9545836988345364,4.535434317302516
27935,pop_3,3.532866619950938,2.997280637216078,1.92071546391921,3.8113651981726155
27936,pop_3,2.927000504308596,3.5832116014591064,3.3303839174330347,2.843123944139427
27937,pop_3,3.9747386479252755,2.7791147144381703,2.5728848229894243,2.169030617380865
27938,pop_3,2.2907105903601703,3.125052810509677,3.214908502321486,3.123533505091204
27939,pop_3,2.91056651037115,3.3406983332734117,3.4024959553435243,3.4133095482819513
27940,pop_3,2.913705866902496,2.345776366354738,2.5333572497506047,3.4475512399986235
27941,pop_3,2.4874915549623227,2.646973239712464,2.9542413909018537,3.7040780739691206
27942,pop_3,2.920480458146309,3.022424864155755,1.9660428260536555,3.033739894992784
27943,pop_3,2.3309210717015616,3.87784531746179,3.178590714340015,2.9811018831630287
27944,pop_3,2.8098433420995956,2.7171163896129578,2.0855699867293365,3.0584867968629816
27945,pop_3,2.7840597525271273,2.1961570485253654,2.5464686409400223,2.571321567649992
27946,pop_3,4.098404363998016,2.902432294479352,2.1058393411486067,2.861744190462394
27947,pop_3,2.4271507945680586,2.430049398137975,2.3795452187279675,3.5260341921240825
27948,pop_3,3.233016247945619,2.8016104806940856,2.7578494138106975,4.142393622583878
27949,pop_3,3.3508858959815297,3.6002381356941884,1.622335800999015,3.976115081335381
27950,pop_3,2.7426123661955746,3.310199147080089,2.755327746513144,3.363503758259496
27951,pop_3,2.4259939442377774,3.5403083575648484,2.3734547367738013,2.536221191084973
27952,pop_3,3.3307977244860116,2.8048870753106976,3.25567597616741,2.8175050793929834
27953,pop_3,1.8496572527145605,3.2176937700999657,2.0972852490438325,3.9407520065930304
27954,pop_3,2.1974144289439956,3.174972690594822,2.6720831417334314,3.2501932052955396
27955,pop_3,2.8977037004138126,2.283229701401747,2.9647649014581097,3.236160416374574
27956,pop_3,3.2633667937451025,2.7562400525309614,3.316123728613162,3.271990858728885
27957,pop_3,2.296955654117392,3.871591862382026,2.4648645180742452,2.2793882487201502
27958,pop_3,3.487317193747399,2.136119955300422,1.6547518427500458,3.7558494691812654
27959,pop_3,3.098145246823915,2.7653379561407534,1.846705208519823,3.694440288875521
27960,pop_3,2.2722981390235524,2.7938935351503886,3.0747039107878607,2.653739424778066
27961,pop_3,2.9765420804676905,3.2212481779866753,3.353316068801168,2.915742257244957
27962,pop_3,3.118354836521097,2.7029563527961002,2.715094214255226,2.634273322700956
27963,pop_3,2.9994302221840234,2.6791094254761774,2.9510064181361706,3.642187780129098
27964,pop_3,2.610040313195051,3.6766093011333987,2.2853578962058165,3.060756983498676
27965,pop_3,3.0403992617067224,3.261051849875748,2.2201320359863317,3.9341380444549214
27966,pop_3,2.4735550536033606,2.7716727505597154,1.7880926389778882,3.3379102938406895
27967,pop_3,2.0985931208510067,3.054946208788624,2.706929881096222,3.4967096854044812
27968,pop_3,2.9077952441984443,2.9256084393495927,2.3935012685545787,3.2074853943862047
27969,pop_3,2.1708404395810637,3.3563927445020743,2.3114929409530744,3.1746994463474896
27970,pop_3,2.7558768917524,3.2508015305836087,2.474632460871191,3.6544945039529577
27971,pop_3,2.3660094356766144,3.3173913130804866,2.5169838934745585,4.0244766136445165
27972,pop_3,2.8147874965201773,2.93663987843613,2.644847409519837,3.415391804053713
27973,pop_3,3.2386371069718405,3.0603403357260053,2.4036672263001315,3.648829255752007
27974,pop_3,2.6711587709530042,3.1859158413373407,2.7192905123322166,3.4727108024375806
27975,pop_3,3.0586320047140814,2.8206272569563318,2.4290373444805553,2.5942400634102656
27976,pop_3,2.721291806096283,2.0467193573565283,3.8484996100677034,3.3323738264355214
27977,pop_3,2.3870217269991096,2.9985389088311196,3.0562749471283706,3.3397751383182435
27978,pop_3,2.792362451006471,3.0268859252796316,2.070982008162077,3.6932955142469304
27979,pop_3,2.130239664137691,2.840790774993283,2.262609108547475,2.8141281644702603
27980,pop_3,3.063841223316074,2.8842211948583514,2.4417507848073945,2.253495639330084
27981,pop_3,2.451859595422131,2.482099998947598,1.5858870060481831,3.5216136358726153
27982,pop_3,3.297810255625462,3.080238130971415,2.22979191336242,3.3384551304770596
27983,pop_3,2.6041205466391033,2.4558053081519926,2.5539608407688537,3.16553201033963
27984,pop_3,2.7071943738308217,2.8596131474804056,2.9749705938298883,3.326747173619354
27985,pop_3,2.59877009357791,3.855528381634474,2.8033069216325828,2.2880941526185246
27986,pop_3,2.5800246039925225,3.542028455214653,2.222784295801982,3.5151976679500754
27987,pop_3,2.7902328194122683,2.799992371049426,1.0838862589749456,3.412069520992932
27988,pop_3,3.0056285042287043,2.8379277666184586,2.8853775689395196,2.8443808118806526
27989,pop_3,3.5490700466770444,3.563889351787622,2.8900351632375507,3.6449852061488803
27990,pop_3,2.6996578934030815,3.558005820553854,2.5651896926699687,2.3342893144530703
27991,pop_3,1.971242110340702,2.8406256850862612,2.0462100418946987,3.0743401089867244
27992,pop_3,2.571509595332911,2.787763909779829,2.6416232377482007,3.415956815614061
27993,pop_3,2.9942871063207033,2.97969584093724,2.5089120220732926,2.606982807235525
27994,pop_3,2.5273920701893076,3.344511810177206,2.6724164137078397,2.85260870442397
27995,pop_3,2.3626817517268446,3.177774168563155,3.388102352732367,2.647308631171295
27996,pop_3,3.3154310841720522,3.112844454943155,2.438342433593256,3.8383326995773976
27997,pop_3,2.390127131831549,2.6334227672468034,2.732955453418404,3.6544584857434543
27998,pop_3,2.9619673375147704,3.3803081053215775,2.0624679213858474,2.2084271908175
27999,pop_3,2.5337184585959385,2.1952907911359,2.8002904918913387,4.4184369560476355
36000,pop_4,3.0509592626977557,2.2319920235105006,2.2097045949410195,2.7329760357419732
36001,pop_4,3.325372772696411,2.4705966051700843,3.459957987583836,2.5959143467079446
36002,pop_4,3.4319048806862504,2.5433678189049496,2.6086786563546287,2.7471989755029727
36003,pop_4,2.6830185898754406,2.2851916037819926,3.119097035574674,1.8138595071001542
36004,pop_4,3.15667725943934,2.230650723097968,1.973078107454433,2.2097212999744773
36005,pop_4,2.817501110891858,2.9896584431429685,2.1842586844333605,1.7385898225109808
36006,pop_4,2.567099034872509,2.5805347802093683,3.08544301462781,2.39418178177858
36007,pop_4,2.3243831790070875,3.1650581213984457,2.7410825827040557,2.530172130707398
36008,pop_4,1.6575644587740268,1.8774785712430386,3.5570869520996813,2.1898542722145997
36009,pop_4,2.342958954006117,3.3615752493493702,2.5467776435390572,3.362067456473769
36010,pop_4,2.738996282375056,3.117333211289841,3.0344240486231966,1.8484979955817065
36011,pop_4,2.9283978742883328,2.219282420050529,2.7254502290032416,3.108182988278084
36012,pop_4,2.73930385814745,2.762294886716689,3.00230786606897,1.6269942808591304
36013,pop_4,3.1183987607832777,1.6468610722434345,3.372259307082301,2.2188174261584903
36014,pop_4,4.071339208608959,2.411417241881384,3.2332773409097944,2.109384170255132
36015,pop_4,3.328362253789719,1.8977559805031954,3.257288481903593,2.974751996108003
36016,pop_4,2.3423056473575716,2.579294423361913,3.463543778083043,2.156525437158888
36017,pop_4,2.9126328603627853,2.3489733941456126,2.7683707658233687,2.3854727906741147
36018,pop_4,2.834251309667249,2.621924070400908,2.985102066822971,3.092222224531943
36019,pop_4,2.658831015842465,2.8293438831155013,3.9551733726804184,2.3462799302107373
36020,pop_4,2.813717372384753,1.9690785946573803,2.402888383490721,2.311423002940274
36021,pop_4,2.241383275503107,3.139832730401289,3.4682021136498387,3.0856961306189863
36022,pop_4,2.3200836344015827,2.6571833051569693,2.6331311905955452,2.020466803617602
36023,pop_4,3.839629397442539,2.991510648881726,3.329463969875979,2.220128778697924
36024,pop_4,2.707662241832881,3.341453271761994,3.237721564783517,3.2115726279173455
36025,pop_4,3.1429102579651897,2.2825433932029346,2.976828477829784,3.2168054306531264
36026,pop_4,3.0345674619296132,2.759537626397008,3.5212884052661826,1.950170749289891
36027,pop_4,1.4563799335194096,3.1000157056463973,2.4000719657970233,2.1562965021263687
36028,pop_4,2.596853121406667,2.6406213861204497,4.062168246540014,1.7397542790370852
36029,pop_4,2.434387570767636,2.839728060030107,3.757953261510283,2.5062142022496965
36030,pop_4,3.0254469929508847,1.9601234870818698,2.248325291789798,2.990348307086428
36031,pop_4,3.8550932642285414,2.7958193822782316,2.6898570462448146,2.8458390859421083
36032,pop_4,2.8343886071624227,3.664897975425709,3.3291872019829336,2.402364660020377
36033,pop_4,3.1940442630747685,2.455248094088583,2.3943950236347993,2.805246320969646
36034,pop_4,3.166805390097177,3.012377377776485,2.818415115278814,2.1409357843924726
36035,pop_4,3.246415087543387,2.5875634598704447,3.081875154274622,2.715206144564323
36036,pop_4,3.2541339727137437,2.3307380307770798,3.1168192534721126,2.6682341610238147
36037,pop_4,3.572700758690275,2.6936266624666096,2.729838548605759,2.4610214202781813
36038,pop_4,2.7860729587627335,3.1315489861371963,3.532729918256213,3.0744601771076416
36039,pop_4,2.021514137735915,3.364544043962032,3.2648371175714543,1.568347679903976
36040,pop_4,2.9613805669535376,2.485277795168031,3.232737023854327,1.742228337966496
36041,pop_4,3.3962793677494756,2.1834699293274022,2.7256140807034974,2.5419628956518765
36042,pop_4,3.1334039993105205,2.7354269937205307,2.3337663427410993,3.4966091302117412
36043,pop_4,3.7739978012472033,2.6075225179392176,3.3568704551516095,3.0176849572929147
36044,pop_4,3.2713780391604144,2.9424741463258433,3.263008504648324,2.565089174100531
36045,pop_4,1.8986997698590156,2.5687747706532056,3.0677418560814855,2.3794596020061394
36046,pop_4,2.452967721713927,4.244102914022242,3.097079541935911,2.357637018750381
36047,pop_4,2.6168643534340212,3.213185679372294,2.822443247822706,2.1685996992460344
36048,pop_4,2.9848310799492017,2.9591506692741385,3.3271001525218176,2.1499431592674743
36049,pop_4,2.6904750962954815,2.803152077362444,2.0896256067442414,2.6960011253256817
36050,pop_4,2.880605960519524,3.3030615600497706,3.140861792705369,2.6452388516698178
36051,pop_4,2.163293517650506,2.8866031807797197,2.7316841759621164,1.8676471272447221
36052,pop_4,3.3910919176059786,2.5645700909528664,3.3868798316271294,2.446551203676859
36053,pop_4,2.442077467100611,2.371763803703688,3.4344630237956704,2.3830617970876764
36054,pop_4,2.8560784253239495,2.6692576277806173,3.519572863174317,3.088939869827166
36055,pop_4,3.1731421358204726,2.0122403877298822,2.256151695102668,2.686425239979886
36056,pop_4,2.4867098207408898,1.716051840289463,2.796842761081611,2.9962210583810425
36057,pop_4,2.376261780255752,2.116071501967713,3.0532176188350664,2.0329414099624383
36058,pop_4,3.4223242293187965,2.741888176482467,3.1922269689409615,1.5502567273973924
36059,pop_4,3.327739288611234,2.61075381238493,2.285379463548503,3.5852990054165055
36060,pop_4,3.3225610515590995,3.3523007905525546,1.8923240659516714,2.111648033963746
36061,pop_4,2.622289049615277,2.8221074099718964,2.6917031135015077,2.0703970345413416
36062,pop_4,4.023064250276624,3.6664702823413933,3.215468722299177,2.2880886315403877
36063,pop_4,3.3696900678382367,3.6498977478257917,3.3128104867933,2.1405291639557875
36064,pop_4,2.5981502610378033,2.7297666497897177,3.47758931676926,2.768170041394046
36065,pop_4,3.1830792705969704,2.8707534051350336,3.831541406517999,2.555578566340779
36066,pop_4,3.0266827719348472,2.9411870364496924,4.027285959768301,1.9240514472102301
36067,pop_4,3.6793416751302632,2.804599815836897,2.5997678745134927,2.290002975011295
36068,pop_4,2.7696226826116073,1.6668038618325187,2.7988055088519874,2.854553084547166
36069,pop_4,3.5197935165236744,1.8365969284819676,3.1498193353200126,2.5360868347075787
36070,pop_4,2.2824002930940432,2.567710243697105,2.9409515724902815,2.30685746324907
36071,pop_4,3.472105870441901,2.6327525748017884,3.099272750781945,3.014352200553004
36072,pop_4,3.547485054973626,2.9348075075933355,2.4982659509575122,3.569378779590213
36073,pop_4,2.770245367245816,3.5749175948826797,3.796848538491048,2.4872579906516354
36074,pop_4,2.2983924749939217,3.0454677131570955,3.0226465789992956,2.322270561338348
36075,pop_4,2.337219965133776,2.7897020071814373,3.109106984976792,1.8960365369995422
36076,pop_4,3.639366565199993,2.5895149557227866,2.4947869191146212,2.7316188629113647
36077,pop_4,3.3394343465209726,2.8763408852829775,3.5058661024162974,1.8712967502734208
36078,pop_4,2.5414283615844946,2.9134791835086142,3.4782756869300693,2.210817714171222
36079,pop_4,3.2474739504339802,2.4308006484546976,3.922739505001123,2.407482725522004
36080,pop_4,4.03028800814313,2.9494829185584543,3.0076063938065327,2.0807094970924824
36081,pop_4,3.4893144686038795,2.6343327412595525,2.7555186486232106,2.5924830580719544
36082,pop_4,3.3920632909066915,2.19353506191069,2.8064059417027187,1.93281164409948
36083,pop_4,2.913438349371264,2.7357199122396314,2.9386303283662065,1.9029783290225624
36084,pop_4,2.0094880620487263,3.192830180147255,3.0961729277338086,2.215431874127606
36085,pop_4,2.849107658290164,2.3566623875425647,4.075606115582219,2.1010642471311636
36086,pop_4,3.8720658104220718,2.965324640308157,4.083210783229035,2.034177472008989
36087,pop_4,3.4535649773599633,2.5934719434138143,2.6422942737105064,2.3515392132723267
36088,pop_4,2.434051577043962,2.6510487055160126,3.597867979415604,1.8728777326107824
36089,pop_4,2.7199484695532297,2.6384567924760867,2.9897686082216737,1.9430087786471995
36090,pop_4,3.3274990194139455,2.054980045310093,3.9239500085380548,1.7346734310493057
36091,pop_4,3.509776112309032,2.0356456306258286,3.573574423150497,3.113915614490132
36092,pop_4,2.987857632405032,2.5704373083668743,2.684755472789579,1.9753785722987633
36093,pop_4,3.0995660397724727,2.313381451880518,3.93218288382484,3.3183578638244233
36094,pop_4,3.3436700615923978,2.8079936417967097,4.266385392152306,2.23980222818744
36095,pop_4,2.7566946328972297,2.9656033462848415,2.8563502594907204,2.1451381978458075
36096,pop_4,2.901033054419532,3.1489719032377717,2.6224589924862496,3.1085921257389235
36097,pop_4,2.4629484812448355,3.317912888573036,3.613881107674147,1.5641879117252309
36098,pop_4,3.355792780588641,2.386635186531025,1.9369464441010176,3.2736994886809017
36099,pop_4,2.443139210147952,3.349591225660153,2.8357894340780527,2.483302108242576
36100,pop_4,3.017154256178395,2.840055009750808,3.082901549928531,1.9779827926094866
36101,pop_4,2.932953207389108,1.9229572411079676,3.7860609984572413,1.7532574999143744
36102,pop_4,3.790979960230501,2.5592319026544943,2.595064458063584,1.480748205062463
36103,pop_4,3.3793500350685495,1.9773899770031256,2.802516968770991,3.089946069647037
36104,pop_4,2.503093065166725,2.603464911653801,3.1505758301180142,2.5798990290521693
36105,pop_4,2.1645470957272748,3.2809302479049944,2.7361694046307665,2.208293897188499
36106,pop_4,3.0665010133724957,3.1722680891794317,3.168140538401017,2.1595163730178766
36107,pop_4,3.401166174845782,3.4020468724643758,2.9716097524437233,1.7213367867862477
36108,pop_4,2.5986959950762945,2.824097058782501,2.652547282281301,3.1626168054831814
36109,pop_4,3.1239894612795003,3.506556287019735,3.7769540305343074,2.058063800082407
36110,pop_4,2.738978437419113,2.0672340191230885,3.155840688763451,2.4312236598252746
36111,pop_4,3.188768978252554,2.9106691376072535,2.6542884949363668,1.706796245145608
36112,pop_4,3.480156796602275,3.8814970687973016,3.758804151443714,3.317803790818883
36113,pop_4,2.602665596374778,2.591764281136226,4.102504403598102,2.6634155805380297
36114,pop_4,2.797972373039599,2.491117545784272,3.249998698946691,2.9927045235440257
36115,pop_4,3.5388820373799685,2.6378865759688686,2.8709466219510738,3.2163976173949727
36116,pop_4,2.424203662667624,3.5186477655111608,2.7100633877153744,2.2423482527176106
36117,pop_4,3.0399407464461388,2.9824779307702816,3.8101696889168712,2.536501394505071
36118,pop_4,2.3563372578748103,2.4191094865518483,3.2864645936630303,1.9706262139356547
36119,pop_4,3.5143124372439614,2.685944442508001,3.2479640366453504,2.0854072271093997
36120,pop_4,2.449714182165475,2.9008277319715075,3.718556435609513,2.098194698765493
36121,pop_4,3.235543323908005,2.354428925461158,3.3834731195585914,3.2149764610344898
36122,pop_4,2.5222484305540522,1.9553079368096435,2.4119799030718934,2.945736405334218
36123,pop_4,2.755005109544588,3.8548930787689306,3.008621351984099,2.2837565238443576
36124,pop_4,2.8592598821311643,3.4166185521774466,2.9782981559027397,2.9089047540218798
36125,pop_4,1.985768893615903,2.7935598490430804,3.569975486568412,2.3577164525592345
36126,pop_4,2.5752865288289195,3.0120279674249937,3.208631351212768,2.2584651771524933
36127,pop_4,2.8691746783006655,2.87300624327054,2.656529025008584,3.3517736868627948
36128,pop_4,3.1201919882189157,2.378937430523359,3.042897160629782,2.543116483546677
36129,pop_4,3.208042489414386,2.3798115136500337,3.4082353175076814,2.851819440752818
36130,pop_4,1.9713100276459028,2.714295825259118,3.513079177047884,2.7712050487510407
36131,pop_4,3.6198839610697857,2.321562207725297,2.737468950103112,2.634499578354842
36132,pop_4,3.2380439918986124,2.8154962302232707,2.7725577794244556,2.0183946962553474
36133,pop_4,2.859703516437022,3.5431987895938515,2.980833899388092,2.707747209231546
36134,pop_4,2.3607035115356805,2.6884564503422053,3.6913343646005283,2.482681621845814
36135,pop_4,3.3126794686693137,3.08635330838708,3.496647271285675,2.923607044658648
36136,pop_4,2.9963085769548257,2.560277548451391,2.6899766700292425,2.482382827856599
36137,pop_4,2.897995659244765,1.4927074302210952,2.697931556686725,2.1280388208404144
36138,pop_4,3.8322232557331657,3.0796200451892526,2.763481055412387,2.2507720892993213
36139,pop_4,2.751734827742064,2.6101141523829057,3.0820303543206378,2.4420595178521203
36140,pop_4,3.5214047978979757,2.1930886047627642,3.0943319050177265,2.7889882280821086
36141,pop_4,2.575937655206841,2.8940252597311664,3.469833680881804,2.234039387062277
36142,pop_4,2.0049306748687794,2.513928987284132,2.5050771828839,3.277504875123357
36143,pop_4,2.7990824141149724,2.3991577995464266,2.984919816064776,2.4756316892987655
36144,pop_4,4.097314028192349,2.519744204318492,3.400734784219686,2.6383991061951177
36145,pop_4,3.406101770369133,2.7828292195388693,2.587760005016188,2.889051460416818
36146,pop_4,3.0259374669148005,2.0569477852845965,4.172989691215141,2.8992355417959295
36147,pop_4,2.521432555658683,3.3920419956892136,2.837641360642283,2.8989312295354575
36148,pop_4,2.3523109340317268,2.925622964172757,3.2809797197458894,2.530547442405401
36149,pop_4,2.2315083249129906,2.815946121611335,3.2972299040855253,3.1729788908526517
36150,pop_4,2.7295870213112883,3.699330099925084,3.5229565032281944,2.03113833055712
36151,pop_4,3.212083191150456,2.9943282936193145,3.364425584958562,2.6922436354908403
36152,pop_4,2.7561172843685884,2.735868781193362,2.6432144048737114,2.9534220676213785
36153,pop_4,3.5700987626393546,2.9018848958983057,3.682929261490844,2.9120217784649562
36154,pop_4,3.0837941802679523,2.3936778794335507,3.4045099069841394,2.800792714616402
36155,pop_4,3.0512895134458637,2.2633505393150624,2.9614434696696423,2.801586706870251
36156,pop_4,3.2292900111889202,3.038759320173089,3.3749493307280956,3.368477276076748
36157,pop_4,3.29295852345654,2.765556687905403,1.8556099190097626,2.5763636527964495
36158,pop_4,2.8048539613203403,2.320358420016929,3.782095849273062,2.6041074762368592
36159,pop_4,2.17475051057011,3.1908459120656847,2.5579614700793893,3.3448671062325595
36160,pop_4,2.3867139190028532,3.189121652731641,3.8017499464693594,1.1150652332177502
36161,pop_4,3.8223042262007723,2.6956369104909395,3.475167408259708,2.5592152516876254
36162,pop_4,3.178954002014153,2.441086988445348,2.5791665627767104,2.8600049210121066
36163,pop_4,2.7140891902049513,2.165932266565104,2.7730799151666052,2.445298076178716
36164,pop_4,3.469166631136805,2.3315831386433903,2.8653775371186825,0.9081610557610915
36165,pop_4,3.3117364490685497,2.3682891680751683,3.6728767212229894,3.74355285963915
36166,pop_4,2.0954840723264097,2.4713518872140283,2.8989180276981807,2.5523309764503743
36167,pop_4,3.035912873095423,3.0332915534877816,2.7126010613181286,2.299450105701209
36168,pop_4,3.570626822671935,1.5163575972402785,3.4603983101589217,1.0434817189673777
36169,pop_4,2.7439674406307795,2.1050439826181124,3.0668001816184445,2.1724904179951268
36170,pop_4,3.183111615208112,1.4744821741429972,3.02017712247714,1.967379376558719
36171,pop_4,2.7646890891131477,2.5152426151723746,3.1556950864141524,2.4213304475572333
36172,pop_4,2.873639654222626,2.2330913374094017,3.242723984738398,2.553589655377197
36173,pop_4,3.48999292455103,2.8340006856053455,3.3016380757008985,3.2889941079149203
36174,pop_4,2.9919333274171547,2.656716119767107,3.204763389288305,2.0298658702105494
36175,pop_4,3.512653209408297,2.7020885138083517,3.2368372060173054,3.506582429736142
36176,pop_4,2.855439613301618,2.996062167549582,3.001245826094137,2.3057181626886654
36177,pop_4,3.2340466413547473,3.16696704394338,3.271082970487835,2.931694578314596
36178,pop_4,3.3190671345393423,3.273990888762219,2.8559617606787246,2.250331961718352
36179,pop_4,2.7659953596789655,3.645980243612759,2.6517551423461483,3.0318283640551016
36180,pop_4,3.4859983351732677,2.42130583041621,2.8980309129537583,3.231185615933149
36181,pop_4,2.42972725534563,3.0203673512258846,3.6055668873518796,2.1580137532506107
36182,pop_4,3.9116611237552465,2.844071417789892,3.6117292718129415,2.856697614137034
36183,pop_4,3.05816184492452,2.9732974091955047,4.034003446901552,2.0920876934471764
36184,pop_4,3.0480732197587916,3.259511299116486,3.2336718262366735,2.2819988044472255
36185,pop_4,2.6425209069118685,2.932577295683905,2.6609693300356563,1.9870375419503945
36186,pop_4,2.986534531770307,2.2052860211103424,3.800068336470044,2.5350499306822667
36187,pop_4,3.4264868784342175,2.699110035791303,2.460535399439732,2.4312868064297053
36188,pop_4,2.3684277834580336,3.1280888466818446,3.0646752583068224,2.02549991653374
36189,pop_4,2.1722161731385934,3.1784474949441286,3.4947860069758043,2.4413256300050885
36190,pop_4,3.299217587728574,3.154227876405661,2.7618708844384736,2.5463111483847385
36191,pop_4,3.749912601114552,3.056861435587366,3.268650696827212,1.9809924576599682
36192,pop_4,3.2731478141886545,3.495810118572419,3.039690455515414,2.3538950394511615
36193,pop_4,3.297782554535532,2.6599503547302352,2.7327031179154955,2.5245680714694894
36194,pop_4,3.829842066505278,2.6171785575315023,3.0277160539354337,2.005129846284216
36195,pop_4,2.9397207721503227,3.158886619481014,3.0611741456647636,2.8913448078867767
36196,pop_4,2.482832240379178,3.4221901721269345,3.8664247867464123,2.723351569050233
36197,pop_4,2.6023111815990636,3.253075915495426,3.600752537565262,2.4697589304921856
36198,pop_4,3.8554306699783445,2.8324762566068067,2.6284631314690676,3.371617093486047
36199,pop_4,3.5158962709882493,3.0571356937254963,3.158719575210662,2.6420131821288355
36200,pop_4,2.87767732108333,3.0802139202466527,2.877444639281036,3.0608452451266235
36201,pop_4,3.158984574408121,2.730823660852579,2.9619763277559272,2.6394153721092737
36202,pop_4,3.35908876981381,2.2843429645060533,3.4900063894420366,2.8171838257176818
36203,pop_4,2.7558685169224995,3.348002471077084,2.579635786555788,2.3931536698082447
36204,pop_4,2.8117230620194595,2.288880043197569,4.3013494198571465,1.9005578530322806
36205,pop_4,2.8868050051236054,2.9292226367353345,3.3362214312847747,2.5803770060598783
36206,pop_4,3.97013571438142,2.866117834476735,3.1609805394641053,1.7796045938871223
36207,pop_4,3.6891436501018005,3.1219056594386423,2.821456329229836,2.2660130299377754
36208,pop_4,2.7927804236339213,2.505960402729022,4.191290487440584,2.1421337158827636
36209,pop_4,3.697625393581539,2.123065620429738,2.961857354132452,2.2268346927926683
36210,pop_4,3.066005795930929,1.9293187630754343,2.900289109894096,1.6724959634850838
36211,pop_4,3.3989808768471086,2.9848072145200586,2.246531500658202,1.6903823918402647
36212,pop_4,2.6100251814975075,2.215947424955326,2.9026179793034568,2.630601251704073
36213,pop_4,2.91301960288194,3.680464181914289,2.859466371686902,2.4670348825964434
36214,pop_4,3.003686709250158,2.803769451052228,3.684096023039104,3.5655777264027435
36215,pop_4,3.149763369694674,2.453530247969044,2.9882274457402582,2.2109545350064566
36216,pop_4,2.64427682739551,2.620664415692338,2.923604509767948,2.0901144361645567
36217,pop_4,3.200824756447255,2.2958501542130927,3.291392847567487,1.9838696510850897
36218,pop_4,2.9270886527921034,2.6537229148657557,1.9536581405649316,1.8034728151270172
36219,pop_4,2.7174077452643273,2.8021141702081613,2.447967285319649,2.748890359235636
36220,pop_4,2.7786081641578524,2.5256876709380256,2.5845295877132943,1.9908696295853427
36221,pop_4,3.138062101520256,3.497750977133767,2.699750404454369,2.540949206405969
36222,pop_4,2.2531904574153203,2.9165694969124427,2.639865082200763,2.707527401741339
36223,pop_4,2.7990718718268734,3.3721609573387674,3.6768474527451236,2.4770509288153
36224,pop_4,3.2674025436364578,2.962264914876334,3.028445965181281,2.617047778999521
36225,pop_4,4.564076637886738,2.9084065606347758,3.9433054848124733,2.1062557482813977
36226,pop_4,2.5226566757734683,2.690970491140151,2.9049792751317707,2.8134555178363483
36227,pop_4,2.059571912742003,3.606034310542406,4.497286023015919,3.420708216421446
36228,pop_4,3.2714217111080015,2.134126737352878,3.884882540017156,2.025445643935116
36229,pop_4,4.235115447066599,2.067762188082566,3.0961968311796895,2.644128389121472
36230,pop_4,2.5520624608293314,2.9421713192509493,2.347519917011895,2.174872175048979
36231,pop_4,3.1398056138319212,2.9820612343296777,3.400065915376497,2.665676734443116
36232,pop_4,3.338692943140772,2.30629801166435,2.8575090147551627,2.1684751442204475
36233,pop_4,3.4213869537086037,2.8557519046057154,2.915511068082463,2.8207548545649823
36234,pop_4,2.349634564246872,2.066202887269085,4.15375578142017,2.1257231429236216
36235,pop_4,3.548899290271153,2.1980948150365145,3.881836745942407,0.5869514446379727
36236,pop_4,2.4532428054596815,2.767163304958168,2.7271089596762095,2.5359083798043227
36237,pop_4,2.7077867608617985,2.4995353301110903,3.6121511748499984,1.8946195930046001
36238,pop_4,3.067257438169586,3.1608608449166447,3.217161893852682,2.5873625091695946
36239,pop_4,3.278586818065758,2.3294635400969006,2.751958075717777,2.7497096879967784
36240,pop_4,3.3367790786696276,2.3059590693862106,3.708395838042045,2.400376869106716
36241,pop_4,2.9312375726972384,3.3849552399519136,3.7046776368149303,2.0408489774016703
36242,pop_4,2.6876912669427337,2.1216283327094922,3.3133607315770632,2.4594007903493926
36243,pop_4,3.5683685485449326,2.7800394874268752,2.9344678830519584,2.4117546546877806
36244,pop_4,3.2890534307531736,2.7559622120299463,2.586731952068962,2.3626157997817403
36245,pop_4,3.171037071761223,2.8811481123118443,4.087662869680209,3.0411598710517365
36246,pop_4,2.5632519944694865,3.5022912661158943,2.8257656285557453,2.4641905357809053
36247,pop_4,3.1361331835138664,2.3429078691589598,3.073601119265717,3.336347600060998
36248,pop_4,2.3297720107729605,3.104863448916638,2.951163835086577,1.940300018754816
36249,pop_4,2.9525631408224142,2.6207734989260594,3.3147376587825903,2.7228558880792453
36250,pop_4,3.003581712502647,3.0703957417347976,2.5873773259702997,3.3658150855621463
36251,pop_4,2.835022352802912,2.2505143057894923,2.7171022785412853,2.86536218340898
36252,pop_4,2.6295733545973574,4.282109019630439,2.948582637954667,2.025126400977271
36253,pop_4,3.237152897912086,2.7611617696183046,3.5751814581971453,2.4816790799361557
36254,pop_4,3.777035784130867,2.3230730720148447,2.094038904110247,3.078534714648537
36255,pop_4,2.0928669673016564,3.3686340486005597,3.66038429275066,2.9611957181801953
36256,pop_4,2.6518928798482078,2.794996695118189,3.791602105684577,2.048881992802754
36257,pop_4,2.6677701988517444,2.762188554996423,3.6386706980954657,2.775917356645656
36258,pop_4,3.299477973106801,2.1219358691656547,2.469889090835119,2.116335886030899
36259,pop_4,2.0616083878256175,2.8540081451883106,3.372869530027378,3.201129734922827
36260,pop_4,2.5577045142780817,2.7570607444692743,2.43706241941082,2.484305977345673
36261,pop_4,2.7169368911450835,2.4442448326939306,2.92208564346915,2.362292766895876
36262,pop_4,2.609769570209476,3.3528723182576816,3.5757691666447244,2.251204849790627
36263,pop_4,2.2129253722692925,2.5444013842268496,2.7388317689705,3.317765983117881
36264,pop_4,2.5438646788266377,2.6347942580242183,2.338072611555206,2.6202903150788726
36265,pop_4,2.6795765926593234,2.4735925389775266,3.51701611857715,2.211316841711789
36266,pop_4,3.0057714413755487,1.9738922607770795,3.678063011440737,2.7213568151494085
36267,pop_4,3.278938176083497,2.5250277098631098,2.5517539749619904,2.073553132309138
36268,pop_4,2.9243966413674496,2.7918818584106613,3.797667008158572,2.4164043931090924
36269,pop_4,3.409717129822104,2.1022847390697326,3.1623088709552376,2.7243711292378245
36270,pop_4,2.806621567330369,2.247143099042355,3.6815842608520084,1.9530094321146603
36271,pop_4,2.9504939570316555,2.7585165892745387,3.1377894960787973,2.624029062168926
36272,pop_4,3.98088848014939,2.584944021940782,3.4478672180425876,3.17089216411435
36273,pop_4,2.3596274319806705,2.561367267785143,3.1311517635576194,2.1381244770985957
36274,pop_4,2.3326828983399683,3.475123517851145,2.959143627069099,2.667545285224262
36275,pop_4,2.4217857814066885,3.0390700915500157,3.23962087551531,2.4538339169199443
36276,pop_4,3.1245574093439368,2.189743229097151,3.494047208316437,2.349339846511599
36277,pop_4,3.082566399662997,3.0646253937576695,3.2965529136221736,2.5558204849651927
36278,pop_4,1.7804509931884414,2.1696278389814534,2.660458063436019,1.1396619201347031
36279,pop_4,3.743207409326441,2.453712924945094,3.339820396710538,2.9655304245526626
36280,pop_4,3.186526230033975,2.7358959295931604,3.9816423054735317,1.8424730842052748
36281,pop_4,4.077498238775089,2.4592539071822115,2.9186937753170668,2.870808907839799
36282,pop_4,2.290963000873771,2.9896530033183737,2.4350553022144346,2.9047150303139984
36283,pop_4,2.6213494901647705,2.1776243920909337,2.488548667790929,2.044307094211177
36284,pop_4,3.3638340886687703,3.095853233367067,3.1189143040193983,2.409562770855275
36285,pop_4,3.5190181201668205,2.630743093307703,3.345194805647932,2.7860717990515953
36286,pop_4,3.607313693141894,2.7958488244435915,3.6469069200843527,2.1984357419355818
36287,pop_4,2.808913789744018,2.742602692171932,3.59506505154027,3.1019019392176945
36288,pop_4,3.291267503591138,2.549265413508532,3.1599917278182583,2.2210342045538596
36289,pop_4,2.822168845606842,2.8210883930199806,3.9011978163172683,1.8180628154263816
36290,pop_4,2.6417666112334754,2.178710122103886,3.057453431260728,3.0239383050798923
36291,pop_4,3.0053972025544313,3.5111147090973933,3.8308076833961366,2.8406133091807373
36292,pop_4,3.5014562717800737,2.9811851370583273,2.5145377524891828,2.4538756295828823
36293,pop_4,2.5030445848091567,2.181880262896343,3.30457575073647,2.3478840563191214
36294,pop_4,3.349140024138096,2.9576600767725,2.2741059306035716,3.195464067933599
36295,pop_4,3.1806642133570175,3.1039626717329267,3.2663064307625547,2.7011750511023873
36296,pop_4,3.309775744254538,3.0248738155753374,2.631302184274287,2.1582429103073837
36297,pop_4,2.844539427476482,3.1685275235569295,3.2204080476842805,3.3260397340758696
36298,pop_4,3.3018160838050536,2.3343581609472364,3.589809320549877,2.208747953665818
36299,pop_4,2.8010971034064474,2.8405909989461695,3.827123940153053,2.168127983055426
36300,pop_4,3.646230822252189,3.84021153242498,2.86364499910312,2.7037610289882847
36301,pop_4,2.6990357220151413,3.116683789678768,3.394477306600371,1.9959563836755334
36302,pop_4,2.7362292802978585,2.401030409968575,3.6941574972073026,2.125810173882252
36303,pop_4,3.0824626969867914,2.466449877969605,3.5939209996090655,3.1171207194012367
36304,pop_4,3.3450225603196926,2.3409817447595516,2.5566919263541665,3.0001142544117725
36305,pop_4,3.735077267490671,2.2446782472244817,3.0185516530758214,2.2341225909483815
36306,pop_4,3.8975936055859117,2.7185250531820815,2.9892633331283824,2.871957257049364
36307,pop_4,3.5058677106556466,2.5998594111618516,3.323947480203824,2.5181556495871877
36308,pop_4,3.2549660246051015,3.1308770516652054,3.3792800221285457,3.038915746460423
36309,pop_4,2.6191225728623877,3.4124504502336457,2.9392040647768294,3.396506280742506
36310,pop_4,3.0669985440882837,2.6781910768638926,3.0368271870643784,2.5483121032623197
36311,pop_4,1.5787892507455568,2.557023179679329,3.3058082001078146,2.9494617979774413
36312,pop_4,2.709596866411851,2.181541776090562,3.37472274673037,2.812481505686692
36313,pop_4,2.9821970451567408,2.3137139370906286,2.811285881439638,2.4143064945221044
36314,pop_4,2.512884556900132,2.538711332463982,2.8949131518108557,3.2154819227870206
36315,pop_4,2.9898882683805152,3.197805355378073,2.8596275334582546,2.6528874369341113
36316,pop_4,2.8555135378087355,3.244509127133955,3.213400101170181,2.730698720827407
36317,pop_4,3.6707269126204363,2.4406236620552804,2.1379399340890806,1.3920843425711118
36318,pop_4,3.100283685428158,2.661959100153182,2.335724047777288,2.111073745376337
36319,pop_4,4.2898633513164235,3.3130053903945615,3.0115550759269367,3.0499470689647
36320,pop_4,2.2163022877448055,2.0701792367995058,2.5226775960671297,2.6565542458428695
36321,pop_4,3.0268502844923835,3.0566868477858953,2.1630007248717016,2.1093070489170658
36322,pop_4,3.2466869282407957,3.635780947133404,2.265433242328818,2.7817666622808295
36323,pop_4,4.0841613525498595,2.732129714617622,3.7167940018710257,2.4948290935629713
36324,pop_4,2.8656097872874957,2.6059963773776977,3.3171787339339565,2.2330457656570637
36325,pop_4,2.4606660395716924,2.6163771710179047,2.78003975090701,2.401507395618867
36326,pop_4,2.559612619937016,2.188268175173356,3.3815293358224827,1.605273044854247
36327,pop_4,2.453797641059838,2.1769719445393907,4.406886837471701,3.1507589448528437
36328,pop_4,3.7622144861088995,3.7883770866093274,3.9169104829391976,3.0924334735627
36329,pop_4,2.3810596621195694,2.709146595395479,3.8405454958017744,2.796384818721943
36330,pop_4,3.1294519583651472,3.0443325433834483,3.825004979214108,2.9421364281044613
36331,pop_4,2.051495415461235,3.1022483153071887,3.374152514751315,2.561285066999539
36332,pop_4,3.2383807902082906,2.2259035155938043,3.3626916989403055,2.9002796336120196
36333,pop_4,2.9735628280194315,2.099828190570094,3.5542127657210094,1.7566234755405836
36334,pop_4,2.5876140335847366,2.893407832935644,3.073958516451479,2.6392255858098763
36335,pop_4,2.5322458308452513,2.4387117380180876,2.7456645676476232,2.395837885377179
36336,pop_4,3.39382864034514,2.03139073724236,3.4669588594260143,2.055447020065065
36337,pop_4,3.1556676313554655,2.8955077781999683,3.3274792829547146,2.360579160431051
36338,pop_4,2.9061527531331994,3.056928264258414,2.299984401791435,2.9731821841089547
36339,pop_4,2.818071642984311,3.2781270786984833,3.809897065240775,2.157589200113088
36340,pop_4,3.4490209629473285,1.9190352067954195,3.543892113603614,3.1842540522688685
36341,pop_4,2.369223340550604,2.439757070414482,3.2216272978389164,2.026907159382104
36342,pop_4,3.202497051091179,3.0480651147217412,3.7851869120476223,2.186157077139514
36343,pop_4,3.401445357105755,3.307306201816141,3.3504528001659217,2.44748889411958
36344,pop_4,2.2528202297836284,2.3272000489677356,3.277968578547343,2.4413342523844146
36345,pop_4,2.777282756146311,4.311895005172868,3.6580895714847204,1.6109739392008535
36346,pop_4,3.2186776675054434,2.87571476676315,3.2076477040088744,3.0357736370076367
36347,pop_4,3.562128168272312,2.2489848390358205,2.6240835728445724,2.0900003538961247
36348,pop_4,1.9551647617040329,3.7227977710687137,2.962383778316172,3.3360273794721453
36349,pop_4,2.5111974340167724,2.6367761492929747,2.7371398911113545,1.950313104910848
36350,pop_4,2.562359818345297,2.449092816080659,2.8754720195804673,1.9069395071437771
36351,pop_4,3.0448567290530035,2.42876803833774,3.1610589762012804,2.87937244074364
36352,pop_4,3.130047389205952,2.292389370122479,3.1032266776660187,2.733921657848239
36353,pop_4,1.8526966984644382,2.6621982517306635,4.18725800546893,3.266134751735933
36354,pop_4,3.145617851551203,2.9725590987871815,3.120402060315587,3.018395243768367
36355,pop_4,3.89785626670034,3.308658925659742,2.8753528820398695,3.3084142027940096
36356,pop_4,3.1069338777525566,2.9535913816410466,2.3563184186862434,2.5125311525369662
36357,pop_4,2.4268609592842836,3.461078867521656,2.857274739905005,2.5441791816521837
36358,pop_4,2.5824897173803674,3.514265419822916,3.6590022955414,2.0784693007202306
36359,pop_4,3.5388813789954523,3.1963047059851695,2.4907730441072884,2.700916282984571
36360,pop_4,1.6122806757819914,2.4519334838626228,2.713483652439507,2.8223424681540807
36361,pop_4,3.270373418435937,2.2498807698707637,2.337029850653617,2.590423800911239
36362,pop_4,2.4749525152842393,2.3644416055960176,2.4669690631847594,2.4434818499370463
36363,pop_4,3.139730198355368,2.222567828489849,3.3200491074469407,1.9909171980106812
36364,pop_4,2.9985845212827944,2.726403638892409,2.932311570941105,2.759390078549829
36365,pop_4,2.9545493725179988,3.3278577728280254,2.2913493636747337,2.5208912849869316
36366,pop_4,2.77975459892793,3.1059477783464877,3.0323190149722223,2.2533956777853623
36367,pop_4,3.848388552840534,2.59598297849057,3.4916038530611955,2.5889153569170045
36368,pop_4,3.9912723981836185,2.5222178228672467,3.36447801249264,2.3819301940997564
36369,pop_4,2.3825882393030016,2.7301225291206586,2.7952044845722126,2.352519075484172
36370,pop_4,3.902692864901791,1.9057285980811585,2.338387527139166,1.1661520918513848
36371,pop_4,2.169947479806119,3.7531825992604535,3.2053733050101867,1.9057928103420698
36372,pop_4,3.4553254616195264,1.7878933262841552,3.452299298918537,2.9590462879302732
36373,pop_4,3.036787721468903,3.358202415316085,2.7618871864736962,2.5515554819440833
36374,pop_4,3.023545174429896,2.0399991921579974,4.088338880676288,2.7881586777300393
36375,pop_4,2.8497055072410316,2.780705932776981,3.268963907942798,3.1042570889608565
36376,pop_4,2.534971783869597,3.2804974185691576,2.805564116904997,2.3876441819448524
36377,pop_4,2.543052104971413,2.273950808485402,2.245911157272341,2.393597409202962
36378,pop_4,3.3413606238285776,3.6869502398287093,2.6646569298522995,3.120536883010183
36379,pop_4,3.637787260236682,2.738545150689657,4.78537470107175,2.0664374424214604
36380,pop_4,3.2460406894983618,2.3831420322179593,4.030506207864587,1.7818021363016379
36381,pop_4,3.312699555082606,3.310380440184437,3.3806211289311525,2.3088860242163753
36382,pop_4,4.540679565834042,3.0520753930853424,3.077856366246159,2.1893439696089696
36383,pop_4,2.8623709917521256,2.7539113428972635,2.8686162634717163,2.3444312225766533
36384,pop_4,3.2076395463917,2.913125486314475,3.222452255829289,2.8848736519544724
36385,pop_4,2.7189079249694386,2.933377584577329,3.4876598091296485,2.4243203950140217
36386,pop_4,3.2306249123852178,2.427647497735997,3.023358893238277,3.068324561587544
36387,pop_4,3.4344093848483035,2.116899946632248,2.059047684410885,2.4592925085435375
36388,pop_4,3.206504396223105,3.2534834720359878,3.4203017410683962,2.6153709340635487
36389,pop_4,2.0353179498069762,2.4321505641513346,3.0641439330875464,2.0478886588473073
36390,pop_4,2.8005641763845497,1.8762108236183193,3.855219464024475,2.5523507750085628
36391,pop_4,2.1922003359165196,2.9305762359011096,2.888720093609514,2.1076334008605744
36392,pop_4,3.0230812571972376,2.8321554275359557,4.454068302722984,1.6696908794406886
36393,pop_4,2.95478085606269,2.6282788851327705,2.7955616418371423,2.3866230571228706
36394,pop_4,2.8388717626510385,1.5758449954223364,2.851402978809965,1.5633312221961637
36395,pop_4,3.228150881996966,2.7813674015038243,2.9025539427280638,2.7626308770286587
36396,pop_4,3.3982764880929146,3.1919590218696845,2.896325735913725,2.8967447889910996
36397,pop_4,3.8319644719459647,3.2157523350690824,2.7423967795252726,2.5256289165431296
36398,pop_4,2.5451926029196863,3.476650564456571,3.5010016014867094,1.9471652779917874
36399,pop_4,2.823230971032154,2.974274181292311,3.1934894891891945,2.609742661977564
36400,pop_4,3.2925210481038922,2.0537310442701906,2.4185200234551827,2.783404633836136
36401,pop_4,2.4968381577170056,2.087252167599549,3.0084694301397668,2.7731903024487967
36402,pop_4,2.6864142169652614,2.5121998332636633,3.6473241400066216,2.237681110745568
36403,pop_4,3.1879917815994756,2.363061812885996,3.076597588705141,2.178888577732551
36404,pop_4,2.4185554201368022,3.242486775917798,2.7367286503497925,2.4766400060884095
36405,pop_4,2.6778613763424772,2.5115489587827673,3.030719071617556,1.840270212954937
36406,pop_4,3.2486489159490035,3.2408598400694375,3.6931562357856818,2.507182638604158
36407,pop_4,3.40914642183251,2.54061005039468,3.1809651838379907,3.1763531088381503
36408,pop_4,3.204806759513427,3.33746852159972,2.9745620621594915,2.62996298879585
36409,pop_4,2.8656678628468937,3.0775458901785986,2.61483019957251,1.7538915143956935
36410,pop_4,2.9127831287780213,3.296343932823435,3.3230424547930353,2.055090225742105
36411,pop_4,2.768568825736349,2.499415659540569,3.5275908963975167,2.543487292068501
36412,pop_4,2.943621054965655,3.126701964628858,3.5282440966928896,3.088431382124095
36413,pop_4,2.6607873898652152,3.013286475584726,2.637634715216301,2.6062835621663987
36414,pop_4,3.3217286417727787,1.959335007483229,4.363995044109546,2.842873255296608
36415,pop_4,3.6390368092691485,2.333193661567485,3.8165363028047254,2.4285776959872587
36416,pop_4,2.5626781250290938,2.6785968690763133,3.2488271252596226,3.214465618545253
36417,pop_4,3.3752324054971674,2.5274111531783094,2.897590419992141,2.9029927676165004
36418,pop_4,2.647483458915774,2.622314529237824,4.594464195209907,2.563828444865994
36419,pop_4,2.3246478980067065,3.059713495387527,2.4852853865286146,2.0792221961948956
36420,pop_4,3.238577055950901,2.6006265356261533,3.222200809809607,3.1369460164020677
36421,pop_4,3.0937109299844305,2.9039633043764304,4.075647774108448,2.3383201623927583
36422,pop_4,1.838464294772472,2.7108432697346005,3.179951488055625,1.8692233991448886
36423,pop_4,3.9343688221374222,2.9611348995158906,2.701655474948956,2.0188312366378707
36424,pop_4,3.3334122875246885,2.4698081232891886,3.684561630329095,2.8764013255178558
36425,pop_4,1.8823873555893147,2.445583750768767,3.2272245100864354,1.354349711140386
36426,pop_4,3.384045448690913,2.4230429091248857,3.853689707770367,2.402002183509895
36427,pop_4,2.5221406311549495,2.070294560260012,3.6755013294242316,2.932804312353383
36428,pop_4,3.0377138934170382,1.8211980452598762,2.3351838790493424,2.388491195473544
36429,pop_4,2.6817159594673794,2.4464943171653997,3.6664685451789683,2.5912103390612597
36430,pop_4,3.9174923540067645,3.3976341109918105,3.0448701152626865,2.954018410622939
36431,pop_4,2.804465364892463,2.8399392494266995,3.145218836419252,2.552116521700763
36432,pop_4,3.090334641680637,2.4615274138274827,3.8428882952811856,2.6635905211427784
36433,pop_4,2.871464257145925,2.029304285194806,3.0067075918373667,2.4628436626685923
36434,pop_4,2.5092884802491437,1.825836947156511,3.302014413702165,1.9814421926115717
36435,pop_4,2.7101279868139025,2.541264310686042,3.190371209126187,2.686582550964915
36436,pop_4,2.978045440994793,3.184439072547333,3.0361917984142295,1.8608834314854983
36437,pop_4,3.574624761477165,3.5424069103965334,3.5385729712802187,2.5488067899527986
36438,pop_4,2.933485294356507,2.5585110522702994,2.5097494892658525,2.914085394169135
36439,pop_4,2.8020482585790663,2.630316224632996,3.379719130840368,2.3869829744139412
36440,pop_4,2.717278196405857,2.0893389454860265,3.3201808275403057,2.36863101252861
36441,pop_4,3.5750800625270513,3.498405457065769,3.244324819868079,2.2826018510949955
36442,pop_4,2.8692918015782363,2.736915548839047,4.139975523077436,2.6431562134596933
36443,pop_4,3.5982451637159443,3.1876416524060027,2.3474349404475587,2.886203124993166
36444,pop_4,1.8851015080624172,1.7900075033362983,2.4340931168070954,2.7251556037322566
36445,pop_4,2.4994912878501965,1.9367275916898565,2.961294844099011,2.9196051990798275
36446,pop_4,3.530499909624812,3.7513061201804163,3.961049956650764,3.1510806349392353
36447,pop_4,2.5343678716929157,2.3973148228841303,3.270385684320933,1.4961782941889077
36448,pop_4,2.7634172255584644,2.3220889814484478,3.416662788350425,3.0416072799410245
36449,pop_4,3.1368429219483205,3.057385792530931,3.4014540193202727,3.0802036793398537
36450,pop_4,3.3614156206360795,2.988014731392563,3.711402647807252,2.253132810583872
36451,pop_4,3.875556622528988,2.542448639727558,3.0638814815393385,2.9873509621603294
36452,pop_4,2.902010781156103,2.43066164445188,3.2035996595536087,3.4677764537506475
36453,pop_4,2.552167385138103,2.83172813678918,2.9815314043685452,1.7244130268211413
36454,pop_4,2.4990647874801,2.45498737775637,2.8540555526506575,2.5011124889106826
36455,pop_4,2.3368017176785045,2.0302922141294513,2.4220437348657824,2.282643091290618
36456,pop_4,2.489016238054645,3.3618679103576747,2.653130183698012,2.2549493711093396
36457,pop_4,3.3509757735827295,3.4265081777643163,3.011964880399743,2.5250167528456875
36458,pop_4,3.308975291286999,2.6493978172262604,3.397996996963942,2.410466997526711
36459,pop_4,1.8629653627451062,2.3177151555045548,3.1896967425427802,1.7044514722494029
36460,pop_4,2.649123264969826,2.476667500957921,2.8009656180667633,1.6851414379199077
36461,pop_4,1.9407053485172099,3.587210747010029,3.1794091332035,2.331538333819566
36462,pop_4,2.6909703708114683,2.9386958340731546,3.534961825800838,1.9943659371781888
36463,pop_4,2.4172303021544437,1.7727411880042045,2.241425286713586,2.8932542204405736
36464,pop_4,3.188721739502863,2.8877124255925053,3.420122248805182,1.633812222022971
36465,pop_4,3.4370250964891174,3.590575511192692,2.949879409666718,3.135656754764922
36466,pop_4,3.244726628844194,2.438813524097538,3.1005828552377577,2.271046801550286
36467,pop_4,2.3354670975108025,2.8526253825175707,2.8378825816943034,2.5950045016878325
36468,pop_4,2.320333520646128,2.667250772177623,2.9628397717317836,2.3327416153347063
36469,pop_4,2.6570278184088547,3.9455400384315453,2.7442488216676946,3.0656134780992326
36470,pop_4,3.5103152474582195,3.308444123774208,3.2045459012920388,2.013642465722599
36471,pop_4,3.362014701786041,2.9406534898616568,2.81854971829649,2.3042094406149896
36472,pop_4,3.942228015653381,3.1290781410902664,3.4317081293335683,2.425907637025798
36473,pop_4,2.809595719104781,3.4551682239792427,3.5905910612837206,2.2003044633489504
36474,pop_4,3.7891446434952396,3.3518892664830284,3.733898596200582,2.468999639085935
36475,pop_4,2.3824237465274414,2.2684835964941423,3.2393717448635773,2.969793966416105
36476,pop_4,2.808996991599253,2.851907297216149,2.4230356767881203,3.4618127226188333
36477,pop_4,3.967530670312264,2.823241807829613,3.4501871464593483,2.908303749867817
36478,pop_4,2.5110349038236937,2.4829728657547117,3.5628159910111465,1.7508198214831023
36479,pop_4,2.614188279329522,2.349921884984362,3.2625961646060664,2.0903593359887713
36480,pop_4,2.8993590596733174,2.8764687127583985,3.8210422381064753,1.7161303518971098
36481,pop_4,2.832701917247823,2.348083911491747,2.917620163271916,2.238769832030526
36482,pop_4,2.4460276395736558,2.5634663099708925,2.001588147574464,1.4342316810806837
36483,pop_4,3.352365907065873,2.7089862760083165,3.702248762557892,1.5596561084648823
36484,pop_4,2.2119258637670036,2.756735475076775,3.163786842621495,2.078972191558986
36485,pop_4,2.5300094346874893,3.036949227127184,2.162703129823406,2.800753809309461
36486,pop_4,3.5315504230506773,2.7075051842112345,3.6707394650609624,2.3969616894569166
36487,pop_4,3.3008082851899863,1.948418758386941,2.465129649870894,2.9980150829010572
36488,pop_4,4.118023149182166,1.97373037972041,3.2323869363431648,2.782535490737357
36489,pop_4,2.4536697197845845,3.2429464395424152,3.4917907614977257,2.6190468382142025
36490,pop_4,2.8149596951727194,2.541478334974208,3.299474059388553,1.4231746822234124
36491,pop_4,1.367388241233929,3.383480969726106,2.68121253685144,3.2562859273180997
36492,pop_4,2.701075656923815,1.7167893330977628,2.5137459265827653,1.3212264682891213
36493,pop_4,2.672132920518335,2.5401517634371995,3.509086166825799,3.162521781643425
36494,pop_4,2.3369621585361573,3.1774851619816897,2.672666103609477,2.7701979404755908
36495,pop_4,2.6448837691421563,1.9879954230300059,4.177014243486546,2.4495768925536847
36496,pop_4,3.0361342048023863,1.9066528417055104,3.7942501952521064,2.5263421169692974
36497,pop_4,2.864774217310677,2.8269131399484566,3.336368053451412,1.7258587457482668
36498,pop_4,3.2388034968757426,2.860736493297233,2.535374266714257,2.2143598405285854
36499,pop_4,3.6370456855108975,2.5438547593034206,3.3532562254268736,2.3124522314689013
36500,pop_4,3.118703225875476,1.6385054222165536,3.0742025649564035,2.2694193881975155
36501,pop_4,3.680426176839539,3.2343661653724345,2.352037073759757,1.764060505485474
36502,pop_4,3.194889782796532,2.269360312469037,3.5358917226016517,2.8948695459165843
36503,pop_4,2.3037728766496985,1.9845764530978933,2.557090193446534,2.164626841136647
36504,pop_4,2.8743534461923446,2.5953216927539295,2.028385776393261,2.3166332971343135
36505,pop_4,2.9649013329100042,3.5580171778610508,3.4281457434524785,2.3936178453294956
36506,pop_4,3.2289856512696247,2.5584536924324826,2.8649595484243684,2.375118640797221
36507,pop_4,2.593446503904665,1.9040685008043372,2.422246978955231,2.6302708320393386
36508,pop_4,3.0479296610715263,2.8737713857650746,4.057877282387119,2.7432727367586955
36509,pop_4,3.379777287052489,2.2102870906319403,3.388385904142595,1.6461162223381818
36510,pop_4,3.239032488256763,2.597265544418856,1.7190452409177739,2.1902904659353966
36511,pop_4,2.491635775338067,2.9187312375532364,3.320740047795162,2.2980406666862345
36512,pop_4,2.955542521194976,3.1424943380852546,3.79501286650109,2.5280620792591115
36513,pop_4,3.5583519840264914,2.6466987039716314,3.3159035695734342,2.5247685333808048
36514,pop_4,3.3123880888686443,3.5992694486270898,3.0205593960079082,2.4584755502666007
36515,pop_4,3.0376330042370734,3.475266351490064,3.581344189111566,3.3197274251734736
36516,pop_4,2.805092619855376,2.6268827640268024,3.231771460025379,2.402245067109368
36517,pop_4,3.0504045414556185,3.0045297585209325,3.2720850742568843,2.7532367865475122
36518,pop_4,3.2827928422748833,2.3909521001688874,2.7848655250406935,2.5749150894504957
36519,pop_4,2.702788823182182,2.5828904841086135,3.225169875968883,1.832345483064234
36520,pop_4,2.9434491162168146,2.5217753453373826,3.0025501751446537,2.349795093314642
36521,pop_4,4.143044938438974,2.9063667564893603,3.2478758366263083,2.2343140071261023
36522,pop_4,3.0236966192413717,3.3514214765313293,3.0447970092800625,2.8768752435052134
36523,pop_4,3.285788024883649,3.1026663896055022,3.015238935204171,1.8265126687386792
36524,pop_4,2.5372109154095392,3.659458873273409,3.959134411423431,3.3164260013439457
36525,pop_4,2.641753593568539,3.2502305566895564,3.199379149904776,3.2844623045730676
36526,pop_4,3.125287335962163,2.142693311026161,3.080152332891176,1.8159181110800509
36527,pop_4,1.7006027183936347,2.4198878600144598,3.014898971666899,2.2260160089456016
36528,pop_4,2.7818322703270884,1.857143737828602,3.5221940350642074,3.5602926456442052
36529,pop_4,2.9796742056122767,2.2725908655132647,3.7054067640028747,2.036768939858931
36530,pop_4,3.856815475417441,2.632478647333774,3.0851494990694386,2.7640799420666493
36531,pop_4,2.744744000096333,2.7114517087819014,4.221547046046303,2.3683283601970686
36532,pop_4,3.777204045041591,2.8904646370557,2.7966211394612026,1.7482843452705912
36533,pop_4,3.305966711544152,2.4899587768653335,3.5010987516049203,2.246470058928522
36534,pop_4,2.966875870205315,2.790261302310995,3.626233565707854,2.3151677082078876
36535,pop_4,3.0064516615819086,2.1519602927598984,3.2866196518170536,2.613755031983997
36536,pop_4,3.6297133752256943,2.0830939614429163,2.5488144461398603,2.311365393836356
36537,pop_4,3.148067732855341,2.805201958393311,3.765484148111139,2.5326990085353187
36538,pop_4,3.477062639772522,2.7278612098197144,2.4538253797496132,2.08766076125508
36539,pop_4,2.105135174695774,2.26286688385507,3.364086837221333,3.1181161371505715
36540,pop_4,1.9121032216037495,3.373442808847703,3.012780155540403,3.5182859047789705
36541,pop_4,3.49566600791774,2.7415851775435938,3.6009322735028175,2.9194600089603067
36542,pop_4,2.860699655950115,1.8380158100857296,3.4130950177749253,2.078406091686522
36543,pop_4,3.5902254147170107,2.442691804045361,2.1777263690853825,1.7575224792119275
36544,pop_4,2.234430473416408,3.0363458037061424,2.8562254157010263,3.12735273857216
36545,pop_4,1.967228268378211,2.5136316811471398,2.884377523908813,2.756087297637318
36546,pop_4,2.9947380437532045,2.4043863235128,3.686876783646899,1.7335306151281618
36547,pop_4,4.020148369573463,2.9430911180060133,3.7211522555432612,2.748604705355577
36548,pop_4,3.2463575354553678,2.8726439133660766,2.6460252378572777,3.3326013725120767
36549,pop_4,2.941164890806365,2.8699639199117835,3.3678960846311923,3.4074463029920437
36550,pop_4,2.8619350169797206,3.1430741770444963,3.949588378090934,2.5104654401696114
36551,pop_4,2.720701554867396,3.1382615825066043,3.6829660405690166,1.898461003151668
36552,pop_4,3.4758841100584017,2.9550793941342812,3.2040910876057946,1.7466267238867
36553,pop_4,3.1435404764725794,2.619731362206176,3.9698100272220396,2.867772069343755
36554,pop_4,2.735910214808257,2.1242041684861213,2.984811713075509,3.325311367814182
36555,pop_4,3.70938653958618,2.5921471857246097,3.656053539105877,2.7253407489658086
36556,pop_4,2.5059334491816023,2.9608222669215456,2.4973792245927124,2.724699177258254
36557,pop_4,2.901363996094819,2.665727673291067,2.956907357536791,2.152730439770174
36558,pop_4,1.7181966471599819,2.5603299597973166,3.035724677383506,2.3129033951238807
36559,pop_4,2.7861556750646366,2.535172995626306,3.8255005308945402,2.298953525993974
36560,pop_4,2.0935355311007453,2.6416914954587387,3.9211648846760223,1.932527126023181
36561,pop_4,2.926898457257356,2.8361071092687133,3.3624171589247487,2.434300615708114
36562,pop_4,3.7607134143769967,3.2888072444842793,3.5095861513675355,1.876719260902536
36563,pop_4,3.5947653899344614,2.7418825208243858,3.1717175191420925,2.8112298690983057
36564,pop_4,3.0586063345124908,2.6597427633924955,2.926788500190374,2.0553823304301684
36565,pop_4,2.915803452353118,2.230340007505129,2.868760476867173,1.553251363460724
36566,pop_4,2.544910029970278,2.755829907417235,2.612615565372064,3.413476496882417
36567,pop_4,3.668112172988409,3.09326494628991,2.649573672010989,2.709202038042201
36568,pop_4,2.201330311408184,3.0496284012951183,2.9535867632418107,2.3748672790915575
36569,pop_4,3.1089336384338213,2.9164839340817212,4.08384329718288,3.4228040560002695
36570,pop_4,3.4167866354460226,2.814435666084224,2.9291116421393677,2.0960430588993235
36571,pop_4,2.607186607752282,3.3669326456536393,2.861279036994042,1.5208098140330686
36572,pop_4,2.4126683859619824,2.285560586448983,2.968692211607643,2.322492651080755
36573,pop_4,3.070866666378697,3.4814295207801074,2.842927766319676,2.490882322795075
36574,pop_4,3.1424662708613313,2.3567346844497865,3.3147752403452087,2.186958300769196
36575,pop_4,2.6010181656659,3.6423037457715717,1.80050851584831,2.296521538172013
36576,pop_4,3.2241166018648686,1.8737159256810334,2.4546377257638823,2.3226623450866635
36577,pop_4,4.243868754169527,2.9369586165937083,3.3627809761446428,2.389230932021517
36578,pop_4,3.1031030764874816,3.0188359901561084,3.1841163912855515,1.7863398731717615
36579,pop_4,3.107842324945069,3.982036799049876,2.57655150749615,2.2549291629357615
36580,pop_4,2.6735628935135023,2.7841179351754164,2.1483859690168483,2.121631881955368
36581,pop_4,2.9132835364521106,2.732953579447416,2.6500989475598002,2.6809980634072588
36582,pop_4,3.2110595520921206,2.605691749683578,4.056390031905718,2.789182780021172
36583,pop_4,3.130369391226538,2.604216509845598,4.157496197404333,2.6965134502692276
36584,pop_4,3.6117281082832617,2.9050976285879524,3.5351924104286283,2.0949387868523552
36585,pop_4,2.1779793509070604,3.068535309615921,3.735701524590862,2.6230188712406926
36586,pop_4,3.5396910125609375,2.3209629335324573,2.528600720769983,1.7556300296704204
36587,pop_4,3.1662555562579247,2.884322788124008,2.758201708309438,3.1108148911601474
36588,pop_4,3.266570117524492,2.390910838382474,3.4443556140533573,2.1273670039607637
36589,pop_4,3.2548906341070145,3.061862523928346,3.4418178455362254,2.098901891640297
36590,pop_4,2.9691138151756316,3.370049354840983,3.471057657054214,2.299772333980903
36591,pop_4,3.322667475653414,1.6660219672621217,3.351347434060797,2.282976303706913
36592,pop_4,3.2786500952791213,3.1336103381442504,2.4141529266219983,2.457910180455132
36593,pop_4,3.765080387164512,2.3661462815982084,3.0994316222783445,2.7247978169070333
36594,pop_4,2.9085237699707234,1.912716030975817,3.4800258338790555,2.8577754744987707
36595,pop_4,2.1051832766548735,2.1501482338079936,3.4855977241110665,2.678845477907606
36596,pop_4,2.672145432752555,2.889005743512863,3.1272670244237672,2.532795748240769
36597,pop_4,2.201203265216594,3.5670772993884743,2.4101906971723426,2.504315045531097
36598,pop_4,2.84871474917274,2.687501279241555,3.2846302138415138,3.2787670941762115
36599,pop_4,2.7382541114341965,2.3556109678900823,2.2036176319224436,3.451275238665674
36600,pop_4,2.970281905824485,2.9969174857031984,3.4909817775592735,3.2363036650956816
36601,pop_4,2.8946706814854575,2.4621393059627685,2.683931621060657,1.5226665157723507
36602,pop_4,2.9435922229057,3.4069459320839006,2.7231755585028745,3.7716271358416655
36603,pop_4,3.2289335331411237,2.9162015213974852,3.445745078354214,1.9212282236030493
36604,pop_4,3.1239775130994047,2.054771976729409,3.4185563853242638,1.2883083279322534
36605,pop_4,3.1562093424041286,3.1175806044579444,4.0515530297732205,2.32949289875837
36606,pop_4,3.976581300683814,2.530249917286694,3.0588327800514428,2.875570797626464
36607,pop_4,2.874600401187543,1.8973751199091122,2.705356159120042,2.8119531925815804
36608,pop_4,3.2452254722857736,2.753299905857912,3.3178059965192737,2.5648787415503653
36609,pop_4,2.766552889125918,3.3947946035252015,2.755605785158994,2.221253243137301
36610,pop_4,3.0273482499788966,2.5763195145362876,3.2791301996546176,2.1218809726984507
36611,pop_4,3.4325310265627706,2.73088566638123,3.085787120637782,2.213563242881875
36612,pop_4,2.920939245979135,3.449605342729119,2.6531056424333297,2.513075057815353
36613,pop_4,3.1689192438410925,2.8233021585529743,2.8340361813017756,2.140129324751161
36614,pop_4,3.173646189374823,2.9785303622898875,3.54478035969967,1.7189329965359519
36615,pop_4,3.0395843593292247,2.250877457851648,2.8093604373247385,1.8659984022091254
36616,pop_4,2.79396516384594,2.763712274631691,2.9532272281233705,3.310489577710848
36617,pop_4,2.971223011236875,2.0413196241848963,2.7858717053711577,1.736646011332423
36618,pop_4,3.042177516038933,2.367023733715936,3.7376612552203357,2.2037768977866197
36619,pop_4,3.4188777352256405,3.0697520168454315,2.4016961538176327,2.680506388035089
36620,pop_4,2.2045727488835833,1.8969381603668818,2.752766268118749,2.4943998441310735
36621,pop_4,2.9028107335500852,3.598301426395402,3.4822720213420624,2.0337905473390236
36622,pop_4,3.16232563107735,2.4506341627034565,3.7308870241817647,2.1999917347416837
36623,pop_4,3.652128205011989,2.550587848107081,3.863734806361834,2.0952834050704796
36624,pop_4,4.113339615733647,2.743708494885613,2.505887212341338,2.649575859561721
36625,pop_4,2.769567838322458,2.0111157282671797,2.480192136354364,2.982727991711644
36626,pop_4,3.5291702431152165,1.9385692056204546,3.847829931736137,2.558410851909228
36627,pop_4,3.2983207062667166,2.8336653441358863,3.351347602522455,2.8082091974979386
36628,pop_4,3.198418312298524,3.3495985477030303,2.7532240581596534,1.442725960254236
36629,pop_4,3.623478104884007,3.3043419238507177,3.456242804806007,3.16595260267446
36630,pop_4,2.5140157250706503,2.3103252352212094,3.2392598028384842,2.939635131468028
36631,pop_4,2.3950122628187716,2.9329585064977217,2.9358632623285836,2.821988767637706
36632,pop_4,2.634776838750688,2.2613131316599993,2.9605820623160737,2.0111051398039033
36633,pop_4,3.059392522039348,2.911838176626476,2.480203658204465,2.5537157165213378
36634,pop_4,3.107677801300802,3.063479872537278,3.322395603881132,3.4021283508734372
36635,pop_4,3.130943763627632,2.393444815525721,3.3095934932312945,2.536348355583119
36636,pop_4,4.034735149199209,2.885905098798268,3.54354450164489,2.059912446729687
36637,pop_4,2.8922592407219994,2.0436957367792363,2.8555451098910773,2.2325712261372197
36638,pop_4,3.433648656788785,2.8975851504533905,2.4279102876738143,2.8251726044034315
36639,pop_4,3.2490176670126703,2.3759086499716457,3.3002225087143313,2.647669349742422
36640,pop_4,2.624796316772121,3.0808519779600836,3.6423147023263445,1.6555046993302827
36641,pop_4,3.0066458892390804,2.1424160754793107,1.8427102824976258,2.619303942976454
36642,pop_4,2.815550626706926,2.520875458197369,3.4922008347944278,2.8435657957104477
36643,pop_4,2.6162253213830406,2.7114275894468385,2.787258222702385,3.157357665102264
36644,pop_4,2.850789964770026,2.976711933940384,3.1033129015786387,2.976917426693779
36645,pop_4,3.957747980266115,2.063445267311687,3.161539042860087,2.418043192898903
36646,pop_4,2.4108729808125102,3.4763045872711933,4.443481440890397,2.1154218858927214
36647,pop_4,3.0759434346583916,3.4731056651081795,2.543955377892417,2.8371003850079863
36648,pop_4,2.9488973670160123,3.1840339714563703,2.697100825697792,2.3353448719123646
36649,pop_4,3.1072304797483077,3.1575078800404968,3.991659268801051,3.1004896987583397
36650,pop_4,4.19808441883834,1.9325536498403824,3.1768570783753147,3.3627769311263993
36651,pop_4,2.9617024197626587,3.3005854469078693,3.4060609567503692,2.7610453127214063
36652,pop_4,2.7496297920784007,1.8434671611239954,3.8114311570046837,2.084500186161248
36653,pop_4,3.122295590350545,3.6255825496157543,2.9139255721971007,2.2855362546950024
36654,pop_4,2.461351584238195,2.8236940073154946,3.4885211951345587,2.563826397174022
36655,pop_4,2.6174393762268497,2.7209291271739566,3.7189804322455973,2.344962130298842
36656,pop_4,3.4463349087252517,2.2973309214019624,2.3336836950952558,3.0343756197693965
36657,pop_4,3.37352007983878,2.207089596027902,3.689887681454022,2.1234213895729734
36658,pop_4,2.596330436547655,3.240468271808819,3.0908320568563776,2.34847641096207
36659,pop_4,3.61147845367216,3.5118882360212367,2.666352782970679,2.619727771455667
36660,pop_4,3.2516561336377676,3.14735571202714,3.535173611470604,2.499260596210578
36661,pop_4,2.8753300365720937,2.408240556759084,3.7778900430242857,2.072056514280955
36662,pop_4,3.182651192730821,2.0841928508905774,2.9043233878301455,2.6019759932257194
36663,pop_4,3.5388522575426085,3.401109864911427,3.696908324324664,3.0458784983341705
36664,pop_4,2.686039295804345,2.203592938153511,2.9211549401416836,2.8502762088792597
36665,pop_4,4.255292620548298,3.976604235561063,3.521465390239592,2.9554002583988286
36666,pop_4,3.3206930724907577,2.7011268766065992,2.8930892801387715,1.9283352127575735
36667,pop_4,2.8099344998877624,1.8810277357856315,2.8993400203497224,2.9581707386535068
36668,pop_4,2.415539675834971,2.7493629820165992,3.195756302018653,2.3070342645096034
36669,pop_4,2.727920122891099,2.5403370705814248,3.65221695588514,2.503636072141907
36670,pop_4,2.1821540102301045,2.7921743670358494,2.7746213742924652,1.5868243871633054
36671,pop_4,2.4307203614021136,2.8178198358201083,2.294569229311331,1.2832704515659432
36672,pop_4,2.726787596266061,2.4656686720699033,3.20289485153778,2.9562015762863467
36673,pop_4,2.4999804409731374,2.6971755346347073,2.9107387494317862,2.1866073770293615
36674,pop_4,2.3077529103713976,2.7785518778681126,3.767152415986744,2.89951766738541
36675,pop_4,3.1259165856596582,2.907822124379382,2.32957440635931,2.308252482066491
36676,pop_4,2.823979788488939,2.1295460074386976,4.24496748910518,2.176094161484456
36677,pop_4,3.740734502958073,1.9999043436140307,2.7190222322761306,3.2307859737235507
36678,pop_4,3.3609472287872784,2.6619190967653386,3.9873425051311293,2.694254893333157
36679,pop_4,3.043065490720612,2.893845343030315,2.277850866838693,2.5371293532281074
36680,pop_4,2.6414660653158673,1.7798998994991193,3.1080027456508077,1.9090377992907959
36681,pop_4,3.273304677697318,4.055345046654482,2.1806996892160746,2.6317245888782352
36682,pop_4,4.251104342417607,3.2594780537975785,3.292080920918335,1.775817442685335
36683,pop_4,3.732146253409673,2.8291540507702297,2.1990313149489817,3.4970748284456796
36684,pop_4,3.2814671027409945,3.2000824976275895,2.5068229148005736,2.3871207609426803
36685,pop_4,3.0038484912392107,2.300173134780383,3.6413453506132663,3.194961878590569
36686,pop_4,2.88717937519524,2.3027877522237947,3.191886767260279,3.301847387003181
36687,pop_4,2.8620951582872043,2.719825432429268,2.8606413061006575,2.4936932265844356
36688,pop_4,2.593965791641648,2.8897046024635014,3.601612318954202,3.001293897876286
36689,pop_4,2.2314403964569514,2.0721914670465464,2.4473007133116487,2.862258312107563
36690,pop_4,2.7236422376828826,3.153499831534229,2.5684755155184176,2.760347613234375
36691,pop_4,3.5338231164764613,3.5725198122057247,3.193461068478392,2.82058552219767
36692,pop_4,3.306906721248498,3.113150168667641,3.5629207290120095,1.7173864178744616
36693,pop_4,2.5268526881658233,2.899372271287579,3.259798769645659,1.481374704858872
36694,pop_4,2.490129647513425,2.874678324837012,3.2184445469121616,2.224074189908384
36695,pop_4,3.3361867056826515,3.17063310286818,4.457876159154616,2.561406110909038
36696,pop_4,1.9708203187838846,2.7207034440271283,3.126852454379676,2.572190564589678
36697,pop_4,3.214564734035931,2.4691646536363403,3.4736012257483884,1.9496123926232556
36698,pop_4,4.307754914775545,3.077449877838377,2.760477468061638,1.6852716284065108
36699,pop_4,3.172950553811725,2.380767226346032,3.1041640519307405,2.57982961876158
36700,pop_4,3.1073164631429795,2.84459982976275,2.7985608715323855,2.710425133408218
36701,pop_4,3.6271514058985925,3.118719515464381,2.6783113317841876,1.6932184410593698
36702,pop_4,3.1235183226240943,2.6554818368366755,2.731173344363109,2.0642336696574746
36703,pop_4,3.0140565961537025,2.460827562393323,3.377002157540307,2.3117918775904083
36704,pop_4,2.9984089733214834,2.8057771321993212,2.5914637119636064,1.2483871543636482
36705,pop_4,3.1212451913117616,2.2647859223032047,2.68146529707643,2.400302085015018
36706,pop_4,3.3310049393970584,3.2660398935565054,3.1101292542111896,3.201007721743167
36707,pop_4,3.7709845574698866,2.4499914986553377,3.725482341503381,3.050119708767283
36708,pop_4,3.354902259194438,2.780330877328651,2.541444552448003,1.7355216763105814
36709,pop_4,3.141233774384399,2.716340371450694,2.3455583497564154,2.9985355949742365
36710,pop_4,3.276448219112399,2.3658498848478775,2.8121254326035974,1.3499376789859703
36711,pop_4,3.0307613444526207,2.447569775189521,2.8547226431677437,2.5222287486275423
36712,pop_4,3.5041670884431415,2.2749889977333804,3.530052305543535,2.0284752757970153
36713,pop_4,2.8483236223518853,1.626091244951012,3.4580325915319996,2.295933004018179
36714,pop_4,2.5336276541015956,2.8321120093386565,3.571349726080478,1.8578356318667935
36715,pop_4,3.2120429888566027,2.670161023540404,3.477899926939044,3.0772351899838677
36716,pop_4,3.1192816902082887,3.494402765979411,3.3840581393681903,2.006974300770625
36717,pop_4,2.786333052340932,2.4530874952547967,3.198185495975143,3.1956510643639664
36718,pop_4,2.869596086709849,2.6137061934304096,2.7471096790976826,2.7290357464559714
36719,pop_4,3.480074841553023,2.4959597844442305,3.1818835224328748,1.8759021434182275
36720,pop_4,3.1753304908972257,2.5198955251077138,4.099499648448159,2.512329892524961
36721,pop_4,3.0162613489304992,2.2431415885704102,2.011894890473032,2.543473810318988
36722,pop_4,2.804427595299064,1.902943894394623,2.4967739745020965,2.957298399108761
36723,pop_4,2.773397472598697,2.0605364604953667,3.9766980218167554,3.7553903010931475
36724,pop_4,2.838219165052558,3.500715359359898,3.975467277954094,3.000335146823926
36725,pop_4,3.1281777986752437,3.3108326744854963,3.7411930789501735,2.34885341718386
36726,pop_4,3.8158761859066592,2.5196284093381167,2.791607894197327,2.482016570166588
36727,pop_4,3.1090575717727273,2.5769232287344774,2.7668560110276355,2.8633934189974553
36728,pop_4,2.188347255386256,1.9183540403865325,2.085276337042127,2.44658726075342
36729,pop_4,3.532799298986438,2.25027875986751,2.9549582075437955,2.6913881034583116
36730,pop_4,3.477189136420676,3.3508096377299164,2.0066391230463685,2.697878861258627
36731,pop_4,3.5730329753236485,2.437887524881067,3.4076609616335887,1.8924291518182499
36732,pop_4,3.196410298910036,2.593432799496482,3.2366083541645514,3.5128096287959076
36733,pop_4,2.674990670753819,2.6339367183734255,3.3159891970671604,2.06012323600182
36734,pop_4,4.078999615627655,2.4308514213558423,2.844112438809617,1.7621435119914606
36735,pop_4,3.3346292327776057,2.545819725148584,3.198955516171374,2.998783269181578
36736,pop_4,2.6405575168219193,2.4103278195548756,3.6419826646056315,1.3493029351560657
36737,pop_4,2.2680886489570273,2.485572223763623,3.6409992252612593,2.653819458284983
36738,pop_4,3.4144647372091224,1.7482431194483756,3.636470154437158,2.688285889219884
36739,pop_4,2.742874835026035,2.1188769498240587,2.258530197304191,2.2844489540865043
36740,pop_4,3.6357535563452696,3.0233965220986923,2.6211201172080743,2.946278124367632
36741,pop_4,3.040486815238399,2.831043187310044,3.661651013488654,3.1517371567284687
36742,pop_4,2.237806980224658,2.664757028182848,2.8834731948837384,2.424128468623269
36743,pop_4,3.6753656021029526,2.526223838905202,3.283797688442105,1.6516931809663455
36744,pop_4,2.3265193268500215,3.3084606720125755,2.877449290523402,2.7272679079609237
36745,pop_4,2.970093912550612,3.0558762448597125,2.883630512059313,2.787328071470557
36746,pop_4,3.3215719896533495,3.235571436639144,3.636303426813349,3.0015652040381315
36747,pop_4,3.221133009817063,2.4743987312076854,3.451689520124139,1.6848815967185689
36748,pop_4,3.32300596602484,2.3329367788014483,3.5245248908552447,2.495272416778758
36749,pop_4,3.065049979229355,2.5832078066868336,2.459452328072272,2.2549720181350787
36750,pop_4,2.6935670226599395,2.769655424078972,2.446977269768455,2.156667431980685
36751,pop_4,2.221361811710494,2.3719532584885954,3.3955975249335095,2.0812085509110396
36752,pop_4,3.138475759948062,2.647699421597658,2.419796464704204,1.770114211078099
36753,pop_4,1.978083097010229,2.97623904227371,2.710820050495159,2.3814382730621126
36754,pop_4,2.23065358468627,2.346851348766893,3.1287288514727076,2.9470468711704862
36755,pop_4,2.9683797074498197,2.5140438191007277,3.2964113378532045,2.3160136557530304
36756,pop_4,2.9080484222725564,2.6768526116072353,2.696328326311763,2.999119509280803
36757,pop_4,3.3215880213410873,2.933641399113885,3.1587582516041888,2.512508048672461
36758,pop_4,1.5822387385042018,3.46898362151752,2.6963234834654086,2.904628032876619
36759,pop_4,2.699310060072455,2.768485121247839,3.282138662761696,2.759749716526118
36760,pop_4,3.4314738457663876,2.8665024920535775,2.8634696496054444,2.1861694981475766
36761,pop_4,3.000166138868237,2.4948625428925566,2.7985869748786887,2.7539104878011216
36762,pop_4,2.068179447460137,2.8647947010920016,4.522051482123102,2.2606509319862327
36763,pop_4,2.8795274894508,2.897759316232581,3.1224362572099067,2.314571333764638
36764,pop_4,3.4174500799592225,3.1513782836467503,3.6018583253761576,2.3158460202647384
36765,pop_4,2.9395031918540933,2.707229732269391,3.106248178646247,1.5725815282879636
36766,pop_4,2.9325507159039166,2.789824436147183,2.5002237129629146,2.8557103039576193
36767,pop_4,3.7247270906057444,3.2479589942553044,3.7061398981255826,1.8582752252621235
36768,pop_4,3.4629819388032583,2.9968085540815954,2.8681846446461683,2.0038972388103056
36769,pop_4,3.0265441393257855,2.532879366130518,3.436154255622834,2.0960197709807833
36770,pop_4,3.2357817748312856,2.1069562898346104,4.380817395292038,1.8720332447877293
36771,pop_4,2.883136943519251,2.891857191161966,2.7816723528573815,2.534178054882258
36772,pop_4,3.0123625760789077,2.8654451410773545,3.7678287147187977,2.892557865223598
36773,pop_4,2.3077551521857544,2.3736348690439795,4.051965062386295,2.954330771196926
36774,pop_4,3.215475250200346,3.143303007709136,3.086583506272892,2.697118500920415
36775,pop_4,4.21147620307858,2.5428335077423574,2.968270520785148,2.6374949300994532
36776,pop_4,3.4657887962544933,3.078015159763925,2.1578693991618176,2.0234920216964376
36777,pop_4,2.9867742784204494,3.4128969601378207,4.027051216218365,2.320775399763006
36778,pop_4,3.749297757004159,1.722790109542323,3.3277818272226782,2.425578068790546
36779,pop_4,3.1333968356088677,2.16057217176413,3.5473898425390176,1.7174688664706652
36780,pop_4,2.032845085290556,2.743416654372996,2.7595621479015646,2.3021199096536784
36781,pop_4,2.809604961608189,2.8210888261366938,3.1640233361476713,2.207474480961709
36782,pop_4,3.474757410884096,2.508711135175252,3.77778677907183,3.3966460803237832
36783,pop_4,2.8373439685472506,2.6765135912825313,2.8279165371384174,2.437261328273678
36784,pop_4,3.112798385848083,3.0425701117728674,2.993392316676107,2.7301276749997965
36785,pop_4,2.8338857311286136,3.2681375198492275,2.435075740701037,2.9122733285206928
36786,pop_4,2.777665179371715,2.6118346856269925,2.168770195138074,3.32496983009298
36787,pop_4,3.527419051473304,2.517767112118157,3.032185909469698,3.4524733118075925
36788,pop_4,3.7701808491257665,2.902102728108066,3.735016864134985,1.6942415477335095
36789,pop_4,3.1228882013971497,2.3310830095493156,3.320671473622198,1.9010614564240496
36790,pop_4,2.943095686261835,2.7289211721645055,3.4459221007091205,1.8551176138124585
36791,pop_4,3.1282538667049153,2.431236906139155,2.675587331977905,2.683670025208487
36792,pop_4,3.3768765556931357,3.0494411824141054,2.9856144836746097,2.6871377398439584
36793,pop_4,3.402193080094299,2.7816370879446404,2.870532476051217,2.6342803374295447
36794,pop_4,2.427075121452322,3.4595970198407366,3.0845820960622774,2.150830927715032
36795,pop_4,3.072951904511037,2.5826409528303125,2.401058755658575,2.5692181516416124
36796,pop_4,3.0050680304584403,2.7109582457626438,2.840491261931803,2.886429381330794
36797,pop_4,2.655515423512109,3.042273085929048,2.789970728541905,1.9413393155743965
36798,pop_4,3.3692989738289407,2.371412273982726,3.611350007686102,3.4261368753302186
36799,pop_4,3.8092825176365013,3.8246416336766567,3.4413418345014257,3.125667886942555
36800,pop_4,3.5258665596445993,3.538585401014047,2.9463646414595974,2.886812110237986
36801,pop_4,3.4124581864545163,2.919992079366515,3.358668032793596,2.9522865998174996
36802,pop_4,2.5395146010882055,3.088615547984869,3.254882971184418,3.6507236210562244
36803,pop_4,2.695439827212801,2.76859877429592,3.442842294760356,2.4569957574558057
36804,pop_4,1.8425250123502532,3.20057212213801,3.1986114778607027,1.941416537211897
36805,pop_4,2.812439374104196,2.7800987041793115,2.8714517320795334,2.278069419334701
36806,pop_4,1.829376298437975,3.2970453633921593,3.7911571257545207,2.9134594706892654
36807,pop_4,2.02248448597866,2.651713153202302,3.349934760939205,2.0674986838261598
36808,pop_4,2.286728907685213,3.343204276018999,4.060184342491981,1.7323778495316362
36809,pop_4,2.621066884544512,3.18414396483396,3.470261485494441,2.4823320863817253
36810,pop_4,2.7153952140437343,2.710456009028906,3.23194073361342,2.3661755057247915
36811,pop_4,3.1052379570823683,3.6040702611834297,3.2214659684496594,2.280732134015022
36812,pop_4,2.865950331985381,2.057867620096072,3.4076216085062145,2.5398047090304465
36813,pop_4,2.4700073551403836,1.6679370400591644,3.3525622028775093,2.8969878362438912
36814,pop_4,2.2555186127863824,2.516209356545002,3.5027481241127694,3.0352597414810907
36815,pop_4,2.8962670938239174,3.331663822003359,3.4720079418855483,3.0414514868446823
36816,pop_4,2.886299083699008,2.2878348302130687,2.9947101420819595,2.6095916627838154
36817,pop_4,2.6296924778070894,2.7130159919761536,3.375573269121587,3.1700814338720362
36818,pop_4,3.364221610475886,2.725996288979234,3.110700553243906,2.6815842182632417
36819,pop_4,4.089920181590732,2.2577856061730532,2.634280140727186,2.5744652798595293
36820,pop_4,2.972992769296081,3.4503765421549604,3.0459360397314645,2.4663202108915514
36821,pop_4,2.9634619908990913,2.0834935562642727,3.0987563829920566,3.516048770490035
36822,pop_4,2.7041741074236443,2.5908776837151324,4.115145826939522,1.7609003977495834
36823,pop_4,2.720739022087581,2.415328906271895,3.6840577511373973,1.8222543129483761
36824,pop_4,2.4737687379804583,2.9355785982961953,3.1602438659076584,3.1818820309994074
36825,pop_4,2.5800857561588972,3.6290374122996516,3.604999664503719,3.3678921104440382
36826,pop_4,2.8996697717231945,2.7011070196282203,3.5663573951774046,2.0562384877552615
36827,pop_4,2.9788131300800074,2.9256427335972157,3.7213242177727497,2.7029971138230273
36828,pop_4,2.5781068730375942,3.345059767189622,3.422179135046328,2.5383871324601914
36829,pop_4,2.4339678419930832,2.3593004891419893,2.80727567838571,2.5944804611128878
36830,pop_4,3.8480331302367254,2.909821352134287,2.759796400541261,2.84998907694057
36831,pop_4,1.955622023051694,2.6356198675244285,3.439622250637283,3.4325465304656944
36832,pop_4,2.807910538383343,2.379236167093128,1.9028057115487713,3.0537394112170606
36833,pop_4,3.218385432219086,3.4487628418970386,2.5189435795361783,2.6401866013586126
36834,pop_4,2.3524105518541054,2.4855101046199897,3.6308774100737917,3.321488043341075
36835,pop_4,3.2000324591442246,3.087259258498625,2.6897457181945383,2.8331340323966434
36836,pop_4,2.9725532223539934,2.6635407921801013,3.2468377773726873,2.2360369527811006
36837,pop_4,2.7621566942083424,3.5967316598691745,2.7065865953194113,2.5579485760713765
36838,pop_4,3.23580764927138,2.1541982169424347,2.8770624063898573,2.0723355387316156
36839,pop_4,2.717761083735883,2.451091979040763,3.727419072147552,3.361114157826918
36840,pop_4,3.5912881642853387,1.5207039938563027,3.636485628254136,2.2107425085245715
36841,pop_4,3.1848415426726193,1.8403963129093128,4.001018709127551,1.767410328631225
36842,pop_4,2.6078585810818318,3.091797409832188,3.8346174326944795,2.7310905782931547
36843,pop_4,3.114785477523803,1.9438518723680422,3.5483238068979785,2.215126656062338
36844,pop_4,2.9502498828241297,2.9578571299890513,3.538327156312211,2.2805056017393945
36845,pop_4,3.2653847909817424,3.116882494364099,2.459472481125048,2.235133544516177
36846,pop_4,2.8310357276527585,2.784288885688629,3.4897213450695745,2.324006602038852
36847,pop_4,2.936642595848215,2.645028064647433,3.175348052713719,1.923462554433775
36848,pop_4,3.3549104552580715,2.632754153138466,3.5483714759212437,2.39107203441723
36849,pop_4,3.647188620954385,2.127310914700047,4.428343661469612,2.360707898718568
36850,pop_4,2.836125045557206,3.004545101574803,3.685699952779753,2.505773621466131
36851,pop_4,2.291384592817213,2.6134852719049237,3.0851931082465587,1.9238852361170573
36852,pop_4,3.129970569254681,1.9742695320096728,3.4248606433331803,3.427665661838749
36853,pop_4,2.8891948226684554,2.299218803498815,2.7772996028802073,2.7695005042970733
36854,pop_4,3.7967513271254916,2.035970295330434,3.280745960163977,2.2556275306044182
36855,pop_4,1.698309427610592,2.850737770922356,2.8631297208677906,2.8074834922225724
36856,pop_4,2.931340728906172,2.199993588202775,3.139785393072921,2.7933823105631133
36857,pop_4,3.2756160999772916,2.9529005325511335,2.6802476071146737,2.6951068691780717
36858,pop_4,3.525556920010345,2.468854930898599,3.0086650277794074,2.542480078951196
36859,pop_4,2.2538329382364335,3.122108002193579,3.097290619647899,2.3599500016707187
36860,pop_4,3.0318489176430417,3.0290077847493864,2.3857923824439378,2.0412530812598293
36861,pop_4,3.5902402907292696,2.9307695552725446,2.6144012118288344,3.112334942267984
36862,pop_4,2.357965921384516,1.7568439308787376,2.9765583579872756,2.4461886646745046
36863,pop_4,4.07625204452248,2.4847165929252784,3.106068237508968,2.3069840725056086
36864,pop_4,3.2105894702280673,2.600429436686984,3.6945017042792996,1.6835755499858087
36865,pop_4,2.513183879251127,3.121761685944456,1.7261225558101,2.2365289785097278
36866,pop_4,2.4609575817127562,2.4938776474245383,2.745015823650397,3.1399310213672926
36867,pop_4,3.7673209164664714,3.0810496444047883,3.247653142170173,2.9918825221081122
36868,pop_4,2.3917832890770656,3.0858915115604217,2.781604771160023,2.786300096672315
36869,pop_4,2.902630160183514,2.6789713909816704,3.439936519697656,3.1879226879242095
36870,pop_4,2.3107107556027,2.17612034239447,4.111821308698235,2.303177871496719
36871,pop_4,3.0722506995640773,3.0741417372009057,3.043120020425189,3.6186139961036927
36872,pop_4,2.2701047348488625,3.5571353684666307,3.236648111331548,1.9471006642678197
36873,pop_4,2.546722911553655,3.369712496266844,2.74954513622248,2.634979664435566
36874,pop_4,2.8682605189153874,2.429028893770953,2.380827014872191,2.812575523950683
36875,pop_4,3.372260264655889,3.5068444708158872,3.1317067546113813,3.0159725795990675
36876,pop_4,2.7942422684606787,2.060813112909903,4.171113027885565,2.601430402407763
36877,pop_4,2.2615531542809024,2.9884276276040844,3.898588758929102,2.1449945623185127
36878,pop_4,2.506051795559508,3.1775917180247495,3.2906188646138674,2.189902616990755
36879,pop_4,3.1251282330129158,2.2803873322165096,2.8016994508232544,2.2007972846315473
36880,pop_4,2.8382879487596018,2.7438025519506266,3.1095701052764855,3.2213525798356053
36881,pop_4,3.0476719947311284,2.1647957765607138,3.212337432880596,2.7522393153744957
36882,pop_4,4.155601553298283,2.6185064081030807,3.879776501762284,2.9351413373826194
36883,pop_4,3.199837141943827,2.310332031972404,3.984447302354148,2.677937329934992
36884,pop_4,3.091326961843779,2.989308503477136,3.256879237376981,2.5886999189064084
36885,pop_4,4.238860598127177,2.4720531919453363,3.323710334332379,3.168880811425048
36886,pop_4,2.983751253230789,2.9244297635880203,3.144711028756139,2.4414953475095555
36887,pop_4,3.0306413382836377,3.135869318522208,3.6269781894259694,2.6395769181118864
36888,pop_4,2.5419625406741684,2.4539203495471615,4.138869974896293,1.5249953887171461
36889,pop_4,2.977966836966146,2.8529509642717525,2.971023592861297,2.1619707907586285
36890,pop_4,3.3934158214743944,2.074155592015713,3.529689463087196,2.5106993674886864
36891,pop_4,3.3710863117350702,2.6712205202240416,3.6091091215926387,1.957330222059289
36892,pop_4,2.0634740530012188,3.6808654194757326,2.966251373112638,3.2508075416657247
36893,pop_4,2.7564001795449515,2.467662096167676,3.525651962745565,2.3801581209033507
36894,pop_4,3.519050553968365,2.8725467434761693,3.2440399920236516,2.0352589609012925
36895,pop_4,2.5270426789380815,3.1731392216922276,3.4494691678154252,1.5815180317701887
36896,pop_4,2.6010165930655234,2.294322675922319,3.4485213077227423,2.3877324584570303
36897,pop_4,2.8725149326233637,2.8765236572994057,3.3601813528037727,2.5877600788935857
36898,pop_4,2.5381459157234403,3.5170355042897876,4.16892872341519,1.6744566693869156
36899,pop_4,2.5296578191734946,2.7058832657648475,3.4211474121955576,2.0754309197270193
36900,pop_4,3.479919824800185,2.78335200260347,3.1293486189534536,3.010403378770346
36901,pop_4,2.9057949352821346,3.0880532216722703,3.242822376620542,2.5494885614863843
36902,pop_4,2.8334142168765717,2.0917523806378235,2.958116839676293,2.042667674142904
36903,pop_4,2.778356391558698,2.385579293219141,4.046390237604347,3.4668568363413232
36904,pop_4,3.401870879262703,3.201913445557771,3.5005842709854456,2.979156099977466
36905,pop_4,2.9708459347677016,2.8623532635716384,3.40713314278339,2.7572620996097257
36906,pop_4,2.4816746893503203,2.3163709251510722,3.1295157912764515,3.2796071029954224
36907,pop_4,3.7054074046887733,2.9408987002977747,3.7435949409378537,2.884768328444494
36908,pop_4,2.500624155012556,2.7980397436198654,2.8953279932324083,2.896789134570021
36909,pop_4,3.6337561611020295,1.8924001683810954,2.8736429256498006,2.048682130926323
36910,pop_4,2.6741696787476834,3.4300268640454576,3.97330536251084,2.1506903896181067
36911,pop_4,3.1623004843193057,2.2257176331004773,3.0954843955708466,2.1185747082519457
36912,pop_4,1.6822205563391845,2.8615267829986872,3.4916210782931376,2.0438757962687895
36913,pop_4,3.5192538792172057,2.5405024553992472,3.280203256348829,2.301148398843644
36914,pop_4,2.6844780978087894,2.5196555871263873,2.8667629650220348,3.222483739318001
36915,pop_4,2.4003988722165137,3.1758767426341517,3.0394916403580408,2.918335709700814
36916,pop_4,2.514684412662377,2.5175314893290484,3.125891551448288,2.620676557790373
36917,pop_4,2.999199366876339,2.6997160947684002,2.992155872424118,3.5225442121975767
36918,pop_4,2.8722443123507153,3.655097307409096,4.355095020003918,2.379093071496785
36919,pop_4,3.510984726300432,3.5418625487665496,2.7455402020144546,3.843033003834938
36920,pop_4,3.525376961883251,2.940204643332519,3.3229414335196235,2.897884764863565
36921,pop_4,2.1679603206261726,3.1816246550690543,3.2177006183382346,2.328198510374761
36922,pop_4,3.119627699394915,2.552594527885706,3.54267118588709,1.999245452917903
36923,pop_4,3.0811926946468433,3.0180795597148204,4.836341185176367,1.7673404798497907
36924,pop_4,3.8110530373855904,1.8890357824092479,2.770642968511376,3.122985788268337
36925,pop_4,3.425937751977585,3.6581713763803196,2.833337277341765,1.9881769173352999
36926,pop_4,3.367924293496336,3.230512598939305,3.5771610909086644,1.8146677780907094
36927,pop_4,2.8389706256175566,3.458782895067736,4.067809035552202,3.19612248185813
36928,pop_4,2.9479105496354054,3.2525929315355064,3.236033052961816,2.162230541739016
36929,pop_4,2.7607081771306836,2.1174700140007956,4.101927822226497,3.0172888993915485
36930,pop_4,2.243766865304605,2.5205079950229043,2.8933130756217795,2.519950433288886
36931,pop_4,3.8040132429733244,3.3110733437011057,3.937593940831498,2.1448322992144577
36932,pop_4,2.726290716000336,2.5994824596856905,3.4870907643427316,1.434078923062661
36933,pop_4,3.9701449973494904,3.647571841690997,3.552783742503964,1.9846150247106893
36934,pop_4,2.323793505852767,2.6223698572842,2.9146570725605403,2.5917268968164864
36935,pop_4,2.8817415861134648,3.0450762268570104,3.1880163973944904,2.6176944328518617
36936,pop_4,3.539260168987825,3.278522078739332,2.6843169724563896,1.3523522400978851
36937,pop_4,3.3009437853345904,1.7364420565159944,3.6912166735110663,3.4313837895758574
36938,pop_4,2.865858452777967,2.2639552994547403,4.800451732205657,3.115098329656182
36939,pop_4,2.49978107039375,3.2037783717732156,3.862409114260419,3.1941719631325656
36940,pop_4,3.1847885913389997,2.2320627124356456,3.514046876116355,2.1666473090128813
36941,pop_4,3.2720227342177566,2.8020959705033,3.1409397328240205,3.5519358147812876
36942,pop_4,2.892843161743773,2.6597649437016644,3.2329331348833334,2.0783398905185764
36943,pop_4,2.5524835843700733,2.4000651162055058,3.1385144933955544,2.593833180655741
36944,pop_4,1.9868806030326132,2.671669413425079,3.016828907728908,2.90946106507404
36945,pop_4,3.0192069072906005,2.3212091306098728,4.081954996050928,2.5434919248800156
36946,pop_4,2.8596039598554945,2.0186671215592473,3.0729226014554327,1.8409249955212679
36947,pop_4,3.003021290033581,2.163523707420535,3.2512811983098704,2.193294683085801
36948,pop_4,2.8397686218819915,1.589973273411443,2.438706210123246,2.1596421891651305
36949,pop_4,3.107246786340867,2.609950412365579,2.946227164679927,2.310469818592938
36950,pop_4,2.993184053996346,2.6647309484556296,3.679411096792682,1.838706697090828
36951,pop_4,2.468595625540781,2.2864651648947873,2.8891268839953934,2.6599152382583506
36952,pop_4,3.274629309967369,2.292372892980766,3.7487378050869125,2.016138748991097
36953,pop_4,3.2164053337886225,2.4663451363620936,2.8821585492079613,2.023023793882854
36954,pop_4,2.82845347419571,3.094560749935885,2.867015628751217,2.014636693534451
36955,pop_4,2.94263842564066,2.6268711412759265,3.3597807987649713,3.2271299803604174
36956,pop_4,3.880802005782213,3.380695836299249,3.3741546958419946,1.8742273934299911
36957,pop_4,3.2158919365271808,2.6187129072708513,3.2667329707236124,2.7505132815541002
36958,pop_4,2.963536860027494,2.788381199248645,3.32719327304566,2.4332670548837805
36959,pop_4,3.45140654922613,2.0398120856110618,4.000065425235326,2.028253563418603
36960,pop_4,3.9493108384848035,1.8485344831341135,2.392348584182157,3.7086162690656916
36961,pop_4,3.0912922348453145,3.068806113032147,3.188488168354477,2.375930926605883
36962,pop_4,2.529803276556091,3.171895160636926,2.934008407391472,3.2539495113088983
36963,pop_4,3.0780033094667054,2.551693413345865,2.3957689022466155,2.3763271344506345
36964,pop_4,2.5607460164915468,2.366779813115263,4.239808687559449,2.9536633791248805
36965,pop_4,3.5478900730190106,2.3284807600088495,2.787782034162712,2.0336972874781236
36966,pop_4,3.1728127861017783,2.6028373012761086,3.296916341386183,3.3948484990489827
36967,pop_4,2.773522023413127,2.3012398359873303,3.795095846323693,2.673511797975021
36968,pop_4,2.3052152290140966,2.3170634452442607,3.453265938423037,2.660453650945313
36969,pop_4,3.6174575513715093,1.859228725405821,2.515726295322548,1.7261727310385266
36970,pop_4,2.6387992809294927,3.0575424899598356,2.9246167349194137,2.305089159299799
36971,pop_4,2.9455137110496423,1.8133933356785057,3.0123481880829712,2.511920946283296
36972,pop_4,3.447459315233921,3.2262691748003793,4.076769088436672,2.3340760091094417
36973,pop_4,3.9092841988945572,3.3765712738743634,2.9000763298102252,2.3728959926397364
36974,pop_4,2.7859133777361027,1.989050125359331,2.46688949958149,2.946686093929367
36975,pop_4,2.5557672196824344,2.779526426164333,2.5752498525224548,2.7635266777568024
36976,pop_4,3.013929278297963,2.588730904783619,2.7420179891428464,2.5827549822732148
36977,pop_4,2.3999619492205633,2.123797323847899,3.219518131140417,2.3874574034198948
36978,pop_4,3.6778031169280156,3.3915464335130268,2.122826435212242,1.7259457770003146
36979,pop_4,2.5686856623861116,3.1553256102651632,3.2450818128883396,2.4050667971954374
36980,pop_4,2.9517983247463477,2.1945739074118586,3.6144508395567527,2.5707979788435216
36981,pop_4,2.4989163643437733,2.768781938791718,3.870903949339683,1.9874319926751611
36982,pop_4,3.8924984963365423,2.0920458097323444,3.1481416326441956,2.723820174435736
36983,pop_4,2.9264073161347337,3.544760365297749,3.5697636120628577,2.1282113066647095
36984,pop_4,2.8548576749518815,4.189745940481816,2.61048250131403,2.4804594222096097
36985,pop_4,3.422117064846474,3.201873707109616,3.5097321563759154,1.7196049156652546
36986,pop_4,3.127368861743904,3.315354920089021,4.078693726853016,2.5776390882864413
36987,pop_4,2.947177895300013,3.144115686704541,3.071103350674708,2.230262661609296
36988,pop_4,2.2128704493195963,2.35129719444579,3.425126433962679,1.9663707862915047
36989,pop_4,3.7264835894309334,2.1307408886885315,3.7654416275399543,1.9167855472228248
36990,pop_4,2.861218815734257,3.383093548384482,2.328888191096274,2.4518823457967
36991,pop_4,2.4694607131393873,3.4006826474417475,3.2955962660883906,2.92333712024757
36992,pop_4,2.7472372436369845,2.338400718171564,3.4470396367387908,2.5683186162098233
36993,pop_4,3.0411672150547653,3.1743094771358185,3.8687743171045,2.996739136698589
36994,pop_4,2.89692002071484,2.7174663716705227,3.8448177074523966,2.0779302590085624
36995,pop_4,3.441207730914285,2.5952364805785364,2.720016439493065,2.6817631606737318
36996,pop_4,3.454628795113808,2.4107730432210563,3.1943395207445135,2.5442826614102882
36997,pop_4,3.411940841221875,2.132431523597157,3.0970115373547515,2.729828984701253
36998,pop_4,2.834182110788445,2.191066276896555,2.5922522235470224,3.003803479284297
36999,pop_4,3.5709812865099115,3.1739925064225334,2.531699180790694,1.9303119425857826
