cell_id,population,gene_0,gene_1,gene_2,gene_3
8000,pop_0,3.3880864493363463,2.7180093576951116,3.7233774549506125,2.9111491080067506
8001,pop_0,3.0138916219584404,2.2899476619064747,3.47432662047715,2.5828870385697043
8002,pop_0,3.3842584928459907,2.4157446272489067,2.9025785574139134,2.7967422092555014
8003,pop_0,3.82975966561005,2.5848989351936327,3.260544481646095,2.9629643384440523
8004,pop_0,2.9376229920505024,2.8746746017295624,2.9343234725132645,2.549793102242783
8005,pop_0,3.4747781012717756,2.3873223849923413,2.43130992555367,2.709176245330003
8006,pop_0,3.852217660675101,2.5511521652836833,2.808918613181309,2.888819314400865
8007,pop_0,3.529140377974208,2.3974083056260604,3.445525672755137,3.08438454285519
8008,pop_0,3.937126177292004,2.730889794832119,3.2310626264190483,2.952932998227392
8009,pop_0,3.4698976338824035,2.8287742777044445,3.1911971451305887,2.346784395854404
8010,pop_0,3.3520716218850963,2.9837452559697897,3.320512825102858,2.808800100305085
8011,pop_0,3.6224708430590575,2.8764616080768812,3.2872442763834075,2.8218278922773865
8012,pop_0,3.3350516593853836,2.772586436116964,3.7047634985252516,2.6551137979808543
8013,pop_0,3.1751383101858472,2.873585854121904,3.364473104385822,2.6928137670855152
8014,pop_0,2.844873305180239,3.2996436377577805,2.7868377774789455,3.2142062576833763
8015,pop_0,3.3562230075872885,2.859182763116214,3.2233870512288445,2.923275533603824
8016,pop_0,3.2955653916198546,2.8161085076065397,3.022183422485204,2.440445040007825
8017,pop_0,3.5438772279047517,2.5626189305374067,3.133861158854669,2.3862321736894687
8018,pop_0,3.942287966475575,2.562451154885337,2.725290140632391,2.565057658541494
8019,pop_0,3.6025679118390883,2.5923187162913193,3.495762809538964,2.646148275960772
8020,pop_0,3.5553770909351226,2.6195956346494844,3.1164279785892854,2.4339494831993376
8021,pop_0,3.260126764654693,2.760078888990146,3.7186353513656036,2.346597484907991
8022,pop_0,2.9221447308883257,2.99857023735545,3.2509213076826198,2.6360340938495286
8023,pop_0,3.503427939737959,3.068676963345014,3.1969251942045425,2.7404535164479022
8024,pop_0,3.7150343350322443,2.8264147580811523,3.1789962712204773,3.072452412674193
8025,pop_0,3.068477139090832,2.8795252649993426,2.9039847339160754,2.5083302866882127
8026,pop_0,3.2798906365408746,2.5749925824904385,3.495997746890817,2.48797855473042
8027,pop_0,3.5148051395651074,2.9505513291389365,3.4341193938176118,2.4918997807349723
8028,pop_0,3.4439850286910865,2.481366438618513,3.4496551957045005,2.609428176777022
8029,pop_0,3.2513309446797725,2.3294430202812504,3.0934917019298074,2.5166339892250007
8030,pop_0,3.470944701185295,2.476802525929295,3.6053355740378903,2.7249821302476582
8031,pop_0,3.2326514094781444,2.5561260532368473,3.12425032360595,3.189458434324571
8032,pop_0,3.234459133545475,2.906534129780579,3.3240624441109254,3.0118043970484827
8033,pop_0,3.3072243139529327,2.780221789453997,3.126517491261078,2.433768016629817
8034,pop_0,3.699214535318076,2.6698413101379637,3.2476850174114644,2.6465210185520203
8035,pop_0,3.3169122281415344,2.8519380633687312,3.4264482478110145,3.112961108337455
8036,pop_0,3.437109453265365,2.723434099040513,3.138653859573459,2.6747658384915556
8037,pop_0,3.2355461785819104,2.8666732191331135,3.534834280866074,2.6173736353680366
8038,pop_0,3.6230962342623876,2.5210813290324965,3.7759051182918175,3.0913034171829596
8039,pop_0,3.228434699184596,3.096321833614666,3.2118068347378164,2.5952466937665846
8040,pop_0,3.7010463101982536,2.875955533551945,3.271137817410865,2.3893157555517304
8041,pop_0,3.512674696431285,2.7243105294569325,2.9314669650650744,2.9699644917399852
8042,pop_0,3.093659550525018,2.957636215297831,3.261075959955946,2.6811813120603487
8043,pop_0,3.555229269518598,2.7078309322986605,3.4085410759260193,2.690086379396552
8044,pop_0,3.19425733028959,3.179095313698471,3.0904973288084223,2.7610560565692954
8045,pop_0,3.2502464046878567,2.6936349041122987,3.4424864648749622,2.730390314865903
8046,pop_0,3.126551199072763,2.8851588530093744,3.4711040862732303,2.4382251919110884
8047,pop_0,3.2946555438943865,2.42539053524477,3.1785458903540684,2.8309675374646184
8048,pop_0,3.259556662028828,3.1095071038431548,2.99921132125351,2.605880448001974
8049,pop_0,3.6817885730977,2.5906064015727632,3.3818820006803367,2.667405719153644
8050,pop_0,3.4976060264979343,2.6991262152549744,3.192506015744766,2.9564558636458442
8051,pop_0,3.884842398959626,2.375454311826312,3.0073058903175465,2.441935903883835
8052,pop_0,3.0110037658717754,2.5762290271164,3.179278189789342,3.0189994450663797
8053,pop_0,3.943525277230406,2.488528520095196,3.19140473268318,2.3477177639589994
8054,pop_0,3.438831082147967,2.3820662244942623,3.05634415770967,3.102093316306882
8055,pop_0,2.7799855775678393,2.820129024550214,3.427923999936833,2.352556317185808
8056,pop_0,3.790169888064099,2.204398392690723,3.2957475151379754,2.4626415957943695
8057,pop_0,3.825224066459761,2.4872566024008425,3.2422803595090994,2.4991954616195153
8058,pop_0,3.182814247578942,3.163323490261408,2.82191104637013,2.9227065780458132
8059,pop_0,3.0780251519856785,2.390348676004837,3.0677451176324215,2.6970748176016968
8060,pop_0,3.625523901903052,2.2858928139603285,2.976340982514092,3.155286667499933
8061,pop_0,3.5497312521533364,2.3892311543622773,3.1189849009140165,2.7956530506962673
8062,pop_0,3.751004863412097,3.1270171575897963,3.2170766874872276,2.6330704984307816
8063,pop_0,3.567549935162082,2.843471587603566,2.6343349131079323,2.8521532764164794
8064,pop_0,3.4173551992355335,2.6268278319870584,3.0369151262049368,2.810066291668669
8065,pop_0,3.750123499435273,2.812718596882316,3.5843023632077986,2.740893404242596
8066,pop_0,3.2757399039280917,2.5042641529602627,3.428428391849449,2.288984882526047
8067,pop_0,3.474572868522589,2.8413883982613655,3.5132252837339295,2.3710049604022423
8068,pop_0,3.3931283448341967,2.594370825149654,2.9301880088550414,2.9594541004651513
8069,pop_0,3.39241860856522,2.6263029005376812,3.377530845488368,2.4198172431753493
8070,pop_0,3.247141531227021,2.7274361055154355,3.163451585612698,2.9415074097045872
8071,pop_0,3.4036023443234273,2.884356882250492,3.4781122449765793,2.664321262618391
8072,pop_0,3.640005240362571,2.7661375559229264,3.3841263096663874,2.388423235445834
8073,pop_0,3.3599533526842875,2.42563829435644,3.3035530223648304,2.4944623025685555
8074,pop_0,3.4494370946871364,2.806898357597892,3.3285856299332797,2.7193919413552057
8075,pop_0,3.5450630019032423,2.6160962123087033,3.4030649568058062,2.90690440138398
8076,pop_0,3.4917811848001907,2.6328493499157393,2.938391663309238,2.8364288259070443
8077,pop_0,3.2319984153356947,2.766666847766265,3.0661808679560867,2.5254406698918643
8078,pop_0,3.262311848926817,2.7351883385776836,2.7974758640178785,3.049216836043577
8079,pop_0,3.3756481594816985,2.558811111962441,3.5184458325456616,2.5039604759987264
8080,pop_0,3.6410006115939932,2.5547551725430058,2.755333225155487,2.814040252750025
8081,pop_0,3.028628512792531,3.010436558207134,3.190172327041912,3.018528113077783
8082,pop_0,3.7730232309709644,2.497608657331069,3.3904147007845054,2.7436488063579234
8083,pop_0,3.678786360844918,2.7103157443081893,3.20294023266837,2.4309673429989527
8084,pop_0,3.669894163821894,2.628876651085828,2.9885560450252426,2.2651510060250524
8085,pop_0,3.8470859077179456,2.8687331780720737,3.1248415265641123,2.5298054708554583
8086,pop_0,3.834215054407784,2.6282889485025724,3.5363503523785544,2.182858395648139
8087,pop_0,3.571995181850262,2.626364061540043,3.3166344749180987,2.4250860434124157
8088,pop_0,3.4499212134504904,2.7784377934324294,3.3795636038335743,2.151469564224282
8089,pop_0,3.359099939027944,2.9413997530009106,3.29308825830321,2.7617849067141007
8090,pop_0,3.724742929435114,2.2265837681858747,3.2465329686548006,3.045692387161618
8091,pop_0,3.5580319918248176,2.5429342372815658,3.691995543544851,2.489151494528646
8092,pop_0,3.4036069093515815,3.0406934165421,2.8866820769683827,2.482118625775478
8093,pop_0,3.41083279090962,2.8133968890679704,3.3374062780635776,2.7881756005586795
8094,pop_0,3.789808159335985,2.7214040452791943,2.5152085643024433,2.527418915874531
8095,pop_0,3.271905616816109,2.995917386219514,3.3100303517418532,2.7710756184055594
8096,pop_0,3.4331555269795175,2.608753921951847,3.168013273576374,2.5819800332758165
8097,pop_0,3.343290123392461,2.35210873370004,3.3173797443089246,2.460223223919624
8098,pop_0,3.482227508818821,2.582482645149342,3.1888174831447382,2.4769405900716155
8099,pop_0,3.8047347379647247,2.482149384531918,3.3490469532296254,2.30132523237881
8100,pop_0,3.699494723021078,2.7010273964603195,2.8491819126096667,3.107174542266772
8101,pop_0,3.3393735835076934,2.3561588224560484,3.4161015746936148,2.5304191252082138
8102,pop_0,3.7059057369867556,2.5092460466513278,3.639022118866902,2.2027163125245153
8103,pop_0,3.3533941373040244,2.6182346278288446,3.455728050276685,2.3239561286817314
8104,pop_0,3.1166630103351944,2.706223784987685,3.214755177403602,1.790982902849797
8105,pop_0,3.3152986344194026,2.8092611855308425,3.113538848949195,2.97742546055433
8106,pop_0,3.402342266920528,2.5305203607169564,3.126674264424852,2.2525976354534745
8107,pop_0,3.3053756275333646,2.8780949842848607,2.94509219197508,2.8991085667098853
8108,pop_0,3.6904684397969554,2.697624393486721,3.1315016098558712,2.574532144163593
8109,pop_0,3.419313652134567,2.325502836623393,3.1852187956862514,2.709680471886072
8110,pop_0,3.1499744376606493,2.930061920328688,3.4232342667157782,2.8214027274180054
8111,pop_0,3.0029935348973593,2.8002917875878315,2.95349015029265,2.4151280789584217
8112,pop_0,3.238576639732801,2.884708381718203,3.7364794982077005,2.57554179851828
8113,pop_0,3.364887717083595,2.8541498763394624,3.284698788753796,2.8863645093157486
8114,pop_0,4.009099066666899,2.3198453372934935,3.062254001051581,2.781786693766059
8115,pop_0,3.110957452288927,2.768413016172257,3.2173413899027885,3.3198588249095478
8116,pop_0,3.477708007117761,2.1896142149399163,3.150951169339535,2.5934970572588427
8117,pop_0,3.416288925292911,2.427023095925047,3.4294604369247996,2.4670255487080452
8118,pop_0,2.858479764354751,2.816525386580014,3.4099242063037094,2.4841366382413925
8119,pop_0,3.969186907872723,2.478427250851606,3.500518477133835,2.743108117059165
8120,pop_0,3.2226454858080342,2.706034938088542,2.9929401613878452,2.7437076313912216
8121,pop_0,3.4129567523078306,2.5074002545987106,3.457085137882177,2.959457524645054
8122,pop_0,3.1583607239349485,2.664493632562914,3.5502511208343326,2.764521630407218
8123,pop_0,3.541062180529846,2.8413242192866566,3.003311031546197,2.8968221743858416
8124,pop_0,3.375149617028929,2.5220334419587083,3.4363675050837093,2.640523762119063
8125,pop_0,3.3580848964559715,2.7006714865731167,3.233532891417991,2.228083126577262
8126,pop_0,2.8881377267340502,2.7510583191393176,3.4046913832111723,3.063956485751194
8127,pop_0,3.179313883695823,2.556137255184161,3.3150648074912272,2.726030333232585
8128,pop_0,2.9594790451101334,2.9974962450319107,3.044639458685819,2.5053978545385274
8129,pop_0,3.886503064511488,2.662496183387399,3.22205796631276,2.424199239546125
8130,pop_0,3.2008891824434547,2.804909638475517,3.5870546509840473,2.8251404187945974
8131,pop_0,3.4578401474108116,2.433353519581211,3.0567042885504696,2.6849310021720747
8132,pop_0,3.819381088207599,2.2544024330750996,3.3600317255742573,2.4343310992011555
8133,pop_0,3.351681792828179,2.625016457200191,3.1175496061806762,2.9218367649459003
8134,pop_0,3.487386296098277,2.4538221084188936,3.1066802969167893,2.904768355643175
8135,pop_0,3.4960016803191176,2.764022284087834,3.1152581769815333,2.6896854206531042
8136,pop_0,2.997336022922645,2.141546460437519,3.5698391923622723,2.9178946213593298
8137,pop_0,3.2982386541133337,2.576471113230431,3.0178814447342583,2.6340457241298987
8138,pop_0,2.91916634542131,2.9400460571441744,3.1850527290305495,2.4985696053360824
8139,pop_0,3.0428451127667797,2.6884146493736867,3.7081713970217405,2.6236253745649396
8140,pop_0,2.9878499332605974,2.5223238440676448,3.3227319720556947,2.731827009444022
8141,pop_0,3.3817519156269773,2.6055161289259483,3.4117914141058003,2.983632852731393
8142,pop_0,3.4611759744135915,2.744083972729826,3.3117193880779925,2.951338621944488
8143,pop_0,3.4470826448518537,2.684902081389841,3.4007236945393733,2.952365420953277
8144,pop_0,3.308067077395658,2.804251313021595,3.3862419596819437,2.5136150894540172
8145,pop_0,3.3630947053357696,2.9676877081307285,3.509307099087985,2.6164743358351537
8146,pop_0,3.502161491888595,2.639029411245436,3.1887822342344916,2.554887163140599
8147,pop_0,3.169821311857796,3.183447125546278,3.1740947786114644,2.837159289211503
8148,pop_0,3.402438222212721,3.097001252996619,3.039416598923516,2.338218795570121
8149,pop_0,3.52225496590189,2.5502313041470397,3.2802653809554116,2.6115636805672415
8150,pop_0,3.5750919332500666,2.665726080835217,2.9119646429730612,2.6945416190814853
8151,pop_0,3.7266912905617335,2.489632432125839,3.3053533067159435,2.451956566270038
8152,pop_0,3.550110019742481,2.341306966413444,3.0366110975028886,2.8021876293386576
8153,pop_0,3.483023129537384,2.748896201214147,3.4226922833340456,2.409437833072371
8154,pop_0,3.4043994477440696,2.3936057061110727,3.238032021986385,3.0114856660004294
8155,pop_0,3.603156833662945,2.406829624561553,3.0477945237498556,2.7211756964431597
8156,pop_0,3.451966947110757,2.9601971811410013,3.3998839479953444,2.307865324407208
8157,pop_0,3.6995456717295703,2.800972720267953,2.9572115467825024,2.76147783354242
8158,pop_0,3.6591086276900975,2.414540824344395,3.5804955572035224,2.3824694412727663
8159,pop_0,3.3864232964573637,2.7203909962611994,3.2925536773019086,2.8778005524757604
8160,pop_0,3.90558696031721,2.7437600204032364,3.03828657008951,2.262614999615775
8161,pop_0,3.893402977094832,2.6355543206842404,3.146157375645502,2.8632413305466446
8162,pop_0,3.419591263794313,2.8184602792634412,3.364269600571884,2.4447582079135897
8163,pop_0,3.9925725936959764,2.858377935192863,3.2224904393585034,2.3998195705442416
8164,pop_0,3.1491897305959355,2.4770848112725554,3.0962537091297104,2.852136471084119
8165,pop_0,3.4234665881365265,2.9541013685476827,3.725927180628669,3.007097211117136
8166,pop_0,3.933731038008896,2.9453126155237066,3.2065612380009374,2.5507007655443807
8167,pop_0,3.4440258874266876,2.382881850598156,3.1906538874228443,2.542146589646465
8168,pop_0,3.4189632523030093,2.42153067869325,3.547212787574918,2.6146857712468465
8169,pop_0,3.6410921340586815,2.6178240653896503,3.254978480254363,3.02851318442506
8170,pop_0,3.625481126636649,2.2380391503185613,3.227703840745572,2.880283912317613
8171,pop_0,3.2783432269121002,2.5342548378039544,3.262268520552966,2.808148850610369
8172,pop_0,3.687518750920888,2.549576884100879,3.313415838439966,2.6061715920404818
8173,pop_0,3.5006826081894324,3.029749950653545,3.26156310959621,2.405702502791242
8174,pop_0,3.154846268167478,2.6953816293123865,3.575393095631151,2.667937581253085
8175,pop_0,3.3406928500178403,2.480829418941744,3.3682539856509988,2.7355952301003783
8176,pop_0,3.843489954054832,2.063139640504486,3.14406655602317,2.554498463166192
8177,pop_0,3.2512220774328817,2.904200833291804,3.34360977067365,2.813066877382406
8178,pop_0,3.4012420459996937,2.492395704251782,3.100050788184097,2.5761084888727974
8179,pop_0,3.893479565944562,2.692655396521375,3.3520377910794505,2.4110144380309806
8180,pop_0,3.2419489512827147,2.6710970988247693,2.832883620103029,2.251279895599941
8181,pop_0,3.5978950900491076,2.920686806359992,3.055830364169274,2.3414697261160526
8182,pop_0,3.519793584816606,2.240132381759797,3.43835222210512,2.45984129732677
8183,pop_0,2.999754266824672,2.916943510176203,3.4626299594307226,2.9585373255491243
8184,pop_0,3.377824998568507,2.7844339429170226,3.300830308931918,2.876520896717575
8185,pop_0,3.073119888224345,3.03806325788313,3.115823901038476,2.6145279882600176
8186,pop_0,4.183061117804181,2.6586945738070806,3.1323155860138288,2.529045320488551
8187,pop_0,3.612033191678852,2.540186247505519,3.160309260419751,2.509105677561188
8188,pop_0,3.0481761494263906,3.112287628304316,3.0891589912424204,2.505910646450715
8189,pop_0,2.955593564622419,2.5162883064763704,3.4589527357104632,2.849534877248823
8190,pop_0,3.463381710277421,3.0014986485457276,3.3669685055483423,2.536217605756175
8191,pop_0,3.2897651635872944,2.6270628523337867,3.2735693364905116,2.787076556388484
8192,pop_0,3.718039097558234,2.699174169578236,3.1424165350664577,2.4684634575526383
8193,pop_0,3.6936495462776233,2.6563999732664048,3.1007583250251227,2.6548530733479696
8194,pop_0,3.057167592225336,2.7141474217156336,2.890436645911469,2.7841560454171836
8195,pop_0,3.3173033402768586,2.6855520404380613,3.1868282239694916,3.230884408308228
8196,pop_0,3.7934971062377647,2.6540601152197665,3.3504992251412578,2.922524064723387
8197,pop_0,3.3502304781775054,2.4486665956708973,3.300127690711693,2.5230946086420722
8198,pop_0,3.6672413380024507,2.2215131052217307,3.3594400488003164,2.557886731545002
8199,pop_0,3.564918293839473,2.4165040272147196,3.6199188347432343,2.3886367358043956
8200,pop_0,3.767886131629707,2.465476114327331,3.128768531340152,2.2743235313845314
8201,pop_0,3.1834260595199297,2.5950777569981542,2.8114740614235063,2.6668723585981695
8202,pop_0,3.2733585725545,2.637289515254745,3.4923533026773494,2.778584438634661
8203,pop_0,3.967249546303654,2.5111269810814827,2.9518368225856157,2.684227566786948
8204,pop_0,3.3749753197110652,2.601896013738688,3.1110618827807013,2.905757682095555
8205,pop_0,3.5892983925734288,2.656692592419786,2.986154055717619,2.7817194693831317
8206,pop_0,3.320351815193966,2.7475827329786533,3.216154392744096,2.455597076833843
8207,pop_0,3.6437719631747663,2.4178234800322715,3.4531342734373207,2.617269732171352
8208,pop_0,3.68985237494565,2.3517051906708666,3.230100154764002,2.594048121940981
8209,pop_0,3.8029678756036427,2.403395318425469,3.3027838295193295,2.724385507697213
8210,pop_0,3.61458237830892,2.3528486917311433,3.1273316501830246,2.4889309854593917
8211,pop_0,3.363654729919709,3.325516427536243,3.0300511846688067,2.7833364225653616
8212,pop_0,3.562848973307999,2.43400207524974,3.4763077568326946,2.428494433443711
8213,pop_0,4.021565649125539,2.6747354685663733,3.411138116657375,2.2553114885835135
8214,pop_0,3.176675094675382,2.994224144661819,3.487138911317477,2.713466044992791
8215,pop_0,3.049440201180435,2.7252018432824827,2.9667584632622,2.7481033991979005
8216,pop_0,3.8305064892156104,2.6783545365961015,3.312432172996017,2.34991632566317
8217,pop_0,3.239091953703771,2.9150723824476654,3.3338848210517313,2.8073936726652833
8218,pop_0,3.5784157187652084,2.266139083286538,3.59317162358469,2.510122873373706
8219,pop_0,3.575526947699404,2.6267101028323236,3.062460816214226,2.6638463640944927
8220,pop_0,3.698505378486618,2.563070803698643,3.200078796357605,2.5040086421291257
8221,pop_0,3.402130895678211,2.901884255353313,3.495506810807243,2.6200847630343067
8222,pop_0,3.5128285086842848,3.024485825028868,2.985503215364978,2.3829066206145937
8223,pop_0,3.162121015469607,2.7048655388657465,3.068005633867431,2.3188947717760824
8224,pop_0,3.1985259240367867,2.9368571041307554,3.184060596069189,2.86286836072354
8225,pop_0,3.354912577269071,2.7711184628819314,2.9459397867618753,3.2964504534391312
8226,pop_0,3.3719204089831063,2.4651721848006334,2.901385742885324,2.2756424607121835
8227,pop_0,3.1661091802312704,2.865076124167253,2.9431658267592016,2.961838428363243
8228,pop_0,3.3134520597103214,2.559116001076402,2.8302496923713765,2.752720059059745
8229,pop_0,2.9955137591104237,2.735071212555135,3.189275863791431,2.5068351041975014
8230,pop_0,3.183358119040633,2.8068219398718077,3.4776522775411096,2.6484265677780194
8231,pop_0,3.2736336294708868,2.550121801674402,3.127691372611919,2.8951414582558117
8232,pop_0,3.1200568452696436,2.6166904566678038,3.56904796197073,3.0194158038414125
8233,pop_0,3.3103862049627657,2.7208096133198105,2.795166198636684,2.5407132642588603
8234,pop_0,3.3384578085804177,2.6706084990902426,3.332401911757545,2.5065355171669816
8235,pop_0,3.238940623605545,2.559380096740936,2.9477424411797237,3.1900602981846666
8236,pop_0,3.481942584099983,2.809183642752637,3.147146982913202,2.569578487306541
8237,pop_0,3.370356481012284,2.9768570099061717,3.175125118436579,2.2899697384547264
8238,pop_0,3.311748019638457,2.802799230131171,3.234703135429524,2.672079791825209
8239,pop_0,3.0176479135379926,2.3813999856540464,3.325698421800451,2.350812865595935
8240,pop_0,3.6384473758339255,2.4935427274601834,3.6190316482840954,2.6849770108622213
8241,pop_0,3.395737439930777,2.6305421403462774,3.010003031430817,2.4765731648490776
8242,pop_0,3.609278689643153,2.461345915329441,3.0901659923511895,2.4721389482033778
8243,pop_0,3.392656808613087,2.868497437827816,3.193902244842855,2.845964843074722
8244,pop_0,3.488536287069318,2.507253615127112,3.040717128338132,2.4943131175479025
8245,pop_0,3.404681656015757,2.8979942131983254,3.2876391455329514,2.604557864796462
8246,pop_0,3.6175948174780586,2.601511916042388,3.01663087516584,2.4507149523257046
8247,pop_0,3.6424939778414065,2.2881866646565374,3.131218856031935,2.4788747343551716
8248,pop_0,3.2429029772313593,2.9093718696420456,3.0292011082765633,3.0180235904917723
8249,pop_0,3.5770432654639945,2.9400875791698153,3.081046654418503,2.9312302864477404
8250,pop_0,3.11360866538898,2.9895999371486033,3.275466477348423,2.8455808412231507
8251,pop_0,2.9615918906659684,2.6229638290776185,3.5545220624896405,2.1361207289967044
8252,pop_0,3.6309980966826894,2.8007969545963136,3.3278356246556093,2.266784925551631
8253,pop_0,3.6465358240163463,2.5389030316125987,3.0902189137701663,2.1921807486692044
8254,pop_0,3.101175504927161,2.6247349907379935,3.288599891722037,2.494023045023331
8255,pop_0,3.600346871327418,2.6853712038116857,2.742738819191596,2.835751919324371
8256,pop_0,3.4022409695846956,2.715275187261003,3.4235160350258207,2.5366290042459263
8257,pop_0,3.198499160863577,2.4861293008895586,3.2969234121836193,3.080423467322275
8258,pop_0,3.656868368877456,3.0437275714907854,3.15407917641123,2.6736493856706764
8259,pop_0,3.7324344828601532,2.444747956518029,3.1737493778502137,2.329487367984207
8260,pop_0,2.6115312059419327,2.770868399445488,3.3967573286656862,3.1266272224732776
8261,pop_0,3.5965789112050754,2.888327840106178,3.5056048854626756,2.5710517715495977
8262,pop_0,3.7430791018546925,3.0477635961413525,3.350412638245877,2.6164425139501284
8263,pop_0,3.402866481840869,2.5205315676269646,3.101704369106992,3.1175835184341953
8264,pop_0,3.281043317114569,2.409131686389067,3.407963373119342,2.564734041073777
8265,pop_0,3.130753930093743,2.6510473897026046,3.0909596387557055,2.7098915798540135
8266,pop_0,3.091257511853702,2.6595715479247795,3.422290093897649,2.721822651782552
8267,pop_0,3.4730989534706724,2.453262794229433,3.284875835865744,2.283077340311084
8268,pop_0,3.743941645287544,2.8438177116340926,2.9866810744242147,2.9454595128853374
8269,pop_0,3.259617758731695,2.2915943580655336,3.0679262103668963,2.727663010856406
8270,pop_0,3.3531593442810776,2.5736793263493483,3.389101961957886,2.7523108156946843
8271,pop_0,3.168936257443159,2.5717551775155694,3.4118074836279026,2.8625151751621263
8272,pop_0,3.1854160855254463,2.6733773245539374,3.295088315038845,2.7797776293591303
8273,pop_0,3.12232820972984,3.0659761344226997,3.158485186603129,2.709154397811132
8274,pop_0,3.263543607431665,2.603715859296093,3.6004893943767087,2.1496390242248378
8275,pop_0,3.223721975374656,2.96468614061775,3.03771810471469,2.633171301927623
8276,pop_0,3.3291825338974164,2.725834715312056,3.6367903433484323,2.386441849843359
8277,pop_0,3.235269885444219,2.557718559657084,3.0087487713255454,2.7333089973172497
8278,pop_0,3.4720860547535928,2.84965678948475,3.5636417927195585,2.9286494842786466
8279,pop_0,3.4008161585126775,2.708244281715289,2.803391453167303,3.1566847880093873
8280,pop_0,3.267887052273554,2.4702628733786716,3.315122687932814,2.5003217108972198
8281,pop_0,3.4498736304649067,2.6752640355927935,3.189719789800053,2.289233624764458
8282,pop_0,3.734376090938527,2.551899220855329,3.274005242919771,2.8446398127342154
8283,pop_0,3.583849172801062,2.643317283117795,3.325537680051338,2.8525188421442014
8284,pop_0,3.4520898176096697,2.2703627923152014,3.2322585356690774,2.582117536511787
8285,pop_0,3.918915412269655,2.2589480359532903,3.631947861035345,2.6771691587191997
8286,pop_0,3.2743934987103396,2.543440978147395,3.577929879740129,2.6229434401863645
8287,pop_0,3.2239708188635032,2.8885203843255494,3.1908747247258478,2.643391167048944
8288,pop_0,3.190293234634003,2.669208739944691,3.43067367606216,2.7179574255284904
8289,pop_0,3.473100896536934,2.5705382273164945,3.4389204932971458,2.781401537237109
8290,pop_0,3.603482933947013,2.487533888737644,3.161699664519037,2.4610680222656667
8291,pop_0,3.4492070580606375,2.389981491022924,3.181848160203281,2.527471589025607
8292,pop_0,2.8540116659898156,2.4529981017558624,3.124389830760545,2.5139961918286735
8293,pop_0,3.6396276792981763,2.6820969657125087,2.957221766350223,2.7930398458741523
8294,pop_0,3.332459727974875,2.6045675986848984,3.5059078436778375,2.513093248597676
8295,pop_0,3.1036596230681703,2.6685611413372112,3.0654646295229764,2.9002555947263247
8296,pop_0,3.674419297608351,2.710226084667388,3.5077190529161038,3.035644524314031
8297,pop_0,3.069620012930464,2.361590196989012,3.3581082215444007,2.5284977904919685
8298,pop_0,3.5409172476236805,2.5841230126439396,3.176349171223655,2.742492664315629
8299,pop_0,3.092578027403632,3.1005353048642683,3.3014731483489888,2.678110059964079
8300,pop_0,3.6492009657523465,2.5582415613078093,3.405286767462346,2.2625924384102643
8301,pop_0,3.366800837090172,3.31310610498846,3.292119823460482,2.603606639007667
8302,pop_0,4.110284108560827,2.9709581225354107,3.043587241955661,2.8888461633175084
8303,pop_0,3.6107596509338586,2.5531274181456833,3.3361430457635177,2.7240542190560215
8304,pop_0,3.6506117043953306,2.7014369432282734,3.2582747026811587,2.5817080832568173
8305,pop_0,3.768506343459193,3.0402151708079383,3.445578089316429,2.444369588683627
8306,pop_0,3.4203880361453787,3.0101229406526904,3.3649495747854674,2.700700585575536
8307,pop_0,2.906945247874872,2.440211597265007,2.467099439784146,2.8853763357008173
8308,pop_0,4.103139552460387,2.438390844999624,3.243032076634918,2.3070275773766933
8309,pop_0,3.321656277019317,2.4543021244421426,3.1382983875662025,3.029391404709738
8310,pop_0,3.1684169323238893,2.8390298177440765,3.4586872310585393,2.4980672393538326
8311,pop_0,3.139799619412126,2.9771924828216614,2.9492240285921922,2.6593185670412876
8312,pop_0,3.603113606443506,2.638334390666051,3.326014229010826,2.9100760389539033
8313,pop_0,3.4429948332898177,2.7643440845527425,3.136329541788507,2.4233306009358246
8314,pop_0,3.1488462120817826,2.967444983506819,3.553374123035352,2.8132654229993954
8315,pop_0,3.863053691210841,2.4318781647497785,3.2809433652843603,2.570285427307404
8316,pop_0,3.6747801674380436,1.920821033261206,3.6224666599925888,2.5560990643986155
8317,pop_0,3.126327357413185,2.726193682171757,3.2551418266192127,2.8626859219323566
8318,pop_0,3.508232140914278,2.6303237815175926,3.5670360897709985,2.689336752697533
8319,pop_0,3.6952628959888716,2.3904671592290785,3.281036781499853,2.906821479413915
8320,pop_0,3.2698558026681526,2.8477184015766985,3.3703253770768935,2.5344364371548007
8321,pop_0,3.684720889124181,2.6585572503782244,3.107163378597902,2.7253765208961793
8322,pop_0,3.46472163905158,2.3605176575294062,2.9222105883407257,2.737140103944972
8323,pop_0,3.762530865877091,2.6894467296799975,3.1693092611733005,2.4986844473579914
8324,pop_0,3.5624314487920414,2.6975273019799704,3.390459450256773,2.7548036862489536
8325,pop_0,3.247628753783096,2.4956570815733845,3.408222614045837,2.510696799805474
8326,pop_0,3.1420443770540953,2.409130300624243,3.6492660436141,2.5524356723900143
8327,pop_0,2.5486972428119254,2.796145345641043,2.977390675411934,2.678940152886323
8328,pop_0,2.878034466577714,3.2812840036235613,3.2734349365621425,3.0886477714775196
8329,pop_0,3.1201886236950607,2.8758850199407013,3.3711411939604234,2.528894100593843
8330,pop_0,3.80474399356457,2.3237644247036116,3.1148129251424024,2.8679296629176827
8331,pop_0,3.2889392182159733,2.821868892175935,2.9782202150753574,2.6117587834546248
8332,pop_0,3.432988813727218,2.6078761072530927,2.947582034161623,2.5453025646532086
8333,pop_0,3.6389035293518552,2.5164947430470748,3.788094242953751,2.5526279244629944
8334,pop_0,3.4573480636017866,2.5570702478802065,3.2540149841962567,2.8018178334156003
8335,pop_0,3.2276286830112255,2.697287969250492,3.3319626589342897,2.7091425499156894
8336,pop_0,3.769031970856986,2.621829537781171,3.2608692484708777,2.7763065851526876
8337,pop_0,3.500834402598047,2.5501281077337827,2.9795393584802565,2.7595410999261927
8338,pop_0,3.750225463729226,2.384232596936715,3.4768242069616235,2.519984478907564
8339,pop_0,3.602414349662729,2.397379816006509,3.572542729061818,2.138468183818699
8340,pop_0,3.6454850210337106,2.7446789734438983,3.1362476271097965,2.8300255788212465
8341,pop_0,3.78576782302567,2.6588023971972516,3.1802759991677068,2.6162465928629186
8342,pop_0,3.4651354006496615,2.7981572508090804,3.081994440835148,3.209660246649227
8343,pop_0,3.150638072443514,2.452417764717514,3.0054664362959476,2.390016945524469
8344,pop_0,3.69937525384377,2.580205185751312,3.260602657235547,2.523628294744644
8345,pop_0,3.5362124625245763,2.897674274175748,2.9881647137987373,2.5978230319519255
8346,pop_0,3.615052752242403,2.4520444558665133,3.283857181107548,2.5453057269428534
8347,pop_0,3.158933002537718,2.8224375793849794,3.492552549456912,2.6538729542671526
8348,pop_0,3.685472519483305,2.381915878313049,3.186271097572157,2.9187537876092
8349,pop_0,3.520090019025611,2.5050376923269124,3.2029378728187825,3.008687011799775
8350,pop_0,3.432175290502868,2.6965607530003237,2.9804204757537196,3.0580736808657196
8351,pop_0,3.3888334733237397,2.5662837299004564,3.1168850705359583,2.4881989389889694
8352,pop_0,3.9878381441089275,2.184159411008237,3.5210717000993803,2.5510774248223136
8353,pop_0,3.5324975177285425,2.168586266759241,3.1176738083530062,2.6691701200868594
8354,pop_0,3.0707351739004323,2.4540554511006123,3.0355156499512317,2.69924653969566
8355,pop_0,3.572755775496186,2.3413429216547152,3.4079748456295302,2.7516123247546007
8356,pop_0,3.611341359241128,2.795683821443049,3.3998959567610028,2.8681233006143776
8357,pop_0,3.1458336501168915,2.7828270308735616,3.2899578326183208,2.5049142496236425
8358,pop_0,3.086269365741065,2.8512028063122203,3.4630720586657726,2.75171725918705
8359,pop_0,4.124900740090763,2.4201300663914362,3.245429441079716,2.411833676030031
8360,pop_0,3.5989429583327883,2.5241499725145577,3.2829657932465452,2.9635403978562476
8361,pop_0,3.6154040644844345,2.3777708819678685,3.430864336301462,2.9792953384762555
8362,pop_0,3.0504371590771036,3.2125928204773726,2.8396946431272774,2.5166687805753654
8363,pop_0,2.979916483903759,2.7977608922840034,3.2406061564339796,2.728554825749018
8364,pop_0,3.265731432246245,2.490391381545039,3.3798143970300303,2.5570529467971235
8365,pop_0,4.033486845610348,2.627245581126734,3.028889636123947,2.4787935922777007
8366,pop_0,3.254688655486456,2.873270637070403,3.456475332910616,2.6513660376229202
8367,pop_0,3.633922635573086,2.2053066241721493,3.1475030638134487,2.3504927816339833
8368,pop_0,3.1245556207980667,3.145661111916721,3.107705006960248,2.6569876763666214
8369,pop_0,3.7023696995004864,2.410438203149725,3.0791957151617524,2.9327142716167267
8370,pop_0,3.7024141893067366,2.6223684571860306,2.959524513034861,3.3611770457947507
8371,pop_0,3.3632613543753416,2.9771240545643756,3.215497912321352,2.727450022794931
8372,pop_0,3.3155010390810493,2.576762533642762,3.417085904397464,2.186240950279286
8373,pop_0,3.493435153379846,2.9920448556261476,2.9155409222699826,2.766231385521121
8374,pop_0,3.410596396036275,3.1265505510295597,3.57487381488345,2.888381966573214
8375,pop_0,3.2206154861556278,2.853236196959353,3.2030310821407304,2.833811854572152
8376,pop_0,3.933943431615414,2.31261752651275,3.159442317915448,2.479594243683318
8377,pop_0,3.1346607640383306,2.593490414681206,2.9788516328560357,2.046311371470037
8378,pop_0,3.3840268606746973,3.261518866871777,2.7676289315548974,2.5031982303240516
8379,pop_0,3.706892103086016,2.3827843575504044,3.4270330034703247,2.5337535698800795
8380,pop_0,3.770156404684181,2.2176283638997387,2.9617945071107323,2.226683331162549
8381,pop_0,3.1078686175627577,2.5137350623743524,3.3462475531993947,3.1239634462023798
8382,pop_0,3.259761768257782,2.7909326314279292,3.682523526301097,2.937985906663819
8383,pop_0,3.039761528423102,3.1506368739025126,2.9421459470531413,2.6219380680831734
8384,pop_0,3.8184784858622685,2.4581702433673955,3.2166455687504594,2.4322454445123185
8385,pop_0,3.432389918063938,2.581189938051715,3.1418637545939156,2.7961921520267325
8386,pop_0,3.5453607340413846,2.4242913100376198,3.0913291651960595,2.6875142020333223
8387,pop_0,3.4625454555432027,2.6576149127637567,3.3257259887475605,2.964720772898582
8388,pop_0,3.552550817348167,3.0360234477662558,3.146186899723849,2.1453392083106095
8389,pop_0,3.165760090430721,2.980079459599415,3.222334768373513,2.8446916855755635
8390,pop_0,3.4036619294993407,2.5883076179463806,3.6835020425218743,2.6159096334939487
8391,pop_0,3.1550887044230094,3.0745982251022017,2.860954462091329,2.8334433211159595
8392,pop_0,3.5426618523004607,2.603203522955658,3.366537314052847,2.13837995454334
8393,pop_0,3.318538542720781,2.717587801003444,3.1006820977928196,2.8804320797548897
8394,pop_0,3.6211218794676694,2.831195037093811,3.2813356312928135,2.646902313154489
8395,pop_0,3.7333985054461647,2.30047971454484,3.648599759940094,2.2743144561160067
8396,pop_0,3.6521095418194403,2.7532484365450376,2.9291150617457262,3.0699295110305576
8397,pop_0,3.786461971112954,2.6372501646304873,3.2208409778895866,2.1894167498444936
8398,pop_0,3.60470363465495,2.737144939797207,3.0075283188390625,2.824814056437539
8399,pop_0,3.0879408083427533,2.3789747517972346,3.3549766402058903,3.2177758562391987
8400,pop_0,3.764132129045695,2.556730477057744,2.8086610204780764,2.462319861233041
8401,pop_0,3.590501442322649,2.7824887656799144,3.372876924921361,2.230811160725784
8402,pop_0,3.785231446429223,2.203636719660878,2.9308708311162732,2.4707066930188493
8403,pop_0,3.278471671435233,2.856288750769162,3.2485625650660612,2.941449868414386
8404,pop_0,3.6516818861472027,2.5290165318285007,3.4063600838487638,2.733773995021225
8405,pop_0,3.196983741729987,2.186561585680335,3.1305967170819478,2.3428833026999576
8406,pop_0,3.1204000244579744,2.7469949957513364,3.4582125079697716,2.6768606803968997
8407,pop_0,3.3440070339949792,2.850815050808479,3.501442000800766,2.8168287304515305
8408,pop_0,3.644307507109288,2.773103178454228,3.490988676463017,2.9083680416416113
8409,pop_0,3.6306939958944775,2.4024502454550687,3.0403151295209896,2.419252608143621
8410,pop_0,2.696395390887764,2.6273882690461,3.393802538576195,2.9070438835886265
8411,pop_0,3.345366111996762,2.406444819940075,3.26912005514128,2.436732029363769
8412,pop_0,3.154791184480157,3.124677823338255,3.4628562707782016,2.69536347384108
8413,pop_0,3.2394020709212534,2.927244611877117,3.1918048359087527,2.553661068975398
8414,pop_0,3.556024573709815,2.5861974958939955,3.544525072424413,2.517764764202084
8415,pop_0,3.8515996527640204,2.4679640309316557,3.425421127578825,2.735386266609478
8416,pop_0,3.2444622830679926,2.5711650375357538,2.7346783484366948,2.498688797122075
8417,pop_0,2.9548735397996904,2.6130763718882033,3.432352104916073,2.475460082352482
8418,pop_0,2.9986952845136994,2.57711378458017,2.6009309859049106,2.4801573309457825
8419,pop_0,3.6167341067455685,2.749856517782213,3.0480276779407958,2.2639221226220863
8420,pop_0,3.236358882904654,2.0794693245844478,3.0228306660802584,2.287689665210947
8421,pop_0,3.3650289221360663,2.6347210022681535,3.2703691617812685,2.5136971591401474
8422,pop_0,3.4504516137711763,2.9766487689688264,3.7513209350760373,2.7876032127212493
8423,pop_0,3.70741752890343,2.137614918131114,3.543384525312473,2.6801961868027875
8424,pop_0,3.484627989138156,2.795642006987843,2.8269047396262943,2.77338802126184
8425,pop_0,3.377419082880002,2.4678826906320737,3.2532309847966547,2.508075078090741
8426,pop_0,3.2628350477138794,2.396654659047771,3.1040139190218095,2.4537947523998898
8427,pop_0,3.125629354701344,2.5766851925828,3.2120668600904128,2.888284683484894
8428,pop_0,3.6009702553395577,2.220085345350295,3.0523023489290133,2.397866198174718
8429,pop_0,3.3243171772604447,2.7200679441858897,3.3604457870507938,2.5514740216596374
8430,pop_0,3.572780209180048,2.7218423442409936,3.2519384316572464,2.862818117330788
8431,pop_0,3.7163663716887814,2.5399432545341734,3.5504533117215518,2.5835527919478514
8432,pop_0,3.3463934778116986,2.974046703329831,3.32170959103073,2.9993932290470693
8433,pop_0,3.6511588580294405,2.6738629056257284,3.6364995414798664,2.200575748022412
8434,pop_0,4.072261852670654,2.082377069155865,3.285598994803464,2.128692739897088
8435,pop_0,3.8720031402203388,2.766594520054598,3.3731126357010575,2.694785763406193
8436,pop_0,3.4969476552628596,2.1617353354625495,2.854887563055559,2.505114815149735
8437,pop_0,3.634331231351955,3.221123136070476,3.4569644915940825,2.52302863476385
8438,pop_0,2.896252055300318,2.848250357849903,3.3252990918584207,2.2798053058181487
8439,pop_0,3.4074379648997577,2.640088614600913,2.978445967010252,2.667226501842519
8440,pop_0,3.709471581585578,2.2920260053522155,3.2209871434440394,2.62671362813423
8441,pop_0,3.6027165739672746,2.8603661328699483,3.0635982026163266,2.343854368518853
8442,pop_0,3.41343469093986,2.547666594100044,3.339802083895458,2.48764825742702
8443,pop_0,3.5396894917449995,2.406990165631841,2.965836244515178,2.708339245137109
8444,pop_0,3.3137764839337613,2.4037248643610742,3.325861161198028,2.7474583225854587
8445,pop_0,3.0301721338331054,3.0579865878506602,3.325953186431254,2.6997037862739526
8446,pop_0,3.7048999456725125,2.2017473683337627,3.202246884162332,2.3233075754491774
8447,pop_0,3.0379168650004096,3.0499637834697593,2.918641305689847,2.581818276750199
8448,pop_0,3.470998391096224,2.3630570504540556,3.379042770315398,2.6413037084318147
8449,pop_0,3.704517129243545,2.7566283679202033,3.1028391055321634,2.7585764412465505
8450,pop_0,3.4683792998775167,2.7402867619858435,3.337672603520665,2.909988733867243
8451,pop_0,3.1227297920882005,2.9142530227756307,3.4002042182707917,2.8679600335095845
8452,pop_0,3.9522152745853116,3.215914783411919,2.9969200970486645,2.5642601486999594
8453,pop_0,3.9306874790894386,2.800389423296858,3.1703694809873286,2.824926267398944
8454,pop_0,3.581393952559956,2.7367286740187726,3.342302003214561,2.400288367910243
8455,pop_0,3.6567970642244747,2.5605652395962237,3.215017855552008,2.4696203260643244
8456,pop_0,3.537541201879163,2.397146822157318,3.07160772393625,3.014100083850684
8457,pop_0,3.713240678093945,2.3742469378438864,3.366199281813322,2.066127177877798
8458,pop_0,3.500574253120009,2.4671076476329072,3.2301188333194086,2.635651101246846
8459,pop_0,3.620255898362099,2.42022743091075,3.774494110401598,2.4220918770692705
8460,pop_0,3.4461462201416095,2.597045756077025,3.31257951264538,2.8604879878531673
8461,pop_0,3.5432529030742446,2.404051706004287,3.5777316261996703,2.8396250192217978
8462,pop_0,3.1115926329575734,2.890066592975177,3.486930854841093,2.7506561031591508
8463,pop_0,3.5980015313734603,2.427109931426904,3.076888697880816,2.9535091904606228
8464,pop_0,3.688142407215977,2.9433981892302716,3.105083712264386,2.3245569961129666
8465,pop_0,3.518125823224249,2.1688823685140615,3.237201616124758,2.5313015355892237
8466,pop_0,3.1962374387558565,2.6333349655133813,3.12428548830395,3.062776441955886
8467,pop_0,3.4747191074488297,2.5617207104765605,2.909847810143984,2.076235185153415
8468,pop_0,3.791052454707633,2.2851467680503785,3.3859054897661203,2.4624258433898354
8469,pop_0,3.7479340541687423,2.381070638131147,3.578609417840514,2.25441517444653
8470,pop_0,3.2007875809740844,2.898391328580561,2.9949635841664786,2.9512037751053133
8471,pop_0,3.202329698612315,3.0827251334112726,3.282337500363337,3.0310949628301835
8472,pop_0,2.976482556727949,2.7793641729790037,3.4341475128812715,2.096378688955063
8473,pop_0,3.639171153931976,2.3477741731664863,3.119972819457966,2.4293494540102816
8474,pop_0,3.610712892017541,2.795413203332514,3.709125496444264,2.3846067005215836
8475,pop_0,3.162979838106643,2.70974457340466,3.315765525382217,2.64881558074421
8476,pop_0,3.8159266748703113,2.3556852647907944,3.201858059297711,2.6918364305409472
8477,pop_0,3.475456126095603,2.755578064350349,3.241070093713195,2.6657819611609583
8478,pop_0,3.6826231740128397,2.558075953410619,3.2247941468049794,3.0031977486154706
8479,pop_0,3.6503607198453536,2.5213035447876004,3.2914768324630472,2.6316267716205055
8480,pop_0,3.213384265876076,2.742547621588487,3.4735940564717778,2.110083327945433
8481,pop_0,3.288792108754802,2.630870930232783,3.347678998977851,2.3453967307490724
8482,pop_0,3.879061799227496,2.5858711007529576,3.38744465125018,2.5367108213410514
8483,pop_0,3.609948236987153,2.3840882636359884,3.4038981993539066,2.8036349990430653
8484,pop_0,3.1359915237643987,2.765368471619499,3.2852046746332175,2.737873811520567
8485,pop_0,3.1171949763349387,2.7492206439713005,3.2198725851684364,2.964227826332716
8486,pop_0,2.6001973637075135,2.62219532871284,3.1178417330887487,2.8832233610794646
8487,pop_0,3.103996831215576,2.7007284936112455,3.22161846214057,2.97542444430433
8488,pop_0,3.6653399485721767,2.70422459490325,3.041147664117409,3.111616936067707
8489,pop_0,3.8929547562327596,2.5760788695086774,3.2798020315667213,2.302863901341935
8490,pop_0,3.3421725360841186,2.6933790205830612,3.381347493012307,2.764874014096453
8491,pop_0,3.601969697585506,2.8296869801734834,2.962567859583366,2.4417884626064152
8492,pop_0,3.6052066275686445,2.9711787973231774,3.130673427523071,2.620505260582111
8493,pop_0,3.1782024991475115,2.7882536938406406,3.0989388518148138,2.7349275951853693
8494,pop_0,3.536780250093407,2.668445190405662,3.6657902081708036,2.6542188176409893
8495,pop_0,3.146161411519469,2.9507621189995974,2.997534057971794,2.38674369246122
8496,pop_0,3.55995504124885,2.2607435803625258,3.435777365317486,2.5173486237391307
8497,pop_0,3.222670842183187,2.7542169278929474,3.324561853210259,2.6212945205388363
8498,pop_0,3.5866044837469757,2.3814448332711686,2.913453752649897,3.1008879389412587
8499,pop_0,3.417912328805161,3.0370258365564737,3.3864829858794665,2.630517184060617
8500,pop_0,3.258627041449708,2.316283209821772,3.091243324722594,2.6415082742702896
8501,pop_0,3.4439938370989016,2.9344673256837694,3.1485888381160776,3.024090726034143
8502,pop_0,3.491511090576788,2.604703943370222,3.391114509793374,2.4057272452427427
8503,pop_0,3.215547000937974,2.4932364460900627,3.2736241826026977,3.0586220348526343
8504,pop_0,3.2248468174129497,2.8251990297275844,3.082858312701569,2.819404826004857
8505,pop_0,3.4482461176143895,2.6757268101297904,3.229278494769411,2.536981160483832
8506,pop_0,2.8303208651765224,2.5584953994974535,3.3157148333952065,2.177476893695634
8507,pop_0,3.5924650764160413,2.406497479378646,2.9900484974456134,2.4649044849143866
8508,pop_0,3.408953864540263,2.322360760169589,3.4905302379978207,2.421812469189442
8509,pop_0,3.0382025753425497,2.360342411534589,3.225770101580918,2.5087973181091616
8510,pop_0,3.316463945161182,2.6442126562761006,3.051633473559129,2.4882756594753537
8511,pop_0,3.9002498982948315,2.290001198332396,3.6559525573655707,2.86455802817674
8512,pop_0,3.527427925731308,2.4149469961017744,3.3979801222441752,2.7427938061623305
8513,pop_0,3.2979955501841505,2.692335331888758,3.603650051459022,1.904691750111256
8514,pop_0,3.7851588725093386,2.7008258959216964,3.0472792312122463,2.4407487515651365
8515,pop_0,3.4455468920690566,2.9646311225092763,3.3949803592550793,2.6386370493986138
8516,pop_0,3.614322746828419,3.0154213719187783,3.392002552193137,2.6568862512886535
8517,pop_0,3.7743287168648396,2.6746898113376987,2.8541930908291526,2.42725345172995
8518,pop_0,3.256698853287047,2.7980930085787765,3.287913720641521,2.8465631996881813
8519,pop_0,3.8669998693500656,2.35259595549383,3.5040253675244615,2.976388979566641
8520,pop_0,3.5755625374412414,2.6725484157214985,3.0917154875875266,2.9565140720707896
8521,pop_0,3.6817470178299354,2.9257865367007962,3.3296308831088033,2.790274147830478
8522,pop_0,3.3603578351274814,2.7972051711779584,3.246009488758232,2.764011043497902
8523,pop_0,3.636813929472831,2.7017457754351035,3.188805245809441,2.6715341456563597
8524,pop_0,3.5624881830966544,2.8415220768747904,3.374639997109033,3.2220178851823134
8525,pop_0,3.6032162100594167,2.463351818168973,3.2532752864796417,2.29338925759827
8526,pop_0,3.242028193301475,2.255269402852424,3.1309917399759466,2.6408161045821643
8527,pop_0,3.6313208219241577,2.8031852221207707,3.1413560585187943,2.799602720375223
8528,pop_0,3.5354492744937027,2.7802835984142718,3.1058951413300857,2.7456903455216324
8529,pop_0,3.324997673008167,2.749681754520081,3.002096663379928,2.844787030815499
8530,pop_0,3.6583126327291375,2.425250889742623,3.2900865458914748,2.5677370687163585
8531,pop_0,3.056601075155469,2.705834904418552,3.3645685005976915,2.5804697969720465
8532,pop_0,3.578857563100807,2.261120650239398,3.2058886383699865,2.466447874714372
8533,pop_0,3.290129121229739,2.497526048736858,2.7734601524307885,2.3448419145856274
8534,pop_0,3.728337474943076,2.6916975424914167,3.33833728607481,2.613307521437455
8535,pop_0,3.5798866711456507,2.540017823808345,3.204753411365141,2.6318766901910338
8536,pop_0,3.7532381830450214,2.2127588709085506,3.2635358073417917,2.502880780781483
8537,pop_0,3.178286081924661,2.620298782626643,3.239940354178871,2.926594323054367
8538,pop_0,3.260612348383896,2.762955425072328,3.417749071227213,2.535813123077292
8539,pop_0,3.3799768677923634,2.9295218913301744,2.9570671421559314,3.125555102868234
8540,pop_0,3.3832114565845894,2.782703876857122,3.0193480579812295,2.5983682195192506
8541,pop_0,3.442093896195638,2.6178771542486965,3.2638196046533343,2.552712602866529
8542,pop_0,3.2870236472428784,2.8532158382904362,3.2569673197242675,2.860958448236128
8543,pop_0,3.889269611905477,2.7848471936914483,3.337391376338873,2.7388700675561664
8544,pop_0,3.0480269752286344,3.097697246860573,3.2270718804403336,2.1286420302002096
8545,pop_0,3.3295295855848863,2.4862013892314625,3.254957122881636,3.1535198307266485
8546,pop_0,3.11890513890123,2.9076286350096643,3.096665205761652,2.209790147326073
8547,pop_0,3.185593233583608,2.3793038924001424,2.9440798159089274,2.488588795028134
8548,pop_0,3.4958487397528,2.0964284076652735,3.224633791793378,2.4121779846118065
8549,pop_0,3.5597758880466652,2.5019559919191243,3.563990436218806,2.232780251694768
8550,pop_0,3.3879502311885914,2.4965392958449066,3.128240183361116,2.6690540302599195
8551,pop_0,3.2056107660034954,3.054833679403966,2.93041838073344,2.618949058444137
8552,pop_0,3.4036230957983644,2.793433391389682,3.0735105147963737,2.6275781046295528
8553,pop_0,3.4487919762420978,2.392167855680632,3.416125498655365,2.5599236781260157
8554,pop_0,3.4883268649041668,2.5666176169032875,3.2293737805530065,2.6564947032649453
8555,pop_0,3.6069679756581094,2.46684307310524,3.154296752263384,2.5862480107956145
8556,pop_0,2.8589708303526304,2.734338087621139,3.1336099905125905,2.5971446732397574
8557,pop_0,3.435798023108933,2.541387246729664,3.739266118528457,2.5646350745490816
8558,pop_0,3.156076706843317,2.6566455052824165,3.1366796985745404,2.9518967509633893
8559,pop_0,3.067673277895956,2.630827968068166,3.4815998926330627,2.6445182207700366
8560,pop_0,3.254925503779593,3.040318832461561,3.023008803580359,2.670165905298219
8561,pop_0,3.0224690089534496,2.9273137123428192,3.214318676582053,2.475814377289426
8562,pop_0,3.3043713857691808,2.879229518916461,3.9502296263889605,3.0093705185191593
8563,pop_0,3.3577006170284167,3.019718682353466,3.704847128095456,2.9251923705924248
8564,pop_0,3.651995443507647,2.5626923431798283,3.0472262068066085,2.3726739789696794
8565,pop_0,3.483305178346787,3.093306422677053,3.2560650317448534,2.2310147003890934
8566,pop_0,3.2834778248981813,2.595699349855658,3.015537475828161,2.3608153963054157
8567,pop_0,4.008718025340148,2.5747729075058157,3.0804104176558713,2.727666730722014
8568,pop_0,3.2524684898342096,2.3821516802047102,3.7685134455741474,2.9239932153836254
8569,pop_0,3.429043411437379,2.990629118848365,3.1997592479497174,2.7223919016042117
8570,pop_0,3.5197231511473013,2.547138815499415,2.877794841600061,2.517357280878206
8571,pop_0,3.5591195875204105,2.174834445953481,2.630383501369962,2.9008559477308595
8572,pop_0,3.6269507262302927,2.6558737148443314,3.0633414415752127,2.432306661724508
8573,pop_0,3.686065015273257,2.4560938791252434,2.7825873511104207,2.6763107367678525
8574,pop_0,3.64237070764262,2.464213155703067,3.188289436727096,2.6408876605432936
8575,pop_0,3.6499197421630276,2.537269244167325,2.9111025666090398,2.4913106810390513
8576,pop_0,3.422060736815404,2.81344296998237,3.1515943320181368,2.494530191485791
8577,pop_0,3.6739566331908273,2.205198081206993,3.4739465354888384,2.4276584845093363
8578,pop_0,3.1743011885277497,2.9497399920053704,3.0306817727205506,2.827956073487366
8579,pop_0,2.967320080470382,3.090166285585228,3.241074511877888,2.568893277537878
8580,pop_0,3.508070368325505,2.5854929615278164,3.5073219939539024,2.743847912077135
8581,pop_0,3.3777197870354767,2.876806217275799,2.9972781117814646,2.403784233910942
8582,pop_0,3.2522566612260015,2.2181960802855474,3.5191094001225958,2.437701050113136
8583,pop_0,3.6013282638980164,2.7716666174884765,3.1055609529192707,2.22849711922545
8584,pop_0,3.5160031938525984,2.87121689112887,2.9381896829022973,2.823724944404559
8585,pop_0,3.1513605381069865,2.892863463641644,3.405156439320103,2.6381409064752948
8586,pop_0,3.727193447634111,2.4454940266216076,3.3716111059446985,2.5922380177740543
8587,pop_0,3.235951445816493,2.2916601021725262,3.2410431515759486,2.6595167336340304
8588,pop_0,3.461563733209895,2.9698924345697884,3.3468051311465743,2.9812609575732423
8589,pop_0,3.0849077559536147,2.746594673790193,3.0790303124048672,2.8236897981038256
8590,pop_0,3.306146914620589,2.5842694662038013,3.3200909616229124,2.5162408119074797
8591,pop_0,3.3181982366690606,3.024905630574907,3.0965089077285177,2.452959198824598
8592,pop_0,3.2588381117905088,2.5488044295039933,3.0999598774491615,2.4373184408009805
8593,pop_0,3.2472636060713613,2.998350138788141,2.967580684103509,3.057382925919068
8594,pop_0,3.5994843168832675,2.3542350073467664,3.4470761462007298,2.5453799831821704
8595,pop_0,3.086779358774872,2.77186569775866,2.967937992739168,2.785208479556355
8596,pop_0,3.3329447383085564,2.4580210953421324,3.0710720911853966,2.884738026278926
8597,pop_0,3.344203998247836,3.050973734315553,3.503676431423747,2.3174107057377293
8598,pop_0,3.742859201626288,2.571853179241403,3.447154430764464,2.7342919290712078
8599,pop_0,3.5739679828950193,2.8249204255515092,3.180472970409494,2.6532756425149797
8600,pop_0,3.5278916335161004,2.3785683912102202,3.1993775472085892,2.901657893731807
8601,pop_0,3.5273860073031504,2.8974269057082807,3.2085938092300994,2.4248945805457867
8602,pop_0,3.283919005037787,3.0628834320291785,3.468660347624897,2.641964733723917
8603,pop_0,3.0769413260461205,2.865711442801174,3.0722175824652114,2.972831971610505
8604,pop_0,3.5816403401054635,2.413236559333152,2.8920646564975163,2.7632954030841033
8605,pop_0,3.5244399068590635,2.546831045649754,3.4651765220483366,3.0788251151460115
8606,pop_0,3.182542149359898,2.3722068367536733,3.6844456356388577,2.5692495662827053
8607,pop_0,3.155930190997772,2.6763810069942826,3.064696772843749,2.705048718658273
8608,pop_0,3.058396554603033,2.7450540020314724,2.8369590074148174,2.3896723192570466
8609,pop_0,3.228733343021545,2.6919865985937483,3.586620479576718,3.1830607423165227
8610,pop_0,3.4452052740103474,2.29506661873234,3.171518977656183,2.1434562587828627
8611,pop_0,3.125494073177123,2.900175188839677,3.4253495095750774,2.560127462320737
8612,pop_0,2.963990650333426,3.0799777809392443,3.3459901040365643,2.691788779844063
8613,pop_0,3.3696286634286263,2.3959691923682747,2.929244153090493,2.861701831478253
8614,pop_0,3.3305920025518962,2.622606317329397,3.438037377397983,2.615643463804124
8615,pop_0,3.4732347480657317,2.7631065932649754,3.0886998534165553,2.5499388823189304
8616,pop_0,3.4591978277606072,2.547943648516421,3.4988065687430456,2.911781265232016
8617,pop_0,3.483383695597995,3.00717629862803,3.3374623129582286,2.715958945849236
8618,pop_0,3.6023884453807393,2.756148195332199,3.4833226035999907,2.3921848232886678
8619,pop_0,3.5723450586641188,2.553061938885572,3.073792715322415,2.8714725311895224
8620,pop_0,3.5101441676232685,2.707439756246653,3.071652578295408,2.1800916812605577
8621,pop_0,3.273836762176793,2.9307116397290707,3.13061051386136,2.6325836767997925
8622,pop_0,3.5184409990884227,2.8078603139235936,3.382688482161566,2.6639162055459837
8623,pop_0,3.21172570709742,3.198139804683525,3.524460755499017,2.581241113968946
8624,pop_0,2.8985968967753735,2.4779964482552326,3.4932028104657014,2.8145698669447405
8625,pop_0,3.651932106787647,2.4891522895207063,3.638327694095947,2.787472786915754
8626,pop_0,3.3431262828905854,2.7100552512956204,3.5655115674989806,2.6615119436858112
8627,pop_0,3.778769077140961,2.7524017801973177,3.5544455129238095,2.450486406264663
8628,pop_0,3.3497103419937524,2.865595736283038,3.12398312877458,2.559343593142522
8629,pop_0,3.803238232501353,2.6487351177938816,3.189274007949355,2.5732695915750754
8630,pop_0,3.8869740561761654,2.9147712912871926,3.885965521448718,2.4958864318029885
8631,pop_0,3.5881721571539287,2.720353551786984,2.978199499602474,2.528049581459787
8632,pop_0,3.5022714818294807,2.843957096591883,3.3453977826419568,2.7073866090465413
8633,pop_0,3.3679326349461425,2.5622433044250514,3.0437023118189317,2.7714960320977786
8634,pop_0,3.464981384849391,2.4402452492249957,3.541455790824231,2.695262013068998
8635,pop_0,3.4696071703964377,2.766190889095084,3.1237425832027417,2.658474910811825
8636,pop_0,3.2524056721209087,2.425558684951031,3.1778996488340576,2.3585962927328055
8637,pop_0,3.469425918169935,3.093055452065266,3.384284327546454,2.4506049314693827
8638,pop_0,3.0965995499514936,2.7093486846028676,3.442913433642438,2.841363207338414
8639,pop_0,3.2458183039960584,2.797097978676933,3.3885338726864154,2.488661857548236
8640,pop_0,3.506923339264567,3.055139806294163,2.9488150981444834,2.3436327912735293
8641,pop_0,3.2241765275452674,2.8132597907406516,3.2931817920444173,2.358298801809669
8642,pop_0,3.3833514697234452,2.7952678162258073,3.3806111274951225,3.088043071578785
8643,pop_0,3.293202632551727,2.733964914465392,3.596324579343655,2.5536586303234063
8644,pop_0,3.4639855330820835,3.1952234707707823,3.102242812584089,2.8721284752691987
8645,pop_0,3.863877360538899,2.824381832233178,3.26891816590765,2.4666427352346574
8646,pop_0,3.091611764082916,3.10144567940498,3.300513220563414,2.7105578499360936
8647,pop_0,3.1195457511403326,2.531492003160037,2.677318355759832,2.7889250872709948
8648,pop_0,2.7155022140057143,2.8864514577443146,3.4234467555665695,2.5497617545052504
8649,pop_0,3.4863473559091296,3.1359203208910493,3.2717030179555056,2.829960191454015
8650,pop_0,3.147002243460623,2.7708346338930565,3.1806343241600255,2.9590631474136493
8651,pop_0,3.944500215332783,2.817243919325019,3.2686305444491084,2.424247536625162
8652,pop_0,3.1029717355808812,2.3450499849974507,3.160029595270148,2.7897631197084354
8653,pop_0,3.0810289727669242,2.5986594127012035,3.187504938014699,2.7703801214654784
8654,pop_0,3.1434274641294366,2.4498820873082114,3.3451741959800247,2.6000607037915158
8655,pop_0,3.384892665249825,2.458575122820163,3.3582633174763004,2.770148176468747
8656,pop_0,3.55800737959197,2.5588238940367503,3.1327438411201154,2.597020275598066
8657,pop_0,3.3518459918089465,2.555618972991322,3.409576152077559,2.4846555991974455
8658,pop_0,3.730331933963483,2.118099852078157,3.365155341850558,2.593643826386326
8659,pop_0,2.967861776572824,3.087389035118754,3.4587426174203424,2.4662781878704423
8660,pop_0,3.4570119330010067,2.637357347579285,3.425003923693642,2.666424221674355
8661,pop_0,3.1468256982755705,2.602211888607027,2.9913332282228597,2.3387488258201676
8662,pop_0,3.634948988253604,2.319057021754766,3.0872292198893643,2.4930250140624284
8663,pop_0,2.5783477652383007,2.5236539014481445,3.0841127226938623,3.0061740693287518
8664,pop_0,3.3942585077886576,2.5481794154156514,3.5034145023599144,2.38792019989554
8665,pop_0,3.8131062797114486,2.478393897339131,3.569601646573261,2.783624481594787
8666,pop_0,3.3021122865395665,2.861705409236507,3.400583970240211,2.611618513402858
8667,pop_0,3.1968434952858633,2.856164240153537,3.0451576431983796,2.719636208269262
8668,pop_0,3.586546116701023,2.886563165944847,3.0909221340874926,2.73375842848045
8669,pop_0,2.9725925648817935,3.0702582972664927,3.102606268118646,2.689095538756003
8670,pop_0,3.5791738343946466,2.5101335062645225,3.1573106924471204,2.824039558466899
8671,pop_0,3.508701896729388,2.8258930019750967,2.8657949032850425,2.6493546558368872
8672,pop_0,3.816791471035091,2.532835231426269,3.404238343216789,2.8476328716835835
8673,pop_0,3.2305312634121166,2.5331452423728535,3.4451954768754947,2.271458328999627
8674,pop_0,3.4455221971408583,2.655529758800195,3.254281077838003,2.4029584502632857
8675,pop_0,3.5426018148818437,2.664520214965469,3.1428909661012967,2.8199546421999657
8676,pop_0,3.4646358929443397,2.632480359158957,3.1590415497129367,2.8533262005986963
8677,pop_0,3.8288773913381133,2.721062755583697,3.5548738250709433,2.4701588084530726
8678,pop_0,3.509703523416707,2.444441595279702,3.3700234868163235,2.9037151493370486
8679,pop_0,2.956062771265252,2.966608777644596,3.362655393796662,2.707858186961537
8680,pop_0,3.2771965124613582,2.4866751561941833,3.0784474936098825,2.4130071835207736
8681,pop_0,3.2778191073957794,3.024132132344722,3.3020467948853285,3.1681483158275254
8682,pop_0,3.0410100419701096,2.6977132599753695,3.1538044995269545,2.6993553141458873
8683,pop_0,3.0849222083487833,2.704370370979468,3.3292182983382466,2.294775601445242
8684,pop_0,3.4065974989864674,2.65177494531186,2.996888154119629,2.89609504983222
8685,pop_0,3.3937890618443727,2.509036862305373,2.9255015159664297,2.7597623838280416
8686,pop_0,3.005972618629916,2.5486647138756293,3.1865404003376443,2.6581304711716056
8687,pop_0,3.532453599577785,2.400851165849796,3.158704098514767,2.479949414611595
8688,pop_0,3.8245302653226787,2.2669087502281053,3.3643958866485795,2.780580683654304
8689,pop_0,3.5507535323923958,2.3518759577620716,3.389735113736612,2.8812817998929914
8690,pop_0,3.038652448399449,2.5845867055145364,3.1780816984310563,2.348851115392557
8691,pop_0,3.4735903898042944,2.401458158236578,3.451027393917426,3.0601119398967196
8692,pop_0,3.710987440261481,3.0385645188583243,3.021248562673067,2.6499705474964736
8693,pop_0,3.497981351259495,2.1379089319107614,3.150750866597379,2.839567197703431
8694,pop_0,4.073498269550219,2.113927089390513,2.9422460418134317,2.8293049614407875
8695,pop_0,3.458325656783203,2.5881642022396822,3.341735654097558,2.659550356246929
8696,pop_0,3.190659399275071,2.9343053085702997,3.153953267078093,2.745721207291555
8697,pop_0,3.4587451012694874,2.7455264307833382,2.8229165044977806,2.573048242250286
8698,pop_0,3.013471815394918,2.6563224997210453,3.3624150617664617,2.7523171114838973
8699,pop_0,3.3786678089461906,2.6130507747951937,3.140495464602737,2.4737468952778676
8700,pop_0,3.49981352408035,2.2413979362142156,3.4647270929946083,2.7669071500780937
8701,pop_0,3.4879105655362084,2.2190796316942776,3.4421458157887614,2.6483636805950317
8702,pop_0,3.552428528630212,2.776596835132639,3.397660300730812,2.601950497989522
8703,pop_0,3.4283659500985473,2.5534175813537905,3.2327098822881806,2.3419224058867667
8704,pop_0,3.132854236074559,2.9317858577804503,3.14903012337199,2.6599509738957634
8705,pop_0,3.3581342425832434,2.327951328946456,3.1367659657794156,2.738025655852003
8706,pop_0,3.5266918227306197,2.6960434583132566,3.139615296285952,2.4843573843729376
8707,pop_0,3.797808550986267,1.9796345150053365,3.2487782351245422,2.3735601932879673
8708,pop_0,3.1916726662500143,2.6548143853006247,3.433225219608743,2.363056743270633
8709,pop_0,3.0872436162951535,2.673062758444115,3.5960054392127088,2.625038244506573
8710,pop_0,3.26274311161139,2.6300202781246127,3.080120623152829,3.1621391777217425
8711,pop_0,3.8831983980946267,2.4832342003122623,3.0806507087865467,2.755873998910094
8712,pop_0,3.505810528015651,2.8548992183099706,3.1665275579176306,2.700054934788976
8713,pop_0,3.3388037132943014,2.227998300017898,3.6677038216045217,2.425156028813939
8714,pop_0,3.6658713741010094,2.836712401329905,3.284524429451287,2.550526123051689
8715,pop_0,3.4479129755170623,2.554557361978657,3.3898095159658115,2.868723734625542
8716,pop_0,3.464512833331489,2.47683317113124,2.873594662122445,2.404705638910555
8717,pop_0,3.547472526718531,2.4269192925633787,3.2278948175845095,3.1656176073089357
8718,pop_0,3.25766510784797,2.420514557270659,3.2501589404059748,3.0454709141877023
8719,pop_0,3.4328290426358397,2.1949178909351064,3.115062994890711,2.681007461716932
8720,pop_0,3.667274652470242,2.527993403561657,3.021275908720204,2.5827469985568827
8721,pop_0,3.631216875968802,2.3912495943796594,3.242043246452193,2.5355310695929454
8722,pop_0,3.1697052938776817,2.7673494248234656,2.7952366167840923,2.563930228877971
8723,pop_0,3.2992898019873618,2.844917282997636,2.7487544571791727,2.899555427181687
8724,pop_0,3.1267447294137716,2.9761789579023485,3.113584780212883,2.908606835960811
8725,pop_0,3.256065575223264,2.633292096292618,3.563577607083563,2.630717187160687
8726,pop_0,3.209390424264797,2.650898080292538,2.596655185049957,2.9329753818934967
8727,pop_0,3.5546882344772044,2.9351640520757556,2.599016279196182,2.787966848206924
8728,pop_0,3.5290939846338363,2.750974712470456,2.974351392294372,3.2006765912732797
8729,pop_0,3.6110999039309815,2.6906048331707275,3.8498861814497483,2.658834777132771
8730,pop_0,3.7296831069067267,2.5950983671815466,3.399890157996077,2.2880189214982254
8731,pop_0,3.0675773762173404,2.6525820130294924,3.3359950414504778,2.3649725167887046
8732,pop_0,3.4871200638580415,2.4668606431254942,3.471928209182318,2.6895823996952712
8733,pop_0,3.571990500695729,2.874769111570131,3.3010076113875826,2.804725989689356
8734,pop_0,3.6408753868227866,2.498539601818508,3.715486853889804,2.9065489984821027
8735,pop_0,3.443527678925217,2.825229014036945,3.3147434060997,2.353290302534813
8736,pop_0,3.477440691336084,2.691384847503205,3.1547850680909355,2.5283534500776677
8737,pop_0,3.616251750211862,2.6544435906208874,3.2413628272038615,2.2631821943236377
8738,pop_0,3.2871905469874183,2.6327625532381087,3.322718048284659,3.0556047498971934
8739,pop_0,3.0828966797196236,2.5714174631990643,3.6286156760487915,2.4668882035269037
8740,pop_0,3.6952882953090276,2.4371250100454476,3.6339699347988215,2.6625479413257387
8741,pop_0,3.3860871881090344,2.5036790194185734,3.6578094958422827,2.8564282293015455
8742,pop_0,2.873464803076878,2.6388944158136476,3.1096907347763234,2.732661450300439
8743,pop_0,3.4009735569835753,2.733534696099399,3.158389443455119,2.450478418148067
8744,pop_0,3.3667839991093857,2.647081601465059,3.277571997456576,2.6128242269983226
8745,pop_0,3.2698968033218723,2.6504583608672623,3.14330452965048,2.4085947193639425
8746,pop_0,3.1472526361595,2.7216765861013634,3.3905140207159437,2.16044694237334
8747,pop_0,3.6661713600158583,2.3159186806051806,2.7382430442268424,2.5743302921830926
8748,pop_0,2.738269743457267,3.1003128707714476,3.162351767878662,2.900004961904189
8749,pop_0,3.4542938214081502,2.589808125884312,3.050226071356991,2.9731019811964905
8750,pop_0,2.9540278702540226,2.6811730370089335,2.961530284759807,2.7946780316112756
8751,pop_0,3.508840920322457,2.8490840427073296,3.088213075871143,2.263074134696963
8752,pop_0,3.872805222860314,2.2527743326019323,3.4062741615418366,2.664687564688545
8753,pop_0,3.314478128414236,2.9597135010150173,3.292209648034131,2.948857467544612
8754,pop_0,3.3230281920642364,2.5644696077473275,3.421107641698565,3.11235700204405
8755,pop_0,3.3213439307748414,2.734668833041449,3.1616792743967355,2.7006826573786014
8756,pop_0,3.1946899086814358,2.6167529965377225,3.2683408104920493,2.7399909268072182
8757,pop_0,2.819953016484491,3.0989279235766016,3.219285775442673,2.744261869480612
8758,pop_0,3.527153411813537,2.556095751738592,3.1434841878729447,3.0463366218299552
8759,pop_0,3.6667539437667216,2.502535500202449,2.853610352432376,2.832502143106755
8760,pop_0,3.3829128104211605,2.591606768028586,3.056323769242965,2.8579120197517645
8761,pop_0,3.289443195903091,2.870690799139934,3.379833065710163,2.583833622926462
8762,pop_0,3.438133427331797,2.7846024518189907,3.402788117733983,3.218788668677627
8763,pop_0,3.104463627977836,2.8371526814182944,2.9886307114196153,2.5588931265887007
8764,pop_0,3.4963817435273934,2.5349703380541495,3.456570711263314,2.3749949730815905
8765,pop_0,3.282402019760427,2.825731198853216,3.403080853253897,2.9196791899987526
8766,pop_0,3.4124654003049506,2.987620685348081,3.3121407723151948,3.0820969575959394
8767,pop_0,3.7286618686170665,2.915574617313107,3.2507350951606866,2.64255463795992
8768,pop_0,3.9194175088051644,2.9527557839344576,3.719408350413104,2.3166720299645673
8769,pop_0,3.3890104150275424,2.1665253478443356,3.202179291140137,2.6673688173405847
8770,pop_0,3.4579441327052756,2.1980441515237685,3.2276247803996614,2.3529037398981174
8771,pop_0,3.340696276698026,2.6650119061216984,3.462551723859511,2.637854178828804
8772,pop_0,3.2942346352277223,2.982790000598611,3.4509009305178804,3.0642199866292286
8773,pop_0,3.492951046928968,2.655844385837947,3.4150077652755675,2.6247421711360035
8774,pop_0,3.6317193707871995,2.936327870430123,3.216370785114883,2.6242073657890663
8775,pop_0,3.6723333851095115,2.7486825448547685,3.0737216708299986,2.5130527760674255
8776,pop_0,3.6405729053992864,2.5762242528846135,2.8312331777969475,2.4134367585029737
8777,pop_0,3.2948669177671337,2.635958046650281,2.949395234680967,2.550348362713273
8778,pop_0,3.476056887847305,2.669115654980549,4.0483638487392755,2.5788962305408245
8779,pop_0,3.1948961851157454,2.5434251013081166,3.210622135378343,2.6604345887160257
8780,pop_0,3.24303529299919,2.9617552653781947,2.979925057599079,2.3386572101671828
8781,pop_0,4.007864981480107,2.430202787657507,3.1867477747582686,2.7563531083179074
8782,pop_0,3.7472848255338693,2.6221298718527244,3.4939795297134677,2.7807278375450766
8783,pop_0,3.2696727611287253,2.675017398468869,2.9838196070199476,1.786146697312734
8784,pop_0,3.1767236662661666,2.5375977651585266,3.188226012998972,2.6760363808099017
8785,pop_0,3.4171227172930654,2.620687889019044,2.8767515036848996,2.4096743726114163
8786,pop_0,3.8644144837495866,2.689860027549345,3.3784830199142886,2.408297622356567
8787,pop_0,2.9227354152645204,2.364147401211075,3.527369969236307,2.6763553853219184
8788,pop_0,3.2323319952413416,2.316750668739434,2.944650620850774,1.9870517124902398
8789,pop_0,3.4129056579110504,2.844608392022791,3.2361635740837826,3.059411548763989
8790,pop_0,3.327230124058015,2.5500976263649733,3.4859397100360257,2.261300543321884
8791,pop_0,3.7124572928953463,2.5979887642539476,3.114653137213269,2.9716479074669118
8792,pop_0,3.525365518563715,2.6615640220277483,3.2642750003849272,3.0150048398767417
8793,pop_0,3.3962228568349784,2.6022333275718657,3.2248137643130845,2.9002519923988097
8794,pop_0,3.240406265334374,2.647851789146618,3.3828141697630896,2.7899007055608775
8795,pop_0,3.483436133009858,2.7345224332687685,3.5500005532178225,3.011546177777382
8796,pop_0,3.4213765005860117,2.52562978275021,3.2512550710963537,2.720260080726141
8797,pop_0,3.370655108816408,2.7512808937217503,3.243585914046542,3.4114167569175233
8798,pop_0,3.319068361974548,2.451859513810255,3.491038040765797,2.504800486837436
8799,pop_0,3.377789370137836,2.5607596612801347,2.9340915473149822,2.4577966063217285
8800,pop_0,3.129025090699828,2.1152056397041297,3.3738537679496794,2.580291804794117
8801,pop_0,3.453056050766011,2.60403322673766,3.147764046435288,2.3999993141417604
8802,pop_0,3.242796284399771,3.1319749690464267,3.042751168916121,2.1002333902937353
8803,pop_0,3.631402615529968,2.518118874946014,3.268082610072215,2.9920624131887035
8804,pop_0,3.347240328897987,2.7993429108807817,3.0121500641225167,3.0521646436223544
8805,pop_0,3.1659108506524043,2.6704679951622228,2.962540672991092,3.034882747440368
8806,pop_0,3.147382114118279,2.7397938545245966,3.289655291208854,3.099213963984261
8807,pop_0,3.4213038404374845,3.1459996007776296,3.390685692183587,2.464667801046423
8808,pop_0,3.1157257215972702,2.8856236933507864,3.1407026214546865,2.8682216874003816
8809,pop_0,3.4767688030804482,2.7837840692171483,3.1638725093419757,2.089561707705321
8810,pop_0,3.3548781557119183,2.8864372976208834,3.158783091883565,2.7151858863294698
8811,pop_0,3.5220614912243278,2.664723964437831,2.7185767891903536,2.3564319582865396
8812,pop_0,3.3087997719238196,2.8729907416083815,3.2524596523842635,2.3419020129164165
8813,pop_0,3.4240526579674424,2.3634958184763,3.2768553691907716,2.8588238465278066
8814,pop_0,3.365880183232629,3.118811139034337,2.815156740247515,2.6203249944069142
8815,pop_0,3.3237467105168923,2.423004314392048,3.5137286284272,2.254081511980287
8816,pop_0,3.52235674341643,2.463297014088869,3.0589221830475464,2.5478930018179193
8817,pop_0,3.740468267083995,2.352504178703066,3.4158524964093124,2.7932484682045713
8818,pop_0,3.517637791828846,2.3570456839134977,3.3485330483587847,2.308632289917322
8819,pop_0,3.4865305918657823,2.561052825836093,3.3584556690684755,2.456022047491094
8820,pop_0,3.660964419445676,2.8662075524187127,2.9786001264335096,2.231741181193641
8821,pop_0,3.1852153794322384,2.750314627826905,3.7125933570250504,2.874879802068094
8822,pop_0,3.5066599935391576,2.752940674328403,3.691136053222571,2.292792185070608
8823,pop_0,3.6501522460714066,2.2795990351104765,3.273247145175981,2.489184693970328
8824,pop_0,3.667910485022423,2.790400480992729,3.1671975033333606,2.3668769304397834
8825,pop_0,3.6598881087169923,2.453842775749854,3.189483336660169,2.7689625814453818
8826,pop_0,2.919646455693979,2.928058407847949,2.970978850767899,3.1887872240494692
8827,pop_0,3.1524622852102273,2.6916680210035637,3.387049966934886,2.7263747599546955
8828,pop_0,3.2242647785985263,2.647077472547387,3.139703279921477,2.4275968915761106
8829,pop_0,3.3554161266761806,2.6341625412754,3.002992627653891,2.7666904709013447
8830,pop_0,3.1981428032639987,2.5988348648798034,3.5446877305244957,2.2919295564077347
8831,pop_0,3.704669891750855,2.799755021177389,2.937098483122548,2.5643040097614938
8832,pop_0,3.4626193263557346,2.542912360484073,2.8986889812502494,2.80272290713709
8833,pop_0,3.305993466788127,2.591229756346049,3.5034227648247414,2.4435841465505646
8834,pop_0,2.8687500249164386,2.8143589900324244,3.2987692078923123,2.7152714154906104
8835,pop_0,3.4495737097394503,2.6150574006977996,3.3121608451040716,2.9743659125779573
8836,pop_0,2.953316782121081,2.64286320836038,3.4114129037390137,2.987400366554952
8837,pop_0,3.5533297833788504,2.2965086047968355,3.0512804082297706,2.129487938514531
8838,pop_0,3.254149724761305,2.524553658645419,2.8006606093049955,2.8964335174021905
8839,pop_0,3.3208584503478624,3.0607476427581455,3.26718702333124,2.790100242700855
8840,pop_0,3.805165884225149,2.4477354478194173,3.5319711688723046,2.3344725458070505
8841,pop_0,3.675751705596217,2.5834940911008646,2.9764387936006163,2.4618482382826095
8842,pop_0,3.4098459887594665,2.831076726238934,3.227254698579901,2.676244306553323
8843,pop_0,3.2424254040628195,2.5480124270680533,3.473098375264458,2.9378928615616124
8844,pop_0,3.7301756776687682,2.597740207498032,3.530763851098599,2.721571427331241
8845,pop_0,3.567066204365203,2.859142424020133,3.4226853403503683,2.8278545772610495
8846,pop_0,3.5854405638573574,2.2747521971735805,3.386940822419733,3.0362442036708224
8847,pop_0,3.13298587361473,3.035706483149708,3.1816375127934102,2.6936659989441623
8848,pop_0,3.413485480547486,2.5883137529116405,3.4994533925528044,2.4661609279684993
8849,pop_0,3.3337466262994275,3.0988423356325248,3.1929162107001625,2.775633136998697
8850,pop_0,3.6840025554780915,2.621364430299436,3.274378184031202,2.703904231233006
8851,pop_0,3.381845237245419,2.1771037126380177,2.8852165509071446,2.8835585128362644
8852,pop_0,3.461321519320297,2.7920190166931564,3.211421675248139,2.862497000647045
8853,pop_0,3.618964879729347,2.8008921898358645,3.286303159672413,2.7354316477035585
8854,pop_0,3.3789433419128656,2.8003723711171307,3.0035284836973286,2.882402525822109
8855,pop_0,3.223163724743883,2.5192320036935443,2.7207564397104904,3.180740836234819
8856,pop_0,3.125759260244318,3.055531443628703,3.4084725091306947,2.9628541429347766
8857,pop_0,3.5574165183939037,2.662222700638594,2.957374127587412,2.4446946030331227
8858,pop_0,3.754690987761359,2.729792234211236,3.3762906723034662,2.5072280013675665
8859,pop_0,2.9409844763886377,2.7515531789605694,3.1509275856006567,2.629898697386534
8860,pop_0,3.3025602928631113,3.124202762598158,3.1582577893770454,2.8281094062599896
8861,pop_0,3.755702136297116,2.3746029220263942,3.296962097128937,2.587507137376555
8862,pop_0,3.182675774110886,2.557598377529575,3.123864869224683,2.296803674933133
8863,pop_0,3.1554783275769074,3.1274041121382727,3.2141849884660822,2.993621612613774
8864,pop_0,3.7638298540382014,2.4138335671251174,3.587535637684071,2.4011431961591496
8865,pop_0,3.4532628823937896,2.5015672687630803,3.4440820425155936,2.5058842451305496
8866,pop_0,3.8050733791515214,2.8361774405193065,2.9770100602150174,2.0822689768212395
8867,pop_0,3.6429363814985685,2.5877530886032334,3.014116219461335,2.339916947041912
8868,pop_0,3.5501155944675085,2.548226715401679,3.328855208831733,2.4194392352986664
8869,pop_0,3.7838182071404995,2.5203133340071964,3.1652316787186554,2.5547924952162
8870,pop_0,3.3741306515661478,2.7892287605723043,3.827020826501132,2.5216485409455847
8871,pop_0,3.6454548597127294,2.054623991063982,3.4791952051981467,2.464390890485142
8872,pop_0,3.3916480664478366,2.5030888889686405,3.193286979945091,2.102358676610849
8873,pop_0,3.245378447304621,2.3672534251634216,3.421941244626947,2.298068038461551
8874,pop_0,3.4349902979896116,2.8319211693755473,3.140380735027261,2.6695337760002507
8875,pop_0,3.4314840522162706,2.2831222422038477,2.8760607945156798,2.8013522033874314
8876,pop_0,3.2622083508517106,2.6822266141028077,3.13498568340214,2.983359552039787
8877,pop_0,2.9379559270018345,2.862669388633483,3.3354936047862282,2.685232607808991
8878,pop_0,3.5668409632051588,2.8993415467652466,3.5071661877890032,2.5250719183995645
8879,pop_0,3.550069569977748,2.9695127233860856,3.316677115694134,3.1137782693150684
8880,pop_0,2.7910801760944572,2.8050969132596264,3.381176790545143,2.3663244350377015
8881,pop_0,3.159175059688753,2.6980674056158613,3.3317673969558212,2.802881778340046
8882,pop_0,3.3943140376959957,2.215372306894509,3.252424512409492,2.6971740713558527
8883,pop_0,3.3834536262284445,2.7834738210755914,3.289384020176158,2.296718317365219
8884,pop_0,3.5049965432847507,2.3950537449363742,3.4086983498751136,2.4303429560498
8885,pop_0,3.5344054841763417,2.6751024597345237,3.3677694908052462,2.4458884476681786
8886,pop_0,3.193056165110412,2.8517087847382436,3.138720982590206,3.2100834562922027
8887,pop_0,3.033069573916115,2.765520802007314,3.4794745376403045,2.88386551363091
8888,pop_0,3.311313149118223,2.5328205111480346,3.4416506029192027,2.408678801962609
8889,pop_0,3.331957600429663,2.8885815184098367,3.023024194923305,2.7104630440082405
8890,pop_0,3.4647500917470104,2.4422181477138483,3.4070719170568293,2.682609561007035
8891,pop_0,3.4475699668498896,2.736310991987643,3.162264985942529,2.796266284791876
8892,pop_0,3.4869427164755757,2.1043516084313865,3.0118514953797866,2.2558643118332986
8893,pop_0,3.304238916245647,2.7693999224212056,3.0253151982911413,2.893172907956131
8894,pop_0,3.2215758806539214,2.992978677444115,3.5607586260404043,2.740922312522361
8895,pop_0,4.010548179730663,2.7250050617495725,3.2148368469499538,2.297176046177666
8896,pop_0,3.4669825308509568,2.733171408739966,3.1218994314213657,2.9261350789138207
8897,pop_0,3.5572688456121044,2.6237130656257617,3.5620592253505152,2.188556436101537
8898,pop_0,3.3160544656146285,2.734146831100479,2.8727729849280745,2.339161015717422
8899,pop_0,3.5795581761647193,2.636767384343874,3.2556405641391977,3.077796684931963
8900,pop_0,3.458976200357913,2.4264518010047973,3.080057229212867,2.761928070181838
8901,pop_0,3.572734432235377,2.667869453512812,3.2669782610036964,2.877614193171286
8902,pop_0,3.420522258995852,2.8100447855087043,2.967997013495771,2.2928538992774445
8903,pop_0,3.2546711953880174,2.9324518041218663,3.180990539859725,2.674748723109155
8904,pop_0,3.9865312248960976,2.3723537142071525,3.0293665490909714,2.551513182321636
8905,pop_0,3.53320518314871,2.4400862401994297,3.171750156781722,3.157542586442598
8906,pop_0,3.9891825670068375,2.7383051488711727,3.3462928244639207,2.801427648343856
8907,pop_0,3.521856645551808,2.7052327470931328,3.366958390891382,2.5175213077612777
8908,pop_0,3.1877518035503827,2.6161739584849557,3.166948990764375,2.4027330841823775
8909,pop_0,3.5319344697524007,2.64824708465959,3.1293462292957037,3.2904147334009126
8910,pop_0,3.6824143862789254,2.41137556998223,3.0536966319928016,2.7137306924986997
8911,pop_0,3.5747457657890043,2.4757631488987593,3.727886612229529,2.7274489056946676
8912,pop_0,3.713837134200573,2.2944869197607005,3.7079970041808354,2.120278069364027
8913,pop_0,3.220681629880168,2.372959922116861,3.01990061918525,2.529918907033608
8914,pop_0,3.4240840248186966,2.9456504534562855,3.230863146430756,3.1388114948521784
8915,pop_0,3.3798474603013444,2.6406766549318252,3.3350184647375025,2.7617496944636737
8916,pop_0,2.9640544272736955,2.794036847212829,2.9357103508391567,3.330383465411269
8917,pop_0,3.4732275529730616,2.744347480352203,3.1395791923167624,2.7614487342213714
8918,pop_0,3.383565142592726,2.8932834357817074,2.969961584816183,2.6286652556132957
8919,pop_0,3.070096380375186,2.7096617275584856,3.159831772805119,2.7132717918343983
8920,pop_0,3.5051019125428162,2.765920014585587,3.2873845363319516,3.010566295764665
8921,pop_0,3.6223168314342473,2.589756923522147,3.2857677435331873,2.115821798943048
8922,pop_0,2.9596669945160294,2.5663149940680396,3.477474460218375,2.602947525530931
8923,pop_0,3.075496989877826,2.6041446829622577,2.9828014008943926,2.498810238196022
8924,pop_0,3.4711562396768825,2.6357114089547733,3.1864193849891462,2.452524964140503
8925,pop_0,3.3909048982051666,2.747060088759434,2.8619655477437416,2.925772959578163
8926,pop_0,3.462426007936255,2.6333032252294672,2.9270750000013352,2.9003387283136792
8927,pop_0,3.717770199009076,2.596180158751194,2.959535770644629,2.6418529316125374
8928,pop_0,3.734612591088287,2.566203681281138,3.2746713105501337,2.3154886968096773
8929,pop_0,3.874054462249949,2.3985089572650606,2.866848160361949,2.300728612252795
8930,pop_0,3.03233821245366,2.810633047608146,3.1762278426665405,3.0641065405592904
8931,pop_0,3.212886886225534,2.517009751725821,3.723543798703686,2.5007149360202967
8932,pop_0,3.3839509301709043,2.696636826111022,2.99849999573108,2.5184996993337583
8933,pop_0,3.496181208381748,2.5597155869162753,3.2035732222705193,2.8049699736462443
8934,pop_0,3.338592972292726,2.6396661231891656,3.021869849979003,2.963006991553682
8935,pop_0,3.6928097686452395,2.6243853122040974,3.254467244230695,2.9320586971188103
8936,pop_0,3.784768330312173,2.303063552234725,3.327187804939944,2.253019327831156
8937,pop_0,3.3046828536635076,2.920487536839252,3.1991630951846806,2.5478601182305867
8938,pop_0,3.3626964592825854,2.3935843333522766,3.214161771278813,2.771009470522313
8939,pop_0,3.2363827987705305,2.8646344469909635,3.3731827755973254,2.6471840186711058
8940,pop_0,3.292376573842739,2.748831763414923,3.3922931176339293,2.5499264228387304
8941,pop_0,3.0458350101962886,2.8951950089481793,2.9861713344700247,2.522203808269411
8942,pop_0,3.221968518838773,2.40485871412913,3.282578154978357,2.7381145440590715
8943,pop_0,3.7083144223828017,2.2263818924567063,3.156073566742562,2.3353072273643516
8944,pop_0,3.655972776922692,2.623023774552161,3.260845872172096,2.214124087505732
8945,pop_0,3.669446371325029,2.3566852155841658,3.221243232225177,2.7167755861261105
8946,pop_0,3.4776204689617964,2.505054217059924,2.990725706241034,2.7629538673809737
8947,pop_0,3.441539295628247,2.582978388462333,3.3756682135771165,2.755582332385208
8948,pop_0,3.6357063247313337,2.6791473501983325,3.1030636930932993,2.3906014279484356
8949,pop_0,3.5752882029762776,2.746773073904197,3.1827697541568187,2.773671879739253
8950,pop_0,3.3385384763305668,2.572837105518646,3.0165876465418306,2.6192330470677203
8951,pop_0,3.2036930527114356,2.6615894560929334,3.353756167074558,2.815534101038653
8952,pop_0,3.732205177368254,2.414651368636281,3.1535257802446663,2.786612773563413
8953,pop_0,3.437403687195916,2.7895456627514,3.338418499205312,2.3931842364150797
8954,pop_0,3.519835298089196,3.087976951762551,3.19255244720461,2.4586419869642993
8955,pop_0,3.5215632174111366,2.402238211771547,3.254363566983593,3.179539019216276
8956,pop_0,3.665807289374301,2.7356461224194115,3.208834735387099,2.5000151141133014
8957,pop_0,3.78710735875047,2.3345645134681523,3.8509434021225113,2.5619151953776917
8958,pop_0,3.2088326448964724,3.0617464066022486,3.1093284020217586,2.437400137929572
8959,pop_0,3.4173847739828473,2.80563621746846,3.5305827421679004,2.123957595592019
8960,pop_0,3.560516390885001,2.4773056161070404,3.3138082136982283,2.3889969031859986
8961,pop_0,3.716515381737219,2.6975419680981867,3.1950898794614435,2.7215483289860716
8962,pop_0,3.2785495689058055,2.616919257084682,3.2343324273967893,2.949612825983131
8963,pop_0,3.482977275804338,2.7588023325653026,3.363582991082603,2.4168536488009744
8964,pop_0,3.319618274985567,2.7891385626083847,3.233602893356852,2.68269428046107
8965,pop_0,3.4088026438955072,2.4482975579940742,3.3757767810041184,2.3479339665297387
8966,pop_0,3.1912051343131065,2.919642561553738,3.0865003341920865,2.602111191108744
8967,pop_0,3.7057239150083436,3.1240743525736985,3.255551696321102,2.5259258240772957
8968,pop_0,3.4094878378380042,2.607208326222388,3.1920425930838228,2.762409693331374
8969,pop_0,3.2767040935051943,2.5387120788997124,3.160229302683981,2.363166400192849
8970,pop_0,4.045776779024782,2.7227515504722977,3.1048796807871253,2.359794358561313
8971,pop_0,3.6368827260023475,2.791794345282897,3.711887067646736,3.0935694810376213
8972,pop_0,3.351443079495902,2.7012468766876605,3.604602143162147,3.25199007045488
8973,pop_0,3.380839719769366,2.4861270378274307,3.4973811504352748,2.796646348966471
8974,pop_0,3.849914626690399,2.4475792731721664,3.0686323643049347,2.7397102101083046
8975,pop_0,3.8907745537555507,2.1207496861973882,3.5067819141767895,2.715781470448927
8976,pop_0,3.622706719331813,2.6235473056609004,2.888217633611165,2.344984673661574
8977,pop_0,3.132047898716537,2.821421426178961,3.179559396288162,2.930040068572418
8978,pop_0,3.6731862935261166,2.8310956486334233,3.04475411243949,2.5043883861949996
8979,pop_0,3.5983698443469643,2.0678559406472807,3.117056367131671,2.44385843055721
8980,pop_0,3.3161796125165037,2.5120133942097542,3.1860455586722276,2.9357246185952732
8981,pop_0,3.327430892162748,2.376920462599258,3.327690538251455,3.058255456428956
8982,pop_0,3.66542494110914,2.685975973843643,3.0450690243245395,2.637307654171739
8983,pop_0,3.235804580695294,2.5243668927968446,3.1540756481838983,2.241218230612009
8984,pop_0,3.8402760954302573,3.0068545609356248,3.067953913628802,2.283104206058307
8985,pop_0,3.3574285478399166,2.7643438229885047,3.079881694627076,2.7814472994776076
8986,pop_0,3.7235613535840457,2.9120037489102466,3.2608561509055423,2.560889183358939
8987,pop_0,4.071174340409401,2.5476007989312945,3.1232300388546146,2.107309696018477
8988,pop_0,3.4761852128757407,2.623161090252085,3.4164846396014816,2.5616310764632377
8989,pop_0,3.9814634947768894,2.7424857153674886,3.1955019318153055,2.6931349838069747
8990,pop_0,3.385877974954701,2.6486136493946013,3.3261449069920777,2.7623189896078224
8991,pop_0,3.1208590505144773,3.1392449186755726,3.125787338258708,2.4830072522906774
8992,pop_0,3.431125175816806,2.7686635916517632,3.442126150532116,2.578942016491494
8993,pop_0,3.5652324458774602,2.7425703278008378,3.4618767013478497,2.9528729118144645
8994,pop_0,3.241736185240898,2.78583159591801,3.3272385277850485,3.0080580074376266
8995,pop_0,3.3246813964320086,2.741592433209652,3.354007596389732,3.0673000786890707
8996,pop_0,3.470833852870304,2.8275826251721687,3.5026272799533533,2.8005787254523917
8997,pop_0,3.7032191656183993,2.704324154892872,3.6328558910097435,2.6025069162811802
8998,pop_0,2.97730722240427,2.677804711255869,3.245630843304524,2.868221230664897
8999,pop_0,3.2782929626152946,2.673766727391399,3.337585877001991,2.767560617161906
17000,pop_1,4.157282091040099,2.7059730051950073,2.5644242144250233,3.137869278632093
17001,pop_1,3.892924483602015,3.0575019742523706,2.9662532719276755,3.54407588183886
17002,pop_1,3.9203104813983094,2.897650385128553,2.8534221197891436,3.020411477203769
17003,pop_1,4.056402927091436,3.397936687956221,3.2224017477801894,3.1594223658339833
17004,pop_1,4.0931997644095635,2.9301254046451364,2.972509602526375,3.232033669614106
17005,pop_1,4.107535507086565,3.2436929201802234,3.039315446699454,3.0867519863394177
17006,pop_1,3.9181680866196573,3.1045862630736405,3.4244856282649248,2.8561499213037185
17007,pop_1,4.172444654566778,3.522405944646345,2.917921268694686,3.3857610682389576
17008,pop_1,4.399972742046937,3.3101024908649217,3.328023449597754,3.25304990755247
17009,pop_1,4.099300743690396,3.375654025945026,3.314139798490264,2.843275230476703
17010,pop_1,4.369319162111133,3.013884556891124,2.939417124708408,3.096091955790043
17011,pop_1,3.8018763033932053,2.8918883039863914,3.0011476435508846,3.3926878788256296
17012,pop_1,3.70070122313271,2.62874269490884,2.622450489179048,2.75723044593238
17013,pop_1,4.348247233004704,3.2408072849820178,2.931001401575524,3.6486180288520713
17014,pop_1,4.24483996510016,3.6397824086448787,3.1419574828112835,3.0638363335841055
17015,pop_1,3.5758387027928595,2.971800416633011,3.045799350915083,3.207950145070446
17016,pop_1,3.956820325190292,2.9219251538672792,3.1275068114285074,2.785933876243985
17017,pop_1,4.086499710700275,3.082608563827948,2.8255288372295224,3.703922786161186
17018,pop_1,3.864365826934233,2.9308916741971145,2.7789344789182637,3.6190186522349648
17019,pop_1,3.9732366218011044,3.2623284312861145,3.2175470022865786,3.3842709668256052
17020,pop_1,4.817867898631188,3.13130688402868,2.694841660200155,2.7798159524588018
17021,pop_1,4.01853016859961,3.3889584430766186,3.0624993660728497,3.81629132463127
17022,pop_1,4.211120195428817,2.7857528059160632,3.050706832396143,3.0394558955716007
17023,pop_1,4.092811958827268,3.485875553540873,2.938248924223159,3.020290335483742
17024,pop_1,3.870319189472254,3.1229756571086376,2.647459705073506,3.115725048837623
17025,pop_1,4.506038162635217,3.1848248402558186,3.2254211440204386,3.1876629018634866
17026,pop_1,4.4540799451601565,3.016001832006902,3.327333849759939,3.3189766043092592
17027,pop_1,4.447530905159471,3.1940131210247458,2.5053037489541774,3.504344808620994
17028,pop_1,4.496443848121792,3.47361608425919,3.051376860168851,3.1353562894915865
17029,pop_1,4.205097405905016,3.0019628825694396,3.425962965091191,3.177197805994855
17030,pop_1,3.9520825881604296,3.427282492161723,2.9866424889598058,3.2724039383262347
17031,pop_1,4.322038639440008,3.181165683064359,3.2557767490787786,3.149005924774688
17032,pop_1,4.28653170280702,3.041488018483015,2.727123382517137,3.3210946908436534
17033,pop_1,4.164132442903708,3.0067877395117577,2.581528025974013,3.43988091177225
17034,pop_1,4.678865744982,3.666769301875828,3.0531443914576455,3.2382602699816934
17035,pop_1,4.314241750944606,2.9675263617640515,2.8608931504374495,3.4956985818966597
17036,pop_1,4.148974968675125,2.6831767046221393,2.7485165502190587,3.4518378958956686
17037,pop_1,3.986204750264302,2.772254119945168,2.77889772387693,3.178784587783189
17038,pop_1,4.190675898108476,3.2338090755490034,2.6517867610633816,3.252305991426712
17039,pop_1,4.448741256518766,3.328615723032566,3.1751781247410023,3.366451865360878
17040,pop_1,3.9972127504490547,3.1850661381977305,2.6147497973559664,3.169830924737189
17041,pop_1,4.158264824149972,3.5491556645103,3.226129025152482,3.2669979916819316
17042,pop_1,4.033096978841601,2.815752143838687,2.8193611407135473,3.363671938059953
17043,pop_1,4.310135150200643,2.9419966610318093,3.1758255812483687,2.938689810515891
17044,pop_1,4.1144284991203035,2.7765661437588145,2.960137675119313,3.263591318128121
17045,pop_1,4.423996342544752,2.5165930372216008,2.8607017150118925,3.353216164466253
17046,pop_1,4.114579528957231,3.021451307830497,3.246883112848068,3.298166473605687
17047,pop_1,4.600359870929725,3.508294486359669,3.4302798475494147,2.952782238268977
17048,pop_1,4.372741298704439,3.2069035201710148,3.2498569529905397,3.581651381346906
17049,pop_1,4.148984820248864,3.4482886287622523,2.4408897560262286,3.326545577572412
17050,pop_1,4.188052107378534,3.1499316070450067,2.925368644104486,3.4212799068289375
17051,pop_1,3.845556773731668,3.2207184702521654,2.7318736524509797,3.462558123582661
17052,pop_1,4.19023970137125,3.1294955784958836,2.9657277399093607,3.187679106413837
17053,pop_1,4.3551750117867325,2.6468420790445277,2.7901581571530545,3.647167076825057
17054,pop_1,4.120841456005374,3.61664254527562,2.732163250848682,3.074047675182102
17055,pop_1,4.531197106885075,3.389329932104992,3.0115212277702907,3.416350152187815
17056,pop_1,3.9940793978803812,3.1488759198912204,2.9728545113855387,3.4524558071833673
17057,pop_1,4.109970300910996,3.26440461415085,3.2069269027309626,2.6261326136534797
17058,pop_1,4.241745787027066,3.2022519070404405,2.890826381452987,3.666027768447423
17059,pop_1,3.603155152346919,3.1152760458184146,3.214452186723947,2.838484631362821
17060,pop_1,4.069787784214134,3.156683515528189,3.393810592098305,3.2722790696591346
17061,pop_1,4.0605763949557145,3.215299552299352,3.0594380880113623,3.342750616768164
17062,pop_1,3.843707061862171,3.190794215887121,2.813738928280086,3.715767700795921
17063,pop_1,3.931211363890813,3.5500787368904434,2.7712776226279243,3.7371719621473156
17064,pop_1,4.219795098895328,3.0697558278940082,3.3491477005849437,3.322965987593724
17065,pop_1,4.1625302886919755,3.356567773691298,3.1565513471117987,3.411676268831363
17066,pop_1,3.54071905078199,3.2563937852200686,2.532010372576153,3.122122977657943
17067,pop_1,3.6611539262548782,3.547645436385407,2.9364741881976677,3.0813681210887114
17068,pop_1,4.3289197813485805,3.1032219416245956,2.6900424207942395,3.6099514451403727
17069,pop_1,3.955257187704447,3.472555514288937,2.7610095588624297,2.955873066434439
17070,pop_1,4.002457187750513,2.880262626521285,3.066055835594673,3.7451465419678085
17071,pop_1,4.143075212808212,2.9221358109934727,2.908420106877734,3.0809594274884935
17072,pop_1,4.532641999502451,3.0890187861650356,2.573232085647208,3.242886891032417
17073,pop_1,4.498391050996179,3.5552927247617783,2.793238753492966,3.9106889698383958
17074,pop_1,4.1600882720496735,3.0639193502400985,2.7315271599669875,3.9549048847452704
17075,pop_1,3.5546096451493394,3.00236714820406,3.1922019700371846,3.2612241732237037
17076,pop_1,4.499665352271934,2.910744164598272,2.639265648514202,3.4034316755189384
17077,pop_1,4.232954353931267,2.9780596966930135,3.216733675952588,3.389298205709743
17078,pop_1,3.9695963226893323,3.468423473582471,2.756670054239272,3.059703076255071
17079,pop_1,3.9618643304218284,3.234416693288228,2.995081969436688,2.659375612362391
17080,pop_1,4.893535976883482,3.41516785622282,3.6292884850534635,3.014454625800956
17081,pop_1,4.70003266404376,3.4992735448298062,2.7969431591051266,3.2396236976952024
17082,pop_1,3.9925545028566254,3.60782349003909,3.191510564413094,3.3818676040994853
17083,pop_1,4.3052309523442664,3.3234103146841236,2.3688354400220333,3.590669252098749
17084,pop_1,4.143533180485283,3.320690347932929,2.73937624850036,2.989107014961033
17085,pop_1,4.018749004648391,3.427834226275883,3.0506235664364025,3.0739654831043377
17086,pop_1,4.133210644304986,3.152799498233667,2.8612385374522282,3.4253674426987035
17087,pop_1,4.31683274420753,3.1359092125803874,2.9863424811373505,3.3747527557722408
17088,pop_1,4.000666886287135,3.570548829491245,2.603311008197309,3.506061475049226
17089,pop_1,4.13177151747698,2.6823511139608334,2.534252213209685,3.4795322973733893
17090,pop_1,3.8018446854128825,3.4457638109100786,2.9790976647481875,3.1699842337757183
17091,pop_1,3.884371420339389,3.1448368593058036,3.1048944074708316,3.074664004922695
17092,pop_1,4.3897235847344565,2.949914339776206,3.3979345756074792,3.2355882810424323
17093,pop_1,4.333442002240547,2.982663782578915,2.982797524645622,3.3179714480774876
17094,pop_1,4.147219373989462,2.9066868433714843,2.633432579231326,3.5380796813811664
17095,pop_1,4.082409795530385,2.8427059930580847,3.329061439159384,2.8282755629398832
17096,pop_1,4.094799879601355,3.3596516105627345,2.768414481081287,3.291966282689756
17097,pop_1,4.118929536591483,3.420210988638655,3.1126113446377004,3.4239748117096207
17098,pop_1,4.212851606525445,3.0338799598479653,2.643651443482752,3.249880465393798
17099,pop_1,4.381023127496446,3.2828386213739678,3.3272767650403234,3.3582603500435675
17100,pop_1,4.427469957520303,3.3297911846422923,3.2633508975477294,3.222559539083011
17101,pop_1,4.487119776423466,3.18403437591345,2.6408934314234505,3.0851167433215974
17102,pop_1,4.077714647101711,3.2611136113901638,2.834466193636489,3.347555471615344
17103,pop_1,4.285011724533307,3.2477319506885167,3.111012527262997,3.1436468991678557
17104,pop_1,4.315936134125546,3.4878964619416286,2.5188504855230773,3.6431881278749754
17105,pop_1,4.665899796620627,3.610885313290577,3.119588862260583,2.8651662807841096
17106,pop_1,3.90596247476876,3.2170015449630336,2.915422862724239,3.337367116985129
17107,pop_1,4.517770163614005,3.036914570241516,2.838360652918716,3.4357922302905455
17108,pop_1,4.286249762963837,3.638775288139658,3.29671821254446,3.509276914534905
17109,pop_1,4.256720365537549,3.0905908777919304,3.068789253904266,3.1422140389001854
17110,pop_1,3.9432975875524163,3.284818151568247,2.773176800720953,3.211697001661636
17111,pop_1,4.6440369306126446,2.9240752710848796,2.718421353955543,3.1889382138970412
17112,pop_1,4.290228588989616,3.428407843685247,3.0500735898877402,3.083648371033135
17113,pop_1,4.264568836735135,3.2389549890221296,3.309852725773805,3.1762450056679907
17114,pop_1,4.682670475959542,3.455179666144244,3.137339571631419,3.275504842461852
17115,pop_1,4.63205381335311,2.754426370135222,3.3184712567699473,2.971246398368457
17116,pop_1,4.360249483996448,3.042914326374852,2.9014556097606814,3.27407151625158
17117,pop_1,4.5358855796879975,3.2019229395743993,2.9508911162128784,3.3084159438919865
17118,pop_1,3.99404316829295,3.306924206680092,3.282498192536501,3.280740334060636
17119,pop_1,4.056477177815662,3.260547529559784,3.0431038091804177,3.9093897932216004
17120,pop_1,4.305874286969524,3.2048686883202877,2.9183027567821402,3.3044720665073424
17121,pop_1,3.8248809512893978,2.8151038139303446,3.371820619100664,3.292749785492256
17122,pop_1,4.207217709000068,2.896824662596862,3.4933351875809966,2.879252226798799
17123,pop_1,4.0679160175128475,2.989691471096035,3.206665056907667,3.529140118643088
17124,pop_1,3.9569824053130005,3.1456042262936537,2.6942364034918516,3.4784904797637526
17125,pop_1,3.8298313801339963,2.9101584283258406,2.510523680119548,3.721742509351016
17126,pop_1,3.9746255822675316,3.138248730836684,3.072705897735028,2.97582176941324
17127,pop_1,4.336388884636944,3.6046494017355126,3.099932808551779,2.810275030855268
17128,pop_1,4.266070054884049,3.0989245700117065,2.8008035661454116,3.691611705989872
17129,pop_1,4.413091712089622,3.0485875898586956,3.1820970607272168,3.659387659509301
17130,pop_1,4.166759567966331,2.8102331782982675,2.5808153489211185,3.3270879012301857
17131,pop_1,4.774033505115449,3.537760045071511,2.964080069749206,3.2676267788608624
17132,pop_1,3.9103650540275203,3.477693593919802,2.615674155194407,3.2206694243319314
17133,pop_1,4.236646879699595,3.2238809684980962,3.2489996259651437,2.9017241968240883
17134,pop_1,4.346390524298509,2.8526888395715364,2.9244983069551505,3.4160903008784342
17135,pop_1,3.9743995142011426,3.098594626851995,2.9445028522246504,3.617759467756138
17136,pop_1,3.9260704950711536,3.5084832511588333,3.1336050597560683,2.754502210816761
17137,pop_1,3.885900013582008,2.962277749665416,2.9720550397308303,3.6493682593154
17138,pop_1,4.170353862079024,3.588113024363184,3.2216089552220493,3.0281902898052206
17139,pop_1,3.9508957928311825,3.4925378362778865,2.9810119543439377,3.468301702455025
17140,pop_1,3.9005810766647846,3.085570327769681,3.0380805892313263,2.725791826889359
17141,pop_1,4.465083377742107,2.6119846525818025,3.056827059314144,3.131485978796683
17142,pop_1,4.733826983332123,3.4361144016392573,2.7874122391550733,3.32700125577314
17143,pop_1,4.053134709779064,3.1262416322884894,3.1383420771584136,3.317794607018073
17144,pop_1,3.980578283854785,2.9795408730438395,3.207683952183519,3.394680813291195
17145,pop_1,4.409523543702553,3.259367245551971,3.2797346232403943,3.538697575743691
17146,pop_1,4.362511172817722,2.8527569652975093,3.0615888712445525,3.443121652621156
17147,pop_1,4.178449730710045,2.803682917800691,3.070812301072441,3.257254273784607
17148,pop_1,4.257071878513151,3.446354104453087,2.676020715569101,3.305487943485298
17149,pop_1,4.493806832611602,3.364388831539361,2.7791223021694824,3.183952989052275
17150,pop_1,4.406927475915611,3.737492363822981,3.5288237564646505,3.142960490517089
17151,pop_1,4.271717280327077,3.2114755641639636,3.4859121491615297,3.000666306190679
17152,pop_1,3.914525009247857,2.9742422274856675,3.376571081796478,3.0027375686330102
17153,pop_1,4.140511527022657,3.3863865201745553,3.182696365217463,3.4630931148958473
17154,pop_1,4.672243426671987,3.631622135664658,3.0914853528138058,3.6586070108195523
17155,pop_1,3.885281881987332,2.624721618852624,2.707388639252835,3.429453389602123
17156,pop_1,4.127011060490798,2.879378151327665,2.817766787254467,3.3090392717314177
17157,pop_1,4.534763294223212,3.418443836924267,2.7337256425742127,3.970818110671563
17158,pop_1,4.21881488116213,2.9678010592870976,2.791668962651464,3.6619688263437697
17159,pop_1,4.347655883197274,2.7920582296528433,2.6883280178584106,2.619940179035675
17160,pop_1,4.074660697251278,3.343972993611458,2.7931701890794,3.210034817939146
17161,pop_1,4.2376793631249585,3.4858168753385694,3.1643605868041216,3.0438351038839775
17162,pop_1,4.245751512561246,2.964631824239781,2.9241779988822034,3.832030238310036
17163,pop_1,4.00425505207381,3.177041027436965,3.1533935185890387,2.5873882749958748
17164,pop_1,4.138802339445348,2.8301273126387825,3.0591154985821847,3.193215156249319
17165,pop_1,4.51641693061624,3.0016079071360293,3.009605867010711,3.3560377414857356
17166,pop_1,3.629802972586264,3.160329497758121,2.938072598315957,3.578605722487228
17167,pop_1,4.5555858595076995,3.1598227482780077,3.1888228066392137,3.2868602053049423
17168,pop_1,3.962390353577942,2.997830733125703,2.8231560583146225,3.6101406564626615
17169,pop_1,3.892105221723142,3.4794672974006886,3.0207554560081213,3.4360525628163603
17170,pop_1,4.002144636595322,3.4053083062479725,3.078780126626085,3.6265403685010935
17171,pop_1,4.197114350511331,2.917803316462118,2.7291302880685664,3.5172239951217925
17172,pop_1,4.462185284699082,3.0301440213355852,2.8128142091473243,3.5851147440219604
17173,pop_1,4.263673089084215,3.264588875055012,2.8195588984989604,3.354278020263683
17174,pop_1,4.276510095358099,3.4598911258883085,2.8059656425724717,3.182175590419207
17175,pop_1,4.096663059740494,3.4512475721095304,3.0104746464659202,3.2903716170608988
17176,pop_1,4.041079476679927,3.053912810030399,2.9304654677260404,3.445076472736327
17177,pop_1,3.773253388845866,3.094102024961871,2.944725337720543,2.82982535034343
17178,pop_1,3.8771351080521588,3.0989210557463354,2.8549807582604583,3.2083018674267807
17179,pop_1,4.350951527155626,3.244504997805658,2.7307992690465372,3.350775008017675
17180,pop_1,4.241167192926384,2.6068218856950542,3.2514250330446988,3.2869292286970655
17181,pop_1,4.08722778814238,2.9278435111259142,2.56611966222282,3.8077398443495136
17182,pop_1,4.309196453630285,3.151387920298617,2.9997085119738283,3.944837703769675
17183,pop_1,3.8908493186931317,3.24317412051567,2.89282889937501,3.3764911220420486
17184,pop_1,4.163612468594724,3.3259866503436353,3.193759676709177,3.3219625685077716
17185,pop_1,4.1930794635144935,3.447460062249779,3.1239034529642367,3.266941018149502
17186,pop_1,4.186651689587545,3.24312045761002,3.169040724073641,3.217273298055032
17187,pop_1,4.446229021919356,2.871558788581072,2.7360416320571153,3.41321424143307
17188,pop_1,4.16696719612974,2.7742653572159983,2.8772371821699365,3.2456837280884474
17189,pop_1,4.005730831982552,2.996148041081606,2.9256657390305536,3.2259003646424174
17190,pop_1,3.6340882059085056,3.415678033436705,2.96009009857379,2.935336333218758
17191,pop_1,4.147390392626371,3.120558655266248,2.7812968749408316,2.9497640250918327
17192,pop_1,4.316004688624731,3.8407179086969987,3.123472064456215,3.191073207818083
17193,pop_1,4.0292726006754185,3.5275363255578704,2.7851832453502743,3.3633472223711016
17194,pop_1,4.233574560787502,3.6618501249869078,2.904154810667035,3.504503525985984
17195,pop_1,4.085553471851006,3.182775592086801,2.7089504627275156,3.45925033380204
17196,pop_1,4.168095243680363,2.9051662346236413,2.7739061489586945,3.367670151869935
17197,pop_1,3.7717935111728824,2.801473612085395,2.988850067440267,3.01537804324345
17198,pop_1,3.715901366667857,2.6036738120274006,2.790422073029325,3.488536723275906
17199,pop_1,4.1285562525681545,3.2044023917271574,2.9712870561030598,3.1596477035449375
17200,pop_1,4.322349122994832,3.49048266083809,3.0624172279039743,2.951384500210109
17201,pop_1,4.27081946286103,3.448022681571209,3.1429230816836116,3.645092224997348
17202,pop_1,4.357948886485259,3.0951058386979335,3.072175098674206,3.236952317149054
17203,pop_1,4.107867533083594,2.992679893593775,2.744041462742974,3.554431893447155
17204,pop_1,3.9440606770228257,3.223348900677704,3.144848564519409,3.446918740935919
17205,pop_1,3.678219118448449,2.837743822725099,3.0136832816158097,3.0580061320386243
17206,pop_1,4.415377942045761,3.0542177423777264,2.8857415226329004,3.265559556046116
17207,pop_1,4.332044550460811,3.462195365568154,2.7570708427282775,3.4251400454116285
17208,pop_1,3.3367184001373533,3.5551846752195164,2.8602350123019047,3.0439974242034378
17209,pop_1,4.228920118484969,3.223595560743366,2.613928362565345,3.4918073865420154
17210,pop_1,3.9774349957766595,3.3461088435858497,2.6218017204566095,3.3423765996163324
17211,pop_1,4.475753521268773,2.933261967441678,3.1208544645230796,3.5462429870409515
17212,pop_1,4.510483933677741,3.4465714647522456,3.4492085098478835,3.082745812475923
17213,pop_1,4.026086854102923,2.634809714470785,3.5262314344738694,2.926212719178743
17214,pop_1,3.9623214435727254,3.1269842331932196,2.9712005098940755,3.223739305885141
17215,pop_1,3.8503339395470872,2.5733852643249766,2.862811757859764,3.298345118852117
17216,pop_1,4.266159065470636,2.8831498226909127,3.0754507426717574,3.3381250402864353
17217,pop_1,4.20228392483333,3.2121951082902074,3.102823574748279,3.086434393290425
17218,pop_1,3.914411729463304,3.0116767089378813,3.248111308766518,3.310032715182108
17219,pop_1,3.97989704188646,3.3528149804082203,2.695303664554312,3.825434657443194
17220,pop_1,4.489207280896467,3.2525895262693427,2.8225198039179467,3.394436515139372
17221,pop_1,4.349867165817629,3.6666024070673786,2.932226663005333,3.1627657549090964
17222,pop_1,4.183703895507005,2.9723434254491004,2.990203765366439,3.7109529699159913
17223,pop_1,4.177131190231378,3.119509300795054,2.950687317287865,3.312038508387085
17224,pop_1,4.342946539869436,2.8030616370498356,2.760252513622911,3.491334999093328
17225,pop_1,4.016465383481037,3.363878616987367,3.032647044970376,3.3319694867498675
17226,pop_1,3.8643365203695765,2.4172306572658213,3.0475512029618654,3.1230376145744647
17227,pop_1,3.8828857885340082,2.426455723488888,2.7119663217600696,3.4133026977066176
17228,pop_1,4.303444855735375,3.395734569081747,2.50622886127714,3.4103720009277905
17229,pop_1,3.7050034624051142,2.8436351678774825,2.777314495057336,3.314494666066984
17230,pop_1,3.8769987202833005,3.372113049239314,3.1369708008865964,3.1110324093008157
17231,pop_1,4.412506407297896,2.988755836803019,2.8064679573733162,3.1225431789586158
17232,pop_1,4.445992909931342,3.3801279808744615,3.1573432868427056,3.2961488340830902
17233,pop_1,4.084521163509041,3.493250427446967,3.3044277310226877,2.7978662581341522
17234,pop_1,4.26092474151408,3.0984326024188413,2.9272356702326077,3.14728220134874
17235,pop_1,4.019032543878114,2.958493921850879,2.6191338700367868,3.383013187413828
17236,pop_1,4.3603970166271475,2.8937620952349463,3.3155579091908987,3.0486312413871604
17237,pop_1,4.293659969291044,2.946043492417752,2.6234563197562766,3.3750779747851336
17238,pop_1,4.916205922743991,3.417388232362899,2.9676897920299643,3.7710277625648674
17239,pop_1,4.303334074107928,3.995037932813989,3.030917833598045,3.656594344808723
17240,pop_1,3.8933542306907865,3.368434119980042,3.2674204504195776,3.200415661801818
17241,pop_1,4.67102331882249,3.2349991814670616,3.253503558406097,3.539807584132325
17242,pop_1,4.391968944469291,2.914777181327323,2.3991928756354786,3.7879576340722023
17243,pop_1,4.159044319699492,2.9164271497600383,2.3407509810302956,3.3329940344090705
17244,pop_1,4.28946551794902,3.4469817399297136,3.3509646524043535,3.3337196005240606
17245,pop_1,4.06445663664063,2.799120176566817,2.793415954509155,3.0753521737547436
17246,pop_1,3.9909085802302515,3.189691091482705,3.278247952654108,3.4030263926424027
17247,pop_1,4.286327961434485,2.840189748635408,3.3213689688722123,3.106462405355337
17248,pop_1,4.122304769322601,2.893778320040047,2.5959877875000674,3.3326327198750176
17249,pop_1,4.431926919731703,3.41180458080677,3.2845090454158807,3.3462797011937644
17250,pop_1,3.4023513995145493,3.2465492545020926,2.7011446624404822,3.452877882570096
17251,pop_1,4.374615435519955,3.4135218698096366,2.8606331449077547,3.4715357427933893
17252,pop_1,4.488261148905807,3.6784435525038424,2.7285085840408683,3.523285599898712
17253,pop_1,3.5158505324004814,2.8928737302462264,3.036013767554858,3.3495114177255876
17254,pop_1,4.264509143488776,3.0793051973718075,2.7684380322396005,3.5362729113929987
17255,pop_1,3.7241086065810243,2.850599365848355,2.5265055622225034,3.725201277620612
17256,pop_1,4.174074741834476,2.81251865209973,3.106185658242506,3.219680610694817
17257,pop_1,3.3906839253396686,2.563274949461799,2.8252863114099473,3.443299670078667
17258,pop_1,4.132656331352885,3.1786635309732203,2.99672257233211,3.2614620358117072
17259,pop_1,4.324129886279033,2.752782445006055,2.7600341423015866,3.3118161101301786
17260,pop_1,4.26176382928955,3.3129139678154016,2.9398269757479105,3.1176591534864464
17261,pop_1,4.1231185732579565,3.4933272089739162,2.9170542315290535,3.0396023227550835
17262,pop_1,3.8539762776510154,2.8781600546886557,2.847564163746877,3.048689087597521
17263,pop_1,4.4924492078644045,3.845621356723839,3.32187608865113,3.3908044068062093
17264,pop_1,4.109992398033573,3.0135146338105168,3.150420294325792,3.5199527338824295
17265,pop_1,4.015968850439006,2.6986845729025126,2.6502390876857507,3.6378322968005006
17266,pop_1,4.204354566638639,3.428982793071041,3.303813808109706,2.9986793274045427
17267,pop_1,4.066357446731972,3.9489194991316996,2.9598396537467395,3.3289248497477595
17268,pop_1,3.907812027601576,3.2505587080451543,3.1110655845029473,3.375269105231397
17269,pop_1,4.238551639075685,2.956429254490904,2.201162958863282,3.722409180410679
17270,pop_1,3.8467668136920707,3.4958710154756467,3.2998630029154064,2.756668325317057
17271,pop_1,4.184654079569508,3.068956594502131,3.154106909513947,2.9662966233598884
17272,pop_1,3.7178180598569552,2.8672139679421034,3.138344919248478,3.038510328962993
17273,pop_1,4.600740974918253,3.118444408880847,3.0475348711170076,3.5369430596625944
17274,pop_1,4.108487429580017,3.0450443410618853,2.9494166189587285,3.280197501415797
17275,pop_1,4.130889426550647,2.9533530115764712,2.837634187369219,2.9495543625770164
17276,pop_1,4.576712918883327,3.0635479570005386,3.015447293870836,3.1131438548953527
17277,pop_1,4.224117047362676,3.356214035230079,3.248331243036747,3.306177801655352
17278,pop_1,3.9535844511925933,2.9245144339587474,3.341841524846279,3.421298703590987
17279,pop_1,4.48583666071178,3.148320295703324,2.954429893276561,2.9746840295933845
17280,pop_1,4.060495018044607,2.524102022166075,2.9831428956893307,3.1117778887359524
17281,pop_1,4.269226067323166,3.1809849977576006,2.9405522488514784,3.027343665622278
17282,pop_1,4.148725206824537,2.5114623397614664,3.0691668371098104,2.95123656236942
17283,pop_1,3.6681589162926245,3.3879562876092484,2.7302867305067218,3.4582991332634783
17284,pop_1,4.0768130548614625,3.2540037221984273,3.0574565536013916,3.317209542288954
17285,pop_1,4.260445652878397,3.3313398080009855,2.7914424369866677,3.1161365773003507
17286,pop_1,3.959971049465172,3.3526088579791624,2.985727108940323,3.4127998548465084
17287,pop_1,4.142570068791893,3.327814245803981,2.9938879037809407,2.9421893188772543
17288,pop_1,4.267373658297165,3.3998788128837925,2.919679914924368,4.002523596326543
17289,pop_1,4.0828631146568695,3.429282121484802,3.4899266752348606,3.166513350175729
17290,pop_1,3.9743917281043424,3.0819102006582115,2.6905943011728777,3.115555022039641
17291,pop_1,3.9923537937530615,3.108920423969777,2.580386783813122,3.295820504760872
17292,pop_1,3.8927809315868416,3.2002006293629863,2.890367312476481,3.0301985454728055
17293,pop_1,4.419588848951788,3.3883883565248336,3.196749392279346,3.1779525173984755
17294,pop_1,4.5464344653808855,3.2158191954707323,3.482357323566489,3.2646215722725516
17295,pop_1,4.332294304275391,3.524174673556584,2.8412337424149494,3.5112827960294046
17296,pop_1,3.930801024476815,3.0972685610009045,2.591847249488857,3.567216328092577
17297,pop_1,4.148442061165186,3.284893634835139,3.1682870976957793,2.902460026142761
17298,pop_1,4.069745928041934,3.5839665874879674,2.925827136817539,3.3558792228275043
17299,pop_1,4.095855950438287,3.3834324233124202,2.908642217868896,3.076491917069876
17300,pop_1,4.142103995017055,3.3736613900921206,3.0022231604713516,3.284599295415968
17301,pop_1,4.12086438353407,3.1897556734197035,3.070911514514406,3.2445899834733747
17302,pop_1,4.254943352798665,2.612144980631721,3.026656382867925,3.7150485418111057
17303,pop_1,4.316376698516801,2.9149068125208175,2.952845500521265,3.1109595419530174
17304,pop_1,4.151637457498143,2.8772339906980604,3.072987986613495,3.4835764373851545
17305,pop_1,4.238627809833135,3.4769001838482003,3.068007876959136,3.6484480315422734
17306,pop_1,3.765489793303015,3.2713811588950725,2.8199615275779903,3.4443075378436907
17307,pop_1,4.393466402622352,3.1596161350409653,3.044850898619152,3.788055763329998
17308,pop_1,3.9565826080435773,2.6644438434022897,2.5848204094895024,3.753731069890899
17309,pop_1,4.137251355937447,2.9279520427212193,2.913195203504689,3.4298831429403815
17310,pop_1,3.915240231949388,3.053536837733924,2.780048341940785,2.762578792117202
17311,pop_1,3.705661911207761,2.823207737426869,2.533190545521261,3.6900793863369903
17312,pop_1,4.25098100304191,3.3130950498677074,2.866888356671747,3.228167265450189
17313,pop_1,3.413351994082528,2.8730305328206747,2.830290892235685,3.8159320459400305
17314,pop_1,4.096127904838519,3.3051950307668165,3.2508527276511,3.602065757866683
17315,pop_1,4.004055493052079,3.124807774021206,2.803114285583714,3.0705378258341676
17316,pop_1,4.137739943677203,3.4114644422590943,3.030318954003566,3.274385793868606
17317,pop_1,4.182204084578021,3.501341350525413,2.9618337077837844,3.377870416225471
17318,pop_1,4.236481198839606,3.28664741601379,2.89191087557666,3.506818103126373
17319,pop_1,4.0895859898175235,3.2027329803216893,2.812147792390244,3.7156267469535234
17320,pop_1,4.112909552368449,2.942285138738355,3.072860687595515,3.1983690813269963
17321,pop_1,4.263271190046495,3.184795107713351,2.9449400993162405,3.7584057510928273
17322,pop_1,4.125441001720724,3.2285910852753945,2.9566693630768075,2.9973733544201204
17323,pop_1,4.528041145976123,2.9083280488648944,2.6813113610522135,3.538525368369047
17324,pop_1,4.282787565050873,2.972492104755211,2.704120548099826,3.0349458450916655
17325,pop_1,3.8816699477872794,3.0984228802063076,3.164787418860125,2.8210864157191637
17326,pop_1,4.26384704573734,3.825739398723127,2.793294410470108,4.118891016067486
17327,pop_1,4.039481097772481,3.5416368587072133,2.788313802420164,3.347230039398418
17328,pop_1,4.125925461375351,2.692922068394551,2.841651608215415,3.115318067198987
17329,pop_1,4.545745013666251,3.2269571341579795,2.9984971172617074,3.187153566287608
17330,pop_1,4.428418881460337,2.9745821113825297,3.1748601975550135,3.207707701340427
17331,pop_1,4.395299566115554,2.8220931036620533,3.068595469725679,3.4798088493124184
17332,pop_1,4.02361740172446,3.061854933204124,2.698639881352288,3.3693530913143253
17333,pop_1,4.680216083496617,3.685572608954092,3.184400620707498,3.041664024006401
17334,pop_1,4.555951339419162,3.4411606516504922,2.8650473064100996,3.6756451812396254
17335,pop_1,4.088065768547677,3.2276168880492744,3.100018267440878,3.0684598286827276
17336,pop_1,4.763796205248394,3.1201539761183903,3.0851966433398466,3.2110578174205733
17337,pop_1,4.515907658496006,3.63287886935732,3.225443824804503,3.366302071424764
17338,pop_1,4.365079850718039,3.058144975823484,3.094690290626875,3.4519301337117314
17339,pop_1,3.721439726618855,2.9160090152541325,2.989856946910145,3.8236430815180444
17340,pop_1,4.412366176811275,3.5259221532618223,2.8004670907013622,3.664244869025837
17341,pop_1,4.072542595027935,3.492258762779735,2.5105709180538742,3.8369492097621625
17342,pop_1,4.4152492600590705,3.22311813489771,3.2176835582383556,3.5980938134744997
17343,pop_1,4.588705896334698,3.197085250181625,2.857418109241698,3.037439483696856
17344,pop_1,4.3789288884234345,2.9205233932803893,2.9550113344089843,3.752282537166545
17345,pop_1,4.230213009325879,3.0497105350054463,2.579334535943366,3.282177817656733
17346,pop_1,4.262691914416839,3.0654587621216027,2.9119949259041955,3.4362824885764454
17347,pop_1,4.218948083489943,2.964831024718472,3.0271346343046797,3.6606784610458494
17348,pop_1,4.171067056773981,2.9528886061709816,3.099822401467527,3.098562925525503
17349,pop_1,4.526007639295227,3.581910266903144,3.205031222791241,3.2474101682991505
17350,pop_1,3.835383159943743,2.882575783916491,2.9023970802392607,2.9046774047183233
17351,pop_1,3.9927902061202785,3.065743487950582,2.6139329718554745,3.3237561065322576
17352,pop_1,4.447310543510816,3.424342497775368,3.000247079096822,3.0347707610708534
17353,pop_1,4.462404385446244,3.4255442398005234,2.4837281543398184,3.5540646509001323
17354,pop_1,3.7678096319056067,3.267064866683915,3.0311153433334046,3.2682664196530666
17355,pop_1,4.120651201448551,3.313703393870673,2.8088641605336098,3.5233043247676465
17356,pop_1,4.0863334061179595,3.1681129540875905,2.6941202453388877,3.0780426071943583
17357,pop_1,3.900929753495432,3.1678064172255174,2.9347942585580866,3.1083889541126797
17358,pop_1,4.318439596244705,3.1867006479806532,3.154527530181802,3.226900314242759
17359,pop_1,4.001742049667349,3.1063770783390914,2.689241236998917,3.5361352073966743
17360,pop_1,4.795314929770432,3.34083177769828,2.9077005777825184,3.524644138508167
17361,pop_1,4.340999079924402,3.1787652851934145,2.6938030353074573,3.422103135111969
17362,pop_1,4.040818428327248,3.887549581240801,2.9663130022046205,3.348579665446996
17363,pop_1,4.156270307183405,3.085206908082814,2.788602549627641,3.507548270641255
17364,pop_1,4.302981311015945,3.25421026841217,3.090290405392066,3.607893208181686
17365,pop_1,4.384817654559776,3.54953213972654,3.295625989801202,3.7693646572902146
17366,pop_1,4.086239768591815,3.3442108411068285,2.910388012478562,3.0796321235012525
17367,pop_1,4.459772053080219,2.3439863725338053,3.090615411804278,3.833256741223968
17368,pop_1,4.183899524393671,3.262323601027825,2.9315683153733647,3.471812692509986
17369,pop_1,4.3196110952361675,3.2784298208737126,3.3006879235458757,3.125544015872622
17370,pop_1,3.960347425091082,3.4738190917236933,2.5288972714953055,3.573760412328877
17371,pop_1,3.9679816005190047,3.0648357244414313,2.897449061243933,3.6067616857565095
17372,pop_1,3.8660375165749965,3.3037517055973686,2.9892038150467193,3.0221348443731797
17373,pop_1,4.786621147498961,3.017540690553976,2.9668149555707806,3.2197717257338656
17374,pop_1,4.411220586761115,3.4086749425681155,3.117952591472487,3.2444685944229503
17375,pop_1,3.9470098160374145,3.8689035356766874,3.174280750653146,3.1283582939826555
17376,pop_1,3.9518498307681624,3.331250843751721,2.794658764606625,3.795287016008102
17377,pop_1,3.939674356279395,3.2115331174587145,3.069080901547828,3.047930537186506
17378,pop_1,4.077278422487694,2.9392962841333006,2.747488087390556,3.6064244870465685
17379,pop_1,4.373080003869248,3.359402574724023,3.007363967035695,3.7437052676118427
17380,pop_1,4.124125460664875,3.1828398973321073,2.9140464302445874,3.1122159534054337
17381,pop_1,3.977262736132669,2.740142201431956,2.792682953956017,3.7830086916451533
17382,pop_1,3.9174111580412188,2.5671271338841013,2.7249645986852604,3.8004639027730764
17383,pop_1,3.988569933974682,3.0038060112936273,2.940480036955587,3.6545516289529822
17384,pop_1,3.6457439343895395,2.9610555160415593,2.9789468793943334,3.424497621906871
17385,pop_1,3.696819948946999,3.0670953326191035,3.001860342518537,2.9976483955894997
17386,pop_1,4.275149230510919,3.7488642521205926,2.8641554861440417,3.3741077645853643
17387,pop_1,4.428909736369032,3.485383638909091,3.0429483321259365,3.366350290900925
17388,pop_1,3.801310666979902,3.1746222430920974,2.8707313316672387,2.925504142453777
17389,pop_1,4.584100572435018,3.1212954445295154,3.1207229268834222,3.268055283582473
17390,pop_1,4.04247558412507,3.0882489332747234,2.2903762613471526,3.4733311859787013
17391,pop_1,4.038249717402918,3.3301452617457343,2.7205684176221534,3.284667884331204
17392,pop_1,4.397020493890571,3.176576917767486,2.662286956016256,3.176161719870635
17393,pop_1,3.6233661035906746,3.4694720963100423,2.998140639943926,3.752906006560943
17394,pop_1,4.091663196081419,3.5937545972024054,3.432823863051461,3.2687824910814673
17395,pop_1,4.263117162483141,3.138075011715676,3.293883312344517,2.8807754074226537
17396,pop_1,4.483579907449593,3.0292255908803423,2.970776281442454,3.0409350579894605
17397,pop_1,3.7865984549375806,2.6820840551378544,2.8420294176824754,3.558001119045136
17398,pop_1,3.967728824360023,3.0968955162702723,3.0449322879278737,3.123887951271268
17399,pop_1,4.081253257343792,3.3185873443937015,3.029014229710756,3.8022457737805655
17400,pop_1,4.333524409474606,3.560402335636776,3.0788929670926573,3.032872639784875
17401,pop_1,4.751147090892743,3.2795296179053905,3.235529787845323,3.1910652701105766
17402,pop_1,4.129261392447271,3.0156859783822303,2.883958063938732,3.3891696096482127
17403,pop_1,4.12227794001022,3.088667318877986,2.500768972626016,3.617460314261568
17404,pop_1,4.069710847031598,3.48608300811881,3.055682403052413,3.8135991829002167
17405,pop_1,4.460037115462182,3.1457600267197368,2.695897975359239,3.6832562089984062
17406,pop_1,4.181435663646607,3.225323107375152,3.2624766179802656,3.195555528226616
17407,pop_1,4.130424040895067,2.845817863978227,3.3621592347359157,3.127382933771097
17408,pop_1,4.301778997794125,3.5745205519149015,3.0921850704696636,3.017613851363609
17409,pop_1,4.722779628826636,3.115277652079867,2.620661627341265,2.6860703189088015
17410,pop_1,4.169068679151556,3.1039292604306112,2.9464834997892106,3.6881035586619966
17411,pop_1,4.331781425832106,3.02570156619211,2.805397704755013,3.336251803389637
17412,pop_1,3.7775962756370385,2.42584456410337,3.085069574978697,3.0230509531931093
17413,pop_1,3.988324646581475,3.1579595206763624,3.2400183325494316,3.1638724627789556
17414,pop_1,3.989997356778455,3.3353174080756616,3.170628205064085,3.4156588253707114
17415,pop_1,4.664380289937155,3.609459762513976,2.974502381680288,3.3129395063603546
17416,pop_1,4.063225572635041,2.948183358552094,3.326200850552056,3.449434344557815
17417,pop_1,4.46663201869897,3.5677152133768515,2.880792359005255,3.4546668561544727
17418,pop_1,4.65002475661367,3.5962021441729237,3.1540486475714777,3.444721686275868
17419,pop_1,4.42451577070206,2.797453975342661,2.936283214851849,3.4720168540493925
17420,pop_1,4.367408102287931,3.2616722912373444,3.2023527675632257,3.6282646213017893
17421,pop_1,3.89311510942249,3.0185453819362156,2.724913352105823,3.3924094048331543
17422,pop_1,4.24396412556119,3.1548720474612844,2.8568964009511277,3.1716420781464523
17423,pop_1,4.497178509278567,3.03358296872224,3.283104378098079,3.161999127318815
17424,pop_1,4.368697812453408,3.103373930161097,3.0911969154317642,3.315012884601827
17425,pop_1,3.8091538125503277,3.0958893265027325,2.4956038065715447,3.515667930979939
17426,pop_1,3.8976301539968805,3.6334110385117233,3.18061920665629,2.9915423128407848
17427,pop_1,4.167043372567067,3.198248246041139,2.9230572838581717,3.182861433172499
17428,pop_1,3.7728744428443717,3.5426625474467572,3.232033910928352,3.1845745824364817
17429,pop_1,3.414078248638334,2.6137667075537347,3.274683242252484,3.1665665160069065
17430,pop_1,4.438349290313143,3.8820618005700056,3.07895568506628,3.553194165462571
17431,pop_1,4.541496973155906,3.6481969158213157,2.608142857030467,3.781901097544346
17432,pop_1,4.215309583355979,3.596528242239751,3.178060831481731,3.399456965607195
17433,pop_1,4.386774174570254,3.6034330548679305,3.2535691000577924,2.9369162869704777
17434,pop_1,4.191136162266868,3.2428306302279473,3.0422853272187718,3.1567854845800185
17435,pop_1,3.6648696596717687,2.8746892668399338,3.090821404423721,3.3071098113381026
17436,pop_1,4.607047830662579,3.053279301209784,3.3772436288447842,3.1747483830435477
17437,pop_1,4.06230947658251,2.9177146411304458,2.941007850878345,2.6320841072414476
17438,pop_1,4.168421152563069,2.78373735517179,3.1461635599630813,3.36955320209413
17439,pop_1,4.372495171745809,2.8511203546221453,2.8539133380654045,3.3925185248422443
17440,pop_1,4.363813519147056,3.280069354363529,3.162455378172863,3.2160647405327345
17441,pop_1,4.207145226273148,2.8549022411286478,2.988306485644565,3.736297815055733
17442,pop_1,4.092472242656243,3.577216408936601,3.1744711063435873,2.842428122237526
17443,pop_1,4.316578632434485,2.841522463271816,2.9131647966252334,3.411161753232421
17444,pop_1,4.271769356045367,3.170657835730906,2.914082341857881,2.994934757136485
17445,pop_1,4.339969455034457,3.154879712065543,3.0128534520597547,3.2028410435821337
17446,pop_1,4.124471586380782,3.5610729675939687,2.5410305504198742,3.4548863401147156
17447,pop_1,3.9976819809110493,3.6213273469846063,2.928299535559575,3.2865072317315787
17448,pop_1,3.9803997231417183,3.321348794617942,2.8653242123960414,3.4381420819307107
17449,pop_1,4.273213761791441,3.0185640554956774,2.545022326100811,3.746300926395845
17450,pop_1,4.25408969963533,3.575600893134879,2.790212500009216,3.0829457763876635
17451,pop_1,3.770943945526928,3.2377694097130747,2.6597905208032535,3.6280556916460895
17452,pop_1,4.135072548615072,3.298836901032721,3.1749419826615863,3.510418676642672
17453,pop_1,4.013136129770691,2.9988092228489553,3.395944083298652,2.985303353303044
17454,pop_1,3.8935109155218783,3.0420512573527203,2.9299905596297084,3.7075859176336987
17455,pop_1,4.3406696596105645,3.3829113881945903,2.894013669011269,3.0873336886159635
17456,pop_1,4.426753712515822,2.7344573712926756,2.8083027650270935,3.0922053392357496
17457,pop_1,3.870895418712487,3.05983985341045,2.8652757944864944,2.9262255173728136
17458,pop_1,3.5880448245884202,3.2859571155371965,2.8764384489242536,3.367020603078253
17459,pop_1,4.179705142748932,4.240690674550053,2.9949037051595875,3.4160658135593867
17460,pop_1,4.434204504110353,3.697098441040917,3.0341467150996695,3.4050575379101256
17461,pop_1,3.909217207945808,3.0397636627455475,3.1632515386546523,3.286018427157354
17462,pop_1,3.764157036027897,2.87623243370465,2.6193996034696743,3.341118869044189
17463,pop_1,4.4739329913009716,3.4524292424938863,2.6173853562816465,3.3947987268487423
17464,pop_1,4.757777006321072,3.083338512569456,3.232456111536513,3.388043338431402
17465,pop_1,4.126060791116052,3.5848295304819473,3.2444878498474643,3.004331989734624
17466,pop_1,4.089050674730529,2.687089222480517,3.010048224031311,3.086257126339938
17467,pop_1,4.250898775201437,3.1355336009813253,3.0755404705371836,2.7301732212764853
17468,pop_1,4.359567340538356,3.310968270627022,2.756903324386366,3.353143031322127
17469,pop_1,3.920683021569758,3.249852262167645,2.9996719336750477,3.3805130506383954
17470,pop_1,4.367793971999155,3.1227559799954205,2.91111457660859,2.843338383198537
17471,pop_1,4.552723453791332,3.3343228709259782,2.88063848216271,3.244679503025155
17472,pop_1,4.821901554617487,3.185910450476438,3.0757994898951635,3.293092408188226
17473,pop_1,3.5354472057673703,2.9673630837573883,2.687000401250264,3.513883286774217
17474,pop_1,4.476286036713582,3.0668416899380606,2.838624110171615,3.5408001309532815
17475,pop_1,3.983528317809405,2.8899121140394888,3.000616528421174,3.5231343119513494
17476,pop_1,3.8933306251845536,3.0694129315045924,3.1520020208926867,3.3192742424646173
17477,pop_1,3.992298671024669,2.7653648469001837,3.0292286384535485,3.0529920002717095
17478,pop_1,4.603322273616704,3.221254749113108,3.2142777379672895,3.034740454872977
17479,pop_1,3.999243871788342,2.929791042354245,3.2159213272625955,3.078078938034073
17480,pop_1,4.5118311159480005,3.390252584440638,2.7300015304647403,3.3122915829230517
17481,pop_1,4.107522417929216,3.049858991472327,2.909142909933292,3.7295805813863554
17482,pop_1,4.01053653685042,3.1806217562498444,2.9712132362886163,2.8832972289906067
17483,pop_1,3.853613996422441,2.8310980504135466,3.0093238961828117,3.1696442061483894
17484,pop_1,4.110321036551068,2.8565763458404345,2.7919457434109396,3.3283432019086434
17485,pop_1,3.681152908189035,2.9255696743654473,3.261670043697536,3.3939779079744468
17486,pop_1,4.562258151069434,3.2716495365419,2.9914647844099647,3.4981480601081287
17487,pop_1,4.207289477904749,3.471460598309514,2.764044871370923,3.241152520116165
17488,pop_1,3.839427116665258,3.296521038566737,2.991961770115017,3.359636155031249
17489,pop_1,4.224418951685958,3.6684707719009286,3.2897818968669816,3.3786110016787845
17490,pop_1,3.7982893007930647,2.665778091506937,2.6817495160464926,2.7311598479262
17491,pop_1,3.7301678304156876,3.5343828401331296,3.1233569317992824,3.006792490758511
17492,pop_1,4.406022281585492,3.0390030318875936,3.089723251716185,3.59067834945164
17493,pop_1,3.9966578589775956,3.139199109674721,2.782931572063249,2.6996426964180804
17494,pop_1,4.361596711874958,3.447567707303672,2.9848751106871587,3.215816358837548
17495,pop_1,3.8341537377415387,3.210132889112158,3.021192855714386,2.9150392067569233
17496,pop_1,3.9175832918798728,3.2016433725998543,3.0588762787604806,2.8973295779292245
17497,pop_1,4.817603621117696,3.578257162322675,3.6002056716720423,2.9467171058666506
17498,pop_1,3.897995308564062,3.4236363169769906,3.1431532665526722,2.985285610313253
17499,pop_1,4.800922797106135,3.0417505719959053,3.1350425984439365,3.069739346833422
17500,pop_1,3.917010987726495,3.0192236363016316,2.8618677407561797,3.44451051161055
17501,pop_1,4.546899308730206,3.3637993186644186,2.8985031001511095,3.1822406992526147
17502,pop_1,3.92166547237969,3.477055244001923,2.8151748675848225,3.4679736162938926
17503,pop_1,3.963600763641576,3.0353644680309917,3.056151295388586,3.48280092179186
17504,pop_1,4.368033348673572,3.2494893311638093,2.9652116148051086,3.481661422475726
17505,pop_1,4.1341972435099015,3.4319061677402734,2.636275939302897,3.3598157652457723
17506,pop_1,3.6461793085499163,3.094559607674444,3.365960335774805,3.3877446455312117
17507,pop_1,4.423792339051644,3.164593000560438,2.737914232270609,3.3910677691976847
17508,pop_1,4.415021071685814,3.026124861530361,2.705582326833459,3.775953502299364
17509,pop_1,4.335593351916551,2.6720219776338037,3.02247892093536,3.170895670039804
17510,pop_1,4.562444887906568,3.4160979116437984,3.1041465041033023,3.27319453224405
17511,pop_1,4.207231366542631,3.014524869822802,2.9306171281401006,3.5204417182890557
17512,pop_1,4.287922402590365,2.8013065644284083,2.965528288764634,3.2034149326738013
17513,pop_1,4.033238546989335,3.1452515716971057,3.060335694701636,3.412371968907512
17514,pop_1,4.136123609090149,2.869485965235056,2.8751338066967715,3.5062451102753514
17515,pop_1,4.079349868097771,3.2937884261386245,3.007524604721298,3.327465651163941
17516,pop_1,4.148933327436631,3.0893839345057508,3.226944010085239,2.724012775496798
17517,pop_1,4.224058358126506,2.7646865927624784,2.853488349439431,3.4839831420295413
17518,pop_1,4.5670683080368,3.3329629062979405,3.244983504750259,3.2112306429103374
17519,pop_1,4.111162472243529,3.2222730119766405,2.690919359514355,3.151860631601533
17520,pop_1,4.506881291472001,3.9605337287310434,3.0876384913791215,3.6859808154782154
17521,pop_1,4.618910776849194,3.2278682632801883,3.320625489839842,2.8139900601007
17522,pop_1,4.420982202949601,2.991962386242202,3.499150839024383,3.370696712550298
17523,pop_1,4.129031735525589,3.003643837589191,3.5200460630538752,2.987971014978729
17524,pop_1,4.4861526346636555,3.9625135503096,3.068006068952808,2.550097351625646
17525,pop_1,4.203569534986704,3.2145702815038515,2.7647793988237708,3.452930119408218
17526,pop_1,4.058579963242445,3.410990852381043,2.881557385394862,3.1009490182107258
17527,pop_1,3.8856403958484282,2.924761832994765,2.9459813998460924,3.269348567121486
17528,pop_1,3.9396243399500763,3.3601512848455544,3.209545294022526,3.2462807151987767
17529,pop_1,4.540005378650894,3.609642820571906,2.888169625404015,3.79488986250268
17530,pop_1,4.367183493984334,3.256455852896443,3.162031710212622,3.2578633245778
17531,pop_1,3.876905943965978,2.5488958449529733,3.153529871817364,3.2885380858583737
17532,pop_1,4.117907616919038,3.2960260744886534,2.876709098437573,3.271636892982387
17533,pop_1,3.776394799374142,3.3045032608021976,3.0570151878251988,3.040853622884886
17534,pop_1,4.345627258656481,3.19026119786655,3.234881687685063,2.991135767445648
17535,pop_1,4.274929344591994,3.52950608028563,2.8045348193695596,3.1860242117491446
17536,pop_1,4.472156381271403,2.7530288111657195,2.843227386007136,3.9080500290583657
17537,pop_1,4.0500132215967,2.9143564422287684,2.4983371391524054,3.7869654066626706
17538,pop_1,4.100412923537996,3.020781980520253,3.150447217308022,3.1073761161870177
17539,pop_1,4.496324159635048,3.0409685182450628,2.977841744368196,3.6881775247477098
17540,pop_1,4.1398543858208035,3.0339954176725903,3.1039301025442216,3.7788223309463
17541,pop_1,4.058531430054859,2.997633131009438,2.9597145030847263,3.3011222165837264
17542,pop_1,4.434174203918617,3.247400804274388,2.71694412704024,3.6610707861558223
17543,pop_1,4.193316358240322,2.7092713662031884,2.9955442756454858,3.3171012940405453
17544,pop_1,4.115728830029141,3.5291394705685235,2.6474323891790923,3.351997451409913
17545,pop_1,4.6357644639203865,3.0128186534836625,3.3773913020789963,3.114959489596152
17546,pop_1,3.812531539163606,2.9198168045547255,2.340963890584115,3.8297369056426804
17547,pop_1,4.138275600393158,3.134568052000378,2.9291564909502665,3.0580762914154445
17548,pop_1,4.011985840737162,3.3560696209764607,3.0056008206323734,3.5884153499873124
17549,pop_1,4.690542622257184,3.293574432580061,2.9182654971217117,2.6865169886692946
17550,pop_1,4.068682807725253,3.421855177134067,2.956140177994673,3.211923740610281
17551,pop_1,4.2585011104289485,3.003527681893277,2.87508350229247,3.2172254275372034
17552,pop_1,4.655950427629077,3.2032972137499196,2.6716958594603684,3.5615234447615842
17553,pop_1,4.406335652498119,3.133064105935411,3.027734475751434,3.224739490195125
17554,pop_1,4.381322959183362,3.1403539596065344,2.7564078042719573,3.3025000572779706
17555,pop_1,4.0901877750909685,2.977793085092694,2.7753434664689336,3.659294952271921
17556,pop_1,4.39074738357721,3.3255189281125155,3.205464789265647,2.8192175995761244
17557,pop_1,3.7350792484101825,2.876643970107765,2.9875943920696075,3.3106575537842002
17558,pop_1,4.333371780093968,3.0428997375365574,2.737600629330645,3.67926477756842
17559,pop_1,3.5557587882697756,3.093609491747709,2.463775662214998,3.6334409769894442
17560,pop_1,4.446695195823092,2.8244526025625367,2.7907495325242806,3.607353212484731
17561,pop_1,4.314827558905862,2.793864988300915,2.9257641461878157,3.6823945834398595
17562,pop_1,4.392211619600721,3.329776572797466,2.8938994330393415,3.387760859895808
17563,pop_1,4.158325048315421,3.3733539576106106,3.3938314130242664,3.751905716339625
17564,pop_1,3.669598788376505,3.6652295969462907,2.3055872397357478,3.6502809609738693
17565,pop_1,4.915943637265686,3.439843262129888,3.354126024842152,3.6347595871479177
17566,pop_1,4.422311674900679,3.3398490706684885,2.9589120367141963,3.3473613654400296
17567,pop_1,4.22081410685507,2.7520659149057076,2.8992613114406014,3.2961698429389026
17568,pop_1,4.173086883148153,3.854606522351973,3.021218192976549,3.1283187156450056
17569,pop_1,4.303464778573246,3.176135110763821,3.199197637671876,3.207252148921567
17570,pop_1,3.983225556028932,2.922125923917213,2.7293533569784287,3.307090135635474
17571,pop_1,4.140634594861829,3.0744611235943697,2.6997255551668595,3.5413627521891673
17572,pop_1,4.310556915961131,3.193850519634834,2.989140092207404,3.547038580817602
17573,pop_1,4.250732999475299,3.5074003216028173,2.842473544460093,3.525111734295501
17574,pop_1,4.157569823183924,2.5920345344249154,3.0121255637791386,3.4811461332049674
17575,pop_1,4.270687639766907,3.6319785469390444,3.035477504912794,3.197066757994916
17576,pop_1,4.0970483636495025,3.0975078971419303,3.1455529451057123,3.4722321923069046
17577,pop_1,3.8465399010383163,3.186361531892248,2.6360029068820925,3.5894290592098037
17578,pop_1,4.397571213549226,3.1948134308951044,3.127203178587493,3.605052817432507
17579,pop_1,4.407773823656303,3.3494617644586255,2.9359856762092433,3.343601251353531
17580,pop_1,4.761519294553095,3.048435211760852,3.18779972075212,2.9864949109854155
17581,pop_1,4.37518259297833,3.232925111811513,2.979729339767086,3.9602597838788056
17582,pop_1,4.219018232033946,3.6706780360817732,3.073808595198993,3.6020211265434945
17583,pop_1,4.283566824128642,2.8920680963011947,2.8441939660680524,3.370960984729825
17584,pop_1,4.490449777357926,3.0695973258661517,3.0567750663014692,3.5179300327138963
17585,pop_1,4.05261255245275,3.054406279862621,2.871491848450523,3.437494265892251
17586,pop_1,4.401546029940229,3.622832456032397,2.5696840052376184,3.6775831003912396
17587,pop_1,4.962298135861273,3.7048577109327834,2.912917232767332,2.6988273349533043
17588,pop_1,4.447899736838885,3.3612535078208747,3.3183913590449037,3.1485872827053214
17589,pop_1,3.973426142588567,3.352170065920997,2.8320370501447045,3.8318736656798835
17590,pop_1,4.105477647222212,3.7004754684113266,2.9500682785957553,3.4456764323167235
17591,pop_1,4.400079373569523,3.2514585063571304,2.9706999594284107,3.1650862212287967
17592,pop_1,4.1864851541044175,3.5523038979807806,2.7047231227319597,3.954103880834048
17593,pop_1,3.8393049027393125,2.951003608430509,2.5244023415130648,3.807873491475448
17594,pop_1,4.629708401197478,2.8776854129021343,2.848738162442168,3.5244298921563693
17595,pop_1,3.8306129381054217,3.1136455431018484,3.516300959040223,3.3560989826271306
17596,pop_1,4.522258503227318,3.8194509795318856,2.9143497648093413,3.5411361994690247
17597,pop_1,4.355638003721342,2.9386502604126945,2.9642648863372187,3.4459274358422984
17598,pop_1,3.894268979591064,3.0366908447220644,2.5030756527544944,3.562445879019341
17599,pop_1,4.556360664229823,3.497390108964162,3.1382604530429568,3.442381134981678
17600,pop_1,4.32653984465794,3.412370052114669,3.1903866352048076,3.4432737209858493
17601,pop_1,4.147703782434136,3.279057338273348,3.0606101828166943,3.102219155092151
17602,pop_1,3.7651208004880576,2.8330331201822716,2.8055125069932845,3.1132099745192874
17603,pop_1,3.2713895848441856,3.1227818390258024,2.8379915076545625,2.947230382040141
17604,pop_1,4.769726792997268,2.929690775245835,3.078808654562021,3.3014099343221948
17605,pop_1,4.273337386844898,3.583974981108102,2.8306461005767733,3.3373763915275645
17606,pop_1,4.271493413226277,2.9570503474956773,3.1124236799097806,3.0431883745502892
17607,pop_1,4.1154931556705865,3.7387806434553092,2.7859104735900435,3.4410657117312082
17608,pop_1,4.455949281604468,2.9145599214933386,2.881367892092183,3.3838141155399866
17609,pop_1,4.304579926803267,3.1647545679383295,3.0814131833015925,3.120684314311965
17610,pop_1,4.207785290823908,2.7965330905634613,3.2810623953643687,3.0273267247857367
17611,pop_1,3.948691008285444,3.576469729053812,2.6375912172787017,3.4878577180881107
17612,pop_1,4.679211529709016,3.4073530921521926,2.6837744505488295,3.499434676607328
17613,pop_1,4.082523044940645,3.3341174721883684,3.0545336179796325,2.8584692991868828
17614,pop_1,4.020204743481379,3.0593861505765223,3.1975547397546906,2.7466267025732387
17615,pop_1,4.61997032705584,3.3193512544896118,3.078193379598701,3.475434747927746
17616,pop_1,4.38319212837939,2.7808263472199095,2.784917075305898,3.115851835254916
17617,pop_1,4.332436295246998,2.956515165724582,3.1820019894246117,3.104131859992836
17618,pop_1,3.928187002620084,3.4091187793941633,2.6375243294569763,3.366534278554404
17619,pop_1,3.991548722952885,2.965200502693394,3.1291476963074976,3.1984480560616895
17620,pop_1,4.750305875124894,3.3281158964170756,2.974405043647069,3.214385203031267
17621,pop_1,4.3416138860446045,3.207970521020279,3.0470384344915833,3.464387740237425
17622,pop_1,4.347507391912339,3.139637938473526,2.923206627960485,3.6964617142340366
17623,pop_1,4.299319393125076,2.671862384334773,2.6563407889494557,3.3024737203961605
17624,pop_1,4.3791871698957285,3.1826378641759883,2.8275672186193472,3.577475148028405
17625,pop_1,4.417487766405573,3.3570240623631333,3.469124321673624,3.3536748060484216
17626,pop_1,4.357711392306733,2.8943147336448027,2.7611599995529144,3.7663632812659587
17627,pop_1,4.615577852012553,3.103953235174936,3.07445940773566,3.4653100282864147
17628,pop_1,3.298964394389844,3.1120797779732943,2.7546340461802723,4.000282343657915
17629,pop_1,4.57447877392668,3.5802188965987423,3.150297553157586,3.077553260646237
17630,pop_1,3.7931075967032095,2.8751157606395785,2.8420367788990477,3.3634900443676927
17631,pop_1,4.556704566948466,3.0751521739172443,2.8753785068487576,3.287731009169147
17632,pop_1,4.171557069327252,3.8541538481052022,2.572959120800966,4.159376065492275
17633,pop_1,3.974072561586239,3.1757606709616057,3.282290161904027,3.4536416440500384
17634,pop_1,3.588662201966074,3.216059446403065,3.122819915866104,3.30029457005415
17635,pop_1,4.011815288142489,3.2075384016834985,3.1333599415680076,3.166215119992883
17636,pop_1,4.000974034086829,2.8768612570315204,2.257516083922109,3.5289978995151414
17637,pop_1,4.02004340684815,2.900999040735396,2.806020408301611,3.0364977087469254
17638,pop_1,3.747401490505172,3.6998085496428397,2.600558131671412,3.805358881027725
17639,pop_1,4.0337319475875795,3.3519400652473395,2.74962330692307,3.394686090688677
17640,pop_1,4.340342385120606,3.3454130367352266,3.08655522936438,3.6704653719664115
17641,pop_1,3.961030644742549,3.3962823512114553,2.950988191465313,3.2513556223944557
17642,pop_1,4.0473317646671205,3.1520791511666895,3.118201246717797,3.097042217976014
17643,pop_1,4.757358879007811,2.9069857584378664,3.0732847657384115,2.8836157237978686
17644,pop_1,3.760924532102781,2.948257173707949,2.897275141468027,3.40260924274526
17645,pop_1,4.553754462527843,3.244287231702157,3.182493575547225,2.9207611327813265
17646,pop_1,4.675017326293461,2.9644870963385173,3.3347945344679526,3.1283137618490025
17647,pop_1,4.37354350734219,3.5691800146949286,3.1138024915540803,3.048722930654155
17648,pop_1,4.416205372736745,3.262978136639913,3.170480449437248,2.9563092163394584
17649,pop_1,4.314637793623482,3.0445152887992717,3.1047792773320126,3.581043115089184
17650,pop_1,3.924305337671614,3.171231813326467,2.889687239612754,3.3847545128633105
17651,pop_1,4.044139717800211,2.937714233421436,3.156479548157028,3.330625379291055
17652,pop_1,4.2315110483171505,3.332277659453284,2.944871323652916,3.2039515119131887
17653,pop_1,4.309790439143607,3.263699043044705,3.3205046550651165,3.086303999298246
17654,pop_1,4.417626769034107,3.330861929813239,3.219559821279031,2.9374370504432012
17655,pop_1,4.089861411090639,3.1117373531414603,2.8379484602484406,3.527095227696123
17656,pop_1,4.270219383956457,3.1914074241517,2.8288869158794085,3.5702815290499608
17657,pop_1,4.269661844561994,3.553244139237882,3.0741182987823015,3.105469765231302
17658,pop_1,4.325127174731999,3.2956368837884233,3.1799236729035902,3.2361149395515776
17659,pop_1,4.324283669067015,3.351873594451895,2.6696536190669518,3.170941277108732
17660,pop_1,3.9968622293400697,3.0498851963326508,2.861434106246168,3.4466297869689804
17661,pop_1,3.984686146836335,2.962120273265882,2.6685345614844938,3.6409897873335946
17662,pop_1,4.663158163640937,3.936288318282686,3.2788412209812687,3.249514799467093
17663,pop_1,3.945606833957075,3.3848525159346496,2.788296026256645,3.614654353208753
17664,pop_1,4.187012579903475,3.498317852587055,3.0350270449889027,3.640828042552882
17665,pop_1,3.9428741837963175,3.3043770958700955,3.139332996747541,3.302808801579765
17666,pop_1,4.094123119947819,2.742650633834,2.78365066368658,3.241653969502396
17667,pop_1,4.506169331260726,3.4699003775559336,3.5119872570963033,2.94496427883701
17668,pop_1,4.823572148926992,2.8205574634189396,3.1605669882833376,3.141934074911694
17669,pop_1,3.9293617914999333,3.2634925606939045,2.485989052387001,3.5796424540727467
17670,pop_1,3.9893791011428594,2.9706686136000755,3.022306103054131,3.3392706664923297
17671,pop_1,3.8199114966210916,3.0632565695953735,3.1433549346973395,3.250023966012887
17672,pop_1,4.015948281209339,3.231498995540387,3.05800564478613,3.15436969425289
17673,pop_1,4.222788842526678,2.681428051825338,2.889991048498201,3.4742108507201124
17674,pop_1,3.7410895411521072,3.3685234423099315,2.916450124565583,3.8716137293092543
17675,pop_1,4.31597721347645,3.31210586468909,2.9740838500839817,3.1119419945902593
17676,pop_1,4.585067109842857,2.9854267260423177,3.4624167695856194,3.3772519421453886
17677,pop_1,4.362137720140392,3.1507360029498654,3.017308258607246,3.596912256348746
17678,pop_1,3.8325629420590674,3.2611380923394715,2.6810854726915796,3.449689104639663
17679,pop_1,4.13921053411446,2.987731288104317,2.9851580191381224,3.4659406611088523
17680,pop_1,4.89882904964722,3.0724236941096295,3.2255247746896827,3.351303011949637
17681,pop_1,4.117114915010035,3.4927971945415686,2.75528599999203,3.7977782528723423
17682,pop_1,4.009373991707006,2.747601932147033,2.9429535170272207,3.564580950432372
17683,pop_1,4.177571711950381,2.704798385727668,2.7239037838437907,3.139369598903582
17684,pop_1,4.058062687909799,3.47342027993993,2.999163319245909,3.302372176778313
17685,pop_1,4.224782968305478,3.130045610328388,2.8478096424058528,3.27496110965478
17686,pop_1,3.9922393682411563,3.0194639219076365,2.7827751496340785,3.8247083029749644
17687,pop_1,4.388179986550727,3.5008942391718025,3.1434371466169555,3.514297563819639
17688,pop_1,3.4635344609706697,3.1768054483477894,2.7616868147908353,3.193213643460605
17689,pop_1,4.386936051846239,2.7749036144876675,2.604448178770629,3.6310146806560635
17690,pop_1,4.1032576879712055,3.0083428653918025,3.320304255485631,2.8511757109908284
17691,pop_1,4.203216708091482,3.536674088097814,2.7369257038683603,3.311104485816662
17692,pop_1,4.068992653701788,3.4774756358392307,2.7702264607843365,3.0978480023308994
17693,pop_1,4.622453976501918,3.269637217086499,2.85098103569558,3.183555635236092
17694,pop_1,4.504497335898625,3.4379143020757823,3.432567584698779,3.1301223742069864
17695,pop_1,4.039542120291363,3.3517310015509674,2.8783680858057195,3.1991892901899015
17696,pop_1,4.179929604688594,3.2162633419564304,3.0825229044360825,3.7528641404837355
17697,pop_1,4.091016809926096,3.514180064594489,3.0539175257788074,2.834509855127558
17698,pop_1,4.496864253054314,3.0969624689717627,2.7169291363015358,2.9113078988129972
17699,pop_1,4.187287648240128,2.9274677781375944,2.896270002677624,3.998337080642203
17700,pop_1,4.220272861292559,3.1107373390915303,2.6761159124680844,3.225707312812272
17701,pop_1,4.165999322590617,2.832269847671178,2.710775296813008,3.6939892021538583
17702,pop_1,4.473224161098562,3.3630908822421715,3.070031725839436,3.5335269892492396
17703,pop_1,3.8376932864529083,2.7997339321509944,2.8474827377793166,3.564866518087629
17704,pop_1,4.326054505293029,3.5832677028713,3.0044047437361727,3.565188091100463
17705,pop_1,4.004242112643963,3.180818035422014,2.6945640769373522,3.27114056867837
17706,pop_1,4.472648999563814,3.140385968914032,2.570147125101757,3.5460644117754385
17707,pop_1,3.8951501291245356,2.9502651686908328,2.564214255748202,3.807709912609357
17708,pop_1,4.1015552227853584,2.770923569550048,2.771746623687077,3.509773145326227
17709,pop_1,4.6007322116893645,3.2640257301334263,2.8920069847757235,3.540367594785626
17710,pop_1,4.114271254343203,3.477309202228251,2.788931817000167,3.2787026726564203
17711,pop_1,4.170580716858819,3.5323975924932562,2.659904798810515,3.391417010348639
17712,pop_1,4.573236467791853,3.3812502597929512,2.932510878430574,2.7976185633344226
17713,pop_1,3.7607005259866826,2.588548601832498,3.1970449309072437,3.0231000642121564
17714,pop_1,3.7151193125282482,3.3653416465584103,2.7600885498760137,3.6106656071708914
17715,pop_1,4.3388993646188245,2.8657398238271337,3.112869172293574,3.774833694625602
17716,pop_1,4.373621547583174,3.377639267857939,3.16797926509705,2.9998524408801033
17717,pop_1,3.894454564973861,2.992146109313316,2.9612950491975285,3.255663701513106
17718,pop_1,4.32637305404058,3.4673488930278955,3.124994992474934,3.123111096161186
17719,pop_1,3.750430746199454,3.4393896237318016,2.765013538145215,3.341914841904137
17720,pop_1,4.387986347810327,3.32879939523867,2.8899695191315082,3.293030249873284
17721,pop_1,4.389112023016068,3.397608527700623,2.970901499922792,3.2190653079581857
17722,pop_1,4.356285157008046,3.481602660772464,3.22479429967442,3.3812784904493838
17723,pop_1,4.138564368269282,3.4230265161105544,2.7584728756548094,3.244621979181022
17724,pop_1,4.3164828375355935,3.0101219210270598,3.046436558000231,3.164020176771413
17725,pop_1,3.5604386634415164,2.8187045973709957,3.4362853206047443,2.6485677066531372
17726,pop_1,3.9009421569105243,3.166992918915668,2.519743217299709,3.231696200537561
17727,pop_1,4.193922152130838,3.2697497859858884,2.8063410086922786,3.6636821196495517
17728,pop_1,4.380005082292785,3.3485683067491867,3.4066079601031447,2.562468103011809
17729,pop_1,4.035100971703898,3.0680887439457236,2.9910910879039343,3.143436123212503
17730,pop_1,4.460867983012189,3.82980682592145,3.41416007461597,3.286561103868986
17731,pop_1,3.6385109110154543,3.0997474482524647,2.3459467310450317,3.4442970595022633
17732,pop_1,4.042757479215863,3.524822840688781,2.9991337520278134,3.534701373864334
17733,pop_1,4.16768393476039,3.5273862058195555,2.478228762935009,3.55108000583853
17734,pop_1,4.451525374806691,3.159267231750904,3.2532080778860997,3.0202941857119323
17735,pop_1,3.8675296054005495,3.4154181000339445,3.0428377121554555,3.278702103277887
17736,pop_1,4.040210427296197,3.279390225722976,3.289180417311135,2.986130628722098
17737,pop_1,4.095799375815963,3.2345658195459093,2.7703120299349724,3.8774240894228367
17738,pop_1,3.7986996153827244,3.384154739165959,3.045149913558057,2.550181172635999
17739,pop_1,3.898210698489309,3.4829753112227335,3.0799300095485767,3.1087815714180813
17740,pop_1,4.137517135788027,2.849691082097264,3.0128642238326733,3.3079323974752914
17741,pop_1,3.636216954295283,3.0782696147392525,2.665673636416267,3.431058433790813
17742,pop_1,3.8695539481253807,3.0114880331520757,3.0048864670878377,3.0970649292582593
17743,pop_1,4.404246326407537,3.419416490050044,2.6837724124179685,3.3452912244488333
17744,pop_1,4.49805611057185,3.060611621985579,3.275076787014214,3.063153928789958
17745,pop_1,4.52099001866776,3.808536145233907,2.5978007744432134,3.549766786870886
17746,pop_1,4.2953433665462635,2.697955546796111,2.8246656812812527,3.0328621663543474
17747,pop_1,4.096810453937921,3.0331243060994884,2.7732806563158974,3.7679689642107785
17748,pop_1,4.4347074942987375,3.248554326138376,2.5708738766957477,3.8319770282966816
17749,pop_1,4.367359243410715,3.102147886455246,2.838146712101646,3.304050663542808
17750,pop_1,4.611681225531271,3.06240298625205,2.8321594350308277,3.094819860902998
17751,pop_1,4.342191647747315,3.452971281794821,3.0936672835314107,3.218698037067923
17752,pop_1,4.529697709586738,3.3436530261736923,2.995708725582845,3.04048850538265
17753,pop_1,4.581049132095879,2.6873726526028685,3.1072785544933486,3.338657286618726
17754,pop_1,4.402463390553069,3.205085368068568,3.0104101334850473,2.9650039878116514
17755,pop_1,4.076731121373875,2.7460038383943752,3.163545443072647,2.8115243670508185
17756,pop_1,4.3918112097039845,3.7270529901074774,3.4821441785782565,3.262564172757347
17757,pop_1,4.330455196591122,3.567354887593545,3.065998319645816,3.2829947386373517
17758,pop_1,4.284152886314409,2.721423649685429,2.9232153410460486,3.2308296716383658
17759,pop_1,4.0565532118221785,2.9994425711897614,2.7325189859231753,3.338014803739157
17760,pop_1,4.167634186554538,3.5978557957870065,2.6944859059975133,3.4583900283672775
17761,pop_1,4.308384889067334,3.2120582467275307,3.3334294515756966,3.108055105451282
17762,pop_1,4.362913402882165,3.0863127594110384,2.7584790444721965,3.6523360964151657
17763,pop_1,4.77016044328524,2.8553502950292913,2.777792394098615,3.7322593142065417
17764,pop_1,4.179848183371528,3.28376308038341,2.8313843751637524,3.3750686766472024
17765,pop_1,4.021939445222246,3.4782324188450087,2.706004067921003,3.2162084247569993
17766,pop_1,3.988074711749875,3.1585005772846904,3.0443262921630243,3.1889511382293447
17767,pop_1,3.942417589393818,2.944527701019062,2.802499974071363,3.5837277198164554
17768,pop_1,3.9054910727664627,2.649265281111589,2.969709943793005,3.2602486610263126
17769,pop_1,4.101384173510687,3.1812974036866444,2.680494122701022,3.9385578157333705
17770,pop_1,4.319175057102685,3.1727199662029353,3.0832375805652354,3.2604591519714967
17771,pop_1,4.39884942432043,3.1528673409913046,3.184910759249994,3.175859381105497
17772,pop_1,4.137098496980098,2.8765597667170284,3.157072128610437,2.9404149200400767
17773,pop_1,4.313090192079949,2.9782511665870963,2.909835093035976,3.3351927806199604
17774,pop_1,4.178084279476188,3.2531193742510287,2.8498423348901256,4.09045259619314
17775,pop_1,3.9921468281635297,2.853099223091012,2.778710381604874,3.843596280712304
17776,pop_1,3.8798863504019794,3.3017895766625323,2.880503845507645,3.470514095897402
17777,pop_1,3.8908011540185834,3.189808440179373,2.860172702405681,3.186738867693115
17778,pop_1,4.240128446518191,3.0750086582775915,2.7534096870645874,3.148774462531162
17779,pop_1,3.69591604406852,3.1516742604821855,2.491796100337861,3.4091102530106867
17780,pop_1,4.438348921045443,3.2723831056149715,3.23124650473233,3.1633572995361137
17781,pop_1,4.63754979627558,3.4712757509761705,2.8864570904510014,3.746004851244082
17782,pop_1,4.460693623078785,3.0050771375667513,3.319730382292483,3.027584113240356
17783,pop_1,4.365232333074273,3.0903792766778424,3.0957832092315667,3.6242409459335323
17784,pop_1,4.611060472887412,2.982927976269805,2.944450591937625,3.2469303182533533
17785,pop_1,4.412105437606995,3.1511520584111077,3.0504824730016424,3.4147697818571565
17786,pop_1,4.649828443756693,3.3492292482440655,3.29780492850227,3.637136885934234
17787,pop_1,4.427247303350541,2.9691199360956055,3.041441507454142,3.401599365097687
17788,pop_1,4.315882589816239,3.2934590768410192,2.6607866498563335,3.457344036989214
17789,pop_1,3.875600260625199,3.2968087211245063,2.9669641964987425,3.346244020623664
17790,pop_1,4.3051797214222525,3.5272284849773494,3.2894658236441074,2.938641704795488
17791,pop_1,4.2305539042601366,3.4256986685378017,2.91087911638614,3.0243916118208833
17792,pop_1,4.253363442080864,3.4097279192389855,2.3144396908010636,3.3282218062252666
17793,pop_1,3.947647355130591,3.4913561859987396,2.479428496782528,3.552834725650909
17794,pop_1,4.300268073735792,3.5001380140722396,2.725012778562374,3.551482309883442
17795,pop_1,3.896860039317084,2.984891778541548,3.123067475571529,3.3435412842402346
17796,pop_1,4.170210479303775,2.8636967836398033,3.0034499068236036,3.237692378813549
17797,pop_1,3.9545061223090823,3.060687249676384,2.6819281609673564,3.220583034471634
17798,pop_1,4.187785698648315,3.1575859403535667,3.1147153746999847,3.1667393850759553
17799,pop_1,4.561912035958559,3.018136855135787,2.7459701839888346,3.419171832283016
17800,pop_1,4.527567666729623,3.5108586555437764,2.8503520848953903,3.7900244795103735
17801,pop_1,4.355815598008022,3.266559803485857,3.0565405992440215,3.1268312242317804
17802,pop_1,4.716185943665571,3.1183304598196164,3.000536494541685,3.816605783284375
17803,pop_1,4.30980619351593,3.158148849980386,2.77102501475645,3.3587232756001657
17804,pop_1,4.143398995520667,3.4348209077518206,3.06676454240926,3.054527005962432
17805,pop_1,3.6132853970719263,3.207880249374748,2.863616588099983,3.4774815229667415
17806,pop_1,4.8134148978946385,3.424766547366922,3.1100382132226803,3.0084971583756985
17807,pop_1,4.399673661754185,3.0474692658510008,3.2275618393857046,3.113549229914645
17808,pop_1,4.097279968028603,2.966040464227251,2.766953908723226,3.7051447243512974
17809,pop_1,3.788434300076383,2.9039090696013417,2.742162742034981,3.269377526775641
17810,pop_1,4.253624181506296,3.3138126693455,3.0071716807927253,3.478632512306664
17811,pop_1,3.933376883518205,3.1751116153000387,2.6387212187105478,3.951678743540466
17812,pop_1,4.174559323884026,3.1449471697240106,2.971778156461396,3.6562376087628214
17813,pop_1,4.245531732526148,3.019203218086692,2.9926862091273665,2.694636979688547
17814,pop_1,4.017835962136136,3.238198414769986,2.8952956481826817,3.1153545913897664
17815,pop_1,5.080895001960854,3.5694182073201386,3.355608762013452,3.1124804592155986
17816,pop_1,3.848541592166934,3.2542118338884505,2.7326928505697223,3.074016700872953
17817,pop_1,3.824356918170306,3.297217160270043,2.5743937856489674,3.5763989140842116
17818,pop_1,3.750703237044625,2.47193289331115,2.6569545023448615,3.009547254382335
17819,pop_1,4.412877275970865,3.562105288580333,3.0523538487605437,3.522722711890995
17820,pop_1,4.607354237770604,2.85684782531039,3.0447178575905083,3.1579589431986226
17821,pop_1,3.8813801543726236,3.329419625290056,2.960853983938198,3.277606999697882
17822,pop_1,4.455882270978118,3.0917391215820347,3.332784574690584,3.457568631325582
17823,pop_1,4.174430169419451,3.6191237693331355,3.190738278937832,3.1474111720803832
17824,pop_1,3.97389675912847,2.9275195031532526,2.9504039562856956,3.1428929242856327
17825,pop_1,3.9595764485929266,2.7272286136126684,2.9182665926429125,3.00614868045538
17826,pop_1,4.047179674531184,2.6649799978101774,2.9455883371988922,3.026337100206728
17827,pop_1,4.687492832419645,3.466493502190583,3.133787211323211,3.1768730700593117
17828,pop_1,3.760480164511806,3.356408368013626,2.754924580626548,3.680986355230859
17829,pop_1,4.293126259962686,3.2988831285740092,3.1880909277034752,3.016440152070467
17830,pop_1,3.860078164574426,3.28632506710846,3.0572167130704524,3.171509870465307
17831,pop_1,3.73226084249023,3.2212677194234787,2.8356481391465347,3.133177070953259
17832,pop_1,3.6923166274142707,3.056391412328675,2.6563842405870774,3.6300250672680647
17833,pop_1,4.119142166383248,3.249664914779543,3.0784119349075882,3.46239914501086
17834,pop_1,4.491264797029986,3.1493096860513505,2.7698137829632947,3.0876359992447244
17835,pop_1,4.2315557257762855,3.4913181875755366,2.7553237556039343,3.640971043265143
17836,pop_1,4.33496450438606,3.4582081687721407,3.26573329848003,3.183750681607396
17837,pop_1,3.9978687803203616,2.5402504788383635,2.9022773886816005,3.3010662749150557
17838,pop_1,3.9300673421396493,3.132414414350774,2.980199400325328,3.441766666922597
17839,pop_1,4.11602583813629,3.307270800194534,3.134084054394359,3.2464868794226263
17840,pop_1,4.070316341384981,3.382049407102378,3.2689815143179284,3.1520171371203496
17841,pop_1,4.306482869164411,3.6437574157281256,2.51791998140844,3.4943077203332704
17842,pop_1,4.250297058612347,3.5073656165868727,3.24002384582374,3.4203605094084613
17843,pop_1,4.130694079850649,3.449389706612433,2.9437749831676077,3.649556324263925
17844,pop_1,4.43971734828507,2.8144613976963306,2.77827877642231,3.194866883808824
17845,pop_1,4.3393720849091615,2.647725599633133,2.94855386393357,2.9818032539007477
17846,pop_1,4.2928854715686215,3.2115855398300353,2.731204609896093,3.4863278654732346
17847,pop_1,3.936817822305063,2.9722866378935824,2.7765300385699563,3.319736229170365
17848,pop_1,4.786542985843099,3.0086621764159425,2.900529322145243,3.150932754996564
17849,pop_1,4.122730284600108,3.3476430062153057,3.059392881973129,3.364797264307159
17850,pop_1,4.363560663791305,3.500485279062484,3.202584808353262,3.3452069116573546
17851,pop_1,4.439979027117763,3.2735076122858393,3.0872991310981406,3.48653451175239
17852,pop_1,4.136563881389543,3.142080845728195,2.6233651631476826,3.252676374046227
17853,pop_1,3.7138829993505977,3.2385931491877407,3.0740822661149294,3.1496057267014455
17854,pop_1,3.9366548154870404,2.952317031657539,2.866438726563873,3.2276396995142136
17855,pop_1,3.820166855576615,3.0974045871884153,2.7700182495724133,3.543912159261439
17856,pop_1,4.074979389226915,2.930081744190657,2.9036747581234317,3.2332279588824084
17857,pop_1,4.261043064545867,3.0348292255093416,2.9679005727910557,3.317438556281889
17858,pop_1,4.380661321140799,3.211270373711536,3.3384374919591315,3.185069604656591
17859,pop_1,4.1972622197632665,3.3067104048769314,3.2443715863305753,3.4224346738043536
17860,pop_1,3.9781347544545462,3.2159214527647317,2.8541964947252185,3.603748477765203
17861,pop_1,3.6967083934161353,2.9769795595644006,2.872425528234181,3.0656388955709577
17862,pop_1,4.091681001762079,2.9902016004772487,3.100875099362301,3.434159454518703
17863,pop_1,4.363395716527491,3.416195921207108,2.9275441951278984,3.399354551754854
17864,pop_1,4.451022268484657,2.8676051931310003,3.0232096731225027,3.2141239517107176
17865,pop_1,4.157756998999349,3.253284598970621,2.7917616901303037,3.0941508198121257
17866,pop_1,4.061880394777648,3.307253790439937,2.801157732129969,3.032829522601722
17867,pop_1,4.284528738599201,3.567472023428717,2.9073994910201924,3.748331514804734
17868,pop_1,4.112591766459142,2.966762265409402,2.7251078920685545,3.7492789501252455
17869,pop_1,4.599915662748063,3.348144288377322,3.06707500071246,3.0233759538769425
17870,pop_1,3.8955416052548832,3.3829322172785385,2.5560134882514767,3.5741192062683935
17871,pop_1,3.921710753047261,3.0904153606444034,2.905532778501922,2.822228882073
17872,pop_1,3.858668023882022,3.634413459336364,2.1863577718158345,3.5339745288469175
17873,pop_1,3.9964170324947568,3.139657983135649,3.003981854116354,3.4069626575980556
17874,pop_1,4.69838038949195,3.307114761668633,3.1253120335803057,3.4872831914021876
17875,pop_1,4.6244270571251,3.355669408844661,2.887730082879448,2.7739078620467716
17876,pop_1,4.1430415360626816,2.955641834662238,2.823045111036971,3.6728970193568067
17877,pop_1,3.90604566889995,3.523223170783686,2.938376547649999,3.2596492168747537
17878,pop_1,4.114620210993443,2.981875263399074,2.7301821112986273,3.5889379243547683
17879,pop_1,4.5628804533269305,3.4436643945047374,3.0707556125742643,3.0513931597387
17880,pop_1,3.852252021703142,3.3028187327498575,3.0855537207495587,2.940177012610109
17881,pop_1,3.909181126636775,2.862187799321718,2.9597241107819325,3.38606268171476
17882,pop_1,4.138812698214299,3.6926479944362685,2.65482771465246,3.4203633893263627
17883,pop_1,4.385503847277289,3.0766311026255195,2.783433967129097,3.260020455939003
17884,pop_1,4.42510863303751,3.7640931378826314,2.990841080504278,3.342478900028919
17885,pop_1,4.111343222035153,3.110791565412105,3.1234797632081395,3.4862893883161234
17886,pop_1,4.693486185225738,3.284499708910801,3.1232852997544778,2.935990457911751
17887,pop_1,4.026875800112586,2.949350779304489,2.504581461057783,3.3384975697171746
17888,pop_1,4.48399595421478,3.360203898100837,2.9153588142409035,3.3948332037106423
17889,pop_1,4.341662463698859,3.0656250548251758,2.605960561501726,3.4574704935671536
17890,pop_1,4.047742431413236,3.4292659314695833,2.822834819060235,3.005970949639536
17891,pop_1,4.1372831882087215,3.265520771536336,2.822044062886372,3.6304825058667674
17892,pop_1,4.126429756499415,2.950521606506393,2.9430527653648073,2.934792561281143
17893,pop_1,4.062515765946468,2.877953498650502,2.922840751780491,2.8352704839650973
17894,pop_1,4.674130116140065,3.4048601313544973,2.8560613185495676,3.4197358844582495
17895,pop_1,3.9023141022112147,3.0322900134816058,2.5019960117902977,3.4869357549611166
17896,pop_1,4.325161302266533,3.40046670620911,2.9138369477888144,3.649299948027638
17897,pop_1,4.467438064719702,3.4192813169470155,2.773866898018604,3.4383911594919696
17898,pop_1,4.077350786228935,2.9645845432927564,3.1578502535264317,3.1493011886929025
17899,pop_1,4.122126258380201,3.1835657149342445,2.6038233544051668,3.149784923477608
17900,pop_1,4.250591546041164,3.4319886472939145,2.882826174950803,3.378321116890049
17901,pop_1,4.350486696584877,3.0505390858989947,2.895780996520026,3.460808258190534
17902,pop_1,4.297206812860786,2.922809725004158,3.111083604219586,3.2092451609955823
17903,pop_1,4.195799757093684,3.376848587996198,2.788407458703486,3.472477899435868
17904,pop_1,3.8008109277463094,3.403029307868458,3.122931317317983,3.889651420932511
17905,pop_1,4.178135227989155,2.885624504909022,3.1829278989736025,3.1633126718804934
17906,pop_1,4.301918748363832,3.4415780237795013,3.115113935712315,2.9369514280818265
17907,pop_1,4.633622081669374,3.3788622678247475,3.1489577932582185,3.178470862190349
17908,pop_1,4.158317659563106,3.2474013130963244,2.636338035001177,3.313140817424492
17909,pop_1,4.148177146927805,2.9004215629920482,2.7968068081469166,3.676061925711595
17910,pop_1,4.16546779131073,3.120663079025391,2.5803139099919092,3.0404296072899664
17911,pop_1,3.8940376521943603,3.1482395762424003,3.3303522729430064,3.2511229640525925
17912,pop_1,3.9391187163752055,2.6266578264201907,2.8562675948346636,3.3531033811367355
17913,pop_1,4.50270646368081,3.3420363342327515,2.689414235663487,2.9834134174475624
17914,pop_1,3.64487441569153,2.758321995005917,2.8526775353544123,2.774230645500114
17915,pop_1,3.7171319647905117,2.99566473256226,2.870281816897698,3.553269470298444
17916,pop_1,4.322906629787541,3.390057466924912,3.155159495082585,3.2427545231468304
17917,pop_1,4.411372738243578,3.169989468199904,2.7833626297276544,3.6577559883273505
17918,pop_1,3.989830311131111,2.8284134422138285,3.1599807009299608,3.267389608585234
17919,pop_1,4.004821515974032,3.3812040053682124,3.0419024894243054,3.1549123301430297
17920,pop_1,4.072025038470578,2.814109589628632,2.697155549893206,3.687533952425616
17921,pop_1,4.737857237242189,2.889033319010428,2.706490526786657,3.2221314791688913
17922,pop_1,4.053226112358493,2.6979339587625955,3.169443901918489,3.3481567533224355
17923,pop_1,4.13438321663843,3.048535600405651,2.572073054154267,3.7905445654356704
17924,pop_1,4.022750127193056,3.106463765978301,2.899402671289012,3.484539510405393
17925,pop_1,3.840768808832599,3.035810878783685,3.1113455324115717,3.163442420067137
17926,pop_1,4.2102621117899925,2.998739730626786,2.774586926474603,3.7566838261414466
17927,pop_1,4.168576218193395,3.1122454964098587,3.1008044230415943,3.1384718008735195
17928,pop_1,4.358136968100691,3.322462839377683,2.9163368413177224,3.298544861075262
17929,pop_1,3.948436592169683,3.1140357666126515,3.0895979539821496,3.3491032144210418
17930,pop_1,4.0983167568318315,3.3808802421445647,3.1278319348148647,3.555624131511358
17931,pop_1,4.29928304697252,3.5961509600299024,3.08647064967558,3.2479453920004118
17932,pop_1,4.289680773771348,3.313678046515704,2.5494452574926565,3.441033956872697
17933,pop_1,4.032328427483602,2.829058294848779,3.2994148830876244,3.334496515257338
17934,pop_1,4.063497053883298,3.188731339507979,2.9425493239791964,2.9917877810539655
17935,pop_1,4.3266198686190345,2.748720337638793,3.3619723485737545,2.9312691952637175
17936,pop_1,3.9325303740822672,3.408158687714227,2.952150854941411,3.3787581037171575
17937,pop_1,4.208320271914375,2.960413202685992,2.6296332577847963,3.6020716060628586
17938,pop_1,4.641716280856438,2.8035352658012904,3.1710798962968045,3.6252836300108098
17939,pop_1,4.118003611441812,2.997227055447168,3.2017815109312266,2.656504194684919
17940,pop_1,4.252252310900584,3.1611082145701395,3.297938913754839,2.947539732246523
17941,pop_1,3.7257941038177798,3.3273317963246534,3.0560046644757146,3.2382441950045453
17942,pop_1,4.197365021117937,3.0879091872602866,2.762987697854958,3.3031312223185822
17943,pop_1,3.758428809674603,3.2701021008807607,2.6503892220548324,3.3294051892831145
17944,pop_1,4.158187059618777,3.3855362160576847,3.1157512248011363,3.213474988697731
17945,pop_1,4.368075892866347,3.0463366774778344,3.3816576402564635,3.741101007976279
17946,pop_1,4.5547669705497675,3.12855126511397,2.795821016166993,3.2315838761212685
17947,pop_1,4.410511858168184,3.6198760183387875,2.8816489433126184,3.297931807191096
17948,pop_1,4.158631440925529,3.1603037980810997,3.1868486412684027,3.4937392434120027
17949,pop_1,4.207390936280321,3.194201236354061,2.580440742408781,2.9896176319604666
17950,pop_1,4.131304281405091,2.9554834967264427,3.1225602540439015,3.6109760487255307
17951,pop_1,4.628766047641365,3.2783359537838006,2.7467429220812765,3.196921305725557
17952,pop_1,4.310175304238273,3.460448840212323,3.490193464668182,2.9755706331883442
17953,pop_1,4.141763529044159,3.1334003430334345,3.0293656440669356,3.3287662372361786
17954,pop_1,4.240763029743813,3.2768471664014043,3.108463863377553,3.274454581994808
17955,pop_1,3.9885504088298696,2.7590210312416725,3.125704745391385,3.1059228191454107
17956,pop_1,4.22174822520428,3.2104140294167225,3.357328986643272,3.0779591683431917
17957,pop_1,4.108742869292821,3.434286005426087,2.6438705461561933,3.212393209497646
17958,pop_1,4.309480766774512,3.10489112064362,2.8590939801311532,2.9051243868115146
17959,pop_1,4.70652697274248,3.422992139886516,3.4551726671899807,3.2738483257244853
17960,pop_1,4.286463785218594,3.449461514895518,2.9542936039889223,3.5096802215902967
17961,pop_1,3.6308334192853664,2.953539477858844,2.473480447918702,3.633647865370822
17962,pop_1,4.723961582128057,3.1403634803232485,3.455493807278378,3.0914311631109377
17963,pop_1,4.02847062767064,3.5612130628813627,2.845459537858581,3.270982838185609
17964,pop_1,4.214785193085782,3.0857295281148907,3.2495496787609226,3.474706210792562
17965,pop_1,3.9513323592019054,2.9240378655523926,3.0773127615817257,2.969150778543573
17966,pop_1,4.583278519765878,3.031076370525152,3.413861147819947,3.3397525001694657
17967,pop_1,4.12737360685122,3.0997020865002543,2.9751557319206916,3.743002532489183
17968,pop_1,4.240811503125589,2.9867970800974355,2.8758443989011653,3.2017445839116396
17969,pop_1,3.9897025961241,3.4115952569476047,2.7266965860612737,3.0021523332652764
17970,pop_1,4.10244968230675,3.2825205895387115,3.067135810416635,3.347903421700683
17971,pop_1,4.687178393916367,3.494853920205328,2.5453889928996043,3.64206804024453
17972,pop_1,4.175231132119681,3.2781556685603115,2.7540850677100304,3.17277172965213
17973,pop_1,4.2208022910776295,2.551984963803444,2.6814179910283547,3.2265997367611368
17974,pop_1,4.555328325015526,3.41929901922363,3.3388053751494793,3.074151388569673
17975,pop_1,4.002383518691824,3.2076388288052664,2.8618144310486637,3.2489820552609903
17976,pop_1,4.248211635084814,3.534194891379621,2.9044775787185477,3.6788046952527873
17977,pop_1,3.88247203159861,3.0524678643475402,3.0530623911572348,3.3775056865374453
17978,pop_1,4.082325483172912,3.187115124785182,2.9231817321851787,3.2722622624780198
17979,pop_1,4.335142721701844,3.569145557856001,3.1139596010514734,2.933086574244447
17980,pop_1,4.318770968966201,3.530778135987244,3.15801634666887,3.730782673721136
17981,pop_1,4.231020780238107,3.3321432089103866,3.2108675584649866,3.2652253131696662
17982,pop_1,3.908891140414614,3.209745094216881,2.921942726845378,3.73578407794957
17983,pop_1,4.222607453455438,2.7876637283691337,2.855030338740985,3.3440657570537144
17984,pop_1,4.276394979622121,2.6084551800025797,3.33225109100733,2.8419037840051677
17985,pop_1,4.494547795455523,3.147465113744065,3.2037296658953345,2.977546203064956
17986,pop_1,4.408485237632936,3.1286614981585763,3.156867431658325,3.419818570271027
17987,pop_1,3.9821383591102473,3.167974550769498,2.766526294986619,3.067116944852499
17988,pop_1,3.96072644413432,2.98534329296368,3.0318471544024113,3.2770601575377944
17989,pop_1,4.179146143069189,3.07092264168563,3.056763008330229,3.2060971475687547
17990,pop_1,4.0817975430648,2.9616651221870987,3.4178092560710907,3.176037121834416
17991,pop_1,4.276105194070761,2.6577368954811993,3.206031186000587,2.820955230485201
17992,pop_1,4.041858080903111,3.1596065963471407,2.9962824801392047,2.755952288487925
17993,pop_1,4.0076194702301935,3.383578034896968,2.7274362729659734,3.066587136224122
17994,pop_1,4.09625313570597,3.1871614347144805,2.8968505435488434,3.012828571787328
17995,pop_1,4.1895810826676945,3.0814088438921847,2.9569024415869687,3.0763468614292315
17996,pop_1,4.675563702744466,3.5984933457876154,2.973744082050027,3.0955294720817
17997,pop_1,3.8102078601869587,2.7540737216278903,3.213504694067197,3.143025651012384
17998,pop_1,4.540589593489258,3.5796953024316744,3.4951971277881713,2.7320012325520766
17999,pop_1,3.934641586042275,3.260764940134279,3.392844916769044,3.4036637481015997
26000,pop_2,2.850059203787913,4.253762052853453,3.199507517767157,2.767939536712677
26001,pop_2,2.9325378167469114,3.8402761834629953,2.925259439012019,2.9979341300527107
26002,pop_2,3.1688933815301232,3.978143780156817,3.683823529771713,2.760132339494145
26003,pop_2,3.139038174549317,3.731313902646737,3.1651939902284907,2.7959320293821914
26004,pop_2,3.103711838672944,3.4201241868618815,3.144224475919877,2.7164583452775326
26005,pop_2,2.8037564439413547,3.6651719317138647,2.8818624373901915,2.823532658008296
26006,pop_2,3.153047080091659,3.961418022818937,3.1531297157861773,2.848873456268637
26007,pop_2,2.862940571344824,4.159223980296702,3.1989522656452887,3.0170691314701465
26008,pop_2,2.8881581433225145,3.6808661405224523,2.9773690500994454,3.223792192225234
26009,pop_2,2.90465511331583,4.026870623901202,3.8482965169934658,2.5900013953866767
26010,pop_2,3.5402031636915083,3.649594219870886,3.563052583541375,2.3072548009439995
26011,pop_2,2.7628701211803905,4.240205862912887,3.6647761702786004,2.996379704574029
26012,pop_2,3.1505833239255456,4.0032405984429635,3.2682568513256656,2.6963043407679796
26013,pop_2,2.8497617749790396,3.676231857903952,3.6425295811740197,2.8651383126347985
26014,pop_2,3.1074572571196395,3.91333505608392,3.2260170748880936,3.0250527409206236
26015,pop_2,2.9043656119948102,3.631930504017944,2.847574751880669,3.20499226849953
26016,pop_2,2.526722390408324,3.9502112319656737,3.8757407318516925,2.9128419294481285
26017,pop_2,2.6890856311080893,3.946429777965536,3.806410718103205,3.353915162398245
26018,pop_2,2.8139886472027342,4.163170965510619,3.4138032136929373,3.0309830612391204
26019,pop_2,2.867437229514207,3.8213762399291045,3.587999867717398,2.65662755310002
26020,pop_2,2.92917170275923,4.179525703756419,3.1172821630523138,2.8237411318479726
26021,pop_2,3.0047739850296686,3.6629377611619556,3.106452530016523,2.9839505972345526
26022,pop_2,3.059149126474188,3.8531932499428154,3.304049382938533,2.9522029915027956
26023,pop_2,3.1019832585729006,3.81322108410238,3.689698853015695,2.6456478047048995
26024,pop_2,3.1550286426074767,3.7068031679265276,3.561931443461603,3.504811003152004
26025,pop_2,3.143135032503461,4.4151907496650065,4.001036497355849,2.9367541838301308
26026,pop_2,3.1339384382943267,3.9543533696432087,3.623184612318593,2.819658072499531
26027,pop_2,2.2717034068087756,4.188232403058928,3.3204414959522595,2.8705598980781217
26028,pop_2,2.7064748238205527,3.8745139371431914,3.151933001118178,2.5831592208520187
26029,pop_2,3.0215427581543586,4.096542918747839,3.456416785981638,2.712616777237868
26030,pop_2,2.998693903726045,4.280513286301964,3.290371051807947,2.708272245516009
26031,pop_2,2.8009595703053227,4.118422354800242,3.4137356969370054,2.491480320428216
26032,pop_2,3.0197035630663267,4.102467591546833,3.6956253101109104,2.3525100962237055
26033,pop_2,3.0280776880382776,3.7400369869374845,3.1906777904175074,3.103825804353041
26034,pop_2,2.9427071076684967,3.9415411669927667,3.7646959652319403,2.867495452550573
26035,pop_2,2.8931372396809345,3.942541621783412,2.832322912776131,2.9519331713669885
26036,pop_2,2.979251816255977,4.018391077630886,3.0199462341535894,2.789413886361563
26037,pop_2,3.2660456772629063,3.7382337988263123,3.3665920955718565,3.005747686982475
26038,pop_2,2.8642253981869668,3.926351026653544,3.0688061682319816,2.737449047612108
26039,pop_2,2.7759210507581193,4.059215983008552,3.442226561778474,2.7204589820549177
26040,pop_2,2.90709329233182,3.7512225342613528,3.41355836490154,2.7437507787402007
26041,pop_2,3.2012532136989726,3.9679929667717375,3.185984934102739,2.9870892736157035
26042,pop_2,3.0628118404802565,4.070520137329745,3.010412112371038,2.637407970254658
26043,pop_2,2.9635323402138622,3.518453548356419,3.0475072720818455,2.457272596150865
26044,pop_2,3.160282877432498,4.026709149091006,3.25203618369133,2.736935500847882
26045,pop_2,3.0615704598242033,3.9653043480842123,3.038518541169965,2.35900309466952
26046,pop_2,3.2073298158691963,3.5150997753540487,2.601733092607067,2.400368629527835
26047,pop_2,2.8534070445602224,4.0938297491694815,3.551212061877124,2.50149258468233
26048,pop_2,2.56238628947449,3.906803890235194,3.6094018869792683,2.814919849664276
26049,pop_2,2.68507559656228,3.962338960064846,3.2436490095391375,2.8211766832098193
26050,pop_2,3.1397681191653026,4.134451635963917,3.1653382714074216,2.7756990960450083
26051,pop_2,3.209455910287962,4.0127959798252,3.2220504383419493,2.785677462442032
26052,pop_2,2.964377945277419,4.07181727235471,3.346208485599144,2.789232787842348
26053,pop_2,2.689584756028901,4.100139251146127,3.2887828433302944,3.3675972955217057
26054,pop_2,3.0747060930893353,4.53403297094271,3.7829199303731054,2.969704151864836
26055,pop_2,2.7151762203298997,4.118237496044473,3.5228714042670513,2.621846435179729
26056,pop_2,2.60404283524985,3.9587000751683368,3.591141384210929,2.821262197493242
26057,pop_2,2.8773603841831132,4.090026473786996,3.779204879032052,2.7907778930399196
26058,pop_2,2.6880600284109515,4.113371947624474,3.3537727341700765,2.9152570567941187
26059,pop_2,3.022455171234494,4.1541418243867545,3.5079286036635238,3.0982134805749006
26060,pop_2,2.916684248806339,3.9567518626246545,2.6885497651351775,2.9722231033999242
26061,pop_2,3.1193537856916853,3.9684301767074155,3.1534435289800697,2.8363269461297973
26062,pop_2,2.635799553998596,3.9655130002791483,3.3560219835607557,2.8948251908711464
26063,pop_2,3.147039906407185,3.9484887288608257,3.6749638762833134,3.0984078051965875
26064,pop_2,3.0438156898826905,3.574399130331913,3.4412519271528303,2.516707837183664
26065,pop_2,2.8209614235563656,3.900306425657974,3.42923795158533,2.705454642854592
26066,pop_2,2.7595594485581985,3.837164165137548,3.5706690539800183,2.94274045512568
26067,pop_2,3.1527909197375754,4.013108791320314,3.7545687585449286,2.0892388234093824
26068,pop_2,3.485512046824442,3.9486351972890783,3.2264021489596524,2.668357451980811
26069,pop_2,2.9083578862200143,3.901332648560365,3.6743448308520152,2.742186307046946
26070,pop_2,2.969365624554476,4.031522175867196,3.6542738951869898,2.862043021426557
26071,pop_2,2.979698348440168,3.6693937553294536,3.5861398781419664,2.8764606608145633
26072,pop_2,2.7986977903010986,3.5588603585873515,3.9949264738116517,2.863760432630083
26073,pop_2,2.6088912446242856,3.996871179564477,3.1929778842443466,2.9994673533112413
26074,pop_2,3.163955772332888,3.656069682846769,3.0157280095674817,3.3096076886149275
26075,pop_2,3.232559816885585,3.9890911836752094,3.5190145762521583,2.458934167157169
26076,pop_2,2.7348039073232755,3.6887751306760044,3.670677074351141,2.3764233177996736
26077,pop_2,2.9268536600554294,3.707199464602607,3.3735161740466864,2.9536257475336636
26078,pop_2,2.5631685737831615,3.7203284508636587,2.9960319497024845,3.0217646485599694
26079,pop_2,2.7562016459504113,3.8846581535088687,3.7039359222366564,3.0397798909258436
26080,pop_2,3.0702305873663507,3.6924585831908434,3.55095923582417,2.927923240862566
26081,pop_2,3.3955271289865268,3.888606458088077,3.0660856587950875,3.2430206746080428
26082,pop_2,3.2423718574644456,4.103938712779351,3.903411209557821,2.8383354272707875
26083,pop_2,2.9772492075131707,3.8071872253811083,2.9729890064064883,2.987751757549206
26084,pop_2,2.8949918455551207,4.017803448839506,3.229849502887315,2.3010439774155627
26085,pop_2,2.808250092609369,4.044535298721036,3.7070988131253566,3.112243867391517
26086,pop_2,2.956560613444176,3.9107015244448795,3.4519039972719936,2.78758486750269
26087,pop_2,2.7483898122384494,4.2213678496507745,3.459812728013094,2.5178680720768036
26088,pop_2,3.218431949702034,4.017058542039661,3.4658784295244267,2.5133889748417166
26089,pop_2,3.2294837411382207,4.26309885420039,3.5824140113343526,3.3179894445061953
26090,pop_2,2.5139561193094013,3.739757865060926,3.5389383284346656,3.0323985229783665
26091,pop_2,3.1740343386206398,4.113244935355459,3.1608186969794136,3.0639462311641865
26092,pop_2,2.677374138066249,3.9846166038165975,3.2757138195473887,2.579738212297814
26093,pop_2,3.0152653606970885,3.9942892969597765,3.610128112312447,2.6208359999398287
26094,pop_2,2.993482756942321,3.9275820942633306,3.5913489559453824,2.999565878481753
26095,pop_2,2.7375453141283637,3.7955171838696553,2.8858793458268366,3.285309948862919
26096,pop_2,2.87248220829195,3.8543412554889356,3.086062692055321,3.3340413511120324
26097,pop_2,3.1115865504964404,4.790562521803112,3.4646712121547294,2.335237341121662
26098,pop_2,3.33721095426699,3.704565831125921,3.1584848167034156,2.618683220212089
26099,pop_2,2.9817767324514532,3.826899816703337,3.359259410956165,2.809605149839735
26100,pop_2,3.370124083902537,3.9997315219090424,3.595049150501895,2.8968438832500176
26101,pop_2,3.0629317524766697,4.143458145369237,3.678766267805343,3.0108589048126846
26102,pop_2,3.1481788122706256,3.704283780174113,3.0248131205481115,3.2576437143193875
26103,pop_2,3.1126963775958707,4.343314581730237,3.843900369242257,2.055328283114289
26104,pop_2,2.7884360919891447,3.837135718125633,3.6555445198144594,2.702432528867104
26105,pop_2,2.9316053362388765,3.874767669654493,3.6406803135627452,2.7765811251236383
26106,pop_2,2.579493486342659,4.048017344281294,3.262525293146824,2.9481464853489543
26107,pop_2,3.0205244830614637,3.7035604526236465,3.8487259191708256,2.728919880160835
26108,pop_2,2.8721702156863476,3.869361485778548,3.6411203757090487,3.1990863776509024
26109,pop_2,3.004527087391007,4.04819455747015,3.779205242624876,2.6312826634026893
26110,pop_2,3.0930074650777506,4.1380447385133525,3.963233500479358,3.107613554984584
26111,pop_2,3.1519388098584575,4.104858082204627,3.446964537215125,2.871323002823153
26112,pop_2,2.8513936165911553,3.69495572113143,3.644125757086749,2.9359496013007007
26113,pop_2,2.7671812065423507,4.239552126899214,3.2743906366683326,3.1444269275030425
26114,pop_2,3.233745931061864,4.199813692685089,3.1961151403129087,2.745795257633168
26115,pop_2,3.229266816506789,4.455742829049058,3.7988066963758187,2.3455735650658793
26116,pop_2,3.1353527123183036,3.874703173771056,2.9556119005559904,3.2260814378482174
26117,pop_2,3.009382825044999,3.8916483839831337,3.0243592596925177,2.9189633913495703
26118,pop_2,2.805983616049885,3.7644317002323255,3.0121086199832536,2.924645365389899
26119,pop_2,3.022396177242085,4.201882688282868,3.4547912120227973,2.5590669687282874
26120,pop_2,3.799811411539549,4.432315124107795,3.2397621201570215,2.478993912854724
26121,pop_2,3.167211815169915,4.282082298045417,3.9482423446952857,3.265082410629561
26122,pop_2,2.62170650431735,4.051893250578447,3.260164134355909,3.081874832980944
26123,pop_2,3.3558138197794554,3.8266160429242957,3.169793370124268,3.0742625477999286
26124,pop_2,2.9405529045072343,4.3529933584629665,3.608245117497169,2.7790080326669018
26125,pop_2,2.560238010672472,4.019009127229174,3.9883019269143625,2.3802712095957994
26126,pop_2,2.945494788676404,3.7204553999267516,2.8766435436715803,3.5158517612009597
26127,pop_2,3.125906964986086,4.2322638838585,3.437412374470341,2.7919964278950826
26128,pop_2,3.1902732770177438,4.2407642364136455,2.98598928738212,3.2771483208135987
26129,pop_2,2.5396389983882317,3.933785694674739,3.1948950712751163,2.817114962288971
26130,pop_2,2.6710991567650955,4.1199895311188826,3.4844316137051043,3.439953492211061
26131,pop_2,2.7633829686141027,3.9057111738835846,3.2423931838308135,2.8358201273178487
26132,pop_2,3.397664007258433,4.028973738796179,3.368961107354797,2.795474999824632
26133,pop_2,2.8413775111788055,3.9275582049921898,3.547400058924717,3.227072404687345
26134,pop_2,2.7014157044017515,3.982474969866326,3.4086500230392285,3.2486962266968265
26135,pop_2,2.8305485700723936,3.5835818456375423,3.296201259006749,3.059493295318857
26136,pop_2,2.904500669877516,3.863348052811536,3.427217148936806,2.3382593080283476
26137,pop_2,2.827281796756126,3.838512010498629,3.6944773468432666,2.362539848933152
26138,pop_2,3.1149598896860877,3.991934984557742,3.6012439268794703,2.694832186245737
26139,pop_2,2.861885417183044,3.5152679998293164,3.4642078175369457,2.9149367721538755
26140,pop_2,3.364256752536533,4.278516848328483,2.8017584720237148,2.6225722284171775
26141,pop_2,2.9967326078716194,3.7609820146835955,3.397956848822912,2.6418069290652215
26142,pop_2,2.729646022788111,3.826497306858301,3.4061778821644006,2.7686700338905315
26143,pop_2,2.8924850807665874,3.9636476669651826,3.271749936085808,2.83085720684185
26144,pop_2,2.7809446580385044,3.5504333423518464,2.710104734509047,3.0727147002400326
26145,pop_2,3.0627092637842512,3.5553383253951054,3.6424483907218326,2.6319100300116633
26146,pop_2,2.9087261417656585,3.949866277617406,3.8444509247514,2.6730693229789355
26147,pop_2,2.9493863251815666,3.677588101368009,3.844617274117281,3.7035348470138096
26148,pop_2,3.4134062370015785,3.8490653994936306,2.654710799401184,2.8401415796912026
26149,pop_2,3.0335912274951142,3.607252704342591,3.5798992995519368,3.280063869193664
26150,pop_2,2.9765055468127577,4.2074957672751925,3.3573936655284835,2.4682687983431904
26151,pop_2,2.8303947818727164,4.145947928697837,3.2031565615267974,2.346255435665266
26152,pop_2,2.9417836949543648,4.078759065436247,3.4180029907097063,2.468170257141996
26153,pop_2,3.2373051183147803,3.6999437554662378,2.9473274570968018,2.9260479026909807
26154,pop_2,2.5646400480356144,4.07922335820871,3.534824347908532,2.827548129481674
26155,pop_2,2.699759155147779,4.019194191676105,3.5385424498457514,3.396677589080803
26156,pop_2,2.8842867149761027,4.094399355288259,3.3539663899178054,2.918363237875757
26157,pop_2,2.984038311369019,4.265888577929011,3.4574882199152426,2.266699839205251
26158,pop_2,2.8466170034746843,3.831491046867389,4.110992739383285,3.001522404248813
26159,pop_2,3.1232962420275445,4.021984456122995,3.3611599216900165,2.5728282778317255
26160,pop_2,2.770223938807205,3.6960860160850406,3.2680775004724145,2.6389738603248327
26161,pop_2,3.019356414222546,3.9453658058537777,3.4944086036234308,2.854278138932508
26162,pop_2,2.8025963720452114,3.9918320151582827,3.212565543743337,2.9359042352666775
26163,pop_2,2.687632596861089,4.290276856575062,3.689575306530421,2.840377170839846
26164,pop_2,3.072182684701455,3.955709161759776,3.091184016871473,2.385572009830216
26165,pop_2,2.8448557821812717,3.669815603225622,3.27092772417689,2.526205484930254
26166,pop_2,2.846293341790442,4.016072924234946,3.424049151017695,2.4245763580648267
26167,pop_2,2.71726252126264,3.795303976828386,3.673323198310925,3.646327605439527
26168,pop_2,2.4904798407461346,3.8452933843762125,3.5096618554604007,2.9794499607922336
26169,pop_2,3.054806069315954,4.022116446513722,3.0056879427976626,2.7822072117012415
26170,pop_2,2.872617610432967,4.158624409923811,3.522596912230104,3.078781321073713
26171,pop_2,2.996030670698798,3.9130635745210394,3.253338694982326,2.552331588213706
26172,pop_2,2.676005432334002,3.8679285672229344,3.1275753698154105,2.935774569095666
26173,pop_2,3.0453984325544554,4.324749838449476,3.679576376975112,2.6783848682790263
26174,pop_2,2.627365839695442,3.698305661695798,3.4638170043815877,3.050905030772707
26175,pop_2,2.912249665697276,3.942821143706032,3.3276985575964857,2.5636984089879036
26176,pop_2,2.8475479550031833,4.023056736232361,3.257853265134088,3.151038907516965
26177,pop_2,2.859489721810648,3.965782778993698,3.5378809140453016,2.9195575943322125
26178,pop_2,2.878738249081863,3.4948721423955798,2.74123413070977,3.017785539146703
26179,pop_2,2.82008554114214,3.6955892671829296,3.2494216389800594,2.862523373636043
26180,pop_2,3.1128975273485624,4.244197325863461,2.752540648267288,2.3691438417339725
26181,pop_2,3.1519117323963792,4.036156932387733,3.194305514031387,2.953149416602523
26182,pop_2,2.608910627993074,3.971470969886992,3.906981648567005,3.0580759223704823
26183,pop_2,3.0926505622139,3.9518642487797626,3.3053024202007686,2.902015134031671
26184,pop_2,3.1010451473835974,4.102324683458764,3.673244575121982,2.7463865228989266
26185,pop_2,2.969085082391053,3.9659597106231814,3.700333115787506,2.5550081676022973
26186,pop_2,2.9834987317276416,4.360391351784162,3.487620300442722,2.636199824647739
26187,pop_2,2.845658215445334,3.6394832024906285,3.365952715048094,2.6437553669325053
26188,pop_2,2.5553476969229667,3.8696047229542394,3.489749565361746,2.6115397319470266
26189,pop_2,2.607170888963157,3.8745494980051634,3.5295457609598127,2.65106960347912
26190,pop_2,3.1026177459672324,4.21555483083417,3.3799925491552565,2.6813259758894517
26191,pop_2,2.816902616367263,3.991496830218191,3.5281883399085796,2.751454000189251
26192,pop_2,2.959151814525197,4.1977261639585635,3.0757283339343298,2.452393628677202
26193,pop_2,2.800318535925818,4.445176672141509,3.657173862634383,2.8069208212240255
26194,pop_2,2.7663211916116324,3.9401188528223527,3.5359356929636077,2.47641920716857
26195,pop_2,2.2361558720099914,4.017994533733625,3.5398071703937823,2.7010263966811774
26196,pop_2,2.8070669251839124,4.03404851907191,3.5830457358790704,2.89060843576353
26197,pop_2,2.8159616443112916,3.545488810187994,3.555671796599062,2.9109310861594553
26198,pop_2,2.774102037845871,3.9460005086843966,3.551935130612473,2.7379278702790115
26199,pop_2,2.852047762882751,3.9127907768237713,3.371726138801944,3.4005208579575807
26200,pop_2,2.867544776470093,4.354620594225569,3.213118219137546,2.567698564749218
26201,pop_2,2.4885634848058067,4.3308181516352215,3.927078443776781,3.0968464378888596
26202,pop_2,3.073743599903148,3.851088472950192,3.125269632743227,2.8754842802861234
26203,pop_2,2.8245611127469266,3.5504933313039806,3.3719737366264084,3.1820046273304063
26204,pop_2,2.695168586802353,3.5422071655751717,3.7956336636685917,3.448255081779346
26205,pop_2,2.63466770471808,3.9915229640069056,3.243962771047015,2.552526035482163
26206,pop_2,2.828959404268347,3.956891368415948,3.318004210929196,3.058930739983097
26207,pop_2,2.7358981297208658,3.831507535668038,2.8245488884930006,2.795345262556173
26208,pop_2,2.947652704109077,3.7370431193497606,3.28129654717364,2.977400368472087
26209,pop_2,2.730915147817132,3.634844962071548,3.134706900000824,2.966126549354412
26210,pop_2,2.5849891158482237,3.4647190534930647,2.9892470085917893,3.064206096603501
26211,pop_2,2.9726916329179476,3.980340228979371,3.632318844945889,2.884635205164267
26212,pop_2,3.118445497755639,3.5196148404712533,3.8258127401096296,2.9935823849405376
26213,pop_2,2.912893281726841,3.863995318410051,2.9748934517312926,2.7511970458904003
26214,pop_2,2.699982560538663,3.922821211377319,2.4303919757164776,2.5342594554015982
26215,pop_2,2.673803550664434,3.3708219780837942,3.1349860111489183,2.9852598966244814
26216,pop_2,2.688186370580457,4.038444078820748,3.8258285196869823,2.6725699068006827
26217,pop_2,2.7804987264907908,3.88154083705016,3.8599141289452064,2.5467556613656823
26218,pop_2,2.5540965142141223,4.009511025560585,3.5842481982598473,2.937705013965153
26219,pop_2,3.078908939823712,3.971332582787803,2.9957567685396667,2.886863521651814
26220,pop_2,3.387252994806513,4.334816598744748,3.661622099082434,2.4248753737756283
26221,pop_2,2.6750494550734643,4.1296522090974515,3.930166411258351,2.7789983306587263
26222,pop_2,3.030952448707998,3.609582506237409,3.191682806531391,3.007308162957614
26223,pop_2,2.9208879268008703,3.9139750154289774,3.328956461541304,2.581465171453245
26224,pop_2,2.7170061085695574,3.783798789777767,3.095395482517454,2.933565625636307
26225,pop_2,3.013560215954033,4.252739249459372,3.330235446437817,2.9132179002855083
26226,pop_2,3.1096672819329054,3.7665835928313602,3.15271390447988,2.8949742044019167
26227,pop_2,2.7346522470844805,4.137918191345425,3.7764665131915005,3.0594824850449798
26228,pop_2,3.015764656174841,3.8503280681383223,3.696189462745589,3.5997606232562998
26229,pop_2,3.0826570568502216,3.878558791010398,3.357781792603023,2.5357834915047954
26230,pop_2,3.2862887897139683,3.843472043298801,3.5521125350808385,3.4840899493666817
26231,pop_2,2.894577952757647,4.08629887035181,3.8591627938630295,2.99897288535575
26232,pop_2,2.7333577177601125,3.9511688129154527,3.0375211389332692,3.3832849164309198
26233,pop_2,2.79369107299994,3.774492364445652,2.75501349763568,2.7190649476982927
26234,pop_2,3.181721009928502,3.904311510889476,3.4778983190793697,2.8346842815733377
26235,pop_2,2.8899744593377505,4.19557818400571,3.3961094122601345,2.337959686271275
26236,pop_2,3.0326745250134253,4.102947978747123,3.158246276523943,2.5252126359049107
26237,pop_2,2.8024312737894936,3.9445155175065323,3.785682604939496,2.2961094691381745
26238,pop_2,2.94476081480702,4.213515718146521,3.894535517176654,2.614704088811069
26239,pop_2,3.1173081297775225,4.042146774514435,3.460156785275101,2.704831569163622
26240,pop_2,2.919005282083313,3.861510691921661,3.3343445876211244,2.6681496744209756
26241,pop_2,2.875397767317958,3.476449107899887,3.070494477652016,2.795685098361266
26242,pop_2,2.805704889136394,4.148903850846549,3.823374980695119,2.7726857599533643
26243,pop_2,2.9691603808010494,3.1115017551036934,2.524550624775246,3.1110516600659888
26244,pop_2,2.8378235541671146,4.00349547589333,3.2775293111714205,2.8147717090700226
26245,pop_2,3.2483096783654495,3.936326089574449,2.986161619783484,3.1071420789771897
26246,pop_2,2.749508162306944,4.02557111011065,2.9992723084962827,2.220900848739221
26247,pop_2,3.1107901050002527,3.3965310243143354,3.2716279415326563,2.953164793512784
26248,pop_2,2.9795378181416794,3.803415915803821,3.4597744213855006,2.7336381050680556
26249,pop_2,3.468732198590402,4.13202410445962,3.2916874724133613,2.7445474957861373
26250,pop_2,2.757573633547555,3.6904555180808125,3.651473736828758,3.240223858108442
26251,pop_2,3.1921036318413996,3.3229460112582663,3.476861608661523,2.4631680900963
26252,pop_2,2.9964129853588073,3.9323002548183092,3.5078534992921315,2.600673352675978
26253,pop_2,2.7453908753552447,3.461261342368538,3.449975628390715,2.9684179034745957
26254,pop_2,2.77527058823015,3.9260246736904088,3.2374576562047106,3.129030912233719
26255,pop_2,3.0955698908346165,4.0248172587973965,3.3415050186883253,3.263506939939155
26256,pop_2,2.705328898560445,4.051903982226222,3.5366390722764693,2.533707290307259
26257,pop_2,3.0775799594651665,4.2188611542291845,3.5791054178881616,2.675379407274793
26258,pop_2,3.105548155515182,4.288258639907647,3.1436473243352983,2.7431175314891414
26259,pop_2,2.7109076850041514,3.9980968484592965,3.6367739962100054,2.848620899877156
26260,pop_2,2.9761950325896587,4.0216757111740025,3.4357245026348324,2.1588977904731768
26261,pop_2,2.8901717527641058,3.8518063355011014,3.0862962821672504,2.7722040763823137
26262,pop_2,3.134239345852722,3.750334295821306,3.4324301649058677,3.0327850420090767
26263,pop_2,2.91086257256519,4.125779342326423,3.35000090509464,2.80119191865901
26264,pop_2,3.051111703655048,3.8036146171367755,2.993544742914869,3.007200199186628
26265,pop_2,3.098207200457135,4.157746502866177,3.2948609604538466,2.7663450490646513
26266,pop_2,2.762016200471825,3.7464548738315466,3.6761996988525634,3.14487619371139
26267,pop_2,3.0292936474032834,4.011376493921643,3.1509927605923402,2.333149337217913
26268,pop_2,2.860408174664368,3.983073718535834,3.4106107817256137,3.281717014213782
26269,pop_2,3.3714836408464497,4.348436804767299,3.504615213658192,2.8684930581238914
26270,pop_2,2.9507956211927975,3.92567001519906,3.3856195146777988,2.665036804018562
26271,pop_2,2.946388150759959,3.6882013568560876,3.0873613136012916,2.4988523301988073
26272,pop_2,3.29284588711647,3.8225288066030876,2.855973836522063,2.539438877746441
26273,pop_2,3.05063738465819,4.296403537836436,3.282715752916849,3.106160097089558
26274,pop_2,2.819562551827015,4.100791066392984,3.1840999484834294,2.985764409270185
26275,pop_2,2.9717611282679313,4.187858321332122,3.653392293379273,2.6020902601583806
26276,pop_2,2.648344988481583,3.5946790998421023,3.538790381891478,3.4564138570491574
26277,pop_2,2.781085728294005,3.515256553096563,3.182611292260227,3.297283054504151
26278,pop_2,2.596718259632225,3.946338056777601,3.2102463311006284,2.816694721300102
26279,pop_2,2.793822961449317,3.9632548063084108,3.359854574071078,2.7438056184259163
26280,pop_2,3.124090924399826,4.279821569359548,3.760624378176109,2.4729621152837784
26281,pop_2,2.8524592472823485,4.160580654934993,2.8661609534425434,3.0494252309851246
26282,pop_2,3.122896290337462,3.7881805479901227,2.9403832917196464,2.7015127399408048
26283,pop_2,2.920400441736954,4.203586130385659,3.3440859764782194,2.495417742350656
26284,pop_2,2.9553076615799885,3.9049058441910325,3.4278669626949387,2.2457516125932298
26285,pop_2,2.513268242552596,3.9329169698934585,3.270125648117723,2.7682102365830925
26286,pop_2,3.0641529295919745,4.139001247590129,3.6858883754827136,2.8838220540927573
26287,pop_2,3.093767622156143,3.8250639929301227,3.098224292147169,2.5052739904080914
26288,pop_2,3.1039302952337917,3.768766529070412,3.0117331656878195,2.819348122268398
26289,pop_2,2.9235154752965067,4.009835657689651,2.937626088764636,2.4176241847623463
26290,pop_2,3.333692262922803,3.9089121738878743,3.469877463525682,2.8827700756461807
26291,pop_2,2.974997994623572,3.8608720849788374,3.0026908692256744,3.0037046457610828
26292,pop_2,2.2763748248741984,4.220422498482105,3.2840232240584326,2.7391002703339047
26293,pop_2,2.778511889289525,4.319814432848561,3.9077821129290746,3.0806681640068394
26294,pop_2,3.0164476064558965,3.9062546859901555,3.3143543442905896,2.657218552048545
26295,pop_2,2.9642481019110853,3.8347511290426333,3.2441799232049155,3.0980334527250317
26296,pop_2,3.145866410315961,3.9390612204699984,2.90886599619253,2.837488561712714
26297,pop_2,2.9150874655038157,3.5906708937011644,3.208172490359387,2.5485342163937146
26298,pop_2,2.9355589596672274,3.9884960543869,3.6615791525230668,2.8118590963314247
26299,pop_2,3.0944268260103596,3.9617226829201404,3.560782021025095,2.910590252440898
26300,pop_2,2.76207027172935,3.7654341389172927,3.5364366125511575,2.9156416206697964
26301,pop_2,3.010563999845669,3.8031353904816108,3.430928470008221,2.989286008315151
26302,pop_2,2.8534847784232222,3.906903424078071,3.320726931874675,3.179054542524252
26303,pop_2,2.5073177894164376,4.085036424482068,3.3647651827718073,2.457232221097311
26304,pop_2,3.6075434317165933,3.8268377828015616,3.0113849028814665,2.52919385032251
26305,pop_2,3.1538336565160936,3.5742980062034837,3.8170179272404066,2.676977524597777
26306,pop_2,3.1395349343174397,3.836368048263068,3.51426904230363,2.8419173617204
26307,pop_2,2.94238451637617,4.1475785954216855,3.665645459641519,2.943244018128506
26308,pop_2,2.890798417170565,3.9563377955342673,3.3811069180326863,2.5994745737808387
26309,pop_2,2.928793755071194,4.427604248501875,3.8511150539130203,2.9163040797273156
26310,pop_2,2.78306575596317,4.161702880561404,3.6043412362717957,2.8043780973743173
26311,pop_2,2.33658899443643,4.105415244783683,3.533739113182434,2.5660003213466607
26312,pop_2,2.999088674942461,3.780693201868372,3.166586738186469,3.211362057399769
26313,pop_2,2.80150086988624,3.447056777105856,3.721248940374012,2.996848399389708
26314,pop_2,3.0254603970530556,4.11276627217192,3.7489854133234015,2.1985055923868986
26315,pop_2,2.8993603613145007,4.315374866907647,3.804419359106347,2.881399019670262
26316,pop_2,3.0785768072444313,3.9915322454383495,3.323886898541402,3.019299903886897
26317,pop_2,3.2557989656243493,4.162907384116643,3.395468029794617,2.4564790961467993
26318,pop_2,3.013009284974921,3.90435630563737,2.317421033487233,2.5741326901140766
26319,pop_2,2.970476170751184,3.747745757570776,2.8283170717274864,3.153097487020597
26320,pop_2,3.1308344158011225,3.970567103877959,3.205995651494686,2.5505176712491653
26321,pop_2,2.7771198354508,3.884500365985895,3.784796368547661,3.2274113957627177
26322,pop_2,3.1342501280109647,3.8484125227906008,3.6613812510619708,2.97624272848675
26323,pop_2,3.6536008622909195,3.742614664814533,3.350541579692369,2.7734140432596948
26324,pop_2,2.9297565402679453,3.9845303554849885,3.3247085199906152,2.9593231188680202
26325,pop_2,2.638905745297213,3.6007696048861115,3.2186072367386127,2.164217634853239
26326,pop_2,3.2410609429066044,3.548946778926357,3.2850389699577724,2.577356384627589
26327,pop_2,2.9080377145146366,4.1718359629621125,3.463123167373484,2.5063687614323307
26328,pop_2,2.992819404933847,4.130750417299892,3.210897636958115,3.1383355769933248
26329,pop_2,3.156850974266111,4.371583981618466,3.9812931446611683,2.88154612628838
26330,pop_2,2.857427917874878,3.9672860722550927,3.1264869586403825,2.9078229033454184
26331,pop_2,2.632855919744374,4.4050115205501585,3.7452856993775234,3.0101709115622373
26332,pop_2,2.985958419451545,4.046687588442801,3.176255297329484,3.143002392733096
26333,pop_2,2.666854722490843,4.342188352962196,3.349456975871954,2.398413238912808
26334,pop_2,2.833839934691421,4.249871003419779,4.107088297856543,2.154640828568141
26335,pop_2,2.8275049422746448,3.634940262791786,3.3642134610132413,2.7322974639946245
26336,pop_2,3.143220372462243,3.959320813900513,2.616825322043685,3.2015634444420353
26337,pop_2,3.348275210413076,3.889370277279349,3.199270855449489,2.7763300006173446
26338,pop_2,2.881247822688769,4.1571067617662925,3.324523915434951,2.8453301108929105
26339,pop_2,3.2173386419406067,3.987153845224994,2.7783838533002294,2.4212410969167855
26340,pop_2,2.825976173062233,4.238912471900714,3.2787835282340283,2.806369777218737
26341,pop_2,2.920942038741185,3.841973079138771,2.8745145393298066,3.1131140747310146
26342,pop_2,2.773624574851959,3.9906173327151153,3.2973457438656717,2.800376138502326
26343,pop_2,2.3777946693228666,3.7156566122117867,3.4959479221323515,2.914533831767347
26344,pop_2,2.606959161026448,3.920201063131235,3.331850130542352,2.8672692485101
26345,pop_2,2.9622921506595206,4.205488004733877,4.012341145409765,2.975983158020611
26346,pop_2,2.483227423457661,4.043819808017422,3.7418612974036147,3.252318361607695
26347,pop_2,3.0998613382102453,3.946181886330776,3.5994007200731732,2.718198302935685
26348,pop_2,2.781971421516366,4.074397786350133,3.4583916450799115,3.1630605471001267
26349,pop_2,2.9773589780271066,3.8576602371454127,2.8586569026937556,2.481819101931805
26350,pop_2,3.0460731175576017,3.9975659522981943,3.4065409931779085,2.4435888232875693
26351,pop_2,2.998755313630765,3.882399608753335,2.9722631030782987,2.997210214777136
26352,pop_2,2.9949823254928716,3.8809848725515597,3.2509855548187576,2.766477856804999
26353,pop_2,2.768097349052365,4.218639827706321,3.2860913747781164,2.133787264600629
26354,pop_2,3.3820910699807554,3.788948126414054,2.9865467108037382,2.243863424354681
26355,pop_2,3.28214201030565,4.022089477667289,3.4876933546281035,2.714956763858077
26356,pop_2,2.782123120876977,3.6419095080272763,3.738290252649004,2.58539940767128
26357,pop_2,3.1538952705424186,3.7877293734721498,3.341924747644899,3.2023653426447014
26358,pop_2,2.745797018269168,3.6810642495316888,2.983485993619455,2.6922952282800123
26359,pop_2,3.044609855942535,4.090412532811585,3.5051491050763226,3.050412531894327
26360,pop_2,3.1913214746345426,3.700983267066113,3.055788575100387,2.532339996223951
26361,pop_2,2.857172873460439,3.825947576190279,3.1788800502556858,3.0662634288073694
26362,pop_2,3.228274302520199,3.915287731315273,3.1886162954490755,2.703148535849664
26363,pop_2,2.815980877913924,3.957417823090594,3.39370761319423,3.00108063122583
26364,pop_2,2.6784461328829936,4.104490724809226,3.8028029800123138,2.879869249026006
26365,pop_2,3.0684851148670136,3.8147547258750776,3.426171528158032,3.055701087644542
26366,pop_2,3.2907498817785834,4.286380300493915,3.709343244777986,2.818523207033181
26367,pop_2,2.715189085604558,3.749969130421843,3.50428629858259,3.0899948123854135
26368,pop_2,3.101373232476256,3.94553418985088,3.4567326204490962,2.6240052892557753
26369,pop_2,3.23929791095571,4.05314344797604,3.4797614328445214,2.4365604943948513
26370,pop_2,3.0631764300917674,3.8153064306135307,3.551411859193274,3.1936438407450667
26371,pop_2,2.9434070475389413,3.9979583454589895,3.627799957595797,2.5502004401563574
26372,pop_2,2.9156595628583033,4.127094254804155,3.1535301628358043,2.7472185297796834
26373,pop_2,2.9505873465847605,3.996352152924547,2.694603861206854,2.9381877611453096
26374,pop_2,3.1434960695029166,3.869682759248739,3.296494891235556,2.779299889864679
26375,pop_2,2.990610837786434,3.972043865286399,3.0625324064537582,2.4308446324081814
26376,pop_2,3.260977385725815,3.8930840112909353,3.0425485371072023,2.9136045537211683
26377,pop_2,2.814620069954381,3.7492857569183515,3.6170160685382675,2.8449129828779034
26378,pop_2,3.1518827513657555,4.063585004536615,2.876920367211621,3.2165214474444617
26379,pop_2,3.336108658404499,3.8885546945751965,3.1616491778020377,2.21458630745032
26380,pop_2,2.758676195973256,3.6371134308620516,3.2938691005494647,3.0250495750011765
26381,pop_2,2.7240759277457753,3.9927609280509393,3.4119047978593566,2.8885537733477644
26382,pop_2,2.880582199485113,4.253232299550535,3.254749217526727,2.6226475628496932
26383,pop_2,3.0836491968378112,3.8552885577723495,3.219953777529001,3.2816481974391105
26384,pop_2,2.87814427843975,3.690943879302949,3.3511168159982705,2.3068111550159878
26385,pop_2,2.906848405337487,3.757217546517221,3.1210215470893803,2.98107706702941
26386,pop_2,2.9144620603214966,3.8587910372239036,3.6399630440568345,2.82360802574396
26387,pop_2,2.93244235109981,4.05417173316177,3.371920887312832,3.125421533105863
26388,pop_2,3.127004200081035,4.3790682187555845,4.077767623298265,2.738218621294347
26389,pop_2,2.599291752925903,4.152096129215126,3.1836529552458757,3.2436015970127685
26390,pop_2,2.904330426178019,4.131390024192785,3.354321225540495,2.681400344202044
26391,pop_2,3.3204192216583923,3.816305920931497,4.024195270609042,2.362811433239846
26392,pop_2,2.71118872429482,3.291942079564155,2.9003898544798017,3.465760811422295
26393,pop_2,2.5475784815637414,3.731613922045345,3.3563864993457395,3.4395750537742997
26394,pop_2,2.5285650334940555,4.188157487916254,3.3660053559767134,2.7267066082036306
26395,pop_2,2.955143093486311,3.741532491755022,3.106497245004518,2.7156940926645303
26396,pop_2,3.1371405266446755,3.5756563928828515,3.098160626348451,3.1642218970973426
26397,pop_2,2.9613687225936625,4.521997158870022,3.418398744682359,2.7509643876168597
26398,pop_2,2.575233000800063,3.79521327466372,3.5533763745464797,2.637884336187511
26399,pop_2,2.6999730756548828,3.5311484833332365,3.6861781718206847,2.5316335612425798
26400,pop_2,3.034727292673005,4.169403761020141,3.6600794599090682,2.797053397183705
26401,pop_2,2.73796221888985,4.043089030557293,3.2639842780310846,2.9726470209651557
26402,pop_2,2.898570208063245,3.4486281140944217,2.828831753854971,3.0238111512230206
26403,pop_2,2.810947477605358,3.6975092737123174,3.514715416636826,3.443004452957881
26404,pop_2,2.7207400482012765,3.8575354517829954,3.1215969771464818,2.3782629339935273
26405,pop_2,2.942456746660355,4.06572210566357,3.402136933590456,2.5607738051068765
26406,pop_2,2.9441878187112063,4.02942837891596,3.339864272319021,2.7754621389664105
26407,pop_2,3.2058657802223642,4.024372787914593,3.018002198260707,2.5282160452999873
26408,pop_2,2.9737112114580486,3.259821142123098,3.119309378338362,2.3777913478625625
26409,pop_2,2.9777669251951573,3.7482447774152776,2.980423086702049,2.544835326600965
26410,pop_2,3.2600456971119334,4.307171731768112,3.1208868382787034,2.182005262202591
26411,pop_2,2.781607816034937,4.063945160835752,4.014894548233313,3.0748084399203015
26412,pop_2,2.674259870986422,4.10301980433346,3.3285011881304913,2.720841688806352
26413,pop_2,2.818444873259391,4.008135563684997,3.2538439603123037,3.013109075909555
26414,pop_2,2.7522688849006527,3.637370602451745,3.9070835789258744,2.6549600526159045
26415,pop_2,2.6873168657470994,3.5918386203543666,3.5821970893748336,3.0572514008428984
26416,pop_2,3.1941113554258713,3.883072140409736,3.4164122451038703,2.795074583766777
26417,pop_2,3.368828900741846,4.022425283847918,3.359498389591451,2.983174101341844
26418,pop_2,2.845916445384391,4.320765366385195,3.187226079760892,3.305984023623444
26419,pop_2,2.6702152493133946,3.812490391290322,3.571319723947192,3.1173365457856854
26420,pop_2,3.2879527533360373,4.355091078922274,4.057854892825691,2.716134772013364
26421,pop_2,3.0852196738233646,4.046823095990403,3.463070586317465,2.596913754264751
26422,pop_2,3.348546998140671,4.222989528715336,2.9759910520605737,2.6982188932556173
26423,pop_2,3.0429884629936303,3.7217077165063457,3.104154002860657,2.625270010986913
26424,pop_2,3.0400598955423885,3.776475915214631,3.816398496027019,2.934564994902496
26425,pop_2,2.894807064540966,3.856399503528544,3.3808539809675318,2.884418309552463
26426,pop_2,2.949636273368402,4.07853448500517,3.362986707073464,2.9159302351837515
26427,pop_2,2.7579498852637205,4.119927799637165,3.63001880560386,3.238813228814997
26428,pop_2,3.072968020164326,3.561080555349834,3.9354718665189576,2.7940387252317618
26429,pop_2,3.376216791605475,3.582895506208614,3.049538821452962,2.8229609142673726
26430,pop_2,2.6695181118785043,3.3944837148173153,3.408018534834455,2.877667021528798
26431,pop_2,2.7487822429587414,4.175028939088714,3.431094017261899,2.7030213783674752
26432,pop_2,2.7498703651277476,3.751694298145524,3.13418356020862,3.259152365068075
26433,pop_2,3.0065118234438724,4.075837097569698,3.4057489102177274,2.417105809742675
26434,pop_2,3.5479080460763703,3.538291660198758,3.4015895403657113,2.7797384188109913
26435,pop_2,3.5203566448322836,3.8647307459953364,3.262314699309213,2.8285557160918104
26436,pop_2,2.988607942120394,3.948934936906924,3.5639037086121084,2.325436181523926
26437,pop_2,3.011685475222929,3.833006470190575,3.5187053611477337,3.1680880517624184
26438,pop_2,2.9742966240962554,4.058893173310275,3.020320616328529,2.7085114027313195
26439,pop_2,2.9470414208656046,3.6396923043551452,3.961618073625017,2.734100716481006
26440,pop_2,2.890384241213461,4.212567813586875,3.0866461034663875,2.5993972813376884
26441,pop_2,3.023014151030577,3.586580944992923,2.8704675954328267,2.8869461844983935
26442,pop_2,3.1124697776071875,3.2955144880899367,3.3882011684154687,3.031402810918352
26443,pop_2,3.467607251619868,4.080104859613224,4.005024140993533,2.3348997572858603
26444,pop_2,2.6374023542797573,3.6873234863467665,2.9107610412974774,2.83025863009796
26445,pop_2,3.131782965415519,3.8448438607595734,3.2035358725640584,3.165361840660838
26446,pop_2,2.5239814120223842,3.731240272482627,3.3131057941663333,2.8075637969571785
26447,pop_2,2.9693183165621186,3.838702677103988,3.5645831153465886,3.2601511937397643
26448,pop_2,2.869395534469176,3.88113533880884,3.4651882845137965,2.638671279779678
26449,pop_2,2.7538706435246225,3.9034782042436253,2.5000727326052763,2.7769837919653995
26450,pop_2,3.000297037852231,3.8807302790698,3.1929486429498875,3.111531336177767
26451,pop_2,2.693978738637336,3.922722402637283,3.390457375192596,2.9688974507554198
26452,pop_2,3.3102144338670536,4.257583682525584,3.4952900493927546,2.552081468687384
26453,pop_2,2.750369240276273,4.226255691313566,3.703281037248579,2.224384175277236
26454,pop_2,2.5025032172154282,3.72218932734977,3.479639445066643,2.404835064337649
26455,pop_2,3.112293575803836,4.043217542692764,3.4003300823199,2.72434263297754
26456,pop_2,2.912508767183317,3.880369310447672,3.285932531786344,3.099050555155296
26457,pop_2,2.6541802878874177,3.9808470331796144,3.2906385724233966,2.818230120002973
26458,pop_2,3.1170123867554147,3.943741315219864,3.3708823553446927,2.584023457095375
26459,pop_2,2.745551681170491,4.081490061963974,3.431039208172673,2.6420065125639782
26460,pop_2,3.5619063321357616,4.342428018051321,3.456846374525893,2.328000790308351
26461,pop_2,2.779107313518082,3.8708152349177536,3.2084421974283868,2.640825434339974
26462,pop_2,2.7251727882789805,4.400134375517274,3.0579459427107674,2.883894076004699
26463,pop_2,2.972300979566178,4.004619301281374,3.4054710313460834,2.7456603416739753
26464,pop_2,3.268192218403845,3.7031676281566877,3.1586299162553164,2.5110544798275587
26465,pop_2,3.385569251998448,3.685506484241297,3.339416677085729,2.747732954181399
26466,pop_2,2.7047488383651874,4.0717954864648975,3.170286595444831,2.8059139088603433
26467,pop_2,2.7865049038067315,4.0059356752573665,3.9019366602085728,2.7404050918781406
26468,pop_2,2.5392936487820417,3.69508921524192,3.6886829565746373,2.9551244615317294
26469,pop_2,2.926532812068822,4.171234442435124,3.684093020541356,3.003791570650547
26470,pop_2,2.881548949851264,3.8750914523312088,2.8401968791760184,2.533992078744162
26471,pop_2,3.2263337706208204,3.8346969384171343,3.135580195991314,2.8697216069597284
26472,pop_2,3.145068547181579,4.023682301301159,3.135194851599574,2.611220466234093
26473,pop_2,2.985607723492458,4.085821389499043,4.07658699872531,2.9338300163781725
26474,pop_2,3.252616949894814,4.024734993816828,3.976738124861165,2.397013543867077
26475,pop_2,2.754919430555676,3.8376886991030963,3.2104051735282475,2.769281575376251
26476,pop_2,3.072792385410719,4.071463496217594,3.5554026977466804,2.5836034985756875
26477,pop_2,3.2458332002543058,4.009329273635017,3.2783293180809476,2.239116743814971
26478,pop_2,3.050714335658383,3.7022585010966487,3.3539290946499825,3.0787776820085337
26479,pop_2,2.9100410997701367,3.6301568767627375,3.202741338305255,3.126374820700981
26480,pop_2,2.839067486772004,3.8052271722544355,3.4827430573521503,2.482971470430173
26481,pop_2,3.05045981409696,3.9441370018660438,3.26789706855787,3.010153203919707
26482,pop_2,2.9631767187961224,3.71094404325689,3.3367340119225393,2.949202210940776
26483,pop_2,3.079285697179969,4.1732133077613085,3.380822916622381,2.4351713844873863
26484,pop_2,2.9935395492316235,3.9357894985859687,3.257847432072547,2.481851880082729
26485,pop_2,3.2923010734957683,3.706907259357163,3.288039795762645,2.6880025143251722
26486,pop_2,2.7169877489309413,3.7334297048949634,3.407189242739688,2.802866816418167
26487,pop_2,3.3032847301929134,4.183673048904603,3.5421210508594267,2.7251884187484507
26488,pop_2,3.2555451548553243,4.055226854414895,3.214915954698631,2.4998288136572073
26489,pop_2,2.555756569686726,4.28108500059743,3.7587552692716644,3.2074692045173916
26490,pop_2,2.925439180729875,3.686973540843269,3.2527302734468324,2.9974501117681096
26491,pop_2,2.818374657874426,3.762272631544496,2.7874237483606406,2.8838099559392503
26492,pop_2,2.9573051750951027,3.874424326981955,3.4007984433340828,2.578832911518615
26493,pop_2,3.058558694458523,4.022938585632137,3.1555148288120205,2.793185117528602
26494,pop_2,2.8753689171679353,4.033400929428273,3.3938923122096414,2.8268404553251556
26495,pop_2,2.316714061007623,4.021838236183511,3.65521150603611,3.134002062043845
26496,pop_2,3.042995946087752,4.298100861170215,3.6424270171112125,2.9628144945819046
26497,pop_2,2.355264982029198,4.239856992628429,2.9747611086091235,2.9436427134578773
26498,pop_2,3.273540462844686,3.886716567665486,3.194152654412096,2.3814799489664185
26499,pop_2,3.0062902295436142,3.691483663156915,3.0433427439788145,2.542813528924937
26500,pop_2,3.121342212391652,3.5094289173683477,3.265066654211248,2.664969276289002
26501,pop_2,2.550118373340359,4.166730271569311,3.6331542346174523,2.052585178163996
26502,pop_2,2.9613215460780165,3.840349923286088,3.5197469157396304,2.8124508280702676
26503,pop_2,2.8607184315317804,3.9866292630723126,3.4191732305113427,3.263234671042114
26504,pop_2,3.0391899269480955,3.889900573603163,3.1582803590842192,2.74622453108352
26505,pop_2,2.6573223260511534,3.900534875384895,3.373724293688623,2.5024375464591992
26506,pop_2,3.000554351010184,3.9590990211812915,3.091984559156788,2.7839765251876276
26507,pop_2,2.691098266537397,3.605020605451961,3.1576324704133234,2.7821958445151314
26508,pop_2,3.0152337148382835,4.445510838925033,3.6603439502530586,2.769712904750597
26509,pop_2,3.00659672259993,4.140808032331853,3.531882204500916,2.940364900858498
26510,pop_2,3.284853175591189,4.167021202129689,3.603892402269929,2.8385160810456282
26511,pop_2,2.653976496975711,4.010624754685662,2.7539260165383124,2.778572748164914
26512,pop_2,2.9848342007007083,4.125182074101296,3.66091015256798,3.1618114006681344
26513,pop_2,3.0619739578365137,3.4209273886834697,2.890964072669349,2.5571181442975535
26514,pop_2,3.107536079218063,3.59720247792663,3.0551076978111475,3.03846631362382
26515,pop_2,2.646912537953777,3.8771652294643464,3.5442672165516673,2.92081463770779
26516,pop_2,3.0926506626710863,3.830443567464655,3.062315840525787,2.823576292787578
26517,pop_2,2.7324209686884644,4.068174132327871,3.758752403599798,3.1641624822932015
26518,pop_2,3.0892860909159543,3.68767789509338,3.061915497668967,3.3968464418238837
26519,pop_2,2.67731214183007,4.218246444670822,3.1694251471241857,3.082514927751496
26520,pop_2,2.839860077470143,4.075912068326963,3.6636601705045253,2.7842977617474873
26521,pop_2,2.5701997411942403,3.677466390847175,3.378935946641427,2.8772819971000665
26522,pop_2,3.2151513994734167,3.9218930416054203,3.775692450240816,2.6719094643624364
26523,pop_2,3.2323598466379644,3.7840149707618767,3.472379864014119,2.332444099138181
26524,pop_2,3.1170619295121686,3.925384836327037,3.5785608966448272,2.9216233997796563
26525,pop_2,3.0701799201691493,3.653900185061411,4.23840183147683,2.904613659068234
26526,pop_2,3.3092342952968568,4.009105690375082,3.1030853769112285,2.486048863486274
26527,pop_2,3.005227723004197,3.991954157454607,3.694110104022289,2.8576668587021397
26528,pop_2,2.81820452420138,3.600655502567257,3.1625214061618765,2.797597683487528
26529,pop_2,3.2502838620345544,3.871262619797131,3.343125532231468,2.141007895225591
26530,pop_2,3.1607894029243884,4.220161284439841,3.651768043442281,3.235936459947572
26531,pop_2,3.0282875252004176,3.575206196024519,3.5352619719309755,2.2953233992280104
26532,pop_2,2.786140465088653,4.11561042043116,4.2983332768796085,2.3507285765618247
26533,pop_2,2.3396177856745832,3.7833076244627444,3.8104283349379973,2.7025403820122578
26534,pop_2,3.080788082978413,3.8573959229834176,3.367814260813129,3.2407297940347117
26535,pop_2,2.716504732655825,3.8235406926473456,3.6969716560221086,3.321314619765262
26536,pop_2,2.998993367170239,4.186100772251026,2.8874398090616156,3.116369267839204
26537,pop_2,3.131240588733738,4.033856331024836,3.6208325156385044,3.0243474861971555
26538,pop_2,3.376370521641948,4.082042762006019,3.396751820620418,2.6748120720895687
26539,pop_2,2.5476800858365176,4.138399015794757,3.802222197583645,3.55887941618062
26540,pop_2,2.9393097710079297,3.9475693984354687,2.9338159659605605,3.3353967147074526
26541,pop_2,2.8945934494088665,4.322914780853413,3.3716961923284976,2.8597120391352604
26542,pop_2,3.0295837514549615,4.05405151149634,3.423752187746876,3.073583120927799
26543,pop_2,3.013244337674416,3.6970624495560456,2.8966508931816515,3.0952537335653925
26544,pop_2,3.009358531441244,3.7732339899477827,3.8465223572325686,2.8700669788696893
26545,pop_2,2.717696244024019,3.8221103070745337,3.140011131771282,3.537327573170734
26546,pop_2,3.262530422423236,3.7800376780170493,3.4341781838605265,2.5676483397118592
26547,pop_2,3.143493297090394,4.183738601945068,3.7586785323898964,2.4755395269433365
26548,pop_2,2.8829258048756294,3.724550759094406,3.1390774578770597,2.8913791433985865
26549,pop_2,2.661229961026067,3.5354636174698295,3.485876091814072,3.1751959292837273
26550,pop_2,2.7954604409546455,3.976532003219095,3.164590204554927,2.524020639322768
26551,pop_2,3.0132067970903664,4.004061244958795,3.091854087288035,2.57266677085923
26552,pop_2,2.8682329258423898,4.238806935244621,3.3631839794309593,2.8790910753674908
26553,pop_2,2.871771779280629,4.260888540442413,3.5965494060090735,2.3328914574669914
26554,pop_2,3.1861424807269874,3.9940116374770915,3.1224289466753237,2.588948813347309
26555,pop_2,3.280930657747252,3.634005939545256,2.6402577781640826,2.647856992985513
26556,pop_2,2.9001198735038125,4.153597459250279,3.0966504594668756,2.5500791034094394
26557,pop_2,2.5730620408472107,3.626358846310258,2.9689647954677763,2.691493069725226
26558,pop_2,3.033840386868903,3.931269419813423,3.4866959314195696,3.060341922589084
26559,pop_2,3.140302974120991,3.9409010706648284,3.486816886272128,2.444143463271579
26560,pop_2,2.787422792069049,3.9753478791702737,3.748956574542011,3.114972509598734
26561,pop_2,2.969690005335421,4.095498467668299,3.103210394993071,2.521973755711075
26562,pop_2,2.7654715706385873,3.6965484306984284,3.387062959900572,3.0550066347191778
26563,pop_2,3.0637440742006206,3.630154920346944,3.377810512344546,2.3916085287816093
26564,pop_2,3.2318137988879316,3.8349844929759427,3.1307983168461755,3.2960240374114513
26565,pop_2,2.989719402738876,3.8391984146421185,3.4733650792475728,3.210825369819605
26566,pop_2,2.666936248085709,3.903055978379653,3.6074065117433163,2.865775760875669
26567,pop_2,3.282229865223986,3.8978340881251423,3.5962328793157483,2.7440542531831946
26568,pop_2,2.9730847718090376,3.8037514356705717,3.317864490983737,2.314326278811392
26569,pop_2,2.9157359862242545,4.016854104238908,2.992007622633337,2.614564830489405
26570,pop_2,2.6980713213839187,4.022907662738591,2.945064868570931,2.736718527651326
26571,pop_2,3.3020411268554453,4.080171954593127,3.439789062787343,3.0366415062094596
26572,pop_2,2.8999638795604543,3.8823931626402866,3.548984043597053,3.315726958273726
26573,pop_2,3.0643241640583576,3.9537350055468727,3.3569755413014377,3.1146026953631214
26574,pop_2,2.7669809172915207,3.766472213489354,3.223083072513183,3.1613871425756606
26575,pop_2,2.7209847270682745,3.7386015637855836,3.1376656673305483,3.102555461486187
26576,pop_2,3.038801960446851,3.9169611822054473,3.397228926675861,2.5068278783227362
26577,pop_2,2.7888407398506256,3.651171561747671,4.0556704346459,2.91467012750476
26578,pop_2,2.6927251681050963,3.8457487920828832,3.179610305988941,2.9879170885940027
26579,pop_2,3.08238132359286,4.1722706817633055,3.840495107356722,1.9920070816218376
26580,pop_2,3.156536460605034,3.9707211653243992,3.210023178930457,2.699224995770763
26581,pop_2,2.779977844674353,4.19699144679125,3.4558045075493258,2.8054423130360284
26582,pop_2,3.3692463073487997,3.901836051754435,3.451016764120736,2.7952940691376496
26583,pop_2,3.0271107140599756,3.5964944532691656,3.2131782903136337,2.5386811349506138
26584,pop_2,2.5256908539018275,4.103754721690714,3.306561439116447,2.691296890772159
26585,pop_2,3.7701110601111103,3.855115805498444,3.3018017803203157,2.3963081470092114
26586,pop_2,3.3128890062267815,3.961934998041322,3.77866962087133,2.90555355234909
26587,pop_2,3.134988961907821,4.151843404877486,3.3024947017420443,2.420841528779639
26588,pop_2,3.343398235129096,4.098982031164123,3.672643617211862,3.0566626948871547
26589,pop_2,2.9023356549348374,4.037627466632695,3.1976493984141556,2.2150935502314155
26590,pop_2,3.3027088653082846,3.9953718628359733,3.3382255243503973,2.5947917513124326
26591,pop_2,2.782868720690133,4.152135248018987,3.192265820815713,2.7723984801665433
26592,pop_2,3.040595775890279,3.9504277557877407,3.27482309698453,2.277553472808564
26593,pop_2,2.5135677006193395,4.154070773039526,3.565658140796545,2.3819411001119533
26594,pop_2,2.859723865382322,3.883728884642047,3.750439376306364,2.915229787491318
26595,pop_2,3.0643970409771666,4.065849976351472,3.173585994331677,2.548278695088001
26596,pop_2,3.2063910632576245,3.960442538944436,2.9289619692839133,2.665176865587415
26597,pop_2,2.9203928329171096,4.050055844735735,3.387431051772254,2.6553866548227916
26598,pop_2,2.9102883586533705,4.051846720640698,3.678445570291659,3.0975300231802403
26599,pop_2,3.0376177183216946,3.717964894811458,2.965007092617327,2.894500665918014
26600,pop_2,2.9683914700661487,3.8383528747267697,3.823880344043537,2.6011967619763308
26601,pop_2,2.774344743327003,4.030747993452432,3.27956278886741,3.3069398575822486
26602,pop_2,3.099627732388181,3.772171379108858,3.634116518578055,3.046131400454608
26603,pop_2,2.886637491006892,3.9540162819125424,3.408749050134447,2.9789222829654194
26604,pop_2,2.9550192575522334,3.8054281934816077,3.676402783970373,3.046329681774277
26605,pop_2,3.094663833638277,4.036524932510784,3.449999978631005,2.5180548068998414
26606,pop_2,2.815798862750939,3.813778811374832,3.483319293729258,2.9730322618814915
26607,pop_2,2.830047561106202,3.7353251583760754,3.4059796506909508,3.1615079228173526
26608,pop_2,3.3272916906421357,4.426829028819158,3.574386887653412,2.884307745388863
26609,pop_2,3.140676960079721,4.011969652694753,3.530794813190289,2.3702035272080613
26610,pop_2,2.7581435830811176,3.833147845119878,3.5337913344551413,2.9030237703341717
26611,pop_2,3.427913147861639,4.139504667965928,2.779208125475911,2.842880012093146
26612,pop_2,2.946693393916872,3.713181447120366,3.0807471023812916,2.504333925398274
26613,pop_2,3.049771078251955,3.9249393699737927,3.364087862623932,2.8956077131043725
26614,pop_2,3.0648014455535217,3.8160357658728357,3.6947106714908413,3.1054481518371677
26615,pop_2,3.02248243815551,4.170272046640216,3.535423872772628,2.750201166599471
26616,pop_2,3.0417662252262105,4.106718845094055,3.6449141119681783,3.1134852006550524
26617,pop_2,3.097273762030196,3.854324966522417,3.30062705866716,2.7924604619438487
26618,pop_2,2.7583025229003795,4.193888982274546,3.671775386132527,2.4259287943146166
26619,pop_2,2.921368988986445,3.5239938744801123,3.0865540188326586,2.8984568097783887
26620,pop_2,2.777265357212159,3.4483278954689687,3.4229645506790782,3.157263843820965
26621,pop_2,3.013279116341674,3.5063024352843444,3.6577345508410737,2.7194762636394443
26622,pop_2,3.3430231125836674,3.9548638127799034,3.323128087338904,2.637900389697001
26623,pop_2,3.0968722229237247,3.7263004487228266,3.322992525966042,2.886108074763156
26624,pop_2,2.945318838015358,3.729517881997847,3.206946374759166,2.9882201251699168
26625,pop_2,2.831463217145586,3.96900094003054,3.623232538974154,3.199043737730773
26626,pop_2,2.738882213529041,3.8102575283368134,3.2788316430621824,2.9915286189348786
26627,pop_2,3.246805928920218,4.063181249268257,3.2650945706662586,2.984564189508829
26628,pop_2,2.8942875699162665,3.970628357465543,3.6329903137423853,3.193449157461024
26629,pop_2,3.131153716678401,4.012443987481592,3.323470550358045,2.8304225277981647
26630,pop_2,3.105609722417433,3.9999672118157683,3.0736135809898983,2.6163275267577424
26631,pop_2,2.89286503685682,4.034153840493513,3.519875530037273,2.733763765914381
26632,pop_2,2.9117780896090273,3.8113115176137193,3.378271416159108,3.152426300935868
26633,pop_2,2.819059393891477,3.8836194995137134,3.531567813152586,3.00756152599268
26634,pop_2,2.8954748800831305,3.9281533432516023,3.7903214214146925,2.5922171020977864
26635,pop_2,3.02833779603573,4.107034369061486,3.469883191435821,2.998003289770722
26636,pop_2,2.6749623296806306,4.08224298001731,3.614647422230763,2.395437497015005
26637,pop_2,2.7208624442565887,3.4647675351829914,3.6307917407868326,3.1917334469036085
26638,pop_2,2.7757090434376863,4.176067549185636,3.5494315629860007,2.7155316369806313
26639,pop_2,2.7201635535809108,3.788150344405019,3.477137338209762,2.6597712805954505
26640,pop_2,3.035898006210836,3.737017056015934,2.9926721918957524,2.4762259880096416
26641,pop_2,2.7412143528931407,4.127994308213603,2.501327912209693,3.082127844996038
26642,pop_2,3.0590264315930096,3.8642026664107427,3.549728144549776,2.685436807347648
26643,pop_2,3.1650255695621676,3.8307579468383293,3.2726553372338056,2.267503208048701
26644,pop_2,3.0219971538861516,4.109241568727753,3.821892434956989,2.959611696516898
26645,pop_2,3.0465011198270546,3.7531069208668937,3.785610872158303,3.017089123295684
26646,pop_2,3.028008223513281,4.136906568819317,3.2541455493190177,2.906978958299738
26647,pop_2,2.6127879841470802,4.094787281933203,3.4759472358516375,3.3286336628768316
26648,pop_2,2.9623609713466585,4.168634236785934,3.3032336413486716,2.2986081117251915
26649,pop_2,2.59272256964053,3.991370800210446,3.511412681675701,2.4689034099421336
26650,pop_2,3.153651602714722,4.202944605732289,3.205963834352126,2.570960637287754
26651,pop_2,3.361440205236336,3.947248296761419,3.2696076392438522,2.698262881791675
26652,pop_2,2.83471298892351,3.9270369122853532,2.6293476323471032,2.939156643324652
26653,pop_2,2.9438721348812615,4.208632589259285,3.388031002119426,2.6882876216558356
26654,pop_2,3.01767664896628,3.5537515287364756,3.0889240442129338,2.793163970394302
26655,pop_2,2.5977701365274006,4.106390895470173,3.8546667650602724,3.2659923119738563
26656,pop_2,3.2010781974147497,4.1692393269208505,3.6457279839122374,2.3444633414677662
26657,pop_2,3.034304982624199,3.406677147551347,3.245545643826101,2.9178080763289507
26658,pop_2,2.952428114153575,4.115249714707579,3.0623805660318757,2.238377832537047
26659,pop_2,3.0288444862592496,4.644488607606577,3.206334745166154,2.6166075608417994
26660,pop_2,3.152058717474543,4.2205481917027905,3.1600287654413077,2.835948860423653
26661,pop_2,2.7203555433923947,3.899905879066782,3.378666647551055,3.150922095065472
26662,pop_2,2.7920312725231407,3.933341571286503,3.2836610782548266,3.1571731072361375
26663,pop_2,2.6550930047241392,3.9239682968428693,3.4193777915103563,3.160642486749828
26664,pop_2,3.045834763789239,4.208239195511195,3.0153159922232193,2.7972602210309936
26665,pop_2,2.52497192560419,3.911402544543703,3.15982958015265,2.907294067416354
26666,pop_2,3.1555987380424915,4.25262808106521,2.9893521041937365,2.8238710969354264
26667,pop_2,3.0143127311903295,3.7647796401697398,3.358904298000142,3.5026554400375023
26668,pop_2,2.9260016661840176,4.040462463267801,3.118343534472783,2.8019326427268667
26669,pop_2,3.067753923471197,4.01820162578728,3.1013830061068544,2.2741551863514693
26670,pop_2,3.062734358418674,4.199198851384173,3.6573176967568166,2.147605028011795
26671,pop_2,2.9023970636703296,3.4564249519214734,3.2074931144200254,2.698840161370469
26672,pop_2,2.913239245895747,3.9295832170846188,3.4465157209450457,2.9582442883819415
26673,pop_2,2.5886693466321415,3.944756667771084,3.8061735096401197,2.841297213653182
26674,pop_2,3.014591875384157,4.269875216957168,3.2746447326642634,2.8034521680234867
26675,pop_2,2.992660057135763,3.6612820982101213,2.9756883556806275,3.1667654108360948
26676,pop_2,2.47630990172284,4.128557851470984,4.164724154590068,2.1767196227081747
26677,pop_2,2.4872156117300914,3.705354265513315,2.9795696586597495,3.3928061604343203
26678,pop_2,3.256963092887878,4.123651021904306,3.535141008084097,2.716776744040739
26679,pop_2,2.652378240965314,3.6629454861889568,3.3653996521318623,2.977098052854131
26680,pop_2,3.0442349241449578,4.072740739644226,3.2160924570906744,2.8464458644120447
26681,pop_2,2.56131506574629,3.921902368070007,3.206316395573342,3.5660597927601656
26682,pop_2,3.248577926969583,3.740337004625816,3.386761452520052,2.7750050653984557
26683,pop_2,2.7780251436189674,3.55620030356433,3.222782553927372,2.5489585896469786
26684,pop_2,2.4018544926247114,3.8029911906001463,3.487666278110384,3.1715064656216176
26685,pop_2,2.894057212181872,3.932595128301932,3.609073869859961,2.371395748487422
26686,pop_2,3.173532610434248,3.957319640608765,3.328867268283525,3.059506108384981
26687,pop_2,2.9120550283186617,3.7871624680570593,3.4835288276953156,2.66875449471754
26688,pop_2,3.1345779485338534,3.636652975541115,3.178304432575546,2.3418532010194553
26689,pop_2,2.6643730415536617,4.132096127782427,3.3172829231960397,2.553110135923134
26690,pop_2,3.1294971117550237,3.832109309344007,3.761521315648098,2.427472689695753
26691,pop_2,3.1228297348973104,4.0491496851193896,3.601151122769628,2.5219548691402567
26692,pop_2,3.050196395088302,3.53726403743067,2.909416320624344,3.256673843261618
26693,pop_2,2.7616200944557407,3.8558250779871277,3.5646812371422807,3.1021638421334505
26694,pop_2,2.979216311953432,3.9564526229331447,3.272713792820856,2.4255479206059367
26695,pop_2,3.2954574128871874,3.736699240438846,4.002000107012288,2.6902738444635683
26696,pop_2,2.883708134186459,4.056360286657511,3.598337360084534,2.6691812106773978
26697,pop_2,3.3504458637210672,4.097701630443884,3.1362059800428965,2.866111220024869
26698,pop_2,3.1022375867868783,3.8673426552855177,3.0129629500335886,2.3616422220200226
26699,pop_2,2.917039754861238,3.817584537915603,3.1876968187529884,2.7876904161159066
26700,pop_2,2.9000975538921847,4.106054579809387,3.394497973020467,2.8846381854705276
26701,pop_2,3.068172463740854,3.6677876373498552,2.9213772074306825,1.9785659984681607
26702,pop_2,2.564238620747237,3.639913926190057,3.8640425350940215,2.487452053969937
26703,pop_2,2.857098331171198,3.984931180205159,3.8446935739175254,2.6217728142056917
26704,pop_2,2.7648707915247175,3.966881718352465,3.164635535332387,2.6507352653176124
26705,pop_2,3.108331896538395,3.894829376927497,3.2344114494914162,2.9546308631908245
26706,pop_2,3.469598634690648,3.773921005181316,3.4318115829158735,2.7649107782929514
26707,pop_2,2.9549646496026267,3.99551468021887,3.630807811879722,2.474442535384754
26708,pop_2,3.3070649739712317,4.344763935667991,3.4093241099842206,2.994005342822887
26709,pop_2,2.628293760194635,3.8967588932607313,3.228529500450981,3.163295013337549
26710,pop_2,3.1235520314701377,3.6796725870418276,2.960966247474527,2.529873067173031
26711,pop_2,3.1124006275316964,3.6378457794080634,3.0937857071658086,2.708859341850468
26712,pop_2,2.97693485523182,3.7776990182332906,3.189441390001881,2.8867874402246585
26713,pop_2,3.4023065652870934,4.077562184979555,3.843168279846455,2.725506053785472
26714,pop_2,2.7602058910847935,3.976692727436359,3.160950495802648,2.0151943619515253
26715,pop_2,2.8885520136601,4.107999699675525,3.6253100582546067,2.8563665128289455
26716,pop_2,3.1671059413135727,3.7546644957268227,3.0902478005434384,2.7101172706318026
26717,pop_2,2.8091320798146358,3.896971394481793,3.59466531053154,2.8014635329699353
26718,pop_2,3.1545266452905913,4.268941256770809,2.9684405991961174,3.165483324444146
26719,pop_2,3.346830032783896,4.240601106253442,3.123892321087708,2.6697337580627596
26720,pop_2,3.1055437873762544,3.810259909635342,3.0777431333590033,2.5424794758147278
26721,pop_2,3.5184114211054687,3.6506078232354304,3.683736224127511,2.8291706265098404
26722,pop_2,2.9117937949129997,4.223410292313756,3.5237558850490154,2.864896764837238
26723,pop_2,2.476692656103646,3.9380355023804303,2.9391917081286016,2.2685078560490384
26724,pop_2,2.6254102160529373,4.431188348042853,3.0583471892588223,2.9183094245841725
26725,pop_2,3.3047988875672103,3.8504485210231314,3.617996829919017,2.0008858204060567
26726,pop_2,2.7346485715169386,4.3781354711177745,3.882920743360896,2.8419487540993704
26727,pop_2,3.2234668203165233,3.9043468930974927,3.844528722368331,2.717007632484473
26728,pop_2,3.1582735678781853,3.9764784232759345,3.191025344016834,2.926166467006645
26729,pop_2,3.3896630717931093,3.872233853805696,2.8352525004547293,2.338871220195763
26730,pop_2,3.343588652129304,4.171109349422174,3.5479946961882294,2.669727695894331
26731,pop_2,3.248210759225647,3.9377353947103444,3.4208751302641827,2.715594410302211
26732,pop_2,2.478707852429083,4.170461386837446,3.206017560714111,2.880572801195815
26733,pop_2,2.7613234507633346,3.9614586360423942,3.669293016031204,3.0375376283856936
26734,pop_2,2.7344369915229856,3.991413621476694,3.2212742902593465,3.2504961451779817
26735,pop_2,3.0007610764274983,3.942353952917979,3.3399306186502526,2.8518306835654115
26736,pop_2,2.893697993809924,4.0357258933075775,3.575877715953606,2.7515539344668434
26737,pop_2,2.6454140294625366,3.936457964389052,3.2194791393174595,2.8276210737211867
26738,pop_2,2.7540135471783267,3.686550813150271,3.006092555573372,2.6831542909437727
26739,pop_2,3.2229803071105185,4.167035041683577,3.2435523559637938,2.404824567878252
26740,pop_2,2.755940908678572,4.414604648709582,3.6685708555619954,2.291931555670711
26741,pop_2,2.4716563803212983,4.050686851172154,3.54726374736828,3.0314180205996357
26742,pop_2,2.478148468281695,4.244246629726892,2.942315425237075,2.815058800817155
26743,pop_2,3.200875737443262,3.9376116204376412,3.318558801758441,3.2012404159242145
26744,pop_2,2.8487666692687217,4.318252327658264,3.450620051470893,2.5356601346024354
26745,pop_2,2.9784812858081526,3.837221219674265,3.247337025945912,2.725892438347918
26746,pop_2,2.747650498107097,3.81623844605533,3.0027071188958674,2.934132210309865
26747,pop_2,3.116888898702832,3.6872111707800173,2.7586288821386713,2.9885997570874077
26748,pop_2,2.966769862579512,4.009984986219172,3.349278239688247,2.6166717584951713
26749,pop_2,2.914297327850171,4.043423631926579,3.3038676289084563,3.124945672157036
26750,pop_2,2.6621066921837877,3.6385128750842983,2.9821690537543355,3.679864813066443
26751,pop_2,2.9169729729221614,3.8671057273021905,3.708418565813132,2.4600430107018973
26752,pop_2,3.1287758225099993,4.070036570734587,4.074654704852301,2.915257997044842
26753,pop_2,3.153070472607426,4.566868850779431,3.2623719070901447,2.4305474403914187
26754,pop_2,2.908049839924323,4.151125347138364,3.72346944586506,2.6488170451475264
26755,pop_2,2.5250415538962447,3.9178942715673672,3.48708901278326,3.1698544037516
26756,pop_2,2.6443784932745675,3.808902515549997,3.2232926892941425,2.9081313929266472
26757,pop_2,3.137350075340206,4.186433200726741,3.728488455043193,2.697571038411789
26758,pop_2,2.543986659731971,3.5511697741262793,3.238493321587289,2.855173759016464
26759,pop_2,2.991135321511399,4.074639831335709,3.913891788730234,2.2175384849583777
26760,pop_2,2.9564424510307648,3.8668033517249603,3.7446777291549975,3.087478955575455
26761,pop_2,2.7917272901451984,3.9126587129812602,2.8943064078198866,2.4406116784241263
26762,pop_2,2.9021983937919473,3.4026207915488724,3.0809973923163936,2.9145618733811793
26763,pop_2,3.120923689930066,4.043428753270778,3.273225099054427,3.2076976335431864
26764,pop_2,3.061956194509675,3.845651698061501,3.625195134389959,2.6212560015918767
26765,pop_2,2.7922225447636015,3.6523933843181347,3.0294545575784877,2.5042719776684006
26766,pop_2,2.5773609456688673,3.883787102666646,3.1105522573277695,2.492093856606559
26767,pop_2,2.93640237265952,3.605394411009582,3.4938754480584997,3.069380853169619
26768,pop_2,2.847725188183793,4.3075988776076635,3.277233101707412,2.610887947218521
26769,pop_2,2.9802539235792023,3.654042357065617,3.6288721220440996,2.9805145153908734
26770,pop_2,2.7428793677430057,3.8603043894251376,3.632718719066121,3.2560508795571534
26771,pop_2,2.691976412583713,3.808535365130759,3.1735618503810734,2.8365826809582604
26772,pop_2,3.383096723788567,3.632442820283972,3.2795360078010374,2.700594873489982
26773,pop_2,2.8773622464856374,3.864764840040501,3.161831937191445,2.529175901657255
26774,pop_2,2.820118590794905,3.914603052201312,4.200894661294766,2.810143526146935
26775,pop_2,2.761862861169312,4.272919174182751,3.843133960215531,2.7042963752761526
26776,pop_2,2.7734836747625984,3.9568314900074073,3.1927436569708227,2.48132675219404
26777,pop_2,2.847025713347354,4.069491635855753,3.1504759749097,2.697982548535473
26778,pop_2,2.8497449584795884,3.695875731000016,2.855745908974661,3.0134797378934395
26779,pop_2,3.1591658617180225,3.8241283753841957,3.8398053126432323,2.6654738070439263
26780,pop_2,2.977024926185403,3.8708946815541267,3.484000040704972,2.777894496154728
26781,pop_2,3.0398974403018357,4.035810446805266,3.2521808488726363,2.4012576905248144
26782,pop_2,3.0010575973892517,4.039538125814162,3.2723250399675052,2.9757591712589493
26783,pop_2,2.962326942122634,3.8790207057582977,3.480412033090013,2.7059145543010525
26784,pop_2,3.2955081777312016,3.813993293898037,3.300887904642142,2.8890043145454594
26785,pop_2,2.5396451025042293,3.759830208140097,3.575367863195084,2.784316924138609
26786,pop_2,3.027948906231036,3.7027170586536395,3.5780218414265925,2.3978596446230354
26787,pop_2,2.859108915210606,4.101668833354156,3.4860344436117474,3.21855120612834
26788,pop_2,2.850928044475265,3.8099861467450875,2.7972668334342545,2.9262912769201965
26789,pop_2,2.999529269997505,3.7298006013510157,3.295365092969168,3.093709755769808
26790,pop_2,2.8373840941074806,4.415315485312876,3.3538587087063316,2.910136738087256
26791,pop_2,2.848050537007197,4.001335689630601,3.5282702702296334,2.9614543647337856
26792,pop_2,2.473071220570061,4.071980697116256,3.381819954383737,2.958305370681532
26793,pop_2,2.8394847292402674,3.720703684257603,3.1262125687093265,2.9594826081829537
26794,pop_2,2.5642539290381388,4.392956504150208,3.58042852332439,2.3476516070665645
26795,pop_2,2.5738398582533275,3.7879757478998477,2.830743973314423,2.7815518848804945
26796,pop_2,3.087342855628358,4.056441392137947,3.8653141904212402,2.698811348540933
26797,pop_2,2.9238511202425874,3.8701461390573533,3.4383730680554243,2.2602001349615777
26798,pop_2,3.0980251737513522,4.076502852907865,3.3884459858100913,2.770036004975772
26799,pop_2,2.8626524940388753,4.206243293189087,2.7720621402221393,3.0271047922289274
26800,pop_2,2.967146880732193,3.8644758435750557,3.027185096412915,3.243623876158945
26801,pop_2,2.74812513916681,3.627042032504045,3.412990281986169,2.814398845122329
26802,pop_2,2.9860657371977655,4.3442741830954805,3.3062433359912236,2.5074924596930828
26803,pop_2,2.9456824656194542,3.896386598022266,3.097439514472897,2.387434998567506
26804,pop_2,2.962548626511246,3.877790754300879,3.3902125940245873,3.1054925127481594
26805,pop_2,3.4385976011503425,3.4172545906654626,3.4645199728443186,2.4968742100572734
26806,pop_2,2.726007485990627,4.306222470332261,3.224959940157604,2.9629363341502715
26807,pop_2,2.9682123808574525,3.9826698623203733,3.7265508993324064,2.964519788336778
26808,pop_2,2.703164982645999,4.167535333990041,2.9550976746329685,2.874818284337146
26809,pop_2,2.845874969241872,4.063345587472218,4.084899460512721,2.8030532627569076
26810,pop_2,2.835341340363375,4.285382011677815,3.5724775077771955,2.7869721309975697
26811,pop_2,3.0790716131678253,3.8594128825363763,3.6180265729919863,2.640819825076195
26812,pop_2,2.609250650959624,4.3970769973170185,3.056333395663925,2.8744288668210287
26813,pop_2,3.1674150570297344,3.807311707198575,3.4480367127063904,3.3862371250960903
26814,pop_2,3.0633849692958797,3.9805789554639723,3.678498465134522,2.908215059608488
26815,pop_2,2.6953829219215333,4.269718869839904,3.5544126825187154,2.710594166309543
26816,pop_2,2.629819311462003,3.766486798002376,3.6492018705174027,2.543384257140195
26817,pop_2,2.761603061203273,3.931608857037627,3.505943378650992,2.6268432005034477
26818,pop_2,2.5570144863700985,4.162260984551422,3.4589457370403016,3.2383852044452976
26819,pop_2,3.0887787605980814,3.7992564488460125,3.437221398341877,2.8938949582643243
26820,pop_2,3.1525063596637213,3.8687475685876684,3.25557488577428,3.0415091415733655
26821,pop_2,2.908480204415174,4.092678372081338,3.6236212272741173,2.4722915166190305
26822,pop_2,3.0263284388630227,3.7901592005201605,3.247709623620198,2.378510103000694
26823,pop_2,2.8920480681397343,4.056927961782076,3.0171435668883597,2.4222822079416564
26824,pop_2,2.986552601309449,3.6861017600854864,2.9557909405909295,2.8347573720836157
26825,pop_2,2.6978277750514783,3.581396864065325,2.9740491004138203,3.161190466334002
26826,pop_2,3.032734657222724,3.245818612737608,3.508558401826046,2.518094632641752
26827,pop_2,3.065958874580389,4.009069144225904,3.325899591022815,2.422013324868102
26828,pop_2,3.1849370007631874,3.798145422594559,3.1324978494049804,2.8631492150334563
26829,pop_2,3.1510756879210993,3.5166536603039873,3.0242870084188205,2.678392669200309
26830,pop_2,2.7295958911141733,3.9673635066939723,3.979591666113871,2.575353374713287
26831,pop_2,3.074390492873561,3.857321967645627,3.31153337571162,2.372160419351978
26832,pop_2,2.9855441549734096,3.929112084799582,3.4448199549662024,2.6665482035997976
26833,pop_2,3.0514231732135055,3.619537993230323,3.3631786437999325,2.8335235327146657
26834,pop_2,2.882987914082201,3.927962807509007,3.7898268490293354,2.9164480613734964
26835,pop_2,3.012588382719744,3.9783203406976964,4.012211041623771,2.325013333962934
26836,pop_2,3.0925774972914,4.243026010538015,3.2992371286291813,2.389636423146298
26837,pop_2,3.432116659856374,4.025122812436405,2.579318682625485,3.0178803921960493
26838,pop_2,2.7918087242859615,3.8556007343315457,3.1817266033148734,3.0600818079707865
26839,pop_2,2.4952141603133553,4.151637357094065,3.277921606596184,2.9566196509893947
26840,pop_2,2.7670296653981223,4.15609492343437,3.2463931064391502,3.107097600349186
26841,pop_2,2.9930522023091966,3.8539890276295683,2.808633772224156,2.8379807577831664
26842,pop_2,2.8728702764716245,3.6619327167781615,3.9544241673819296,3.8211313014960737
26843,pop_2,3.017890883408843,3.8523033930742563,3.7791006778148812,2.1753939294037328
26844,pop_2,2.9409868302141975,4.099267578218841,3.79509059808,2.4218958526546026
26845,pop_2,3.4169550405768607,3.645926110485517,3.102901134653181,3.1464815558960275
26846,pop_2,2.7649859296037986,3.852092557680518,3.2148716659269496,3.021275258210445
26847,pop_2,2.7637907620080453,3.96184729194371,2.885903641059144,3.631068773326932
26848,pop_2,2.9962446141866983,4.0088923385217665,3.3061595566148703,2.3498087467918207
26849,pop_2,3.177559617758828,3.598800819912741,3.4031752983430295,3.1211474136676762
26850,pop_2,2.9815696983786406,4.17245415572468,3.3175085287960075,2.6819017380623285
26851,pop_2,2.9546714161767027,3.7663862069878395,3.484731290445578,3.4959107397266025
26852,pop_2,3.2318798395079966,4.037453202156404,3.3855101839205832,2.837783473495268
26853,pop_2,2.977398132658412,3.852317510638579,2.8546558391604298,2.7653165710304903
26854,pop_2,2.375874318803805,4.235624236730629,3.3099909128674234,2.803566380021115
26855,pop_2,3.0931802886611197,3.9499470266435104,3.7332669865573815,3.49495520768625
26856,pop_2,2.961329854702048,4.079869375544426,2.753574524176689,2.9404212782530874
26857,pop_2,3.1674395041297774,4.049476663058804,3.7419730717822075,2.4525244493511487
26858,pop_2,2.471608905734196,3.4287407884085543,2.952090343719474,2.7489576909168725
26859,pop_2,2.899887475303493,3.851933266039715,3.059719083750661,2.9321927301328747
26860,pop_2,2.9555900920449134,4.043327410508854,3.538551697740386,2.340137708024253
26861,pop_2,3.1670637155296286,3.7251671921310563,2.7149273680251182,2.76953168213224
26862,pop_2,2.9190939633236552,3.914124748329999,3.3805197023251266,3.0783235440401744
26863,pop_2,3.079464826570254,3.875646174882801,2.8831520603742535,2.772738081206556
26864,pop_2,2.8980376407500716,4.255485241796094,3.167499160905205,2.991827613357197
26865,pop_2,2.8296070078059348,4.063648123249539,3.08911746654217,3.3952441172438688
26866,pop_2,3.140784547135461,4.350618019729686,2.672074110698328,2.829419933315431
26867,pop_2,2.9759486942134568,4.357810405859556,3.6649870818214314,2.5724143850779044
26868,pop_2,3.2294784084030215,4.462726288463945,3.7848323658848613,2.5229270760220355
26869,pop_2,2.7366101224358457,4.4320335865607845,3.452818463253874,2.7141856120166516
26870,pop_2,3.2114287912877386,3.842871788490382,3.6878434919574365,2.729306588181863
26871,pop_2,2.6840537704916256,3.9298237271003877,3.1038104543449436,2.904416994317476
26872,pop_2,2.560616641836352,3.8788478677437284,3.3149118140826825,2.935463669308956
26873,pop_2,2.9030068040527124,4.062526544314631,3.1343236296552974,2.789111664839901
26874,pop_2,2.6244624176478752,3.7416547969519307,3.353336553286402,2.8624175018209828
26875,pop_2,2.7219231555427057,3.5668746415464914,2.747771791708577,3.4326386994795235
26876,pop_2,3.0297801030365625,4.12193969888739,3.6514100766480238,2.273078528080175
26877,pop_2,2.8587790694311757,4.145298044537585,2.633767330462044,2.9424752963893495
26878,pop_2,2.8440941829413844,3.7661689483378007,3.1719735635560897,2.981292069198501
26879,pop_2,3.1318308343714554,4.3142354870509445,3.7354439455145125,2.579260068683847
26880,pop_2,2.6365636066753018,3.7521150768869505,3.3447998121127505,3.0129937898801633
26881,pop_2,3.0675514725721182,4.318170463211012,3.8905270687840714,3.000153605885719
26882,pop_2,2.9528888821936956,4.012401183099185,3.184783892749324,2.952513325060837
26883,pop_2,3.1415756184837944,4.229794952224039,3.243446685706409,2.4826721985714424
26884,pop_2,2.902410494283026,3.7634046381340194,3.186706417356241,2.984184413680393
26885,pop_2,2.5152955959020558,3.821332829427275,3.3687739115941255,2.8735380082976727
26886,pop_2,3.193266182537161,3.8545452285831234,3.617493188929638,2.6130166437390763
26887,pop_2,3.043171940502943,4.182555593331524,3.399020714622253,2.5565689462427503
26888,pop_2,2.825661491685522,4.111874773755458,3.4779236796664987,2.974921964194338
26889,pop_2,2.7722216568163702,3.9550251103598417,3.445178749200852,2.4581148105809767
26890,pop_2,2.9718087706026823,4.263324758265352,3.8607917503197013,2.968404078109682
26891,pop_2,3.3904110221270574,4.02233515248747,2.943137249923117,2.389555448904476
26892,pop_2,2.859176828868039,4.081892007922209,3.8153403035477123,3.095701917083188
26893,pop_2,2.937133435303922,3.909917841433268,3.2595972684109973,2.508674285067736
26894,pop_2,2.5740856044975104,4.202847097079131,3.2997367055078852,3.196207473322671
26895,pop_2,3.1864188044366326,3.6618191516052323,2.9662311621029125,2.7034624714201008
26896,pop_2,2.9563103172715532,3.966623993353485,3.5371314847555135,2.6341095282290556
26897,pop_2,2.697534043869119,4.181201573571408,4.027778032261241,2.956024582209137
26898,pop_2,2.9270817604862893,3.926392400289242,3.6026239752307356,3.0069229322287847
26899,pop_2,3.357406578889391,4.005482134395911,3.398245285770068,2.905551452521868
26900,pop_2,2.9683403904119796,3.5238286307077886,3.0763765864450296,2.9419745666819836
26901,pop_2,3.1116542282458606,3.9012906949768413,3.182590599116547,2.429780101493293
26902,pop_2,2.770792502901145,4.290997998412155,3.5928033401014194,2.7326239271944206
26903,pop_2,2.8818412068417705,3.8700611187142826,3.3097492239362323,3.1415085966672276
26904,pop_2,2.3913400255365067,3.764358949193453,2.628994038778771,3.3107026944065727
26905,pop_2,2.999703024825196,4.099060979991308,3.630338211217183,2.297711696257952
26906,pop_2,3.2102658352891877,3.7859769912574697,3.867546563683705,2.7606823071789584
26907,pop_2,3.0294210974285116,4.108140349551368,3.5683202564239953,2.504483119834757
26908,pop_2,3.1974100539674115,3.725265447222159,3.546478260923666,2.1641663870784056
26909,pop_2,3.102167761276627,3.9799379935704122,3.453339783219782,3.1710528936211
26910,pop_2,3.1779001261723985,4.282670049868255,3.7704088044160335,2.823949342021755
26911,pop_2,2.7337465741939804,4.145266013798709,3.418643575414696,2.766312568916491
26912,pop_2,3.0186599084516885,3.758497504501027,3.2105538531760507,3.3553198904026824
26913,pop_2,3.0894790015403277,3.8078579722617154,3.4645993840720104,2.6272267538902403
26914,pop_2,2.8893247845394705,4.190912319441475,3.547898927999229,2.593670607283582
26915,pop_2,3.2843337054437356,4.318726333324971,3.583170064605101,3.341633032080606
26916,pop_2,2.983203970773059,3.9321737696891765,3.194385297323094,2.8478658649581208
26917,pop_2,2.862581296020389,4.270785064184893,3.374560218935032,2.712311552614366
26918,pop_2,2.9600764942462043,3.9689813336236357,3.405938526823534,3.0075406109108553
26919,pop_2,2.789607345649825,4.033147634777344,3.123832237643888,2.35330161169198
26920,pop_2,2.8949348330082203,3.88947766529147,3.175056360724599,3.134867798787844
26921,pop_2,3.157909082338452,3.9484687925990913,3.3220622671644913,2.7102022999591706
26922,pop_2,2.9412195041762685,3.9656347019544715,3.142441477225409,2.8729701614860774
26923,pop_2,2.7324147849263625,3.969008965544967,3.654420142386381,2.9257798750625352
26924,pop_2,3.0679579829570445,3.8344389966416332,2.9167792837983466,2.8532557186503134
26925,pop_2,2.898711808137424,3.943351606138933,2.6361845186292303,2.77974392424346
26926,pop_2,2.670953502416534,3.6953183037561637,3.3409250686039487,3.1769907101046018
26927,pop_2,2.7692273760463384,3.8216592170663084,3.6258293908696504,2.7872683381855636
26928,pop_2,3.5382681946215007,4.163581435299558,3.6497829047328727,2.968065776478507
26929,pop_2,3.1011790400299115,3.8745847934629314,3.096750159081815,2.6454240580074893
26930,pop_2,3.187199447726395,4.054330390369186,2.8006201692773223,1.9804272061453698
26931,pop_2,2.6767319639067177,4.356195634383102,3.5649214658573154,2.954248621921937
26932,pop_2,2.8136497995052907,3.810021908762416,3.6830630673016334,2.2748236510031066
26933,pop_2,3.094719315298108,3.8667586127745666,2.899945827159198,2.3371868654616885
26934,pop_2,2.7246548888595483,4.01012976127038,3.0954433238366104,2.894671828072458
26935,pop_2,3.2252168048715566,3.8225518063273456,4.027256649068413,2.5491475708441382
26936,pop_2,2.6504083586699463,4.026212925371451,3.6744887917968465,2.5025013941094008
26937,pop_2,2.955419791790948,4.208656832950355,3.616481930982451,2.6090818138292766
26938,pop_2,2.8930790898193997,4.0203797117048685,3.3225068941340914,2.908341100422071
26939,pop_2,3.7553847809799263,4.049711639110785,3.2813559985233254,2.674269267489288
26940,pop_2,3.093930692432237,3.851469494739582,3.161225910319259,2.9347114089342767
26941,pop_2,3.218242811283564,4.1599743414674615,3.8103205107126543,2.911256263827588
26942,pop_2,3.328041390276157,3.4573770443089424,3.0738159312927777,2.6014511651153445
26943,pop_2,2.787540718825629,4.089331489571033,3.591428007051531,2.9768519830725624
26944,pop_2,2.9193327895570165,4.046866071164303,3.6673508110512625,2.680954279630319
26945,pop_2,2.7365802962810326,3.8258200877103268,3.5386972637838094,3.2662630170636424
26946,pop_2,2.9019396484027404,3.854589040216187,3.1134874909030508,2.9890036762394065
26947,pop_2,2.873887975560404,3.75434115135915,3.2040968395223732,3.035428401700712
26948,pop_2,2.8688848660037003,3.8778816039286808,3.7546082396252767,2.523621017516923
26949,pop_2,2.6002258470652504,4.348415289074962,3.4909619141640897,3.083271431288723
26950,pop_2,2.7417594635470084,4.040893647984418,3.1146048242800313,3.1852578853168305
26951,pop_2,2.9330835686195447,4.2072761417779105,3.980752428863847,2.381571113099641
26952,pop_2,2.821751172039237,3.9375055284485,3.8847341880565547,2.8529146275390618
26953,pop_2,3.1972907666491697,3.6727663861472992,3.506184767965683,2.7768630446771243
26954,pop_2,2.936361219875447,4.145310770513924,3.188258781911845,3.206869684018113
26955,pop_2,2.9277145057673537,4.119496939628327,3.637154936457112,2.801041286412782
26956,pop_2,3.0507818939397797,3.9337928327738805,3.12450594093104,2.6229954469454055
26957,pop_2,2.8914067537367427,3.8076755448961204,3.201838064989696,2.821111973592326
26958,pop_2,3.0200519849590197,3.514524182666224,3.284403921927911,1.8956926027054266
26959,pop_2,2.993448176550303,4.1409614770417225,3.3777702023924703,2.8172752586167267
26960,pop_2,2.7710178409822968,3.7162794134258696,3.1396155173705353,3.095216233763524
26961,pop_2,2.973405143360179,3.891704312641309,2.9642571921447827,2.759908473221653
26962,pop_2,3.2152768708832693,3.6480033653542754,3.298366482571395,2.6165764211006093
26963,pop_2,2.9881416864105685,3.8665212929980046,3.2380200397871293,2.510222928308919
26964,pop_2,3.012567401156709,3.6733847663680588,3.1938714888562294,3.1496526285751423
26965,pop_2,2.6578828082495196,3.9691718392594653,3.1793295822081893,2.7505982953897643
26966,pop_2,2.893603182475696,3.654978572610558,3.3020506852038247,2.8450338971098468
26967,pop_2,2.7257994890192445,4.097286234993489,3.52623058660047,2.0449676849976983
26968,pop_2,2.6995721255182996,4.239576767751022,4.006099586922289,2.752523479512595
26969,pop_2,2.821260373262124,4.007460084584464,4.089843430531292,2.5890209243494047
26970,pop_2,3.0683165029929906,4.107478532331258,3.382835065487114,2.7853439242971123
26971,pop_2,2.8831036653206596,3.418126127042754,4.013701926170207,3.0387516025698114
26972,pop_2,3.1824936999740334,3.7793001301653972,3.762921526603034,2.7945456011848573
26973,pop_2,3.284417134659487,3.5873379212996475,2.9867094998064854,2.5378659632865253
26974,pop_2,2.8788062226408844,4.019650637332912,3.3315026499633875,2.7409894463083124
26975,pop_2,2.782794137864204,4.277615890102851,2.6852476252731057,3.141076440452174
26976,pop_2,2.6290198814988472,4.1837667601048905,3.266024488506725,2.5129341383514756
26977,pop_2,2.8139822235280647,3.996716125343943,3.4101176467662966,3.082050413810468
26978,pop_2,3.298136659689966,4.159201228427897,3.1174559992029947,3.0121936578502027
26979,pop_2,3.041931099386482,4.306456628708175,3.4921893645632425,3.0781091395641016
26980,pop_2,3.0185437333608656,3.8956469518592884,3.41002367293414,3.12167155566491
26981,pop_2,3.1680678068351322,3.686293277785973,3.7561162527245813,3.274301683255623
26982,pop_2,2.9259464904884886,3.7633094830143214,2.776444898461753,3.253673563552614
26983,pop_2,3.0735669328293667,3.874255656789528,3.5396604139768306,2.357959414919269
26984,pop_2,3.019439947517972,3.8941770113863328,3.67928932949671,3.3906622036154888
26985,pop_2,2.747126413962345,3.864145076200206,3.57498216773278,2.873519940641259
26986,pop_2,3.315858336353451,3.714130111120067,2.7653423203703817,2.9244591437511795
26987,pop_2,2.8065788613297986,3.730253868400343,3.3156334629877895,3.0418504963711626
26988,pop_2,3.2650183563169963,3.9995714195512093,3.6906826908712267,3.2107109993760656
26989,pop_2,3.631504277231406,4.008767612239851,3.1783909180982204,2.858376493391932
26990,pop_2,2.691498481696207,3.91182642799343,3.953676426619744,2.7612905929128795
26991,pop_2,2.985719718219293,4.042164443570697,2.807954054401076,3.010373643962196
26992,pop_2,2.676755335530209,4.017441279229997,3.3090834531961293,3.194609643814527
26993,pop_2,2.5460730125361906,4.073888157749192,3.3224387673567133,2.659078150144196
26994,pop_2,2.645873732885871,3.295145014218805,3.054870273595134,3.0174339210455727
26995,pop_2,3.1230723781933483,3.684871920554605,3.0561297505256553,2.5365447009935242
26996,pop_2,2.543191121684543,4.220322945014081,3.2121099615024638,3.093573053477866
26997,pop_2,2.809164219804736,3.727850731153467,3.3326608372414244,2.565719698955813
26998,pop_2,3.0328639936183395,3.820510685379191,2.8864750425738768,3.023984633221436
26999,pop_2,2.9008401556400636,3.888235804923694,3.5021804367334224,3.011168516525703
35000,pop_3,2.9084844804504466,3.227324861253515,7.4889058643324615,3.227632559402489
35001,pop_3,3.2702272500578866,3.116189532532814,7.9209468117831605,3.3142334985063178
35002,pop_3,2.7851102461273993,3.2930302981704562,7.817655541320322,2.7345023024087842
35003,pop_3,3.093073034635072,3.111366212493924,8.001834054598891,2.710228660883012
35004,pop_3,2.983561540896144,3.542193789625733,8.462652140832875,2.5317718841826276
35005,pop_3,2.7591587800808695,3.028817133630918,7.943391566972219,3.45591505756662
35006,pop_3,2.464607766417527,3.2678530048883885,7.625925829705207,3.186078672770585
35007,pop_3,2.446743550082126,3.139082078646996,7.819454532063212,3.678237565887095
35008,pop_3,3.278535711936149,3.0453808613495386,7.622237766473476,3.2676371191308986
35009,pop_3,2.8619364990314065,2.737163890295136,7.764923470427577,4.042417688431228
35010,pop_3,2.7010768361981414,2.7192601018869444,7.570134148383436,3.772730146481356
35011,pop_3,2.982064368567015,2.9241210621994376,7.660509752580724,3.713199853467141
35012,pop_3,3.028820862620268,3.1245678977979234,7.788971994975162,3.2961461676754094
35013,pop_3,2.890554265591804,2.814304725856654,7.725309854641235,3.3595414972282907
35014,pop_3,2.4320393443401236,2.828911606949342,7.563540418710297,3.8108451252769764
35015,pop_3,3.1707183727563444,3.2232944053200843,8.276268610821443,3.217155267135396
35016,pop_3,3.1368842803777515,3.475190534969025,7.9102811931111345,2.9837162793313876
35017,pop_3,2.7256558976570426,2.6347647771092677,7.640528958660682,3.993644617189599
35018,pop_3,2.9539685657972847,2.9947544265891555,7.942935856339502,3.3119782626989864
35019,pop_3,2.385794114705794,2.7533615364136415,7.24146506532381,3.959529885196025
35020,pop_3,2.9047031298132864,3.29074149161494,7.768129998393247,3.554636048660212
35021,pop_3,2.8652504410008985,2.5998052627491792,7.458327604485174,3.6840741528965895
35022,pop_3,3.037218123880608,3.2983277144967014,7.823962621151644,3.4107313291086347
35023,pop_3,3.043377758844691,3.120968249980342,7.8168549269122005,3.05364347647045
35024,pop_3,2.624365068588781,3.0626489035310898,7.900869924944506,3.2825473435425576
35025,pop_3,2.5304000307930776,3.0137491648167907,7.65047596661066,3.6674491689168525
35026,pop_3,3.0550241310309914,2.928130464140588,7.716428941104306,3.24922901078821
35027,pop_3,2.6767235629110977,2.8063765735265274,7.535093370488967,3.4601719137414064
35028,pop_3,2.9011740480169013,3.0677998831516486,8.044077891894434,3.163124991434145
35029,pop_3,2.6210046176538477,3.3323362579983584,7.636305598082414,3.4641867582474313
35030,pop_3,3.015483836407741,3.158869656597865,7.856274483899438,3.419184560061123
35031,pop_3,2.587438332268887,3.264962664879513,7.954244655894966,3.328444423252782
35032,pop_3,2.7909929941549483,3.136209697568179,7.977658304636063,3.1737931964920962
35033,pop_3,3.2109619106867555,3.057995679971589,7.578474833528855,3.033222941220183
35034,pop_3,3.008112242292552,2.675723719087166,7.452325769994743,3.648003776060694
35035,pop_3,3.0097914674731365,2.8605989756565373,7.871865603481444,2.8424461399886027
35036,pop_3,2.927750207650984,2.997525661550088,8.10335458764128,2.611969093238905
35037,pop_3,3.093869608535526,2.801834489974254,7.752356281608452,3.28969746447934
35038,pop_3,2.730000056072392,3.13632800327864,7.810600121142877,3.3430294923160537
35039,pop_3,3.0849072193909484,3.010048866571086,7.670567828632716,2.9072702683602167
35040,pop_3,3.0015810188816925,3.310952014018317,7.595376022013951,3.3500973561554725
35041,pop_3,2.8826443439586797,3.127977504733329,7.504810772251197,3.1749317552903626
35042,pop_3,2.896659598094628,2.8122240336523943,7.651891289761626,3.237858378526893
35043,pop_3,2.697045010286019,3.095376990941456,7.678783732244484,3.159136174801769
35044,pop_3,2.7032217502153832,3.0934380435829736,8.365008715844592,3.58071149702547
35045,pop_3,2.914638782799839,2.883684584411159,8.080238020345524,3.176610270687362
35046,pop_3,2.9431537069075246,2.822571586814714,7.545651549521459,3.8346933455285717
35047,pop_3,2.7056854635736083,3.0452399878963647,8.006373263265203,3.529254496511672
35048,pop_3,2.67234257645674,2.987044909965819,7.923016939481892,3.2871396421239765
35049,pop_3,2.362832127172715,3.126926493025342,7.965274651567973,3.518192040526436
35050,pop_3,3.0306855432459696,3.368187358173775,7.696963534056399,2.9625731188104636
35051,pop_3,2.8773466901328613,3.154621710425184,7.8147839254462355,3.819805282246944
35052,pop_3,2.7674727012805773,3.0563137081789646,8.012441541977337,3.566884017288579
35053,pop_3,3.1661191379752607,2.576690632174629,7.745835259656386,3.689154997809498
35054,pop_3,2.982174499163322,3.1084069147587052,8.009055977853734,3.000991512479875
35055,pop_3,2.9981781333280755,3.024773751344249,7.991404769202505,3.262338704530855
35056,pop_3,2.781552236088319,3.341945350324652,7.693133142960868,3.31824559977678
35057,pop_3,2.95766221642892,2.6115554371061913,7.8099357996621475,3.530715326911598
35058,pop_3,3.0858551082796684,2.60727460918078,7.898832818609373,3.4596395587803546
35059,pop_3,2.5520921707200817,3.1293519165270243,8.054337158931704,3.4652130991028987
35060,pop_3,2.7570890923767206,2.4858530430975105,7.858545569491991,3.6096745885331067
35061,pop_3,2.5611563201235974,3.195404790259962,7.680692844012646,3.376002627381239
35062,pop_3,2.989497648813595,2.46642691889192,7.67808336875934,4.111356400057964
35063,pop_3,2.814404408005405,3.0840442063562823,7.705860483627987,3.410919001069522
35064,pop_3,2.932810663017126,3.166508856218036,8.039115071865922,2.9784607261986737
35065,pop_3,3.1254760431988635,2.817073052702393,7.582227247860711,3.1363473404901527
35066,pop_3,2.7193916955203514,2.8617916728537853,7.646424407901156,3.3797884601126467
35067,pop_3,3.0848644711148046,3.2451614026920144,8.09288252200973,2.83922664415876
35068,pop_3,3.072466788196379,3.1520126043980756,8.095597807498386,3.1908642172816535
35069,pop_3,3.074021510153965,3.425090892543728,7.840382160429996,3.3073759816373376
35070,pop_3,3.2468087698656363,2.926278220315653,8.061290175231209,3.7716398589800995
35071,pop_3,2.9421945894624693,2.8561487862002966,8.142635156336238,3.0853027666523096
35072,pop_3,2.813180068132563,2.974512196318194,7.8519627930874325,3.168802427000259
35073,pop_3,2.852016689681711,3.017381477669812,7.871276946065093,3.0031954531721565
35074,pop_3,2.7864587309783126,3.122337004006768,7.655031259019089,3.417580543159793
35075,pop_3,3.146978191240667,2.8970418268514444,8.014322335042348,3.5613257845393695
35076,pop_3,3.032409281125473,2.9604068924591775,7.9419520929148115,2.9284394017381437
35077,pop_3,3.0103968849829266,3.2375614892414197,7.6881405950515225,3.1493259009612418
35078,pop_3,2.7443433988908406,2.94138155568107,7.980741744613824,3.8295477918920504
35079,pop_3,2.7602571650450423,2.779748943096811,7.527789661467844,3.745416719044985
35080,pop_3,2.667862275013694,3.156398761033432,7.5426034246239935,3.459772853649831
35081,pop_3,3.0040218824237845,3.204395400381694,8.209436779989831,3.130883154413247
35082,pop_3,2.9738133724915747,3.167546537817846,7.774112052305999,3.354324236175191
35083,pop_3,2.7599632558758835,2.792755298799604,7.594634988463499,3.2275181915467477
35084,pop_3,3.1630280926581866,2.99585994364944,8.026044150374949,3.0468882046546413
35085,pop_3,2.653986587679866,3.026084529078218,7.855001917764279,3.42006504999301
35086,pop_3,2.928190101230543,2.8035877534157545,8.128780736939266,3.2267104432022187
35087,pop_3,2.3031232797353116,2.581706165937516,7.589629136274972,3.5352442569755365
35088,pop_3,3.06906201282605,2.9162150043176687,7.5177510255666204,3.5602872512324737
35089,pop_3,3.074408148277712,3.173298545235176,8.040973427811355,2.613407048986792
35090,pop_3,2.6653659317970098,2.791029508973909,7.602324780897737,3.3731342607846306
35091,pop_3,2.8974388765091446,3.3239322096110655,8.094206060713312,3.3499546044805992
35092,pop_3,3.079592760115861,3.042080627976064,7.629803985505942,3.3429916541629856
35093,pop_3,2.8406728123396134,3.520803360986167,8.007511754215914,3.031048187319295
35094,pop_3,2.411204022377207,3.152202004044217,7.836733455125882,3.5568223305963786
35095,pop_3,3.0121385604857975,3.015347191525331,8.196004155597949,3.2423758894893515
35096,pop_3,2.85727787630279,3.223136896110393,7.936789158373008,3.1957295905231624
35097,pop_3,3.008542104915626,3.332443442864948,8.061225288276686,2.851806899366206
35098,pop_3,3.1022509817587585,2.7129990435592535,7.588096296960953,2.806977466997752
35099,pop_3,2.6389576606946403,3.108821730116116,7.750274513650742,3.274513507218976
35100,pop_3,3.340856405675205,3.110137673938322,8.306126345982214,3.0231400209878063
35101,pop_3,3.0013445037410045,3.2001722051131187,8.262623514703295,3.1560611649651213
35102,pop_3,3.0765793773006873,3.1071846091352313,7.95073255990512,3.5946303664518977
35103,pop_3,2.7269667731024008,2.94798183452238,7.6408058606566644,3.316825771900544
35104,pop_3,2.3872053807281333,2.6223272245135387,7.653376879022072,3.5034353679148227
35105,pop_3,2.9278048019588394,2.838190886287224,7.4289978136236945,3.3430104943534693
35106,pop_3,3.007413301577603,2.563463153471843,7.601477610368754,3.4345025577308594
35107,pop_3,3.3402368861287792,3.0339889674366827,7.924621128576362,3.5111622811227607
35108,pop_3,3.2261135504041083,2.707797682054364,7.5761053721659195,2.9366309282675496
35109,pop_3,2.932122730909306,2.9230057115305508,8.134642991725444,3.4293956947869253
35110,pop_3,2.866611824678362,2.800800945011226,8.171341499916327,3.5076838072462744
35111,pop_3,2.984862893559256,3.042355821905481,7.807009989943407,3.5686951138103784
35112,pop_3,3.1129142758532358,2.7045888378589806,7.7223389491166055,3.450750268197562
35113,pop_3,2.655098976132472,2.9634455544883367,7.820113729131067,3.5104034550673013
35114,pop_3,2.8906478807854925,3.0987798717998873,8.180451327625256,3.2148437516854425
35115,pop_3,2.9110010943151265,3.0438224576580506,7.824971601370174,3.333373785830253
35116,pop_3,2.71587765637605,2.598013532260186,7.765413086895112,3.754971695718879
35117,pop_3,2.672877244232573,3.042843539420984,7.990164898184697,3.016767625455287
35118,pop_3,2.730598436993629,2.9258302783765524,8.09194638219832,3.447946711576841
35119,pop_3,2.924188438154196,3.3422899308470813,8.067889567772033,3.115682785509734
35120,pop_3,2.9349566166685284,3.284571054704327,7.619917437932785,2.79999549459799
35121,pop_3,2.909716889801609,3.02402025417046,7.773670646848482,3.6050610572753605
35122,pop_3,3.005222054634207,3.466731374193248,7.860168545387712,3.189947859907257
35123,pop_3,2.7361344277110127,3.111780181371563,7.598518991292817,3.459881917196266
35124,pop_3,3.1811421731320078,2.8724067900794386,7.64646119069262,3.2515145404530337
35125,pop_3,2.7323695079342762,2.7018746935929565,7.64492305063761,2.944078414015542
35126,pop_3,2.6870356293980864,2.8430834608101083,7.663159734881665,3.392600505752386
35127,pop_3,3.086753555916388,2.8161652498114265,7.5505632233768125,3.550322767368494
35128,pop_3,2.990934335867867,2.942594028965398,7.6732708958055795,3.3715274500614223
35129,pop_3,2.835564073302927,2.823052731285907,8.18421342176002,3.1139616015729703
35130,pop_3,2.9431852041858946,2.972314788311615,7.7286747045230415,3.6867884530169253
35131,pop_3,2.869281573489609,3.115186110462421,7.637068791559119,3.5137733240624374
35132,pop_3,3.1074506672207893,3.1004062601103644,7.95618926720633,3.319846980020412
35133,pop_3,3.1977627139814415,3.1267939269556164,8.079578248517713,2.9806461099879504
35134,pop_3,2.8576017923587527,2.760217350987497,7.430251421051759,3.6616236209944124
35135,pop_3,2.5889089995578107,2.8499391895969173,7.796007539858221,3.327279237465231
35136,pop_3,2.5921262521109747,2.796560831699919,7.707908790975551,3.700149677081157
35137,pop_3,2.8174427409194442,3.188662921595994,7.584971135588718,3.1534075400039634
35138,pop_3,2.9505968210284195,2.918500602056145,7.951947417245476,3.6233249683858375
35139,pop_3,2.999484014053869,3.1827447677798903,7.763210855590664,2.8658398780334124
35140,pop_3,2.9702241627086465,3.0211470861078418,7.962945609133089,3.137244597469111
35141,pop_3,2.737711649538231,3.2064137690445453,7.649667190933897,3.1412022421076564
35142,pop_3,2.945555311532543,3.348299920483786,7.530798855988031,2.6839911633601945
35143,pop_3,3.2367353505388503,2.919709638451093,7.951508301478738,3.5186598552080155
35144,pop_3,2.7513276788376317,3.340232529439798,7.850516795642223,3.197395733276887
35145,pop_3,2.5216145520646993,3.0184230903802933,7.62646190709834,3.4654982560567555
35146,pop_3,3.2614431369872054,3.2107686224502627,7.735091422969369,2.94570044286965
35147,pop_3,2.809050721495663,2.9058573824194385,7.966764214917056,3.4865606851029645
35148,pop_3,2.927939517486458,2.9975586658562117,7.816618026138045,3.273264360999644
35149,pop_3,3.267362433479832,2.5713892676941876,8.098740481357485,3.431889449787888
35150,pop_3,3.2415229652527557,2.7808086797138047,7.782872459149657,3.2514729953085943
35151,pop_3,2.6217499895406173,3.00858896772589,7.860755269120511,3.5973087420809406
35152,pop_3,2.67075334747026,2.943313610667657,7.593622236438921,4.125934201492279
35153,pop_3,2.79935869977226,3.047376335150167,7.863852652017736,3.2046416105035624
35154,pop_3,2.6602765660343866,2.75421404853982,8.22433431636979,2.816941123855988
35155,pop_3,2.8578776821462557,3.0184106271826745,8.102039596346836,3.1967898210345465
35156,pop_3,2.4696973581601367,2.776344379471735,7.919870016443337,3.3019252018263114
35157,pop_3,2.806655223429403,3.13475603202224,7.794555956171997,3.219443367727321
35158,pop_3,3.1820652687122433,3.245267434849532,8.099350489187117,3.1428559047273223
35159,pop_3,2.8231572382032923,2.9869132374704748,8.104159719703373,3.380549896313954
35160,pop_3,2.8547147791905605,3.0607095167576115,7.59169510041474,3.9411331400418046
35161,pop_3,2.877783291652456,3.052168792382971,8.085879329058987,3.169458402694159
35162,pop_3,2.798812573855381,3.092011550829613,8.066928391848533,2.9139826274331204
35163,pop_3,2.899813040636777,2.5200782985899606,7.484205703695235,3.524667008828236
35164,pop_3,2.5321123003255632,3.2224845820664916,8.022121200156587,3.367260854888609
35165,pop_3,2.4481408725109137,2.7397216187748406,7.450898534747335,3.5883734183125107
35166,pop_3,3.051454946673915,2.864438358638168,7.30742288293227,3.1980114136624866
35167,pop_3,2.774286910032556,2.5946438934261087,7.682151717264682,3.4769651219360513
35168,pop_3,2.527009205934935,2.572157744323134,7.608928773702542,3.456458486332993
35169,pop_3,2.7720737353188145,2.7223770975054182,7.7762938462107885,3.6323027994012227
35170,pop_3,2.803079779301516,3.219378960019357,8.065775986735748,3.382822964611595
35171,pop_3,2.533103067210587,3.0418088224427975,7.699475136989928,3.5401011750608045
35172,pop_3,2.8369352895315005,2.9072331893175227,7.364271145265505,3.7471906078644808
35173,pop_3,3.287156190074007,2.5034572536980915,8.110240202236742,3.519056198206671
35174,pop_3,3.1292438899867667,2.83149337416394,7.9186967674567486,3.5415194579381253
35175,pop_3,2.8046728740444093,2.6147575313841,7.777362963043416,3.79822231181519
35176,pop_3,2.9242938917366152,3.025055078993996,8.302589978415641,3.280914407069143
35177,pop_3,2.513950782941396,2.9656317837486794,7.549290349940887,3.499844990838974
35178,pop_3,3.2368569946214505,3.28475187828758,7.697371080102337,3.368166295101211
35179,pop_3,2.7369172634001764,2.916398003376232,7.590401642302052,3.2198036160499433
35180,pop_3,2.985735177455125,3.105994171606879,7.904761321034156,3.251721325633676
35181,pop_3,2.586256830286041,2.8021917092447817,7.4433701834114006,3.797117328781838
35182,pop_3,2.9242087621780573,2.969627462999416,7.685994222973264,3.410762856822782
35183,pop_3,3.022331895805512,2.8688050591555827,7.348744210683119,3.2571346290808894
35184,pop_3,2.9572864246827066,2.9444999928352193,7.860761486054705,3.3058344735252527
35185,pop_3,3.031177559857499,3.4166969714414233,7.8170364936258965,3.4023604935412535
35186,pop_3,2.7800166122728887,2.7216380704328387,8.025097194968549,3.6800934491042945
35187,pop_3,2.7987415080002256,3.1692207507248904,7.857068284285236,3.2578354669545715
35188,pop_3,2.2399705057899375,3.1855118989968396,8.065529970030424,3.345702048786651
35189,pop_3,2.9039292249928206,2.933116446105542,7.634459563837381,3.267780824718105
35190,pop_3,3.5131278822023027,3.3351986378202167,7.728985609212639,2.9309754413735227
35191,pop_3,2.6412490076655057,2.9817637545850726,7.650546138204174,3.633369184331936
35192,pop_3,2.579392817759321,2.9393876963434282,7.586267225822941,3.4859316311097217
35193,pop_3,2.991415215298441,2.8457687091474906,8.018043432519606,2.8179250774213433
35194,pop_3,2.8893599883731396,3.4200739504088364,7.812831413158194,3.1023184068820604
35195,pop_3,2.4257105821220044,2.6559890120122276,7.835126840249815,3.7992912477379255
35196,pop_3,2.828746227480638,2.936143016857787,8.087442523804057,3.0351599728786827
35197,pop_3,2.7130393769199475,3.055258637824545,7.957931163264967,3.49270341525572
35198,pop_3,2.80188573271805,2.5837076602420064,7.600535479028794,3.8058274917324906
35199,pop_3,2.933384302415781,3.3756732098142908,8.202240496742547,3.2619302347476196
35200,pop_3,2.798061594573233,3.2122963486014005,8.126204864410184,3.7587154180168185
35201,pop_3,2.870036163859699,2.9468912616151464,7.4751992728800465,3.71590384526289
35202,pop_3,3.0038262988601017,3.448131272428432,7.710572930203067,3.269649358484962
35203,pop_3,2.8618563024726336,2.6316389123486954,7.803923509250141,3.7601598739004554
35204,pop_3,2.7898952039325398,3.0737194545702162,8.204121826798449,3.010512320655653
35205,pop_3,3.0680952796946026,3.0383482392813863,8.260515097050323,3.1265957971065905
35206,pop_3,2.879137939742865,3.027999592422865,7.528816000088265,3.046105695865838
35207,pop_3,2.8654997674295193,3.0320431436280173,8.231973559799886,3.299179681764302
35208,pop_3,2.5844637258671277,3.003784144288379,7.914384514277435,3.4978157931232885
35209,pop_3,2.8351689704754848,2.956135345828068,7.714445907600906,2.9328512442658607
35210,pop_3,3.1056434663550747,3.3217176922862017,8.345476012060914,3.0121630520129274
35211,pop_3,3.095170980329418,2.934022957477126,7.853519663408276,3.260679695034371
35212,pop_3,2.8517214074139696,3.150838529858505,8.16514249342076,3.169730079813762
35213,pop_3,2.987550196828889,3.060036943254959,7.672804850710597,3.4220540893034537
35214,pop_3,3.0811035177962696,2.886110197739528,7.370361898289577,3.5420555574368033
35215,pop_3,3.093584817971336,3.3008758405284473,7.523328518506096,3.1221048665924176
35216,pop_3,2.8809440942247324,2.9323213723134445,7.653245499155336,3.5656286787542153
35217,pop_3,2.7164664241269287,3.030687543720502,8.223323425781016,3.1836126690588227
35218,pop_3,2.986030932757737,2.5384588452860775,7.954309251047079,3.2851351819969716
35219,pop_3,3.097753561813023,3.068191678525014,8.25416892505199,3.7584870211347723
35220,pop_3,2.7429201231556437,3.08669675582891,7.608030040093787,3.3868629343839722
35221,pop_3,2.9428100929686827,2.830614256910559,7.93982396025451,3.1457121351576673
35222,pop_3,3.0995201422434646,2.75701897997458,8.225639605406199,3.5992272137790002
35223,pop_3,3.04790865977865,2.7311999718956006,7.918931039006061,3.8739365804972157
35224,pop_3,2.7378833080209115,2.6448570174722867,7.335409344005958,3.6049260515954384
35225,pop_3,2.5979861176979413,3.234498826913839,8.227496820668781,3.0171446304979552
35226,pop_3,3.3638773948351948,3.201287906951339,7.970848093813762,3.1919221979422265
35227,pop_3,2.7419889196422624,2.9334288449299892,8.11284129498647,3.382804103701994
35228,pop_3,2.9603041581137517,2.9073143931174608,7.740313861918432,3.3021802822832482
35229,pop_3,2.8946931603978197,3.2940413281148393,7.917029302755122,2.8021541192371195
35230,pop_3,2.917707143677358,2.9152871956796864,7.380490332895313,3.13534614363058
35231,pop_3,3.0889464844168724,3.1413915869853333,7.895634122350461,3.3784048418640373
35232,pop_3,2.822911370571699,2.9036772585087745,7.7485623699773996,3.055539970074166
35233,pop_3,3.0015775284807087,3.1738692170507763,8.249946416279746,2.7287816153506483
35234,pop_3,2.9885034372239168,3.17917163435467,7.818206225137294,3.283539926056586
35235,pop_3,2.744984625481015,2.7421236855232807,7.5954899034557215,3.6938576851164857
35236,pop_3,2.6864303916708288,2.9996645265408386,7.599257513516783,3.029531726887461
35237,pop_3,2.8869248489695827,3.106198972826794,7.746376055155379,3.357581796384121
35238,pop_3,2.8221532617920846,2.933927406795367,7.894019789770271,3.2517061876459006
35239,pop_3,2.8904023615351253,3.0845468225398682,7.802354509548145,2.908414188368165
35240,pop_3,3.177479818455527,3.1409631054641944,8.055060009457094,3.250484294189103
35241,pop_3,3.253649752289448,2.962169991410716,7.9560077524623685,3.2828651384240914
35242,pop_3,3.1056155999796546,3.263170526590925,8.13748950762355,3.1370682800853884
35243,pop_3,2.6894300101536794,2.935954691804033,7.7226278031932285,3.4576887989034155
35244,pop_3,3.1666579427234276,3.1912188381264057,7.486297812466269,3.350921712698919
35245,pop_3,2.794871334840366,3.3405742370031355,8.43317523010053,2.716243811591795
35246,pop_3,2.6778367132612084,2.8365165172383966,7.967755686695084,3.1654349673272675
35247,pop_3,2.680264641398369,3.0333416779396996,7.582390237381192,3.477918640195692
35248,pop_3,2.924393147529818,3.4439275838595504,7.984188298447979,4.00148254561358
35249,pop_3,2.5946271065956257,3.0430366966625133,7.810331491533607,3.776292592594864
35250,pop_3,3.2648523761553934,2.7001509260212906,7.815984242859685,3.520810811312087
35251,pop_3,3.0130286537304896,2.5360036964552974,7.853166064700075,3.503285534841541
35252,pop_3,2.91826569661289,3.4551773558572743,8.322515086597827,2.894829490353008
35253,pop_3,2.6879567971547447,2.7825747430943437,7.581161521585541,3.212583372346958
35254,pop_3,2.8293950967225907,3.0162290455569423,7.708539019877098,3.306960610908778
35255,pop_3,2.96166362556786,2.6707960631644765,7.894954703866111,3.5570497087154345
35256,pop_3,2.8916936168496514,3.0949318258109453,7.759379189310528,3.7136534244301322
35257,pop_3,3.295864165213332,3.171154950996057,7.957970304380653,3.2263800892083276
35258,pop_3,3.018840507011466,3.3551200210934877,7.677236120481946,3.101450338687786
35259,pop_3,3.2376313088542865,2.865690313580728,7.883410733526664,3.1443223819548702
35260,pop_3,3.0584183579102966,3.43692592825179,8.335747626974882,2.4588918666987443
35261,pop_3,2.8248607979182467,3.0178897061046728,7.895704660524257,3.390506470816724
35262,pop_3,2.804695430127398,3.3133148591545307,7.885949798631208,3.0894131048627735
35263,pop_3,3.1397820262381897,3.502484538880169,7.672997197838868,3.2963341575710503
35264,pop_3,3.148586011804663,2.7920382632234695,8.012783667046422,3.369324010361408
35265,pop_3,3.316439332491942,3.1820944058947287,7.782419317803583,3.1042573442376957
35266,pop_3,2.671155559391481,2.8289460688870838,7.821364307923849,3.890405051555154
35267,pop_3,2.8963315733703903,3.117512415905933,8.017676038043689,3.655335370379296
35268,pop_3,3.0515338297332164,2.977358168058784,8.00075309537714,3.3677860296895026
35269,pop_3,2.922903010395246,2.767678408064688,7.689004720037165,3.6839211314055094
35270,pop_3,3.0789003930347714,2.951648644225222,7.904346042008064,3.095781191225648
35271,pop_3,3.252300577125937,3.2361917094225876,7.788878210970926,3.0767084554379465
35272,pop_3,2.819432073663016,2.774893698419881,7.9903813322465185,3.0422815265099916
35273,pop_3,2.965624472947276,2.8534014999040402,8.304446709734401,3.547239821279577
35274,pop_3,2.88176488360699,3.010138238571525,7.830866994759388,3.0516275707605063
35275,pop_3,2.7002687902460365,3.3001994011798783,7.9593685921963395,3.477828309497915
35276,pop_3,2.8946600722626035,2.665557615955623,7.892908065747866,2.7775288788898287
35277,pop_3,2.7538044018550307,3.216102922903568,7.760324116101128,3.0534400540537807
35278,pop_3,2.919098998493445,2.722604899525076,7.705930961751227,3.8830791748784934
35279,pop_3,3.115243498226085,2.875464368231601,8.059741563411881,3.1490086774314148
35280,pop_3,2.9435830595978296,3.0332069321881625,7.394930515032426,3.6231570385416214
35281,pop_3,2.9312359780472796,2.659154098567936,8.170071231799206,3.1590667657947744
35282,pop_3,2.84654816756795,2.3353931854626864,8.122751913187942,3.52065223786873
35283,pop_3,2.8357740458367284,2.722341563658564,7.799491090810949,3.823409183009405
35284,pop_3,2.9594160383517947,2.897369545760843,7.73394338259866,2.9286631971606942
35285,pop_3,2.4049685838081727,3.0574416353237024,7.462651433044691,3.781805124761295
35286,pop_3,2.8423889588864166,2.9233580009715814,7.890441510130286,3.5069639451085948
35287,pop_3,2.9283154906318773,3.091525843014498,7.823600062471528,3.248071297541938
35288,pop_3,2.9990153234525945,3.004311891277919,8.034937030641894,3.3093193752988803
35289,pop_3,2.823474418577621,3.0816368619454546,7.990994231102334,3.1504350128190532
35290,pop_3,2.539737701266343,3.1863631678201507,7.600374604899278,3.1360390274994416
35291,pop_3,3.087243934388509,3.3013934227962265,7.886792557009236,3.222511488548518
35292,pop_3,2.883723160021772,3.2502620758323575,7.8451243706798,3.2256327442128705
35293,pop_3,2.8311525091553555,3.124847606952204,7.976416050964916,3.563531166569829
35294,pop_3,2.695563474891931,3.105294091566043,8.267239097974016,2.879129787803417
35295,pop_3,3.0909689788932893,2.926208921099807,7.9903793566708865,3.113231007802119
35296,pop_3,2.7993592349811376,3.3707505883734292,7.703686894447974,3.632413920481641
35297,pop_3,3.232336455893801,3.067501303519406,7.72825760095216,3.2988562278858184
35298,pop_3,2.5372677095058505,2.927857421104998,8.017928569513593,3.5212108702380083
35299,pop_3,2.7759777299590565,2.950112849633138,7.932488026917632,3.7413235719087643
35300,pop_3,2.905480482194604,3.3615609593477878,8.152799549521868,3.5995064169443887
35301,pop_3,2.9832650419965088,2.9612526870335683,7.70407435953814,3.279588927560032
35302,pop_3,2.768812080290763,3.0794687919526575,8.1364534484855,3.3830374376666716
35303,pop_3,2.779524355720808,2.972601547710159,7.978214318140215,3.6029022881226815
35304,pop_3,2.537743876422529,3.0606261039843505,7.643999586329324,3.7838622562867923
35305,pop_3,2.937011275420599,3.048256601472006,7.860270266498024,3.5809495877229187
35306,pop_3,2.797299862440333,2.985284723467883,7.662561385828052,3.1645516860159986
35307,pop_3,2.734194592872995,2.9213899586942556,7.885831179815382,3.1185161008399165
35308,pop_3,2.8988523493541454,3.0383669916330778,8.09169092045936,3.5965652227497387
35309,pop_3,3.1436659388784887,2.898741163231081,7.839998259636701,3.75637268352836
35310,pop_3,2.7248699043853195,2.790309200656715,8.219342409632574,3.4756079515324756
35311,pop_3,3.0821966872312143,2.9383245710670765,7.865971124136894,3.561874602887747
35312,pop_3,2.9633730933004734,2.849606304792788,7.642706821602093,3.0380495027673367
35313,pop_3,2.8894761567098683,3.177453883024757,7.997700019651056,3.5083453071868598
35314,pop_3,2.667451260587015,2.822217585771249,7.668381250302489,3.6520185884272514
35315,pop_3,2.62791659858378,3.162413145310833,7.885561094114433,2.9961546286313667
35316,pop_3,2.9021108305548453,2.8022612275310346,7.749773027020143,3.6196961482976224
35317,pop_3,3.233108173148414,3.2335083878618587,8.170592329978652,3.079722637396905
35318,pop_3,2.539418724574083,3.112795282570451,8.055862942969407,3.147761951877611
35319,pop_3,2.943199216621726,3.1484872820958,7.9726725233821085,3.586555960399745
35320,pop_3,2.862284522741393,3.062595065917625,7.940961117021781,3.1309597448688358
35321,pop_3,3.2761812701891615,3.353526010927207,8.145032260157047,3.056561864673996
35322,pop_3,2.8259386536271958,2.892516626270433,7.791595602690304,3.1364662830480636
35323,pop_3,2.6475698321722536,3.3786621701664257,7.857927572682528,3.4318824229966935
35324,pop_3,2.7028319799872005,2.545011517513419,7.589493168611772,3.2122287422953093
35325,pop_3,3.144497532649117,3.048342080590466,7.755718825291417,3.1571661171929195
35326,pop_3,3.1614892765710296,3.2033022463214507,7.980004168420357,3.391220597906932
35327,pop_3,2.996834211549545,3.416024601643365,8.180248545375898,3.063551213188535
35328,pop_3,2.8197416016096133,2.977705949757386,8.004330142872035,3.0806282777541556
35329,pop_3,3.2838267762121265,2.8546868169467867,7.925156840505467,3.6320463583402502
35330,pop_3,2.9218881207582554,3.421432219316772,8.009275038521718,2.754559479705415
35331,pop_3,3.0243113131421504,3.3467874963084387,7.733036787401586,2.9467991504947832
35332,pop_3,2.5291279535969786,3.2819383619472715,7.866881196366369,2.938615008029222
35333,pop_3,2.6651728361364784,2.7837521995927306,7.7369821329814545,3.574512973414695
35334,pop_3,2.599170735716894,3.092065578479583,8.01349645453233,3.5861180844509195
35335,pop_3,3.0183607608266936,2.965377249559879,7.352943630901498,3.276283730154665
35336,pop_3,2.4309533709879503,2.754025590930716,7.795565644498343,3.5600295933416937
35337,pop_3,2.6899669395138393,3.156869211003697,7.5560416543614455,3.105380636025746
35338,pop_3,2.958273321833184,3.2675320977540654,8.141880886428034,3.356088815498649
35339,pop_3,2.705359664864382,3.0657477000737035,8.047750197632716,3.3817530985276587
35340,pop_3,2.9110868051892567,2.951652362828816,7.9849224826443175,3.0749716567979153
35341,pop_3,2.8201516804139466,3.01960912692427,7.811110459210617,3.219343456019899
35342,pop_3,3.066002013410959,3.0825792080825947,7.708592992831536,3.5707753817634744
35343,pop_3,2.6535163999696207,3.089230523059292,8.069913618461324,3.1293725936057157
35344,pop_3,2.8883865323407956,2.8758387151737557,8.027267346218126,3.6741382358764714
35345,pop_3,3.0466269657710368,3.051114013866401,7.532042489768971,2.752954148913722
35346,pop_3,2.7404623386764704,3.247057628055397,8.084296209452534,3.110925441997132
35347,pop_3,2.9575356558670864,2.7672597145275635,7.861863458112376,3.612456030708058
35348,pop_3,2.9308664333879086,3.0039354910343894,7.690895721827968,3.7793685524886573
35349,pop_3,2.5768977594106808,2.6350102154127715,7.495576295079171,3.33363541467533
35350,pop_3,3.0331750481526454,2.7823456507719837,7.539859958265662,3.325334923653017
35351,pop_3,2.9641263059938012,3.2627571367225316,7.804403116171045,3.331609329257173
35352,pop_3,3.0508326804389436,2.827184073419268,7.70185450152566,3.3480844693689757
35353,pop_3,2.617950389972745,2.957417622047797,7.516770405771742,3.1876133309665184
35354,pop_3,2.5975199847181623,3.2439086557962122,7.791072551776144,3.273050681858075
35355,pop_3,3.08134010589758,3.0603472095635946,7.874010208419333,3.7180391669195494
35356,pop_3,2.9907633085745347,3.130331309613393,7.938732827950816,3.107485730252561
35357,pop_3,2.889770778247457,2.8825688422944746,7.328299191503851,3.514876383591758
35358,pop_3,2.9016666985444264,3.039407046142145,7.805635916938491,3.2895947196811646
35359,pop_3,3.051792866589612,3.4211202430058845,8.184309469143669,3.2141130499649275
35360,pop_3,3.2181812774982332,2.8892392052404494,7.192509607160732,3.748646697263023
35361,pop_3,2.5439173645495297,3.100234411024255,7.389066725299498,3.6911004108169956
35362,pop_3,3.1771025030826,2.6219867763940914,7.848259405857875,3.278705900224519
35363,pop_3,3.2372900171258854,3.2989630712663995,8.107145077530625,3.496405899220664
35364,pop_3,2.8096143617036655,3.4139051341665767,8.411010533030357,3.089162530881788
35365,pop_3,2.97418730055394,3.149804992686837,7.859260581398937,3.346505413584148
35366,pop_3,3.229744459520454,2.620145326348125,7.340220283227159,3.9506040488159755
35367,pop_3,3.040263571571704,3.1847263687859244,8.045396771673254,3.315592811520184
35368,pop_3,2.8221496754625046,3.0112007906541147,7.653375226068138,3.4696979123279
35369,pop_3,3.2030252621138278,3.409519504286931,8.18808203915347,2.838454224555514
35370,pop_3,2.901879945729508,2.973964432971607,8.099697934840853,3.1838601318493938
35371,pop_3,2.9364047703049554,3.174290875065253,8.043449930880639,3.203943922484692
35372,pop_3,3.031261243526909,3.1080088095249705,8.015594721286007,3.3648629808866177
35373,pop_3,3.0711759159476624,2.870600445692219,8.183355171138926,3.7447793932015254
35374,pop_3,2.774188969652527,2.98595875323158,7.862924614203143,3.421562445824758
35375,pop_3,2.9343187121604983,3.2977302009260554,8.43528106743709,3.3204841457648047
35376,pop_3,2.59232876442549,3.113620545282397,7.71904510526196,3.0118974440661637
35377,pop_3,2.7210772238785994,2.9883011202155485,7.8637048340960884,3.226669374610995
35378,pop_3,3.1180253645652054,3.2703367640868106,7.791181220777599,3.5137881423543003
35379,pop_3,3.061172018615729,2.515417973472447,7.533444902421886,3.1706966719440732
35380,pop_3,3.281243002268602,3.206931124876392,7.97601902474026,3.332726232962756
35381,pop_3,2.863964929790938,3.001920341780305,7.860255667085139,3.298304358874534
35382,pop_3,3.2131671616568545,2.7269572963524062,7.989088063649519,3.576279815868369
35383,pop_3,2.943133363497322,3.285884975684604,7.947745047105,3.2656706569305562
35384,pop_3,2.998209749647181,3.2588557988315503,7.866920044190286,3.510920666130209
35385,pop_3,2.990292721384898,3.181780477052568,7.866305786639521,3.3367968196451345
35386,pop_3,2.83819210414864,3.158690252726809,7.756786400904603,2.930909814392732
35387,pop_3,3.076341991070635,2.670338536617197,7.633519562670968,3.6766559739416707
35388,pop_3,2.740396064087574,2.799425475604007,8.189854510037126,3.202323881922662
35389,pop_3,3.2185465380184475,3.3732730677811027,7.473570374460381,3.2004616609358085
35390,pop_3,3.287715726743172,3.1497343671292097,7.5905293032261385,3.4792886488626675
35391,pop_3,2.692340152661896,2.8989111920054578,7.926812228939175,3.331332089238334
35392,pop_3,2.7774679194387155,3.2984699314300485,7.69297088152135,3.6015184023931224
35393,pop_3,2.755496443320441,3.0622246811435603,7.91164038807477,3.288266172312453
35394,pop_3,3.1679734893126117,3.519442019781894,7.955924261685943,3.1541681036553104
35395,pop_3,3.3459549952499303,2.87173526897721,7.8789409354678135,3.555625956441792
35396,pop_3,3.0857624465957234,3.567948681771608,7.726192662769432,3.1900998857617107
35397,pop_3,3.0143961869694147,3.2662893162303543,7.949590173757818,2.6173514259673016
35398,pop_3,2.5155237138338733,3.233683124913965,7.625919932148933,2.6710918571842717
35399,pop_3,2.8806905220880767,2.9437740757093414,7.616518620269158,3.4952034309885844
35400,pop_3,2.9149272501593746,2.744361277124863,8.093746975172053,3.63682638893619
35401,pop_3,2.9233243505848687,3.04681832443697,7.944263854774134,3.338324452766198
35402,pop_3,2.8603801536989404,2.7316937189080797,7.812892702931835,3.82820338257025
35403,pop_3,2.6613834024775946,2.980826572560677,8.103157286574495,3.1092649323269934
35404,pop_3,2.905072457291358,2.890273385541072,7.930513777736543,3.4288484803327743
35405,pop_3,3.0051794602349133,2.8675773381298195,7.680008872174949,3.0276006614331217
35406,pop_3,2.6663980194917447,3.1858404936965807,7.940936937065948,3.392309270579815
35407,pop_3,2.8662347791589267,3.2940878849025146,7.579014129561598,3.555482726894603
35408,pop_3,3.1982244843409777,3.042216954344523,7.805472039314444,3.439742098463098
35409,pop_3,3.1198015420564977,3.119479850484388,7.796057664980488,3.262720985493255
35410,pop_3,3.0361895492446633,2.823870289177666,7.4685040155377065,3.406901673968072
35411,pop_3,3.0341831275908406,3.0451004812330114,8.09265551942115,3.313793310832638
35412,pop_3,3.3232493136857135,3.2864117222611275,8.108220504747536,2.4563535373446177
35413,pop_3,2.7683382875771096,2.762016813915621,7.702317971521474,3.8374352253197666
35414,pop_3,2.7837899967273527,3.235717298756236,7.869588923561989,2.9494323982128523
35415,pop_3,3.15938879287919,3.332915565938365,7.5817182649568045,3.367000931001881
35416,pop_3,2.790716122123734,3.5323820665657326,7.567220508260232,3.590362600444045
35417,pop_3,2.9871463201710333,2.842769534802549,7.70121810485376,3.271438150684897
35418,pop_3,2.682987540605294,3.16176854671267,7.785499147544856,3.4333174687946912
35419,pop_3,2.7491721142008916,3.119291208110228,8.237385036634322,3.204866203985295
35420,pop_3,2.8579752718952935,2.7274532171268118,7.5669461237888935,3.9132494396984367
35421,pop_3,2.658996868458697,3.158633932742794,7.463407628896348,3.3976322074306298
35422,pop_3,3.042073401845837,3.1393185700233697,7.560449427557181,3.2808001371906403
35423,pop_3,2.759085243194094,2.5433941030689553,7.676964016728187,3.569340700281381
35424,pop_3,3.129477414280526,3.311763804662503,7.839059447077766,3.2678014811705225
35425,pop_3,2.9086314485665943,2.8803427669429102,7.687714859519965,3.825934052362796
35426,pop_3,2.934522946468719,2.732689844731942,7.5868149146276185,3.5691188154001408
35427,pop_3,3.049917073715128,3.0422673647556553,7.677625566886189,3.2854235760468042
35428,pop_3,3.0043508999606177,2.53262465165539,7.423252296282164,4.388773156829653
35429,pop_3,2.868042906256992,2.613799801963565,7.267933794163989,3.6257542036379338
35430,pop_3,2.4409084184300447,2.7037276399226187,7.6156218539647575,3.71508155537733
35431,pop_3,3.1229806189056255,3.1399049529075698,7.743858080404897,3.1218758052417552
35432,pop_3,2.7914728261516757,3.0541726818510933,7.341568897667241,3.073270422079819
35433,pop_3,3.108719349004008,2.7538143869162246,7.761924468935289,3.331007031294986
35434,pop_3,3.2583606332847057,2.8526475799001676,8.210163627748107,3.042892173323733
35435,pop_3,2.933633033929981,3.472158935470761,8.309411166112364,3.1294415716303465
35436,pop_3,2.9273078777501405,3.1499548412670837,7.923896779860736,3.3596800305943457
35437,pop_3,3.0618105168178373,3.085144341466958,7.9085758900965555,2.7955157148994982
35438,pop_3,2.8753989781734863,3.079407627331325,7.502562155642191,3.4600730013334555
35439,pop_3,2.960172469834724,3.3418425277539234,7.87699476607443,3.4469876546005773
35440,pop_3,2.903985039199199,3.075721915975379,8.199607713623719,3.307164746586237
35441,pop_3,2.5638640908340604,3.014578309175318,7.7150091398757015,3.2130339230629854
35442,pop_3,2.5300231162575777,2.838013158272576,8.020065928754544,2.9126451352598126
35443,pop_3,2.9199960684793043,2.791733834660009,7.877592107010163,2.93120203983632
35444,pop_3,2.964715892069692,2.7160227036850344,7.73875205765732,3.376191052601468
35445,pop_3,2.91864238076405,2.8317962210349017,7.655730139226073,3.181872669647513
35446,pop_3,3.0209256096938013,2.9867195767424297,7.736554952628266,3.172055078108397
35447,pop_3,2.584987586514319,3.0088602344682123,7.9355515222082795,3.513336570219491
35448,pop_3,2.737410703833317,2.8397931100124665,8.659686486035284,3.623683852922217
35449,pop_3,2.9315237974577872,3.240875313449801,8.027054298647522,3.2729526691962554
35450,pop_3,2.7042488599640433,2.9591515049261874,8.064692525101613,2.844473944963076
35451,pop_3,2.632152325237552,2.942017802375514,8.160312894426585,3.85026068744013
35452,pop_3,2.732176784275715,2.726542504253487,7.692829243424066,3.1892719709418573
35453,pop_3,3.183747122609924,2.997601934488027,7.811090101173325,3.2652315129889775
35454,pop_3,3.1424777902801093,2.7109234475857185,7.612742629367406,3.6281735177263865
35455,pop_3,2.78655327186952,2.572051979851433,7.339180027902964,3.775146750978605
35456,pop_3,3.1442215876867277,3.0468838543409875,7.759100974565557,3.668907519251115
35457,pop_3,2.850650917346213,3.073331714662339,8.092108360732388,3.1933481164689113
35458,pop_3,3.02980736560255,3.0883888720568904,8.337179856864148,3.004459875434823
35459,pop_3,2.826412714696028,2.5560657699258957,7.847707482472369,3.219291280687969
35460,pop_3,3.2958218008194136,3.14100535096206,8.064048952695753,3.254794546457734
35461,pop_3,2.5760611741384145,2.7145617218519718,7.645784019200902,3.4582147672431316
35462,pop_3,3.069688823864679,2.9685235011219406,8.055139290073823,3.238474060183469
35463,pop_3,2.948712134909309,3.007504324499994,7.564875319313616,3.4656024309903186
35464,pop_3,2.6413527222363316,3.117555954417503,8.295491020244613,3.3800302948702035
35465,pop_3,3.1733958119367918,2.896332483115382,7.783561044024675,3.037897598501329
35466,pop_3,3.0228521628636016,3.267235500475044,7.761676602672919,3.084494988646176
35467,pop_3,2.521778250416417,3.3003506711731045,7.842489441245443,3.468266019550818
35468,pop_3,2.833451160608865,2.7497517961237676,8.205237142182478,3.1584363956693022
35469,pop_3,2.5827237177565165,2.67757783848856,7.961659311988995,3.490823516012727
35470,pop_3,2.5861722415061354,2.9429893016521524,7.908434842486277,3.6681267971150233
35471,pop_3,3.0525162633281564,3.0164959063859254,7.744029177229345,3.3977271094449177
35472,pop_3,3.152611577406042,3.245312100255063,8.08221518022652,3.406609365245365
35473,pop_3,3.138088747121734,2.7766100620441847,7.511476857441849,3.302681986060251
35474,pop_3,2.7454055315381023,2.6153937900731794,7.525447261003282,3.6892760492632855
35475,pop_3,2.792021670743433,2.907047678326618,7.919420861904839,3.080591509695379
35476,pop_3,2.686077793676103,3.0227544608231587,8.026798946946478,3.3457372872548787
35477,pop_3,3.0569327367336236,2.908607160887864,7.513896465813245,3.1589582361467965
35478,pop_3,2.8405940653932618,3.258943259099812,7.723074884316384,3.251403832512802
35479,pop_3,3.0377589321134835,3.0841772589312275,7.358263661386868,3.3046906080779834
35480,pop_3,2.4060756030931776,2.9232325401357753,7.883684440640894,3.292481312803442
35481,pop_3,2.8107388200520704,3.4299773451703706,7.944648213249714,3.0553015731806314
35482,pop_3,3.1128980159217594,3.088916631662885,7.9066881313156525,2.9610037948016785
35483,pop_3,2.842475778047725,2.7087762258214423,7.648094963440143,3.5764376269683855
35484,pop_3,2.6551752406552307,2.9112014127874697,7.547367175031979,3.3654082937220573
35485,pop_3,2.725483864219531,3.4469411287982807,8.001140889036003,3.061489215480302
35486,pop_3,2.843529737163232,3.0420443774635553,8.13903038996761,3.9318828429819206
35487,pop_3,3.1043345559962985,2.7044101168844947,7.614839704431083,3.7413258124738897
35488,pop_3,3.2759874582782773,3.4505443749884126,7.552466758444982,3.1578663275586982
35489,pop_3,2.7897526960069206,3.2200175814094463,8.075444261540369,3.3947917269489123
35490,pop_3,3.080575756835661,3.0133714823753923,7.956574449591611,3.2735380804395295
35491,pop_3,2.760818657211051,3.2421222251309074,7.588961842646916,3.4553920648186716
35492,pop_3,2.857625944335251,2.710538593244126,8.24888345929685,3.605972898474406
35493,pop_3,3.112251661055877,3.3830748089356204,7.903249811735304,2.9248680726390313
35494,pop_3,2.707343457017138,2.9122115869394847,7.870933743116646,3.3687030684390096
35495,pop_3,2.7052315971772534,2.704219070247013,7.695350041340281,3.198328927249986
35496,pop_3,2.774742338700008,2.775378008676381,7.614726595161381,3.3386450291331284
35497,pop_3,2.985962604473958,2.769225267382393,7.7239892379740285,3.5937673529133622
35498,pop_3,2.7165262338543514,3.0993877972935455,7.427888950325691,3.705319150384968
35499,pop_3,2.9637697839863146,3.063416873588712,8.002881475641182,3.0203360809234416
35500,pop_3,2.7697153577253792,3.1225104089469635,8.04238488619219,3.263743389761627
35501,pop_3,2.8349862902821052,3.328889399139242,7.730385118202264,3.2107689473550844
35502,pop_3,2.972853769251188,3.2334004938923986,8.019581927756647,3.533206395170024
35503,pop_3,2.6189868294531737,2.7249164520259006,7.901399485013702,3.4781894956214847
35504,pop_3,2.9010733877739945,2.7637878368207796,7.782325574879552,3.093357565811791
35505,pop_3,3.1344446428821935,3.2599860773578624,8.032229032966796,2.995449842074076
35506,pop_3,3.063078691085724,2.6164739130849526,7.740285300328846,3.3893358980139507
35507,pop_3,2.8643643335066824,3.104148464584511,7.585957184692068,3.209662631989898
35508,pop_3,2.8432003794176706,3.5922491411973883,7.796349497607723,3.526661904557455
35509,pop_3,3.1682009214897238,2.9108275086147044,7.504816839173285,3.3680919406419223
35510,pop_3,2.952408517627678,2.8687086116811944,7.629639180816066,3.435689127002211
35511,pop_3,2.6402041248746118,2.933900989686748,7.874498314591241,3.654177733434783
35512,pop_3,2.8999466758170973,2.6726288343104314,8.118621823034871,3.2819531072027797
35513,pop_3,2.584719086320475,3.10833992170873,7.7270822520526865,3.5469147083663897
35514,pop_3,3.352099175214003,3.1769704577798317,7.794699827371623,3.3179225184445245
35515,pop_3,2.8467644104117973,3.465624668302178,8.25689015926903,2.8775575572211554
35516,pop_3,2.8956200087735917,3.0121691416702334,7.565604026104388,3.0318973092767147
35517,pop_3,3.032825697707973,2.798772273565828,7.341332005728058,3.5109934151326203
35518,pop_3,2.906163528424579,2.6591100836155768,7.94695095067199,3.322590458017895
35519,pop_3,2.9435802029626243,3.093771652512975,8.374416453438485,3.254478509136223
35520,pop_3,2.9944735439570094,3.066159815525771,7.770662377908289,3.1208813227682817
35521,pop_3,2.801053551882974,3.3438144297358936,7.982097599742087,3.3269163411956844
35522,pop_3,3.2906657677860913,2.760154908554937,7.480462729991202,3.234897674930223
35523,pop_3,3.3126674926760895,3.1093595948782315,7.972251096836483,2.9719416107657515
35524,pop_3,2.709220850307273,2.663913067068014,7.832586633655783,3.6632070588733354
35525,pop_3,2.620719784304526,2.74370075095754,7.852529703503634,3.1837789016055065
35526,pop_3,2.7259873842002174,2.8409248984072475,7.891453724608497,3.7166013308606773
35527,pop_3,2.559369462271087,3.117598147865454,7.851661543448498,3.3657562742348457
35528,pop_3,2.9305111973067253,3.2564593141835503,7.907368892946831,2.8124392850569757
35529,pop_3,2.7544507304601606,2.6070213472158414,8.111328082163265,3.38395392174996
35530,pop_3,2.789887803968454,3.4400101174419753,7.926256829624885,3.0756889690005838
35531,pop_3,3.021684899039275,2.66502003450989,7.635585885009164,3.4202180633375012
35532,pop_3,2.7919732119848937,3.442259234592939,8.158388903701457,3.3941034530171432
35533,pop_3,3.2687572854850444,3.4276467282833902,8.123451590012015,3.1045856297823406
35534,pop_3,2.8288533015483694,3.387685402480678,7.856368996282474,3.319366202369618
35535,pop_3,2.68666760270067,3.2272762024201818,7.986024041345273,3.084212284311212
35536,pop_3,3.007523113261336,2.741190257014055,7.518456577650211,3.672120858543074
35537,pop_3,3.2703010305096516,3.213236506610879,7.469607192589154,3.323675362843657
35538,pop_3,2.5256848336067463,3.1209065798098505,7.574100849917851,3.0565850110610255
35539,pop_3,2.4924453337786545,3.0209980385506237,7.914643075546448,3.73997783630902
35540,pop_3,3.0863965781060623,2.897248141584553,7.671901735794397,3.509450833033269
35541,pop_3,3.086768195376918,3.4292839290542982,7.803415309410968,2.8947206375078403
35542,pop_3,2.9342885198868447,2.6863296403575454,7.661148867071098,3.582986890712454
35543,pop_3,3.143134301872966,3.6145220968292713,7.887833118396191,3.0187750643319307
35544,pop_3,3.1834947768472497,3.191407640280951,8.016642741978945,3.0772502491667733
35545,pop_3,3.0040285491703167,2.9976783679043013,7.525116935261314,3.3888198198350064
35546,pop_3,2.7837651343309915,2.5370093245841843,8.007556971481602,3.4659860035653858
35547,pop_3,2.6481141805832142,2.909385738902104,8.003194394209356,3.354273325538946
35548,pop_3,2.947931478213958,3.2195910604097517,7.760157568430695,3.2247913729399715
35549,pop_3,3.2166420879593214,2.985202945098133,8.239820515583226,3.4266625132557307
35550,pop_3,2.5715806503416103,2.853646515752754,8.02134260289408,3.1069890698409197
35551,pop_3,3.017161700205955,2.72120856893001,7.440023583139769,3.562652848128684
35552,pop_3,2.9862944731661405,2.7563052690650025,7.949242612637566,3.795868598759327
35553,pop_3,3.064358271473447,2.5372679228914876,7.96372325610141,3.544699688229756
35554,pop_3,3.204237349526078,3.517279485322398,7.98739073042544,2.4972317925297918
35555,pop_3,2.7865446675781165,2.991279226861549,7.976297567611652,3.1533626207802063
35556,pop_3,2.505920720360014,3.184801832992731,7.709853019065603,2.928403040007407
35557,pop_3,2.9385607524365733,3.284496028453974,8.06795925674286,3.2652904021884814
35558,pop_3,2.638202624171651,3.4497976010422775,7.497825687281727,2.794518347125769
35559,pop_3,2.7950883090619234,2.9732568373305273,8.09075683907328,2.866221621802424
35560,pop_3,2.7646987945605823,3.0138956807293775,7.532398146840588,3.3831713728118005
35561,pop_3,3.0450309544499157,2.820160405423248,7.659274971821366,3.7657695833305667
35562,pop_3,2.8392297671474314,2.9168781757111657,7.632564093253412,3.388344349304089
35563,pop_3,2.816737783184453,2.886786214863458,7.84773109988209,3.308022244095544
35564,pop_3,2.9170622458650866,2.5829308132499698,7.797345078203024,3.6252576523931648
35565,pop_3,2.9760552352587224,3.0357555016530253,7.958325233489796,3.5304044827116896
35566,pop_3,3.080089485546226,3.175486562220796,7.985004578856741,3.3438256755697107
35567,pop_3,2.725901206867896,3.2739944744218734,7.991208713392735,3.010860421159091
35568,pop_3,2.6555070692688236,2.8427945597145183,7.710324046928958,3.5799122953125293
35569,pop_3,2.8170755132441023,3.215824419404651,7.571286979127401,2.9747266301704203
35570,pop_3,2.7862690236939356,2.9321593058311013,8.033532454389265,3.0517805714855024
35571,pop_3,2.865258738837027,2.7322436870523785,7.632221509521785,3.653035695377114
35572,pop_3,3.0127405392327824,3.0472934457275263,7.810369351064074,3.203886513883263
35573,pop_3,2.8411560911876514,3.1778898845322603,8.183843896010204,3.107115347526598
35574,pop_3,2.8890354973644095,3.0363658623027896,8.35837460051043,3.414220767555018
35575,pop_3,2.981509029795424,2.779334914599974,7.618369438915399,3.2120340705577672
35576,pop_3,2.805393708595259,2.939259087577075,7.498100223536477,4.058516151423771
35577,pop_3,3.062777271337673,3.5673811852455573,8.343759768298522,3.3066641241242287
35578,pop_3,2.506126288546385,3.290375671479266,7.459694109165732,3.9459507698091834
35579,pop_3,3.0302058216263195,2.516153624051951,7.472585851111115,3.6121818207355347
35580,pop_3,3.0709465917049994,3.205126728455691,8.093936114506208,3.246744841231889
35581,pop_3,2.8931442617235366,3.3586336281684215,8.030041983588974,2.7962442516839054
35582,pop_3,2.6208096427669982,3.0309654092054807,7.846194984699341,3.4854244477368277
35583,pop_3,2.8760177866869894,3.2635468888175936,7.85307056367474,3.0055551950035015
35584,pop_3,3.0114831767164434,2.9060462655198362,8.049627455695957,3.0214660932741255
35585,pop_3,2.930864927148301,3.0949469928831457,8.332325487312138,2.8843422524352085
35586,pop_3,2.6574327610977755,3.087773253691651,7.905312218032658,3.251141379384782
35587,pop_3,2.922999878997441,3.123702534927752,7.737028406247832,3.5773130352331655
35588,pop_3,3.04740123640755,3.143711570991069,7.750971344868505,2.9279490073286203
35589,pop_3,2.6480087178016163,2.9911595693583224,8.05484784895289,3.3154325170353003
35590,pop_3,3.01090911020048,3.0121877864304514,7.482276835831218,3.3153868620364575
35591,pop_3,2.435521507399182,3.135654725671071,7.645560128142692,3.5994302853246447
35592,pop_3,3.0429361757619264,2.7667264334866255,7.808655791819758,3.716838767344078
35593,pop_3,2.7819893665760156,2.8026695850238714,7.894421308222772,3.3352478018623337
35594,pop_3,2.890942406004895,3.15756510051392,7.9369036563105455,3.448661334343413
35595,pop_3,3.2562196637370846,3.4080491409678517,7.967167857246071,3.0975050891616345
35596,pop_3,3.1667700066387092,3.061502120116653,7.597511769104151,3.3167787094884917
35597,pop_3,3.332670960595552,3.210444250612008,7.9717242572496305,3.0116324526992133
35598,pop_3,2.822659234337452,2.7619791298808885,7.80755165025529,3.4520052243497097
35599,pop_3,3.0569258920174858,2.9758394203487706,8.047284061439917,3.422968825166705
35600,pop_3,2.9952115434581708,2.9608283477678925,8.221956870071702,3.4325546749844262
35601,pop_3,3.206059575470476,2.6229953536271706,7.746380116048371,3.0482707944602443
35602,pop_3,2.936373815935615,2.9727826059286793,8.205175258610977,2.779539942925567
35603,pop_3,3.033837439717084,3.0856448621517956,7.781457513357501,3.283687701916271
35604,pop_3,2.860089682215851,2.859750321795344,7.834942947639652,3.886883260272846
35605,pop_3,2.9513226312298126,2.925530203738693,7.786833551090635,3.452421924778087
35606,pop_3,2.872775533460248,2.9118601617783697,7.890473101762042,3.242379026402396
35607,pop_3,2.4380338653260285,3.1906501428822196,7.845556669351786,3.3950832237178377
35608,pop_3,3.238590259843341,2.7794728492479823,8.129516538440377,3.5008824568157895
35609,pop_3,2.819144183976308,2.8295776454589907,8.066379063147123,3.2342631016537693
35610,pop_3,2.983092966119706,3.1709592455619418,8.029436741382348,2.8458134653169167
35611,pop_3,3.0650011354062077,3.224050061651727,8.307701117615856,3.1411536301524854
35612,pop_3,2.912148683757154,3.2268307610924776,8.271268414968269,2.7152451586546174
35613,pop_3,2.6607079870295123,2.854052893098061,8.011128612952305,3.439180120417209
35614,pop_3,2.865644943856051,2.835028159313098,7.94609914451031,3.2387382815927985
35615,pop_3,3.01605763339142,3.1499155883384935,7.863974683112223,3.2962751792335134
35616,pop_3,2.92802754803546,3.121363690550349,7.925992284061325,3.5313166600062886
35617,pop_3,2.7274209142950245,3.1195384907691475,8.131012837966063,2.8636765149484074
35618,pop_3,3.210916968843971,2.738661478582178,8.051276143608776,3.588980419866893
35619,pop_3,2.9110321126137877,2.941693266306402,7.728590278122567,3.4526263911305923
35620,pop_3,2.9853190699289103,2.802491413027124,7.8026989075236335,3.0865266589511595
35621,pop_3,2.837843389738286,3.29048847326969,7.796005327566394,3.2121355624340073
35622,pop_3,2.546530354010341,2.512847561185661,7.524716362644248,3.846312416151519
35623,pop_3,3.3024373842501937,3.259508675599643,7.981226943479213,3.0345209866298375
35624,pop_3,3.121899791562629,3.1804408202875543,7.946900409471204,3.2124998572559136
35625,pop_3,2.879369916566771,3.061297493732464,7.501962017143426,3.416169876936551
35626,pop_3,2.713866783086214,3.1220850408053633,7.9211186913623575,3.0252595935326045
35627,pop_3,2.6878548269743225,2.969935761586745,7.812850940369239,3.597825115690575
35628,pop_3,2.3884355768745045,3.160922556029385,8.127211414344856,2.8266085825787846
35629,pop_3,2.8159972752132125,2.77009308461122,7.614860525600513,3.218350873729329
35630,pop_3,2.9034408687416007,3.2585115449550943,7.9051255065191315,3.449972341300915
35631,pop_3,2.586213444557229,3.0494572084242195,7.867677426494183,3.5804974920600596
35632,pop_3,2.9804041222893356,2.571958562419061,8.181630701348645,3.870561701660476
35633,pop_3,3.130466521719136,2.960988401407548,7.608278226256752,3.4469485362279406
35634,pop_3,3.110100387400445,2.7048014611711895,7.5105349970728446,3.5350634668977547
35635,pop_3,3.1451922682170643,2.690234366020312,8.191914820287092,3.3682587627339906
35636,pop_3,3.1697394544245445,3.301514543523664,7.962474583807002,3.5555741320945997
35637,pop_3,3.023756218764963,2.9427781211947663,7.4116791280904035,3.742507228936036
35638,pop_3,3.1743188225223875,3.0077846578640646,7.960967572164357,2.9263914384712955
35639,pop_3,2.872442250179401,2.8427746744561357,7.943418899239449,3.2932037929952647
35640,pop_3,2.498668380193072,2.6350282091982358,7.489627980974759,3.8298245363732653
35641,pop_3,2.387681261569517,2.5912252034748637,7.873349991812867,3.5398548949501643
35642,pop_3,2.9736478316690205,3.3375147538176058,7.626288219367472,2.638688006093776
35643,pop_3,2.6259990232946167,2.613064417205211,7.873674963292276,3.3389330083101134
35644,pop_3,2.730536926738815,2.9322661424435204,7.60275738495462,2.824961241540064
35645,pop_3,3.1509960674533026,3.080459732261641,7.999652181391504,3.224206280219861
35646,pop_3,2.6991979464711178,3.104428033137665,7.993730715349221,3.1493907725028683
35647,pop_3,3.0602593040878,3.253255832584391,7.936146787375596,3.3453546544004786
35648,pop_3,3.2368237307698333,3.035853177305287,7.621577394139178,3.176701150878479
35649,pop_3,2.4147115996321,3.4078338220267743,7.194169662623737,3.196714743902044
35650,pop_3,2.9796022631333323,3.1490274682405355,7.8869684304857115,2.6119123266319413
35651,pop_3,2.692763040130498,2.8228070015777074,7.665943855479627,3.7569584007761843
35652,pop_3,3.1255592330600863,3.582934475138816,8.338151537155056,2.6499026934595626
35653,pop_3,2.776273658854558,2.9552291474836276,7.474388810170695,3.591630268404728
35654,pop_3,2.9638385616056335,2.9897883139048105,7.4572883728529895,3.5330170122139553
35655,pop_3,2.652905376570323,2.710338931681547,7.794762487556405,3.1736014034032047
35656,pop_3,2.849827388915179,2.6226019414698962,7.6085238994820195,3.7728585725203687
35657,pop_3,2.5341606659111098,3.1638009932491022,7.741928354834934,3.3209110594457276
35658,pop_3,3.2503622748564807,2.7719934612901165,7.356084032834526,3.4351929543284307
35659,pop_3,2.903286740666833,3.193139641785838,7.50620507693652,3.1873747943170057
35660,pop_3,2.7594161853164363,3.17283065415283,8.234015701752238,3.1225472998689936
35661,pop_3,2.805035012948753,2.8961610160330755,7.8612504167857065,3.396654902654819
35662,pop_3,2.817723704737969,3.268406745637418,8.29775281242588,3.135358352148536
35663,pop_3,2.8323978303614554,3.031595833078552,7.621745487814434,3.4496537766768736
35664,pop_3,2.817539871292001,2.8375221055780226,7.691914720975779,3.6292229346289147
35665,pop_3,3.3385058275018613,2.803964017796138,7.774214206948185,3.11156994648907
35666,pop_3,2.9948255443153227,3.160397890213341,7.94832260540467,3.5104299780683084
35667,pop_3,2.6358567012581378,2.82402171105096,7.706050370207878,3.813456315282711
35668,pop_3,3.2787783751893222,3.009106576290313,7.793741374227431,3.6698737349962554
35669,pop_3,2.9278154310393645,3.4068822980462805,8.418880014270638,2.6650718544388603
35670,pop_3,2.939733401403202,2.985767668865322,7.935041227626694,3.3352845027473905
35671,pop_3,3.1847616589303587,3.204814507432429,7.981954827197723,3.5201928896214327
35672,pop_3,2.936783248696232,2.96923343694296,7.6802358527575665,3.538944348611679
35673,pop_3,2.7743879669017146,2.5981860033017345,7.748637172769133,3.416071425459118
35674,pop_3,3.241072535520012,3.2981337963574298,8.211710757442784,2.755475278277488
35675,pop_3,3.088496231806745,2.9319756792981044,7.844859852582521,3.398291415839351
35676,pop_3,3.283662089463596,2.9453657921299086,7.651313172279075,3.413747931233318
35677,pop_3,2.669498139379718,3.128678882642891,8.030665769382281,3.6888226229684395
35678,pop_3,2.990658673258058,3.2340347964603864,7.750405406737973,2.7130634360862502
35679,pop_3,3.0401926481361428,3.3875597717702775,8.089916879778828,3.4464388008894455
35680,pop_3,3.10488258186354,2.912600777872252,7.993296082473982,2.9632786705770426
35681,pop_3,3.037737180404888,3.1253204393784983,7.876217921367599,3.282484290083707
35682,pop_3,2.6456448183470687,2.7050334293190406,8.24276650013765,3.6865571262611723
35683,pop_3,3.1054944356388194,3.1766556726162825,8.143436258715761,3.236595981435933
35684,pop_3,2.4098969409826454,3.1912954485888925,8.049985531418677,3.132559396711714
35685,pop_3,2.5818460644828494,2.956837733851902,7.826191758955818,3.3388462976338515
35686,pop_3,2.9543227478837606,3.2978495255077642,7.7189762436628255,3.1516864565429685
35687,pop_3,2.7716447441493477,2.853624136847058,8.204240585309918,3.281516285442693
35688,pop_3,3.1357998106605516,2.67078641301846,8.001198591792791,3.326450979130117
35689,pop_3,2.652232842319384,3.3210615490508335,8.554204732834743,2.809284988041428
35690,pop_3,2.470952598900553,2.7740748694135595,7.827288527888055,3.1514313097893862
35691,pop_3,3.031143577889785,2.959116655255278,7.80234218644304,3.385588608743048
35692,pop_3,3.1808120779863467,3.0279878869454997,7.773442843027074,3.4127733877510433
35693,pop_3,2.654943553094428,3.07703459138228,7.7352780874147316,3.4632549503114585
35694,pop_3,2.9077452145036062,3.047514182909245,7.938457039982389,3.4225093023131192
35695,pop_3,3.0022617920199317,2.5090929618759845,8.043526991617778,3.802395531434529
35696,pop_3,3.068940706087512,3.161870505703058,8.101649612413624,3.4800118951707346
35697,pop_3,2.7741265769917614,3.0677413854413373,7.766712007146385,3.4827353852541023
35698,pop_3,2.788060338946343,3.0606525275905483,7.992668220294525,3.458110978933782
35699,pop_3,3.130745122666527,3.048606713081737,8.003574359020178,3.264925784867394
35700,pop_3,2.833187809534177,3.297064900196064,7.955161251496726,3.230306013088576
35701,pop_3,2.6185238793084458,2.8265943025052134,7.530122745702313,4.167108417199262
35702,pop_3,2.9030430158951117,3.1835454789305824,7.472645540297656,3.164259592316027
35703,pop_3,2.9683791806384545,3.3758399323628208,7.593522113186784,2.947801547014484
35704,pop_3,2.9400257240367536,2.664456644480493,7.65989054828053,3.571521925546906
35705,pop_3,2.610548420460737,2.8755967277839267,8.07834789040556,2.9317544774334
35706,pop_3,2.8284062447777067,2.944928141217175,7.86366050592707,3.279116999085905
35707,pop_3,2.9360317316481317,3.312762891408693,7.912304198877717,2.867666980566124
35708,pop_3,2.894450249835083,3.385898088651863,8.126732298659451,3.1987037391082165
35709,pop_3,2.920356781200309,3.0062769554300766,7.916551124814712,2.9616213793557638
35710,pop_3,2.7600302761440436,2.522833141834253,8.020703552450147,3.651288274196988
35711,pop_3,2.6075895893644114,2.5567126105953646,7.585635097095622,4.095798789752696
35712,pop_3,3.040463089306279,2.9976368857273803,8.02520326502781,3.6142207876058983
35713,pop_3,3.163051053119844,3.0092180540661344,7.797836071196154,3.4176481854195884
35714,pop_3,3.040496144918789,2.983962048602692,7.797920825768054,3.5469215755734163
35715,pop_3,3.3933682490588573,3.188144310876286,7.85158285762162,3.2871486356313726
35716,pop_3,2.750488031907704,3.1211202257447903,7.965315912531383,3.150537550748978
35717,pop_3,2.8861034107291763,2.8433643948841514,7.785965351970412,3.1527002163731392
35718,pop_3,3.0965266172401633,3.1678014415239977,7.649184654785163,3.2118719355999277
35719,pop_3,2.7504272496950595,2.868577862207995,8.093485221954161,3.0933313432948757
35720,pop_3,2.9588299024436497,2.831949684023107,7.978311122077444,3.2523370514073866
35721,pop_3,2.8960895657452355,2.794538405928073,7.636821340764976,3.437463320465679
35722,pop_3,2.8605303959607697,3.014473924579708,7.6183267004042685,3.4429044825027155
35723,pop_3,2.757272092775989,2.7207681958865084,7.477984158953752,3.8676032908271876
35724,pop_3,3.036056346037641,3.3784574171319317,8.407688300569262,2.813667711520706
35725,pop_3,2.815974113004891,2.65505508402902,7.922535773482896,3.6657087698935578
35726,pop_3,2.7423519134642795,3.3886657829060427,7.9958141903760795,3.3832311720026382
35727,pop_3,2.4720407247331173,3.099160221880909,8.315512435359274,3.630292243692673
35728,pop_3,2.973402813941081,2.857019149862586,7.53368740582696,2.8602942962513964
35729,pop_3,2.9987782864048076,3.0022079441929326,7.845347974298904,3.4519367960372174
35730,pop_3,2.939398944681072,3.1381857008401064,7.79518229288547,3.175564224481515
35731,pop_3,2.792382957461853,3.1399857216387916,7.80504435865557,3.281070922544769
35732,pop_3,3.028782504189043,2.7839259793485325,7.646672009886525,2.991149029262268
35733,pop_3,3.254278765659887,3.2637439165316384,7.987760444003036,3.1635534287067624
35734,pop_3,2.9284359285289505,2.67123117803589,7.902078876580445,3.276646944296761
35735,pop_3,3.0425212892737803,2.84621906443324,7.829238697760017,3.6822522214197626
35736,pop_3,2.992468191875502,2.849767345497541,7.721536938941684,3.5210466817373387
35737,pop_3,2.8564999272435943,3.424241463834,7.72380552976312,3.0723056079918907
35738,pop_3,2.593146227854021,2.841449206593126,7.781949521795802,3.241016859513265
35739,pop_3,2.4779301082655314,2.770251084262091,7.845868024482671,3.672138672590644
35740,pop_3,3.107709943788821,3.095476177908513,7.62501581491523,3.2819336316698307
35741,pop_3,2.6907258129460256,3.1476547957362175,8.33538978383767,2.877789141784032
35742,pop_3,2.84539831897751,2.824436177420445,7.6375540442417424,3.2276188074546304
35743,pop_3,3.0222002041339406,3.1841771393572342,8.083758066437895,3.4978535640540356
35744,pop_3,2.81993343219068,3.104150195430959,8.1074028512696,2.874637729346031
35745,pop_3,2.7918175132330973,2.904665164425809,7.889044196411888,3.7243769781700715
35746,pop_3,2.9702160008897853,2.9866670684652914,8.241215507200613,3.7029481967177897
35747,pop_3,3.1126842065928075,2.8380318249614374,7.954511259259778,3.379192544398931
35748,pop_3,2.9236249942965,3.0287287242293313,7.739023197856801,3.3726710000371267
35749,pop_3,3.142176991552957,3.372128273018962,7.633989490916832,2.609846030898183
35750,pop_3,3.331540071499428,2.807365066690047,7.4705046629699465,3.568681960108388
35751,pop_3,2.858368394445372,2.983203846230786,7.707665220672452,3.308143399100488
35752,pop_3,2.707859418294823,2.8137950686256366,7.5638887705022775,3.728549625061094
35753,pop_3,2.8451990553284534,2.5980428233974417,7.705923125340087,3.661922272761085
35754,pop_3,2.9549579078141153,2.985727718377709,7.88313441294301,3.5874181153727136
35755,pop_3,2.8943920968483345,2.8013096248100893,7.889135626293038,3.6503815742253694
35756,pop_3,3.0230090434839023,2.8384638951481005,8.216211775995035,3.4250905189580063
35757,pop_3,2.7988195228899784,3.2607904416175506,7.568119884490318,2.7367253946168137
35758,pop_3,2.7569589699865906,3.169647249689797,7.589483477723514,3.166428985972675
35759,pop_3,3.266888048766634,2.742306055908357,7.85239878007518,3.2631542635557644
35760,pop_3,2.728317053197432,2.8550002551711517,7.848935956808131,3.0845637217150186
35761,pop_3,2.958915114577687,2.9477629996175625,7.84461805977783,3.552652422896166
35762,pop_3,2.64993966845961,2.7527626307364024,8.155244043361593,3.776755327621838
35763,pop_3,2.880078650803005,2.7585711081487863,7.760189767440178,3.466350742267947
35764,pop_3,3.0516683837201257,3.326561997823679,7.941638641696832,2.523851050842403
35765,pop_3,3.282283371262762,2.9332733998263043,7.81669982593969,3.215867939712344
35766,pop_3,2.800895540217501,3.0324124771483256,7.89908832088854,3.5168438377878326
35767,pop_3,2.7673595700415197,2.707864335350173,7.5105049654906715,3.3839814792684657
35768,pop_3,2.9046011875111546,3.1205181961846806,7.799977121448373,2.7824011484219633
35769,pop_3,2.8957592415453877,2.771808735043073,7.72850946731119,3.515564409431884
35770,pop_3,2.768511279315884,3.1036350523405383,8.044677069568626,3.1308345589852413
35771,pop_3,3.3002952092520754,2.93107503135764,7.673675518180022,3.3848816527077457
35772,pop_3,2.830881581916163,2.934696757872415,7.99891904911022,3.414861894185069
35773,pop_3,3.183751135963121,2.8791670476054545,7.613190363278756,3.292397746719526
35774,pop_3,2.9344780995635675,2.9530370585443495,7.494398982867524,3.1035763231248175
35775,pop_3,3.3333230181532354,3.0915388243447874,8.203687085180631,2.7312215783248734
35776,pop_3,3.083574845088171,3.3981644157296236,8.259235598365132,3.089570955087038
35777,pop_3,2.98545656956107,3.1207969531365523,7.539714562120858,3.337189279459634
35778,pop_3,3.0595858750895633,2.9361371701206056,7.747850656985775,3.5164941893216937
35779,pop_3,2.7780517685481003,3.046797700726491,7.89611575137461,3.156662865849886
35780,pop_3,2.803268092646127,3.3470841708942394,7.727382169880135,2.9060999046180003
35781,pop_3,2.551092831512743,2.8367861174308855,7.574165140215818,3.210818541483241
35782,pop_3,3.1120829464788873,2.9036984919896986,8.179673931384048,2.669237339453749
35783,pop_3,2.800626188572506,3.323461152034988,7.7521973133502105,3.057792186735883
35784,pop_3,2.5225602521478696,3.142068797092239,7.927498413371795,3.6312344577015545
35785,pop_3,2.5762708324339947,2.8665881689874073,7.760899157880997,3.1670954149481507
35786,pop_3,2.594172948495648,3.02627485489635,7.86535266979539,3.529382157549861
35787,pop_3,3.038703032409199,3.2944196345322823,7.529111007145643,3.182983621632746
35788,pop_3,3.225509154999227,3.0393510495742997,7.544491374606685,3.4111565604121052
35789,pop_3,3.2330639918854573,2.859515274414732,7.963358951530381,3.666054341924262
35790,pop_3,3.1817014667428696,3.767442799641668,7.944669079420499,2.86048767091716
35791,pop_3,3.105242374098168,2.7477013821943124,7.905214510386084,3.6735427614094993
35792,pop_3,2.645499456573088,3.0815992192629813,8.04863670757514,3.353676107495453
35793,pop_3,2.8244495215394183,3.190289285498557,8.314381189164015,3.010345913517553
35794,pop_3,2.826086135430298,3.350937752147136,8.058903322422232,3.063100527553551
35795,pop_3,2.8840431119785053,2.969275764188409,7.975495706912874,3.301373615609817
35796,pop_3,3.0061981922813334,3.085256010318865,7.9168060896282535,3.190617756909962
35797,pop_3,2.961272317390134,3.2601697251243182,8.26659723429562,3.458149223976678
35798,pop_3,3.1098622776978706,2.827875220015849,7.469665435526592,3.944449533583791
35799,pop_3,2.7531646508900764,2.9748997727352005,8.269550259282926,3.4588320389791036
35800,pop_3,2.7457126040688653,2.675393311307533,7.444459687904232,3.4921985153983677
35801,pop_3,3.116593161624012,2.9045333878437227,7.934222616461298,3.3959564515238947
35802,pop_3,2.5083051124171907,3.2229732486739313,7.854969974157743,3.366920069496879
35803,pop_3,3.0478556101679692,3.24340098181742,7.962325118899116,3.029250261242579
35804,pop_3,3.1771569625569467,2.9758839301228144,7.697995512232284,4.049243275464697
35805,pop_3,3.303618569484783,2.969345138102299,7.958745446419176,3.248156002188159
35806,pop_3,3.0740413643681364,3.051272508928293,7.798984276292284,3.5596672744296556
35807,pop_3,3.1228075430443587,3.070041593490454,7.703145224528564,3.8317307691486944
35808,pop_3,3.117280392793455,3.246410221369711,7.90492497885967,3.6365141876797806
35809,pop_3,2.938118808204685,3.239224318409707,7.811228706452534,2.8120156123365025
35810,pop_3,2.9587041722535017,2.831536651305445,7.458140668057846,3.4857460255296164
35811,pop_3,3.0276390987520294,3.3332174999747504,7.763058857643658,2.804918167531311
35812,pop_3,2.8874515008249753,2.9405707919357016,8.183843432549526,3.8826167896923076
35813,pop_3,2.8351634828893433,3.1279506742141296,7.749077607673475,3.4449735708078433
35814,pop_3,3.1867582242903354,2.6537878106021546,7.607086647644052,3.7802710405241298
35815,pop_3,2.5957424056920977,2.972956870299753,7.761498389643373,3.2154041775271054
35816,pop_3,2.7414543347035463,3.0191006501529802,8.062314476971943,3.5267215271198538
35817,pop_3,2.695263429657099,2.9887730378182105,7.656595135867238,3.235704399882109
35818,pop_3,2.9056957804274544,3.0057230130927013,7.9422351133735765,3.52488309179618
35819,pop_3,2.6797277065589085,3.0049514843845544,8.046377298616934,3.594728253432364
35820,pop_3,2.774223239805245,2.55653396101424,7.733371028877622,3.9625842836611325
35821,pop_3,2.8136195462749547,3.040583327860638,7.737164039166446,3.3354389658495815
35822,pop_3,3.1539785862557834,3.5527789724832766,7.851130504789926,2.723696954649266
35823,pop_3,2.9473962374975673,2.44486882057289,8.281002087653714,3.5284097097492215
35824,pop_3,2.678376129325707,2.757918957483858,7.732672917004776,3.424120101415395
35825,pop_3,2.7719924847480257,2.4392665998973233,7.538479186802055,3.6988035978572316
35826,pop_3,2.6477496065816375,2.7833355617463456,7.327405215600684,3.4377842121481006
35827,pop_3,2.8171159115256823,3.093130359218704,7.967810816481759,3.4192583833512664
35828,pop_3,3.070699629059232,3.144149781894662,7.936871507989965,3.5598344723508233
35829,pop_3,3.074767117387406,3.0352515691447484,7.900347718186271,3.0219197530196302
35830,pop_3,2.9918533828926597,3.2102457088549907,8.136020645447962,2.9220680163936024
35831,pop_3,3.1810403749152636,3.350411633818898,7.511957164474532,2.8566444807976663
35832,pop_3,2.637133703398365,3.278586090134774,8.06302153744897,3.134797750809908
35833,pop_3,2.828919373252881,2.8903760949724226,7.823929528506605,3.6462472845472247
35834,pop_3,2.5627132576018545,2.7890468234537376,7.901528619541632,3.2321638436041544
35835,pop_3,2.9384735755636973,3.1352423642142844,7.944576672857188,3.537957476731049
35836,pop_3,3.083129658440282,3.049651995818795,7.8110493862749415,2.9995872250798237
35837,pop_3,3.1128992348734665,1.9211645353639002,7.810914235760363,3.737152337867652
35838,pop_3,2.741599703924982,3.411542653481842,8.50615454875442,2.6153886346543067
35839,pop_3,2.959036005740063,3.2795009973038365,8.156792919811782,3.5145095200649767
35840,pop_3,2.7343018905463867,3.1481532674208665,7.440841282888259,3.054821808740562
35841,pop_3,3.1520122092062817,3.145035394610268,7.917557486999703,2.907757448193079
35842,pop_3,3.0402458314962075,3.050349629679302,7.7135247231379855,2.7666582335258356
35843,pop_3,2.5524535392008647,3.0122703688500194,7.743125506434422,2.9714795697400134
35844,pop_3,3.0083471741971843,3.141683314670174,8.218197743264081,2.991242525009778
35845,pop_3,3.0566898207674855,2.8162162159063255,7.992432357861104,3.19214125041726
35846,pop_3,2.9134749607731725,3.0800862591871954,7.840288603770609,3.4030521046180273
35847,pop_3,2.814035147350391,2.936151968901715,8.319233271682132,3.4093826393608424
35848,pop_3,2.6127720039904765,3.174415930677773,8.054651901160982,3.1640869109353336
35849,pop_3,2.9911250962393887,3.0352670796459718,8.053223425207142,3.2405159853481664
35850,pop_3,3.1736158438976463,3.212195399598518,7.862105291826826,3.038757932090447
35851,pop_3,2.7783433562234476,2.6075752826077134,7.4847351979274555,3.5673960609744046
35852,pop_3,3.2045286776170423,2.9538307937565325,7.646420708735152,3.2783175005424825
35853,pop_3,2.9269341052281934,3.4837014131838346,7.855702674954922,2.8394820263760274
35854,pop_3,3.1985871775193266,3.3213848264918573,8.016288837018168,3.4103848637347727
35855,pop_3,2.8989796688623928,2.9124287506342186,7.75040260624676,3.1468337379467077
35856,pop_3,3.060146549580397,2.826898462741384,7.765768584323664,2.7461165462276282
35857,pop_3,2.721396942447586,3.047629332230181,7.48974770440716,3.473777866662247
35858,pop_3,2.95787067815814,2.961606117762922,8.149462250586367,3.2512880770244807
35859,pop_3,3.036244405775912,2.768681541909539,7.870127848572936,3.33345045244086
35860,pop_3,2.5267247265686175,2.700893707208111,8.062035761839079,3.5481952225236952
35861,pop_3,2.810644457231468,2.515967333868035,7.697812822433649,3.8554592837254598
35862,pop_3,2.9334721337837926,3.1186756927038037,7.924529859854919,3.349986665801361
35863,pop_3,2.9836101010285536,3.2735679766548933,7.8609985087420675,2.772405155145962
35864,pop_3,3.0390382924734016,2.615183741209136,7.721374957493623,3.996392760785106
35865,pop_3,2.789927040482006,3.0494156708776923,8.165339846993128,3.1109462622825435
35866,pop_3,2.9575954126948516,2.635562853522846,7.678830770678921,3.6899008417850125
35867,pop_3,3.0820054082406534,3.2510826035915823,8.370666277050931,2.9332612276221597
35868,pop_3,2.4767476839834672,2.7047288490522043,7.841853384074872,4.01434343161133
35869,pop_3,2.826753856419171,3.5607293270307143,7.763444545354598,2.989535096276657
35870,pop_3,3.3009733739297973,3.2389711334874325,8.367654184695722,2.8983317403836595
35871,pop_3,2.6259768224319697,2.877466853182395,7.9634132719331525,2.9896943918203376
35872,pop_3,3.05194130011065,3.083884521848488,8.115167640827256,2.8761107979170975
35873,pop_3,2.864327295277158,2.907262501028603,7.778062679230369,3.336231469365562
35874,pop_3,3.0961726505264178,2.979958552437582,8.095838047125167,3.3608652485058204
35875,pop_3,2.7427401176250603,3.0512000676172417,7.77026353091132,3.41314287703355
35876,pop_3,3.009230898508939,2.8550880592458325,8.091671024795158,3.273743581156255
35877,pop_3,3.1990376370907034,2.904866623821537,8.151302976902574,3.569274690273631
35878,pop_3,3.0160841737432142,3.055194488146215,7.878212680630988,3.267028487350201
35879,pop_3,2.827918265636697,3.7529221685056893,7.910008083100234,3.0736416613720308
35880,pop_3,2.994641388600836,3.1985410973651116,8.32715308534237,3.08374670690956
35881,pop_3,2.927735763754863,3.274397052574962,8.22605336370634,2.766759209491955
35882,pop_3,3.3574992562652826,3.105503640842858,7.85319403474344,2.9909192357059613
35883,pop_3,2.862980840297034,2.847847577683066,8.243072942259602,3.4073871539289233
35884,pop_3,3.0180133946056014,2.8878066966156823,8.05349584942282,3.264331481123415
35885,pop_3,2.9869824359987054,3.0946472877446616,7.749328521380872,3.399358706875049
35886,pop_3,3.1462177745340743,2.8041945607615624,7.780949788022277,3.595855390778282
35887,pop_3,3.1947743206945094,2.928699897481958,7.7689620449594905,3.4720797372821575
35888,pop_3,2.987106814801607,2.8263711179143205,8.13493958771541,3.412866856377544
35889,pop_3,2.772046447046108,2.7425131203908824,7.8125640769846205,3.212305434660452
35890,pop_3,2.881222484185324,3.2126799102342187,7.676510997829302,2.9176844805625013
35891,pop_3,2.930552196211608,3.166642905818178,8.338282582012454,3.256759471892381
35892,pop_3,2.9151511234268956,3.1265493377806695,7.702666886412564,3.0765346154969926
35893,pop_3,3.1001212599943937,2.969687256397464,7.578704877123327,3.636986771998349
35894,pop_3,2.9566196909034437,3.1491113252957876,7.65802050940613,3.180314193133983
35895,pop_3,3.2839078386045517,3.219855204143292,8.342801000844084,2.9874170723332893
35896,pop_3,3.0475720669651407,2.774349045193228,7.810064476065532,3.4047240549025064
35897,pop_3,2.9557587698545458,2.8049573938357253,7.664418706168728,3.488688784059817
35898,pop_3,2.818022152235302,3.0988537416752857,7.675210444046817,3.2408389306395784
35899,pop_3,3.0435399635745486,2.804957514753876,7.851218202194949,3.4279109331317175
35900,pop_3,2.8104122635958233,2.594460389352841,7.964063917436341,3.503727507601938
35901,pop_3,2.6327211221062545,3.1395724483315712,7.728863432687069,3.1582023599032727
35902,pop_3,2.7540249041211537,2.5008254061042616,7.902219377886411,3.7177837980315465
35903,pop_3,3.094328904936016,3.220682650588791,7.88960856468471,2.9967616799505015
35904,pop_3,2.714520189956872,3.016088276360215,7.714039551149788,3.450548254698596
35905,pop_3,2.885022375091163,2.6221852772097383,7.637800282770229,3.3400910660927527
35906,pop_3,2.934858695361086,3.4632997036591204,8.124560217542571,3.201481917534818
35907,pop_3,2.589676169947578,3.042205809209327,7.7097034675538385,3.4699301626081187
35908,pop_3,2.4594812827516006,2.978244795757368,7.89521813608323,3.448060247917706
35909,pop_3,2.8732715016230648,3.0452359381102165,7.948565427882367,3.350288799037466
35910,pop_3,3.168508093095184,3.1987508570831635,7.710827787760561,3.3202017376492763
35911,pop_3,3.089135154351416,3.1854401880037675,7.7002900130013705,3.2770631855941956
35912,pop_3,2.6014519534445446,3.1080898877463907,7.6223912870210455,3.3922096458870006
35913,pop_3,3.1272586177091517,2.965563263711997,7.67960819624287,3.193882073152297
35914,pop_3,2.938880041789573,2.880583647610506,7.650939081249493,3.578265974417587
35915,pop_3,2.7418149698452305,2.602504754003368,8.147677014399438,3.4656671031215462
35916,pop_3,2.716656974349055,3.0537210939845703,7.9552293985430405,3.1786840778975107
35917,pop_3,3.3030147099742506,3.2280164719821185,7.8641450150514585,3.0140946224245004
35918,pop_3,3.1394098201150236,3.2532016237587937,7.731808867995993,3.1592431865611923
35919,pop_3,2.779894396219105,3.382550903610114,7.797193045294282,2.914148610210596
35920,pop_3,2.5729366545572083,2.938194664631628,7.752958468858058,3.341858042486148
35921,pop_3,2.7717090137951237,3.203164942303391,7.921403013555424,2.80915009754981
35922,pop_3,3.003903637515906,2.9960050708679598,7.580975602151603,3.6760290436096343
35923,pop_3,3.2880781978110436,3.3195521013222344,7.973212693262647,3.431618125022096
35924,pop_3,2.3512263056363887,2.8388829896128898,7.689629988790634,3.524254943444946
35925,pop_3,2.9614719469521056,3.0510636251607637,7.950176978260572,3.458815320990919
35926,pop_3,3.084682414170651,2.9073875362672563,7.74676754960009,3.6375685923663594
35927,pop_3,3.14644792754759,2.8214787941521573,7.787291755259196,3.2911282478902026
35928,pop_3,2.5611843533020573,3.2631691557076805,7.888795174860212,3.7047305595708737
35929,pop_3,2.9848216781226946,2.980767586338095,7.762077346661966,3.714026938511152
35930,pop_3,2.571235573864329,3.35415393096849,7.709005679414185,2.7623727517115997
35931,pop_3,3.0190145413974054,2.721539210443811,7.764038636320571,3.0546288250976388
35932,pop_3,3.110923481770985,3.420052839863133,7.980898698441616,3.2412251641327514
35933,pop_3,3.3336391090100577,3.1122422403572085,7.845134230850146,3.1016143948694537
35934,pop_3,2.544183162824573,3.0922525327912416,8.102109445767967,3.193278901147245
35935,pop_3,3.210287003282477,2.9699006109139248,7.864460714322467,3.836433783646563
35936,pop_3,2.8799615108340015,3.0628545716348707,8.164052379012345,3.6701631109243937
35937,pop_3,3.1821991638902882,3.3929512602508423,8.20170001763433,3.602502255077633
35938,pop_3,2.9407374652489153,2.817913256714006,7.851519012870215,3.4124852851096628
35939,pop_3,2.605753384748616,3.4502064312021608,7.919662677804296,3.04081840062466
35940,pop_3,2.8928849947071775,3.1311382458898036,7.29042814829101,3.753665352483521
35941,pop_3,2.864488538138948,3.153422092183501,8.079431506789831,3.144619411162623
35942,pop_3,2.6191447765525337,2.6888235572210992,7.6289496871047024,3.1779233513032876
35943,pop_3,3.0310366532638953,3.084344275192776,8.283527567280872,3.3951008169531947
35944,pop_3,2.92387895945618,3.032997467261624,7.784196992809577,3.435457729265965
35945,pop_3,3.0125137414880725,2.8595701244899026,7.872436351275069,3.4975298548825906
35946,pop_3,2.888708622575946,3.000570572574832,7.754047555231155,3.225940996235616
35947,pop_3,2.840802829411012,3.2140715680264784,7.82396649491786,2.833739484089122
35948,pop_3,3.203572092485774,3.206110899817323,8.144851165512422,3.006168813972254
35949,pop_3,3.041375284494507,3.1381352552050656,8.182313870372369,3.4126032586581623
35950,pop_3,2.973551565153765,3.1368028760663704,7.848892267392235,3.272880606139243
35951,pop_3,2.9275564737220368,2.973757398402893,7.788991486981931,3.220973909926573
35952,pop_3,2.957551448012464,3.1853927325860125,7.8279931980371416,3.2117888201811446
35953,pop_3,3.3776486089525255,2.8961940720906054,7.911433684725654,3.367960368813572
35954,pop_3,2.853367894601887,3.040746585809589,7.377141913088848,3.6941330075957435
35955,pop_3,2.7814392581926524,3.201596483261968,7.778293290512192,3.0544350646572562
35956,pop_3,3.0399733443957984,3.2159884986494465,7.9035142515557855,3.169551842432484
35957,pop_3,2.774275934071053,2.6897492020017233,8.006513711482022,3.103279283485394
35958,pop_3,2.845088828938696,3.1238101135999408,8.165664608586075,2.762529634364932
35959,pop_3,2.277307397815105,3.155281396363099,7.68454518125527,3.029190798714576
35960,pop_3,3.1727578179452003,3.228756530449501,7.812460538509504,3.241894586856331
35961,pop_3,2.9066509681512724,3.1445515961177213,7.830208598262163,3.226084732263545
35962,pop_3,2.878518761197394,2.967788914100579,7.679307632391414,3.536222233093067
35963,pop_3,2.7709043340117923,3.310749791978349,7.519892061743954,3.238574215471922
35964,pop_3,3.1728171974980346,2.923093101000468,7.620298769227697,3.5109297788423866
35965,pop_3,2.9382711803634396,2.827992680052974,7.643747302267571,3.0299475736608232
35966,pop_3,2.7436726281909842,3.1625586898494604,7.791449264567235,3.361734026962741
35967,pop_3,2.8698681132625,2.91811355286699,8.078049457383777,3.5415290670572523
35968,pop_3,3.2528106229481613,3.1569616877983604,7.558257459366362,3.16576844546291
35969,pop_3,2.984751767164142,3.302400828445879,8.266414932007878,3.4836142281479274
35970,pop_3,2.917420023933323,3.1818398546884405,8.103066035988471,3.1823551031271915
35971,pop_3,2.9495368374521305,2.459738067812547,7.705264705627689,4.072200078371663
35972,pop_3,3.0377559812007444,2.937713609139338,7.927043506080095,3.048006001076867
35973,pop_3,2.771738945776025,2.9665624606431917,8.485634680543152,2.8500837037873827
35974,pop_3,3.1376623185068917,2.9145652294148467,8.020383601969343,3.346801530870199
35975,pop_3,2.8491314422334724,3.108690691426772,8.020906127799336,3.1073867694661237
35976,pop_3,3.2025344871448302,2.938650070078175,8.031429485362697,3.162392824846967
35977,pop_3,3.06267920027029,2.797615443727543,7.958453445378547,3.4473469315832577
35978,pop_3,3.073234020034468,3.3072988197648305,8.184377925923108,3.0166635899108463
35979,pop_3,2.971379724070788,3.063609140949248,7.788431259660768,3.0776827998780347
35980,pop_3,2.6454534545476127,3.072683682933985,7.734597369965612,3.6373982428446787
35981,pop_3,2.984813996118091,2.8935846194338346,8.15607156240497,3.4461085384448227
35982,pop_3,2.7074318393701113,3.0495014694330687,7.479555630146029,3.5578591354778113
35983,pop_3,2.9047570430967427,3.182646879167672,8.083448661581944,2.9397675030203656
35984,pop_3,3.051959347610892,3.1247238290150876,8.061222169240072,3.327708301083804
35985,pop_3,2.7626910136227707,2.8015017745384805,8.161950828356755,3.450654029468759
35986,pop_3,2.494254468523779,2.687892390824948,7.450665520838326,3.7898673734886406
35987,pop_3,2.80453207594949,3.0547087649292064,7.899052179993145,3.223721334900197
35988,pop_3,3.0784265498689947,3.227944314528161,7.518733698108439,2.826584622613459
35989,pop_3,2.9378014126214613,3.131145650640687,8.036210229026302,3.2931614046224915
35990,pop_3,2.8932782956898797,3.421779269804045,8.002767133957311,3.0630405254217727
35991,pop_3,2.7940730065852866,3.2287844465438273,7.746516803955763,3.222565797162737
35992,pop_3,3.0492050919925804,2.808071421125904,7.673351396081259,3.6515491736115813
35993,pop_3,3.146591022279096,2.8403052511895073,8.106140107696334,3.571635924619124
35994,pop_3,2.7494611168691976,3.1658097969126073,7.5742498830424765,3.45243969155893
35995,pop_3,2.299924730716717,2.8856816299040458,7.51087457716821,3.785856971968572
35996,pop_3,3.192328145701011,3.059164228253112,8.138462909554473,3.1969036830873923
35997,pop_3,2.6420447953500465,3.0729039214270024,7.954703220704247,3.5188109927632416
35998,pop_3,2.9105170416534567,2.7933264670227045,7.892917676622791,3.3926787728554895
35999,pop_3,2.664209213957864,3.022256900627534,8.327751433353027,3.3803911509656634
44000,pop_4,3.5054323222737307,2.4105449279378415,3.3194619072255085,4.888904066442042
44001,pop_4,3.2161602749909206,2.8641426086939497,2.776323133649438,4.333688048379369
44002,pop_4,2.9861070113257826,2.675704920543173,2.9082941012183188,4.733132270129826
44003,pop_4,3.4127643937936716,2.798229884987969,3.072372972252539,4.362897347932662
44004,pop_4,3.0708853122649624,3.0758310082170106,3.2239426538634604,4.576964459515404
44005,pop_4,3.0634577114480583,2.3058977643050333,3.682999995745725,4.787089820206552
44006,pop_4,3.020211191812341,2.560517558953785,3.1993362705535326,4.532103470777813
44007,pop_4,3.0695088941526185,3.2764652403181564,3.323682383433618,4.3617232231898875
44008,pop_4,2.5571192065189026,2.7794598290035277,3.00849792275937,4.483897111147208
44009,pop_4,3.022754472236554,2.876484397934876,2.9141624137095894,4.559807935942427
44010,pop_4,3.006423103123674,2.5188026690955265,3.5149970870839,3.8858346186216317
44011,pop_4,2.7869408557792736,2.240659348190661,3.546648673538695,4.885754238502605
44012,pop_4,2.973265361756399,2.2270965238827545,3.2819106764101287,4.44979025321844
44013,pop_4,2.969163429053684,2.648453478225171,3.2208715011910503,4.516677055338653
44014,pop_4,3.026591262689287,2.6899952121012607,3.4803708806380054,4.225848835865765
44015,pop_4,3.2795313756301216,2.589647942861314,2.998755503793702,4.145357084301653
44016,pop_4,2.906557334198829,2.4175879841673495,3.2343012821800246,4.470807845376139
44017,pop_4,2.7499950232329313,2.6376457206168897,3.7010805311918404,4.477902884022688
44018,pop_4,2.7984501786465086,2.8070260330309518,3.2169007271080874,4.327035990088269
44019,pop_4,2.8459848716817113,2.655198482348042,3.6683225213900124,4.4979758249992186
44020,pop_4,3.6571591748085375,2.881750473234896,2.6604481026586915,4.417698050529623
44021,pop_4,2.7577547983890875,2.766744901649364,3.501807627421619,4.14626378867482
44022,pop_4,3.1596781257802418,2.750885871638509,2.8217043776508888,4.314330657697215
44023,pop_4,3.2467445854351946,2.7203834863428713,3.3315422548851417,4.510632014775243
44024,pop_4,2.6695395541406985,2.2899071467793393,3.6643841162571973,4.7577945071760475
44025,pop_4,3.0921603431768285,2.374223771169837,3.5657346099716367,4.982166183409799
44026,pop_4,2.811350523353885,2.384354251871464,3.1287221492677615,4.234146375282956
44027,pop_4,3.17747256809558,2.2943334518179808,2.98434517098715,4.344347249411726
44028,pop_4,3.163585374349602,2.9804592288770175,2.6111568633021305,4.06645283443792
44029,pop_4,3.145826712765242,2.7209007623658437,3.3413861237211187,4.097853069763365
44030,pop_4,2.8471613613082547,2.688627148219622,3.265396023043017,4.441382676072163
44031,pop_4,2.9370600344666165,3.0222217113977674,2.9336978438779044,4.372258201108484
44032,pop_4,3.174663732664627,3.053343212243665,3.085297176405653,4.758193560418758
44033,pop_4,3.167388004636546,3.186838662702796,2.823755612233272,3.944726274820508
44034,pop_4,3.0448386375057512,2.8266203424327605,2.991640949459218,4.64898802157594
44035,pop_4,2.8564227606314647,3.073896647213931,2.2646231991347197,4.312587252920438
44036,pop_4,3.316179661237765,2.8215747061366865,3.125471656061216,4.564618134916921
44037,pop_4,3.149703517063748,2.4739249452734087,3.6295642399893744,4.475434058787531
44038,pop_4,2.954577589668513,2.507679086077449,2.6815302793161524,4.242435929196095
44039,pop_4,2.7551899885414555,2.8818876362557497,2.845512317885162,4.172599304631019
44040,pop_4,2.643855692135973,2.448993675875298,3.2304012129560227,4.564328564614404
44041,pop_4,3.071998190998308,3.187165441086715,2.958145587368113,4.1079070044845345
44042,pop_4,2.6886766137921296,2.4918541183612493,3.419064270976568,4.677761287466712
44043,pop_4,2.688777152093774,2.5538591704903433,3.6786810894164073,4.331456169876564
44044,pop_4,2.8262078474145103,2.4549315903630133,3.2042467424920384,4.732074450401783
44045,pop_4,2.9421825189919484,2.770590828191611,3.036192258124357,4.624051298883399
44046,pop_4,2.811229656673409,2.649606588448002,3.4628876535936257,4.7938288560321105
44047,pop_4,3.3181811782640938,2.719495112016957,2.6933299255627476,4.127128955337409
44048,pop_4,3.0225432469998914,2.8052167644516244,3.1888544589983607,4.277927387625795
44049,pop_4,2.6641942193651396,2.742844799735364,3.3406185511362922,4.824223822870919
44050,pop_4,3.0950735533570612,2.6266353932956443,3.223869889609069,4.281051497392836
44051,pop_4,2.828698469057883,2.746075494511308,3.0878409214033655,3.8571254788297855
44052,pop_4,3.2583764361747156,2.4439388157014315,2.6727224672007064,4.215234850937758
44053,pop_4,2.954009681877921,2.7180545606548026,3.0410849145052086,4.385156603855933
44054,pop_4,3.38517967914247,2.7079459566547013,2.831294800143518,4.487157449222987
44055,pop_4,3.0085095992320343,2.8535326403961707,3.424565002309664,4.343653471849436
44056,pop_4,3.2100925771837434,2.6430116665668977,3.6338366270673914,4.507154460399355
44057,pop_4,2.843607358679448,2.6267790167637903,3.3024463966344046,4.630751271144199
44058,pop_4,2.9371380577593484,2.7502011610040147,3.110536781643007,4.693449451495421
44059,pop_4,2.9625767032104977,2.631380621698282,2.9800213799942608,4.3306349498350905
44060,pop_4,3.002959015407247,2.7318201499032324,3.1643508151160753,4.635016748253281
44061,pop_4,2.9865034964690556,2.9516843842794036,3.082607285297749,3.9838332323101993
44062,pop_4,2.8951105842392644,2.6716571867727024,3.0297787913271206,4.242232837644165
44063,pop_4,2.7217852927914317,2.8167293828311557,3.3355390227618527,4.089764279880245
44064,pop_4,2.7800407180778173,2.8229277586598576,3.4707430587336865,4.652922319350839
44065,pop_4,2.5736734054145707,2.7679971920181474,3.1597839792400264,4.018447374117361
44066,pop_4,2.7872599535066165,2.7625501668386137,2.810381480853419,4.5749622110453405
44067,pop_4,2.911119028789759,2.7249063273360816,2.8768231611847477,4.936945211783924
44068,pop_4,2.8734170445161427,2.492272486453732,2.9470649418768935,4.234952075968837
44069,pop_4,3.306341246470832,2.765834341881003,3.3024495049092804,4.108620154096433
44070,pop_4,3.4314620677792718,2.8358331539252633,3.2274640895905513,4.292745692218365
44071,pop_4,3.2581171247114096,2.6671624612532665,3.0733324506229365,4.555779762481987
44072,pop_4,2.8646888297488737,2.6327943392901507,3.0700693240076067,4.47124145064273
44073,pop_4,3.3083732539163893,3.1774925358904587,2.8886960025315007,4.650411007889736
44074,pop_4,3.1482001005031908,2.698026462555188,3.6157559150274494,4.426323535217683
44075,pop_4,3.2010133708226682,2.7455537940834027,2.994687298117945,4.550157416903523
44076,pop_4,2.9462950642039325,3.0922860555363894,3.3862762738438885,4.2425988611214045
44077,pop_4,3.0159172587028222,2.464627468548475,2.7564054522947607,4.16906288384226
44078,pop_4,2.8090592260936855,2.786360996007715,3.3722399049390184,4.3110082801655185
44079,pop_4,2.9729662506839114,2.948766485468557,2.860904881194997,4.341562409987157
44080,pop_4,2.863905888860164,2.520073506099799,2.9636193111137112,4.606310111849035
44081,pop_4,3.3064935524386896,2.286029584885564,3.2297469076349783,5.02095557665907
44082,pop_4,3.043513331175069,2.2789367816758213,3.0780159437973125,4.567859217014162
44083,pop_4,2.860998027107408,2.5920028154501193,3.210499406067532,4.600645199383986
44084,pop_4,2.991021434380116,2.8792539784417546,2.986185756665916,4.31142537999545
44085,pop_4,2.8900129747614782,2.878207369715738,2.938779997484283,4.593070067958433
44086,pop_4,3.020051770127618,3.0258558716599455,3.1788144534763196,3.9734957344365918
44087,pop_4,3.231984189324786,2.5359348623159246,3.3297001457463535,4.493045087975368
44088,pop_4,2.914016048879336,2.9841226774037932,3.234637521252649,4.167392110936571
44089,pop_4,3.24859402901375,2.9003116073982835,2.9843142380513212,4.199289410791895
44090,pop_4,3.058163688753233,2.389935392485479,3.2326003666648315,4.3135989628004765
44091,pop_4,2.911040223699031,2.820979115394861,3.012768469592684,4.333420269932289
44092,pop_4,2.9558211420044005,3.088355315098468,3.0051248817138894,4.060453875779328
44093,pop_4,3.1788448753994816,2.8327739054405137,2.9210698056210593,4.41766988199112
44094,pop_4,2.942780615498716,2.3791571466922945,3.2259199360398476,4.956778614438674
44095,pop_4,2.77363908173098,2.963154726467633,2.8960269237777414,3.9393010159258264
44096,pop_4,2.9333949180804906,2.6956164746869207,3.3793449715126296,4.240460184663409
44097,pop_4,3.181692587713327,2.3768215671525588,3.61363454273874,4.537776079059029
44098,pop_4,2.9728705558931763,2.3361583310118155,2.9406946385796315,4.459527331664519
44099,pop_4,2.734305487752877,2.786769864807058,3.392444434791604,4.477325286261229
44100,pop_4,3.1779958463627076,2.528779313346768,2.722133952328061,4.802315587889933
44101,pop_4,3.1215146730981407,2.7227275213382627,3.5648628477806334,4.536831436933972
44102,pop_4,2.8220266487781083,2.8340115822283116,3.0277771101725186,4.216289279239281
44103,pop_4,2.6561820603944883,2.427582693030764,3.258222488938774,4.173051153897061
44104,pop_4,2.9039375008227917,2.344988543435595,3.0621538406431426,4.320026629693143
44105,pop_4,3.1198645791685085,2.588546003058245,2.8945800984824146,4.237310119581371
44106,pop_4,3.0117537010449977,2.5030070298960743,2.9944400168671144,4.740380665086228
44107,pop_4,2.8497545178439405,3.135054130986093,2.6840969035635243,4.436647172933593
44108,pop_4,2.9700031075200273,2.4172205969781198,3.2261375866405677,4.640771915202443
44109,pop_4,2.8505651523735582,2.5112268706913463,3.278859961819658,5.070301217229079
44110,pop_4,3.286493473799609,2.4356695177388743,3.345048291370681,4.348419470360966
44111,pop_4,3.1584253734050884,2.421401415091811,2.7938504997839178,4.261001581453178
44112,pop_4,3.3916533676258878,2.6791596328518326,3.13752471321959,4.008372274192139
44113,pop_4,3.1891750288377834,2.53084843119429,2.9831690663225614,4.423610545079127
44114,pop_4,3.0057799144246156,2.6176104050041276,2.8162389125369502,4.583478253023007
44115,pop_4,3.4225145265656005,2.8014194379176254,3.1588368036027856,3.9228287843125633
44116,pop_4,3.199849273071889,2.2121127352464667,3.0935064929409184,4.8095697249793306
44117,pop_4,2.843717320365319,2.6747564421448162,3.526486909011596,4.405017179548657
44118,pop_4,2.9592397720347705,2.5210530567435163,3.5304544852970348,4.763172591601634
44119,pop_4,3.0985250641480357,2.870539696818289,2.8836068336534972,4.358091400614781
44120,pop_4,2.944183526170876,2.6440278489696674,2.6151555146125225,4.1515049971936655
44121,pop_4,3.3532853370334426,2.7130078786357705,3.1183998285640366,4.339414095596245
44122,pop_4,3.013805882174869,2.6784579702017264,3.5026228759585507,4.251175952018803
44123,pop_4,3.0115989381589334,2.1845073651047944,3.0645272372362005,4.369037625755357
44124,pop_4,2.9215778109108776,2.9246841516320354,3.237754584918765,4.436438811717077
44125,pop_4,2.6039363014883934,2.9957146147708738,3.187041483385628,3.93213586055349
44126,pop_4,2.6729221895182835,2.918442363635319,3.667871790367305,4.4829505461744805
44127,pop_4,3.0172020959115406,2.8098364996226337,3.651609476229158,4.588456748134453
44128,pop_4,2.8178041475097104,2.5469627531722363,3.4776752574631655,4.442799429179217
44129,pop_4,3.1068652969136266,2.804805030824146,3.070225277057741,4.409597471128441
44130,pop_4,2.892219316086197,3.0838244646943727,3.2117749183112707,4.385548462623191
44131,pop_4,2.8363116874283545,2.643957753982917,3.1916911843502334,4.846473021643382
44132,pop_4,2.9728628715485264,2.389386459840808,3.4885573347120586,4.325421506617778
44133,pop_4,2.974094529961583,2.25235491636288,3.9235934942954875,4.2065437624350945
44134,pop_4,2.9752697439996068,2.67950689455809,3.001257677404545,4.173853381609774
44135,pop_4,3.194184614583432,2.9667084631858844,2.969609872421374,4.121842703228314
44136,pop_4,2.795391191718403,2.8904645865908707,2.947374527564577,4.578254409124618
44137,pop_4,2.8694486183737498,2.3979891986816213,3.5066551959859438,4.422522407000297
44138,pop_4,3.363590844429244,2.745596872510521,2.7841150203064147,4.6341512817417225
44139,pop_4,2.9291266888805914,2.4730424509230216,3.076753886725218,4.332698000106171
44140,pop_4,3.112553756820756,2.7880840564546494,2.4395683284430865,4.608912386884006
44141,pop_4,2.9418229485000995,2.5616558913570477,3.542232794175281,4.503172464309264
44142,pop_4,2.7633310907434154,2.515063539467429,3.2842657923836858,4.577791869758669
44143,pop_4,2.708538919874047,2.7176634187238595,3.2827475426727046,4.655803467733978
44144,pop_4,2.909795734791789,2.6861091398723564,2.847585593235015,4.47180891055813
44145,pop_4,2.797628059871209,2.2603577279457663,3.4145224281743425,4.491498005180543
44146,pop_4,3.1061821683530555,3.1492059664214676,2.3690783483757247,4.19302480166717
44147,pop_4,3.1782170465737702,3.1880528728041546,2.4062015803147965,4.557827750980534
44148,pop_4,2.851651811959683,2.6717788225253414,3.283217271261359,4.41508553494068
44149,pop_4,3.0673806590499773,2.918391796542946,3.340539043533056,3.825532138481004
44150,pop_4,2.598271560175038,2.7634211351648847,3.394734063713391,4.321638283860912
44151,pop_4,3.079780273154906,3.2495598957068554,3.5900873809803056,4.419716773078905
44152,pop_4,2.680389955014942,2.787272446878594,3.4145031887040074,4.651600333435754
44153,pop_4,2.917947117169651,2.440443049306725,3.08164699945409,4.508590746107646
44154,pop_4,3.0321502601208707,2.9460425271551705,3.132581283872121,4.582643296125338
44155,pop_4,3.1662193220560066,2.8175932859204305,2.8110748627798996,4.122759521720249
44156,pop_4,3.018909628551549,2.8018571430438377,3.299836674461367,4.293616397128139
44157,pop_4,3.2919090294944784,2.6405261338433434,2.6980553270489374,4.315008143731539
44158,pop_4,2.711841408754282,2.6558174010686253,2.7725719322877036,4.4029965766296435
44159,pop_4,2.9028354893461494,2.3785859936553777,3.4225689425916386,4.458345673072983
44160,pop_4,2.762178176893261,2.356204736063672,2.913976283089745,4.603672933268632
44161,pop_4,2.995493043906595,2.675744371979178,3.4643342295506705,4.32176152326264
44162,pop_4,3.0238495707403117,2.643605939805732,3.1114505511911754,4.292742663987625
44163,pop_4,2.7475624836087302,2.5605643230207864,3.514394215629534,4.590902575723101
44164,pop_4,2.845339067114086,2.707767949937141,3.0533030620236303,4.2898689584401
44165,pop_4,3.0873746544999725,2.2723695345896853,3.1994282114619024,4.7358307590896125
44166,pop_4,3.0270053898110243,3.097302629754771,3.082210641385247,4.199879892355606
44167,pop_4,3.090715529047698,2.8962900248068055,2.8788290031327795,4.254454672556592
44168,pop_4,3.0007365282541114,2.268924497530218,2.8772034480109463,4.38023853218646
44169,pop_4,3.045446621875271,2.78108380430353,2.771255449211463,4.289176620753595
44170,pop_4,2.763895706070416,2.8272455155793565,3.33811393582168,4.561122268655163
44171,pop_4,3.2863874092026175,2.8670724841061004,3.4745163062965267,4.294894165738567
44172,pop_4,3.0665670772933034,2.9577748123034286,2.9443214390059995,3.948989771692069
44173,pop_4,2.717992973241575,2.898378765984891,2.9893333114610052,4.281745931811019
44174,pop_4,3.1440297000958526,2.6894907890989384,3.2104852631826684,4.560946428224225
44175,pop_4,3.1619632717651482,2.5938531631954027,3.294248698270634,4.279409766935654
44176,pop_4,2.9101579960241053,2.468624227612552,3.2601950929630146,4.6045135407552085
44177,pop_4,2.9448457722412313,2.7043013943934393,3.608233701854106,4.067017470691342
44178,pop_4,3.292843384178716,2.971648124883089,3.0599603206161508,4.485216325784886
44179,pop_4,2.8415562357917654,2.654462867821058,3.278705853245216,4.738164764089146
44180,pop_4,2.6773942173257756,2.3398310287680384,3.4757327704620415,4.620737436755498
44181,pop_4,2.9554717197289215,3.1987237222632534,2.9828943647621298,4.227497819135851
44182,pop_4,2.840401456910799,3.010558975360813,2.962620313619602,4.277021839212707
44183,pop_4,3.175623152693774,2.7940996238698075,2.846328458461829,4.110821742748981
44184,pop_4,3.1881787836844024,3.229717637290472,2.8063464602746317,4.279291485253154
44185,pop_4,3.199805866038732,2.9900074485378614,3.2297096323187473,4.189609967377669
44186,pop_4,3.3296018402430305,3.202859460793645,2.9325680765281055,4.287590322551143
44187,pop_4,2.4089659931733953,2.4857642833389213,3.5129734538845727,4.468245377259034
44188,pop_4,3.3637341099234197,2.415961645874213,2.826765191260808,4.506469758552964
44189,pop_4,3.220867020737951,2.6150785070492435,2.8355601643076334,4.444221717205903
44190,pop_4,2.5885212771907034,2.986754247841848,2.723001270018483,4.207943606654309
44191,pop_4,2.9196506636098145,2.6535339815919508,3.0029029717077087,4.7150319255085
44192,pop_4,2.6188229555148412,3.112355123961708,3.1691846381283146,4.190056704887937
44193,pop_4,2.9847742450676904,2.6400296585986376,3.6538577262492797,4.478829772681396
44194,pop_4,3.1234497295679695,2.7024858602041806,3.4161492266744906,4.461332994344694
44195,pop_4,3.018304764633253,2.481143475890928,3.3296319652551314,4.798864239232744
44196,pop_4,2.897626962842007,2.632997413186683,3.421400654836847,4.6084980258689665
44197,pop_4,3.5796745386361026,2.6894120200406144,3.0275303204247437,4.540149155084574
44198,pop_4,3.079681317994537,2.85362002014578,2.93942702414412,4.355568644658505
44199,pop_4,3.3391823175123956,2.9519808331695767,3.3347319119782575,3.9461844188002697
44200,pop_4,3.0317716413771536,2.7824701788208674,3.2537970502545255,4.56803171052769
44201,pop_4,2.6451228757487617,2.6499779188009063,3.6798834650271948,4.5942469908565755
44202,pop_4,2.7007203485335025,2.9467017965652764,3.3228455930586893,4.4595204487515785
44203,pop_4,2.964223879653148,2.4346141371979617,3.0698379853624105,4.262723425432311
44204,pop_4,3.053521334449619,2.753194682565667,3.210238341491816,4.342974082475164
44205,pop_4,3.2438090436007814,2.7992445310322327,2.790287670570566,3.9774405515252202
44206,pop_4,3.0966649125217476,2.9944893777237636,3.0299031935288037,3.9635032165509507
44207,pop_4,2.9536610087012836,2.859454585473042,3.400046553240374,3.988181706210594
44208,pop_4,2.9361662185087893,2.575358841739023,3.507876054018197,4.401400771232088
44209,pop_4,3.016619645027437,2.7699896585282437,3.459050934718608,4.282697303444796
44210,pop_4,2.8185968050025387,2.6334723813966248,3.327906780074335,4.511065310920127
44211,pop_4,2.913994102432338,2.7503881014532947,3.5850534691929403,4.566576483980479
44212,pop_4,2.946494774534165,2.61594700008222,3.1964163635096567,4.647835899344063
44213,pop_4,2.8173892630659227,2.766023849260306,3.089137301537212,4.363235311431272
44214,pop_4,2.581922548254857,2.7773203986210864,3.2755324296877446,4.650917411835691
44215,pop_4,3.0980020799940946,2.854633987466078,3.099059295368049,4.383082617963386
44216,pop_4,2.8404878087043337,2.8962246143795034,3.2148791883905465,4.478798594821227
44217,pop_4,3.2776529004935253,3.1183864136733144,2.415298758694654,4.435307961642971
44218,pop_4,3.1349938884380197,2.423849503292023,3.089789924058959,4.5271633649141405
44219,pop_4,2.9655382657240867,2.5171991784745305,3.477372256845468,4.570582438135241
44220,pop_4,2.4496798208870527,2.546990656208428,3.1509408206800615,4.119865237364716
44221,pop_4,3.1614868921188988,2.9495187180235023,3.3321590827633845,4.043721862660602
44222,pop_4,3.200943824327274,3.2446346304955114,2.586571584622042,4.274214544553832
44223,pop_4,3.147978974723343,3.0882825772554834,2.869379537253645,4.200193672352754
44224,pop_4,3.0513215854253906,2.6229212653999707,2.9129066172356044,3.900297015788606
44225,pop_4,2.93131252328486,2.600696082087039,3.100901321583028,4.4228945300883495
44226,pop_4,2.6078542209061375,2.7771451926937942,3.317763116626503,4.4348994545958265
44227,pop_4,3.212486593335346,2.6204629800278303,3.068685573035652,4.301887298555517
44228,pop_4,2.8174589800545133,2.8030316720353463,3.443818471180214,4.21632788015631
44229,pop_4,2.992504765180932,2.661108548085652,3.0165664173317754,4.349529084752163
44230,pop_4,2.7579524493455327,3.0072811495494034,3.1135863427897816,4.299231338388577
44231,pop_4,2.910336820194491,2.4965138221315284,3.5027803139238953,4.295170616614978
44232,pop_4,3.2183316332111422,2.8115262961883616,2.8103185604171452,4.243326327992004
44233,pop_4,2.675832853184801,2.878384829439289,3.224049369701335,4.428651454406871
44234,pop_4,3.3407274397495215,2.3350770180377753,3.224021336934458,4.4672842093478815
44235,pop_4,2.9257213605202947,2.1480219217882834,3.500079912801873,4.28620820413574
44236,pop_4,3.114452441883702,3.0229678615091724,2.768035936831376,4.23541810228308
44237,pop_4,2.880958569507741,2.8223291725960835,2.7074953584570487,4.415959227542879
44238,pop_4,2.940959807316915,2.885267204943098,2.8052938461070305,4.2873573006281065
44239,pop_4,2.8688303708619296,2.8844721875628805,3.211703603622246,4.404608259173002
44240,pop_4,2.8772832392092793,2.6789113344182405,3.5867748929819285,4.587992239862088
44241,pop_4,2.9903082607110125,3.0532369371581862,3.3045089844095488,4.048261926952945
44242,pop_4,3.277911228332375,2.6088711770661472,2.993076585566813,4.479816152777384
44243,pop_4,2.750034810125302,2.6339403085478277,3.2011142177631196,4.278532615356863
44244,pop_4,2.9462924202175884,2.8773602564375045,3.2274292069163346,4.2378370060968615
44245,pop_4,3.255393542001996,3.203684539561072,2.7212694681428125,4.525097458804264
44246,pop_4,3.3304612522918466,3.2050675473914962,3.051775156769584,4.3748432436952776
44247,pop_4,2.9108085910097206,2.441765952821407,3.229143563139827,4.392471039365787
44248,pop_4,2.9102106832545864,2.827239831693089,3.3645929178614145,4.5467056875134215
44249,pop_4,2.90077322088715,3.0656400115446734,3.0109076003534634,4.213268343096719
44250,pop_4,3.268250441103974,2.7642922545111346,3.583789048922348,4.053389572630199
44251,pop_4,2.922291149741085,2.629921628021569,3.264111488206713,4.386325186681137
44252,pop_4,3.2517905184163785,2.7432255135140635,3.2328607205697817,4.365566924873669
44253,pop_4,3.2377117619339346,2.774121906037919,2.951320073052585,4.10520691983919
44254,pop_4,3.2783688077728774,2.710712271315653,2.903910325148799,4.366205995079926
44255,pop_4,2.6783338356248243,2.7171283699679925,3.4336514764365833,4.250677409506784
44256,pop_4,2.5682948097519884,2.665616775236631,3.3215643162096145,4.430424984094237
44257,pop_4,2.9017308874612517,2.715541769392136,2.839385731652526,4.218414361787556
44258,pop_4,2.9936157271154595,2.545960536269482,3.175904557191343,4.284420983636606
44259,pop_4,3.547376325100003,2.80818348773922,2.814236541206477,4.116762855020212
44260,pop_4,2.870459626013729,2.753387671084657,3.3038106365603337,4.447645237538439
44261,pop_4,2.9965017932656166,2.638997130098027,3.1411561267781862,4.632148947563668
44262,pop_4,2.6220785369389716,2.9163224723346604,3.4738026924466126,4.093258671343244
44263,pop_4,2.8461879535550247,2.561826555432575,3.4882167767643755,4.324155377591436
44264,pop_4,3.0488636999692407,2.4977553969865083,3.260246454583323,4.549660880306711
44265,pop_4,2.90758025940299,2.3208148116656964,3.239662559879863,4.745371126328451
44266,pop_4,3.3291526876474977,2.9333859593803036,2.951729642867716,4.133358007989446
44267,pop_4,2.845356330536183,2.8204005475419236,3.564438797524952,4.364232255668326
44268,pop_4,3.064360941026136,2.8462839487847624,2.8539542360410333,4.3396075211962675
44269,pop_4,3.0828444172810787,2.9468215924717764,2.780029889248691,4.175272833529333
44270,pop_4,3.0289578904414385,2.7297503949467963,3.468948674253914,4.439226348794386
44271,pop_4,2.7924785659531572,2.967828764350628,3.1178939899068845,4.431667167071501
44272,pop_4,2.625881350558682,3.0245169476899103,3.010628984933117,4.367448844599797
44273,pop_4,2.818279249130649,2.6855045021889126,3.064711276634868,4.144118524148582
44274,pop_4,2.991339201224412,2.406879386016947,2.996556399114399,4.542058376870843
44275,pop_4,3.0140266219323144,2.4847300469751508,3.000334996167374,4.638479440895363
44276,pop_4,3.038598419274591,2.712830472767614,3.3822183264013,4.074954528152406
44277,pop_4,2.9365067061022607,2.6014475044755914,3.6136136975735527,4.349111635006061
44278,pop_4,2.88934146012581,2.78022581120188,3.641373370637789,4.344354850429021
44279,pop_4,2.558903139518458,2.4785154110112964,3.421212722795464,4.349822342760692
44280,pop_4,3.181606163534941,2.715820897883209,3.3589198481965594,4.703732450677306
44281,pop_4,2.854948425700927,2.738165772864228,2.9775530515747226,4.394612503290589
44282,pop_4,3.0122936381873844,2.5528179402384277,3.1285811659870357,4.393310632527905
44283,pop_4,3.0542673542797,2.765240060488122,3.1084472143862896,4.196018477484534
44284,pop_4,2.9851546032008787,3.1300077880234993,3.254215013573185,4.494087683204596
44285,pop_4,2.7965706779973196,2.776366103677313,3.2012254416292087,4.487821161579161
44286,pop_4,3.1472987190017845,2.7125266091153684,3.346502328271178,4.021715476175792
44287,pop_4,2.8705500603902636,2.6108594115115205,2.9448417918309797,4.604268392063794
44288,pop_4,3.313587205535382,2.7533030677009283,3.1778295586483507,4.281212391443583
44289,pop_4,3.026117264690058,3.0969147066706135,2.998648194620305,4.459828035214499
44290,pop_4,2.838169545886426,3.2487391477123424,3.9598933885784198,4.990023948792593
44291,pop_4,3.3149612871395147,2.537836321824769,3.2983047018922784,4.71772198884237
44292,pop_4,3.0023849311487107,2.632013321111495,2.7740230716869423,4.607111080761607
44293,pop_4,3.523336151338178,3.2708795314053773,2.770367559388289,4.140538622650418
44294,pop_4,3.1113981986028554,3.0514998265532984,3.0216627039405823,4.246998831580538
44295,pop_4,3.0186356562444043,2.8330555205148107,3.1266708191072965,4.755105010390262
44296,pop_4,3.083771738734565,2.939574350375837,3.2170361540892474,4.420040783900649
44297,pop_4,3.1818480629911905,2.8287921833455805,2.499139116843086,4.1914322796234895
44298,pop_4,3.2479908723367785,2.8767613098555795,3.2443820165987702,4.285724399075599
44299,pop_4,2.8818257833118834,2.813540686308891,3.212249358058183,4.1895894313816795
44300,pop_4,3.1438653323708845,2.676718679248918,3.1080676683888147,4.3033070357888485
44301,pop_4,3.0184055026527625,2.8220022925961077,3.2899600853463697,4.519035906164298
44302,pop_4,3.050089740307306,2.462229943412717,2.90413907228841,4.250114698699196
44303,pop_4,2.820709716563578,3.2200424337889504,2.8744891955379366,4.394883025870117
44304,pop_4,2.981366678211044,2.6620164748718507,2.8763997033866424,4.408761397830689
44305,pop_4,3.1407570046050957,2.71354348978052,3.0430399357724274,4.270221543860568
44306,pop_4,2.885715281845518,2.3626275346872427,3.484527045729398,4.504105725784037
44307,pop_4,2.814118440421183,2.416129507943563,3.2075986375714054,4.385579687156687
44308,pop_4,3.100753491524192,2.281502837815761,2.9492447540076316,4.573063910249651
44309,pop_4,2.819351941550915,3.1109304728149176,3.4867065240748287,4.374732156089377
44310,pop_4,3.0297548852311307,2.6661196013735284,3.014117574504946,4.329983503183389
44311,pop_4,2.6995021258874674,2.21226292533335,3.399875926415369,4.577907171544329
44312,pop_4,2.890082295216296,2.8977655233390256,3.4656596976981975,4.3731819123946645
44313,pop_4,3.5606824355249014,2.507908942847236,2.9371782957711483,4.348737637556165
44314,pop_4,2.8405453010896,2.7636512752739693,3.058241915412061,3.961446629564744
44315,pop_4,2.849634838191974,2.76467352672868,3.1878608910646777,4.368369036965262
44316,pop_4,3.218378238285965,2.6916359112381163,2.766357443851117,4.487656810865692
44317,pop_4,2.9348425224611647,2.6073284209798957,2.956223122681945,4.455922077280963
44318,pop_4,3.121536170875382,2.4464410696229186,2.591895778947026,4.3692635870933385
44319,pop_4,3.1675731575915362,2.366015202101488,3.3882904987162625,4.336826649336489
44320,pop_4,2.707447095674297,2.4837548345381553,2.8447164073533617,4.144831617499752
44321,pop_4,2.6919639806955145,2.9033303280585363,3.783953194449683,4.377326936802733
44322,pop_4,3.0083418623377445,2.649713723701987,2.8172739857219558,4.154576216021897
44323,pop_4,2.7961193218227383,2.7785180872143167,2.839990444012724,4.347964967834013
44324,pop_4,3.206069350411758,2.773585243830612,3.0334275842230376,4.414689343101916
44325,pop_4,2.911550489443091,2.384347072648039,3.64576729022156,4.721116589270835
44326,pop_4,3.141003359355689,2.3638711594850714,3.481448765010434,4.726452055781791
44327,pop_4,3.01683124397621,3.044606953614009,3.1499480241512434,4.645175062279126
44328,pop_4,2.88952589252516,2.6615769640377964,3.192429896124113,4.27844909432411
44329,pop_4,2.745121944769791,2.7450388432381683,3.553337059000484,4.398463053249901
44330,pop_4,3.0900501125096977,2.9503851664956486,2.7369221299740167,4.107533699157626
44331,pop_4,2.698968257520752,2.5659924152726408,2.8935570562523547,4.285631322762781
44332,pop_4,2.998358831696154,2.7690286913929802,3.209383399722056,4.2921125504752595
44333,pop_4,3.154585843090795,2.305573217568578,3.135115377457406,4.733492327833372
44334,pop_4,2.853608855280605,2.7707223787445314,3.1560895259424098,4.378609765447007
44335,pop_4,2.9023366489693827,2.564235634588801,3.4953781793065386,4.671446337947132
44336,pop_4,3.5052739086316906,2.5662339123528475,2.767735466688327,4.433078213672582
44337,pop_4,2.7871771842576707,2.4613641783105473,3.101221807608817,4.6223117565358445
44338,pop_4,2.803428931239798,2.6808690559993154,3.8630995860456023,4.787635371159003
44339,pop_4,3.0729722378915283,2.967082568715415,2.5441566206991637,3.767418450615067
44340,pop_4,3.212301489057492,3.0076153981411764,2.9392813380519476,4.30085895053681
44341,pop_4,3.080820353829318,2.9221065792275773,2.8396455218251444,4.170173368953593
44342,pop_4,3.097613666735262,2.5034101151249315,3.2442737777832793,4.579867974194233
44343,pop_4,3.3042033554064134,2.4227805458347618,2.6843513824505907,4.54934792630729
44344,pop_4,2.8880249350980725,2.791243494537474,2.9947727528412695,4.182569742353874
44345,pop_4,2.8011039636893518,2.6178207125096846,3.0577951240938965,4.672074568615577
44346,pop_4,3.3158840382481043,2.681548508048317,2.972841920868996,4.380543434571796
44347,pop_4,2.970387276992177,2.594096592886375,3.4785235156630714,4.52687820069624
44348,pop_4,2.8238055043956143,2.859524240864905,3.9212812528329115,4.515486499105216
44349,pop_4,3.1747120988983952,2.920068608107255,3.2064786048566556,4.14734054844441
44350,pop_4,2.576920054697019,2.7602412399934875,3.6438185588067773,4.680318189092203
44351,pop_4,2.8619764009357076,3.127021724828482,3.273044854252773,4.316894845286847
44352,pop_4,3.0418225405768426,2.8723567861257977,3.1945291077675706,4.1448340138686515
44353,pop_4,2.7733513792209923,2.754923590134984,3.1181731032868316,4.520644732699118
44354,pop_4,2.956949694967746,2.292737440400646,3.699925537686244,4.555937023297864
44355,pop_4,3.1062074064613077,2.7636274575835142,3.2490740082449636,4.279316747172558
44356,pop_4,3.1336866016775327,2.6527108009292553,2.908302847331913,4.3791376277292855
44357,pop_4,2.7014604881508095,2.260707148821981,3.4318271830920253,4.883620418522014
44358,pop_4,2.7460617539371133,3.1231546198453657,3.2200900739692853,4.2736853464560935
44359,pop_4,2.823282066095613,2.826767503451739,3.2046263191046482,4.10543546249647
44360,pop_4,3.2972809931337537,2.731524475309168,3.0781584538391544,4.2135467439023335
44361,pop_4,3.28878177435573,3.0391138469498697,2.681314757377118,4.390199403540207
44362,pop_4,2.702623083714051,2.3592174981785083,3.527391994141048,4.57609735287209
44363,pop_4,2.807418127775683,2.744735867119481,3.4911415679267734,4.671316547550147
44364,pop_4,3.1637506155637576,2.404026231608248,3.0431133158588937,4.50825082189999
44365,pop_4,2.9503904266836782,2.3610072350527207,3.103435768802305,4.7528543478745116
44366,pop_4,3.3447816602644576,2.3675227808353716,3.4962803625360066,4.490732644498635
44367,pop_4,2.6033403296253654,2.543279765818901,3.392850970289354,4.267645926394882
44368,pop_4,2.8056003406881924,2.8533818734368017,3.151784132192695,4.460329714015306
44369,pop_4,2.9267524791486266,2.53121399609523,3.068086112281355,4.36338603885676
44370,pop_4,3.070731573302625,2.474495765246192,3.520144831942482,3.97583797376841
44371,pop_4,2.7257723326287,2.458980582165664,3.3877967240179583,4.320430144308166
44372,pop_4,3.1030790173392617,3.0487354938896067,3.711770057112253,4.339378205127473
44373,pop_4,2.9769284990919447,2.4624496935481828,3.5374729356542582,4.737773931367608
44374,pop_4,3.0685434201417197,2.9064337030247818,3.171502088630595,4.329566514864961
44375,pop_4,3.30006844157306,2.541133475128235,3.3134231780666026,4.444100525014587
44376,pop_4,2.9881638777815365,2.635813180427451,3.134238743232641,4.463740997221013
44377,pop_4,2.8433693884644256,2.776609044089599,3.257288903458235,4.406758632151331
44378,pop_4,2.8899276949488133,3.158803955316131,2.9598854565572865,4.3265754737073525
44379,pop_4,2.4301689011522116,2.9826035634075088,3.1410049963310165,4.3227989580486605
44380,pop_4,3.013228472886434,3.422504157789998,3.177652782651884,4.527287504386076
44381,pop_4,3.313452353684042,2.7978426124950744,2.8027117296130593,3.9972038196801947
44382,pop_4,3.2858599598753067,2.816380914153111,3.1496011309092884,4.251656130465092
44383,pop_4,3.034504519265961,2.8645039733612414,3.0376513834456427,4.338283156937304
44384,pop_4,3.0834490251302844,2.7709112894026457,2.821841460243846,4.48976167679442
44385,pop_4,3.094267269329433,2.7392653156902558,3.128067555468919,4.337850424391076
44386,pop_4,2.839380141515522,3.0156274828132887,3.3416783465028184,4.1130438401400315
44387,pop_4,3.1919243636497225,3.0561448553810457,3.2155176836664126,4.179019109273258
44388,pop_4,3.040686837219602,2.643945749489279,3.0011190727321035,4.468712017873783
44389,pop_4,3.0298284027442555,2.6730540401705882,2.949426846391852,4.450624267394461
44390,pop_4,2.9991403162234076,2.5180151546509393,3.3260920657684023,4.72504296330533
44391,pop_4,2.923683823347698,2.220677124327789,3.529852313190585,4.419348961956451
44392,pop_4,3.2151431184237778,2.1596412270208223,3.649793884730805,4.982214283858073
44393,pop_4,2.604195716164758,2.9321586744224533,2.941990325214373,4.3738610438365795
44394,pop_4,3.059053463381921,2.9978118181609403,2.9600467988506685,4.379640802370982
44395,pop_4,2.94234277004444,2.9335856430588803,2.9360058810248386,4.390614004827687
44396,pop_4,2.8493232666629207,3.008591007795406,2.892486264980601,4.808231731289921
44397,pop_4,3.4134765690601467,2.6258087136284107,2.874594233034685,4.411408519235592
44398,pop_4,3.0859299186552227,2.7869054778834768,2.818005545680601,4.11956470348244
44399,pop_4,3.354279010167784,2.638711131340351,3.0081170253433918,4.171484827699592
44400,pop_4,2.9162155781326553,2.7408243893719653,3.030514150431865,4.335829148246469
44401,pop_4,2.9452499760522466,2.4665794227330027,3.35654073133716,4.679220369164056
44402,pop_4,2.6277999865510475,2.8931177440212736,3.2708352077485263,4.395823866392474
44403,pop_4,2.8707914703155035,3.0325442868280126,3.2101817162098745,4.0976551021214185
44404,pop_4,3.008574225244522,2.61496344858847,3.0217713276672535,4.445806991681475
44405,pop_4,2.7857524580197626,2.742046207817331,2.971547032476231,4.712876802121953
44406,pop_4,3.094008347941978,2.6637506387803005,3.06322365969046,4.542952069966978
44407,pop_4,2.976124082506262,2.41504684039502,3.5858081146247245,4.8911896451596375
44408,pop_4,3.2690800959403647,2.852405241090688,2.789924154256653,4.48968774860392
44409,pop_4,2.785961653333808,2.3964177459998424,3.340985631322206,4.537212588269812
44410,pop_4,3.103068232519138,2.5399529388098907,3.6005406762607852,4.5942001409872955
44411,pop_4,3.231921766018701,2.7992440723834378,2.5341205948381385,4.564392412469825
44412,pop_4,3.034288685350905,2.8527948377755465,3.178639519364504,4.60525014180607
44413,pop_4,2.9950193991272807,2.7429227289787335,3.2834703866207633,4.670746090253147
44414,pop_4,3.074782708549026,2.736430911195948,3.0091491603439895,4.3323585722766
44415,pop_4,2.7467358414217893,2.7582465900693593,3.3318962259890132,4.273417154827849
44416,pop_4,3.382210234318294,2.423944548023396,2.992001039157467,4.551314959588384
44417,pop_4,3.05305325021953,2.9116322373677708,2.9958311327453333,4.315972289574321
44418,pop_4,2.8726669832220515,2.4223052064502424,2.7229094987299662,4.351000765209608
44419,pop_4,3.1191302855882777,2.6291158031260142,2.854520656697929,4.585549438522094
44420,pop_4,2.74430674698463,2.9689149028502695,3.308975292080024,4.805787262611521
44421,pop_4,2.8202895795963423,2.68420467669764,3.6376409025940033,4.510825113216042
44422,pop_4,2.6434138092526123,2.7087098578392927,3.038638575002428,4.2330562277200015
44423,pop_4,2.572412910609393,2.2517502461052996,3.289732155782387,4.669137983505627
44424,pop_4,3.2886766253597663,2.7673068169841417,3.389753619407365,4.177995692291249
44425,pop_4,2.9296125459776268,2.183921947177767,3.2500234480923758,4.823218957575056
44426,pop_4,2.9658205691567403,2.623621361425486,3.164035309657505,4.41664082210343
44427,pop_4,3.000212671714516,3.0188391046405734,3.1927708872706817,4.73343259577668
44428,pop_4,3.2802017746508083,3.0719181048127115,2.9911531775738007,3.918432694044837
44429,pop_4,3.213770817050405,2.8893268080875596,2.851789243219346,4.187761098494405
44430,pop_4,3.110578600303624,2.646917452266618,3.209853791031806,4.4439275314277955
44431,pop_4,3.0035357770852187,2.9897553897683284,2.9826929959519486,4.200910045522944
44432,pop_4,3.1672771692820767,2.7405172463116934,2.9447916871683044,4.365670443100046
44433,pop_4,2.7754006572208527,2.5643983943000905,3.1566368528140187,4.115724403232724
44434,pop_4,3.013471434534973,2.7835041317645848,3.2642824431655404,4.181957347752356
44435,pop_4,2.937493336529801,2.963976125698709,2.8862839482534675,4.351164322809757
44436,pop_4,3.2210878487796153,2.6684532903546834,3.7408414114323363,4.867266880723533
44437,pop_4,2.99252724896657,2.167063347856436,3.3392764295163007,4.238711395649063
44438,pop_4,2.989652936580017,2.7279075242534594,3.090274614902974,3.8298545400752753
44439,pop_4,3.0312001821482952,2.5697218420128745,3.4632734790645716,4.536913682176248
44440,pop_4,2.8711848911274926,2.787064450643724,2.6783181764495816,4.398764214289932
44441,pop_4,3.2136309768325146,2.6972413146664853,2.7213225117986855,4.641175076594149
44442,pop_4,3.0248534144926613,3.1213448075073256,3.1432384784093226,4.369061880355168
44443,pop_4,2.9837191136390198,2.422945419938585,3.234204417750747,4.685388102927369
44444,pop_4,3.1852454565963764,2.9016330554451537,2.9401552880120123,4.277965844828956
44445,pop_4,2.8902947241562633,2.768673610135379,3.0415210375282267,4.308780651921545
44446,pop_4,3.2582646697785713,2.7941647829549088,3.4190186889875314,4.612658230046819
44447,pop_4,2.925035581524731,2.569331285963573,2.9484057776646297,4.324229733837814
44448,pop_4,2.9414388198274257,2.1096548417108543,3.327521332742668,4.424080514863811
44449,pop_4,3.0808599090480304,2.8575112446414077,3.2274746070780305,4.424742701804029
44450,pop_4,2.7216443581810994,2.831923534969033,3.4002310756363423,4.490975234256441
44451,pop_4,2.540698276854595,2.536994354280734,2.8699175105013404,4.725685179567901
44452,pop_4,3.433473963352996,2.6569751137044064,3.075255305668466,4.190345631474356
44453,pop_4,3.2459989824793674,2.9171818693549225,3.132505274172268,4.455235805958877
44454,pop_4,3.1452727017077935,2.4959163260912,3.413505713119828,4.4054156273933796
44455,pop_4,3.3978306350048784,2.3362256052423596,3.2922424474880714,4.502458758745058
44456,pop_4,3.130344500060092,2.7225850926993873,3.6731721410989193,4.340215228571799
44457,pop_4,2.9604366709804255,2.606052345071156,3.0550013176796402,4.140825913006188
44458,pop_4,2.801133184145997,2.610744922060724,3.0706991678380877,4.287669420871082
44459,pop_4,2.5624097323881223,2.6141877157175384,3.26912660708599,4.636444258124849
44460,pop_4,3.0434903371163204,2.6866537270686304,3.229634025310504,4.773839671886622
44461,pop_4,3.30254120109105,3.086221253375392,2.849992632441049,4.266763425598363
44462,pop_4,3.284655834080393,2.6775373354423952,3.143867160132793,4.351688182626805
44463,pop_4,2.922326358246833,2.768716067269492,3.520289775809447,4.479575531121599
44464,pop_4,2.9496330983909074,2.57826614413798,3.2679246688661485,4.492187299574979
44465,pop_4,2.7269138814268956,2.942948782822164,3.2545926600373662,4.107720869928873
44466,pop_4,3.2351791240448318,2.8501490461341747,2.9153720994875365,3.6322116287768496
44467,pop_4,3.214920412987292,2.749024255475918,3.06664193261057,4.780227260528766
44468,pop_4,3.0301825919700276,2.3282041275077505,3.3450338954319063,4.857904084312382
44469,pop_4,3.2046477654636485,2.809892233640287,2.986503844559108,4.41496255868371
44470,pop_4,2.6991485389928123,2.382156697430511,3.0556389928213252,4.696413041017658
44471,pop_4,3.4347016285490137,2.8367199119558575,2.7360270167116396,4.169293145020686
44472,pop_4,2.8235998539018867,2.5908153620579752,3.6588840138571226,4.955162685196987
44473,pop_4,3.023222571136961,2.745425069967684,3.2937455133721256,4.268923050976299
44474,pop_4,2.810190920417736,3.0522327685457116,2.9889928325025372,4.185533306361288
44475,pop_4,3.0876445652430435,2.8044189814862923,2.7234247773756857,4.248741899211539
44476,pop_4,3.2243277553202025,2.268349320109753,3.54309344241584,5.0188236811746725
44477,pop_4,3.26714862509311,2.260842071663487,3.2248821630868543,4.535440658187446
44478,pop_4,2.9301704348990336,2.7642906667702736,3.2254987403064566,4.385816957941394
44479,pop_4,3.06640944778763,2.6330734150812507,2.9485750870395733,4.488840085371339
44480,pop_4,2.5953563323519786,2.4284678358841063,3.452308061979826,4.330467203270097
44481,pop_4,2.847549640242009,2.591982804833079,3.349196797122497,4.655361965431456
44482,pop_4,3.276226190880888,2.322796896982546,2.8889014970039617,4.324862627822334
44483,pop_4,3.2290980447820443,2.785805656896649,3.1635423163587393,4.877420699760275
44484,pop_4,3.5243381527810302,2.9182418285340526,2.834252023564752,4.228539348808034
44485,pop_4,2.9063703057853725,2.64327003525009,2.6715290812308696,4.198315825723061
44486,pop_4,3.020650559792092,2.8796419418437615,2.87510384540261,4.702042603669502
44487,pop_4,2.7931046992881754,3.1366577811763685,3.092680117215314,4.193955342821307
44488,pop_4,3.318100995594745,2.993226520990494,2.713977799730445,4.0957436484811645
44489,pop_4,2.9556266619360545,2.5748213855084408,2.8965294978176392,4.417028999035047
44490,pop_4,2.9983470923270668,2.5459318511060447,3.1379475748519994,4.161072534030363
44491,pop_4,2.863962635538368,2.5567876550949538,3.055420150548947,4.281977014995254
44492,pop_4,2.9856252528605975,2.6578649242378005,3.21378845112883,4.015699278474122
44493,pop_4,3.095410173369813,2.814267021972644,3.0771947908206165,4.591129836528376
44494,pop_4,2.8605008995126777,2.5800984323332683,3.2458286269724472,4.806106191258654
44495,pop_4,3.133321745947819,2.411311017202318,3.2697423669405725,4.598567818888588
44496,pop_4,3.1764903525987638,2.8518200306706114,3.146998790671303,4.405080526298696
44497,pop_4,3.1892996880123645,2.6367199997549755,2.8660450953145693,4.605592870171374
44498,pop_4,2.8357656018385207,2.2224067904618656,3.3067402146389053,4.66876108300309
44499,pop_4,2.6169946091628993,2.9151458344758003,3.5007697780197153,4.607998677323086
44500,pop_4,3.0323819605125393,2.0965206618032775,3.336247317683782,4.696090478044405
44501,pop_4,2.922731668168205,2.8574438449976043,3.159918502844853,4.3730710120462355
44502,pop_4,3.319034491108695,2.558800959612223,3.746638938536223,4.43454116848205
44503,pop_4,2.9195665367675687,2.777960711812451,3.5143279786401482,4.672736637621298
44504,pop_4,2.6926873085401546,2.542595062988676,3.4707259531952834,4.118750958594654
44505,pop_4,2.8684424078771817,2.735822053152607,3.022891698811723,4.583481142135847
44506,pop_4,2.8688154602171516,2.582089176567812,3.3254697456574407,4.949098659989211
44507,pop_4,3.236753951199579,3.1884725935731826,3.451542437912016,3.915550327984308
44508,pop_4,2.59671097586954,2.5936968113744996,3.7376521686563686,4.092703925627798
44509,pop_4,3.261203036483537,2.532037227997839,3.541038507689928,4.164803096259015
44510,pop_4,2.99415046340921,2.5965189679528575,3.1647180602404372,4.149168415831173
44511,pop_4,3.17874413247155,3.3607412218888237,2.536410557419866,4.432577300801707
44512,pop_4,2.9722870137767576,2.8325222654250135,2.8896088352114164,4.577382091196176
44513,pop_4,2.46025430404731,2.84126941708375,3.167888738784383,4.293008307676148
44514,pop_4,3.4184510567278608,2.6123485438855196,3.271982585556115,4.172742549883413
44515,pop_4,3.2672078289212347,2.6480068496309808,3.27280423317834,4.2741827328463
44516,pop_4,3.0018363777763555,2.5851490754232356,2.8554664484081442,4.62663533499469
44517,pop_4,3.4187636867062925,3.0114039344330106,3.1672578744303097,4.276632950482233
44518,pop_4,2.9919824593296593,2.553860404435915,3.062444308359338,4.357859743941421
44519,pop_4,3.2905662349815215,2.8084806806660394,3.2334872351132287,4.26153293073826
44520,pop_4,2.8651736235127676,2.8975348465537363,3.398694355890302,4.444471814076582
44521,pop_4,3.244594665502014,2.686124196107133,2.670784086089145,3.975075982021729
44522,pop_4,3.260876990038473,2.6193898625910674,3.033352664290964,4.011154748193788
44523,pop_4,3.1620551196735587,2.572718048137717,3.3238932603802347,4.209819480584012
44524,pop_4,3.0526070927645876,3.118843051106606,2.6252158741504132,3.961829706521905
44525,pop_4,3.202348686499585,2.4205561145885017,3.0222281310152117,4.221204975528871
44526,pop_4,2.971234643201523,2.3150213755508786,3.129735781933206,4.422212870158749
44527,pop_4,3.252817832459952,2.723500876474036,3.193492740318975,4.517626905130407
44528,pop_4,2.9866313014018435,2.6682545985656576,3.1893395050358855,4.293331250031289
44529,pop_4,2.6808938037327996,2.6757067633375584,3.2754928212689607,4.385613901496917
44530,pop_4,2.776784859055642,3.185333214593208,2.9413605687831326,4.279727803657831
44531,pop_4,3.0194458808956988,2.714018033750996,3.0354603133345877,4.297303534944004
44532,pop_4,2.9867978599990943,2.6728030579489443,3.004373533015999,4.435712198108684
44533,pop_4,2.79053368111911,2.8766165159125436,3.105115197577791,4.585436912731903
44534,pop_4,2.6969096446546508,3.0189138456483064,2.9618827523165523,3.946025300330336
44535,pop_4,2.52066408131553,2.6075753810469324,3.156706941873143,4.367840342887404
44536,pop_4,2.832712345982387,2.6199671821664374,3.527791430906056,4.751204988198849
44537,pop_4,2.886097943307868,2.630477604237436,3.020522203772576,4.223652670282837
44538,pop_4,2.8405998656098044,2.6749085699103814,3.384992812566305,4.420454149054243
44539,pop_4,3.0143901429279447,2.4028031325995167,3.1999866399779173,4.642898488008353
44540,pop_4,2.8483754931057526,2.8167055563491568,3.200302647326952,4.27284590278215
44541,pop_4,3.3476063215384806,2.876805746881736,2.794212545972713,4.26722184512441
44542,pop_4,3.244135687382497,2.6601986759082794,3.0212772862319532,4.292899175385228
44543,pop_4,2.9635383675718034,2.6902296276960156,3.2934008775373327,4.3915107275478915
44544,pop_4,2.8870115981888467,2.753159179510247,2.9729726398900347,4.782639988771447
44545,pop_4,3.0345696015408037,2.7106924602015465,3.0906899685340754,4.503349033834872
44546,pop_4,2.880662079888471,3.2155940209781693,3.2141698627986757,4.523016233241538
44547,pop_4,2.6486690586028554,2.9665510226092255,3.002558278069268,4.418282290490989
44548,pop_4,3.3016538710582073,2.4384314649597574,3.428076661889668,4.595899197795554
44549,pop_4,3.1734476099896396,2.8900417474666398,2.6618837048699273,4.530007156139433
44550,pop_4,2.9671101556047947,3.1784198913628523,2.814876479509,4.217064573269589
44551,pop_4,2.862456472713839,2.226753668186443,3.1451739879295086,4.423054316718652
44552,pop_4,2.9447402539760645,3.020456731640795,2.8000893388021213,4.433530556310301
44553,pop_4,2.889219754867817,2.595704237690465,3.4207654837747534,4.5430206365234085
44554,pop_4,2.734080809252308,2.6209828695486292,3.911958251737163,4.225779104673224
44555,pop_4,2.9818528453706574,2.61235854759368,2.9476116372178702,4.203943287757292
44556,pop_4,3.1229454366382554,2.6380044078587335,2.8187700315162267,4.168794930716699
44557,pop_4,2.722140820081134,2.8276995222317427,3.2520425277812173,4.233061413248566
44558,pop_4,3.024602894181006,2.7402228685259193,2.980034453212962,4.215276024992569
44559,pop_4,2.915970164297313,2.570798337949277,3.12334889440169,4.418360491259952
44560,pop_4,2.988001221670655,2.487768008931364,3.409124223317534,4.029539014699746
44561,pop_4,2.7926591600885073,2.812190577519402,2.8803885997330045,4.010212706969372
44562,pop_4,3.0477431009325158,2.5564333039785034,3.0864193759684575,4.662901457239844
44563,pop_4,3.351612209590061,2.7967574892696727,3.277040883091725,4.420217312078421
44564,pop_4,2.9796916689811472,2.1802135802443443,3.452462302032212,4.847975837978313
44565,pop_4,2.9078158234021774,2.550659056276095,2.898786507703332,4.447291440759362
44566,pop_4,2.9671013005538533,2.900503655241998,3.578903675399454,4.357262868906914
44567,pop_4,3.0152192668332227,2.373336661404123,3.0179931853532116,4.439933529953981
44568,pop_4,2.846265148172113,2.359262425495169,3.398650153108055,4.22407740893545
44569,pop_4,3.3372270629201575,2.8944049928939966,2.9475719430082585,4.403827177357054
44570,pop_4,2.862280733306716,2.225577509973208,3.167339265946618,4.60001171059683
44571,pop_4,3.1713547743263413,2.938637444161983,2.7439173703419653,4.29363239134682
44572,pop_4,2.789393361085365,2.5319631506980684,3.3084704026695735,4.677711800170881
44573,pop_4,2.657803438902795,2.668742221267255,2.9170240444299083,4.715232658161352
44574,pop_4,3.066516893965948,2.3909816483271706,3.0724251203253656,4.512051362201971
44575,pop_4,2.9379241294369938,2.85192725408047,3.0942479392559625,4.368847694293017
44576,pop_4,3.102184359514119,2.739231399504284,3.27596654189421,4.6375114849173515
44577,pop_4,3.194664678418879,2.857963593993661,3.122260261101007,4.421919242368668
44578,pop_4,2.8177303564758303,2.48880834123626,2.423731915590327,4.2368381587803805
44579,pop_4,3.417405406260314,2.742351865105808,3.156733107442818,4.222048077592778
44580,pop_4,2.6506416215287407,2.712421914556854,2.858568949768469,4.447115605904872
44581,pop_4,3.2135694981853784,2.9532642912415628,3.4412414233605,4.168744824215527
44582,pop_4,3.098598263465025,2.905939933238104,3.33572328378762,4.507788581692282
44583,pop_4,2.8365633104378922,2.442206751852525,3.3635691827315335,4.183071456020397
44584,pop_4,2.855307083886543,3.145691628141453,2.575009625450529,4.3283354682343145
44585,pop_4,3.472173755339619,2.8960883280940206,3.1977650160268003,4.271851233810899
44586,pop_4,3.075447307247119,2.2765184770289917,2.9967528205851384,4.50392618552556
44587,pop_4,2.8923812133790427,2.4527912293493097,3.1542870847797766,4.266351540129325
44588,pop_4,3.3996113549980302,2.6845178991912952,3.0093768114690365,4.662685493963704
44589,pop_4,2.799767069871395,2.656051496241808,2.7820742093148825,4.173549315235252
44590,pop_4,2.9268875623625297,2.5433371242261162,3.5735263814391187,4.399476408908754
44591,pop_4,2.85966395720433,2.7918347230296474,3.1304702740451558,4.16918561047839
44592,pop_4,2.8733389763486343,2.5979474297095675,3.187204636235469,4.627576206211975
44593,pop_4,3.153247524716049,2.956702885334377,3.218505050407033,4.211036384633822
44594,pop_4,2.7384900958371037,2.3914456079180213,3.3166218251506896,4.593045962918815
44595,pop_4,3.040944822901353,2.5369096195124867,3.2644229006837806,4.5894745693151044
44596,pop_4,3.2548594586074318,2.6984333257488573,3.0506906428373504,4.273658064347297
44597,pop_4,3.1372018707928166,2.381034876073468,2.8935224700837856,4.541226735558539
44598,pop_4,3.426360861444104,2.9764814559037545,2.83914132527954,4.435368641077157
44599,pop_4,3.2553128158251887,2.671347827049733,3.2507501638629015,4.326931540489568
44600,pop_4,3.092087004377491,2.5557869833331486,3.1550152271561394,4.562982522900372
44601,pop_4,2.9123868971948235,3.0764507844239652,2.679324776036669,4.36425056979158
44602,pop_4,3.222216197880976,2.5884512824017656,2.5624266524302874,4.770392552027922
44603,pop_4,2.872956870819305,2.7504493890605723,3.301626419519325,4.245684423991993
44604,pop_4,2.961061995586587,2.8142780298107377,2.7793814141480118,4.552495817104092
44605,pop_4,2.558804053317453,2.8926326665561928,3.541502955870918,4.330693400228983
44606,pop_4,2.686398117795225,2.7193604917797094,3.5902743889845707,4.729407267185905
44607,pop_4,2.6062738677084374,2.9669652796079515,3.2061829080447075,4.4104622448944
44608,pop_4,3.4065433806936163,2.3628130266549072,3.0470729070882325,4.374414751308907
44609,pop_4,3.0147404075968574,2.447643203444221,3.3474987650640253,4.7278902251472275
44610,pop_4,2.8778290605153485,2.870201110405325,3.216873227977385,4.4763035547957655
44611,pop_4,2.9015523615716776,2.562076568220438,2.705502007176757,4.525914895145767
44612,pop_4,3.2553284601501162,2.8791397594364976,2.9917925166977426,4.0925250342906745
44613,pop_4,2.790577065373235,2.7068916891008086,3.0473799111332247,4.717086802719242
44614,pop_4,2.964594631885135,2.9978694524615763,3.1362137401071624,4.2393813499649555
44615,pop_4,3.0276896914240585,2.6816469875170275,3.6021703367235247,4.592855108318684
44616,pop_4,3.280673040892598,2.580931674004934,3.1232249618137127,4.569699531951049
44617,pop_4,3.024522412045416,2.867384822061502,3.036319887642106,4.180924212366604
44618,pop_4,2.956272734214976,2.450424669529043,3.408736050581889,4.698442204979415
44619,pop_4,2.95000680754076,2.335377519607504,3.551147133833052,4.617047875452062
44620,pop_4,2.597910374125683,2.371449970763648,3.497902148238652,4.221932490291554
44621,pop_4,3.08302295906683,2.7177730080343823,2.935152203675111,3.9188870533401077
44622,pop_4,2.774999227373262,2.7129714596775565,3.3510882129126807,4.250730375674393
44623,pop_4,2.9889603269183342,2.7034290985704126,3.0785437258239945,4.32720852667853
44624,pop_4,3.1537082030883408,2.6627159616993032,3.3000459156993887,4.368205968750306
44625,pop_4,3.428524828889462,2.4912035362142597,3.1605434722554997,4.612922674369522
44626,pop_4,3.415549042124031,2.52281033459614,3.506920505941999,4.591586467816372
44627,pop_4,2.9894797801116497,2.701419085814659,3.3307693960470566,4.698561184416968
44628,pop_4,3.2258216587462036,2.553043310639962,3.0284078109740107,4.631537517357378
44629,pop_4,3.093284240811542,2.909345880006259,2.9685009391912702,4.499996939609865
44630,pop_4,2.883856837172102,2.36615234139166,3.2550884177886177,4.744609309067738
44631,pop_4,3.3134510243568993,3.092024857629316,2.779658620300151,4.281744565180985
44632,pop_4,2.815847194009402,2.497743792786087,3.1753206642771463,4.624273787304423
44633,pop_4,2.7826391836448865,2.5639838966796398,3.280781694827995,4.15483927412966
44634,pop_4,2.7908436811588846,2.544640677646397,2.625884257563059,5.01304253139696
44635,pop_4,3.393699293446564,2.8624879151927516,3.0193598982690477,4.430570262459652
44636,pop_4,3.267358912060773,2.6003013098278935,3.1516528501591634,4.297304513383989
44637,pop_4,2.886342216603873,2.748106766555259,2.940817824121859,4.635836166774907
44638,pop_4,3.2983353488740637,2.963946325895385,2.910980188403704,4.460257131389278
44639,pop_4,3.237525802433634,2.819318989695748,2.7932053241926433,4.37635477738123
44640,pop_4,2.683532672778366,2.8879175831914656,3.002629820547501,4.42841283200255
44641,pop_4,2.9304857881720725,2.8300565453241124,3.6720874881558583,4.362336831578027
44642,pop_4,2.9621615490338455,2.729151823228339,2.9414594428676746,4.497027179547935
44643,pop_4,2.882847925094561,2.741844999644309,3.3068966772213066,4.413359868794544
44644,pop_4,3.1141253033836573,2.4522164720365747,3.386354062089111,4.310438890205876
44645,pop_4,3.006899296398416,2.731818391013211,2.9502034170486273,4.010745974770896
44646,pop_4,2.8954098050072803,2.1700954281636093,3.7766179428521918,4.6985685775977215
44647,pop_4,3.2638466532711297,2.815250392148194,3.3149897601008664,4.331034361400315
44648,pop_4,3.2522452673946796,2.843288903602593,3.289907467416093,4.00637459934704
44649,pop_4,2.9743568122701665,2.6849137591964163,3.250852309026718,4.403573570740165
44650,pop_4,2.9136778729518666,2.678766918947327,3.339526841667814,4.614160909735416
44651,pop_4,3.0856365497426532,2.912792455853502,3.017986879298855,4.680115399494974
44652,pop_4,2.7547684339731187,2.9900431389124953,3.2880351087844173,4.563265942217652
44653,pop_4,3.0167918046160143,2.7270311079375014,3.2011482339279946,4.698557722273895
44654,pop_4,3.3167499456446983,2.584047235438962,2.9266666105119383,4.7333944674763835
44655,pop_4,3.3648730307139103,2.850728423932678,2.909774035536011,4.230397785987747
44656,pop_4,2.6641924442408045,2.6181167355032837,3.5424212355514992,4.475344847456894
44657,pop_4,3.046855796200545,2.500206438412,3.499420620058554,4.719656512503805
44658,pop_4,3.137861068615386,2.849765988446988,3.2951970948223543,4.368400574588588
44659,pop_4,2.9947064174517593,2.3053972919579317,3.6080537700028574,4.646913052145598
44660,pop_4,2.970693841949347,2.3987906808393746,3.7648402971263843,4.535331676642903
44661,pop_4,2.8507686517554327,2.7911512444648143,3.477409813617369,4.5867067964490875
44662,pop_4,2.89348982442337,2.720984777280359,3.2212443905919645,4.956472499974057
44663,pop_4,2.7893986240703783,2.528906600401499,2.9325574094139113,4.285710556237753
44664,pop_4,3.0885873605917635,2.6920547970653845,2.8436115756267606,4.415870620958803
44665,pop_4,2.8765802206610505,2.914591179879633,3.2887636677931926,4.216315602002502
44666,pop_4,3.07221517082165,2.4244081893072122,3.054277790800194,4.279060033542261
44667,pop_4,2.996103459402321,2.950917052870212,3.2355983730957667,4.307578657990998
44668,pop_4,3.0356507213533352,3.2244464904059345,2.851319785632049,4.029954563626005
44669,pop_4,3.0936721990233984,2.7538570974553034,3.4323353090301274,4.301576089668063
44670,pop_4,2.6077408621343223,2.844421539556091,3.6405196033499836,4.244896521310656
44671,pop_4,3.035862403964359,2.4492001707708106,3.211376837318154,4.357869918983531
44672,pop_4,3.1305346971198706,2.6260149174676064,3.747788922588304,4.457282016550804
44673,pop_4,2.879584139870805,2.7606836490008306,2.8305374925105737,4.360980126096907
44674,pop_4,3.1186805844691605,2.637152166043476,3.22828282064738,4.288479844666056
44675,pop_4,3.106768211540902,2.787524217695434,3.220465936793398,4.360760281128594
44676,pop_4,3.307414677787504,2.6136662224885425,3.1512104966148438,4.168642336205563
44677,pop_4,3.090124215252609,2.99297451078277,3.1978218865920467,4.712367178986957
44678,pop_4,3.07417010347599,2.8184913084530914,3.338705360142283,4.66276432388186
44679,pop_4,2.7180042509865854,2.7164191678436955,3.449274158020251,4.896167679399568
44680,pop_4,2.821221498865182,2.6867692236369165,2.8673631742166243,4.388382201590521
44681,pop_4,3.3104989115264387,2.5448684625452676,3.0581268268028703,4.414624330660112
44682,pop_4,3.126120754511341,2.5574591805923483,3.562544464957726,4.617645154862039
44683,pop_4,2.8809433983919592,2.5717439252345144,2.8369599635683223,4.447080671992886
44684,pop_4,3.0194912574630988,2.6713242555608354,3.1488273471106036,4.521932289225219
44685,pop_4,2.827921210044021,2.8502850357246756,2.9845959990786093,4.064650116238884
44686,pop_4,2.683294421241606,2.3742397525075383,3.3311757301695364,4.55623261476592
44687,pop_4,2.847317744509781,3.1097759306275647,2.6255238587336898,4.0759004638489795
44688,pop_4,2.68546960197593,2.578508848520145,2.9384633983426736,4.060848801639668
44689,pop_4,3.255526826002224,2.3679490063083106,3.2754062365982204,4.520312744334101
44690,pop_4,2.6686902486181805,3.2818265696338713,2.9275545655631663,4.318049771218672
44691,pop_4,3.1513093440264335,2.760498183119867,3.2539408690256746,3.8850716870296376
44692,pop_4,3.003773346306565,3.0941482849922353,2.9970783440115487,4.088974748756573
44693,pop_4,2.778849238416244,2.783473299717343,2.9229302962329533,4.447192449040186
44694,pop_4,3.1815224385313052,2.825180356616749,2.9269701394273495,4.720470181739147
44695,pop_4,3.158467563206306,2.93091397193258,2.928045347317811,4.218574289569126
44696,pop_4,3.3618736319712084,2.5209743994865006,3.0136578749956793,4.530862091273811
44697,pop_4,2.6255139355557313,2.5374525403196504,3.141312961891156,4.6403198941909825
44698,pop_4,3.111793716198125,2.7008740958953292,2.9615353189982296,4.294563316111155
44699,pop_4,2.9229154744064743,2.6141585199014283,3.006056281698907,4.247213287740217
44700,pop_4,2.9108935108363636,3.008003698110421,2.6486691705575462,4.223441096575809
44701,pop_4,3.132525956411949,2.8065014150498766,3.2816781107780586,4.747979595510585
44702,pop_4,2.7803489552553535,2.3727912981423573,3.635662991435541,4.618430485084979
44703,pop_4,2.750103750640511,3.0698963874568737,2.76418788144847,4.047589090612319
44704,pop_4,3.2824635772320154,2.849607569345998,2.9055644165003898,4.66640036582444
44705,pop_4,2.9071768461603313,2.8777370167652534,3.2730858697806555,4.629962398904907
44706,pop_4,3.1621685740841907,2.821787433543196,3.2030930392575487,4.2956905404537755
44707,pop_4,2.9162418375802974,2.7836798331108694,3.200183659869617,4.750125220550077
44708,pop_4,2.888739320241738,2.551104352444814,3.517443888953947,4.199763741192155
44709,pop_4,2.716041032346171,2.5915007004870603,2.947097975972464,3.9118546755466133
44710,pop_4,3.0353351472527352,2.498803190536751,3.249952664834884,4.411903100808411
44711,pop_4,3.0647798432352844,2.67608515132803,3.363171486667988,4.641419615754185
44712,pop_4,3.2004995517990125,2.8027690438992625,3.0297136858462657,4.358506774708545
44713,pop_4,2.6294035711514674,2.909136703861244,3.444528263060581,4.394120445520848
44714,pop_4,2.8057048021323303,2.664901357363768,3.209931872624945,4.323095725716529
44715,pop_4,2.719586066492581,2.4907537428704645,3.3409381307784307,4.285468304541328
44716,pop_4,2.5810698051772247,3.1154382725085905,2.7858081384734468,4.076859395580335
44717,pop_4,2.9337422314714785,2.726071368843715,3.5012393410699314,4.676018649161506
44718,pop_4,3.3107495302170515,2.697618971718233,3.314416329823058,4.439185481508343
44719,pop_4,2.8751372617591606,2.482426543603549,3.044648849826881,4.568617362149796
44720,pop_4,3.1901376222035123,2.750437782505051,2.746094591251508,4.634728762101282
44721,pop_4,2.936347172790624,2.8719409591334912,3.310326507394815,4.447086786990531
44722,pop_4,3.065053171048337,2.8351885634304046,3.3170394718377882,4.536682825120035
44723,pop_4,2.9660692074871693,3.116961929861857,3.2623064459467486,4.476249807894264
44724,pop_4,3.1625951527698737,2.735340517133688,3.3279723700131796,4.3131946984586635
44725,pop_4,3.2521376697566855,3.0366882317859734,2.6954537453886993,4.208562641575873
44726,pop_4,3.1244187200575944,3.188834317673355,3.003589754631456,4.477291276134831
44727,pop_4,3.044095570792541,3.1451594713033604,3.096294042400831,3.9765209938030535
44728,pop_4,3.18566379696811,2.760590600753376,3.1923946430334125,4.813950988880708
44729,pop_4,2.9227668087523813,2.790842022423013,2.737485809459219,4.162981849576335
44730,pop_4,3.0862725117129557,2.4860167064284835,2.5133035094554512,4.665052673934361
44731,pop_4,2.868444295938693,2.838766234889503,3.0733131435966548,4.238958882342915
44732,pop_4,3.2678252385687605,2.734718585403099,3.1094197882136516,4.370438748673047
44733,pop_4,2.986907433833134,2.484350883438598,3.3199133327263723,4.418838899767815
44734,pop_4,2.6966352665357767,2.817716106846703,3.0148540242627373,4.333750065263876
44735,pop_4,2.865727115080611,2.6866696853734475,3.1696200237472896,4.193381548427649
44736,pop_4,3.331378863465832,2.664605401742027,2.680614452199907,4.484045685705563
44737,pop_4,2.6980241250003743,2.7864849875813356,3.25422472658046,4.444937757272482
44738,pop_4,3.284063329512135,2.6704455252478216,3.3108129803299433,4.261466440984552
44739,pop_4,3.1775730968906126,2.5581467631474664,2.8068017282703432,4.5674109545773875
44740,pop_4,2.8046602453092655,2.9284839760234753,3.247252254090382,4.139921843130853
44741,pop_4,2.8775006495388915,2.5698800534883484,3.240940163110363,4.333887878118946
44742,pop_4,2.919585161186967,2.8048429111418143,3.132443577630516,4.192226372547953
44743,pop_4,2.8469636384627943,2.5413751505535043,3.1085842401480805,4.767366316854503
44744,pop_4,2.930043100358097,2.983042502493027,2.834215994026986,3.92647928298226
44745,pop_4,3.03282051552226,2.838616588208999,2.92545343368051,4.327009670879661
44746,pop_4,3.134722217536136,2.6082583195990128,2.949526178789604,4.010198118189798
44747,pop_4,2.955906044505473,3.327673595729418,2.7219467703919555,4.367081567945032
44748,pop_4,2.766905963590891,2.652333378233398,3.035165384291914,4.425393716576284
44749,pop_4,2.709116603032581,2.6571459972963267,3.4710547928151625,4.048023123318692
44750,pop_4,2.757968792121894,3.0476131712591017,2.958766394649954,4.366864299692391
44751,pop_4,2.8908870171148755,2.4815238249619775,3.149613245714666,4.494297084560572
44752,pop_4,3.030596995639166,2.333361757889588,2.8583667608490253,4.148964066511484
44753,pop_4,2.6746300828587044,2.9648530940809197,3.1358347080660933,4.444921920470584
44754,pop_4,3.1651059913216404,2.9930178725225436,3.2656551083692085,4.213478322238504
44755,pop_4,3.1027655200205317,2.918138477501155,3.133619237449364,4.630380204397806
44756,pop_4,3.115719550614185,2.802811743432734,2.9337209629544985,4.282271074111487
44757,pop_4,2.8330013409265966,2.3994791607641295,3.500581483164708,3.951772286444872
44758,pop_4,2.835414546918492,2.6651100190369355,3.1204761870686357,4.1841829812134534
44759,pop_4,3.0137016991100642,2.869953453939578,3.4952338963867287,3.952626425145013
44760,pop_4,3.326732928520217,3.1189480408666035,3.1384097979693304,3.9586864011540825
44761,pop_4,2.639047646720304,3.2506938987736014,3.101408722010154,4.330944685897425
44762,pop_4,3.3162148889907472,2.7189130085181668,3.2704394574592826,4.239744803324059
44763,pop_4,3.5890912489531948,2.4543810703035773,3.0278664997083777,4.734383031081617
44764,pop_4,2.514398355243394,2.801509648288994,3.6701082919716534,4.92510026960541
44765,pop_4,2.7688753754481654,3.052238885544552,3.2098730764757506,4.414789324216089
44766,pop_4,2.993412378695923,3.104748692485038,2.9571784843735345,4.09865012109789
44767,pop_4,2.8999228203147642,2.4410559265226333,3.3721297389241403,4.623998018052144
44768,pop_4,3.007750009572009,2.5838176674906324,3.703016430059221,4.669120837300118
44769,pop_4,2.808253573046548,2.9967207483881717,3.2631400368852077,4.605095946821575
44770,pop_4,3.1320805277027333,2.450687466885119,3.1416451971625734,4.717694748469026
44771,pop_4,3.11894828345745,2.6946898176962417,3.314361665001329,4.548658813487203
44772,pop_4,2.9516688866359595,2.9600548228631314,2.9785302938228138,4.112850204163687
44773,pop_4,3.3465159744140776,2.895579062374376,2.751233933753057,4.771221469011083
44774,pop_4,2.7365120481116283,2.606851784109425,3.5855220703565824,4.594669755370715
44775,pop_4,2.6817635949516774,2.85053712767912,2.8949669959313606,3.9186549253897933
44776,pop_4,3.0773019857967583,2.84914338707639,2.776848445221262,4.347106556220006
44777,pop_4,2.7782636691872606,3.31566826955313,3.0270029164660603,4.222573653312062
44778,pop_4,2.911438032979811,2.2782466754779276,3.75655519259174,4.9979213611565765
44779,pop_4,2.987314756918824,2.65023691339504,3.2817141120116404,4.342351883020043
44780,pop_4,3.0726880132394836,2.3849895566664463,2.9786362817893455,4.71668934083747
44781,pop_4,3.2295901552076445,2.5679294528162484,3.0087002210812686,4.3593887527971145
44782,pop_4,3.2784132914823263,2.6013015503655006,2.898829649660681,4.80768853995641
44783,pop_4,2.6605421114598182,2.563285538886185,3.1293167969070557,4.261600996828795
44784,pop_4,2.9315701922740756,2.499621969446029,3.141797040917405,4.8100556773471626
44785,pop_4,3.1303548201203517,2.5384544337982216,3.331427246224171,4.8623469798694945
44786,pop_4,2.966683209542051,2.650924104566989,3.03979643416391,4.716081295631653
44787,pop_4,3.2008818407582926,2.510978307272699,3.260709223309087,4.548084974463501
44788,pop_4,2.850805998105093,2.7437384031087664,3.3441904116072347,4.211215627681907
44789,pop_4,2.4095903089312096,2.547403993577429,3.3460410161098224,4.349901244285871
44790,pop_4,2.95330214325097,2.8455567650651328,3.363941163197214,4.477837652262023
44791,pop_4,2.827666346844991,2.8212713712005613,3.11495748978862,4.669269098968723
44792,pop_4,3.285529347447862,2.6989209818981013,2.9639651295618434,3.9317759759421054
44793,pop_4,2.4565864270210214,2.948645348656086,3.438948376662946,4.579148910859036
44794,pop_4,3.057558815096363,2.92497172393209,3.3264515259327463,4.225489379486211
44795,pop_4,3.3017008029590587,2.8940661234546954,3.101832309918018,4.4558783262817485
44796,pop_4,2.9305411982385454,2.697008271420437,3.630584062496103,4.430757179208701
44797,pop_4,3.038275597164627,2.56041131954888,3.2698760615906033,4.6850603142840725
44798,pop_4,2.892311247343809,2.197741786606336,3.58033032326251,4.667995902018716
44799,pop_4,3.1136517847554535,2.4692195430411603,3.6080199149315426,4.452031131856474
44800,pop_4,3.119827516274845,2.723634585682779,3.490449927959306,4.03480939075873
44801,pop_4,2.75284347804596,2.7025023544104116,2.946207974176148,4.23514752894164
44802,pop_4,2.9004013638853494,2.867409725088751,3.3358987206304347,4.2190642523098525
44803,pop_4,3.0847171057703475,2.7454258501864297,2.6210624257535824,4.6109792348341365
44804,pop_4,3.2943372278603853,2.702656159231468,3.2168747717524355,4.1981892612908505
44805,pop_4,2.8164946475220325,2.702796728347113,3.112396882395803,3.8344190359876116
44806,pop_4,3.081056208780254,3.0916622790361195,3.138065972533571,4.383584550085427
44807,pop_4,3.0330347303617122,2.763965509579935,3.3402633567471236,4.387807965790898
44808,pop_4,2.800751444139251,2.860072821825544,2.828820373983588,4.171588573564263
44809,pop_4,2.432727002044968,2.6254514522167685,3.8517983393296396,4.594026104076776
44810,pop_4,2.6584530093570686,2.828613105238113,3.369770618000546,4.04160603627535
44811,pop_4,3.093821242945356,3.327159094927085,2.6651481803350916,4.3554026818719445
44812,pop_4,3.104919077765295,2.655737517785605,3.002999812014842,4.817036979178103
44813,pop_4,3.1300726757460686,3.1141474023256897,3.2487272154458675,4.41005373998015
44814,pop_4,3.203434888760249,2.591317615880519,2.8381230123199326,4.067147013400929
44815,pop_4,2.7008374168404656,2.3947424333776413,3.3807673441449375,4.314275775848221
44816,pop_4,3.326843579372524,2.7230705003599556,2.883753723686688,4.290389526594195
44817,pop_4,3.006533384050511,2.8151390452981793,3.177069417152236,4.206200358728526
44818,pop_4,2.8754383966860972,2.9313703540831275,3.340174434927622,4.628214632176777
44819,pop_4,2.8522093324640387,2.56015295501942,3.5603444757545604,4.96490143821026
44820,pop_4,2.8184722882076265,2.9078364340304685,3.067162076968086,4.50238774916945
44821,pop_4,3.0334914098054937,2.591997323355392,3.494686881154835,4.727732066323303
44822,pop_4,2.6645019207749754,2.7242676691613203,3.3820286923329315,4.129452561352325
44823,pop_4,3.0038796708990403,3.292122538650975,3.067030574292532,4.371075477988484
44824,pop_4,3.0397893680333055,2.6323945185843938,3.1902156070803316,4.562176286996173
44825,pop_4,2.953218063191936,2.822180773972881,3.3868625022911947,4.416334978813613
44826,pop_4,2.727719016099379,2.6388716577608546,3.256313223931626,4.307360873400917
44827,pop_4,2.708944293318088,2.2689222237924276,3.355019160439394,4.491713340197532
44828,pop_4,2.9996719381498793,2.41387869251043,3.285917492901121,4.535677977096324
44829,pop_4,3.1850277697484577,2.4498531429723407,3.28822841580202,4.808144897508707
44830,pop_4,2.7488333174336947,2.7611323994956094,3.5187364814829047,4.028071897768745
44831,pop_4,3.161295883963697,3.136081502960248,3.115224259774484,4.3933012792181145
44832,pop_4,2.5750154345041416,2.7595723859424925,3.091237045269281,4.685649478273439
44833,pop_4,3.056064174169826,2.465775338640962,3.0139894519526633,4.6059408852780015
44834,pop_4,2.396934872382033,2.3013740659687674,3.350562731164878,4.650419927155159
44835,pop_4,3.293472355441085,2.78121852767096,3.279105858316145,4.631824082434033
44836,pop_4,2.8931153233461715,2.657299889965166,2.9444721247538768,4.261208322448213
44837,pop_4,2.973914168798308,2.8574724879524123,3.1752749981917705,4.502686825493866
44838,pop_4,3.3010957284747953,3.07761598051395,3.098223511001378,4.545019437069271
44839,pop_4,2.8975141675324587,2.8281637867831435,3.372703007440364,4.46893462885767
44840,pop_4,3.1835421519266243,3.0937852928945704,2.926657927941745,4.511084302651687
44841,pop_4,3.0851031763108754,2.72304309673426,2.791436528942304,3.9941533163009426
44842,pop_4,2.6685298988987594,2.5139775544408494,3.2335932871107236,4.541220922793964
44843,pop_4,2.9715949565762774,2.627189101046709,3.2324029127407843,4.695554036725103
44844,pop_4,2.9197024383257677,2.502597762477828,3.351079448104084,4.425162855693687
44845,pop_4,2.984639799803864,2.3196707807445396,3.555725246746894,4.742571065972759
44846,pop_4,2.714349860629618,2.3118950207719235,3.241487299686014,4.519450597367375
44847,pop_4,2.8866733044792143,2.518410977080056,3.2079308770640194,4.5944877335481245
44848,pop_4,3.2063445087184164,2.761122975830337,2.9547100302488465,4.524345037737777
44849,pop_4,2.9284369517872557,2.829974030325511,2.495892586816127,4.57984058535513
44850,pop_4,3.0356267739352774,2.708518487552006,3.3341338700420136,4.441643153448266
44851,pop_4,3.0615722440461473,2.6130194978601766,3.3022600789973637,4.267283372306591
44852,pop_4,3.109734487928888,2.475527189065931,3.237713961791215,4.28434846038199
44853,pop_4,3.107474837730521,3.1319376264761267,2.997043205162104,4.098481043689834
44854,pop_4,2.880989071220776,2.6488912745668296,2.9828932010485927,4.43880222095375
44855,pop_4,2.8552895591863026,2.6658296201101943,3.3655388384396154,4.655462547623412
44856,pop_4,2.7920204279145717,3.2030117306654615,3.1862583139222678,4.371755484435609
44857,pop_4,3.1656984837066164,3.073827097367499,2.697665912716837,4.5383235448537125
44858,pop_4,3.0451338630227442,3.050246636170167,3.2670106271423336,4.375088245681191
44859,pop_4,3.2129252116057576,2.8405329343121837,2.5165116916401793,4.365145139843883
44860,pop_4,2.972169640395878,2.4762520570731397,3.0183735823739886,4.57475573748989
44861,pop_4,2.798940485680268,2.5968105677583764,3.318915733076894,4.482039856009974
44862,pop_4,2.838636275442806,2.621879760272009,3.5161832182818573,4.120223495458884
44863,pop_4,3.068707688572895,2.54792333218606,2.748661545355212,4.189681204942045
44864,pop_4,3.216288188269091,2.9445180208850297,3.2204128425751772,4.555139908015742
44865,pop_4,3.2160341078685684,2.3732385060230854,3.0496352571560337,4.3168359126451925
44866,pop_4,2.8320384366715565,2.5373206605567726,3.4470535898824983,4.409188005709756
44867,pop_4,2.8436842012765267,2.877064519260571,3.204496119089589,4.4391151071931585
44868,pop_4,3.1002685333926965,2.3438737989983114,3.0005094297709647,5.035059021909225
44869,pop_4,3.2868055959679285,2.56440050476283,3.143635015957409,4.716383280002861
44870,pop_4,2.9998922521631286,2.390188859010878,3.1782822609166765,4.503653507209496
44871,pop_4,3.0505944153072115,2.5386575950627863,3.1027165570345643,4.485881993237813
44872,pop_4,3.1842152765133593,2.1696262465525846,3.2098186944621645,4.721870076381709
44873,pop_4,2.9730440077528804,3.0029420749674545,3.138502351952391,4.101407793473666
44874,pop_4,2.807192644002235,2.8505391359862973,3.0410888745918054,4.25340233061544
44875,pop_4,3.1203870638540545,3.088283965257543,3.1493034755983444,4.153267201210013
44876,pop_4,2.7464284250122133,2.5406730957352575,2.9547449102413696,4.2720350620795795
44877,pop_4,2.741922866386922,2.731083165731042,3.069259787575128,4.621234622686025
44878,pop_4,3.0165562921007685,2.4817582081028466,2.9158167564338293,4.508640045143256
44879,pop_4,3.2232323084391155,2.367853664851767,3.327294594806896,4.310474777672739
44880,pop_4,3.3297796004275395,2.5640137049362988,2.597548154634443,4.188855117563777
44881,pop_4,2.814965258901722,2.74339933866776,3.7718446922203412,4.468563374008752
44882,pop_4,2.790357448749159,2.779580798087933,3.3067705769167888,4.5660372085117364
44883,pop_4,2.9213605865255854,2.680514852178565,3.1244405410623464,4.680788361931765
44884,pop_4,2.528887989660467,2.9966919549032824,3.0018270099794733,4.426893816344227
44885,pop_4,3.0869491271268665,2.558066192952667,3.2855939453322884,4.379892762651595
44886,pop_4,3.3702693601682574,2.6258086263674185,3.17796691763218,4.927168843433815
44887,pop_4,3.1182310734351955,3.5853792050775066,2.836177145977464,4.192811153090363
44888,pop_4,3.2713806926744327,2.9876836272926908,2.7475077956510807,4.237902644758212
44889,pop_4,2.7026117912582026,2.501453919679005,3.3124574725371745,4.659822084714139
44890,pop_4,3.1995369668895655,2.7002745868104654,2.9412063026575987,4.691989783420797
44891,pop_4,2.8564961835128724,2.3871814871002157,3.053362485265202,4.598994653096521
44892,pop_4,3.005162609318665,3.115840349147337,2.97066168673091,4.187781002397004
44893,pop_4,2.963129461479944,2.8157328819378966,2.8036168480407224,3.9372197661647466
44894,pop_4,3.3065027972279384,2.889456688426899,2.6789651738218114,4.399744952882172
44895,pop_4,2.8317548043914127,2.594270182915167,2.905392223636881,4.429178955714028
44896,pop_4,3.0660632511424675,2.3869018839400535,3.42377840130339,4.627350959137516
44897,pop_4,3.0971271607897095,2.8005782807010067,3.1533415542138377,4.711038461238266
44898,pop_4,3.1254342095960874,2.6418140479189094,3.205640723442771,4.200304333054439
44899,pop_4,2.8973448526959658,2.1778983025399246,3.33046019731339,4.906347378031597
44900,pop_4,3.0919957603407573,2.6673921639749745,3.1239308710554226,4.305036123117994
44901,pop_4,2.7844796455056873,2.6826167105960104,3.015839111445615,4.1566430875287255
44902,pop_4,2.856235827876081,2.5703289811811905,2.8489750975960453,4.667307643116854
44903,pop_4,2.980797066124335,2.830324754503889,2.881547719050079,4.243277749736545
44904,pop_4,3.14461940181265,2.34275247716798,3.397197987392715,4.8352519259107005
44905,pop_4,3.0747030892417313,2.9657951291972284,3.1709430322717402,4.24915463056731
44906,pop_4,2.772987209283395,2.903781079682554,3.1042170054351743,4.305534325602571
44907,pop_4,2.6886803460659463,2.6415682718909568,3.5719338113897265,4.1229220096933075
44908,pop_4,2.857204023249733,2.8906713597973805,3.609485534764014,4.696772954991154
44909,pop_4,2.9772143973366343,2.815466349399056,3.2959668125878165,4.711692890359467
44910,pop_4,3.2090538226719785,2.560329633193888,2.6800181002499266,4.577769100216591
44911,pop_4,2.8996612809646947,2.597263101940804,3.5000663077189924,4.6010431896977595
44912,pop_4,2.7558249371231787,2.313642716370174,3.30015769242933,4.340668825066125
44913,pop_4,3.2254130034145585,3.0993829253247407,2.8266863333657835,3.9994471979933173
44914,pop_4,2.891323533899761,2.51169124041257,3.164543392164411,4.494897906939513
44915,pop_4,2.626878130648424,2.9289674838965127,3.779493351731598,4.332245550383337
44916,pop_4,3.187871004071377,3.0890031685112436,3.350176099556329,4.333683382160558
44917,pop_4,3.1171558730540148,3.0001243767052848,3.1082971041638605,4.197157828948966
44918,pop_4,2.9951939168535078,2.9888143109889715,3.0186727372101094,4.32895650081194
44919,pop_4,2.60803529458689,3.1083934586562014,2.9834894080297785,4.397563992735896
44920,pop_4,2.704235034573047,2.5899490893347275,2.671686490384878,4.451302508807993
44921,pop_4,3.0962575729986126,2.5850859486433952,3.161186685338251,4.443159851368368
44922,pop_4,2.9665644134912554,2.9699151061811606,2.9152947974796843,4.390704546059171
44923,pop_4,3.1271059695656955,2.8929650115798506,2.7859135105426835,4.333885770999098
44924,pop_4,3.032370285221064,2.6881778736278346,3.1252668597054822,4.709576063825187
44925,pop_4,3.1597041943803825,2.8593304785353317,3.1656114507144992,4.664559141869757
44926,pop_4,3.4570522419044494,2.6520059774917146,2.8245393616828935,4.045645259972561
44927,pop_4,2.8756632727795393,2.572015204057097,3.701110988124576,4.698187799198455
44928,pop_4,2.7661313603951925,2.7216540641822147,3.5417657924057275,4.805317163151966
44929,pop_4,2.9345043172032863,2.551648409289857,3.173758898806376,4.071978457135176
44930,pop_4,3.2629329989305176,2.5546660838992623,3.162341328445778,4.426041781714881
44931,pop_4,3.0594267571819715,2.175500952326967,3.2889125006178292,4.556038272768685
44932,pop_4,3.419885467952928,2.9419477785123465,3.4617980322890127,4.3093512234189575
44933,pop_4,2.9013897382763036,2.9716576630725524,2.956625085092832,4.562940048379108
44934,pop_4,3.022954785540963,2.8077288144149524,3.477765432304357,4.250043089171382
44935,pop_4,2.950720648989855,2.517964195926665,3.4699510683215986,4.629785110680062
44936,pop_4,2.878519679776795,2.822172017238428,3.033638839199507,4.633984830917718
44937,pop_4,3.108151165171893,2.3707779174636965,2.898080864137423,4.228928548401814
44938,pop_4,3.344596718315768,3.0985411450974443,2.755101956402358,4.53369330066923
44939,pop_4,2.912756217645348,2.8379089108952886,3.197827791562587,3.8960020734990706
44940,pop_4,3.0068423188356257,3.0896726388274254,3.3991414256730836,3.9242717702420715
44941,pop_4,2.8589741753391347,2.6501404168824667,3.112924672355827,4.5907660087269235
44942,pop_4,3.115946824558792,2.446622219807951,2.7995933931842125,4.808202204335638
44943,pop_4,2.9071325336098375,2.985864224212736,3.0782001173671185,4.3460694448818575
44944,pop_4,3.2207299780539627,2.624101487748355,2.978015598662518,4.630510309849722
44945,pop_4,2.845824418271158,2.7308868253013787,3.032189325623802,4.7808218003410765
44946,pop_4,3.096838088247153,2.808445689962615,3.2818415712126345,4.282963047369588
44947,pop_4,3.1666552039147278,2.3225393543332515,3.246186276847324,4.542216451184934
44948,pop_4,2.5907999574214227,2.8710015127292974,3.324618040949233,4.87743951572555
44949,pop_4,3.0527132217129815,3.016641927495067,3.1828453043775236,4.202521141208724
44950,pop_4,3.4572005655922546,3.1902079320658547,2.6270695590551796,4.035693165140572
44951,pop_4,3.14548299408614,2.266727407499549,3.670990376971072,5.03285523557924
44952,pop_4,2.9986582768445595,2.9592729879841,3.059950628415947,4.544117823667097
44953,pop_4,2.720628589546406,2.4364114059525663,3.419171245432864,4.386521790338041
44954,pop_4,3.120431349507067,2.4905511659016852,3.538305379668281,4.598680897654683
44955,pop_4,3.184026622655961,3.528774469994975,3.1988160032624506,4.5502885258985835
44956,pop_4,3.153326353277295,2.583706209592714,3.0075427061811446,4.726928247629198
44957,pop_4,2.821545397379215,2.916793620806377,2.7157229096896383,4.289312359277572
44958,pop_4,3.07933929584017,2.227428241780867,3.161402716592538,4.743618891870159
44959,pop_4,2.8774399058502427,2.8397852093575184,2.963060006809003,4.188660815960532
44960,pop_4,3.2175330030560354,3.315358172192519,2.3608365484416196,4.2558050876982225
44961,pop_4,2.4507198405120967,2.7938608989500673,3.078588556381977,4.3469614839445025
44962,pop_4,2.8826253221307385,2.692892170628181,3.4221654674204776,4.414552182852487
44963,pop_4,2.459729921381919,2.9799624365978095,2.7949916130096724,4.272298753530459
44964,pop_4,3.0191554353009775,2.8037173695035347,2.9261010397897937,4.569648494739386
44965,pop_4,2.934203245714562,2.8025521328850016,3.1886471274933506,4.126292960663908
44966,pop_4,3.025219242339546,2.5338034897705723,3.1584676576790462,4.624695163751285
44967,pop_4,3.185543457274115,2.73054008409604,3.192736244169593,4.151059772606909
44968,pop_4,2.7057904365393632,2.5347054897232626,3.4900974928348347,4.6342814730364665
44969,pop_4,2.8728359764502542,2.1592542979460463,3.4953011325984646,4.778119688338787
44970,pop_4,2.8866037812193803,2.869625882786239,3.1069208933165298,4.2669410150909055
44971,pop_4,2.9665142994142153,2.4471594128657825,3.3728358881275184,4.656998011092432
44972,pop_4,2.9625116713269324,2.888608030829863,3.2768974488541294,4.380625369103298
44973,pop_4,2.900948911736726,2.5398776605290974,3.1924468546087286,4.5950041766468255
44974,pop_4,2.8234579552147596,2.5019184465156483,3.0571718173086855,4.219836336276571
44975,pop_4,3.22645942180593,2.3999369373217796,3.218063312316997,4.259871486408371
44976,pop_4,3.0973396579516774,2.3683571063120175,3.6370534554987106,4.55035258830499
44977,pop_4,3.452963776321402,2.4589237656741667,3.1232625260580167,4.642698555595859
44978,pop_4,3.0635341822658657,2.4593110517317887,3.078696176503705,4.374715587794634
44979,pop_4,3.1031300397605555,2.607446916674914,3.2469198048289813,4.162468110816927
44980,pop_4,2.894920025460908,2.5877950545657904,3.305908979326805,4.798343602400915
44981,pop_4,3.215401676796408,3.1744694761486554,3.188594811650344,4.2898090182037745
44982,pop_4,2.6914848471398614,2.3782830924265967,3.0419334727427336,4.773331484928797
44983,pop_4,3.1218847104160328,2.8479313103152144,2.875828547122587,4.760442396578599
44984,pop_4,3.023433357572587,2.3361637356146954,3.125992006720117,4.684543818349195
44985,pop_4,3.104772050371862,2.3277799619727,3.093079228359172,4.475104486900424
44986,pop_4,3.2838002782175715,2.8667047023875685,2.7437649391597096,4.302291972854927
44987,pop_4,3.0476215185513476,2.797345684194258,2.918408151367111,4.500346935983817
44988,pop_4,2.796950606605765,2.634631222611541,3.2231307885176435,4.168875048569883
44989,pop_4,3.171866225790851,2.558353573391923,2.860479173943508,4.261697337988389
44990,pop_4,2.8768675602179288,2.9054680651746985,3.0973374618940617,4.4852576248874945
44991,pop_4,2.713300438908107,2.3801727007871927,3.0202884099732423,4.712131015352547
44992,pop_4,3.2548974118522103,2.5792342090984057,2.9493657953890624,4.503252895180998
44993,pop_4,2.874545531118436,2.6465532175908977,3.0396342211870486,4.061256762774885
44994,pop_4,2.872354163898536,2.7721342748166307,3.103110115270798,4.121553423765991
44995,pop_4,2.9497718373096538,2.7971233769306005,3.340482482041783,4.811914846375314
44996,pop_4,3.043253370960602,2.610553726348788,3.5126254096598633,4.136276677127227
44997,pop_4,2.846660985504721,2.7798822069988782,3.551734086011635,4.527471069395783
44998,pop_4,2.6712448284428847,2.41307967999597,3.233212528495997,4.652379118364343
44999,pop_4,2.7223193055381936,2.8326447882764554,2.9648556678683997,4.209823934395777
