cell_id,population,gene_0,gene_1,gene_2,gene_3
4000,pop_0,3.7670089364464574,3.1602230966958436,3.1763340695985134,2.8702564130130477
4001,pop_0,3.5693407765782013,2.130147164795498,3.274096092821946,2.6458028160383886
4002,pop_0,3.48071998510976,2.7210338345876988,3.4380993299829328,2.3208762862166368
4003,pop_0,3.7794471378846604,2.577131731731162,3.7544070856976504,2.288361487476848
4004,pop_0,3.6464288737997474,2.8600341888935836,3.611930271228658,2.210878657369504
4005,pop_0,3.39553987986053,2.748369246823569,3.2036001162117893,2.317391604128901
4006,pop_0,3.2430611680186283,2.504201011592266,3.2369743456835174,2.329564683546141
4007,pop_0,3.9434959314521403,2.5282146792123608,3.2190107526080283,2.3701771127019375
4008,pop_0,3.5694378577037424,2.7284337199396957,3.2050016935926346,2.352461864170943
4009,pop_0,3.832464326384137,1.930532869315575,3.1949328805010184,2.717336815478518
4010,pop_0,3.58410808913803,2.5323955825930047,3.3891788354847328,2.7325081222195635
4011,pop_0,3.8176058555042403,2.4479113932616428,3.1156421994090104,2.5785709090476376
4012,pop_0,3.8705001026691073,2.4022712759420752,3.063512289183944,2.839933507320444
4013,pop_0,3.5186341683882953,2.866456615892049,3.0031649402473177,2.596783334295532
4014,pop_0,3.368020245727556,2.574523376697687,3.369784138862188,2.659507044089678
4015,pop_0,2.7874993003752078,2.6648396012568067,3.0607910084959298,2.7571556402177153
4016,pop_0,3.9614252385147903,2.381888148415237,3.317298108529493,2.828983202353287
4017,pop_0,3.9641501957747862,2.4429855367142466,2.894558274706725,3.0781060202194057
4018,pop_0,3.469172721257822,2.3185143823152883,3.454962829785351,2.8458468277466094
4019,pop_0,3.65930788114807,2.332524056861339,2.7957604912867495,2.787786050462403
4020,pop_0,3.563420961376888,2.4058500764995143,3.2783871475429054,2.4314446850299745
4021,pop_0,3.447967363918834,2.4706728773320172,3.4591638889132232,2.2385293191712496
4022,pop_0,2.6693981031917167,2.962822001043784,3.6649508212451782,2.940429507533441
4023,pop_0,2.7535073153220124,3.0439215522611067,3.5255497269546763,2.7799325110003408
4024,pop_0,3.851327032592959,2.465777048268789,3.4289407627431165,2.8012323624228106
4025,pop_0,4.125982698292932,2.5147932691336825,3.4014443346752827,2.1525965010592127
4026,pop_0,3.239377839930055,2.536971829096275,2.8540036926387113,2.763351866906087
4027,pop_0,3.1061718065164814,2.8428173441764306,3.3657244298737696,2.715177442941055
4028,pop_0,3.659574705192878,2.8101408162350103,3.0513949284537283,2.6466911404664533
4029,pop_0,3.2605164785046132,2.56566858451719,3.357366220975725,2.2752430510825272
4030,pop_0,3.169695389661765,2.51738930433882,2.985768462941303,2.285519805110969
4031,pop_0,3.015077858880564,2.9231647649053443,2.9726310959489948,2.702462098308499
4032,pop_0,3.8370241058568677,2.445733025153314,3.0818738363268245,2.4395323801844757
4033,pop_0,3.2301439871736757,2.9200746063721033,2.867548353136017,2.832584295396651
4034,pop_0,3.3107592616199866,2.7106610135465097,3.133021135950949,2.719756354752753
4035,pop_0,3.16126317229952,3.082472125022846,3.445061697194354,2.6667850796747103
4036,pop_0,3.6195737965426678,2.315702243225008,2.94148080936716,2.7451784768365592
4037,pop_0,3.431350094563423,2.88594234521304,3.2620228268455618,2.5722883534186627
4038,pop_0,3.28953588653609,2.7105715650561333,3.395904340877595,1.8165426742779298
4039,pop_0,3.427378322701081,2.7796751662969648,3.3027700636850277,2.779477967887837
4040,pop_0,3.5629006982292224,2.7589970169992526,3.44960208466565,2.4487313456791453
4041,pop_0,3.35422258627174,3.0779054325344366,3.1371608446562376,2.7228805696902523
4042,pop_0,3.0015858549011263,2.7428199565038547,3.348267733738021,2.6296086491016797
4043,pop_0,3.054805097457888,2.3759178001641375,3.5318742939013372,2.697749959047756
4044,pop_0,4.019824210159743,2.602448528181565,3.318881010748972,2.4286905577164726
4045,pop_0,3.0435913916360855,2.8887251782326793,3.30456041545603,3.0483087961310695
4046,pop_0,3.405409603293474,2.920812753272764,3.1733412042678175,2.7543632381603866
4047,pop_0,3.2854421541029173,2.567893613537702,3.160224476324995,2.5949819635976374
4048,pop_0,3.5908329841301883,2.348667371687863,3.3016962149840405,2.7192499304283135
4049,pop_0,4.03463831805499,2.3454556265329405,3.35937051030426,2.395422385884166
4050,pop_0,3.958659038670645,2.7594909061570463,3.0859921681244553,2.751352250351429
4051,pop_0,3.1593413360144735,2.7657733973180676,3.461483305348507,2.71647145879806
4052,pop_0,3.4782815626647245,2.561132268428433,3.568118019697229,3.1597510006321166
4053,pop_0,3.4088825295805316,2.602053734189455,3.03984504705855,2.7439426072747777
4054,pop_0,3.6754866267318858,2.350233421828439,2.877924121747147,2.5736545656610197
4055,pop_0,3.279583727611581,2.5910429161098913,3.1681814838757236,2.5531205180356102
4056,pop_0,3.1723286304518963,3.2213158250038627,3.103342967102443,2.424639477004765
4057,pop_0,3.3527846282609772,2.4802389294545826,3.1626778348391857,2.4713898543059294
4058,pop_0,3.2986326914355346,2.822751799844961,3.132018895512231,3.003576702723629
4059,pop_0,3.3564695305535723,2.5009778980195123,2.92820910299595,2.501337011610504
4060,pop_0,3.3216267324021502,2.8474339680212544,3.227860653386748,2.453548702665089
4061,pop_0,3.618372369798018,2.811493424801883,3.0798759728932525,2.454479419407917
4062,pop_0,3.5453919255588353,2.7109264809705893,3.3794243403990216,3.182426019188736
4063,pop_0,3.623731318763207,2.53528309966469,3.5397825019720304,2.5396281826970504
4064,pop_0,3.8137436382291647,2.733910103066073,3.5315503817691605,2.55290541897834
4065,pop_0,3.527196702685174,2.7096682941417933,3.2882766949084927,2.7272281966626863
4066,pop_0,3.1494598314664843,2.7751269269102368,3.6010797065615474,2.8065131186081054
4067,pop_0,3.752932843355854,2.6707601806594377,3.1808333347148374,2.7900648194403517
4068,pop_0,3.4593366494855196,2.5686444708441427,3.4646743508822535,2.514296932189299
4069,pop_0,3.4736000103308875,2.5248821990365915,3.386892290805274,2.3917041038554236
4070,pop_0,3.3697440513296293,2.8961210247798936,3.5782867840719432,2.858988742138334
4071,pop_0,3.3820879396686054,3.0444640232353914,3.62942684205056,2.7010904695707816
4072,pop_0,3.864392182585564,2.6459820818601845,3.2820828092354994,2.5054787458502963
4073,pop_0,3.2070860371225582,2.962516705690609,3.013721416037684,2.260528663598523
4074,pop_0,3.382714581405503,2.5834927616292997,3.3618833878296632,2.4415137372112232
4075,pop_0,3.4180405873636337,2.3916543520968254,3.471586338629643,2.485562817989862
4076,pop_0,3.3799305026216206,2.498854210098027,3.245917149982527,2.5616943531032588
4077,pop_0,3.2414934963789355,2.7790597613609087,3.4610299688110695,2.745585891402057
4078,pop_0,3.1120593543765787,2.7458614357602484,3.5076366164777104,2.9618259589148894
4079,pop_0,3.446590082365033,2.5838032550701557,2.8754108780629077,2.5533885585214335
4080,pop_0,3.7612896224343926,2.257094749716273,2.882548423929309,2.5995619654948547
4081,pop_0,3.805364883035566,2.6064884642692516,3.3698095884455763,2.094607282428003
4082,pop_0,3.7434736998334737,2.6649023868457102,3.114102851445142,2.2356013242977903
4083,pop_0,3.711313615025456,1.9121672648962167,3.8027758907657865,2.150816345786631
4084,pop_0,3.5569225020772235,2.5077638810373966,3.1324858718777104,2.6833756669560795
4085,pop_0,3.57373862856081,2.5059457077159575,3.577385173659244,2.433193125182166
4086,pop_0,3.22466069931146,2.740839159055319,3.036945099118765,2.1222189249256056
4087,pop_0,3.507209750506137,2.9516090884633917,3.1400866126758107,2.653913068660001
4088,pop_0,3.567075575336678,2.9921172573702894,3.698249668743653,2.4322299509151346
4089,pop_0,3.0539668836069938,2.877587097253831,2.9985186227370715,3.1300091539974932
4090,pop_0,3.010675950007886,2.7053861972114444,3.43090750901454,2.8308895791060076
4091,pop_0,2.754906106243324,2.472731051685545,3.5170952740998467,2.8324492235740943
4092,pop_0,3.4724591367812114,2.244674498060797,3.2872159807475816,2.5897437629067546
4093,pop_0,3.221960561324174,2.513896652718472,3.3504344043856205,2.8488340117910704
4094,pop_0,3.5843898043234,2.5484601351465836,3.4344861701535505,2.0010349112096035
4095,pop_0,3.1625785313467603,2.7941460218094925,3.5311646337418363,2.5673430200739427
4096,pop_0,4.082626513608047,2.86503644730791,3.3072428873323068,3.0814137654329556
4097,pop_0,3.418701905494036,2.581945265052014,3.2247394083408194,3.1334468747213364
4098,pop_0,3.284323717593679,2.5854770207586117,3.667685328532485,2.3330624506570934
4099,pop_0,2.996143584413283,3.076015097317239,3.235452250147479,2.7955708806386093
4100,pop_0,3.379953859895418,2.2109756269422554,3.367163648615321,2.6233065436797327
4101,pop_0,3.648103755442148,3.147168021624783,3.4715826075725587,2.4596552643552565
4102,pop_0,3.119958884156284,2.797831061237969,3.62997918863487,2.302371427373802
4103,pop_0,2.8374571080875453,3.332091273073117,3.476005028572986,2.60598363401335
4104,pop_0,3.761358750796084,2.586378786730108,3.5558578511653316,2.3119843714000803
4105,pop_0,3.3531405472361246,2.5527275465446815,3.0779631168612824,3.221290353562609
4106,pop_0,3.4065934093543033,2.437428538490492,2.8581969883747615,2.814165316982528
4107,pop_0,2.9254614772675884,2.664826113412926,3.259778472532043,2.9350302367779686
4108,pop_0,3.240298152789795,2.899736950918081,3.1575589693989246,2.9417885298586897
4109,pop_0,3.350686537350884,2.617355066436186,3.283782400421439,2.1111533000290486
4110,pop_0,3.403428629766008,3.3196956176142933,2.8717002792474173,3.0108307915562884
4111,pop_0,3.4223492222806495,2.4202764418822174,3.1924154044081274,2.558807680628315
4112,pop_0,3.6250280639074854,2.5739307968065823,3.2290558240871627,2.1374341868040068
4113,pop_0,3.5365031919564487,2.597212213244565,3.3815629681856088,2.840245950017122
4114,pop_0,3.1492677917299523,2.4605268601957304,3.4455572216538344,2.1941451717308897
4115,pop_0,3.3399341131432143,2.695159312411085,3.6815318764687373,1.9886623425863874
4116,pop_0,3.0021148323976585,3.2124689711087973,3.2568050578653405,3.000035712499097
4117,pop_0,3.0428550492390767,2.901725738917163,3.2215903473541174,2.9056929177762476
4118,pop_0,3.581074160154601,2.4989315483591974,3.3054662120309275,2.4078117857427306
4119,pop_0,3.7736591848272614,2.388409893171182,3.0372498311657705,2.8933558818122638
4120,pop_0,3.784368982998238,2.109679954150667,3.4578737202213934,2.6765155539891854
4121,pop_0,3.3844294827225974,2.812346831144904,3.003056971003164,2.464820445142315
4122,pop_0,3.513789363492735,2.509070651201588,3.4261145262357835,2.9304248125572387
4123,pop_0,3.4345116565957583,2.280548449915745,3.279143554995424,2.8087296420723793
4124,pop_0,3.4016910121632016,2.263762743991847,2.9718188212759094,2.9857272532739936
4125,pop_0,3.574412919680664,2.307238898909195,3.2901935111151315,2.291798843712421
4126,pop_0,3.6682581358442055,2.3150887006689467,3.168318681524125,2.884689099481154
4127,pop_0,3.3269710070791096,2.6579319400544663,2.863283144350176,2.8567074541534874
4128,pop_0,3.6360273357142705,2.6612025354402316,3.3198113493828276,2.73083031391202
4129,pop_0,3.1339662255711023,2.6059889036146235,2.7985197890223974,2.8068227969823383
4130,pop_0,3.4472172795958818,2.641906897130602,2.7831386280624772,2.5843779167504826
4131,pop_0,3.5687851087132065,2.2913499924227905,3.1768284918717824,2.502205577611451
4132,pop_0,3.6078808487607392,2.3586639615101586,3.256891974246629,3.1262414181376004
4133,pop_0,3.194273083177912,2.731238338657986,3.115031200664556,2.3538826900861167
4134,pop_0,3.395348247497631,2.8228075623971836,3.231863387511539,3.098998480699131
4135,pop_0,3.63427661156342,2.8603863335903448,3.330817455181789,2.4383736634053332
4136,pop_0,3.656411338588997,2.5121307819048506,3.4317685337488695,2.7010553079132955
4137,pop_0,3.250927896150534,2.8424249158965855,3.305816219262937,2.737138601086453
4138,pop_0,3.412822989732576,3.1269010702694016,3.5819331172152555,2.9915327984928943
4139,pop_0,2.9770871231378875,2.8113324414482417,3.2356581541263423,3.349513905250173
4140,pop_0,3.6397276456502987,2.727723332843014,3.1517642489063133,2.2314715395380107
4141,pop_0,3.6094418493674456,2.198814839564709,3.003883809365901,2.3443941707621865
4142,pop_0,3.1590722368096253,2.622915611520845,3.4688162953574313,2.369072245328035
4143,pop_0,3.1984396239234716,2.7766864518991743,3.3781239009921107,2.716010383314217
4144,pop_0,3.317739010838015,2.48026180233646,3.139758233038113,2.5770002942427004
4145,pop_0,3.1767779553899764,2.766506108416514,3.064967641220364,3.0834446264349356
4146,pop_0,3.729267585046794,2.6249265846849434,3.1130662198004924,2.602858615202678
4147,pop_0,3.5938570920690203,2.6196468121249357,2.932258666711812,2.496039682367586
4148,pop_0,3.3407875166378034,2.662691993989765,3.5146864919573493,2.373763950482398
4149,pop_0,3.604432167731261,2.4519678736820136,3.5196906488111406,2.368628206693611
4150,pop_0,3.3141452735737302,2.620163822775314,3.350520627628495,2.8797091084384596
4151,pop_0,3.2963026217903724,2.950194167500973,3.8294979368825413,3.0548903626498825
4152,pop_0,3.27128766498544,3.1504998531623265,3.156778602504668,2.253986847514813
4153,pop_0,3.8318433873037625,2.094228834162797,3.289117642094532,2.4937366072881373
4154,pop_0,3.6056075964773413,2.3361786578326433,3.2258301775659004,2.3935935728703743
4155,pop_0,3.651009169167519,2.4043889615875886,3.274108535012352,2.365168579889802
4156,pop_0,3.4414298518089312,2.90020575163501,3.5201591438503335,2.4048954172965606
4157,pop_0,3.4944956768790054,2.4746128640736478,3.093862610078022,2.4700256314638667
4158,pop_0,3.7563175675179665,2.794240263096334,3.2928188899255617,2.3592729719438377
4159,pop_0,3.0895569059126875,2.959207447695636,3.011360783729597,2.6988791138696495
4160,pop_0,4.105359022564464,2.4239333893607413,3.456346585290428,2.6957088745815043
4161,pop_0,3.366809556855846,2.7447214154554103,3.668152675387134,2.7178054917412506
4162,pop_0,3.230763215418032,2.68269865171202,3.340825533781434,2.758091574603822
4163,pop_0,3.101178733679904,2.6684407701025306,3.122987441819004,3.3711459695073853
4164,pop_0,3.357011243957296,2.468498053353572,3.227322728744803,2.3953692933517536
4165,pop_0,3.38255532465422,2.519184534582521,3.2343951363860834,2.6720521814681226
4166,pop_0,3.8777989509799276,2.6899063476923466,3.3100881505027275,2.5398428045543224
4167,pop_0,3.77501622916708,2.426662091024649,3.201896326172572,2.286000525215041
4168,pop_0,3.895478681371575,2.246278655562627,3.2348194129089123,3.1079534645978475
4169,pop_0,2.7593929202731515,3.1567994869754017,3.0075805274284892,2.690553618737243
4170,pop_0,3.1267433793462764,2.9224033381466996,2.669066596237913,2.4634797464835363
4171,pop_0,3.3003289517442007,2.746888058173186,2.800295651109202,2.3970988515089267
4172,pop_0,3.271368193619336,2.8461198075634995,3.014915497093329,2.973775266845632
4173,pop_0,3.1046179483819207,2.7546790749145043,3.3242109706314573,2.853295715000931
4174,pop_0,3.0971792911359293,2.4747120175441966,2.8450458689866194,2.6924948389235723
4175,pop_0,3.3559033697829665,3.2367560697634428,3.2807091617925717,1.9812036108293607
4176,pop_0,3.070078714765454,2.5318455775020854,3.4554957368747043,2.466840121479416
4177,pop_0,3.5309485045964792,2.3881964942997644,2.970058098658742,3.0457833100650653
4178,pop_0,3.3704797879658206,2.829860840028222,2.7117430572297736,2.835782083684595
4179,pop_0,3.0988554369618706,3.1285427125222722,3.082947372922925,2.341792420024303
4180,pop_0,3.668865431722859,2.49922884706118,3.457972738942929,2.43048099309157
4181,pop_0,3.647205350358579,2.9426979362240693,3.487838234995891,2.38118661773591
4182,pop_0,3.3267404527174707,2.560744044036088,2.800544945557049,2.336569304406119
4183,pop_0,3.1153724763919692,2.6541147296676453,3.3109968435048622,2.5568436735087623
4184,pop_0,3.3003410785178002,2.288365851231235,3.4578787664553494,2.9461156051184068
4185,pop_0,3.75296748223866,2.146254307093999,3.1176327713067633,2.4033798054786373
4186,pop_0,3.737233076034085,2.460848001757744,3.0990779658199963,2.4186269771432154
4187,pop_0,3.264865121513347,2.576371791976445,3.4555686067720877,2.859176253173487
4188,pop_0,3.1539283620232847,2.899680397606723,3.251151025412094,2.3514733645126453
4189,pop_0,3.191570282825497,2.2691889305712283,3.3106711803344915,2.736238803708441
4190,pop_0,3.339215135505204,2.6517741393940013,3.5625886497537484,2.2384952208769726
4191,pop_0,3.4364731743106574,2.6904104046888917,3.1071702982099607,3.166890748970305
4192,pop_0,3.248560158634439,2.7317967565233885,3.2521191111265946,2.832716306201599
4193,pop_0,3.3624389248586453,2.5314276600027026,3.6579269842433204,2.4963211887732486
4194,pop_0,3.5067102449915204,2.5554031990846067,3.0836698313257207,2.7528075868813775
4195,pop_0,3.6900062705173546,2.5725577126307546,3.3271009312010436,2.5987180747163756
4196,pop_0,3.097787427459962,2.5945347913530297,3.1121520361233017,2.423768851946671
4197,pop_0,3.196128315952688,2.515432763152705,3.0455500101859316,2.8168125447928594
4198,pop_0,3.391998223794402,2.681417365186592,3.1372047003137653,2.6102381513959294
4199,pop_0,3.2995771131661,2.613227512526301,3.4726087307208666,1.8446900351178948
4200,pop_0,3.163389339365211,2.6644390450289483,3.4804660845408844,2.7583607641221417
4201,pop_0,3.3659867544351765,2.781474856063731,3.004841357982852,3.0309501143669157
4202,pop_0,3.1106110556759923,2.88840476333339,3.153139343540721,2.8199910899234375
4203,pop_0,3.3264169964828945,2.830397241058261,3.2432568416284124,3.110388293265514
4204,pop_0,3.2278465850067137,2.6223420302067506,3.6290867450843387,2.643969105263036
4205,pop_0,3.926368079836446,2.9203815075744997,3.226116083441279,2.882196831914004
4206,pop_0,3.348453502400936,2.552520251339849,3.040225341288429,2.218353318902648
4207,pop_0,3.2750511561734985,2.6129331157523565,2.7960969464078986,2.953539166457331
4208,pop_0,3.583149020088713,3.053296230120525,3.577826959588905,2.509422154770388
4209,pop_0,3.0887254542438467,2.5110419304862304,3.2251630614017817,2.826551333634589
4210,pop_0,3.516215049615587,2.8023665711623096,3.2605164796908683,2.9105189105437
4211,pop_0,3.4728833177539475,2.4274769851160896,3.4208201147906974,2.6538907166067864
4212,pop_0,3.4461689690756203,3.1214599144929194,3.210252988562964,2.9331160693251146
4213,pop_0,3.734177684081493,2.2981974258966007,2.9857933285131586,2.37672138538901
4214,pop_0,3.584088717952194,2.4851605964089627,3.6849549364847953,2.8754066886463026
4215,pop_0,3.1698268415784963,2.743588876664514,3.4875675646369255,2.7001051941712366
4216,pop_0,3.6861281880041137,2.711732107309266,2.9466709928203487,2.6650740992745137
4217,pop_0,3.665709730366704,2.650881987600593,3.133279072633701,2.8181208715789605
4218,pop_0,3.8028533588783566,2.401131675479269,3.43730272035591,2.413432738077972
4219,pop_0,3.4810230186267344,2.678086038742193,3.1181303863825174,2.991158209453047
4220,pop_0,3.4782894186306983,2.3652268208422242,3.2899873136346787,2.357741770711621
4221,pop_0,3.2430619374589598,2.5425945543758393,2.8364863832945035,2.8281126171224917
4222,pop_0,3.7053199527049414,2.7116040838322304,3.4761129566287687,2.050228429396528
4223,pop_0,3.4069518562499943,2.8248348479163856,3.199302490141034,2.2521992837484963
4224,pop_0,3.510876586731256,2.1924764452118444,3.367007537437645,3.048858928018091
4225,pop_0,3.047811599225196,2.6221670878840233,3.3797687201260467,2.4550512462925185
4226,pop_0,3.644432904487672,2.282458051340241,3.3390434223233543,2.5960450251568634
4227,pop_0,3.404089654813267,2.4250123038680735,3.5574709293498823,2.8744133036523274
4228,pop_0,3.185073185040258,2.9296842219513253,2.9750437568156993,2.673852975442027
4229,pop_0,3.25778613095859,3.0487759532742817,2.813985681623347,2.3412180975969434
4230,pop_0,3.281608083175889,2.8761892498298196,3.2710394461541923,2.683751983682289
4231,pop_0,3.5187188094558346,2.620705454377778,3.1678105286325406,2.71286666955881
4232,pop_0,3.497821947307065,2.767044207477216,3.606420993965539,2.8092614637154405
4233,pop_0,3.2521564404559986,2.6448903041817484,3.2016613478207603,2.687106313148797
4234,pop_0,3.21304731148304,2.7543474675330453,3.279177445782866,2.7374801371829616
4235,pop_0,3.4481210606526966,2.7674082900711037,3.106679924732084,2.3282050579542104
4236,pop_0,3.2255732040899403,2.6354626667772703,3.5171752160613057,2.632722917545203
4237,pop_0,3.4093593380962326,2.442379297831477,3.7060716445629,2.824250569414478
4238,pop_0,3.39774163255564,2.5345671452036114,2.427915802877999,2.5547685342248556
4239,pop_0,3.454227009007196,2.6913463532343593,3.039327344948904,3.205499911940481
4240,pop_0,3.019177612408144,2.7516705530380494,3.111190198881656,2.5211654677608264
4241,pop_0,3.5104981192061326,2.6083118292027128,3.0785159050485476,2.5559066379952085
4242,pop_0,3.346017459446437,2.793540293567572,3.122439464807229,3.0591636369516872
4243,pop_0,3.146059168797158,2.8119273307680945,3.2035195168677912,2.8702072426717433
4244,pop_0,3.7709330000907104,2.3139856925736786,3.3382305279088023,2.5343042616899596
4245,pop_0,3.0158986314086382,2.7026690809260003,3.301520989976134,2.635111532576264
4246,pop_0,3.324036119072833,2.85053618787032,3.1250794028772426,2.438228606085498
4247,pop_0,3.735975529662741,2.3877175153694443,3.134682020808138,2.2407230447626763
4248,pop_0,3.0399455223857283,2.691956212071451,3.336965174026175,2.6238450156979396
4249,pop_0,3.673242060483998,2.4605210219112683,3.3378867984009903,2.5704073505836473
4250,pop_0,3.1220858421903115,2.509385783780595,3.6271197110021713,3.251528941412349
4251,pop_0,3.5505951854317894,2.4143793684023285,3.410131474817781,2.3256372727770547
4252,pop_0,3.2396149003727928,2.5539754338265963,3.1474789694698857,2.8530836553499372
4253,pop_0,3.5126874330107802,2.663583403655635,3.2674610161223234,2.9095307023863586
4254,pop_0,3.6461509637864378,2.680465090113934,3.469453624822691,2.4680541200109603
4255,pop_0,3.664658335635986,2.5217631614067355,3.2937646714634488,2.344437522550163
4256,pop_0,3.1357980601404503,2.5067027798032195,3.2972961821873343,2.1761091200414207
4257,pop_0,3.697650907466657,2.5693599698765883,3.3362161670135997,2.5204504039416737
4258,pop_0,3.3019039801029533,3.0976549272590055,3.2153923559652826,3.0630937633164654
4259,pop_0,2.7338591478774505,2.9531275199388634,3.3071261189541596,2.9950765250612084
4260,pop_0,3.514891622168059,2.66748381576349,2.6856738257497947,2.699731448812668
4261,pop_0,3.245410907011278,2.9417547006626257,3.346845242566842,2.302506703129401
4262,pop_0,3.3365271733788173,2.8770103997314136,3.37022878325441,2.506038872358583
4263,pop_0,4.034126103578448,2.840427369691943,3.1582561136456433,2.697919091261373
4264,pop_0,3.409496877183107,2.399489903956944,3.0363619210870327,2.730388874822791
4265,pop_0,3.298552954464477,2.4982785331347794,3.50738177210924,2.766605594791522
4266,pop_0,3.0663764742002,2.7926551212436004,3.5025403397865182,1.9323114775058818
4267,pop_0,3.1604273230407585,2.351417953334366,3.146297113043148,2.770743124478984
4268,pop_0,3.044243005131939,3.067001038862774,3.2861774012540375,2.298292553982202
4269,pop_0,3.738045824930895,2.473461788141544,3.23148453659522,3.0299218758257638
4270,pop_0,3.5909406588455393,2.434706175661326,3.140860254558501,2.5586644260903197
4271,pop_0,3.201767146298657,2.9254408429275927,3.1165736826656674,2.608917367553828
4272,pop_0,3.474639880247747,2.3604357647305734,3.427123760023773,2.814526130563083
4273,pop_0,3.284466045532951,2.728841857635933,3.07956649586005,2.52948758400769
4274,pop_0,3.0175506506019327,3.0376911387766152,3.122184184603076,3.0577510882920578
4275,pop_0,3.5640081112583166,2.7089199336761243,2.6337813345985577,2.7565184060551697
4276,pop_0,3.3181116847252756,2.374378530005923,3.35354016581412,2.7941759582091477
4277,pop_0,3.378293208237427,2.833379442409587,2.946801475394157,2.6484973887028818
4278,pop_0,2.880441422056549,3.1193538600182666,3.0757857249808214,2.9053903441563373
4279,pop_0,3.0342616733753633,2.8316107965324875,3.0119804535522783,2.437765844203863
4280,pop_0,3.4824678080262466,2.4423504415015413,3.2293888058551223,2.9901958165366236
4281,pop_0,3.7710597400618346,2.4262242213991865,3.380560842876213,2.289818558623911
4282,pop_0,2.8753795971122917,2.746866585857383,3.352104746828421,2.5300946529792623
4283,pop_0,3.500592694650061,2.6632094055912976,3.024352797799441,2.5030610648653955
4284,pop_0,3.814754718179536,2.1334283366079587,2.9860164263949915,2.7675772050730343
4285,pop_0,3.841715096482,2.8985208009595778,3.2771744011404556,2.810244973911316
4286,pop_0,3.6429822988799154,2.7742690898716913,3.1892474858941897,2.5826362736672084
4287,pop_0,3.5723623981218227,2.719577473099199,3.232612889732278,2.508657279498595
4288,pop_0,3.428411650991177,2.8591081631089814,3.000200280383224,2.5656175578272715
4289,pop_0,3.1081720650099744,2.45373797704045,2.982612360517016,3.010402156166589
4290,pop_0,3.1438211521047643,2.747069247850741,3.3777957510952445,2.278104623902636
4291,pop_0,3.447432083144941,2.5469178310961746,3.297667017543402,2.317033577027289
4292,pop_0,3.6004160240829117,2.9693209486915992,2.9225648298644584,2.1653673264229063
4293,pop_0,3.1650138424091026,3.0245027691195046,3.451710980483486,2.1614634353753264
4294,pop_0,3.184113298411369,2.9664488863110865,3.0959167096481344,2.8373656877170768
4295,pop_0,3.518900059266454,2.7368495368968166,3.260826599413967,2.450683177635221
4296,pop_0,3.6235906945125067,2.176133169203258,3.4841877757742683,2.433915778508607
4297,pop_0,3.566113193691918,2.720359407971523,3.1373932215127955,2.3497966392916307
4298,pop_0,2.9960532073213306,2.526366716282747,3.475243840272939,2.8089984981597884
4299,pop_0,2.9263089287041293,2.583028407482963,3.201022971837275,2.5784433945230596
4300,pop_0,3.349994246967652,2.4093096006929824,2.9664126875124377,2.7922594794128144
4301,pop_0,3.4754451813062173,2.594673619834825,3.699005979932421,2.5443337721800647
4302,pop_0,3.255608916313502,2.41610140872537,3.2273850518752654,2.585020097882563
4303,pop_0,3.804507316415686,2.6315436129593803,2.9594568717052763,2.2580989698778744
4304,pop_0,3.2882383204084595,2.3592334852253556,3.4091566461952874,2.3531090236160073
4305,pop_0,3.3917275167009575,2.6659580220114605,3.3083191019439986,2.7831732173437826
4306,pop_0,3.4036894597893346,2.231111084030583,3.17702191578909,2.6871108812336013
4307,pop_0,3.5352063595146337,2.8075871947134146,3.1594286159969105,2.6279663171662437
4308,pop_0,3.7154980868667304,2.3016084443749247,2.833068287256814,2.730349083600843
4309,pop_0,3.292038080960759,2.545672947709656,2.9906894054194018,3.1785693745983656
4310,pop_0,3.392762801544449,2.550789111527594,3.218309414980147,2.8343091529192717
4311,pop_0,3.2282041345229495,2.7614611525743533,2.921310260312388,2.685319016147244
4312,pop_0,3.6201598816237683,2.8398539707756014,3.277985455511727,2.300192024560991
4313,pop_0,3.8403380801193827,2.6716950946813656,3.245018884314433,2.3327018758512708
4314,pop_0,3.7592864127831325,2.188986317433807,3.3455049397754353,2.7057667348827548
4315,pop_0,3.7665442478040037,2.803606607653697,3.0573353226082673,2.55339345696364
4316,pop_0,3.2533279338641377,2.9561359258424025,3.2968779847905374,2.6175010961090277
4317,pop_0,3.4175637147615667,2.8869029115922906,2.6821800608687014,2.4589839177640034
4318,pop_0,3.664774951646491,2.6024032462550633,3.3659442519966607,2.50275903878329
4319,pop_0,3.4720066552562767,2.7269740378265146,3.118802123092557,2.4013453497835577
4320,pop_0,3.4484837063260834,2.946762393849988,2.987698066959178,2.278253712238345
4321,pop_0,3.363749644460126,2.666030163320983,3.159302961428219,2.497190767570898
4322,pop_0,3.336143217415823,2.5061439980780835,3.771995212273252,3.233067116080465
4323,pop_0,3.240720283727064,2.5037575382703734,3.133786067882512,2.053005615645159
4324,pop_0,3.5113058620832085,2.9784284519205024,3.001584628270552,2.7100234049663494
4325,pop_0,3.64682812727877,2.8030827649669985,3.103304696268194,2.466257361647719
4326,pop_0,3.4115384905099484,2.491122030840532,3.5173229762721676,2.7386325846310213
4327,pop_0,3.2704453784521874,2.5852196631583353,3.1459876711217,2.681868069693913
4328,pop_0,3.4353474137412414,2.6704639350423824,2.869909963700591,2.7318890302775403
4329,pop_0,3.40719992809426,3.024352195295566,2.8367736882426304,2.379131278773384
4330,pop_0,3.822676121352111,2.396538684292005,3.2786053477789974,2.607891068319722
4331,pop_0,3.1377228102595804,2.7764549378927206,3.0997041814834514,2.711829445862603
4332,pop_0,3.853559603433676,2.7041701736972774,3.443621311010511,2.922202138670784
4333,pop_0,4.055374305454369,2.2485825861002144,3.513579490585754,2.3044461703195958
4334,pop_0,2.992732943371821,3.0554613612100106,2.812072166741068,2.880040782775363
4335,pop_0,3.0652171412122566,3.0927307426325163,3.3186550571564397,2.821228915238822
4336,pop_0,3.3146165330588575,2.716270773618028,3.3277927923932213,2.5893671262822857
4337,pop_0,3.4324089911498072,2.797508762153921,3.159007601811967,2.6709678653215287
4338,pop_0,3.567236059572761,2.4262470950748285,3.683868796217113,2.8328314367224356
4339,pop_0,3.3718800205722395,3.0988740952270115,3.3318554633416895,2.5630518567208376
4340,pop_0,3.7398650959911772,2.3256492117084826,3.3901531614930076,2.953358168535271
4341,pop_0,3.372203858672017,2.341791730035184,3.3600960410236347,2.840485630239767
4342,pop_0,3.196680282456665,2.540437431912861,3.460917534724314,2.521747837092766
4343,pop_0,3.657742257392155,2.684668475512015,3.159007505281636,2.2596454847014242
4344,pop_0,3.8462657214976796,2.3144258389172694,3.6968044684780135,2.866228867193591
4345,pop_0,3.445837602432085,2.6563135522998964,3.1922739747949977,2.8336567671752197
4346,pop_0,3.136630081408269,2.751692711751386,2.991323455536504,2.5554452981983666
4347,pop_0,3.3305337363282352,2.7240636850616644,3.181751327340952,2.6424600447515822
4348,pop_0,3.329285888310199,2.4292913512830725,3.2876691866829244,2.6863376446151572
4349,pop_0,3.450362236694089,2.3112432004657504,3.581562746505945,2.69841196025428
4350,pop_0,3.050795376624642,2.842201548157779,3.55232226390948,2.1870955795139793
4351,pop_0,3.489076236105192,2.6980951337134513,3.3904493428732723,2.6679856518062457
4352,pop_0,3.221411844414044,2.7781649686459833,3.337354010478622,2.1729225988831535
4353,pop_0,3.070219950141837,2.6074374246904606,3.3038362909350187,2.628656760322955
4354,pop_0,3.371946211175574,2.666999581184414,3.396494246347385,2.261379625339463
4355,pop_0,3.3775613661837087,2.5355392453395664,3.485068068897906,1.923805846193825
4356,pop_0,3.6305812082799993,2.5250534495388726,3.254689993524181,2.3292740111692827
4357,pop_0,3.550382435396797,2.487435402306848,3.277134941637128,2.4514411146560855
4358,pop_0,3.6375778436327604,2.9153773815284167,3.16522496850571,2.7797007591900185
4359,pop_0,3.268440185213034,2.9874802017318283,3.1622804162868237,2.462572005874686
4360,pop_0,2.782219363408842,2.9814028308589426,3.147958811624837,2.5003787444298493
4361,pop_0,3.75747608484,2.200881536301903,3.1373028638182396,2.9603507469021597
4362,pop_0,2.964196961732721,2.903879812552015,3.2544066857026706,2.4821278709632724
4363,pop_0,3.3210600546445184,2.359095858210547,3.283178186586115,2.369699451984205
4364,pop_0,3.0923555832140224,2.49985992436264,3.1905260115541267,2.7788497841287327
4365,pop_0,3.510589754619718,2.494510723088497,2.9778124448366223,2.8866810240640564
4366,pop_0,3.2310965989560576,2.451949992420629,3.760777799334211,2.788029316815952
4367,pop_0,3.596781578397255,2.638546027734681,3.438239352345206,2.53622507020942
4368,pop_0,3.6155080117893093,2.191058579974855,3.228265983363525,2.427997927633883
4369,pop_0,3.451649999550054,2.582036474556689,3.4135214255498223,2.5840640740132432
4370,pop_0,3.687415423792636,2.855765779410386,3.1406895642259287,2.7070664622393434
4371,pop_0,3.394776250827906,2.87292929932891,3.3409479994969056,2.609692530356128
4372,pop_0,3.181045760880445,2.580805140007143,3.504952160770935,2.4807962099834118
4373,pop_0,3.1361975911853417,2.740809328335008,3.1085345245804317,2.3353523593638306
4374,pop_0,3.810586544297095,2.593636192014365,3.421105424169547,2.5681138946831816
4375,pop_0,3.873710000336059,2.561645251768626,3.1213859324450195,2.499665726396562
4376,pop_0,3.496099108468276,2.1630742409323753,3.0161304228039154,2.4451708471230584
4377,pop_0,3.7210303855900158,2.592747461507361,3.13605190373069,2.4429492551502885
4378,pop_0,3.4923538847843303,2.962103863645009,3.2859408781962163,2.3046983071256104
4379,pop_0,3.774509804698083,2.567820374778159,3.3736414663911978,2.3269851591828288
4380,pop_0,3.6257383883330982,2.688742357739712,3.3242737427967977,2.3316492425043758
4381,pop_0,3.6939764026605992,2.8228670736077577,3.0679634495522317,2.777658204447786
4382,pop_0,3.564280732900682,2.6154902965048916,3.412777396918438,2.503169610397709
4383,pop_0,3.4281771831773047,2.223021239254372,3.2295660541992173,2.9304517744576515
4384,pop_0,3.4455758826586647,3.0851298497497606,3.4637196133671266,2.4688219710935
4385,pop_0,3.2781591887788384,2.7178551390202568,3.276311505791294,2.8514075895037534
4386,pop_0,3.151674276266313,2.95603843899348,2.7275936998180303,2.802807163293374
4387,pop_0,3.415067844846317,2.6064498397077567,3.081822391508091,2.6710100389608638
4388,pop_0,3.5046128030991994,2.5124330765706553,3.507257945958733,2.5544899840143476
4389,pop_0,3.285121200777891,2.839660458866907,2.8543200673240903,2.487565324110964
4390,pop_0,3.7367320685390215,2.2449759022090494,3.265121346340702,2.3364109266196174
4391,pop_0,3.612245472811631,2.709559710934174,3.269024884069435,2.229676021266907
4392,pop_0,3.7470243253418207,2.5331092672288866,3.54231113901268,2.76802331607463
4393,pop_0,3.633749181640332,2.3720317842454803,3.127949821459457,2.8544062622657562
4394,pop_0,3.4563689960394375,2.6322141600945854,3.1399328680678025,2.635699415348905
4395,pop_0,3.343329068900589,2.7108556538153894,3.6734760101805257,2.5755901048489465
4396,pop_0,3.1809399616055782,2.8785474443426327,3.2303889512683353,2.643640434294638
4397,pop_0,3.316967501805609,2.5312208322601655,3.1435198945992395,2.7960956676601953
4398,pop_0,3.0043867219619784,2.9301087642791317,3.3765352822415453,2.390003586480928
4399,pop_0,3.2221694891036687,2.514027539171241,3.089028251711856,2.257277475787563
4400,pop_0,3.1816520737008274,2.7511099088843434,3.206925957505961,2.957645895952722
4401,pop_0,3.7536821869949923,2.6851828956153474,3.312932695735021,2.5445118796039616
4402,pop_0,3.2664840507561026,2.798926348456174,2.9892451523265424,2.6273531483544312
4403,pop_0,3.4157936545550824,2.7837275548057065,3.5690773978152603,2.2701947796110558
4404,pop_0,3.1627588089485763,2.9263773889731923,3.2194364567556626,2.693899420914729
4405,pop_0,3.3861027579168264,2.968556610352865,3.44042405449707,2.5748980353721547
4406,pop_0,3.0440389196542843,2.732741320623049,2.93607849309219,2.6516578537456703
4407,pop_0,3.2957445112969066,2.99837287840689,3.391999045525665,3.477940084547737
4408,pop_0,3.731840908780289,2.357701322044301,3.4316770766431155,2.7216642665506963
4409,pop_0,3.858318262894242,2.3660328797313697,3.2864906835464502,2.170447086614156
4410,pop_0,3.2507335984106858,3.0603394560902446,3.201601483852591,2.6388951963910667
4411,pop_0,3.8942465924141083,2.4121267654149845,3.562990531221367,2.728646230698703
4412,pop_0,3.606421617340531,2.6120978808918904,3.2163093052577745,2.8480876456701196
4413,pop_0,3.6269917980539543,2.4289068184431972,3.036317559040555,2.540624119389298
4414,pop_0,3.3954961923293627,2.0187426672970057,3.4507295021787625,2.1307693136946515
4415,pop_0,2.9704217765701113,2.623947619157473,3.1963911604855997,2.7351578889929784
4416,pop_0,3.876636442718021,2.393556938175297,2.981269923818209,2.396416483283872
4417,pop_0,3.15052156931639,2.681675128593192,2.9762959890153704,2.5106653899977167
4418,pop_0,3.6878725482674786,2.3123533164675405,2.9497001771889058,2.5825132695447226
4419,pop_0,3.301244066714368,2.485248391159691,2.9999387837753964,2.6149639720482387
4420,pop_0,3.040818244503945,3.0301618976839606,3.5594331777720014,2.3534063578408873
4421,pop_0,2.979347530681846,2.8243109813524496,2.9108308283991695,2.908574869322547
4422,pop_0,3.323745148094578,2.7203374892295504,3.2579225140902195,2.627904559080259
4423,pop_0,3.5028658665968018,2.3564485721975554,3.3803320425910734,2.413013950476577
4424,pop_0,3.610963232681036,2.564102730013927,3.2790522875510106,2.6975821987031754
4425,pop_0,3.2907951549405743,3.191017802218744,3.168748765335424,2.8909156172448016
4426,pop_0,3.6043625069979957,2.824997862011341,3.4639588505283467,2.664750818907362
4427,pop_0,3.519770702264073,2.507494879264254,3.6250316499062656,2.759979545891723
4428,pop_0,3.8784287848519927,2.8902164770431833,3.167330083558107,3.107180937885284
4429,pop_0,3.7436501450359554,2.2709004003061835,3.4908188961865996,2.2876590336242018
4430,pop_0,3.681060290970819,2.0235235795640882,3.459504914198788,2.3623184827947425
4431,pop_0,3.8970794281341425,2.6532364286579995,3.411648452321269,2.755614019072081
4432,pop_0,3.5212225221320526,2.495297644281484,3.655796006599195,2.772031812821232
4433,pop_0,3.2243226611762927,2.9807635872897804,3.2054289273279175,2.4799982524306006
4434,pop_0,3.254070330038395,2.28610305952764,3.407361611250335,3.3969877457930604
4435,pop_0,3.3348233471261435,2.857452671966764,2.967293539396441,2.7053532984127515
4436,pop_0,3.6444565775276625,2.639824983687595,3.219342208768259,3.3471510112394665
4437,pop_0,3.012556112601839,2.407716069021675,3.1797722692276893,2.9024259671383663
4438,pop_0,3.330853962257206,2.7389020764048917,3.5911000738996126,2.5543297935594875
4439,pop_0,3.446947787271244,2.3678196569258656,3.214910488211682,2.771237747258081
4440,pop_0,3.7962423269733487,2.626502955494102,3.5417062369540306,2.981384222305174
4441,pop_0,3.3680028559684745,2.6797206810425953,3.3548239279362515,2.7796940979351787
4442,pop_0,3.606329270331446,2.780953989846125,3.441606222855426,2.68453301231855
4443,pop_0,3.309228111081683,2.4997933655342837,3.3096432365477346,2.7389023229850924
4444,pop_0,3.4048553985291754,2.653149269264132,3.4713453557881193,2.816764100769763
4445,pop_0,3.694054470150098,2.866967413037905,3.328926359889671,2.8779099282650966
4446,pop_0,3.6637931251706246,3.0349688574005738,3.413817990261506,2.5583663519571607
4447,pop_0,3.433000449455214,2.83009213803173,3.115983610318106,2.8867789825461037
4448,pop_0,3.8286884648971844,2.9298978194106793,2.8927367793850696,3.2759628398706124
4449,pop_0,3.5976378797283646,2.8315642293430257,3.000596772791461,2.6561528272152337
4450,pop_0,3.444167273837279,2.9040244128230865,3.4251546161099617,2.445799620927873
4451,pop_0,3.33187323915216,2.7296406090057874,3.0392571251133247,2.889168990983563
4452,pop_0,3.2193104485482116,2.7998870578785175,2.989978670561259,2.182548084706577
4453,pop_0,3.44845752415835,2.6342605517701903,3.6151195138968006,2.9471867427992615
4454,pop_0,3.3343946289270865,2.7986534341255846,3.084754147625755,2.9892674434087234
4455,pop_0,3.718452248868149,2.541854783473117,3.707727912160866,2.2115406176608587
4456,pop_0,3.5563856185294616,2.5542576735620637,3.2083706792545916,2.4900770809132458
4457,pop_0,3.4770042369574368,2.618293767527135,3.380106849120062,2.6817517413614875
4458,pop_0,3.211103152470398,2.841927791077482,3.1984483822226797,2.662762489280963
4459,pop_0,3.262791063423583,2.580586966377941,3.4137399125921055,2.470430965071046
4460,pop_0,3.5292638779782908,2.4959642872491603,3.3807424722344424,2.8596385147566807
4461,pop_0,3.9270819040835185,2.5609991171902946,3.311292358807154,2.2335120756274236
4462,pop_0,3.0247970158493747,3.287189954653548,3.2430186731191153,2.659151902575159
4463,pop_0,3.623466212054753,2.5619470115554623,3.4671281615226173,2.1664491142187727
4464,pop_0,3.4374607138455033,3.1582363087199226,3.1368361707854477,2.7864098545875366
4465,pop_0,3.8822141075120467,2.445182323416754,3.1919560738736648,2.8047671319507446
4466,pop_0,3.4932096865098177,2.2607660380211287,3.2646536605035217,3.071811441688642
4467,pop_0,3.5198728902487804,2.736718752099255,3.1742033428688723,2.775870690098391
4468,pop_0,3.755710851555735,2.8221139019464374,3.0667041827651365,2.7946205425429893
4469,pop_0,3.6945872447712804,2.597662694613521,3.3940623357569217,2.6302237757527944
4470,pop_0,3.4601812404241015,2.7527260665792865,3.7568073065477785,2.9287882741418207
4471,pop_0,3.1697873767106794,2.5392791395311507,3.5869794908155885,2.349363099630529
4472,pop_0,3.551929059052559,2.6266181581198116,3.8231776121987955,2.6176133822143077
4473,pop_0,3.8135370384387546,2.9105119167166515,3.3277618956591604,2.17281484720878
4474,pop_0,3.349259460191092,2.387964973470779,2.9068195790427436,2.803622317842294
4475,pop_0,3.6183886667395835,2.6842941908435916,3.151574245992709,2.72677730735463
4476,pop_0,3.1866505153586813,2.5488221806186755,3.2563178729413718,2.4922758899549473
4477,pop_0,3.053836061736453,2.9273258183570348,3.3011427211623654,3.0860489910955518
4478,pop_0,3.2518454731182285,2.6591662288090734,3.6046162746707444,2.7645433372305703
4479,pop_0,3.3104159130736215,2.7200444418663015,3.5680845545966338,2.6530650297826734
4480,pop_0,3.438551643470201,2.710414422767348,3.4535059297020183,2.481317855601568
4481,pop_0,3.2885726998490328,2.6438850413231894,2.755702643291395,2.7949938647163606
4482,pop_0,3.2725083324423654,2.881614736696342,3.379678658176633,2.604650858675801
4483,pop_0,3.5076830479250027,2.40656913849131,3.1829094399188884,2.9403310113928387
4484,pop_0,2.986926085120812,2.7748265402805465,2.905297938520332,2.906817832770232
4485,pop_0,3.0974939671695148,2.9020443593994636,3.9080391060554733,2.6489268316808015
4486,pop_0,4.246276189013182,2.29191834157234,3.3890943705386474,2.40463681178018
4487,pop_0,3.4925812007061854,2.3040300664847897,3.1048532998693923,2.39685036192736
4488,pop_0,3.354023206508425,2.5254209740064737,3.4814355612516388,2.4778590857139893
4489,pop_0,3.4009313782307244,2.447202292556231,3.2796146965571724,2.596435965050687
4490,pop_0,3.2317694282703027,2.5505168970358763,2.8422597020265155,3.102272488325266
4491,pop_0,3.025585296698153,2.6988588727248555,2.870755860051919,2.8888887658564437
4492,pop_0,3.2931831275904404,2.5109959078814663,3.439043637025346,2.223997118317255
4493,pop_0,3.356800802323139,2.694903499922509,3.534346672425425,2.7561275057283097
4494,pop_0,3.52271960481354,2.3932889141320257,3.086008364880426,2.4397782047981633
4495,pop_0,3.1269270371339806,2.8517036459581173,3.416956342002541,2.723200129620918
4496,pop_0,3.6008228221988254,2.16878758388219,2.8854618070080886,2.1055836665778322
4497,pop_0,3.1219133302671396,2.6210087216281885,3.064712250318867,2.6752050103694476
4498,pop_0,3.414230420945842,2.2671403664740253,3.5506181710726605,2.402850269927845
4499,pop_0,3.2203723188088427,2.837475095144553,3.640563521157838,2.4203561373774005
4500,pop_0,3.7724466883925083,2.683441411467019,2.9430959540982196,2.4198933393605344
4501,pop_0,3.2665672086021935,2.3943468048730314,2.937275124520847,2.375337816594219
4502,pop_0,3.0275770734945335,3.1372633768397975,3.4455058141131425,2.6573617191565124
4503,pop_0,3.687048335795878,2.7752357377272925,3.087712785180625,2.53680377729276
4504,pop_0,3.196108409729389,2.764095376273118,2.9157298593171825,2.781982958390366
4505,pop_0,3.061954283244189,2.648575692124473,2.894467344283312,2.6511694839664055
4506,pop_0,3.725934151275795,2.704571379530138,3.1744593283535933,2.8935533754624867
4507,pop_0,3.2802385585569134,2.836443797158914,2.8336704258256127,2.5076622135132616
4508,pop_0,3.054008322730459,2.728400959104206,2.892616430256225,2.8626799511071384
4509,pop_0,3.11066012769342,2.794148970027149,3.1745496568319425,2.643601690421344
4510,pop_0,3.144639614092865,2.6743233432732345,3.649079941642421,2.5780802535429768
4511,pop_0,3.3807177243581026,2.6675937994816716,3.106970364731222,2.854611445662364
4512,pop_0,3.7610665816551156,2.704069196314716,3.400798780958732,2.5232994269364837
4513,pop_0,3.3948375876202914,2.5204912177695222,3.0268597415764833,2.521961207881849
4514,pop_0,3.2259425944521367,2.904502315599256,3.696643554389386,2.8465499136623205
4515,pop_0,3.3668163272586593,2.4510040621909877,3.066059217907633,2.755445387702368
4516,pop_0,3.188775473832084,2.8426855403982256,2.8310803033181573,2.715937376339759
4517,pop_0,3.571936892903215,2.7260470519351956,3.184985581998209,2.9035032951606783
4518,pop_0,3.284134106057209,2.2779587099400507,3.2896763313179083,2.499953925982656
4519,pop_0,3.74190056302929,2.2445596010022952,3.4896040749731982,1.9089843003767086
4520,pop_0,3.694268574686323,2.4210435947632774,3.0996934760753065,2.740857345584141
4521,pop_0,3.4404251076143164,2.5489719830194346,2.996943458814857,2.3512474953033626
4522,pop_0,3.572742844387238,2.7987772478066577,3.610979667089288,2.3987697684282185
4523,pop_0,3.684511176505756,2.5306619965373063,3.490204205848988,2.733026369861485
4524,pop_0,3.797251115718159,2.0971176041407182,3.3555090350582475,2.51832543344516
4525,pop_0,3.1793204347021318,2.746604960854359,3.231019855797315,2.6457432478016765
4526,pop_0,3.5161488943233223,2.4717728140914548,2.925399840389111,2.844253974310059
4527,pop_0,3.6431709208927363,2.1922290783917133,3.55316163532277,2.524312587306196
4528,pop_0,3.522238472900745,2.785844593695768,3.1698367781435626,2.7386784844546326
4529,pop_0,3.1547850634381818,2.5617784299750053,3.5241483184886784,2.805607139418327
4530,pop_0,3.6362005849888384,2.744125378904687,2.7139416273418604,2.2416637806383553
4531,pop_0,3.479964244108756,2.790776601099236,3.2400961043458976,2.153669136832222
4532,pop_0,3.9642545829429947,2.783865187239963,3.1541711021599452,2.710364343497652
4533,pop_0,3.064812641974099,2.802386755640349,3.25342532594665,3.1859128455588737
4534,pop_0,2.8497088957079697,2.7283558933248364,3.2630526016406765,3.080642958742217
4535,pop_0,3.5875793959189908,2.739917107548379,2.905441196032368,2.79922293876336
4536,pop_0,3.3894720782659595,2.571829292162821,3.274097362316466,2.4322038954883345
4537,pop_0,3.9448055239668163,2.2179907748432663,3.462304897712931,2.17674259718237
4538,pop_0,3.141464759057013,2.775434512213329,3.0951244864203975,2.7186261101227522
4539,pop_0,4.103840687831826,2.480439119846798,3.193030102638449,3.150732486101956
4540,pop_0,3.6263272786783225,2.601059516740255,3.5466331908198683,2.477287866169412
4541,pop_0,3.469855850692255,2.550331582822379,3.3613214854344817,2.655703866703262
4542,pop_0,3.0800293789551128,2.793640131829842,3.329916769385232,2.503665653727318
4543,pop_0,3.8041896167844835,2.720915415440023,3.1111977754236593,2.372819021968891
4544,pop_0,3.514019745033169,2.4999512732716522,2.6442000489552058,2.8246551407401252
4545,pop_0,3.865676367724662,2.4805771883050385,2.9603810034350144,2.220554017653222
4546,pop_0,3.9605012875028325,2.5245570966279685,2.940267924752034,2.6521531480226965
4547,pop_0,3.5905809093299172,2.6639139120935615,3.154215311004862,2.242885602442395
4548,pop_0,3.4028222662273113,2.522197256617144,3.395976184154206,2.6077075709130244
4549,pop_0,3.639304853670659,2.7755094517390644,3.2547069611376234,2.508976425661983
4550,pop_0,3.5911601517403207,2.9966806336301883,3.0715922986240125,2.359519438618552
4551,pop_0,3.145146307388309,2.842622894468897,3.2025274178707153,2.7216533938218235
4552,pop_0,3.569328424109913,2.717759148881446,3.110265257962074,2.9184183259102583
4553,pop_0,3.6286532771845637,2.615224998777744,3.285256827278732,2.4634831500801884
4554,pop_0,3.5162864620819083,2.919999871699242,3.0774345156524863,3.1048967241015872
4555,pop_0,3.4543372369033256,2.460908102351896,3.583895344678073,3.0392298946279706
4556,pop_0,3.3482531177007204,2.7410256847655243,3.3839658559148207,2.243025302250595
4557,pop_0,3.1757489361284925,2.4673419121195157,3.086836378417415,2.4301214259333883
4558,pop_0,3.1821728118843065,3.094991750550447,3.048070290295856,2.122683987753209
4559,pop_0,3.485008306809081,2.1940842671079497,3.5864261073476227,2.3220438351716597
4560,pop_0,3.6673729731804863,2.951492849377066,3.5137577430730205,2.6183169195424494
4561,pop_0,2.9508919104682323,2.852377405339483,3.4889714751269816,2.608178370052655
4562,pop_0,3.2820864310454567,2.5559499026687873,3.0344296498339904,2.488566408615553
4563,pop_0,3.512561870304444,2.689911455671715,3.032402347702239,2.6329885695668827
4564,pop_0,3.675816179628952,2.8362553762310982,3.481531421089291,2.6834393206220906
4565,pop_0,3.4589943638314105,2.5216705748692494,3.3290999027221795,2.4710604712234496
4566,pop_0,2.96458352822387,2.9019848508554262,3.062471555804211,2.9940072802302566
4567,pop_0,3.571022711654266,2.49682329664283,2.8756901519076346,3.021604089565866
4568,pop_0,3.0725323309568893,2.620816960053054,2.955300591826027,2.081279985121008
4569,pop_0,3.3600532945330652,2.582375692207899,3.411979690597539,2.3026337104904453
4570,pop_0,3.148865796488381,2.3530154010062514,3.3485083008923673,2.656594923978296
4571,pop_0,3.285893803954643,3.000088255742517,2.8636492313194775,2.9356539489749265
4572,pop_0,3.2051934373605913,2.7513095920719177,3.438610272794566,2.97492413443198
4573,pop_0,3.598967394625623,2.848315001501282,3.6864627224147544,2.6857959844528336
4574,pop_0,3.314992203565753,2.335823342783795,3.1864604521265028,2.6256732786864094
4575,pop_0,3.6689046589968775,2.6644731164655737,2.8522132807761573,2.644048179297119
4576,pop_0,3.7934407630078835,2.4769103424422623,3.4253434697194614,2.745449408158476
4577,pop_0,3.2162042583543955,2.480691067050588,3.5794790491731177,2.746231814944358
4578,pop_0,3.4947611531589517,2.595576067509346,3.4695344788975087,2.767616891284038
4579,pop_0,3.2558563692519105,2.6130217844590806,3.1872354724858827,2.983401041383234
4580,pop_0,3.2593670857984884,2.636580157405794,3.0482248396105596,2.770167935419634
4581,pop_0,3.1465463309937296,2.4786663789512446,3.488540215752177,2.1910493206624233
4582,pop_0,3.253532961209367,2.7968756295334023,3.1998298150993723,2.5563107140810115
4583,pop_0,3.730065478980227,2.4883895237590883,3.277240453810459,2.5022577102261776
4584,pop_0,2.989991830160707,2.7248430578088323,3.536330040228704,2.5450792814099423
4585,pop_0,3.154393782204263,2.528924579988746,3.5234023914243644,2.739711507837572
4586,pop_0,3.370727747663135,3.251256856173667,3.440186504749586,2.436906047525803
4587,pop_0,3.0395724995680444,3.0213453452695247,2.9357833160403772,2.4059545910879607
4588,pop_0,4.383573910937245,2.124380006786853,3.1437421492336957,2.4259107994533533
4589,pop_0,3.8028298814464856,2.812205375935769,3.409604984320443,2.4055100870404003
4590,pop_0,3.233785148569307,3.014324221911324,2.9126924813596395,2.6753534461585198
4591,pop_0,2.6748373107354655,2.3893733803680073,2.9156866519952653,3.402215025927873
4592,pop_0,3.7787689248269443,2.654725562752155,3.4615168721763,2.4077466519372357
4593,pop_0,3.5016570674438166,2.458112469721486,3.328768272427638,2.565517486711826
4594,pop_0,3.5197317291268906,2.4403826584990496,3.2558663032618216,2.972487307382221
4595,pop_0,3.8259663930819805,2.602602586181388,3.328679573807497,2.8615241708018035
4596,pop_0,3.34130781047828,2.567697956293257,2.9952160189655097,2.2894655124196364
4597,pop_0,3.2607126991398827,2.576899976021754,3.706946825225525,3.0383364540447375
4598,pop_0,3.4075852796868844,2.9876796589220986,3.506966481947568,2.6890175888717156
4599,pop_0,3.692025774868229,2.708313473059414,3.379759914444692,2.3333044815750514
4600,pop_0,3.459909953759289,2.818117997953217,3.2497231278542476,2.1389050269471857
4601,pop_0,3.1567555526970232,2.7390319514432737,3.0939091259972633,2.622139115339599
4602,pop_0,3.4800724579096203,3.0733374500946953,3.1357015136694266,2.4555673244258025
4603,pop_0,3.267462838301944,2.804412037810353,3.289669125327887,2.603316271786068
4604,pop_0,3.4744453414924767,2.4292263731198553,3.135930620366574,2.7964485102140815
4605,pop_0,3.762289809810126,2.384493142498102,2.9565800152017845,3.089362513631322
4606,pop_0,2.942055829064488,2.820713131730538,3.090289385293942,2.916288553335435
4607,pop_0,3.522921708253205,2.611885206584471,2.8066932763086334,2.8328593699313394
4608,pop_0,3.7708745562669623,2.831832597512239,3.391413639274567,2.1774135240446313
4609,pop_0,3.8563145432636885,2.5660594590676276,2.704182527528635,2.567234300122986
4610,pop_0,3.046443916214755,2.8354551860424615,3.637819120105126,3.03161416220433
4611,pop_0,3.1920557630332143,2.8388788625177583,3.5003832352165087,2.8377352771450255
4612,pop_0,3.346124691298485,2.898600505852432,3.0022265779743353,3.333944453206164
4613,pop_0,3.1918276391584763,2.7262226301194237,3.2902181362280327,3.0823759897198153
4614,pop_0,3.4187082943795355,2.841810767897789,3.4901136389369,2.6162925468984675
4615,pop_0,3.7439272593177026,2.0931078186444947,3.5408101980068354,1.7823612666033557
4616,pop_0,3.1593707046922606,2.9384964993320555,3.6336000650055538,2.6545090445491004
4617,pop_0,3.4360138653061094,2.4816822943766406,3.268996503749554,2.812813937214107
4618,pop_0,3.4051757561915186,2.7990533226206256,3.0996044374375358,2.4996019261120654
4619,pop_0,3.53285070083393,2.6608994094407716,3.1347762044658074,2.587082918876087
4620,pop_0,3.700396322490398,2.205877712616348,3.45432896175282,2.416127567334744
4621,pop_0,3.3107560412353347,2.909456022907915,2.8427273673741094,2.743318075633993
4622,pop_0,3.5929070594419015,2.584600215204918,3.812548345316693,2.429293494814923
4623,pop_0,3.130706531588058,2.688926154676952,3.573362731788911,2.6947031155770262
4624,pop_0,3.436994655732045,2.3666539773919,3.0847982678097154,2.944456757732087
4625,pop_0,3.261320773083632,2.5061285737729455,3.1400189204022104,2.5966069244242433
4626,pop_0,3.5997077961258706,2.248299116504686,3.505870276609453,2.296049765548328
4627,pop_0,3.4012608955998456,2.886731649236201,3.182651726672068,2.5125283586492535
4628,pop_0,3.4632599571972986,2.548411019855804,3.110094057903231,2.6061718161907312
4629,pop_0,3.0042377138188017,2.7042729805711367,2.8948772325352112,2.576956171423147
4630,pop_0,3.5012113700154375,2.407437749711561,3.200427665039304,2.654785711394089
4631,pop_0,3.6827339690602185,2.252283815965382,3.3128095142480403,2.930032858793125
4632,pop_0,3.6675388330438667,2.7245306443481745,3.3273496696431604,2.87883211066978
4633,pop_0,3.2557491139051944,2.653247373374583,3.1758310830220635,2.545208273419945
4634,pop_0,2.9371315050548388,2.8068951463977556,2.695180779199214,3.1575759410596946
4635,pop_0,3.4730698140130123,2.8623816296639886,3.225110329924651,2.740892869392977
4636,pop_0,3.4493001719896137,2.5374753932883887,3.026075243380269,2.7061767657417675
4637,pop_0,3.2751027616380584,2.744804684665508,3.707384225245257,2.7805987794339355
4638,pop_0,3.5377936264427334,2.501561432788855,3.0941863415702264,2.643867742399344
4639,pop_0,3.71931428485847,2.5275454687385333,2.7937286354010005,2.543590125573047
4640,pop_0,3.213719243596461,2.5845088821438265,3.506499106684606,2.4349010674354217
4641,pop_0,3.3059527280697987,2.9383403015737053,3.196656129905806,2.365632264016488
4642,pop_0,3.373064196701761,2.6179317842829763,3.492524095470915,2.7037003965762403
4643,pop_0,3.2038322751408055,2.607728034177101,3.272278280875658,2.6732431328808355
4644,pop_0,3.670424809540162,2.595439711066639,3.103798541360014,1.9282082204258315
4645,pop_0,3.0702925263890126,3.119993808465489,3.5796005553014703,2.089385689982331
4646,pop_0,3.6157445596817968,2.75146651286933,3.377765752735828,2.6556227134237655
4647,pop_0,3.6370177741122576,2.350991054805977,3.3924115383479827,2.795839761234977
4648,pop_0,2.9450521870177218,2.562237529863965,2.914932447781802,2.5644185196920413
4649,pop_0,2.782610982900935,2.660927662619841,3.484211409564403,2.6833793796766527
4650,pop_0,3.1668608528249473,2.677815348425599,3.3878665127946106,3.0554106453646335
4651,pop_0,3.21503098006235,2.9410728677002465,3.6306357795694573,2.468478016405215
4652,pop_0,3.536169345010658,2.858334685086549,3.6456505933461414,2.6100301896847102
4653,pop_0,3.692933236687671,2.493797885862264,3.0412252563231768,2.4892619944424887
4654,pop_0,3.5303086189527564,2.631218918880453,3.086412367653676,2.940997998274083
4655,pop_0,3.0909748619788977,2.5858513870562367,3.5174197389178707,2.372920516185207
4656,pop_0,3.7012162819442205,2.5228843456868977,3.4003147562090583,3.011750366146811
4657,pop_0,2.811258060282819,2.8566600330390544,3.1486695664499185,3.1318060823580502
4658,pop_0,3.491361833436556,2.8544543518152468,3.3836142301214,2.8330576277371797
4659,pop_0,3.5041520597109073,2.6637467878059478,3.2516386979389784,2.408820546876524
4660,pop_0,3.5573287062136405,2.832990291329383,3.2862063128343326,2.405726601661776
4661,pop_0,3.563799440475065,2.3473235504482517,3.370190282988649,2.8233131721546374
4662,pop_0,3.327705317536201,2.6777802345714496,3.5078030515252627,2.819415668850791
4663,pop_0,3.6729879615427428,2.484313449247778,3.3606719309229858,2.652007088451728
4664,pop_0,3.2463901403924336,2.69476955643307,3.495956805760495,2.184979763874305
4665,pop_0,3.5241961457429154,2.682260748099385,3.258763721113404,2.3718241166369096
4666,pop_0,3.5200837412497434,2.389143266735326,3.306006625748957,2.7639217858589906
4667,pop_0,3.638126483136383,2.544515036058778,3.2937982834127277,2.7997790924319403
4668,pop_0,3.469278670678028,2.635241910294306,3.484138659776943,2.1062556447272818
4669,pop_0,3.5571725524050604,2.1482483762061424,3.1776548080988287,2.3555586305215637
4670,pop_0,3.2398384033376995,2.6042540128611558,3.42066455790736,2.5624300508424236
4671,pop_0,3.6223207815318395,2.32020679295568,3.5528646369795878,2.694716905199098
4672,pop_0,3.3972820386830223,2.7518356963241772,3.1125797105611674,2.4088071753703395
4673,pop_0,3.506540085305688,2.7758186208558264,3.1540311205404343,2.24179427894291
4674,pop_0,3.5312890818185276,2.785104199080541,3.0290469495949113,2.9773603950065795
4675,pop_0,3.6587998728734576,2.4818917891608496,3.5160214683541686,2.6597766346415064
4676,pop_0,3.112854939160062,2.345995349218909,3.0885746158921026,2.6798488895873467
4677,pop_0,3.491784512120764,2.6992675887291298,3.18920621790584,2.5420087507813434
4678,pop_0,3.339580517537023,2.5746876631452107,3.127484233227088,2.661519027345604
4679,pop_0,3.6098124785944337,2.615303114573845,3.8519128038924872,2.0658494228789865
4680,pop_0,3.2847646473926377,2.770958046611409,3.596477651782978,2.822330056580207
4681,pop_0,3.291782241260705,2.8696907803233156,3.3410854390466724,2.6916354155333897
4682,pop_0,3.5562159912545033,2.7689819443393113,2.706360051861436,2.637617809123342
4683,pop_0,3.652892458923961,2.312696036713546,3.4589343039897456,2.3063755735323994
4684,pop_0,2.7694318849855732,3.1374032102771747,3.199936949989576,2.827301652732282
4685,pop_0,3.3363874566982186,2.5823143184551602,2.746934913799074,2.715704230082646
4686,pop_0,3.8929660838432265,2.620079863182072,3.026737151196718,2.594679682186447
4687,pop_0,3.0567083284159433,2.782963989009396,3.703373951120127,2.946025590102061
4688,pop_0,3.378407033329428,2.564158048481836,3.661795692522034,2.733137991498696
4689,pop_0,3.8842042023910164,2.538064031434036,3.2669484290535724,2.1648771999303227
4690,pop_0,3.6225095534833303,2.514475734293209,3.183946166643683,2.8314090655512203
4691,pop_0,3.4669363212410618,2.262238562622722,3.108549192393425,2.4824701721838665
4692,pop_0,3.4693494471283186,2.3646369592304146,3.2770786965788523,2.993381169967892
4693,pop_0,3.8219980281440082,2.609506580836437,3.096571947390496,2.740619066980765
4694,pop_0,3.7047528488964145,2.5196441234118088,3.829854425408188,3.077959268427801
4695,pop_0,3.3894180628089208,2.9811186529616984,3.8794985359625924,2.5949537578895927
4696,pop_0,3.7091484058835102,2.5999225133677326,3.5059968893505697,3.097156392115096
4697,pop_0,3.3167116266592567,2.4764134408258243,3.086368735958402,2.579211831872801
4698,pop_0,4.185375686501105,2.15929506091315,3.8257745072982665,2.5911804336939825
4699,pop_0,3.044900563381587,2.6980571845747088,3.743350916717896,2.7820696634131936
4700,pop_0,3.3194661262519904,2.549139393858556,2.7510317462509377,2.8537785451131183
4701,pop_0,3.327996759646215,2.856536023244267,3.3022492030994166,2.7889164088123106
4702,pop_0,3.240395723859474,2.5681387799002646,3.2927116827000313,2.919778332724699
4703,pop_0,3.617932776349949,2.5812939942668645,3.261936422528192,2.8115644524573153
4704,pop_0,3.5032455713680664,2.718371841295193,3.3391907590008927,2.6838636271581113
4705,pop_0,3.5217508182858546,2.4523749147664176,3.2273358338950535,2.880305475578368
4706,pop_0,3.355186856541923,2.545303117540039,3.300598026787087,2.192307655662955
4707,pop_0,3.584702955442065,2.5640170726692446,2.8001669814064023,2.8259442012368745
4708,pop_0,3.104840700707215,2.928133888501658,3.6703403151258165,2.6461402141795727
4709,pop_0,3.7686260154103843,2.656596548341972,2.893568442431867,2.4302093420540793
4710,pop_0,3.2511148186965584,2.272298406065593,3.2827074908409997,3.1338279120460157
4711,pop_0,3.463550879257924,2.8084476067149824,3.378965008208831,2.8902003894934167
4712,pop_0,3.4927635030843973,2.2875648891480727,3.178566748800401,2.77306313614881
4713,pop_0,3.3624739326102078,2.874201589766547,3.6420017212448594,2.830283644382587
4714,pop_0,3.3158204742330573,2.263709283257058,3.4135427462588366,2.3858773171248693
4715,pop_0,3.680107669913376,2.69778238365188,2.9906734567573814,2.821912870650538
4716,pop_0,3.11423629166772,2.5641697313198692,3.446341617614069,2.5346984819906186
4717,pop_0,2.6435084619827296,2.847014764491356,3.1215503784049012,2.903537206204277
4718,pop_0,3.122129350854165,2.687305431115312,3.419410870543912,2.8993929979910047
4719,pop_0,3.6465224070903166,2.4597027178739346,3.15806239181073,2.699883570507692
4720,pop_0,3.131916686418673,3.215981511342899,2.958936347259621,3.0586671614317886
4721,pop_0,3.5351832554926785,2.4926626616723384,2.833406609555887,2.589350281286535
4722,pop_0,3.1221048645189544,2.7895929381429734,3.2543833306574594,3.1805074163218903
4723,pop_0,3.285508044582408,2.6204785756821494,3.119823968286803,2.873343372812248
4724,pop_0,3.7117484900863222,2.1317506088647686,3.4166494805935996,2.6763450690401416
4725,pop_0,3.3570832729667734,2.6616069325812663,3.3989476817194593,2.6984021951441393
4726,pop_0,3.538678116202007,2.7128037973484034,3.2598147117998564,2.7226053080395194
4727,pop_0,3.282162924827463,2.7102469159758185,3.3630399355232283,3.1679992541676354
4728,pop_0,3.57392644641867,2.465980098143814,3.293134514398928,2.7350979400960997
4729,pop_0,3.6333304209619044,2.262006800084394,3.084867523372984,2.579045723635514
4730,pop_0,3.731046998038314,2.6051282869041583,3.3334879974208618,2.1988104631334036
4731,pop_0,4.018445681975152,2.627542180787082,3.1790819077780745,2.1140086761024532
4732,pop_0,3.7569254401722696,2.6603634189169822,3.491050614630984,2.4659053116094536
4733,pop_0,3.723088163372977,2.5844894839193175,3.420035233962397,2.4676060816637566
4734,pop_0,3.6242344971677416,2.437008384645053,3.2943052155044388,2.4587138629723175
4735,pop_0,3.4860164286789677,2.7442101129332563,3.469135089052043,2.5834287858255647
4736,pop_0,3.5779211014195744,2.5972060673153083,3.4281626670211716,2.4863739079514486
4737,pop_0,3.2795102921404693,2.518854618352931,3.0492770257268327,2.8159182225582464
4738,pop_0,3.1190917957025452,3.0348211677184804,3.7156460689985917,2.543832790829091
4739,pop_0,3.276520123424101,2.841228874566487,3.1691728642702444,2.570912619481372
4740,pop_0,3.1237814518631053,2.3787625342161576,3.0708152111131137,2.2524680472805314
4741,pop_0,3.37234649320915,2.61779838561677,2.9335961184152617,2.8590895512104337
4742,pop_0,3.273605105497351,2.974698872226766,3.2002844260183148,2.5218961533641373
4743,pop_0,3.6280190580953615,2.297497252842534,3.288999944453189,2.9662629910884872
4744,pop_0,3.1705608792946087,2.799753581758866,3.381644242182958,3.2214838169993283
4745,pop_0,3.1408572591623827,2.5059255391929125,3.080186761051368,2.1760394475085025
4746,pop_0,3.2137212950653797,2.578509139178613,2.9086549125628207,3.0801149027954633
4747,pop_0,3.020511212366828,2.7908793206003,3.0477824062881687,3.1332509165373557
4748,pop_0,3.7815365070956086,2.2421004817060286,3.0556086605123634,2.2740592414869414
4749,pop_0,3.5569188007981336,2.3783905582600156,3.4952621089920903,2.2652552129664776
4750,pop_0,3.283505076590163,2.9351852042890556,3.2908731548908676,2.4265736612196713
4751,pop_0,3.6594799776161735,2.595789802802825,3.5157811967068073,2.839766228191797
4752,pop_0,3.123584695957525,2.941025151884918,2.932840691963312,2.5452702388796924
4753,pop_0,3.7080049160120945,2.1067351610045533,3.343797397326772,2.73744512634106
4754,pop_0,3.5422675487859054,2.8471858435501614,3.0305533883494475,2.5944833558378475
4755,pop_0,3.514250825007732,2.573779059396276,2.9454491838996453,2.9362082142779147
4756,pop_0,3.105023041681188,3.010785252196068,3.235220739938514,2.7770631593446184
4757,pop_0,3.400339168373051,2.4916157849650857,2.727793626455033,2.572431383437477
4758,pop_0,3.528400365373874,2.2196757013617043,3.097561633724864,2.281124352976506
4759,pop_0,3.6268283246756265,2.630874503800592,3.2072923164228397,2.631802884880448
4760,pop_0,3.2122357738922176,2.73801676800773,3.2792718392613636,2.9180089235443405
4761,pop_0,3.2473814297789927,2.8823744935234603,3.186248727354742,2.2341460725546574
4762,pop_0,3.800750999383789,2.6581695459087773,2.982765125756075,2.8213552386209266
4763,pop_0,3.572555998726052,2.7267226695958233,3.1930144120907205,2.97597074331329
4764,pop_0,3.754124318487955,2.6365151865446133,3.1769408544983406,2.5666633920812405
4765,pop_0,3.176587844634445,2.5578306809810734,3.2135781351809323,2.445475380184777
4766,pop_0,3.807528362632303,2.534512517429327,3.162421338460038,2.493763330763569
4767,pop_0,3.3978742528881214,2.396436026418845,3.1186440789681606,2.864423129305369
4768,pop_0,3.158085137720709,2.591827318614777,3.128092309506265,2.7484458212481626
4769,pop_0,3.660790805792491,2.2915631210999265,3.029111254940273,2.751558823650473
4770,pop_0,3.3556350673177207,2.80065636239691,3.59296372945013,2.7518254582590007
4771,pop_0,3.470283707644267,2.6427539564600986,3.3196167413172386,2.314754351326222
4772,pop_0,3.111985962674362,2.900039001200494,3.665518146989649,2.330397836663998
4773,pop_0,3.6724472953133733,2.5966828847104226,2.9941868684792983,2.772582259710389
4774,pop_0,3.4748913190444632,2.1751548876321807,3.450480092662915,2.9390945072434036
4775,pop_0,3.8372091085647817,2.7502781387863218,3.0716598971944746,3.0441395021723467
4776,pop_0,3.719816423225573,2.7126151469904634,3.66005484114319,2.8794481986193934
4777,pop_0,3.7627063817943314,2.461795795379647,3.715866510330328,2.2795315854366147
4778,pop_0,3.6615705549740083,2.469503919411766,3.3619761017223455,2.81970690189672
4779,pop_0,3.1054686394815634,2.5878749802971854,3.0165256591659317,2.620806388247172
4780,pop_0,3.443086766961349,2.3455830262308313,2.934377042984992,2.2464173523497615
4781,pop_0,3.6983634077469207,2.3058326335814336,3.198156274505527,2.6750701625993902
4782,pop_0,3.6591398207077144,2.5322228758479044,3.027816412312287,1.9797408247075583
4783,pop_0,3.2956755620597717,2.7357540793438786,3.202147914049799,2.540609992173073
4784,pop_0,3.6217548173409657,2.4097912189310358,3.248545661988266,3.017801308717566
4785,pop_0,3.9567254562020735,2.35649397205706,3.0138711964695553,2.5833743735032573
4786,pop_0,3.6119009023666564,2.8797721161725853,3.158992835304216,2.7508384017909084
4787,pop_0,3.37188250463735,2.6997010801388686,2.946945025731743,3.0085136606748115
4788,pop_0,3.367489738123435,2.513696775200822,3.2059208357981053,2.5849938175681455
4789,pop_0,3.725098017843937,2.4469425774625413,3.2103217389920577,2.683350247776587
4790,pop_0,3.339758225811689,2.3724226411528324,2.8555115921626997,2.452658265747865
4791,pop_0,3.7262872860078993,2.5448582402781215,3.249743133473046,3.168886381737461
4792,pop_0,3.256401804160975,2.6048049278567733,3.1677040303928585,2.424293524886241
4793,pop_0,3.840137185616782,2.6876210687239426,3.080267572301425,2.3847859628140586
4794,pop_0,3.7151682852265355,2.64725932906192,3.2503844813775946,3.0183191338428097
4795,pop_0,3.644404502853476,2.4769943225198547,3.0018849019087956,2.8652489075998826
4796,pop_0,3.2245557468671255,2.811887537278515,2.8186562023087993,2.510851067718156
4797,pop_0,3.2058148685893766,2.6640414331852367,3.2348086244141285,2.583564977166484
4798,pop_0,3.128879581061198,2.828245841732271,3.105820690470326,2.7730744926996946
4799,pop_0,3.5664567895137567,2.4325659479152666,3.6652973639090862,2.2875012461262845
4800,pop_0,3.5923944825176624,2.7385907952536517,3.385137825563581,2.306109619715104
4801,pop_0,3.465538908184318,2.565923917016206,3.53689245697995,2.8491330297018944
4802,pop_0,3.5722397921601554,2.8693103115164496,3.5290209040317357,2.751782827890835
4803,pop_0,3.726973855045837,2.3901440400955574,2.9235257658405813,2.50134816067972
4804,pop_0,3.4455781398024685,2.4444393178942345,3.3025022690441643,2.3934720750174834
4805,pop_0,3.649934804799466,2.447775559007826,3.175634074719203,2.901060057347193
4806,pop_0,3.6010291150796663,2.7258359309182194,3.5191705594072773,3.0005599422692737
4807,pop_0,3.051301860770822,2.5980234149379786,3.240359906341914,2.71848810227519
4808,pop_0,3.116999264530384,2.174067327200526,3.3517837462561606,2.2456432358486444
4809,pop_0,3.3272044409483152,2.4999951634011652,3.490133019337007,2.7165477281393233
4810,pop_0,3.2716261593760927,3.166963603145266,3.0499403435185855,3.13083028393482
4811,pop_0,3.3292019871913783,2.613310536657353,2.852267264821876,2.4709451460762355
4812,pop_0,3.7006047285573582,2.4537564790694204,2.812317220749927,2.7813637564221705
4813,pop_0,3.6765146265306194,2.773349228524684,3.2276136723653246,2.5594020063020135
4814,pop_0,3.2557358608430347,2.679408533163506,3.2610050940685693,2.8205676787740717
4815,pop_0,3.3659564326686646,2.838213372292026,3.4714254908574183,2.330645256276245
4816,pop_0,3.2335823821270124,2.8719110623259114,3.344117859780557,2.8742373393219482
4817,pop_0,2.993258787650502,2.6693836490165053,3.104362701935606,2.6861348699616334
4818,pop_0,3.5496962544871042,2.724945118428781,3.49090311264176,2.734578899945669
4819,pop_0,3.215553466058817,2.62745139398789,3.2282625421923314,2.3532424979213618
4820,pop_0,3.530670045528138,2.9865440790341085,2.9403599259265403,2.565256884375447
4821,pop_0,3.2686562383087048,2.801611811448433,3.118589384482295,2.7155390387860736
4822,pop_0,3.461793369107844,2.249258086363159,3.0675494869227986,2.788517375829657
4823,pop_0,3.73632816233088,2.513702535644257,3.6906927397144837,2.107351643491402
4824,pop_0,3.727846234499477,2.9404489362325408,3.0040068106972244,2.4434510992077003
4825,pop_0,3.6182494289583156,2.366088202245569,3.659129186560016,2.37736731776888
4826,pop_0,3.5631645395690135,2.507696327644783,2.634259974426801,2.9105943978261037
4827,pop_0,3.4737593256441075,2.10227748763858,3.544744120633524,2.7615025985180948
4828,pop_0,3.4730504257827426,2.473158034692229,2.805665040424806,2.974828144322033
4829,pop_0,3.668831737603874,2.812166398344621,3.1278467737708433,2.44327880648177
4830,pop_0,3.817813991695569,2.5735958137931716,3.300493416902929,2.5706094212966555
4831,pop_0,3.146612598609073,2.647568473115276,3.3403872699703534,2.531379113777524
4832,pop_0,3.386674611286526,2.4931712938914385,3.348211791297327,2.39256350674655
4833,pop_0,3.168001557905957,3.0541010788266756,3.7280502811484952,2.92926133070197
4834,pop_0,3.258333621047175,2.825810457160618,3.4046619766737023,2.5399155650008702
4835,pop_0,3.556186555317667,2.716899664565494,3.066894690010811,2.2258640327595876
4836,pop_0,3.639003028114882,2.880589700713141,3.0166393787122567,2.824983350327468
4837,pop_0,3.8711457459543275,2.698868401756152,3.389883363264589,2.672260910441085
4838,pop_0,3.0231157458463285,2.8040394396739887,3.233087774633183,3.1572752296967153
4839,pop_0,3.099408381790512,2.1487891718216323,3.0497881600818255,2.7490114482827206
4840,pop_0,2.9332729298835094,2.6759084318279904,3.183046689006612,2.8663383404698504
4841,pop_0,3.3128054324494243,2.881644609407611,3.0701062875093466,2.6336876825189353
4842,pop_0,3.33952314594581,2.5989076805403264,3.1184663162794366,2.872951036815816
4843,pop_0,3.309468159814683,2.399669031968013,3.304306647820946,2.62360715190962
4844,pop_0,3.1972329835606765,2.311859818522447,3.3323040465870393,2.8534738995772675
4845,pop_0,3.074138134102867,2.5037678525198386,2.984940208705702,2.3813489835445867
4846,pop_0,3.416967476716887,2.681218416608004,3.2144568302606853,2.4472996148208552
4847,pop_0,3.6712002501007577,2.6449240419745164,3.543072732499034,2.524190741425606
4848,pop_0,3.5524611504805708,2.7958423813003286,3.431139985009013,2.24808843682148
4849,pop_0,3.433354966455772,2.7324501907893253,3.3029576075692564,2.475257628623617
4850,pop_0,3.84522277741039,2.7363519571113524,2.8262676804609237,2.8206342345345723
4851,pop_0,3.6396078279647095,2.075421905494349,3.043508917720066,2.4975133618231666
4852,pop_0,3.346449519825614,2.4881893447159213,3.2234629914480757,2.5490928356757636
4853,pop_0,3.1525586746833087,2.9090665862945526,3.1050709674062973,2.6897152528033144
4854,pop_0,3.3268619527587915,2.630682755275296,3.2295838040114053,2.6362594913199344
4855,pop_0,3.54491861062397,2.5744248376340173,3.0826023547461885,3.1840477302544135
4856,pop_0,3.9080039902136585,2.445779760135535,3.1975523774590306,2.433016114341457
4857,pop_0,3.5940821134649177,2.715498511127587,3.1964286793334447,2.8339173040404484
4858,pop_0,3.763303797277139,2.5492681950531417,2.9062089289869526,2.7372309348150914
4859,pop_0,3.459437915034862,2.4382587145236427,3.4485185447329956,2.7353337908384145
4860,pop_0,3.7215114668208624,2.605657213339325,3.5385988299994606,2.6085665352210743
4861,pop_0,3.702995106107495,2.607279808011514,3.0839258649701398,2.9917326604759498
4862,pop_0,3.612690287936818,2.4750441296321406,4.0762682111708965,2.3914655776950697
4863,pop_0,3.716117444465056,2.8022960275537985,3.1453178355875,2.4578707621534623
4864,pop_0,3.9571664139178644,2.443029037094609,3.093547401743793,3.0358351152412695
4865,pop_0,3.2666834068818127,2.7531191169724587,2.992606724335332,2.713989998977917
4866,pop_0,3.476875236647536,2.682261675531331,3.0130629914672022,2.390000261391656
4867,pop_0,3.7049006278154897,2.563094924957921,3.475366500374299,2.433034526887192
4868,pop_0,3.7424074123704734,2.751665242379571,3.3383562092306427,2.5685726279997323
4869,pop_0,3.7241456750606474,2.383003634221714,2.9225770258648653,2.590273567993588
4870,pop_0,3.306501889052009,2.755250390710727,2.9662229616384828,2.153794918967146
4871,pop_0,3.3888880347287467,2.9024899032196667,3.400982133478344,3.0074958032348973
4872,pop_0,3.1508054342256804,2.695316614384006,3.701886373604606,2.6331044934521874
4873,pop_0,3.237921705224265,2.537345112781462,3.3138340363903023,2.6084893415637063
4874,pop_0,3.3204274867744017,2.6450253139846627,3.329323947304623,2.424380386922045
4875,pop_0,3.126168630733672,2.283976833463273,2.851754239871874,2.9343482989850465
4876,pop_0,3.3605893546420247,2.6405004846709508,3.2190348287434456,2.086212596506678
4877,pop_0,3.1720843083863675,2.8976470274938912,3.171944165894295,2.8298535380794605
4878,pop_0,3.722429658976846,2.9097195713467707,3.063563861912809,2.929816399667243
4879,pop_0,3.6752641213278396,2.3419073742184677,3.068301410623587,2.427927855218917
4880,pop_0,3.4388125790397495,2.7048337637305786,3.4439233974320924,2.254419175073586
4881,pop_0,3.5028793513790846,3.0610656807347225,3.088752663352134,2.614687972331144
4882,pop_0,3.6805809678398376,2.325926038807936,3.29669907050648,2.8291934984216196
4883,pop_0,3.582609525594578,2.82444816359405,3.4487208392917927,2.4613494898714015
4884,pop_0,3.403437885673536,2.3395509518512805,3.4585177903135973,2.8019363536312323
4885,pop_0,3.636855147990565,2.5533641654785604,3.5589029103575,2.711438216609715
4886,pop_0,3.731831693534888,2.6239224015952938,3.227599972915446,2.5393216153407976
4887,pop_0,3.085303640753079,2.5971512530921887,3.128284210544218,2.45424735194691
4888,pop_0,3.498131693357951,2.569559206258374,3.4743164771978314,2.8726830024446643
4889,pop_0,3.349372272695561,2.7694425008745265,2.9330747300383746,2.398302476535754
4890,pop_0,3.40845546821535,2.3469492342373197,3.0785158326265227,2.62610126427612
4891,pop_0,3.5172427336456513,2.4302017952351886,3.215410568632865,2.589173629622468
4892,pop_0,3.3449825177786923,2.9171020564033316,3.2918403446326696,2.6610248614396417
4893,pop_0,3.0351022801504337,2.1884413490043073,2.9095872864930143,2.5390347682592167
4894,pop_0,3.6995831076771144,2.42373880029888,3.366367425286254,2.548722606349592
4895,pop_0,3.2618232354840724,2.460760133487131,3.116443808921444,2.114766596883715
4896,pop_0,3.800378628993303,2.621104524669284,3.65313622261251,2.607626307595356
4897,pop_0,3.864122019545772,2.330192343223346,3.0958514694472083,2.8122171398956786
4898,pop_0,3.562979368389455,2.886430520724634,2.9781263989809292,2.332375792863409
4899,pop_0,3.3492545211581213,2.705266486675055,3.33285015339057,2.70333318541198
4900,pop_0,3.6647962421928866,2.6443131174588146,3.1823364501865066,2.7124227726767187
4901,pop_0,3.381954917797493,2.75343656067642,3.385135405444638,2.0116913002758334
4902,pop_0,3.2234668363205756,2.4538238063012088,3.192318121241988,2.6357865654353914
4903,pop_0,3.6448812719713186,2.970313365503952,3.3900847815645094,2.3271993670029043
4904,pop_0,3.3511437487048346,2.1743415953969523,2.9132225345904867,2.673228265112089
4905,pop_0,3.479312296442148,2.375679293343728,3.21929522454489,2.2488407501142884
4906,pop_0,3.1426107394544616,2.6105328660789535,2.9390496914279645,2.700202879835461
4907,pop_0,3.7052437563447658,2.3765439828091983,3.139343636728177,2.6184968889730977
4908,pop_0,3.31116219132129,2.6862607974266113,3.3477993802899397,2.179717205100142
4909,pop_0,3.3884961730959335,2.596429059013115,2.9740284754919166,2.6810886105093577
4910,pop_0,3.3982156860319175,2.8282365152582996,3.262447909591244,2.652565469607096
4911,pop_0,3.199723733487215,2.700091867452811,3.012219440374801,2.698702141623601
4912,pop_0,3.9683399902624195,2.0514633120251595,3.369252486280802,2.5300994064616456
4913,pop_0,3.4577722141803022,2.967215882329776,3.1725586244424417,2.775511618290574
4914,pop_0,3.664195016924878,2.6192781938485696,3.014499392704547,3.141256807608085
4915,pop_0,3.2084938510266525,2.7057410889625437,2.771501716591136,2.492440515951976
4916,pop_0,3.4676831684845077,2.6401902394853374,3.2966353988419472,2.596301163364015
4917,pop_0,3.5307832808297164,2.791960611588891,3.501392313526603,2.3696727952878254
4918,pop_0,3.419143980214387,2.260738485890617,3.226083955349512,2.669479922295437
4919,pop_0,3.6863390602913544,2.653536371457223,3.3667779323033953,2.294197699755204
4920,pop_0,3.4719053333768777,2.705562246766198,3.3865328817008002,2.9730426528669724
4921,pop_0,3.353244627871997,2.7747727665917674,3.144057393693416,2.4711140122488096
4922,pop_0,3.210622605062541,2.7429695309250746,3.121563390478895,3.0799789273561347
4923,pop_0,3.5372802172132913,2.8712700247152343,3.140849519854013,2.2855744464153624
4924,pop_0,3.3123537652467885,2.741510249329485,3.1666329317280058,2.908702644347695
4925,pop_0,3.3480348956944486,2.5290574915539334,3.556012264216122,2.4611161129557053
4926,pop_0,3.1734339111631,2.1246750363339686,3.661298412508619,2.7156956458086143
4927,pop_0,3.409765671656663,2.5510398400650613,3.1626253440433585,2.7638280906220394
4928,pop_0,3.3907779687269874,2.558177625036814,3.339841608939785,2.6694206701969154
4929,pop_0,3.4072945522019245,2.4239827054983047,3.2074735214636747,3.2780730939955207
4930,pop_0,3.445388278899204,2.4656312120207122,3.3239893885544816,2.4450363728233278
4931,pop_0,3.4007221546911905,2.783012293748244,3.200887752116592,2.7912046761804343
4932,pop_0,3.8917553640123024,2.139392596155288,3.16693952484595,2.7032823913763906
4933,pop_0,3.331443148370509,3.104480009115475,3.297492054896569,2.817137026885626
4934,pop_0,3.513144641486828,3.353822623086245,3.28576455680592,2.4995558378995377
4935,pop_0,3.7326952011663477,2.66715593547893,3.775925033316253,2.109091092417988
4936,pop_0,3.2822194889389134,2.6745387152645264,3.1640569982527404,2.748224047174717
4937,pop_0,3.189507845417637,2.915463324240699,2.4742343851817212,2.6519727739501633
4938,pop_0,3.3058036418569876,2.5630379716164424,3.084662898672073,3.012399769508868
4939,pop_0,3.387956359127265,2.697228137156083,3.692458632903579,2.57628756113788
4940,pop_0,3.7984908723983817,2.5759167913808554,3.25431349557731,2.7310880424216695
4941,pop_0,3.5500576834269593,2.6242905295494756,2.6609945365448384,2.9501308336939056
4942,pop_0,3.173398071938752,2.4765949698643124,2.934144825827063,2.881414749174489
4943,pop_0,3.128511937406665,2.7864672010263067,3.429965877209259,2.7706371774533483
4944,pop_0,3.239287090742575,2.775533258404699,3.14495861763574,2.7484169384253794
4945,pop_0,3.2303935014175913,2.55957800933371,3.066830918078178,2.5127279095242554
4946,pop_0,3.3901297053175563,2.8588280226108598,2.9444326982060076,2.4532869899976264
4947,pop_0,3.16354633467813,2.4944508522906323,3.1613384957627693,2.872271014069919
4948,pop_0,3.0836578352708472,2.5303773613158445,3.125365413751844,2.600225362585813
4949,pop_0,3.095001254813155,2.502674858743373,3.025408383098725,2.8024023773096967
4950,pop_0,3.7492030706281594,2.2743555460646854,2.988688722871665,2.432010558971929
4951,pop_0,3.0298139209904456,2.5887326386818845,2.8522031365975664,2.7958585428400498
4952,pop_0,3.2811089569671874,2.6410551009197087,3.465971507937599,2.4334748251562295
4953,pop_0,3.065798561895347,2.7864286653093235,3.1374141987255064,3.0176860916476373
4954,pop_0,3.140866638699124,2.579792104478278,3.2029324249753115,2.7634663797759855
4955,pop_0,3.971735016806694,2.693536031567464,3.5193824003182765,2.749516328876052
4956,pop_0,3.4912670184434194,2.747373731735977,3.1050945940849624,2.438704219928421
4957,pop_0,3.7740927076312922,2.417590530128353,3.195756936072617,2.6196861313989923
4958,pop_0,2.9961726031616465,2.9216890279704284,2.7885694454536925,3.0514705613453836
4959,pop_0,3.4821222685985873,2.8107786139616024,3.1413527801643055,2.8337412155892876
4960,pop_0,3.2636099771297875,2.657254518365243,3.0758283888369697,2.717060083043399
4961,pop_0,3.8379368236875466,2.566934605660878,3.129306845328178,1.8387394341125407
4962,pop_0,3.7938915338606343,2.7440141426977607,3.1978922387042013,2.4970603986275215
4963,pop_0,3.8784951989915952,2.4425384139435335,3.261322932284886,2.1903767905470626
4964,pop_0,3.563854154413217,2.446737286993607,2.928996110439779,2.973677201998324
4965,pop_0,3.8876385594911484,2.560448760119057,3.1888866100991935,3.317142725353686
4966,pop_0,3.397070895257588,2.6596700213409483,3.1706198610723497,2.487783493757006
4967,pop_0,3.096393396486567,2.611408074037824,3.1726515917445686,2.612147436763132
4968,pop_0,3.375489484838951,2.3121079675902325,3.0968244069044126,2.97879887151037
4969,pop_0,3.4422247300078443,2.4171390834897584,3.041728417268102,2.3350562360226905
4970,pop_0,3.2474574084457153,2.512235358881025,3.0775804867459438,2.7569440895553115
4971,pop_0,3.2538952997972483,2.322458544812918,3.385301512353102,2.667275105404829
4972,pop_0,3.7594721780625595,2.6242522384550435,3.24449380032191,2.236374716264441
4973,pop_0,3.4625339622736546,2.677832797618299,3.116329871676062,2.656218244232099
4974,pop_0,3.513144728881811,2.4317995987227423,3.6280986141049456,2.6637187535591837
4975,pop_0,3.523819965568298,2.378262753240478,3.432374010968175,2.308503643457021
4976,pop_0,3.283954943784799,2.483687189496622,3.43493904939761,2.685288810946261
4977,pop_0,3.302581834903506,2.872742604635349,3.291142750056403,2.4334035438293635
4978,pop_0,3.470725278027978,2.7293061660142603,3.039330616726216,2.401875441679795
4979,pop_0,3.6510164711685342,2.0761530523369607,3.283073279203979,2.779002644599077
4980,pop_0,3.424402332102049,2.4902753740307797,3.0807039140226298,2.8355244288491077
4981,pop_0,3.490584845875994,2.4964560511690816,3.0120412639077343,2.3184392362664714
4982,pop_0,3.8343752856788784,2.697055793350057,3.653104702350542,2.4887511534431392
4983,pop_0,3.213072045326981,2.769915850787284,3.654196156077307,2.939854431262209
4984,pop_0,3.51160675388917,2.522006415058621,2.893032354329448,3.117776683453429
4985,pop_0,3.6157739512228773,2.2840197295225937,3.279273299580114,2.2899876095085947
4986,pop_0,3.3432628669744027,2.7430570070358766,3.1025106257722883,3.1122893743548334
4987,pop_0,3.545271545691297,2.7179525589700986,2.7893124153317443,2.8402327754621566
4988,pop_0,3.368815981515571,2.9020527678283417,2.7036209270366864,2.7196532801894153
4989,pop_0,3.3136269143858756,2.4763040746724756,3.4183837346326955,2.6778223565124954
4990,pop_0,3.080394889891745,2.854735630137114,3.6582908592817236,3.004721907209696
4991,pop_0,3.073980404738267,3.1631517390923545,3.691504162749966,2.797619288882528
4992,pop_0,3.596401747387747,2.7505698247770796,3.0564582840234125,2.422102228116586
4993,pop_0,3.7964596305650344,2.435138267562468,3.410535387196128,2.2545430886103826
4994,pop_0,3.1344390859940363,2.9664270254646765,3.3363141618654346,2.581520388819291
4995,pop_0,3.2962109859259705,2.619327045537799,3.0057369795398334,2.4894202690785803
4996,pop_0,3.7655905315509246,2.4266097759042804,3.1728429374692197,2.205920480173452
4997,pop_0,2.7645624840913112,3.1069567900287804,3.815127989431065,2.4169226532943324
4998,pop_0,3.0529668704409434,3.007000762960361,3.2852038764516753,2.946275054934991
4999,pop_0,3.506102772795548,2.3930817022660706,3.1831002935744896,2.6700584327736943
13000,pop_1,3.2372445774604723,3.314409754951732,2.9759921325975074,3.5637049735080337
13001,pop_1,2.9599445687900428,3.394258115240043,3.0993702977446707,3.4316925840096397
13002,pop_1,3.190660870112706,3.072376661108735,3.0671903636516444,3.3197960011242684
13003,pop_1,3.1658314913666907,3.427018361532482,2.9843472976368157,3.633558190718859
13004,pop_1,3.302364684459822,3.0573087661856855,3.252661938066522,3.567002492063328
13005,pop_1,3.118578256210282,2.8690754171710586,3.234208233415073,3.1762529335556926
13006,pop_1,3.285770239989688,3.6414719156378736,2.7950552395791064,3.4937755483947606
13007,pop_1,3.5611812392937443,2.927495615414079,2.927620851347007,2.8440927145848174
13008,pop_1,2.938007832823092,3.5109901956501397,2.9023853950934555,3.225107267844827
13009,pop_1,3.164719001207225,3.0459669954333073,2.4785647176802983,3.48132288412088
13010,pop_1,3.2667430838063822,2.9716434588935097,3.246564595713398,3.038222097970028
13011,pop_1,3.4585337143029755,3.4927728679336347,2.573701190728393,3.2359705722611567
13012,pop_1,3.241400696770603,3.127471347116865,3.0561707192488896,3.053681895022301
13013,pop_1,3.1558013409098873,3.71606857775184,3.1218093714731783,3.073271408730179
13014,pop_1,3.1012078439612796,3.3625672430701363,2.9974156946315706,3.2124604846674973
13015,pop_1,3.4029937248019038,3.2035725288087273,3.5476548826036187,3.3384666206593963
13016,pop_1,3.62799675695498,3.586952386565364,2.8935490152775007,3.2763533985783386
13017,pop_1,3.4586611266685767,3.363781990471851,2.712133730834107,3.74138889297443
13018,pop_1,3.2279499000932383,3.1695697024387757,3.120644188379575,3.4346284146550197
13019,pop_1,3.533106613169814,3.006041751625914,2.80960788845427,3.5639320518285187
13020,pop_1,3.6047209834489147,3.574918355497654,3.1751412978217464,2.7549810768301928
13021,pop_1,3.380625185021996,2.9113075812252753,3.14232983256074,3.3417041961362726
13022,pop_1,3.2525151740307847,2.991642059105939,3.0198519061868296,2.8672131020076077
13023,pop_1,3.417471402709504,3.123876400647173,3.059564074283886,2.7061750707774914
13024,pop_1,2.987209881238474,3.237281256589005,2.9095666769362802,3.1074416296933585
13025,pop_1,2.829919977012307,3.3192244342055526,2.9478769711876955,2.7641371943670157
13026,pop_1,2.984105965379989,2.9761982904640205,3.1359209224783093,3.288344297954148
13027,pop_1,3.729444684494288,3.351010252828642,3.106096245107148,3.492862106601194
13028,pop_1,2.865089506643104,3.2849533931808317,3.1602495825850148,2.930637021269978
13029,pop_1,3.121491514120166,3.4463309333100467,3.2555104390502727,3.316300348938852
13030,pop_1,2.8231441728152857,2.968830592042983,3.1533137512660825,3.624606297300577
13031,pop_1,3.059609703810828,3.1182529670299055,3.05435275422328,3.154889823947224
13032,pop_1,3.168416777657507,3.336451138108444,3.0023926879853997,3.1497834031692995
13033,pop_1,3.8408504212448498,3.2348389304702136,3.23674498754055,3.044190288518677
13034,pop_1,3.3375540888571185,2.8827984583378807,2.870909580022894,3.855926457962656
13035,pop_1,3.7787021463049104,3.316847650077954,2.99968065525579,3.3183912266064155
13036,pop_1,3.4918824882199293,3.255502187879994,2.7788330897598663,3.2521022644405573
13037,pop_1,2.6131571988527065,3.1949166426322297,2.8167645761808657,3.5124500270754733
13038,pop_1,3.073992896736784,2.903119692121552,3.087862516654815,3.382942499409195
13039,pop_1,3.0578978955325535,2.8159977663819014,2.905915026833975,3.7053818899171898
13040,pop_1,3.1330499636270805,3.37407906652712,2.6273489325039643,3.7914395398337724
13041,pop_1,3.61506235624425,2.8744744968343054,3.0872892287680513,3.0873938075314054
13042,pop_1,3.6919813906165047,3.3464286482877386,3.06199202419297,3.635543459700754
13043,pop_1,3.10458262305019,3.0015964723987647,2.528085848271989,3.3938010599777555
13044,pop_1,3.223119132328026,3.4931535385993797,3.2363845556318696,3.064364956120772
13045,pop_1,2.9559612658203256,3.3785517603469732,2.7551424213001767,3.466759774484579
13046,pop_1,3.108913752583352,3.419378910728663,3.3931389717102993,3.393798626221257
13047,pop_1,3.3456058515775235,3.1114808351083236,2.7056402324826996,3.5290081014593624
13048,pop_1,3.616228153610771,2.995431634648567,3.002477938011039,3.147011764184559
13049,pop_1,3.5029905807239916,3.187515064573565,2.8472848854125155,3.6788913365807097
13050,pop_1,3.4213435761947424,3.4871423845803395,2.593782838269965,3.5426801590163417
13051,pop_1,3.238531169734232,2.9821132546613254,3.238691956338913,3.6258195388131322
13052,pop_1,3.347342746044392,3.286277257492129,2.6069303721688435,3.4830628927008487
13053,pop_1,3.3745039447444283,3.283025641500522,2.9593341416241996,3.2093945251608447
13054,pop_1,3.570641193327939,2.960544782970441,3.3256816323875005,3.520640622005084
13055,pop_1,3.031133298813967,2.8906733162707825,2.6470273092871572,3.240532419973799
13056,pop_1,3.5281150791107874,2.9517054690031452,3.289012555188635,3.40651797552609
13057,pop_1,3.0805230297192283,3.278527975096917,2.8928401006347797,3.712013279812582
13058,pop_1,3.418269660956976,2.595627705934363,2.435269231951093,3.9755776280630473
13059,pop_1,3.691657769506826,2.957079610653753,3.070345205996363,3.311554065186017
13060,pop_1,3.4271619229844816,3.1065678592821797,2.9226449391068856,3.544666054173226
13061,pop_1,3.4834725081639446,2.887253367254648,2.730447197562112,3.5753822681138474
13062,pop_1,3.509751668077602,3.0745714168015765,3.304104822072148,3.3089261677076482
13063,pop_1,3.020371056316571,2.7201370814194608,2.9506191952259306,3.217219443443931
13064,pop_1,3.428866446486213,3.0722350631300746,2.9052253953620393,3.1384556572189406
13065,pop_1,4.172747144545335,3.676384502966055,3.0764710230006767,3.511759465076661
13066,pop_1,3.256400404063257,3.3111632726327986,3.5814009345740665,3.028264290491638
13067,pop_1,3.143880061999413,3.148959906101821,3.093815217745847,3.3077048441333723
13068,pop_1,3.5819913176909735,3.2981925375034957,2.8959064669493597,3.439389462943452
13069,pop_1,3.576390957661745,2.989483243309529,3.1717473077900697,3.978624063488789
13070,pop_1,3.1586444346797564,3.0186824477597543,2.622902716777536,3.6175086584896454
13071,pop_1,3.533405919289714,2.873046292269945,3.518472101855733,3.2554865386529865
13072,pop_1,3.2612007928556723,3.2917160787982636,2.7806454110167387,2.9506341260998066
13073,pop_1,3.269061572613509,3.1311340509915553,2.7761944928949656,3.5813650119388307
13074,pop_1,3.7555366010950637,2.81734590037062,2.8819583119858985,3.5603715394760203
13075,pop_1,3.20949188700698,3.2120467885872923,3.267348146245409,3.0608517532167894
13076,pop_1,3.464773927806463,3.1264962359272976,3.0409822772572506,3.2771515756884613
13077,pop_1,3.302904569021389,2.740092204626393,2.8759331024054733,3.7547776511341073
13078,pop_1,3.3522254746694706,3.693491703149588,2.462277972873598,3.5323822336705315
13079,pop_1,3.0919059693192317,3.3722397613032644,2.9151832652072565,3.0407532386619196
13080,pop_1,3.3864613337360345,3.2024334472814333,2.90258741055347,3.4157140870905303
13081,pop_1,3.0225112560409784,3.1064508661780548,3.123936449302146,3.349606868312632
13082,pop_1,3.3687261852898405,2.9898598744541185,2.9394692925578334,3.2279373934959277
13083,pop_1,2.97890878439797,3.1441246079133545,3.0289072634151064,3.0600148614019256
13084,pop_1,3.268570499636288,3.056650602574526,2.9765666353143505,3.145232040870228
13085,pop_1,3.0330496469164663,3.2534781389116936,3.5831209863555253,3.206917427130007
13086,pop_1,3.4915783068919923,3.289581656811317,2.66841602409298,3.1761010946559347
13087,pop_1,3.0071166903463133,3.249118460148105,2.588047383605065,3.469136074550227
13088,pop_1,3.1343523583250916,2.7512574493680457,3.0118745041373893,3.4136918710072717
13089,pop_1,2.946413558549533,2.6264897065785484,2.835356086571463,3.4694770711809806
13090,pop_1,3.6462563489927935,3.5807338340954566,2.6292506776298548,3.3330480631078805
13091,pop_1,3.1207846486262794,2.8113750900841863,2.875626777396092,3.7010078813794025
13092,pop_1,3.2442215700965646,2.99532749104089,2.7397967212331746,3.091288287223368
13093,pop_1,3.113523779946079,3.3367946827965644,3.0319927746830926,3.7293550646196927
13094,pop_1,3.3593269802334436,2.93353485141863,3.6170796160906975,3.2515276615700626
13095,pop_1,2.8332555357960403,2.7682914370422425,2.632250121813717,3.5815661780340293
13096,pop_1,3.591045791019774,3.0510303733949797,2.9164922758893406,3.470063421704816
13097,pop_1,3.3019487298366426,3.259968581122348,3.154636271700154,3.26414151238054
13098,pop_1,3.6391140289148263,2.9073641750132277,3.2694285169316135,3.019546795766665
13099,pop_1,2.9594728013955534,2.860601009029036,2.9950964412613073,3.277927139354278
13100,pop_1,3.2350972193210352,3.4030544176544986,2.995088033111943,3.5822980053345344
13101,pop_1,3.6162037407773986,2.8696966844582734,2.805299787450973,3.7907123180702724
13102,pop_1,3.327367267845875,3.406892143010774,2.924201459762106,3.4421757441049388
13103,pop_1,3.6287425566423037,3.334903743346045,2.80950417821051,3.227524956388815
13104,pop_1,3.139021325909037,3.264849377636177,2.806695437379804,3.041872812094337
13105,pop_1,2.5876379014353104,3.12202892449502,2.3163122684451656,3.3135504700353917
13106,pop_1,3.6715878150562338,3.0304468156823154,3.078988268836312,3.7981306629524583
13107,pop_1,2.7588993174446768,2.916043013960376,2.5710997899662416,3.0470557846909565
13108,pop_1,3.6605296080564496,2.984164990649258,2.741518023344263,3.577307430411164
13109,pop_1,3.456750440990823,3.3748552782884897,2.956666001832855,3.3536177404564405
13110,pop_1,3.600438445005105,3.208651375935442,3.2803453210981193,2.957665963544403
13111,pop_1,3.657055333826949,3.358236208414049,3.0418975650496427,3.3947464582127225
13112,pop_1,3.6726175863374237,3.6529462759654727,2.9843836662203342,3.5171694203459323
13113,pop_1,3.4456432458233666,3.165416814290863,3.2019938393251506,2.9361556977658068
13114,pop_1,3.4907242400677196,3.1224166848665744,3.17258323776204,3.331664329009302
13115,pop_1,3.6271162640531354,2.7950854300549475,3.003518499219628,3.1579484265819353
13116,pop_1,3.324944225724359,2.9551952775566925,3.0801801872908956,3.174931120436714
13117,pop_1,3.1176265426149463,3.3048558558657155,3.006418337312271,3.4372917892725847
13118,pop_1,3.0615156353165838,3.6507860151615086,2.988924204032182,3.59701775973424
13119,pop_1,3.5823745229816337,3.17518379976728,2.7580590006037684,3.3523712543686135
13120,pop_1,3.0134719132186327,3.07297434888486,2.8629955837051497,3.2033774552273373
13121,pop_1,3.2629969243191645,3.3319860324691017,2.725751762497116,3.2591683810196184
13122,pop_1,3.33319088962387,2.995768059037335,3.1020318215329006,3.329329516023804
13123,pop_1,3.0987156964649536,3.3593119677170313,2.8861355454083375,3.7942616461416523
13124,pop_1,3.364224823572815,3.1656827900418847,2.974574971612794,3.675768747982062
13125,pop_1,2.8596212174533844,3.2007910636903447,2.708410934407424,3.4523500686170157
13126,pop_1,3.3934174490334015,3.3621376943005727,2.9455549859998484,3.195529355167157
13127,pop_1,3.017294568252239,3.0782061076450438,3.0067444780735273,3.3219530657352507
13128,pop_1,3.181908886974842,3.21625777545147,3.1348599969450133,3.21989676112167
13129,pop_1,2.9915315667566365,2.9674582373194873,2.938286315820575,3.1192312036408305
13130,pop_1,3.1126947576619006,3.4711326010267483,2.732290295481953,3.6121414615030716
13131,pop_1,2.9348371599032763,3.0487363106392174,3.1616678605165456,2.987063106326244
13132,pop_1,3.17580486530261,3.0471319369076246,2.94539389924124,3.0171119174132266
13133,pop_1,3.9023169005198937,3.2523015964335498,2.854926861601224,3.525262378650218
13134,pop_1,3.4021916770824454,3.3971962614579896,3.17942191820046,3.201061734181772
13135,pop_1,3.1134902077934767,3.405311124526,3.000279688732233,3.6041726884374516
13136,pop_1,3.0793903808539813,2.7716083166244223,3.3737531162210286,2.6172337882900893
13137,pop_1,3.4465697877756303,2.5623412702576447,2.6976992299575193,3.343368100551168
13138,pop_1,3.2691207264376834,3.344687354296503,3.2318833229667994,3.254055637454734
13139,pop_1,3.273065970690449,3.0397983001659017,3.007685616806932,3.6817421521444778
13140,pop_1,3.3046478302222053,3.7070107912343975,2.722620343746957,3.471999706704953
13141,pop_1,3.5700985572386332,3.109619041381525,2.838648510930713,3.802050992033577
13142,pop_1,3.574730278560966,3.0946870439393677,2.853001680342322,3.6950953943924345
13143,pop_1,2.9782424316960103,2.8261064507012583,2.6746584554678168,3.765016146367652
13144,pop_1,2.8685695431876774,2.7767207610235287,2.916406689288101,3.9054587042558953
13145,pop_1,3.1235363958853393,3.385242814743851,2.979158554755062,3.099996562617302
13146,pop_1,3.354780253108939,3.146272259059052,3.292709898601411,2.371679476192689
13147,pop_1,3.847797817997452,3.22969904245599,3.3727775074598005,3.2806120718115026
13148,pop_1,3.017946268664679,3.7945893386429423,3.358247205457355,3.5072356404168517
13149,pop_1,3.098740887535426,3.2075840432363316,2.8542238051477695,3.5265633122122346
13150,pop_1,3.5878215358506726,2.971728212531164,3.030854800467338,3.321244518752879
13151,pop_1,3.5572225797512376,3.066056150233666,3.323597829491235,3.066467724288911
13152,pop_1,3.3529058695132905,2.9249458351125153,3.0475329777033457,3.2354634281700934
13153,pop_1,3.143153102884235,3.2200504412086923,3.021057182770789,2.7819913465967807
13154,pop_1,3.713095578231015,2.486125385415568,3.0695348551239947,3.7023699842254323
13155,pop_1,3.308266818702491,3.0423465280738937,3.234000636417647,3.1258335849477152
13156,pop_1,3.301786087338701,3.3152937158314035,3.2306881617464973,3.1791030409472048
13157,pop_1,2.6583256511303475,3.150323913150569,2.9037407069368633,3.1527446172109213
13158,pop_1,3.1661122834337494,2.9876918688661838,2.9197594060840015,3.268802530271669
13159,pop_1,3.191926614928839,2.7993703928504403,2.836708886650554,3.093975963324838
13160,pop_1,3.3194453360810017,2.7132332524561185,2.588198503536887,3.555064476173254
13161,pop_1,3.261441956790152,3.1073975882428675,2.2675539813861487,3.4378385253958554
13162,pop_1,3.104004482374537,3.2977952209892125,2.753762634550826,3.730218288455125
13163,pop_1,3.446358568678527,2.8411208339377056,3.152069401076037,2.9018778771934914
13164,pop_1,3.3979571083955986,3.749801802428087,2.8534590778072504,3.469342083813304
13165,pop_1,3.4017779613464043,3.269993603794046,2.982291262172182,3.573402218153425
13166,pop_1,2.876751915663794,2.9344263376922193,3.0360939446491253,3.4670752698144254
13167,pop_1,3.425249282631828,3.3368608152824617,3.04303696189685,3.09847075169425
13168,pop_1,3.5476649069261446,3.0532136114468025,3.054261447841521,3.741821438827399
13169,pop_1,3.16595305617088,3.0946502270902583,2.8780914432874876,3.091785476270346
13170,pop_1,3.74464893174191,2.7288240070252496,2.6898479247470983,4.443716336440914
13171,pop_1,3.2802100420808857,3.6314526213965492,2.8623037489441354,3.3096279801904656
13172,pop_1,3.144898436977702,2.898519618576314,2.8142981949390125,3.4480129135423994
13173,pop_1,3.5024146372074325,3.2268564179434147,2.69911124709958,3.301374833762298
13174,pop_1,2.8777642256016467,3.2389098361811897,2.6584699014927113,3.5675541628760046
13175,pop_1,3.151610615320525,2.5935978391845946,3.6039327162477406,3.0519817650159737
13176,pop_1,3.6802213456035657,3.1917284001378943,2.8363870671654245,3.3752758433343435
13177,pop_1,3.342732580974272,3.3971642869117167,3.220418577424863,3.1292627903456776
13178,pop_1,3.1860137548642173,3.441798907195287,2.4673774918658453,3.128927339984371
13179,pop_1,3.352787700816842,3.328926650278873,2.563062530240922,3.527130063361877
13180,pop_1,3.0695405814600485,3.477466678271348,2.6896841707062538,3.3579551081419083
13181,pop_1,2.943990523863143,2.9907607252540718,3.099881893016287,2.9850157174148113
13182,pop_1,3.5961461429081303,2.9692610432117528,3.006598456134206,3.7744017852218557
13183,pop_1,3.2951961754861476,3.1775320934067337,2.767700664535814,3.3558425755775447
13184,pop_1,2.7782337627532567,2.991907960741729,3.4332817664672137,3.0556190131135663
13185,pop_1,3.5564875002245073,2.8419150999601808,2.624873941542557,3.763538547752529
13186,pop_1,3.517210629569247,3.0008244773274932,2.6931391498358117,3.59779393050035
13187,pop_1,3.836961980990837,3.3265954856497615,2.7542636878101017,3.255423937430855
13188,pop_1,3.777429655264557,3.3041013329997018,3.2628337472584374,3.2166040896381833
13189,pop_1,3.6183279636509136,3.4022770225737307,2.60555719696264,3.429460659471882
13190,pop_1,3.218824884906683,3.177450039946623,2.734137508060138,3.441412766702492
13191,pop_1,3.3341558115475625,2.741777369278549,3.203897121431595,3.20714868612065
13192,pop_1,3.0528129022794728,3.017914091590379,2.6258735285783286,3.3028681152736357
13193,pop_1,3.572792032347685,3.058983577006963,3.004249951560717,3.5559518291086367
13194,pop_1,3.310768157694142,3.056108508774039,3.3739682892084666,3.3099385027013284
13195,pop_1,2.8069007652610267,3.0995158431882186,3.015542867112372,3.4748772236119994
13196,pop_1,2.8503359670863526,3.20467701786869,2.650213606727784,3.400793412997995
13197,pop_1,3.459487638800122,2.8536806027151775,2.8226432880985293,3.2024116936600437
13198,pop_1,3.2473736169217253,3.2146525382415185,3.113570382016702,3.187458810940354
13199,pop_1,3.2530779988160594,3.426957017415734,2.9071989304145753,2.8829405865141675
13200,pop_1,3.3022503461209958,3.2350842672531255,2.594323241511787,3.435930320441713
13201,pop_1,3.4859257079131547,3.2798794873411916,2.99242558624781,3.1084872006725024
13202,pop_1,3.2987433008750986,3.1991408928702723,3.2085222134762845,3.280609064365746
13203,pop_1,3.591712366111128,3.4514888436307953,2.7476406964272484,3.2726690476782823
13204,pop_1,3.1002554422761364,3.3332054177113015,2.9319273231166028,3.5077049774503566
13205,pop_1,3.5062826021753084,3.7380831647339248,3.3267652513627914,2.621635031687662
13206,pop_1,2.9832478765981816,2.8488734522614143,2.644141629858103,3.4037660450639042
13207,pop_1,3.776903985027869,3.615329389717638,2.8832288889555953,3.1743503656619465
13208,pop_1,3.302075145675377,3.374776871691045,2.706022624510373,3.3781472500463923
13209,pop_1,3.244794202135725,3.169542046653437,3.0064030935644683,3.991865355083262
13210,pop_1,3.6183540633364197,3.0479667967406905,3.00289882161319,3.061219063963602
13211,pop_1,3.5921375801364723,3.1061291879975834,3.2597891702214388,3.0719280920973495
13212,pop_1,3.048232014077324,3.5493060784415698,2.8299524064523385,3.4881756909419646
13213,pop_1,2.986465926557857,2.9565075878243054,3.2007833608544805,3.1121373534375674
13214,pop_1,3.623207048012875,3.0295514762176046,3.412290044470944,3.327832945500391
13215,pop_1,3.4455399518803524,3.0410161536131795,3.1640232547414664,2.964289805683352
13216,pop_1,3.1815011927216887,3.2580279338060993,2.8798985320642116,3.6373379870899956
13217,pop_1,2.700247663438453,3.127811114476878,2.9391116662499646,3.8251421436003414
13218,pop_1,3.139972433270166,2.6697998898437008,2.760985924532511,3.522437560324594
13219,pop_1,3.3139389436638043,3.480675704851854,2.6652394813988303,3.9560541933256648
13220,pop_1,3.3892583254514186,3.236440997816032,3.019551242206747,3.600710632625043
13221,pop_1,3.4175614210868797,3.2580681507329787,2.963403448162821,3.158228191940789
13222,pop_1,3.470463340752755,2.978505649320712,3.068122991489315,3.0408825063210956
13223,pop_1,3.4775418820291093,3.2473707109521524,2.884085542424557,3.3333138000064704
13224,pop_1,3.0811070594098373,3.266408337771845,3.118448872970558,3.07182384599258
13225,pop_1,3.2948659282439587,3.046026381036547,3.05562904996227,2.7728557001864025
13226,pop_1,3.1067997666698908,3.6077393514183185,3.2722615263693506,3.3436811516836076
13227,pop_1,3.023958347178023,2.836387560231849,2.796693314668668,3.281954203663558
13228,pop_1,3.4629973625900954,3.2441144165461475,3.0320409052734787,3.171861271929042
13229,pop_1,3.246851754015276,3.0253966069410563,3.476898764504896,3.1765271906054315
13230,pop_1,3.261225916275423,3.5081786375403787,3.081078291736976,3.2643051115200215
13231,pop_1,3.3419311208828586,3.336977609363688,2.9468474285487236,3.118894521284449
13232,pop_1,2.9433482024779165,3.065013928731152,2.818165279672037,3.496618125719105
13233,pop_1,3.2204712596234053,3.1453415453664606,3.106595095980313,3.640671093480919
13234,pop_1,3.1569155077882085,3.339380652894693,3.134990908556771,3.2040515028339063
13235,pop_1,3.8704454809180304,3.295000040301404,3.186294301955673,3.066373554910284
13236,pop_1,3.677375011747613,3.242953278938339,3.124514807343326,3.2901631122093686
13237,pop_1,3.415596977844031,3.1272247944548703,3.336639997739443,3.163559544803821
13238,pop_1,3.4365220980463635,3.7032552698671077,3.039900396537456,3.1361782153165367
13239,pop_1,3.3083234996234254,3.4424104236200366,3.0421150310855416,3.274474582158725
13240,pop_1,3.694670937844314,2.7991885258868394,3.0458660777288875,3.1637279300215106
13241,pop_1,3.5559391024911684,2.8721010474253914,3.0669181823058542,3.210409576292182
13242,pop_1,3.167376527329627,3.2455935479040727,3.0800150754414988,3.5768150884703567
13243,pop_1,3.5786504888492128,3.2137917997618115,3.2006309494193617,3.696478277192376
13244,pop_1,3.0243218957020144,3.0871921009408623,3.2870555617686077,3.3248156353467753
13245,pop_1,3.6783025859979035,2.9184014236723925,3.247236154334725,3.7011332259602923
13246,pop_1,2.955276088298582,2.9525736748213363,3.232567212859963,3.0101816149843605
13247,pop_1,3.43137843866156,3.141164762710861,3.4161416944064644,3.179295097697533
13248,pop_1,3.682073895741971,2.6295211342044467,2.829307325071289,3.5737104360829113
13249,pop_1,3.3247403037564234,3.2283432081643917,2.5324486676238593,3.410464993268033
13250,pop_1,3.194182785296751,3.205130853233504,3.226375532761393,2.9146198339227087
13251,pop_1,3.233339778947398,3.2365567911524353,3.075894271273265,3.119623798580641
13252,pop_1,2.704374075736798,3.2231493934280526,2.605375128352553,3.4833838207710803
13253,pop_1,3.4112220562937483,3.5072093748872906,2.7153511032646582,3.6900174466603444
13254,pop_1,3.573698209727099,3.260453220722965,3.182860894325412,3.62046350907009
13255,pop_1,3.35712044257681,2.983876233984793,2.972049711039801,3.3919246035706294
13256,pop_1,3.4306720129018875,3.1288663990485506,3.128095042349165,3.0690584265473597
13257,pop_1,2.905498786477796,2.7572814812043407,3.0197833851188998,3.2751446086484703
13258,pop_1,3.363426385972534,3.4620472772064126,3.14957637710637,3.50656294213001
13259,pop_1,3.1098316588325527,2.824972149999902,2.9839036116150037,4.065114806405877
13260,pop_1,2.883630569805435,3.1392470527886505,2.819348346330041,3.376391764692086
13261,pop_1,3.8449661841650293,3.76655973786596,3.5319660912290605,3.4025119264445975
13262,pop_1,3.277372297047707,3.193500356100065,2.846392023599792,3.641192281692394
13263,pop_1,3.1330079368761035,3.197853109260811,3.159279294138532,3.0728722806779842
13264,pop_1,3.9526070881233526,3.5927912048971526,3.180703747475633,3.2869347211578672
13265,pop_1,3.47805744822156,2.9542690024494624,2.910561707919936,3.0391937942015326
13266,pop_1,3.2581597011597,3.3217301011820837,2.704734743490016,3.6015303966780348
13267,pop_1,3.707592108293007,3.448027667687428,2.681647232079185,3.3584487460371903
13268,pop_1,3.9839424493872,3.117738587445852,3.1817886088938323,3.4226699436999177
13269,pop_1,3.4520000094619334,2.8965071229110224,2.974987100100834,3.1493981091611922
13270,pop_1,3.2975805858591096,2.752518773154408,2.769065874392445,3.1281478389652166
13271,pop_1,3.23591263940766,3.2912875780576853,3.0860544163206067,3.3285904109836273
13272,pop_1,3.6572276747042927,3.4162267338006473,3.034240894038533,3.784154989936177
13273,pop_1,2.937200762868143,3.5317883893888062,2.778768341848228,3.549135159075288
13274,pop_1,2.793566018116807,3.1416768656451746,2.5758659397605324,3.6150593186549007
13275,pop_1,3.1658152024386794,3.2012025744455843,2.82704281033297,3.701932454932987
13276,pop_1,3.1228522374083068,3.069987737625504,2.9128096551550726,3.664045016867733
13277,pop_1,3.7297521932754227,3.0246387459805346,2.7584058743216127,3.5080188169501425
13278,pop_1,3.7162678236783098,3.4776720694707337,3.398884964114143,2.7277128885883064
13279,pop_1,2.7967065743298596,2.7948068829614106,2.892211365537661,3.081600724749511
13280,pop_1,3.512136811519284,3.4161211112464556,2.8982045041516025,3.319392455137392
13281,pop_1,3.6252443194937336,2.9626933482364906,3.028796985959227,3.6094285571962517
13282,pop_1,3.0990915925292324,3.1229715286548485,3.0113288113078416,3.2676618813214633
13283,pop_1,3.47203121957222,3.453131450698656,3.0454341783269934,3.24242134472392
13284,pop_1,3.107236932584813,2.7732208511727388,2.950247381361721,3.2378086090788645
13285,pop_1,3.0563311852239994,2.8904237329794142,2.55854662708729,3.4235262829966633
13286,pop_1,3.420430454092313,3.3456720831664537,3.387941233095204,3.3356917045981564
13287,pop_1,3.635120010778595,3.7199809337705885,2.8549563497175137,3.3455521259031564
13288,pop_1,3.651806061194799,3.100748239839022,3.034354926343662,3.346581168741333
13289,pop_1,3.0932804921716968,3.3558880337619996,3.273196983715419,3.1208916009124876
13290,pop_1,3.0439568280445592,3.3269636987777305,2.8893668524462117,3.7968644421387565
13291,pop_1,2.86573441312353,2.9417423214754663,2.838551972188006,3.703559841645413
13292,pop_1,3.176717610553591,3.2237145620157803,2.6338297604980987,3.538765685510052
13293,pop_1,2.9760223803648787,2.828812195907748,3.1113316920407463,3.5819654760194646
13294,pop_1,3.112142238694503,3.339935828740425,3.1070606604524196,3.8345374182441834
13295,pop_1,3.26229391685325,2.8891047269497574,2.859932607362431,3.264404944111371
13296,pop_1,2.9647205590263264,2.586801038092526,2.9304246233755795,3.2437201499467494
13297,pop_1,3.369146177674469,3.1711756643860456,3.1667691800365056,3.066433411280404
13298,pop_1,3.114520941238558,3.2493858593064195,3.1133411577390686,3.3826219506010484
13299,pop_1,3.7433638193536396,3.1622715150214264,3.3927754041157048,2.7401435881988996
13300,pop_1,3.3740734268852135,3.5689754612089404,3.2485228474697427,3.5140057843432944
13301,pop_1,3.6279811892335085,2.836120094912591,3.160184752496979,2.781608836737456
13302,pop_1,3.4515395702673937,3.310681633492142,2.968166376440948,3.608371638139987
13303,pop_1,3.5162379695290182,3.55289299539736,3.2564182273074294,3.2369868078314803
13304,pop_1,3.683575114305583,3.3993133293385287,3.1760774934969107,2.9391536737924406
13305,pop_1,3.3428841532212186,3.597556561301968,2.9497501460610023,3.0869360988168784
13306,pop_1,3.0391362968983944,2.8776289296214435,3.0669778827894247,3.25146033327106
13307,pop_1,3.642224543697017,3.318175077131305,2.8582806572315698,3.2175273311677803
13308,pop_1,3.1396210628776946,3.0911279330961206,2.66887739093611,3.3829168144059585
13309,pop_1,3.3097592041627526,2.915330732025346,3.0125752191414046,3.449410896051495
13310,pop_1,3.2467295524168445,3.0672895571167524,2.9761480376718032,3.1341410757644463
13311,pop_1,3.1992157343841914,3.3144531791989285,2.874153275263537,3.531164846509864
13312,pop_1,4.208996843977394,3.248434052208618,3.1973451377360065,2.6915845060122066
13313,pop_1,3.398686818566074,3.220392953963875,2.888184664878503,3.1858833339637775
13314,pop_1,3.3787034390235924,3.0151798438174287,3.1076069247621936,3.13879878858333
13315,pop_1,3.3101471862514935,3.10626555208301,2.761724036440075,3.2892939725272785
13316,pop_1,3.4964665015459166,3.1877298882180285,3.026621748170703,3.0486106686871786
13317,pop_1,3.6790752786489436,3.08854931713938,2.903788850074791,3.589304717870001
13318,pop_1,3.1118484057044387,3.2927392700464275,3.020156415503198,2.819365849899676
13319,pop_1,2.8084220657404773,2.850168637161721,2.771861032983743,2.7964796972085058
13320,pop_1,3.698070023021012,3.2539156400028695,3.310442673237198,3.562266267648345
13321,pop_1,3.1020426160688714,3.351241952803808,3.0873967346133995,3.404743358922827
13322,pop_1,4.032638994479205,3.4647198782150466,3.328906742852602,2.974918715694641
13323,pop_1,3.734048298449606,3.4058525241726083,3.0148430473854444,3.146217518059182
13324,pop_1,3.460740302673126,2.9812867752804433,3.1645087005854746,3.049709572856886
13325,pop_1,3.0432220448487897,2.642180032463038,2.8633458774170424,3.1004742577034854
13326,pop_1,3.2572122986836565,3.1865279557108623,3.03309494557109,3.346543556407668
13327,pop_1,3.086761688135201,2.9497061210345366,2.99327304259128,3.041013279211345
13328,pop_1,2.5079536537821694,2.514388122937662,3.086243262757926,3.2265203431973015
13329,pop_1,3.5117995522601366,3.5254699969292482,3.0774827120818076,3.1552388987087143
13330,pop_1,2.956891879622956,2.5921437927814326,2.902056410375125,3.5661294704609032
13331,pop_1,3.444072916200752,3.3091531097118536,3.092728131642689,3.4674512059754425
13332,pop_1,2.992060020519978,3.420229555004,2.690460186697679,3.0404992749400903
13333,pop_1,3.700154735184141,3.0847259824494904,2.7441710051188672,3.1396568806739378
13334,pop_1,3.6881261928065525,3.2449633074418807,2.6833457171686055,3.8405451838678473
13335,pop_1,3.3920773168728076,3.3996794319398704,2.8806923327790956,3.1591574838388286
13336,pop_1,3.4234270912352622,3.185813613556007,2.7302961373854546,3.5327788319137583
13337,pop_1,3.549328662245403,3.203884200398101,3.2078581085454245,3.796722126182153
13338,pop_1,3.6082876328208413,3.081990740875865,2.9111662064628185,3.7092014428562803
13339,pop_1,3.558405863108661,3.189824995321368,3.0112756581293505,3.043092256030907
13340,pop_1,3.127350263603368,2.8812140228524235,2.972819522262452,2.984351279510986
13341,pop_1,3.3655583880491955,3.362338051586925,2.933512414039899,2.667573862752244
13342,pop_1,3.6384438629332734,3.0110625108187308,3.4341681660492576,2.9438535477014875
13343,pop_1,3.530708559366983,2.756164325825161,2.780828996579661,2.882317113670694
13344,pop_1,3.2895214274696394,2.893181941227152,2.4814294241615715,4.378696566953999
13345,pop_1,3.7482882126562185,3.6940842746983473,3.227471068599602,3.7160906905376416
13346,pop_1,3.159306710221183,3.1393596366037406,2.9969076037622706,3.41478719411141
13347,pop_1,3.4654463280997203,2.757200959653467,3.1910739669306816,3.1749034075020903
13348,pop_1,3.5165638944275694,2.8780068743405405,2.908369309069227,3.762887682530695
13349,pop_1,3.1620047986512136,3.56240657990896,2.804493548590097,3.473422021172167
13350,pop_1,3.2292120930558856,3.420399359428995,3.1977601358394256,2.958898437215104
13351,pop_1,3.0956597875509706,3.262734052393013,3.0291127409882366,3.434589653319613
13352,pop_1,2.949436348551097,3.3513648534460843,2.6964421757055463,3.5917031414897225
13353,pop_1,2.7122592607382585,3.2350813211249587,3.0037228109373766,3.306496850261393
13354,pop_1,3.7124266661367313,3.171915274367791,2.924664255472029,3.8817800057954206
13355,pop_1,3.675168500812582,3.689816155568874,2.9001452979228652,3.3586908463026766
13356,pop_1,2.8959756713319003,3.1539900990843623,2.931915028229829,3.465635625285687
13357,pop_1,3.0514363539107348,2.909497428586322,2.917709119140258,3.332898205054254
13358,pop_1,3.362166570234382,3.1244651941251536,3.4046264712058223,3.2168262550604405
13359,pop_1,3.265546260206886,2.9117753644773265,2.9767023622826403,3.248644293928436
13360,pop_1,4.080681711916268,2.8668378286975464,3.0809069026665923,2.951194308469562
13361,pop_1,3.4105175523993245,2.929814632881157,3.0974045194085686,3.51548473294339
13362,pop_1,3.6332495418728237,2.9385308427082237,3.131932124580776,3.499200457325161
13363,pop_1,3.0804573997196414,3.0515775352365657,2.476984372936237,3.0472254567558688
13364,pop_1,3.295401990631975,3.18828291799238,3.1911519307251983,3.6647082195682015
13365,pop_1,3.428138674368466,3.1584617905107426,2.8342085017036505,3.2498997551936233
13366,pop_1,3.2938247203830078,2.90129754042913,3.090060691302137,3.490360868235091
13367,pop_1,3.3520542708900636,3.280120514059155,2.7646841749943984,3.4845679570895634
13368,pop_1,3.1478716911650704,2.6158916906495895,3.0675891859114826,3.213388414845027
13369,pop_1,3.5445613446559983,3.3107352839195925,3.346391107296451,2.6107613995660204
13370,pop_1,3.2544051956990785,2.8728729239991164,2.850071917927985,3.355966704536073
13371,pop_1,3.4215420054086,3.536452595616862,3.035255237190324,3.74600714664895
13372,pop_1,3.8357824993983067,3.454599805162767,2.8789012182918,2.986054055737587
13373,pop_1,3.1059780861688586,3.13598458707862,2.929091564419986,3.2899664666314083
13374,pop_1,3.062119767819686,2.834941100419594,2.7192971758829625,3.2928040991515846
13375,pop_1,3.239892157970305,3.4406459330522208,2.7468406220519745,3.9070797514296185
13376,pop_1,3.2053815786324673,3.3848415274237817,2.5712617192829406,3.581204771693199
13377,pop_1,3.707349039557511,3.073648760981204,3.2635318060087513,3.5029656253962127
13378,pop_1,2.914503376956433,3.3087247585096753,3.1119629922330545,3.688004849280719
13379,pop_1,3.154559726642508,3.1354763231297613,2.8417880011727137,3.1436894519665275
13380,pop_1,3.463236886404609,2.888889305134642,3.0488632101544537,3.2573747137894205
13381,pop_1,3.1811900915491758,2.772182350977945,3.348057495995622,3.654603532179604
13382,pop_1,3.50075728439308,2.715917800477585,2.9618838248684574,3.633902223888678
13383,pop_1,3.0924940430691086,3.394216990133104,2.66974425072858,3.327878082278823
13384,pop_1,3.0637530397082826,3.310730103680168,3.464314175251512,3.290230271225734
13385,pop_1,3.8153189934189107,3.4083023249375066,3.2479569152013665,3.4357773183886002
13386,pop_1,3.0487945487383112,3.6938506177984785,2.945880069966026,3.379429164635663
13387,pop_1,3.5593028711412678,3.2212887347448356,2.90769017157111,3.0791792697549414
13388,pop_1,3.048721173806106,2.765499269050562,2.4203210607313794,3.0532508120777204
13389,pop_1,3.385934915855341,2.977703978737013,3.4464810679297724,3.3122996735155286
13390,pop_1,2.964242473533913,3.2300972135885067,2.7486858677600394,3.3167529821845183
13391,pop_1,2.9230802688374897,3.150451017920709,2.8584938048433592,3.1234341358527296
13392,pop_1,3.5736364437320076,3.693602021291258,3.190441253834046,3.2659760647360105
13393,pop_1,2.6315942622795387,2.934010557310058,2.701201693956905,4.072264737595401
13394,pop_1,3.2218161936232095,3.7079038588106665,2.8265265216949613,3.5470404663723634
13395,pop_1,3.50202235851512,3.5577893173537625,3.1951380772660842,3.1024733998414837
13396,pop_1,3.6386597026102625,3.2902175600655625,2.9992750896711,3.9223096293979403
13397,pop_1,3.5392513392382345,2.7161303773513077,2.9984863089787015,3.247935566754297
13398,pop_1,3.0898023603336973,3.048805419857861,3.1804295640569,3.3846306994472894
13399,pop_1,3.651555586419888,3.5065844115556857,3.0567650554814247,3.0366060561967263
13400,pop_1,3.3415561230216375,3.4136335315011803,2.9664545248407594,3.2545243817582694
13401,pop_1,3.460535548024365,2.728737909931959,3.307968712520231,3.0469525367786647
13402,pop_1,3.487189710101014,2.963981270474968,3.286349553788587,3.3382947557244216
13403,pop_1,3.5317611304973666,3.3832858000054964,3.306193062459967,2.9118022520801614
13404,pop_1,3.3073881507483636,3.259444547308252,3.1024772927073876,3.3141079875308592
13405,pop_1,3.8661909772172525,3.143850067355311,2.957211743013224,3.32200414411851
13406,pop_1,3.6708552161076273,3.5994079038084434,3.046200647689985,3.5677419577620575
13407,pop_1,3.6938699210040915,3.3248324970391865,3.12995158332688,3.2505582502259878
13408,pop_1,3.9513730384211896,4.100785255229222,3.1966054616235273,3.7635185807489013
13409,pop_1,3.5488244990495152,3.2059131541801875,3.028829570722099,3.048873907511578
13410,pop_1,4.208451516470937,3.4812059377003006,3.097968082194689,2.852751531343845
13411,pop_1,3.0519451247767795,3.0225570931814754,3.241867053275087,3.373119182370614
13412,pop_1,3.101692432870089,2.7948014000748436,3.1184308189552716,2.788609579920287
13413,pop_1,3.714709155903257,3.762349506205342,3.2219354516201877,3.2888606996700718
13414,pop_1,3.093038377825108,3.454258394385167,2.9654605676738175,3.812524461953105
13415,pop_1,3.1095160174537915,3.2655345448103565,2.5567585780421846,3.5938481431412104
13416,pop_1,3.4691486028156118,3.3305739917990866,3.0423893529482697,3.6295444019397762
13417,pop_1,3.499249847066152,3.4558520572455445,2.970085386306313,3.3829853292739296
13418,pop_1,3.5307701978214947,2.7436879537887062,3.2296288905830357,3.574102597426324
13419,pop_1,3.194029216181419,2.802845743965018,3.263078698683258,2.791860614672166
13420,pop_1,3.596074803575448,3.589496315056427,2.9091723044729227,3.614775061947453
13421,pop_1,3.201413488952718,2.980364597798536,3.2440863058453395,3.4574335861651906
13422,pop_1,3.7345348135347156,3.527890769238904,3.0298132236211033,2.8862665695434746
13423,pop_1,3.5718361797853815,2.8605899407522237,2.9038106207539407,3.0922786981802655
13424,pop_1,3.5062959776890414,3.4015643824793798,2.8239605425885017,3.5762198537016925
13425,pop_1,2.9924611162598214,2.9803446682778607,2.903842777454779,3.742059155959903
13426,pop_1,3.5198225418451528,3.7923855715713124,3.066798031772167,3.0305677186720574
13427,pop_1,2.8842134589558444,3.165853418497972,2.9572361942794307,3.2702882887461717
13428,pop_1,3.77693473726188,3.037441997549908,3.2192665641533917,3.3759440230159488
13429,pop_1,3.350911691511059,2.7234563594782113,2.519414549404371,3.5350438077142923
13430,pop_1,3.3283722971310583,2.6743894807483004,2.8590063333991402,3.4903245129214766
13431,pop_1,3.467068206581938,3.523288573600951,3.1844050900099146,2.871656219666121
13432,pop_1,3.25583262057264,2.959643958261398,2.6349920814816246,3.4627266455770247
13433,pop_1,3.898756551157878,3.5710483902644397,3.318406324692696,3.024538018582695
13434,pop_1,3.166775854885139,2.6065442732334327,2.9456227704871614,3.064456199168651
13435,pop_1,3.4497691345686765,3.4554367942300925,3.196403576248095,2.9809516941071688
13436,pop_1,3.0375582437707758,3.1734355030533736,3.1865135055658533,3.4444103862341806
13437,pop_1,3.6739617057567946,2.847434474574702,3.0132562109636583,3.3804537809329602
13438,pop_1,3.4196771278668256,3.1677480752500102,2.959828343553126,3.624640585179314
13439,pop_1,3.231802852890479,2.3568888635389498,3.082052625801683,2.969427995921844
13440,pop_1,3.6996743422409715,3.2994374731437803,3.0707583687931916,3.242839776724803
13441,pop_1,2.9868239715112423,3.243325457810985,2.874685068380758,3.3729411981493613
13442,pop_1,3.165438489490513,2.926174829574989,2.8545041783997847,3.4313090694109274
13443,pop_1,3.3140872966706714,3.8324089292248873,2.9984729920890985,3.7847449741447825
13444,pop_1,3.827770428530537,3.3706249282849603,3.2227140225468585,2.8738691300302666
13445,pop_1,3.450726183095174,3.1042825539956813,3.1735467989788733,3.18167268558671
13446,pop_1,3.305398295132163,3.7255573600712313,2.758619329618713,3.621451645727229
13447,pop_1,2.828228939362512,3.1463198117817908,3.1211409414376208,3.1107398569696207
13448,pop_1,3.930118982118796,3.7501358290240936,3.2858310198237164,3.4355046234401128
13449,pop_1,3.33443581107908,2.7442171090300898,3.4113987478471106,3.211500366142807
13450,pop_1,3.433658592770889,2.7255558075167095,3.083100320281223,3.149245096502525
13451,pop_1,3.2876964533898,3.2474910073320267,3.0917665094755855,3.3591152396454453
13452,pop_1,3.3513334064043714,3.1548159322401177,2.6730423793311306,3.324250863081188
13453,pop_1,3.0500598440159012,3.2060517148720558,2.9458414638008454,3.4315574087429894
13454,pop_1,3.047160136800775,3.0164053297849294,3.007657563469469,3.6145979145477125
13455,pop_1,3.728088109877188,3.129720287304181,3.4490747947808007,2.8854578407024354
13456,pop_1,3.5802653883953246,3.495414204111394,2.754370406904673,3.6366484075223102
13457,pop_1,3.3341971893910323,3.4134169187007015,2.9837304747885383,3.2934549181388784
13458,pop_1,3.01022024634503,2.6544858630923973,2.914004285446825,3.2960239135570686
13459,pop_1,3.4542564566587823,3.6099109446061277,2.8447697965657857,3.427050100556451
13460,pop_1,3.2953755931999122,3.4028632900090874,2.7480910252118216,3.299479955147096
13461,pop_1,2.9983466834132773,2.9978587976027544,2.9541871417129117,3.145615455507604
13462,pop_1,3.427102543098145,2.960285262872254,3.290023351616784,3.3374415383967966
13463,pop_1,3.252102571900048,3.547236657831667,2.8963477500010075,3.4442905418899175
13464,pop_1,3.63963142848797,3.2583945006183037,2.959507669896585,3.439784281001727
13465,pop_1,3.105396481859987,3.187274652908568,3.457786704291443,2.9519611169414963
13466,pop_1,3.3863069108388655,3.4497908322975905,2.9550042563273764,3.2493760146196182
13467,pop_1,3.319343122462742,3.215887951089881,2.869441219352216,3.007335835473622
13468,pop_1,3.436750521875671,3.197099190451707,3.408190081588969,3.2901326506083066
13469,pop_1,3.181369434441579,3.5165820042984715,2.6583566575316553,3.4973122849994813
13470,pop_1,3.7548227693340634,2.9004590428417925,3.0085276920838995,3.575911086943346
13471,pop_1,3.1351461091766404,3.688789406671188,3.0185343833455103,3.5275303308084958
13472,pop_1,3.2267521748864847,2.74969374851253,2.9086132525110804,3.267435155060449
13473,pop_1,3.2892566961898773,3.463070860081518,2.9615449783062227,3.551242440475714
13474,pop_1,3.833594030252117,3.3718383104360883,2.429227033344592,3.41078258156135
13475,pop_1,3.0445426583279414,3.3267630936214787,3.5335108797221295,3.099225983515435
13476,pop_1,3.456728328054633,3.366861443354374,2.812977352588344,2.8586280756982747
13477,pop_1,3.233543957120433,3.4629780620769575,3.0118141684698467,2.967762553702833
13478,pop_1,3.316475302097655,3.379141907114946,2.9880961001173545,3.5760253536258406
13479,pop_1,3.3589872059385293,3.3244672725527975,3.37255340616831,3.440937772143704
13480,pop_1,3.4865419209063853,3.5094813274179004,3.4740862423797725,3.1592535994770077
13481,pop_1,3.3644608617453433,3.043558695434888,3.1312497247397926,3.0372172038575123
13482,pop_1,3.0538329402211866,3.2988995473599827,2.8111361066725897,3.3756380883636674
13483,pop_1,3.233680556065508,3.183892752944591,2.9904007796313,3.450883102604917
13484,pop_1,3.4280805981392795,3.5331438695037605,3.095515687211059,3.663737269903464
13485,pop_1,3.3826022645221974,3.0495948696923465,3.1300958414128943,3.2526411671912565
13486,pop_1,3.9580804838728274,2.89653847299095,3.0596874551766455,3.3864410164772094
13487,pop_1,3.1403949034281484,3.340819825571543,2.955550240594123,3.0816042844409095
13488,pop_1,3.6314494748613475,3.4447745040110105,3.1457997668164457,3.2757852233272566
13489,pop_1,3.472861274084006,3.191471350515371,2.858259825231518,3.321670973972981
13490,pop_1,3.4153556134880807,3.0504373621209933,2.4210096456124393,3.5093474295782445
13491,pop_1,3.074478921924693,3.341261831395646,3.0536113492909207,3.3502021182192983
13492,pop_1,3.1082555615429204,3.3079691941437437,2.8718451105842693,3.665528020576053
13493,pop_1,3.7404808091362325,3.0733101474412527,3.1386643257259994,3.4760782593373345
13494,pop_1,3.3008787371177455,3.0481862821335084,2.881083551201584,3.2858622141916545
13495,pop_1,2.723951640929619,3.4303797278626575,2.582176207557758,3.6092378391656412
13496,pop_1,3.6031396333045107,3.148116443995394,3.02442364760336,2.907186529040428
13497,pop_1,3.23636327742011,2.997912906769651,2.9030317136654467,3.223097247608602
13498,pop_1,3.342344665313893,3.351166568367689,2.934406372934724,3.1209263828603073
13499,pop_1,3.4172142835463464,3.109867055994726,3.3624054335379596,3.3181211790102263
13500,pop_1,3.368428715404249,3.0349161735718813,2.934667167576155,3.627747083552056
13501,pop_1,2.857296165951001,3.050524052340086,2.941794470688381,3.3683128105746625
13502,pop_1,3.920400801945019,3.6915009973903268,3.1149054826379716,3.437268643899216
13503,pop_1,3.207541505411022,3.1679459168073225,2.987336657936029,3.291207861021284
13504,pop_1,2.724790001417098,3.268153621173044,2.823671050525032,3.753870514856115
13505,pop_1,3.168993452872317,2.786537058970362,2.790235180597457,3.7315544383093906
13506,pop_1,3.119306269594626,3.2741382484565404,2.7792923110266505,3.5152589363114095
13507,pop_1,3.3379447919469816,3.343580094942575,2.825243337108674,3.5149202327448985
13508,pop_1,3.273777940094813,2.9016854116158686,2.8528471485424247,3.5685478583387322
13509,pop_1,3.1111794732980442,3.108719588267486,3.1237744161200105,3.1622968514275933
13510,pop_1,3.242245256874762,2.5931205250534517,2.924708527878117,3.1255167789110767
13511,pop_1,3.136649813003748,2.9496422820107253,3.1115948610535757,3.2327051562979148
13512,pop_1,3.2007043563639614,3.35813592515281,2.873160218751639,3.630383410970995
13513,pop_1,3.587762842437755,3.0783630442561574,3.214510596978981,3.360511279896837
13514,pop_1,3.230717298030363,2.8315472047704446,3.25297043643878,3.0705374777384127
13515,pop_1,3.2599695838346547,2.7274294597269098,2.8810819421556375,3.499062085168709
13516,pop_1,3.4892647962143983,3.3257640899844594,2.863345553502645,3.478056998981148
13517,pop_1,3.693344420015063,2.858811642023465,3.3376934488835053,2.9462196774349354
13518,pop_1,3.06323222072178,3.4612743475217873,2.695362802137159,3.3424693491544275
13519,pop_1,3.079319964038557,2.872313725450695,2.6520829422020054,3.336585437285386
13520,pop_1,3.2275096726738868,2.8539264762107037,2.4963292643142423,3.8224411411918617
13521,pop_1,3.564310987927567,2.9018959195573473,3.0415463056228136,3.6631274493203385
13522,pop_1,2.98955762800321,3.397254238927391,3.097606446532122,3.301449030545486
13523,pop_1,3.124583632422212,3.3543240509176546,3.191564858913704,3.509956109855855
13524,pop_1,3.0198184070253404,2.898344271791121,3.2126026324302166,2.895484779565563
13525,pop_1,3.7225715797090477,3.4046269527897763,2.975385355718616,3.2858204933842714
13526,pop_1,3.5700519225568406,3.0088264599352166,2.9866146002315648,3.4205658153168206
13527,pop_1,3.430602959304596,3.553143528399622,3.513121333134735,3.0797697762294565
13528,pop_1,3.6686889201112827,3.43553671061548,2.8735022663371015,3.39268955588919
13529,pop_1,3.688784495724123,3.133149592630371,2.9374266661359476,3.442136888306202
13530,pop_1,3.6177507884125553,3.1838820044637055,3.2294831719659456,2.899894554095768
13531,pop_1,2.883543762770456,2.9212818082772767,3.28593745396081,3.148435117414049
13532,pop_1,2.891017402615205,3.1088479274707694,3.249847707149118,3.2853635341186354
13533,pop_1,3.0367293350679274,3.6412458627739297,3.128218547006068,3.6730932956405
13534,pop_1,3.313039589630183,2.921554992278662,2.9359104467794883,3.5211587719367774
13535,pop_1,2.474568458364634,3.1343941258550796,2.5497841899526335,2.9367566516401236
13536,pop_1,3.0931968249944433,3.2703146907201908,2.692471776653499,3.3093465508841566
13537,pop_1,3.0229545236773214,3.07189636648096,3.237100351308981,3.1050723275361674
13538,pop_1,3.4785862549378095,3.0079579900956848,3.247443348952269,3.1228427544096435
13539,pop_1,3.191417256891465,3.3238269629138553,2.8969209676245127,3.620793549376711
13540,pop_1,3.3886223373056703,3.1312415240324096,3.3862175918384585,3.068665931397575
13541,pop_1,3.145951949445563,3.0444677982757695,2.926081308987752,3.150584234175957
13542,pop_1,3.411545482259745,3.4295524340395698,3.0738933622818054,3.2993744581303375
13543,pop_1,3.2043322993142414,3.291291595467075,2.7606659270600797,3.6946881851108624
13544,pop_1,3.2292415077074206,3.09960624214349,3.3762019661079465,3.253300356657091
13545,pop_1,2.927925189217656,3.0686909407823646,3.2453105996290867,3.40166183218005
13546,pop_1,3.285412855168312,3.1553990625731982,3.435736028936917,3.3145821372373265
13547,pop_1,3.2116581855024062,3.28575547777683,3.0334810269414794,3.4726810551773823
13548,pop_1,3.656267771965319,2.7898777295449855,3.1650792838175867,2.9960627557461703
13549,pop_1,3.308511630298894,3.4678175060314107,2.8359248381969167,3.51333834523446
13550,pop_1,3.0972113457522523,2.9795593378773138,2.619370452509025,3.8577865232983095
13551,pop_1,3.3856788819669714,3.4823879214373865,3.1636373790571755,3.8012234380270136
13552,pop_1,3.4129232491799963,3.2413665634315123,3.1526192778966364,3.4716488653367588
13553,pop_1,3.115571041454774,3.3272935551360154,2.8541901778292584,3.1263282281596214
13554,pop_1,3.620988268377029,3.623593311170619,3.195881552395658,3.2460306852761103
13555,pop_1,3.3897358527525556,2.877125924152691,2.9756599047882055,3.21118080942759
13556,pop_1,3.337946662173927,3.176486651478618,2.918182566705956,3.667911121316031
13557,pop_1,3.807992590401195,3.5639575724424097,3.2100405619944716,3.1878218229532815
13558,pop_1,2.6547854596572,2.9072271319943175,2.9978089358524023,3.5692099749020634
13559,pop_1,2.9995926513260454,3.468119952829119,2.6542139306068018,3.382002559043482
13560,pop_1,3.7981777121732536,3.016211879729668,3.7521666825837117,3.278257336332063
13561,pop_1,3.406912432779148,3.2164277194300395,2.813215594572786,3.1901513368502874
13562,pop_1,3.348313697338425,3.166590695508067,2.6619697504839546,3.3643005500256127
13563,pop_1,3.0464876094280258,2.8269311791001646,3.1916436648487903,2.7590092569089744
13564,pop_1,3.3434396560188593,2.894243905247208,2.8989572522616083,3.6242076010876194
13565,pop_1,3.1593291727213186,2.7588442833484303,3.198883057991782,3.224152584931312
13566,pop_1,3.1348751657911325,3.4857536691959994,3.1789317257808913,3.2126233116247276
13567,pop_1,3.310992700838873,3.12370658958788,2.6539957777858683,3.4272858220794387
13568,pop_1,3.2719374393813605,2.923926227238458,2.7298818926580797,3.527333239875316
13569,pop_1,3.869492704668941,3.1667850583751083,2.7293022135861476,3.4163485671955636
13570,pop_1,3.6090023489600873,3.484595268805134,3.1900547698668364,3.4460404695259426
13571,pop_1,3.1876376564969893,3.172136834128821,3.1129288400642805,3.798315127697354
13572,pop_1,3.096772965921087,3.509907205605566,2.891846701866335,3.087021647463496
13573,pop_1,3.479643691623398,2.9037493947233366,3.3058594759947506,3.647466038840742
13574,pop_1,3.229884976852467,3.3535336221268013,3.0410421073976655,2.9535553190637858
13575,pop_1,3.465346395668037,3.1512799282191746,3.1451260529694314,3.450635409438394
13576,pop_1,3.6583904747687437,3.630202682587685,3.322646050587276,3.3801990307531358
13577,pop_1,3.3029035520284182,3.0353098296826726,3.202616483333123,3.5017979125268583
13578,pop_1,3.541479327337676,3.665119497182021,2.6953828541485114,3.1865280616110607
13579,pop_1,2.997888192880529,3.0583994418348084,3.526466679769539,2.97185786037259
13580,pop_1,3.330631618447356,3.4402735440823533,3.4395318700868414,3.1948850817943963
13581,pop_1,3.643488400710547,3.2488300967428723,3.1284316172898676,3.7612515509301496
13582,pop_1,3.696925679764148,3.2374845061797015,2.778966401950913,2.763706121750945
13583,pop_1,3.345450857670282,3.257305268538045,3.0851447805965635,3.304418961973418
13584,pop_1,3.412895682486929,3.227596996300448,3.1324171467647264,3.2650467509617855
13585,pop_1,3.6972144141977594,3.3427725467578715,2.9478574108103914,3.805224116357264
13586,pop_1,3.2215467508509925,3.5724443758293885,3.400153893259922,2.9628559454801002
13587,pop_1,3.6599390909713114,2.8518605397140693,2.781012550519894,3.238930876089183
13588,pop_1,3.675870241111545,3.219378500314713,3.058960282515451,3.150455727488428
13589,pop_1,3.6762856736129312,2.7781092082453003,3.2231783085873995,3.7462166324453237
13590,pop_1,3.284406154798108,3.532360335708559,2.904249975321903,3.2996205227945166
13591,pop_1,3.33687658794384,2.7248423598312743,3.227070083027964,3.3690938792051535
13592,pop_1,2.88795908134273,2.9235655293658036,2.6477822320759534,3.2749835907595917
13593,pop_1,2.9742784551289843,2.9587446486852205,3.5733442273361713,3.1110940822130706
13594,pop_1,3.116793290596362,3.0963427095096057,2.794321535463697,3.69949927776487
13595,pop_1,3.4910361598688793,3.761025021825946,3.110019674342498,3.845733581009476
13596,pop_1,3.513592335030787,3.1975137011397172,2.9066742595662243,3.5204355306844093
13597,pop_1,3.6580787374859236,2.8521028829303443,3.1158037213332737,3.0184728389289406
13598,pop_1,3.1866301010037765,3.4086882976926383,2.5596887871150287,3.2020941776881764
13599,pop_1,4.106822382629662,2.9252572511467076,3.465860496719127,3.0880767429029725
13600,pop_1,3.01192288181813,3.2016374426068515,2.7465977645346498,3.074856687370626
13601,pop_1,3.747006698440678,2.984466825353045,3.0939491290759973,3.2567756343049727
13602,pop_1,3.2929215795498683,2.931712347449173,3.1173838178432267,2.933835146731867
13603,pop_1,3.542223582463178,2.9469840629652224,2.7149098056875065,3.494230077248637
13604,pop_1,3.093782673447005,3.9088452256573323,2.9772716456878547,3.661848689692512
13605,pop_1,3.444429106326234,3.059024883445821,3.257163519800127,2.75756008039984
13606,pop_1,3.1781483534130475,3.2233200621668745,2.886435816032619,3.2975882804041463
13607,pop_1,3.5444526230066686,3.3681998826109845,2.821840302641596,2.8770996944080505
13608,pop_1,2.951538539734468,3.788883824067619,2.7214584829146435,3.5592424997702654
13609,pop_1,3.9204361637976146,3.067674616357553,3.245118260377216,2.9439423900216255
13610,pop_1,3.3065812133646424,3.164482405201142,2.783788653371254,3.5790835299252994
13611,pop_1,3.4206056727387724,3.3044183239577265,3.1992618026646227,3.689703565363755
13612,pop_1,3.1200564455108952,3.1821315551623197,2.783395536336704,3.745920344542713
13613,pop_1,2.8463132809455245,2.8394923099934566,3.0942457466495394,3.0115836782024004
13614,pop_1,3.552876089180276,3.351918550711123,2.9726079337385856,3.0919020375110247
13615,pop_1,3.4886431170334253,3.297023852373232,2.820351561310731,3.1977040422007974
13616,pop_1,3.0485471008162035,3.086749830705032,2.961182972148165,3.0285742914293183
13617,pop_1,3.4854938539817737,3.0062839815987665,3.3463361714770348,3.2864078782750954
13618,pop_1,3.236774646141132,3.3590908885403206,3.3611456323830313,3.7131209239179985
13619,pop_1,3.267423578780017,3.163354405887983,3.086716659695044,3.077589788812201
13620,pop_1,2.9836524606099233,3.3023869353266178,3.0560659580901395,3.83567565408997
13621,pop_1,3.381881013861298,2.883584536212558,3.040949794395687,3.6878097529167277
13622,pop_1,3.397187397384112,3.298055451462881,3.03287364630522,3.298281925480302
13623,pop_1,3.1424627939260352,3.094066002321499,2.5318808851764087,3.490217863852447
13624,pop_1,3.4432682121334652,3.051824644056764,2.8321386392740577,3.13887530514846
13625,pop_1,3.4224708272117437,3.9367905893738295,2.838288248467781,3.1268366776445
13626,pop_1,3.284990703041895,2.9650315242452567,3.023929961112288,3.4282146949619103
13627,pop_1,2.9894694459052813,3.3673746991423883,3.2687673022597608,3.533355684864061
13628,pop_1,3.0408980413474156,3.3348219650869666,3.3111484466982146,3.3843831552652874
13629,pop_1,3.7494602189778052,3.1272583767244497,2.9792877406327576,2.889096751359084
13630,pop_1,3.200440734109165,2.828841547494548,2.9012477360997027,3.574903126256061
13631,pop_1,3.0927907301564113,3.413977663004681,2.8581461901188367,3.96614927124243
13632,pop_1,3.0222588371209738,3.339428292419535,3.0774538855837816,3.537238099110766
13633,pop_1,3.511516493807492,3.6154084020031982,2.7757063878389787,3.015229122586569
13634,pop_1,3.470154902816086,3.095349536609735,3.386916653933833,3.0834706934343004
13635,pop_1,3.6219360539327576,2.9487977638110383,3.0603506075173805,3.862706273471678
13636,pop_1,3.565680483778244,2.778154942178731,3.1860129708814284,3.7158198993246074
13637,pop_1,3.7289592713801225,3.0870503165367684,2.9281282064601197,3.59901524060322
13638,pop_1,3.5105759279872117,3.1668865745080255,3.0036462592302278,3.6000839218014793
13639,pop_1,3.1355895766129374,3.1513769456630385,2.634124831535439,3.7694426942556447
13640,pop_1,3.0608583332401227,3.3960592405308883,2.8629433583294785,3.717065727335224
13641,pop_1,3.188475364979645,3.1267225791272324,2.9249442966441643,3.4545739803216913
13642,pop_1,3.50915538146628,3.0043636082381653,2.8898557336850734,3.2105130269608892
13643,pop_1,3.2849844399526105,3.198391986067976,3.2259039919733348,2.8864547485265866
13644,pop_1,2.5918354422919467,2.8533317982449837,3.0005364202500764,3.804242361672739
13645,pop_1,3.487738093361911,3.6246818662393165,2.721150266871858,3.8432109802966297
13646,pop_1,3.2063863516815307,3.0420838138207063,3.2784243048755695,2.8531386589177306
13647,pop_1,3.6544112590958697,2.965907188465059,2.842113461727556,3.10354598970277
13648,pop_1,2.6544989189726245,3.2896001063202474,2.585493452149957,2.879721566815107
13649,pop_1,3.172238094423837,3.4852874872803326,2.9025990190599407,3.398776185970724
13650,pop_1,3.227469128914058,2.599332563637466,3.036865786452977,3.292385147347666
13651,pop_1,3.462291080499412,3.051551497884736,3.2058417930383025,2.8162869317288775
13652,pop_1,3.781996612125317,2.954207458536358,3.142468392942008,3.6138690644776723
13653,pop_1,3.2557417321238,2.9530418498441366,2.533621340465122,3.199812474998683
13654,pop_1,3.344300905887007,3.1540156065882266,3.06301180848227,2.589470302374772
13655,pop_1,2.985117827414833,2.913616812660044,2.837559212597378,3.3355401683619768
13656,pop_1,3.691483191975961,3.6735159048387116,3.316723663703918,3.4676351860476293
13657,pop_1,3.1024493956884838,3.076568562733812,3.4751695624544996,3.163078694545944
13658,pop_1,3.374514587469627,3.0352130454450847,2.908673194438507,3.4624171704172273
13659,pop_1,3.289058660046773,3.080605460034098,2.7660099387455213,3.6592922385433986
13660,pop_1,3.666233881313921,3.2702322207976904,3.0850747278701487,3.604226628166854
13661,pop_1,3.574371284585273,3.511439288300405,3.430052903800938,3.319047934609895
13662,pop_1,2.8482673457546697,2.694066793079693,2.8767365855221354,3.6303965540453484
13663,pop_1,3.1742455224192248,3.229324832599496,3.218489699326901,3.500277671297188
13664,pop_1,3.4723198915532523,2.6712404536693484,2.894706049509716,3.7010881080733835
13665,pop_1,3.1435110827696997,3.560297304866331,3.2371125439855346,3.3698567632965224
13666,pop_1,3.101956928301056,3.620120670507395,2.687381645303311,4.098099376870282
13667,pop_1,3.5447000663756265,3.239076090524143,3.23136913753372,3.622648015073306
13668,pop_1,3.0737734200629587,3.0814760795109133,2.907659495226088,3.430255339053636
13669,pop_1,3.4403277257256657,3.2893568989336126,3.1465195090589355,3.5114979684685426
13670,pop_1,3.2269100111001454,3.231196829473203,3.243965293981669,3.5268582812641474
13671,pop_1,3.6010495360327592,2.8391438288523325,2.7109478381544463,3.1192289824635258
13672,pop_1,3.0522125551869137,3.05867596569813,3.1116615737907924,2.9986966498339807
13673,pop_1,3.6001300484263914,2.926447373655377,2.9501658809191205,4.058587130101924
13674,pop_1,3.2915215569213343,3.385821458762489,3.0552600903436202,3.491616071774763
13675,pop_1,3.214395907792083,3.1319399771600196,2.9862124912023003,3.1606725430235114
13676,pop_1,2.882599562176594,2.748581623601681,2.6293418138878586,3.4152354387625805
13677,pop_1,3.1951727767442653,2.697268872433926,2.7125140945566724,3.2880317947477744
13678,pop_1,3.1539886198288802,3.171216279785621,3.167672645332719,3.2516176310497924
13679,pop_1,3.316843542164149,3.029092668455688,3.054801532079996,2.9608003539087924
13680,pop_1,3.0340594148701867,3.486682012080786,2.9774805774073947,3.0135698795451207
13681,pop_1,3.3843247513561554,3.46129569816588,3.2035945580894105,3.424437378881776
13682,pop_1,3.492034377668945,3.574787756172433,3.213043686087779,3.102789030058686
13683,pop_1,3.5053570863821113,3.798534415258536,3.2137905917628924,3.0159044021352814
13684,pop_1,3.4034913681381243,3.3228651750679825,2.92348795485074,3.1316023327537783
13685,pop_1,3.628095036606223,3.758809062109906,2.6924467903204583,3.842932886777376
13686,pop_1,3.4719602202122584,3.4554509239278905,2.7556251371934044,3.342182624051797
13687,pop_1,3.1214638548483737,2.918419825040649,3.103365567814342,3.179856477432634
13688,pop_1,3.3445171110630003,3.5426315016513756,2.8205408732353825,3.632207690405967
13689,pop_1,3.6979969327874365,3.18311759489044,3.1458050821720946,3.312459259884081
13690,pop_1,3.520578658708079,2.916509007579771,2.801707109838648,3.215856866279675
13691,pop_1,2.8266692413288173,2.8701092449753007,2.8874294200606285,3.130270902638822
13692,pop_1,3.6600237248159417,3.5193024481392867,3.351037370413729,3.390657589026855
13693,pop_1,3.4783154477117186,3.3102796474013547,3.256366236345654,3.3755315924486293
13694,pop_1,3.558397491283387,3.324512925519787,2.934313286920739,3.571317024399059
13695,pop_1,3.1033495240760045,2.888884182979506,2.5703039311007476,3.715100320689235
13696,pop_1,2.8633436682158186,3.245159827913363,2.4304773353449556,3.9338959907152367
13697,pop_1,3.5128063606970845,3.319520244011796,2.850661019999444,3.089301119340664
13698,pop_1,3.5929371033411717,3.0271127635505186,3.115668856636008,3.5014881333567884
13699,pop_1,3.3981232673324238,2.8090100390916257,3.295019859994383,3.1451599167863393
13700,pop_1,3.1022856325890134,3.2059697746590974,2.666406103063571,3.5805408592861863
13701,pop_1,3.382841922489209,2.776315259404697,3.1249626341873915,2.9363648951503425
13702,pop_1,3.289980203937001,3.6713745967866114,3.177449123912565,3.2400130092282065
13703,pop_1,3.4406234230815183,3.477463031547216,3.255951110389469,3.144142720500543
13704,pop_1,3.3323650322632936,3.355186049684457,2.8289725549697033,3.6059370756829665
13705,pop_1,2.959304520097411,3.536068383654547,3.0036485913240636,3.158765485788641
13706,pop_1,3.0424582076832545,3.2438807169995476,2.6564657423969926,3.021007430540921
13707,pop_1,3.0334962559145255,3.3574220104153705,2.6280214952691896,3.334702910888033
13708,pop_1,3.0982938304947645,3.1699115509357996,3.1444211652825844,2.805402198117497
13709,pop_1,3.10904026768151,2.935835585753699,2.402622736153882,3.601264493338664
13710,pop_1,2.8884459338403303,3.6011634100107295,3.1357546189999628,3.2301829022273
13711,pop_1,3.399187656886587,2.526288981164987,3.047818424328199,3.0146189342822503
13712,pop_1,3.3393172514290392,2.7795687509759315,3.000621623715027,3.1329400533822667
13713,pop_1,3.011887223494203,2.971294517495619,2.9182812903753947,3.44289379390421
13714,pop_1,3.553555929623969,3.4972199676708096,2.966507595822481,3.4243670742706276
13715,pop_1,3.288520177656709,3.3587665578658727,2.9852351808431323,3.125311333548868
13716,pop_1,3.1392152616748894,3.178901441573112,3.225116399679398,3.224184810677787
13717,pop_1,3.2626220425237684,3.418259338281467,2.9097206028287896,3.485585230045758
13718,pop_1,3.0000360880811963,2.9434477758261246,3.108453602847717,3.2022106098362926
13719,pop_1,3.452148010473758,3.305709523098299,2.6880895810923424,3.5256115946070663
13720,pop_1,3.189276637482096,3.3535561393401503,2.89385273511235,3.4460379918552757
13721,pop_1,3.9249908298996288,3.352601137652742,3.078833777831206,2.9648185748012827
13722,pop_1,3.5023959437739647,2.816008124263034,3.463703778704895,2.9304863681422484
13723,pop_1,3.4974882048322073,3.338622944299129,3.2193013359861706,2.843910233940671
13724,pop_1,3.7693626639041655,3.313567512465433,2.989461829646666,3.217966336974037
13725,pop_1,3.19859952287646,2.814227679954441,2.789161258065996,3.1828445592395544
13726,pop_1,2.7682461776245004,2.899837586672996,2.629184274923151,3.334031605279831
13727,pop_1,2.833148021973631,3.2574581467796704,2.761003803125649,3.381968337468161
13728,pop_1,3.4203117103745133,3.2027125720938643,2.951997640923754,3.2839453326374612
13729,pop_1,3.329475937506057,3.459515692998723,2.688132491184147,3.3838887940627935
13730,pop_1,3.6867404005215434,3.065036498980776,2.7963671544516844,3.2806463832403105
13731,pop_1,3.172162023587974,3.395768966679094,3.009065615197444,3.053610397956021
13732,pop_1,3.3050009674512886,2.9117345272237136,3.000158802492489,3.106237152989022
13733,pop_1,3.5610169160226186,2.964648690051869,3.0883044693898363,3.618642971465483
13734,pop_1,3.533803278046386,3.038359067689462,3.006713106920793,3.3133164174756744
13735,pop_1,3.165062173916977,3.1599209603206555,3.199725786307624,2.96397374100624
13736,pop_1,3.50156151377054,3.021851707771161,2.7375916654405414,3.2976231916382246
13737,pop_1,3.239676555975637,2.7514153435216007,3.23269382665187,3.136201499339499
13738,pop_1,3.374671708259603,3.346293924330076,2.635858398017996,3.108483763516122
13739,pop_1,3.7119199002856202,2.9102090273834236,2.939547787953871,3.6010367869352877
13740,pop_1,3.584180946097229,3.4691613027662633,2.881026536335015,3.2209426800712815
13741,pop_1,3.193638927323266,3.3253174214857664,3.034988198414093,3.095997023920517
13742,pop_1,2.8764684197747052,2.846431133570872,2.738405461793555,3.504852194139104
13743,pop_1,3.2228106287461618,2.805142650019202,2.561458755707236,3.7374686131547983
13744,pop_1,3.477496366087375,3.2418896408221256,3.145507687673401,3.332245263934619
13745,pop_1,3.1865337261828066,3.478551160567977,3.0323712305096704,3.272853305860177
13746,pop_1,3.2140121824858183,3.3587388423890907,3.140585080136687,3.4719293400171
13747,pop_1,2.8465752863270173,2.8582953042725494,3.051926826858793,2.984280411667857
13748,pop_1,3.5554183464021047,3.051841023655935,3.1756837686663366,3.2194641341944545
13749,pop_1,3.116934630325394,3.3844256457839146,2.903500194019885,4.120811696805173
13750,pop_1,3.646809100671803,3.323729751160672,2.8653282321908464,3.1765184260586916
13751,pop_1,3.3227303636948706,3.0059437453740383,2.5489174089762727,2.9510762465764375
13752,pop_1,3.204734364168218,3.538826354425216,2.9176728062405806,3.304309259622361
13753,pop_1,3.150500508410925,3.008216546501107,3.114696251690367,2.533244164440727
13754,pop_1,3.496449507616398,2.906802622420825,2.796321968549391,3.363531037743581
13755,pop_1,3.2134881804842825,3.22420601167801,2.95516234322468,3.143049213614913
13756,pop_1,3.3877772183200734,3.1854610664510474,2.906755191615322,3.4340494774740944
13757,pop_1,3.459504956963173,3.3282065846663857,2.7168301397342214,3.519132332624619
13758,pop_1,3.4242728195131003,3.2197699386526577,3.25729352364375,3.119792242846834
13759,pop_1,2.929031089166887,3.0965418400107154,2.8607400094440587,3.5529067852012264
13760,pop_1,3.512056826803746,2.9825152717107275,3.276771289685858,2.9749445812488
13761,pop_1,3.325680285262378,3.3118674864818893,3.177866076269648,3.465027634290658
13762,pop_1,3.6896136273692663,3.489495764263308,3.0605595137879957,3.424216264503604
13763,pop_1,3.4912874432071583,3.141339510477768,3.195747376961692,3.7628485044778532
13764,pop_1,3.0434890023594434,3.019598860130075,3.397895297801751,3.2315261506864528
13765,pop_1,3.500776506107806,3.090314480399648,3.5876443899924952,2.9105963146200335
13766,pop_1,3.1800814583283707,3.1832770885458666,3.1702824617743364,3.4291738770354603
13767,pop_1,3.751950499850641,3.048048454829069,2.8183577704934075,3.378015898065428
13768,pop_1,3.396095194925787,3.0203377161202245,3.424780199082308,2.978919340453299
13769,pop_1,3.427915354911225,3.2519226426716856,2.975411138123601,3.5215992116793786
13770,pop_1,2.3978925143834586,2.711371364111757,2.8463451369680737,3.6949207449102066
13771,pop_1,3.298684882046099,3.4685254655744284,3.244278291378434,3.4012680751319224
13772,pop_1,3.569278306584074,3.0759661165379306,3.0702272094514984,2.968377208116108
13773,pop_1,2.54613722374262,3.209860991320478,2.774158954988149,3.0259028010677294
13774,pop_1,3.5589443692476697,3.4724651905405786,2.946838651761646,3.2418069904402653
13775,pop_1,3.3338676174667765,3.619842667661685,3.0982906993692447,2.913043036072231
13776,pop_1,3.141636883625293,2.9862309136886984,3.070092184838851,3.388296409673619
13777,pop_1,3.3138737423074294,3.332103439401142,2.9433842912574955,3.8409825537224433
13778,pop_1,3.7632097424931836,2.946168242085566,2.865164324355112,3.5553252930849455
13779,pop_1,3.305911671907833,3.3846884701534985,3.1165650621555705,3.1370903751091688
13780,pop_1,3.4163028512105282,2.9657847113152602,2.857446024331535,3.293472229598639
13781,pop_1,3.531295274309693,3.514308104054864,3.1973126474921547,3.002649829161296
13782,pop_1,3.4617998002917925,3.2837640770213308,2.598726367947859,3.605843416187414
13783,pop_1,3.4513707053057723,3.2053062847134446,2.856243911280071,3.543043891568737
13784,pop_1,3.1847306781893288,3.2848283126100393,3.21684095768245,2.6178701848648513
13785,pop_1,3.1442090626613437,3.268951546363681,3.289833580792697,3.120932433698169
13786,pop_1,3.072523661316759,3.031384473415771,3.2731950318620653,3.321954106365647
13787,pop_1,3.215586664456527,3.172991807988119,3.4435617941809893,3.595269191650917
13788,pop_1,3.2468082609931463,3.315345732176938,2.972536866642227,3.5320239227541737
13789,pop_1,3.2070180788618528,3.0923288003992804,2.9353311266773483,3.4763997764784174
13790,pop_1,3.3720505531269778,3.4138645799574685,2.958739324080106,3.382878382556369
13791,pop_1,3.225237261942408,3.1280366340958077,3.3487528147175505,3.3005799277630867
13792,pop_1,3.1343202406443678,3.0501745369508426,2.9004070025687474,3.3254783143942954
13793,pop_1,3.4430548480037797,3.160476184756773,3.145471951011407,3.166234034859677
13794,pop_1,3.414243328245466,3.0653074415261723,2.892180737058291,3.3779895550936887
13795,pop_1,3.191672151110456,3.2789484990268067,3.119305623131711,3.198318391541249
13796,pop_1,3.0710216720379333,3.285220675911395,3.1016152197852795,3.0137602762238958
13797,pop_1,3.739750379788016,3.143235872847747,2.7680297071108395,3.3525645797221633
13798,pop_1,3.1372783844417715,3.5755573143305717,3.080027239497704,3.277312084635547
13799,pop_1,3.674216647657541,3.074627338552098,3.112165229478318,3.326374531211472
13800,pop_1,2.8565787513373175,3.139825258227519,3.0984240697462866,3.477203800121758
13801,pop_1,2.9555594930048543,3.2690484612912143,2.811214761629273,3.2534515981031022
13802,pop_1,2.8927065491259945,2.62869650036784,3.012144693935612,3.260472844894066
13803,pop_1,3.5773724223460817,2.990437452860194,2.6184430075027785,3.4198112572437696
13804,pop_1,3.0609867985975017,3.1419336677566685,2.609973993830574,2.8425209148136705
13805,pop_1,2.995239584284327,3.004385779696538,2.806871164104607,3.190767364107534
13806,pop_1,3.3805060691365894,3.3944059068487618,3.0487558185241403,3.220256539928203
13807,pop_1,3.1089374203268516,3.008748841691346,2.7976705416146075,3.35417175976894
13808,pop_1,3.737418076325727,3.21360160080996,2.9589620674756034,3.4395111947648687
13809,pop_1,3.0723020935156766,3.6763246485999588,2.808889702835261,3.2322832372810875
13810,pop_1,3.30485877061798,3.5791699281031417,2.8451090168051767,3.686502469808892
13811,pop_1,4.084231062531351,3.271284380141624,2.8446390669406516,3.148042960569381
13812,pop_1,3.5901858954259875,3.081938646535411,3.0784754145432265,3.732279631019665
13813,pop_1,3.634006272324653,3.183596488744969,3.4146384814603112,2.837686144154613
13814,pop_1,3.4593087266762055,3.453712044771091,2.9713235753261817,2.8730067776415678
13815,pop_1,3.1372891215830956,3.9807484343312725,2.843591601268583,3.607191888104319
13816,pop_1,3.3262814164168217,3.4615072288246767,2.6840444350765087,3.2148143523399346
13817,pop_1,3.627146526535921,3.118482412774433,2.9668036822419883,3.781681365824454
13818,pop_1,3.54303045875011,3.504998385513213,3.2926262789011775,3.520503517837682
13819,pop_1,3.443100535194879,3.5436215917778617,2.6962953755517596,3.4971334083999985
13820,pop_1,3.0642633333872595,3.483947508822754,2.8270747328979815,3.6879738478943698
13821,pop_1,3.083817795192542,3.3567640130701015,2.9200462003177527,3.3217175859892434
13822,pop_1,3.9342141378985556,3.3273498144493954,2.9351244188252896,3.641075614781824
13823,pop_1,3.6510686119122004,3.331009892658166,2.9005838852901316,3.2661785275760957
13824,pop_1,3.533634216223273,3.439604210282625,2.9436675890942907,3.349579791659163
13825,pop_1,3.738333650099522,3.2083112889328937,2.8184705496105447,3.4015294652997032
13826,pop_1,3.400581562834596,3.2983870598670575,2.926901237571742,3.601506008303506
13827,pop_1,3.7783753974145236,3.2703294906564317,2.662458429291886,3.4162320396192922
13828,pop_1,3.088965834122539,3.425753305921224,2.385309479348292,3.751914389392244
13829,pop_1,3.3105817759664182,3.015626150643048,2.8154852824452403,3.7103273401815504
13830,pop_1,3.372287594420998,2.959358176436004,2.9096121476000176,3.6447368237386684
13831,pop_1,3.127091410538842,3.208907483843142,2.841260745239071,3.5863388839651025
13832,pop_1,3.2836230283266468,3.6289868522778463,2.9054720697683134,3.53084889012201
13833,pop_1,3.61424014378898,3.3793558324478137,3.1217330309512166,3.465644607977219
13834,pop_1,3.5416079157722677,3.3212732488998755,3.0228484054575455,3.198263202929505
13835,pop_1,3.1635897963341915,3.37625628793328,3.0366594247494243,3.1269131697835095
13836,pop_1,3.0604763107689057,3.500660980149283,3.492679573233678,3.3609138288974054
13837,pop_1,3.9881728061266823,3.009660208361838,2.872841981266072,3.407733319693893
13838,pop_1,3.6551729982903467,3.4261903423146443,3.4157127484169836,2.840090291180381
13839,pop_1,3.612923650155958,3.2871872899619383,3.0518986979067955,3.6540114949399904
13840,pop_1,3.565918183823766,3.288119129849761,2.8187812554139318,3.5018089927917826
13841,pop_1,3.565675289476863,2.9437843020646954,2.8665426692545717,2.984823912876639
13842,pop_1,3.693564948825367,3.433722330001166,2.702517596433733,3.3042767173448944
13843,pop_1,3.0661972830839783,2.9472690169759024,2.872700488807989,3.43440031455681
13844,pop_1,3.5775838387861296,3.382678877043729,3.108492659365112,2.9989630035176487
13845,pop_1,3.1674536667020745,3.010443369034238,2.929209521578257,3.259754708001358
13846,pop_1,2.948957556554856,3.1914898991852985,2.9993404060788373,3.2075265312915375
13847,pop_1,3.4065152598642676,3.6686176428838864,2.951527977226883,3.4259822961125925
13848,pop_1,3.7054645263618182,3.29734518881487,3.2559591150213416,3.3447313165183172
13849,pop_1,2.921184011766918,3.3201816700427407,2.830250399507984,3.5283513497197108
13850,pop_1,2.9156226643236636,3.147678929344166,2.7955538252418792,3.555814275791711
13851,pop_1,3.6438405090944865,3.1145646502377073,3.1542318251436092,3.5424215163133765
13852,pop_1,3.8862448584116875,3.708053758258205,3.4039807450890116,3.3118345324508653
13853,pop_1,3.1995245914286516,3.1827255109376225,3.0971658126677575,3.0903212870256933
13854,pop_1,3.6790422883059866,2.7826934464723534,2.8496282642573254,3.4810050715928416
13855,pop_1,3.339150525611267,3.433599087615137,3.4280504377937606,2.826316164002438
13856,pop_1,3.2880768755743066,3.182588878669635,2.7420727984684428,3.2681850918147175
13857,pop_1,3.3624495136062094,3.7085966153126693,2.9981602541936527,3.4315298764730713
13858,pop_1,3.7326321379583005,3.1571647444079503,2.7163013294592906,3.696664529358087
13859,pop_1,3.079309096416125,2.967236258166726,2.6343239028930516,3.6471879094816724
13860,pop_1,3.1658841937927304,3.348229209884411,3.055578412674958,3.4530223773588538
13861,pop_1,3.6999722469854768,2.9747504421169757,3.166014934844549,3.19710547858069
13862,pop_1,3.2140079513732553,3.1738315786083637,3.418084147284681,2.9638742117224983
13863,pop_1,2.750096567105395,2.85724416566775,3.1288069325504093,3.413406669409386
13864,pop_1,3.0818292676115084,2.9180517209914134,2.911341845025618,3.288975855668749
13865,pop_1,2.9009906679800177,3.425309865221599,2.881214569341697,3.668631225205836
13866,pop_1,3.2696045935509908,2.740165559763154,3.157666677855718,3.1479940813417793
13867,pop_1,2.976393941631941,3.2564994782645433,2.8195718297702532,3.777549983433687
13868,pop_1,3.0682564857711006,2.8119941371488233,2.766603033374556,2.801957547068587
13869,pop_1,3.54031315171831,3.2608180284658554,2.9269050798286638,3.8364004022230977
13870,pop_1,3.384147960921074,3.1402819320105335,3.30055854824041,3.703248690642581
13871,pop_1,3.5670079168708773,3.239113348514432,3.103874152984585,3.207214957655145
13872,pop_1,3.006135451998758,3.3668207470999247,2.997499069646776,3.175688369218291
13873,pop_1,3.115748631167373,3.1543622192801375,2.9834756594449416,3.0429700391282446
13874,pop_1,2.8226045083192224,3.1765489497842494,2.8774982841941634,3.201908503414661
13875,pop_1,3.4121401057322345,3.2626628484237896,3.1924659616548907,3.3572954973155857
13876,pop_1,3.229086085462115,3.1252687597943574,3.1202401890210267,3.505444575578896
13877,pop_1,3.6883349050837104,3.1757401595068986,3.311642856109541,3.4589320760251034
13878,pop_1,3.6743672124225952,3.3062620657295416,3.1065552049765404,3.2415928015153836
13879,pop_1,3.131929255029622,2.6595125293278916,3.3796866248838664,3.2524764404480986
13880,pop_1,3.630212671103759,3.3037029234371467,3.0947114880561175,3.1657363817055186
13881,pop_1,3.198294691212049,3.412840784148714,3.10400103744762,2.943045611066508
13882,pop_1,3.551496800443491,4.012116243018939,3.0133879568638506,4.144848095770553
13883,pop_1,3.217731628892276,2.659974093772137,3.3053083253005893,3.260851826415165
13884,pop_1,2.8412632798940374,3.0582988389763375,3.1479883073383963,3.3098206362422316
13885,pop_1,3.6704266785361557,2.9931004248355664,3.1977817342193795,3.6191048064609452
13886,pop_1,3.60438189858859,3.3303574005690995,2.7691937363420545,3.327943885122813
13887,pop_1,3.302022587098889,3.230328797042948,2.714380052575338,3.4419942956509693
13888,pop_1,2.804328239831886,3.293727701420864,2.8530418821318655,3.393089833428657
13889,pop_1,3.0914976399933454,2.6150657317837718,2.4781650667688617,4.073340097220884
13890,pop_1,3.4921253440400344,2.8891757497005583,3.018484523324778,3.3228139246541146
13891,pop_1,3.2958820193125256,2.973347130548991,2.540488814471493,3.5944875696209695
13892,pop_1,3.3287014857850084,3.435500030255292,3.2579568014648714,3.3646717337015724
13893,pop_1,3.5837482908659553,2.842235533295585,2.8005723376141725,3.244677015965158
13894,pop_1,3.1014212093984397,3.194217376836323,2.9080746459631786,3.433407786891344
13895,pop_1,3.6676444198514426,3.2762014579562333,3.153258548388424,3.616877159775584
13896,pop_1,3.526310836106567,2.776689284807021,3.201893990482688,3.0081767897770058
13897,pop_1,3.2939272291562016,3.3447049827973165,2.844965335382196,3.2860878887451586
13898,pop_1,3.510547085798694,3.6566227851054416,2.8355382582913613,2.9269684167505727
13899,pop_1,3.180185443744735,3.0262055654777327,2.683873806009382,3.4426303616954765
13900,pop_1,3.7063830113290557,3.2887547787303157,3.1637254091396207,3.22588522886451
13901,pop_1,3.3126194535938334,2.9253669431198612,2.550217060355841,3.5552037992665158
13902,pop_1,3.1729218343280743,2.016440279236533,3.1464288272808787,3.1959895257386712
13903,pop_1,3.533830905859967,3.007837396712227,3.169491761796948,3.700901971995096
13904,pop_1,3.6126194401179466,3.2017828216143043,2.8027156133503848,3.555815253274014
13905,pop_1,3.1163322148753894,3.048468683967521,2.7895460916389414,3.374211285606685
13906,pop_1,3.3481545978967175,3.3497338444491502,2.743236567845424,3.5195009998270628
13907,pop_1,3.590869614140169,3.3019663228739993,2.960039343906182,3.4863473121422097
13908,pop_1,3.2776550826224,3.2459655176993714,2.8623802976992967,3.4446779388806537
13909,pop_1,3.7949589462473754,2.614306386895304,2.4542832281070135,3.736653502152731
13910,pop_1,3.7060898185760034,3.166227829827959,3.0583870040313754,3.505371722844194
13911,pop_1,3.560081671060809,3.0124877149446663,3.1765236890137745,2.6951148826255453
13912,pop_1,3.1534080704222536,3.644263653887126,3.032909408539973,3.2171073795754013
13913,pop_1,3.3539393345661015,3.6570486287755353,2.9493728752007007,3.3116729624111043
13914,pop_1,3.3107817459800106,3.302945439740766,3.309618770497772,3.4738170823485794
13915,pop_1,3.4804395418499205,3.339548922948247,2.776143079965231,3.623835211486405
13916,pop_1,3.147072773793195,2.6488829698990215,3.133458880100253,3.761918417012719
13917,pop_1,3.6568395612203215,3.795625924058391,3.031363482573391,3.4193862583889167
13918,pop_1,3.908793141502598,3.6305559918009696,3.0293027988385393,3.51886850285145
13919,pop_1,3.4519305045823097,3.117286149761385,3.064463988582566,3.5799561584523443
13920,pop_1,3.0397107399868446,2.725313009379622,3.0329720964234705,3.095588907456986
13921,pop_1,3.4634629503173717,3.474512599190144,3.0614584535627984,3.0224496293785084
13922,pop_1,3.700506380637004,3.459943322535214,3.2520837825304882,3.3500280703000445
13923,pop_1,3.5061462585369596,2.7210715060511332,3.1719832398874064,3.004461363466109
13924,pop_1,2.901881642037947,3.108738569761903,2.754329745924371,3.6185192561858317
13925,pop_1,3.2669551495215163,3.1237347237598696,3.355051300604849,3.1347679884182345
13926,pop_1,2.8855110304940244,3.13828975708936,3.2133687807878974,3.3278972298772405
13927,pop_1,2.994614414493673,3.0871184568779,3.0116338129384674,3.5192781950457905
13928,pop_1,3.8030151958331264,3.021561326011207,3.389730267190367,4.04281208433282
13929,pop_1,2.9801024852672757,2.938309314124868,2.582003377188902,3.3799680982502673
13930,pop_1,2.815766381459385,2.9773447405853566,2.8701768950293385,3.513579385620468
13931,pop_1,3.5029239920569766,2.8623010596329888,3.0832602944840968,3.6073896707979793
13932,pop_1,3.320946615060512,3.5859954828302265,3.196245043065986,2.9340142473694786
13933,pop_1,3.119483008255158,3.499755050122329,3.001479261053325,3.156823526832904
13934,pop_1,3.0414771068366524,3.284102036085822,2.6235926651209938,3.1998620091504155
13935,pop_1,3.1370147293274226,2.732953780602952,2.750179717979353,3.2815362827618597
13936,pop_1,2.9725747758565455,3.204092098590413,2.8271711708118277,3.0131666530401846
13937,pop_1,3.4746472014119036,3.585891209933701,2.75721892015893,3.3750600279416134
13938,pop_1,2.7527854823006015,3.2487546115560906,2.8255116584763877,3.1751136424304214
13939,pop_1,2.9959027954426016,3.219463549667061,3.001131866746401,3.2448754286487493
13940,pop_1,3.3227730110335227,3.3370932510313294,3.1621163145685287,3.2507009023302356
13941,pop_1,3.0753494260711505,3.469327647290303,3.049145003550959,3.276415871954053
13942,pop_1,3.3074803070517937,2.6641756011014546,3.2295493095647463,3.1244478319229496
13943,pop_1,3.442048583809615,3.449864828385637,2.6164343032950153,3.4311864825785006
13944,pop_1,3.037741956705727,2.7674946583661506,2.9491193804008162,3.181171472006588
13945,pop_1,3.251023088190308,2.90289852948343,2.4959639374409854,3.669472828529154
13946,pop_1,3.043001229520565,3.2306571346727373,2.8754434205478807,3.1919027463277003
13947,pop_1,3.5701592935294206,3.1201298581308032,2.738301306023203,3.598759132413446
13948,pop_1,3.4765497381305437,3.0009812259381783,2.728139281381423,3.250655778039433
13949,pop_1,2.838114755239866,3.2403460722665725,3.6056721846136193,2.8595705954558635
13950,pop_1,2.952433098214689,3.195626595502924,2.7559589683687182,3.5472734058894932
13951,pop_1,3.4714637667047428,3.347382781421287,2.9594279419190377,3.364541461186272
13952,pop_1,3.2327144395703713,3.532771681423738,2.7778896492259095,3.538753587213178
13953,pop_1,3.2079068885601507,3.23247420823757,2.9244498854233743,2.8853324501394066
13954,pop_1,3.068356814615536,3.496180863855807,2.8528354715858435,3.0044230538305796
13955,pop_1,3.209817720330981,2.7115039942344485,3.1909986070122445,3.2183314550296105
13956,pop_1,3.197027272002246,3.0216941356122176,3.290956457799325,3.112118258327163
13957,pop_1,3.297823914180633,3.197735558649089,3.091851213508778,3.2088223349662877
13958,pop_1,3.315227186250475,3.51491405365526,3.3092836516025863,2.9269222757491646
13959,pop_1,3.7823757644315097,3.8738468506277832,3.4586449229149685,2.9482906564958458
13960,pop_1,3.2718240223627246,2.7621996105669444,2.8836270184172452,3.034694670605122
13961,pop_1,3.4800409175422464,2.892491346873382,2.71285581335223,3.455399019075177
13962,pop_1,3.3081956032429987,2.86163519413142,3.402434506249903,3.0426480565232654
13963,pop_1,3.5451008586585018,2.9923927654032947,2.9915674294759933,3.2397348063340057
13964,pop_1,3.6106530790842304,3.3150092864178626,2.7983876248985085,3.4278190382236056
13965,pop_1,2.912868268368699,3.076454471486877,3.0895403142033295,3.0458705619329676
13966,pop_1,3.288879316214821,3.0321183363031188,3.5155857615276798,3.264246767816699
13967,pop_1,3.2082544344618777,3.4134747832330685,2.5303927935509383,3.1089737463709373
13968,pop_1,3.156849587343437,3.146669741151901,2.8014518788094684,3.3070920302113507
13969,pop_1,3.049454843644689,3.255704704453785,2.9582420792966846,3.5591402493900834
13970,pop_1,3.6246893212893885,3.4042997558543306,2.8926470358056746,3.6171489560766483
13971,pop_1,3.3273098823336738,3.408815011194265,3.047754369000402,3.8272831224395545
13972,pop_1,2.9940641779442823,3.460024239557506,3.1435413517752635,3.3326910874352316
13973,pop_1,3.746647881481868,3.0694270992979535,3.0401240435766756,3.6483678112368474
13974,pop_1,3.440547478718658,2.8482127311931658,2.643771940027663,3.8192821295444555
13975,pop_1,2.8089061303572382,3.3086860804797826,2.992281095479448,3.2056718540922806
13976,pop_1,3.7871817981236062,3.1003384986136946,2.9546798528296216,3.2652487266027697
13977,pop_1,3.479277415534748,3.378039653666984,2.788285033249815,3.1294198733912775
13978,pop_1,3.8261584142795293,3.334845657246084,3.2689864627484795,2.8640397488984055
13979,pop_1,3.3494031806410622,3.3994994802789966,3.4224759693565163,2.959815061212684
13980,pop_1,3.2787635602755074,3.10967339340025,3.264068871045084,2.8970882662202957
13981,pop_1,3.254480960757023,3.5650784564210194,2.9496520014789827,3.241570215475172
13982,pop_1,3.1894218212876764,2.8952931907631507,3.051712325941875,3.4540514733555923
13983,pop_1,3.187963342614201,2.9084627009461075,3.3252371472149536,3.261318756844993
13984,pop_1,3.573090262462124,3.183972139243295,2.998261341644422,3.500948659148052
13985,pop_1,3.08193992685955,3.178132318723354,3.0433723417104632,3.1722607248200263
13986,pop_1,3.7446849947294734,3.430703051615548,2.9284363914884115,3.464074872250052
13987,pop_1,3.2419210704020265,3.3689821729387526,2.535483586742881,3.582129232489926
13988,pop_1,3.4791618507041777,3.3509509997817153,3.0255228069821754,3.6211400561262743
13989,pop_1,3.5262427710918676,3.1346202325361237,3.12524659598702,3.309290211564012
13990,pop_1,3.4444519308614865,2.9880663203491604,3.1539457636303094,3.5257482011688315
13991,pop_1,3.2361622818165348,3.2428236289682695,2.857030862324635,3.5519094811122875
13992,pop_1,3.4218879751852294,3.005914037630818,3.3727511345643006,3.310603654463533
13993,pop_1,3.3314442125610984,3.0658032751069695,3.0708778469645996,3.308665447063854
13994,pop_1,3.271379384792786,3.328080888803638,2.9336260271476253,3.46805784142939
13995,pop_1,3.649961856394526,3.1470669890005425,3.4103328004866365,2.8816450344025624
13996,pop_1,3.4923104335317627,3.1436521667154045,3.033490730809856,3.468542786263956
13997,pop_1,3.187528756077834,2.7225844495887737,2.5550586856741746,3.8115683597871874
13998,pop_1,3.6223974841779643,3.3491041536804946,3.2849375551514663,3.126844071766835
13999,pop_1,3.076585227449723,2.4014813531530512,3.3867047748084897,3.2424958579022096
22000,pop_2,2.911259520212366,2.7398557067905838,3.682977662141066,2.9727495084213937
22001,pop_2,3.3178787224604247,2.8394079695293986,3.348148021691423,2.382816106827112
22002,pop_2,2.6576137885794404,2.9409294289694836,3.899179839379478,2.6324646447676057
22003,pop_2,2.822536823202183,2.836272211365276,3.6218782700735477,2.865090624382979
22004,pop_2,2.8568705925209494,3.319032575077914,3.729867657944431,2.5249789323005642
22005,pop_2,2.651806419169021,3.2164437775773744,3.573443774538067,2.7989006968814705
22006,pop_2,2.6590487973361756,3.0821618767408627,3.382281554538245,2.964413578638348
22007,pop_2,2.6843442683295207,2.8856060482421055,3.4091710071307197,3.099578351115474
22008,pop_2,3.0178872525702665,2.9441205265802806,3.425316204364152,2.9568194823980885
22009,pop_2,2.773545244637183,2.825597005751841,3.3407944438225936,2.6078463923085646
22010,pop_2,2.827049965730935,3.329409589799976,3.480903270078861,2.8600802983790024
22011,pop_2,2.8797650613751453,3.026508384235159,2.8918039212750735,2.8523811376580492
22012,pop_2,3.150284679423549,2.8800218426762454,3.519458353574817,2.6567325559059825
22013,pop_2,3.119697231365392,3.3641959353838917,2.771564488121675,2.998575061317896
22014,pop_2,3.1258290463619174,3.195244593906143,3.2399414439592404,2.954775290645944
22015,pop_2,2.991685112261209,3.1102436712390134,3.503397227710633,2.6168096239343184
22016,pop_2,3.1941546836830237,2.767674558389043,3.293552180368981,2.8541058880468757
22017,pop_2,2.462685591752965,3.163127227776761,3.138976762497643,2.8137857530676875
22018,pop_2,2.8036955162903934,3.1238791399551538,3.61919438731673,3.1421447966860026
22019,pop_2,2.9620210616434806,2.8967271597092927,3.312104393787266,2.513567173924229
22020,pop_2,2.81736125813702,3.200256147991252,3.4668345417167967,3.3369770367789284
22021,pop_2,2.9586610889047793,3.060038141953444,3.5264186617668956,2.6644519517761682
22022,pop_2,2.950216153194908,3.1458527260220848,4.2733313888207665,2.7673426865926576
22023,pop_2,2.462016274850905,3.0940902020360053,3.5536646537885153,3.1228422175179658
22024,pop_2,2.4423218679897465,2.661091660790765,3.6135553558874305,3.2842781565262142
22025,pop_2,2.769157207921641,3.060969222706154,3.1490083245253446,2.7025752808116943
22026,pop_2,2.4181718367646825,2.840373116358147,3.727895875369531,2.9128145179026554
22027,pop_2,2.8809938268470736,3.138508147358559,3.6950496280885616,2.375891884614747
22028,pop_2,3.004726138299526,3.016725685439057,3.9293929612554948,2.7931956051078584
22029,pop_2,2.765318377740082,3.2305494652242586,3.6438941243099436,2.7121584679527464
22030,pop_2,3.098113621248572,2.9294668098043903,3.348385968625231,2.329635531765072
22031,pop_2,3.1802700949539435,3.031237331344356,3.4174409431950856,3.135765277610204
22032,pop_2,3.125880935719181,3.105820487541715,3.688778159581409,2.5970337967278856
22033,pop_2,3.3728659749705168,2.8335237121502423,3.1954747875822576,2.475390547060508
22034,pop_2,2.6168822919981714,3.1549385566496815,3.87366909582874,3.0212514840375166
22035,pop_2,2.773289237310797,2.792198796626342,3.334876183468442,3.0627792321234515
22036,pop_2,2.9301623231027163,2.9851610256509167,3.41794981946492,3.125612404301914
22037,pop_2,3.16055014796633,3.271413538468931,3.413091133686364,2.5331487682541436
22038,pop_2,3.1545546460326737,2.6103787988523326,3.2744902298290715,2.8992809662226633
22039,pop_2,2.915360867896832,2.9295075034381695,3.014429694248563,2.2565231602516365
22040,pop_2,3.173015483249103,3.1362713281101526,3.862314393163386,2.7335082198231953
22041,pop_2,2.8575541889314753,3.0918313045577372,3.7787267660541675,2.5516083835872303
22042,pop_2,2.816960821566603,2.7097476448242124,3.2679107158147067,2.62720986710243
22043,pop_2,2.717843256916506,3.0844028587493084,3.9165521876015235,2.8701157272571907
22044,pop_2,2.633567678700363,2.9276046703107323,3.7219751867282715,3.272742837662344
22045,pop_2,2.7157848526501622,3.059885734219798,3.4198029307262363,2.553362519358424
22046,pop_2,2.9648599714028125,3.0332411409636526,3.1967225513073254,3.0849275806508456
22047,pop_2,2.7053080900733026,3.3271621715308557,3.4011818309524364,2.873453108920501
22048,pop_2,3.117286320173291,2.86203165819943,3.7774945538890874,2.4158576778717094
22049,pop_2,2.998366960126343,3.065160079028389,3.634742625836468,3.1423752437434977
22050,pop_2,2.828044430636938,3.3037955728546198,3.600413780754682,3.0368421863753636
22051,pop_2,3.314160998401141,2.8867373574506487,3.38650573400594,2.508205442303873
22052,pop_2,3.127055354174937,2.9118832497746108,3.181678290418548,2.691515131750203
22053,pop_2,3.1993932331626196,2.922557781424574,3.6268036741115752,2.799271479452538
22054,pop_2,2.9349114765304596,3.0869018426032313,3.5016730276004426,2.4456745388199255
22055,pop_2,2.951627444480587,3.2963936741947792,2.9631152545817825,2.435409886622009
22056,pop_2,2.607862256677252,2.793400012859974,3.4139275286860897,3.1844992441238817
22057,pop_2,2.9601771136186716,3.1348108917988355,3.4353567781287415,3.3675162891778063
22058,pop_2,2.6978682831396017,3.140410352869116,3.6145201127639397,2.8805840760932306
22059,pop_2,2.872507892990187,3.1457070635162747,3.3485276500034313,2.646609479263368
22060,pop_2,2.8216164959747134,3.3491425388153266,4.251391621495811,2.7754238535089617
22061,pop_2,2.999038429843801,3.1382445439493685,3.813382258063716,2.44127386557775
22062,pop_2,2.709244558987434,2.899844787278174,3.4014533513745797,2.6579619486100525
22063,pop_2,3.1635773823101117,2.84682087791041,2.937175337309741,2.890605607501336
22064,pop_2,3.031040940083055,2.7569493344756477,3.1821046337754773,3.025073463403141
22065,pop_2,2.9228928913773546,2.930850131152959,3.2793253931823587,3.2464013400551095
22066,pop_2,3.0307976694428778,3.091928376529751,3.7263083333597296,2.684112906731614
22067,pop_2,2.476165291106765,2.5976954469102767,3.1050973244180375,2.781654008470777
22068,pop_2,2.791613780278196,3.280480441585363,4.169055961564322,3.1061359396508097
22069,pop_2,2.758205157560635,3.0606466568830117,3.272775339523226,2.638514446281728
22070,pop_2,2.9237766045628426,3.1365721558787967,3.9865274015188827,2.488700655327375
22071,pop_2,2.747347622775606,2.9866453820913135,3.0320386004340696,3.021884304692544
22072,pop_2,2.7363469028116567,3.0501386276754476,3.157193720075979,3.3945849127624363
22073,pop_2,2.842786899588512,3.124443925109791,3.6466630538874827,2.8015272453734728
22074,pop_2,2.7182290533766698,2.9350245126271632,3.73651661090656,2.9329543982680706
22075,pop_2,2.6360397539319687,2.675615732240681,3.6413784065398227,3.1026972601604697
22076,pop_2,2.901740286313455,2.4419959955743353,2.8789762772624217,3.048851288183516
22077,pop_2,2.7305881835464483,2.6688354070516436,3.653080389090854,2.542681916641665
22078,pop_2,2.8982464349510586,2.885823837043685,3.788439907429119,2.487399883545852
22079,pop_2,2.789240201108807,3.2243389113839434,3.5817600057797296,2.7376626670525255
22080,pop_2,2.72516951599046,2.9985818693369723,3.548459240301414,3.0879586262279872
22081,pop_2,3.2717850172888947,3.1232171465423075,3.0396633244416433,2.441613732944319
22082,pop_2,3.132230983917122,3.062429612215287,3.492002589802472,2.5839389327707765
22083,pop_2,3.1172924017550985,3.014148605802605,3.232360475717265,2.6195733725708856
22084,pop_2,3.0856670059420708,2.6747785951735654,3.3586964186118258,2.6404150330188325
22085,pop_2,3.1457552084751663,3.068197325234972,3.3927192618203135,2.842340463864956
22086,pop_2,3.024639760514399,3.2203152863917395,3.286176941169112,3.152621437988439
22087,pop_2,2.9279628891025054,2.7634972510389426,3.399620559326608,2.60340113126785
22088,pop_2,2.621754484131497,2.5627303735305045,3.744373846393808,2.275420815946975
22089,pop_2,3.0701897731491243,3.1610921034160975,3.4837355614962076,2.6584446358959544
22090,pop_2,3.1502182906005802,2.7536267936287753,3.0529035343296127,3.265162106490038
22091,pop_2,2.881591678157335,3.3384426932641027,3.1171617931382105,3.144770765621947
22092,pop_2,2.9071475723124807,3.0191136846081577,4.005625020805061,3.025902202452082
22093,pop_2,3.2077277017606014,2.99782175074558,3.4097538865655226,3.220243907228465
22094,pop_2,2.770796160816231,3.001774025257948,3.266535581461384,3.0713633255005
22095,pop_2,3.0919275057402897,3.133637812232852,3.0221507720043554,3.1907022292744704
22096,pop_2,3.023224363420932,3.1387585197064056,3.6345604627829053,2.8854607700132453
22097,pop_2,2.700228533203135,3.175721484256161,3.3785587371872294,2.9243421232668037
22098,pop_2,3.1282712399662618,2.840974316487706,3.406532568641957,2.625059841127859
22099,pop_2,2.951960884839904,3.10495794789905,3.2193144608340623,2.691553497831521
22100,pop_2,3.028365385289323,2.6284229622922504,3.342428980563584,2.4967346890534032
22101,pop_2,2.8385702027300606,3.1762885483145564,3.2557376160640867,2.51588409218086
22102,pop_2,2.9228207502065007,3.0165383852991874,2.8406028227843696,2.6166257681547576
22103,pop_2,2.786785294787825,2.9976876827073,3.6889371354895752,2.843638216051107
22104,pop_2,3.1086166098147556,2.9646497937877836,2.943475376628713,2.6897945062179303
22105,pop_2,2.6448990088192517,2.7192601060632375,3.7150300530810725,2.833885076623938
22106,pop_2,3.057138537229021,3.0642875678207813,3.7350667279297847,3.0519399538539447
22107,pop_2,3.151628146892572,3.220603505830829,3.390545458780062,2.955116360979984
22108,pop_2,3.211535933226346,2.94677656507897,3.009868590765508,2.892949015320339
22109,pop_2,3.0578368129672673,3.2163332433897347,3.3312431130635,2.706647313858418
22110,pop_2,3.2170473316096855,2.701049098338846,3.0854924652672198,2.433136068136024
22111,pop_2,3.2127956211525177,3.007638026206415,3.615190303794385,2.4762077815391215
22112,pop_2,3.101966481504557,2.7304337255470696,3.4892409189339446,2.4931801513482985
22113,pop_2,3.123167514437331,3.092992421926327,3.1569540785686554,2.879793920826245
22114,pop_2,3.162238629062087,3.0555170888016963,3.5082261526889824,2.5654096836552274
22115,pop_2,2.9982624054953306,2.9422212873809714,2.6171331728349254,2.9542674484494147
22116,pop_2,2.718639220459474,3.485155021700199,3.6977859652820735,2.618158293370259
22117,pop_2,2.6688808268908777,3.1918930112588697,3.4437983301424997,2.7906954520557834
22118,pop_2,3.228002498650271,2.7832309126132793,3.2213714361748127,2.210946773964662
22119,pop_2,3.1337632975371315,3.474643559780734,3.897780592436008,2.801849313829401
22120,pop_2,2.771137166688678,3.0017431624973274,2.902436948269464,2.5598674368410363
22121,pop_2,2.940387933918278,2.893680030488283,3.574508773668637,2.464739716736309
22122,pop_2,2.969016134619906,3.019792870840686,3.4096550539504293,3.1169470921999443
22123,pop_2,2.6697303675313813,2.938411147727142,3.60247853711755,2.270263878800784
22124,pop_2,2.9828792764359164,2.988432846203415,3.0658616555881952,2.6433589961106962
22125,pop_2,2.971872178409131,3.066859777168927,3.4341718019883256,1.8641235591893448
22126,pop_2,2.8709429757624916,2.796713579458408,3.365125988361343,2.5733232304745886
22127,pop_2,2.827933726044653,2.97385818068087,3.142841410164547,2.601424518076305
22128,pop_2,3.195644317271261,3.098468194672242,3.1509967453281256,2.8526887345024896
22129,pop_2,2.8217661750908887,2.8449567032101424,3.1701172697712483,2.84123574387742
22130,pop_2,3.062145006068714,2.9970220246322996,3.661157845496864,2.488935967458149
22131,pop_2,3.054009876978256,3.4470748161019014,3.4491036747737853,2.7443082527106144
22132,pop_2,2.725783028018295,2.6991747091203107,3.070739694179964,2.380533747772061
22133,pop_2,2.8721631075910254,2.8687023119232506,3.710682884762957,2.630276857519484
22134,pop_2,2.8792035149394404,2.4189614961416384,3.270437766109228,2.87911811279208
22135,pop_2,3.3522419693836696,3.2324815714193584,2.9428472218415784,2.9189427508423154
22136,pop_2,3.193434309782876,2.8622274738049183,3.444588433652351,3.072522564939265
22137,pop_2,3.1014269477740637,2.8693524627320155,3.294986875242301,2.685405659814307
22138,pop_2,2.95072881893017,2.826804141796207,3.028700118854993,2.334173979636399
22139,pop_2,2.7078622812740853,2.9452925027702275,3.3469606264720837,2.7792464939362147
22140,pop_2,2.8987293989298943,3.092255888931365,3.2764518812143515,2.946890979839422
22141,pop_2,3.1990366824031415,2.733691248492827,3.6724545616898907,2.8282644800556964
22142,pop_2,3.1244919096912867,3.2292523416637153,3.046922608546328,2.340469720626477
22143,pop_2,3.011008685326098,3.1342043463768716,3.366301573200808,2.508274615433691
22144,pop_2,2.8726061023188123,2.8114035619229587,3.0320562735145806,2.31391793453486
22145,pop_2,3.0927147562245083,2.8824072975340855,3.171391223877321,2.6077332317860655
22146,pop_2,2.975834604722432,2.95677912029636,3.7084432447638473,3.3841525966273536
22147,pop_2,2.9210194560180076,2.6919779615802804,3.374678549232543,2.9427826574444356
22148,pop_2,3.2268071664982547,2.899545285213252,3.178013048940778,2.9871614951341803
22149,pop_2,2.9870490318075986,3.0552578863744584,3.3345718254292143,3.0251577101704816
22150,pop_2,2.677992635887258,2.5325996303251763,3.3034887852390806,2.8733181950125326
22151,pop_2,3.1499639379594346,2.995175834361947,3.824849506311166,3.1867607144273102
22152,pop_2,2.5433091891128377,2.999547234792726,3.786062600665846,2.822160876616361
22153,pop_2,3.0827374255559725,2.935568280536833,3.859279014815893,2.8291989517203198
22154,pop_2,3.238192755003212,3.133957203708516,3.411499449058508,2.263297773560088
22155,pop_2,2.7713445366846816,3.161569366437357,3.4259531292484646,2.924166624920462
22156,pop_2,3.269487329891638,3.2459867194088177,3.357344894185008,2.332171558406022
22157,pop_2,3.0452100892789145,2.926990542080296,2.8585278552843865,2.682750717994004
22158,pop_2,3.1842952955769923,3.3217673011475277,3.9787770253939514,2.5927375312636634
22159,pop_2,2.933244364098467,2.78442206288503,3.5182694099545055,2.511499461308376
22160,pop_2,2.8466891763933053,2.9258297315393427,3.539326767720651,3.6033206303892524
22161,pop_2,2.7598555973501853,2.9452786653131215,3.529460773252946,3.6493388521303625
22162,pop_2,3.1674288046549246,3.0384806263634485,3.798197328318249,2.232412951906973
22163,pop_2,3.2278164281167947,2.9031448020146082,3.4493185864999916,2.7739674333613458
22164,pop_2,2.9224804952169072,3.027440414311103,3.7316203652338977,2.769349335125854
22165,pop_2,3.0472450929194594,3.334259462306639,3.4717920881313384,2.4538177224556783
22166,pop_2,2.923475095351373,3.076560446612705,3.934250755208886,2.7175604697169655
22167,pop_2,2.823960321019053,2.808062321064875,4.007597177049695,2.987829344871238
22168,pop_2,2.4738301447474127,2.726596249477734,3.0748446522737427,2.8962357392352125
22169,pop_2,2.8122014789923413,3.212905927084911,3.3089607097854916,3.0430637919409778
22170,pop_2,2.429889751213513,2.8139219808681,3.8387811758160275,3.123325103197843
22171,pop_2,2.9962429869520277,2.4852592321137195,3.583181734672592,3.1799933687642183
22172,pop_2,3.1618246538538766,3.0976087826579355,3.33153928216505,2.44105537466762
22173,pop_2,3.123033106828453,3.0562365140132317,2.9542677389558936,2.7224431422847974
22174,pop_2,2.249876226097127,3.0699061072957816,3.123007238149154,2.766902721822833
22175,pop_2,2.942893383941788,2.883549801502308,3.752764232359554,2.9442119510742795
22176,pop_2,3.0913614325650762,3.2071602385541866,3.606591736846395,2.347076497669073
22177,pop_2,2.5345384855587496,3.124665755956296,3.6744993086331426,3.218708731966154
22178,pop_2,2.891255681572316,3.0051451445716135,3.6286392653868598,3.289094732000871
22179,pop_2,2.8484050965610948,3.3853272339077605,3.6526837085229227,2.8864794432604097
22180,pop_2,3.1638425149523464,2.990389550072385,3.69684790613321,3.053088843579193
22181,pop_2,2.890380897433156,3.128072522046522,3.526404828797775,3.0340688155159214
22182,pop_2,2.690634350525632,3.454939111879634,3.1266043526703586,3.094485682429185
22183,pop_2,3.2119312275000302,2.925643202349193,3.3939988962942147,2.8063078625508435
22184,pop_2,2.864866549101441,3.0670311992467676,3.502960956975755,2.515002772409408
22185,pop_2,2.9122427464208376,3.0597010798413447,3.005569296738427,3.0430437208868404
22186,pop_2,3.0825388414462656,3.459951122255814,3.318338742896469,2.753626431829172
22187,pop_2,3.1450842642450856,2.745956665781813,3.560152789567055,2.600386962516315
22188,pop_2,2.727662589828556,2.9685256164711853,3.604461831329472,2.9731940882297483
22189,pop_2,2.731656966286992,3.337628663606808,3.306241047384919,2.8518916825597778
22190,pop_2,2.7863229509976137,3.1764017043903525,3.875917161227718,2.8291092335033734
22191,pop_2,2.3428451087919266,2.8957081446288644,3.2759671498967387,3.1970905563818532
22192,pop_2,2.485404097004484,2.927800200049661,3.471367198133766,3.2783700551985886
22193,pop_2,2.8448791035717975,3.1379573904405724,3.256972088363697,3.2921582064274073
22194,pop_2,2.598351641686075,2.892790415102639,3.8232580304544035,2.72366724106653
22195,pop_2,2.8604935084780765,3.25053122383228,3.687176124203243,2.672286440966737
22196,pop_2,3.18766957789608,2.911776329259243,3.56722122484655,2.522841141316319
22197,pop_2,3.2502682966870085,2.84665883705661,3.372933381509763,3.0056072269389342
22198,pop_2,2.831264426568333,3.4265794492387993,3.543271317952203,3.1409606433322668
22199,pop_2,2.840515902170951,3.0639815613814214,3.7179005889167205,2.9394441031832788
22200,pop_2,2.8544188963688937,2.695899895610029,3.608657734108724,2.6038915767206303
22201,pop_2,2.9304385506514636,2.8569603543075472,3.33445018099112,2.390103934687305
22202,pop_2,2.2949816548007886,3.335782706886672,3.688886568568747,2.651998421076759
22203,pop_2,3.1653202167939067,3.1187070031196265,3.6103437609712135,2.1993671427862473
22204,pop_2,3.316587129129604,3.192012988449569,3.40253183107448,2.494756487187007
22205,pop_2,3.2177122711010853,3.3143678954730205,3.3799620122085527,2.9237881434725397
22206,pop_2,2.919060757352854,3.0115112532765993,3.038752165537245,2.316118353061377
22207,pop_2,2.3472619557867893,3.3628997794070123,3.4951985105221866,2.6401018312482605
22208,pop_2,3.324945055614607,3.0147659803767537,3.389963349396923,2.4098446625576333
22209,pop_2,3.214843334502965,2.674816430414913,3.3811584997753634,2.8584212321038636
22210,pop_2,2.9459568001856593,3.334148213990244,3.5815667827000484,2.8605304720237172
22211,pop_2,3.1575885087108464,2.993017555455699,3.298944418482528,2.4323009554300707
22212,pop_2,2.662710339616679,3.1317664203345745,3.6497227613314798,2.4402254007865953
22213,pop_2,2.981782720482814,3.1895013076530967,3.420629222112673,2.5437866560041593
22214,pop_2,2.4685193562089918,2.7841834547417137,3.760761778027674,2.508157053378958
22215,pop_2,2.8005122634026125,3.198004240282503,3.517006239841024,2.506375808573009
22216,pop_2,3.043325870866251,3.126844682464276,2.8409060910974535,2.421879490098061
22217,pop_2,2.696635399753702,2.9280087806437063,3.1943883542637415,2.7264239385417284
22218,pop_2,2.5908950293322315,2.9221311462198485,3.375698436796767,2.4744001339880346
22219,pop_2,3.1249880785029043,2.7293235427106897,3.878706343032426,2.8399902291637535
22220,pop_2,3.145707835252352,3.054747708472144,3.671911689601609,2.898772336111418
22221,pop_2,2.837203785566157,2.91925084294276,3.4259515382195183,2.388527169666931
22222,pop_2,2.9260119650964835,2.9956534724171764,3.539506444051086,2.776938208563143
22223,pop_2,3.2272996063308943,2.799383182271307,3.7098231837655247,2.9808136516663666
22224,pop_2,2.947699492742147,3.258996285748724,3.149774183901765,2.4018850133293865
22225,pop_2,3.120645392025945,2.933966740607066,3.6149198595791727,2.960818453018652
22226,pop_2,3.25404144290045,3.105419553833981,3.4317128579242553,3.0130922796809703
22227,pop_2,2.562643217231308,2.8291019128896804,3.388090622455397,2.7962648579620093
22228,pop_2,3.3857928060689946,2.4925785350657716,2.714604531563152,2.8262648862280937
22229,pop_2,2.802028800904975,3.3173137793853003,2.9552607009834575,2.866479375579326
22230,pop_2,3.2005311776945344,2.9774356685300916,3.7484631355384344,2.8207074087160384
22231,pop_2,3.0546218746401745,2.7454018026478177,3.549247500906788,2.696153338339995
22232,pop_2,3.2468613382312688,3.3980197445512634,3.300120295502225,3.0418124685207126
22233,pop_2,2.7449867828156638,3.2018205813485503,3.459914016814291,3.523745615682929
22234,pop_2,3.280771250930983,3.056402458835452,3.4201121920199986,2.751356482237352
22235,pop_2,2.6340063568922836,2.814843583418146,3.584106566509341,2.7977747392414027
22236,pop_2,2.96121015970586,3.0605192228512577,2.9000292071824547,2.5064559170892675
22237,pop_2,2.9381170988950274,2.6100263108900608,3.5512005368235062,2.7669457966907176
22238,pop_2,2.7425238433974237,3.186362436817644,3.856083758553921,2.9639430747286224
22239,pop_2,3.166743160001133,2.8371012220528664,3.3094566042480644,2.8559892686974875
22240,pop_2,3.159579188728533,2.9662744693465513,3.3913280559611874,2.650088944790763
22241,pop_2,2.855654359346637,2.7398374389596096,3.191671887526036,2.0944101551509497
22242,pop_2,3.0981781065455207,2.9918824198830114,3.4953224974041506,2.8456205179592895
22243,pop_2,2.920876807984698,2.6361310485263427,3.819800662699644,2.7108828415537083
22244,pop_2,2.6844844626680437,3.1161748773947364,3.5043018004193294,3.0636122111097897
22245,pop_2,2.629265596522852,3.199288752650168,3.314372040551019,3.197317897254811
22246,pop_2,2.7097325708208344,2.728819300983122,3.331690710400759,3.434182282132271
22247,pop_2,2.980160046528176,2.900564233589734,3.596953038678369,2.9733881042189836
22248,pop_2,2.7583394422775767,3.053211679417833,2.409254919504791,2.9730001662336534
22249,pop_2,2.9920138012371162,2.9902966900242247,3.4217976731640234,2.1250617016736575
22250,pop_2,2.4654642547554664,3.189609425984777,2.8217347122015255,3.335940707166688
22251,pop_2,2.9744600646044184,2.6028524611776347,3.019138385224846,3.0952382368542937
22252,pop_2,3.006396631485997,3.0444815750482683,2.9252326518215193,3.016787762448455
22253,pop_2,2.912626389648375,3.2184409486709735,3.1713002945501008,2.8900000724861954
22254,pop_2,2.9682564453841938,2.871903796028129,3.2103958169749194,2.828014377150256
22255,pop_2,2.925451217794563,2.5650614191421113,2.8144743956499623,2.317265659680117
22256,pop_2,2.9584049671306016,2.7927610100050533,3.7464005532544267,2.163701440973667
22257,pop_2,3.0004222737969415,3.1191990424721867,3.961946740624219,3.087249216239488
22258,pop_2,3.2493620895088347,2.8847203405221156,2.904761821420981,2.7267443679361487
22259,pop_2,2.989645062043232,2.6640123976629986,3.257283637210591,2.844771119923265
22260,pop_2,2.523608380102903,2.9402626643836998,3.5053571798897223,2.819888461717655
22261,pop_2,2.775012324125062,3.0186416138266217,3.5768504944907558,2.753493013324018
22262,pop_2,2.558068303382176,2.735871868820401,3.4846831545096664,2.7194297656299744
22263,pop_2,3.0037855202194277,3.093525061732112,3.296971156936855,3.234963665069356
22264,pop_2,2.8412265285769354,3.2127523207048925,3.3065012887897876,2.9800629271293904
22265,pop_2,3.192241556116634,2.967749558626149,3.4465884945142276,2.825807923855461
22266,pop_2,2.8804164953588844,2.7483716200019748,3.1271962675687908,2.9731498465062645
22267,pop_2,2.266943308616149,2.6029360429516246,2.9747284392424596,2.8070707509103148
22268,pop_2,2.8785974013593294,3.1546381267609154,3.059256851907268,2.9576261926055722
22269,pop_2,2.9550456037785287,2.9515580030033255,3.9300948241323073,2.8709503138921844
22270,pop_2,2.7886318836694306,3.061005780694526,3.3225648457213515,2.742580091843312
22271,pop_2,3.0472410585116614,3.4066985215458896,3.622993242650018,2.6410969618770626
22272,pop_2,3.12701295545815,2.541555511654115,3.6978656740716818,2.587455750463299
22273,pop_2,2.9140759583475164,3.2262090442746465,3.232984828660919,2.4680770110065744
22274,pop_2,2.879243146235791,2.8622229654861906,3.1990689022177876,2.5320140809992964
22275,pop_2,3.182119973968651,3.3854539852041916,3.5306989635772696,2.945498754849663
22276,pop_2,2.86017449896944,3.0172864143382183,3.3933882322889835,2.5138377061770965
22277,pop_2,2.9774888506883777,2.4073117094504655,2.929579898418986,2.567678995163786
22278,pop_2,3.501915349125226,2.70176196423789,3.076262417584675,2.6204935099049833
22279,pop_2,2.9766821848982254,3.1486779025169245,3.1984751076066846,2.5830724271038403
22280,pop_2,2.918004430422032,2.6641632039614542,3.6808231108957807,2.915864433841204
22281,pop_2,3.2950216842620783,2.9227521902669418,3.215104479473563,2.8005995822605714
22282,pop_2,3.00564791284766,2.731469716061852,3.4808691877123548,2.933420385430828
22283,pop_2,3.019938613862236,2.8553234165833334,2.989547608323469,2.6139438667056205
22284,pop_2,2.792780575682408,2.8359444719380695,3.465574849891344,2.2184473896357737
22285,pop_2,3.083774880318941,2.998012249066046,3.6110274658165142,2.569231499489525
22286,pop_2,2.745469014597548,2.8783506368597602,3.399992401181293,3.1030286582758433
22287,pop_2,2.999414894540175,2.8794085050629024,3.553330068362016,2.9632087331831864
22288,pop_2,2.8532019913955873,2.9670584050073927,3.461581945813485,2.717918423295612
22289,pop_2,2.801776626726069,2.881534064294838,3.589351022244585,3.1819194288336208
22290,pop_2,2.896439140992521,2.9898559164261713,3.8940807615501605,2.798261079583483
22291,pop_2,3.0326079190632975,2.9889978747828594,3.2152092651172524,2.703188829355391
22292,pop_2,3.2050075661460946,3.4338765424758355,3.683768806930861,2.6836107182681275
22293,pop_2,3.051809883846526,2.6584512947915715,3.8125230018591902,2.1273250381017066
22294,pop_2,3.3445175661362505,3.174350608852973,3.9736545658310547,2.8016886851835348
22295,pop_2,2.784249294607786,3.0740953430863587,3.3357648920591214,2.9254601614240876
22296,pop_2,2.9955652909890174,3.1651627326080476,3.760794493735477,2.1772145629184507
22297,pop_2,2.44299378507415,2.8056349406917205,3.1242388599837714,2.859008677179108
22298,pop_2,3.0356826139212507,3.43953700314827,3.2404731330715966,2.3866884171606784
22299,pop_2,2.921721674168323,3.2366163095112426,3.398173152312287,2.5378962097861706
22300,pop_2,3.173817355195172,2.8948340498724607,3.571217849832149,2.640895955214913
22301,pop_2,3.0759132697720215,2.900887872690825,3.2010148465290285,2.5284802607127403
22302,pop_2,2.8305397390759923,3.152009041135682,3.185741052110636,2.317557332012989
22303,pop_2,2.795704879258095,3.053497380832795,3.504200007264958,2.664341282242707
22304,pop_2,2.930598340343562,3.161321957477272,3.1311653719247974,2.165703925310652
22305,pop_2,2.8540935521328534,3.2534665083667873,3.076719840968928,2.1600864031407943
22306,pop_2,2.986938224411742,3.106307175148524,3.623299868845494,2.4961276124914797
22307,pop_2,2.972850541714314,3.1184710929224133,3.17884083715131,2.8756258225548104
22308,pop_2,2.6607642452478664,2.9624911120872492,3.423823297202677,3.0714334625528172
22309,pop_2,3.062193673710709,2.9434843511482107,3.234446173761933,2.8884734002475114
22310,pop_2,2.7388734532635635,2.7906689605653003,3.3967010495373513,2.633529411065199
22311,pop_2,3.398377361185407,3.1058593941173784,3.7858674954500993,2.7337074675597455
22312,pop_2,3.07154273209854,2.7917328695962143,3.195198321979631,2.8611303059201276
22313,pop_2,3.212807739855163,2.6243648155876014,3.588864466983767,2.2147141331456695
22314,pop_2,2.7244872423345066,3.3676346759788474,4.041441684930116,3.0231553398240933
22315,pop_2,2.9343689871024434,2.8061532288037703,3.3596355366409774,2.4864649298749866
22316,pop_2,3.005928356338724,2.8525595232994974,3.690659334456795,3.5209720021058657
22317,pop_2,3.428968173675147,3.082925365130913,3.3782535578609445,3.0430733976924325
22318,pop_2,2.7984292700528846,2.6424401895114764,3.5536526235201453,3.102721585346467
22319,pop_2,3.125886563767164,2.8737536707646574,3.5387548317051585,2.9624160758482874
22320,pop_2,2.6447815038048033,2.916850324401102,3.114252707243891,3.1588085787207727
22321,pop_2,2.9581085943865224,3.2451799576889337,3.5522419471545597,2.545455300555439
22322,pop_2,3.0439384761818506,2.7294864471546068,3.3282172100162604,2.3041597681871746
22323,pop_2,2.591121863741658,2.977610873985511,3.587110715172023,2.958795396942456
22324,pop_2,3.123823896277643,2.5852284176591365,3.135174112270849,2.7411422810222823
22325,pop_2,3.2462993378179656,3.36172367695247,3.87300162723829,2.2254756146231474
22326,pop_2,3.05042086198681,3.044817108504221,3.7447215352663012,2.7999203881743013
22327,pop_2,2.745753640001016,3.0709308365118217,3.696517694105485,3.1338298602472108
22328,pop_2,3.182813207172505,3.280589508211186,3.4800123681684534,2.45965683825559
22329,pop_2,3.4616154618229484,3.137842195846985,3.190674627480205,1.7787850165437258
22330,pop_2,2.770036089340337,3.1745914800832296,3.0647398048338945,2.288781823132353
22331,pop_2,2.8296729615821947,2.608161956167987,3.008085280029083,3.021885055009775
22332,pop_2,2.925414888083693,2.997485716228072,3.4289921725331416,2.670742889202371
22333,pop_2,2.7692842143976217,3.069404833509024,3.403169951875015,2.9285786798467335
22334,pop_2,3.1194470415974687,2.8486137762896035,3.4965878570781235,2.5310271822913863
22335,pop_2,3.269998867816608,2.8851362868498507,3.4275730611440176,2.160564460290059
22336,pop_2,2.9103836716839093,2.70547729909208,3.4432619542149006,2.8816821432640207
22337,pop_2,2.4724792217872618,2.7204281490927746,3.625209245578834,3.1113349587974906
22338,pop_2,2.9087725936840996,3.4533858289127277,3.6080579911643595,2.9615866891916154
22339,pop_2,3.021019890553533,2.7650784608930836,3.2350461107516546,2.460344380477349
22340,pop_2,2.842895861510031,2.840579525407166,3.4746864627860723,2.942433967131949
22341,pop_2,2.6273354073695816,2.8991072438281345,3.7670174244263075,2.7473121117985992
22342,pop_2,2.6987711662773575,2.9347664965537046,3.3966961137166582,2.924428477749735
22343,pop_2,2.929015943458824,3.32894644080133,3.4298918318967906,2.9439025571696233
22344,pop_2,2.9607385367604238,3.041101400341221,3.7839009035997164,2.332432173958205
22345,pop_2,2.5143905132057442,3.2839619277269034,3.6004889226204955,2.4546116855190343
22346,pop_2,2.751165697341765,2.6402169015719696,3.3099731692204895,2.866404515655894
22347,pop_2,2.734492225641533,3.2598164799274287,3.364230178325693,2.1970541091482243
22348,pop_2,3.117750547122729,3.2211520915986416,3.584846915787421,2.6549877335502825
22349,pop_2,3.1262800825225234,2.912961561859254,3.8250129866756106,3.0300002730338575
22350,pop_2,3.0312608015743585,2.7814822626349778,3.6009954860316533,2.8034786022129103
22351,pop_2,3.010020527818276,2.9000314389600876,3.197012019218376,2.7928938537329517
22352,pop_2,2.81240108836241,2.961815521527125,4.031572871530966,2.6580221386220857
22353,pop_2,3.0448236242546787,3.3770753054544267,3.1004100696978907,3.2655781631513503
22354,pop_2,3.26760250854415,3.261491949003089,3.770640605060019,2.412079250555101
22355,pop_2,2.9860147964620465,2.839644060160993,2.736896048487642,2.9147209160621284
22356,pop_2,2.7291249778167153,3.3495278450774424,3.1479387178993363,3.133383273297878
22357,pop_2,2.560532677406288,2.8059228023062466,3.4387284720447058,2.8610941267762007
22358,pop_2,3.020687469715062,3.1297827370422433,2.738565058831755,2.7847576229644817
22359,pop_2,3.1828627257919844,2.543491625501642,3.4062147642782197,2.8507545258949833
22360,pop_2,2.5322361398211233,2.8651575900000474,3.910656952435107,2.5932422012065977
22361,pop_2,2.7234170747766613,3.0345806572743834,3.5212631787108277,3.0429538807016057
22362,pop_2,2.955287936671037,3.399790806924729,3.6310168782086696,2.6549085362508436
22363,pop_2,2.811818072207826,2.9567483278938926,3.3401077573142577,2.9590876680371387
22364,pop_2,2.930669586255572,3.091321876994691,2.936064013016654,3.0244085000188226
22365,pop_2,3.0367390517222814,3.090850206680289,3.200271029963723,2.9324506860496093
22366,pop_2,2.6008404376962515,3.0100448715703383,3.4827384476076597,2.478652758869728
22367,pop_2,2.7354724832784765,3.195778883868851,3.128861214910021,3.150433337932799
22368,pop_2,2.837205475906946,3.002213872466257,3.470476635534054,2.988426799985052
22369,pop_2,3.2056747766044333,2.835689662067971,3.2041627987802817,2.9175991982715783
22370,pop_2,2.6846063648578053,3.455562470357378,3.962067953776887,2.808317320831754
22371,pop_2,2.7074682602661038,2.781369585764764,3.529552099364405,2.780573871731819
22372,pop_2,3.0521814507153797,3.0990000055880125,3.025028425896066,2.427177669572511
22373,pop_2,2.96247556729887,2.6477472444777144,3.341751318140032,2.9000816685493103
22374,pop_2,2.6909674894390987,3.260448335836873,3.8329715517361267,2.8168675837989037
22375,pop_2,3.3487440115943823,2.881054872808105,3.1772242769649757,2.471435539000778
22376,pop_2,2.8300537722930534,3.075734123389123,3.516186668530866,2.50786606414649
22377,pop_2,2.6215357434758406,3.042379020897203,3.2906783065838403,2.276541529516451
22378,pop_2,2.8601173863287648,2.8345185867568725,3.855187490419914,2.659221642639763
22379,pop_2,3.123821831496251,2.7025901617437293,3.983207271837098,2.2895527434921665
22380,pop_2,3.1863258383054442,3.1356342367302434,3.58351449555898,2.1556065781024363
22381,pop_2,3.1237392312856933,3.045263861500941,3.526847949477784,2.6872441241598164
22382,pop_2,3.057822327481401,2.7879155054040754,3.3893191337486046,2.6386107177465474
22383,pop_2,3.135881733210553,3.2253729978227414,3.2526974687048305,2.4481484635024615
22384,pop_2,3.0095010004812717,2.93015598762709,3.8951058621880503,2.4264576342574222
22385,pop_2,2.7427312494508973,2.8290370651756516,3.520166646674779,3.2512596511999106
22386,pop_2,3.216955783189727,2.9264762185666062,3.35006309170341,2.5854118453798565
22387,pop_2,3.16228028410216,3.0044947671925764,2.927118867366278,2.641706283016531
22388,pop_2,3.2247899926935446,3.4470912986447297,3.3453573124601603,2.7144857362037627
22389,pop_2,2.795915021068916,2.820753465182234,3.6457772032853217,2.4017222304538075
22390,pop_2,2.853510450410195,3.2895789822809887,4.013481305676956,2.6359484125440016
22391,pop_2,2.8329073406682213,3.0360849182857197,3.693154619833287,2.921155598498393
22392,pop_2,2.632531190685568,3.0341840484068245,3.5847657931448604,2.899211781873035
22393,pop_2,2.2973168663797354,2.9714700979281696,4.146257681640636,3.0553532691051855
22394,pop_2,2.623417381172346,2.545680791461918,2.9686722754877257,2.7423876179429016
22395,pop_2,3.5164016916014864,3.0364160136016216,3.164609601311759,2.6122491090978355
22396,pop_2,2.612623235382876,2.8830721050273347,2.9576225097671958,2.639715048427389
22397,pop_2,2.774842327478971,3.080726750718508,3.437471583473206,2.4661876534872187
22398,pop_2,2.893505967694542,2.98552079309448,3.5279110241406824,2.577215963564789
22399,pop_2,3.201533032671676,3.050442442030917,2.9719561212172243,2.8882689485359583
22400,pop_2,2.8765295909746786,2.7249558143904102,2.9223615300389745,2.814056444572941
22401,pop_2,3.1325055876780983,2.5773557212606555,3.9071772820667348,2.4327234555667903
22402,pop_2,3.142565271750516,2.8388031568056915,3.4747476063130156,2.2479366215363865
22403,pop_2,2.6611263706508606,2.633132005849306,2.869035725355231,2.8272060738906277
22404,pop_2,2.951762515990141,2.868336281198122,2.830041944872992,2.5506299811998
22405,pop_2,2.6910630978329912,2.6859518899710353,2.67218345613696,2.780536142543051
22406,pop_2,3.008373144733791,3.2903599839085826,3.471876373227742,2.7716684345172173
22407,pop_2,2.7398702811693725,2.6974408665884813,3.5634369350454134,2.7132335242077383
22408,pop_2,2.6925605524623766,3.016871538065768,3.2626881996104116,2.584055075097509
22409,pop_2,2.749544451716366,3.0094889293733296,3.562538110781925,2.147202134443645
22410,pop_2,3.2187231521921813,2.789795278658275,3.776493320288511,2.481772764684382
22411,pop_2,3.006470843261672,3.144276895331176,3.5622931943098193,2.412753789702667
22412,pop_2,3.1693581635663857,2.9689547852911047,3.1892439364197984,2.9260795278188017
22413,pop_2,2.9446326736618293,2.731066078735741,3.2449206058542006,2.60012123578641
22414,pop_2,2.8965339010814257,2.6974773467923034,3.296560084419101,3.0001020751686545
22415,pop_2,2.6605972558778475,3.27884871484768,3.582893693762194,2.3076529536129837
22416,pop_2,2.958480187296465,3.3320746602228692,4.108821557830472,2.6631048479730715
22417,pop_2,3.017190044641832,2.7872007611619143,3.4857368764163312,2.8684707675105248
22418,pop_2,3.1406612122772537,2.8966676065716728,3.0961015720665737,2.608429655081645
22419,pop_2,2.9632893715347004,2.7525872333643138,3.6138187934390777,2.197683368982676
22420,pop_2,2.626218067772143,3.022595743644849,3.8227400369024145,2.4800917502940503
22421,pop_2,3.205551879774223,2.8760973790557722,3.535076913993387,2.6103730991713556
22422,pop_2,3.0702500508816657,2.859637312717672,3.606769039423651,2.613949726972129
22423,pop_2,2.5190418727990287,2.708020201222985,2.9530018898571617,2.77337954723788
22424,pop_2,2.8532185053272348,3.0320400909398297,4.027157876609961,2.851514867246703
22425,pop_2,3.2069418318624416,2.5726457195605414,4.189042381443643,3.060487772439197
22426,pop_2,2.9199284071814224,2.7516835654609904,3.398809292081317,2.866450998557266
22427,pop_2,3.138212207287471,2.5155941688019547,3.3572902948417496,2.738884860639353
22428,pop_2,2.4982012676585974,3.1963962952343623,3.563558286738566,2.591252367189286
22429,pop_2,2.6792072547396915,3.0326022760570797,4.004417245289337,2.7521735446300344
22430,pop_2,2.7082294008934062,2.5913004250384732,3.333678602079374,3.127061114419587
22431,pop_2,2.44786506858681,2.9100183379590625,3.626867360231182,3.110585034719175
22432,pop_2,3.017292153250063,2.8810133554275263,3.7326422287518395,2.737030193364169
22433,pop_2,2.8066646746520334,2.9583841586524526,3.4190693883788494,3.1026386987614982
22434,pop_2,2.77044748733587,3.152567225849291,3.529189568178342,2.8279031822374767
22435,pop_2,3.047039039615938,2.9118562004254334,3.527018802550753,2.8695630960029943
22436,pop_2,3.061347179341889,2.9186209101327436,3.150026587475788,2.4154552072353184
22437,pop_2,2.5510155262586207,3.16155289195839,3.7357963479083365,3.2317065015644872
22438,pop_2,2.795214709068457,3.4231950127068194,3.8420044110052145,2.697717858786085
22439,pop_2,2.735735273559791,2.775260021761011,3.1968966812354545,2.7628351806122327
22440,pop_2,2.9415944126439415,3.071338558938853,3.7357177811019056,3.002298824199705
22441,pop_2,2.756660888775931,3.0560797617806337,3.6892680898546697,2.691461164159885
22442,pop_2,2.860640584075348,2.905431221266873,3.5478785682235174,2.672507355510072
22443,pop_2,3.266792714170597,3.1542772759727975,3.5266063134869174,2.2060710292079415
22444,pop_2,2.597683890839588,2.9533929181646763,3.266882696067272,3.2039045033831393
22445,pop_2,2.85252711258047,2.9725972827722713,3.1957957918054136,3.0223877359854767
22446,pop_2,2.8095690787193255,2.8276256763873153,3.865361714657622,2.403536694895709
22447,pop_2,2.841603768800708,2.962102450148289,3.511675437372514,2.9459799689667676
22448,pop_2,2.9174771047181727,3.3094915483852247,3.5609911605048516,1.9591483604387272
22449,pop_2,2.5361296119815684,3.1218418839099376,3.900337450744176,2.810201625515604
22450,pop_2,3.111545569280364,3.0586672421990677,3.0318962119699235,2.2875295492179717
22451,pop_2,3.3567840940441505,2.417216729189662,3.4844932093113625,3.114310028058821
22452,pop_2,2.7617253817367007,3.2567850738557222,4.040505825401814,2.37857126517134
22453,pop_2,2.45589010219413,2.708517413032141,3.1145082912323447,2.8248363784247035
22454,pop_2,2.80896263515368,3.0468261961467236,3.822871154951098,2.68550324626297
22455,pop_2,3.113265966005129,3.2561232685791146,3.6369986866835884,2.6139716351155755
22456,pop_2,3.142962096541028,2.918115813795725,3.770451776983348,2.556643176041323
22457,pop_2,3.0443494823907686,2.9139851601730564,3.0710100535759968,3.0402182968206106
22458,pop_2,2.739374520749194,2.8332384134646786,3.440013833700138,2.7414222219901103
22459,pop_2,3.345849004755654,2.9398187437648344,3.3073569027502456,2.8895829598360536
22460,pop_2,2.553270493319334,2.8930026205661634,3.3457425584678413,2.644243507396173
22461,pop_2,2.891180682298852,2.7983021313403054,3.9223345915328562,3.091526161748601
22462,pop_2,2.9658626862359565,3.30894681779883,3.6995530413731643,2.471915131005378
22463,pop_2,2.898888925588423,3.3628762693082455,3.40444176942667,2.4056491228763077
22464,pop_2,2.772852665332833,3.416241771415219,2.944319787290523,3.1370353124042962
22465,pop_2,3.5048590249033547,2.792882073253344,2.8962471073060745,2.5465229425641436
22466,pop_2,3.141974660153228,2.804310332876776,3.3854279023677876,3.055520366242722
22467,pop_2,3.185421522335956,2.7528117783473007,3.5050211303361145,2.491724095254578
22468,pop_2,2.6477959375202933,3.2035372377016835,3.2068045775088985,2.2364753174332606
22469,pop_2,2.5527667651259667,3.1673400215796197,3.5952857785946386,2.5987157575977147
22470,pop_2,2.5179845702043773,2.9542341372589696,3.749811407549117,3.0595389917042475
22471,pop_2,2.8510408111681484,2.9538906079021245,3.1868636868775266,2.510158527365694
22472,pop_2,2.9952046278972095,3.093474914563429,3.384425432349716,2.264789167615004
22473,pop_2,2.944911115819153,3.1669200872502703,3.4417104005579517,3.393680225525367
22474,pop_2,3.316548507651164,3.225951029912095,3.5306391016445198,2.54275953814721
22475,pop_2,3.0447820320953465,2.929866745238189,3.6908951094245106,2.1283037012695525
22476,pop_2,2.864699303696306,3.153765524218887,3.176389103952138,2.690408514947345
22477,pop_2,2.568714341009184,2.759258289006741,3.386422455002837,3.104850453741567
22478,pop_2,2.953624112607831,3.381278486351444,3.423290017699381,2.502945823169844
22479,pop_2,3.135692896869027,2.619078221506995,3.48586070329937,2.8574411142650638
22480,pop_2,3.012392945957707,2.992769921407925,3.056465729411516,2.930864041288756
22481,pop_2,2.8822160792843423,2.9429036523786047,3.3731346627760264,2.6121154436250995
22482,pop_2,3.4608344273323857,3.1992370163537087,3.2690692668810675,2.77546637817097
22483,pop_2,3.439949483087667,3.2671043492016727,3.174188664226991,2.5680156509928613
22484,pop_2,2.8988408019393033,2.898583643816857,3.7133495110405788,3.0924309176457254
22485,pop_2,3.0812611023926886,3.6442668053335927,3.3375274024252026,3.0126676831506125
22486,pop_2,3.1286164618168866,2.932890586276165,3.2163243389329352,2.816768085946222
22487,pop_2,2.8092613376515496,3.199366310088342,3.7095942414374994,2.9876900915176132
22488,pop_2,2.7734313967034634,3.031377650225558,3.183284207591587,3.302176156843107
22489,pop_2,3.1293549677479695,2.822905989774583,3.5084420258799995,2.465796070495545
22490,pop_2,3.1687005795456913,3.040965163636668,3.747018051889975,2.1995722898053347
22491,pop_2,3.259606858416275,2.7614011566787915,3.492291409572816,2.592624208998168
22492,pop_2,2.9409534299329563,2.9720507667036644,3.7526626638438576,3.0597330194851247
22493,pop_2,2.932574329011852,2.9570311873193575,3.420917507630076,2.997381934963411
22494,pop_2,3.25166400900622,3.041754965659858,3.3938209500556114,2.598898846047639
22495,pop_2,3.2517747147797786,2.939066024086923,3.3112192707383823,2.817563282112165
22496,pop_2,2.990204412665938,3.2851903044084945,3.494838339699912,2.7201207554318243
22497,pop_2,2.9658349347403816,3.000102144380011,3.1040921014162666,2.894376932384412
22498,pop_2,2.9707037305906474,2.8398569868833206,3.2719691679193934,3.179242103014623
22499,pop_2,2.822921564944075,2.7205180619781713,3.1299393928564934,3.13900429718976
22500,pop_2,2.7349768185289935,3.0623814605631523,3.9269559253954243,2.594191632597841
22501,pop_2,2.858648168144125,3.089249734467401,4.33386445518545,2.2642574574723655
22502,pop_2,2.778669388846051,3.1630588021655623,3.279629648263073,2.713300697860717
22503,pop_2,3.0133523474158666,2.7340001954720314,3.6840586311827184,2.281765769115397
22504,pop_2,3.08518990603584,3.077625038612835,3.531272888274047,2.760820311601609
22505,pop_2,2.9002209140452266,3.410847753699115,3.924813740888608,2.768463890679636
22506,pop_2,2.8478672512534122,2.893591761216204,3.5631417790400874,3.251509546712234
22507,pop_2,2.80150095733241,3.1999210231912394,3.495468757456175,2.8684874558159295
22508,pop_2,2.742739416536111,3.010496416204189,3.307591392714649,1.915629475979601
22509,pop_2,3.060111765682332,2.9777175229801607,3.5924169075942745,2.6076906162132327
22510,pop_2,3.1988604747387837,2.994060398075511,3.5782603179698635,2.2349604082356294
22511,pop_2,3.0291389963537507,3.2099629165619414,3.5396676747466387,2.9405532048967866
22512,pop_2,3.2919185628491814,3.1984772649006077,3.5581618472169474,2.461563456494505
22513,pop_2,3.008455201431295,3.524785451836994,3.7685541251718884,2.718527773047498
22514,pop_2,2.8032729964960987,2.6290091426934725,3.3114841066367737,2.8204260229991904
22515,pop_2,3.1662590114204976,3.032145450176495,3.6707791920536,2.9273511306807043
22516,pop_2,3.175382198169441,3.005807430440155,3.340009541616981,2.3389338562582562
22517,pop_2,2.7124748913634185,2.70807658247112,3.8176407310201568,2.6045160580591404
22518,pop_2,3.183522575696512,3.1745266233717175,4.077844861415732,2.3689464317276627
22519,pop_2,2.904472425496537,2.950563769857001,3.278977563488399,2.7209265141469294
22520,pop_2,2.852222210449769,3.1974230148077583,3.6990412540890603,2.550427365921364
22521,pop_2,2.6021322060563743,3.291429058025464,3.1363745416984914,2.882119429695461
22522,pop_2,2.954528136419354,2.71845510062593,3.617158278486992,3.1148121151953627
22523,pop_2,2.645010693627058,2.85650332098246,3.2852393307692997,1.9728773691211363
22524,pop_2,2.8587543528849935,3.3529977269966875,3.6764121146710154,2.6398861863303607
22525,pop_2,2.9627424102271895,3.206271542995907,3.268415590268811,2.912818807665902
22526,pop_2,2.9076710407414943,3.034475981674428,3.3293424172617514,2.5945450468702376
22527,pop_2,3.071580057131482,3.118068069432529,3.411266349754232,2.508154852683216
22528,pop_2,3.230135102341443,2.941920023779484,4.119450926197215,2.9955469226863745
22529,pop_2,3.390727846898681,2.9649529875083234,3.4017782640938665,2.475382463409278
22530,pop_2,2.8534593058792974,3.0572089989294446,4.045329000082816,2.7529842162222127
22531,pop_2,2.8194011934007674,2.847461243010203,3.5456764177647755,3.0424996420362245
22532,pop_2,2.865335652953569,2.9993047047169203,3.4725091583368903,3.370222121845503
22533,pop_2,2.8939449029393076,3.0473422832080717,3.109155576262388,2.452752941388562
22534,pop_2,3.012879636277863,3.2805887035728722,3.6482161053352904,2.8394733784713453
22535,pop_2,3.0195509066720154,3.328774498363512,3.3603658932689235,2.998755793533076
22536,pop_2,2.8155030800617844,2.910405210337064,3.082073606167357,2.79186557595616
22537,pop_2,3.0452353405643566,2.6183787531845617,3.918704274329839,2.6987706316778595
22538,pop_2,2.942914326362182,3.1047632054867154,3.0986173944331155,2.857907965171723
22539,pop_2,3.1888721253073875,2.8196393936230675,4.023816548025572,3.144739368040911
22540,pop_2,2.768855110854767,3.3804764277400903,3.425296248494559,2.7063751621837806
22541,pop_2,2.97448430340509,3.1230674590919123,3.1435970852839237,2.4321382856140263
22542,pop_2,3.0134474491730865,3.2300031661459885,3.387792780734662,3.134585060245462
22543,pop_2,2.752133469999676,3.03266132240598,3.0171789695885143,2.7172506119443507
22544,pop_2,2.63855168490377,2.9043419415599803,3.5316353359345105,2.8788208576599623
22545,pop_2,2.8951802059916023,2.717567837328305,3.6393903290855483,3.052429232967028
22546,pop_2,2.589788033053065,3.159790537355017,3.747402792947335,2.422311454297605
22547,pop_2,2.682888525464692,2.9533365485869534,2.8718442401857494,2.898780308429382
22548,pop_2,3.0379956613218746,2.84887866261121,3.5646607941179527,2.846296456874961
22549,pop_2,2.942947926819334,2.8977210599584105,3.437494297501355,2.852032499634576
22550,pop_2,2.9018063873128086,2.802148678362469,3.373397893771688,3.1366424349493744
22551,pop_2,2.6122716297968487,3.1622420166578715,3.3794314776586996,2.599789731397324
22552,pop_2,2.9404575419496806,3.014800440101892,3.523563385097899,3.0222759827157044
22553,pop_2,2.7025662211546244,3.367843444528253,3.552295689275369,2.429638943217915
22554,pop_2,3.0757100969012816,3.1005349966281557,2.917744782742525,2.2189715461178343
22555,pop_2,2.516156864619563,2.7277846405616426,2.8276783448736036,2.9972538493151077
22556,pop_2,3.1171500396011647,3.170858477974903,3.567684250308282,3.2442610255296467
22557,pop_2,3.0985602331121167,2.867141234849365,3.834868854995268,3.151102515051607
22558,pop_2,3.242332206674446,3.429619437998095,4.112375736462296,3.0296138965779993
22559,pop_2,3.010234073978938,2.8891542587349,2.9829122901320178,3.0231560876660737
22560,pop_2,2.834491625278023,3.2640361884791087,3.162333740615925,2.932494912726943
22561,pop_2,2.6754165729202812,3.025114458432941,2.6296898830533566,2.6460191821244585
22562,pop_2,2.9146000089744635,2.984511794901477,3.39649012597498,3.498794557274576
22563,pop_2,2.7660514491314556,3.135838612522905,3.287636918004897,2.7659562113014484
22564,pop_2,2.853512747968319,2.8630075600617206,3.6209275855464673,2.989895290641468
22565,pop_2,2.9658008459337086,2.847424774017549,3.086927264217181,2.9051939335718813
22566,pop_2,3.1390416612929704,2.9811674220036886,3.6798203697736924,2.4136250265642025
22567,pop_2,2.812795473707091,2.766017153975892,3.024654014761072,2.2176024358352278
22568,pop_2,3.0078553886899484,2.7466357163015798,3.796595255259713,3.115871772333347
22569,pop_2,3.129056159397841,2.9574135463892715,2.9003961053193206,2.847052981171384
22570,pop_2,2.8162418755534304,2.8108545211894254,3.4216995294452213,2.881921360143044
22571,pop_2,3.3752025255432057,2.801047510510804,3.336551858279959,2.5299605276579533
22572,pop_2,3.2181592905557443,2.452097994847465,3.521073321688998,2.7489717484466647
22573,pop_2,3.0030431585838997,3.127082652229822,3.1707681362381077,2.3278065560852594
22574,pop_2,3.305995220541434,2.9262885619220387,2.6716910706106933,2.96450300208234
22575,pop_2,2.5377497852895403,2.9592916887559224,3.1480033767849984,3.0977700850933685
22576,pop_2,2.906781017738232,3.067154464025176,3.3946520120296824,3.037391300671535
22577,pop_2,3.0639149260651353,2.9597892158367967,3.7832295897571133,3.083344254187552
22578,pop_2,2.8006785548694535,2.605964207078067,3.526162087677723,2.286925776501304
22579,pop_2,2.8908182637058566,3.347541735175352,2.471414166678577,2.8411159667756594
22580,pop_2,2.9356268798131913,2.878751872207903,3.438975311007099,2.948930201179848
22581,pop_2,3.1605698949786856,2.709150651821007,3.7899539346098616,2.856191036324608
22582,pop_2,3.203844139853806,2.894656256870147,3.578449315901112,2.9041491159559336
22583,pop_2,2.8906131525300283,2.5654201171353628,3.787734835843378,3.1414097843154933
22584,pop_2,2.907385084579375,3.2584451676119324,3.135077993307166,2.9016385103352422
22585,pop_2,2.6101115117754943,2.555522684696129,3.4652536953410786,3.17235204600819
22586,pop_2,2.7167993988212378,2.722707418858965,3.373387132232176,3.2826516081361916
22587,pop_2,3.037705181411097,2.637798253227664,3.273646331117071,2.2852181550388684
22588,pop_2,2.5430522036390837,2.3795091092553697,3.728931590083092,2.5553519959776025
22589,pop_2,2.787366950865441,3.2382434489685608,3.5468246470100278,2.958184987933808
22590,pop_2,3.268078342444003,2.9396551120970034,3.44207405210105,2.4672005298517905
22591,pop_2,2.741686644229841,3.0628301650970693,3.5623612532866966,3.0384129733012233
22592,pop_2,3.1357609861912144,2.5368043901705652,3.2168095795207052,2.9238049440810245
22593,pop_2,3.252769579808037,2.965879363715717,3.059186704477568,2.9154021326228636
22594,pop_2,2.961594957512132,2.9208453733277464,3.2862837242598557,2.648121787820654
22595,pop_2,2.8656513588770074,3.3753375610841276,3.5800763887990383,2.176637021141037
22596,pop_2,2.9470717144651317,3.3187296813773473,3.6013008759886844,2.1592456485367366
22597,pop_2,3.5396314875713326,3.0479701926846716,3.4886764708822935,3.137772787663996
22598,pop_2,3.0084437471899377,2.8981720355562226,3.2560769680355026,2.921379676084219
22599,pop_2,3.074111794069641,3.339169419604956,3.2530849457560223,2.3565439544864937
22600,pop_2,2.974157822345259,2.5199404215896073,3.5284836866598255,2.7049959596501267
22601,pop_2,2.8265597997280074,2.758542070868092,2.9586741907594605,2.555600725906704
22602,pop_2,2.9290991406776596,3.1065313037531985,4.193879808375114,2.979005723779066
22603,pop_2,2.732611626578725,3.105322666184821,3.2935669880018716,3.015383999100911
22604,pop_2,3.248378484444285,3.1707632279362215,3.3792403591493403,2.8956430907704522
22605,pop_2,2.9776120327387923,2.982090703046108,3.2347796045488546,2.85652088933872
22606,pop_2,3.0836673286600247,2.7611554604160826,3.0842551596966468,2.8450737967441615
22607,pop_2,2.5205096759436385,2.974763549397213,3.544085559039307,2.6770445468301056
22608,pop_2,2.80823772329471,2.8635831878415123,3.6764110769755387,2.8465561679818827
22609,pop_2,2.642278943323845,2.9098105108333976,3.490394301567574,2.984696077762113
22610,pop_2,2.9012991938923967,2.9309413571366685,2.676687187797218,2.662843378992659
22611,pop_2,2.730808890168148,3.0248766684206245,3.4987103354721576,2.85782113975047
22612,pop_2,3.0545078948769704,3.2412333521242043,3.0540334196763435,2.9306404369124497
22613,pop_2,2.8796249175594544,2.6075651357322576,3.7235348407353723,2.7859861926411726
22614,pop_2,2.856075179593862,2.2590820908288425,3.333331051815055,2.520849991497965
22615,pop_2,2.65813698438353,3.2803927902423147,2.7341944333659187,3.345898952732375
22616,pop_2,2.7764350850526194,2.9539721245691495,3.3484934761650966,2.893638008603582
22617,pop_2,2.8162623880128392,3.046702097999329,3.4889651719247774,2.8591243636415213
22618,pop_2,3.3565828617429014,3.5797357499260887,3.498698430693247,2.580014615700891
22619,pop_2,2.8506515593833504,3.130184923345477,2.944624390031157,2.624676423487585
22620,pop_2,2.605014223761863,2.9734341049707598,3.215842618103635,3.0838744683117105
22621,pop_2,3.078799272871251,3.1237819771341715,3.7223754899744814,2.531803199604506
22622,pop_2,2.674032562337216,2.8069487067495684,3.385292107359074,2.4857617814660946
22623,pop_2,2.4017553151432707,3.012177288190129,3.4689959845351193,2.8612213745833213
22624,pop_2,2.8148072210489175,2.8561304215375802,3.317042146100632,2.684856074209704
22625,pop_2,2.5831739677303838,2.994909899986782,3.071232507295186,2.7421509606819745
22626,pop_2,2.871292237822414,2.917709476025935,3.155615671651973,2.4846352423967937
22627,pop_2,2.6545757674271835,3.341107049914071,3.751274448258833,2.9892269063039447
22628,pop_2,3.202493706219129,2.953278802037193,3.4811770787704908,2.840997024824385
22629,pop_2,3.101102235347211,2.8571924715062877,3.6153481134643526,2.4449530947714773
22630,pop_2,2.992295379622007,2.841846953715347,2.8126801834937383,2.869461387324106
22631,pop_2,2.7351757899286793,2.6435843852230376,3.0901483721187915,2.8356683573652344
22632,pop_2,2.7465905210397854,2.964632537809994,3.409719038086681,2.417650924176863
22633,pop_2,3.075267773522906,2.446152282256061,3.2925300967089646,2.6727032674435383
22634,pop_2,2.8425066697350614,3.116452994729118,3.629594165448499,2.990289818749624
22635,pop_2,3.1411224533402264,3.016868177360546,3.658989102301351,2.859187248111496
22636,pop_2,3.018836509572919,2.8868669525855197,2.5418394846647328,2.8710089796028564
22637,pop_2,2.993827025754494,2.9669142442882426,3.7596930183626798,2.3706867937106826
22638,pop_2,2.9639136752254513,3.1301210019353616,3.46933614965234,3.0466866597526896
22639,pop_2,3.3004156240787643,3.0877699912208807,3.2854771238921323,2.9507796595139597
22640,pop_2,3.041658935703163,2.2535586953283,3.540460331727014,3.010779059610201
22641,pop_2,2.7367847066728994,3.3286132354434788,3.510855013777581,2.834286067752336
22642,pop_2,2.8747811107748276,2.716508523002916,3.1705052206228546,3.6077836620810673
22643,pop_2,2.6603234888618927,2.797851943603509,3.099059063427513,3.0909994062906097
22644,pop_2,3.2062142083972036,2.9370170508462388,3.478189979226074,1.9973371937711029
22645,pop_2,2.7319982117685395,3.1598474084181003,3.2069550096920962,2.860241713522736
22646,pop_2,2.9775642023477666,2.9923481628766204,3.4153147508017714,3.123559353246858
22647,pop_2,3.1654143946688205,2.6059836502262557,3.5068276968729015,2.7989654521541185
22648,pop_2,2.713109461608208,3.0162015088056835,3.587388833257782,2.5589263861600706
22649,pop_2,2.8288932029701894,2.8247429583657344,4.127046112679922,2.404690431398127
22650,pop_2,2.386978845295037,2.6747179216650556,3.40473467782005,2.789525833496194
22651,pop_2,2.9958411359450734,3.31746871872492,3.7779266100116295,2.8052921994674302
22652,pop_2,3.0663583545039144,3.1355469389812276,3.515248508035656,3.1750614349059765
22653,pop_2,3.204912852305334,2.751008219189238,3.111255136375811,2.355506630640204
22654,pop_2,3.0304909938301012,2.8420225809746325,3.5048298169591865,2.2792994320838393
22655,pop_2,3.214978760794514,3.099999663491631,3.9850584686154136,2.637212595646655
22656,pop_2,3.3122326028170495,2.719804360015069,3.514785044973985,2.825727955813623
22657,pop_2,2.7970995900619107,2.838929136747082,3.301692413064569,2.438465591487786
22658,pop_2,2.7384565326268544,3.157424801135718,3.6410911341655336,2.925914089002559
22659,pop_2,2.9924203676128895,2.9691473294512067,2.955572974095052,2.4604253161963063
22660,pop_2,3.3759966418293903,2.821014905570944,3.1071557969579757,2.8972181623425595
22661,pop_2,2.9690452079577585,3.218197100549046,3.2646635010018965,2.572798618314484
22662,pop_2,2.9831509006188024,3.2070294393916394,3.5929280785900075,2.5183479243822866
22663,pop_2,3.1591243516679635,3.314510231810483,3.554107319801346,2.096213801452243
22664,pop_2,2.8823485631576213,3.196954352565836,3.090308188816834,2.446842256184389
22665,pop_2,2.9799838253895445,2.884755427415755,2.9701885077265584,2.9487189672523346
22666,pop_2,3.080509205850763,3.2570386275440004,3.426136395875086,2.1071695024602644
22667,pop_2,3.1694886571486323,2.99421942033793,3.777884531208237,2.506136914516192
22668,pop_2,2.8679907620760323,3.1039617757585565,3.2703712739588444,2.998330922603562
22669,pop_2,2.9593392595468617,2.7277930879846966,3.1791846240369255,2.876373670702416
22670,pop_2,2.9010121948616474,3.2384366893947,3.2341065620933,2.7058449294003726
22671,pop_2,2.8364068397856896,3.4290609101631837,3.4113186369290687,2.699013495806993
22672,pop_2,3.182809656043267,2.9632395177947797,3.2239223789671523,2.6215546260555125
22673,pop_2,3.3490764566646165,2.670389036087976,3.227142228747073,3.2425457691745914
22674,pop_2,2.929197942960039,3.009275313457498,3.5488713750078564,3.3164768952045995
22675,pop_2,2.9268496227636374,2.8999485356176624,3.202204028269862,2.105323298931626
22676,pop_2,2.83390912489823,3.3338266163238965,3.4216561203475133,2.3330339840805956
22677,pop_2,2.6834903752643893,3.2831235060524646,3.614987419379827,2.6893785269853794
22678,pop_2,3.1680542316453346,2.8116528753793335,3.429100584147393,2.845050189513731
22679,pop_2,2.612570312037129,3.372430989091964,3.2523925192055883,2.931095335566706
22680,pop_2,3.002137043822321,2.8078101057500695,3.3013782231817532,2.9709837016223206
22681,pop_2,2.6227541873607887,2.85656219475276,3.5944930186361796,2.804660225365274
22682,pop_2,3.029105893105185,3.148774689267605,3.560315894998843,2.550066639565736
22683,pop_2,3.0183116960224443,2.736006462570036,3.045991594225097,2.8444962996635383
22684,pop_2,3.021419282757655,3.164209606881129,3.257199151551833,2.529780557634379
22685,pop_2,3.019569477357851,3.229677206424932,3.6698314946275,2.8501070935998944
22686,pop_2,2.567259205737629,3.2181843764712124,3.7326168114506317,2.7598851285586696
22687,pop_2,3.2144412760193726,3.1623961855613176,3.9803917285157557,2.981886389185368
22688,pop_2,3.0050605824549614,3.0757482404548164,3.700178327872403,2.5508835307511672
22689,pop_2,3.3726152983244706,3.196563253406506,3.1569342417287634,2.5825011712124173
22690,pop_2,3.2246958123950726,2.9477927665724164,3.184849320914384,2.2976507157042025
22691,pop_2,3.021499637072426,2.873267040005138,3.1360983301279557,3.3276835914400165
22692,pop_2,2.5516128803288756,2.7664266289346204,3.36756460457065,2.9860492405266212
22693,pop_2,3.373965682114608,3.5274629328427958,3.868333113655205,3.09475275719364
22694,pop_2,2.666002948727085,3.300863464310392,3.825067379482099,2.501003476982961
22695,pop_2,2.821769383739616,3.1376284407219117,3.2451272970880987,3.189659929539973
22696,pop_2,2.621246175789608,3.1978432705820117,3.738853263693437,2.529390845237144
22697,pop_2,3.4768894525571064,2.8508892341406304,3.232394845165404,2.281473663973748
22698,pop_2,2.814215481839402,3.075059234527459,3.116708030751619,2.9153164342425146
22699,pop_2,2.494034890220355,2.8037891642196384,3.746483025685684,3.2521197722308792
22700,pop_2,3.133227992895678,3.3862628664442234,3.369685364487455,2.8716676263285414
22701,pop_2,2.8840710286404647,2.857216992558496,3.3311293902847976,3.1335377693465265
22702,pop_2,2.7754129677794217,3.051448017959131,3.219386312340452,2.5911839649417594
22703,pop_2,2.753269412535432,2.73765825316276,3.1721241218942793,2.8771860046321973
22704,pop_2,3.0880586598887954,2.847300515137625,3.368756325882142,2.6684761424678203
22705,pop_2,2.8148847883792447,3.1804269941447787,3.636628705163526,2.5297042447881766
22706,pop_2,2.982420763939099,2.683674483131494,3.2004591904093056,2.943860479931507
22707,pop_2,3.5112692123237292,2.8717056260013423,3.125539188080041,2.605505227256796
22708,pop_2,2.6006563904813427,2.9553450737872313,3.6296871579602485,3.088395472597939
22709,pop_2,2.608447855504625,2.9716786885354454,3.6543482553810054,2.747635994433067
22710,pop_2,2.731150924901383,3.069756037904101,3.3803882578276423,3.456826648246311
22711,pop_2,2.6885908646535115,2.8602544590772188,3.3915895803796854,2.9788921147918677
22712,pop_2,2.9616806408837224,2.9942338216255275,2.80585868997297,2.4870471384231188
22713,pop_2,3.3926313109995223,3.3170469555857975,3.687706073369692,2.334294693078752
22714,pop_2,3.0957686026938362,2.7603847593937525,3.4884976859008847,2.704153934300222
22715,pop_2,3.166063338841463,2.914767331148671,3.1783766758217142,3.0951727254696713
22716,pop_2,3.150084337940216,2.777139255678522,3.514232180176868,2.7512651320016372
22717,pop_2,3.140342499994312,3.225480113614296,3.0521535859746383,2.757431734437581
22718,pop_2,2.948143486328101,2.540958375677241,3.997235428065495,2.605139461464718
22719,pop_2,2.913730100793241,3.0596053441833666,3.1480109212554144,2.4492881454925457
22720,pop_2,2.7667072115915086,3.1502750565954227,3.930415325668647,3.019759081846144
22721,pop_2,3.137883359370533,2.896697518353152,3.748217258110685,2.2311707541954298
22722,pop_2,2.766714454153737,2.5373659664736694,3.27648075089794,2.60254016557055
22723,pop_2,3.0964751201064384,3.2000348962173946,3.2263806333451157,2.7567835251130166
22724,pop_2,2.685162099013644,2.971525280878567,3.1032135946730257,2.9071399696171936
22725,pop_2,3.3390284899326828,3.3531046935944757,3.853580939362043,2.906061767000717
22726,pop_2,3.12677322430839,2.8823055704958356,3.2477723044666744,2.8196643800682932
22727,pop_2,2.842123405144621,2.822711588345751,3.3956986464795658,2.985953916872111
22728,pop_2,2.9248904356964607,2.8827266462037295,3.4439721176897815,3.115421167382297
22729,pop_2,3.198007049615671,2.523736695982304,3.836828391558873,2.7897571715614755
22730,pop_2,3.0046755888475634,3.3290934093798734,3.6398262345405477,2.918682560853878
22731,pop_2,2.680269658020657,2.8580615792165753,3.51298199130241,3.125245880399666
22732,pop_2,2.9422881094771607,3.1595340925315103,2.983358986146946,2.745494556705913
22733,pop_2,3.104267948579912,2.5698914660682832,3.3383793826237294,2.7974345134607925
22734,pop_2,3.1230585765315073,3.0159529939975016,2.942293642107286,2.565864973384564
22735,pop_2,2.8781938532730833,2.6677836336874265,2.989392004536654,2.9009342456511513
22736,pop_2,3.2419377022910605,3.1996939420369634,3.4937347518373465,2.8021487806953758
22737,pop_2,3.2438813591941473,3.0050399161054093,2.661886540837177,2.3147333463548687
22738,pop_2,2.7355798499558315,2.9518695663394965,3.0831500793376208,2.329375560518355
22739,pop_2,3.0013035500128167,2.924830963645478,2.946931937047593,2.711809246077676
22740,pop_2,3.173528335985742,2.7578137774882756,3.0613730184602006,2.692867346897858
22741,pop_2,3.214229368918784,3.1426141961120613,3.8859332477904758,2.5776989347706682
22742,pop_2,3.087677509632903,2.77674830268039,3.637251200723453,2.7200860685024564
22743,pop_2,2.5794665818064733,3.3174668123399558,3.6148729509091835,2.6935673437550665
22744,pop_2,2.598325309619254,2.9069476091511866,3.0081657413492207,3.243861571008089
22745,pop_2,2.526412384178964,3.045898640791406,3.6160251640043524,2.641606454765108
22746,pop_2,3.2268337180008233,3.0086849224560828,3.5828922670512284,2.343577361002879
22747,pop_2,2.8051458442382216,3.217393362106063,3.4857581878595663,3.079892276754336
22748,pop_2,2.7304039279540024,3.0992097494809956,3.3194442318021213,2.475884753596397
22749,pop_2,3.039311032339771,2.511218875117512,3.196289966864912,2.9870886891120825
22750,pop_2,3.1285865096992356,2.879941565628599,3.327452040213129,2.6048665300949745
22751,pop_2,2.8101227035206975,2.9741840970410967,3.614720057354258,2.7315820019884134
22752,pop_2,3.6267666841559154,3.1350942691034405,3.4112030695376503,2.7857324614528194
22753,pop_2,2.998852875361017,3.0187901654791807,3.22413595455859,2.9443561691730467
22754,pop_2,3.187594024310724,2.7216406601177456,3.231744358120201,2.500715349413406
22755,pop_2,3.3613861998359926,3.170054111456328,3.935812383309548,2.9533545870303355
22756,pop_2,2.8530360595920636,2.911730412304177,3.635890655314142,2.437638692898243
22757,pop_2,2.6909618843698215,2.9043027674088564,3.2743254134615705,3.0796699302629436
22758,pop_2,3.0608830745656253,2.971576293962259,3.576620386263287,2.3228659887459933
22759,pop_2,2.6091283668787972,3.3401761372303453,3.120428362139209,2.5336918745916126
22760,pop_2,2.773308587795392,3.186308610362071,3.271507575689707,3.2381277264173423
22761,pop_2,3.2877431628320872,3.0169668615949345,3.652310816232783,2.8829216762541914
22762,pop_2,2.6834172702217476,2.9488425245162597,3.659871285261917,2.14164788747214
22763,pop_2,3.3460106788069157,3.1829348325199844,3.758095234117753,2.6506011523767965
22764,pop_2,2.4892470992110427,3.2847937031341403,3.324390176969747,3.399138045154176
22765,pop_2,3.0304378016725533,2.8335229112444744,3.448566479227884,2.9888426881836376
22766,pop_2,3.115009307668784,3.1431956867280877,3.151531628243658,2.4200263063985346
22767,pop_2,3.050991995371732,3.028584735500521,3.5151631679414135,2.851181839546269
22768,pop_2,3.287357734209127,3.0372425801939187,3.6898541192916303,2.6509111843909205
22769,pop_2,2.71165958479571,3.1054031784663696,3.6034199217422684,2.9139341321822614
22770,pop_2,2.9096647363768335,2.786988726763547,3.1862347204347716,2.894512346896724
22771,pop_2,2.9170522784194644,3.1708017593198985,3.3427190020663797,3.16706745101236
22772,pop_2,2.9958050765396185,2.784200903501047,3.1994998338534315,2.935745897481407
22773,pop_2,2.7053248462733293,3.1214703571302245,3.1148774993006674,2.647810489602455
22774,pop_2,2.8323478261949306,3.0095665080740672,3.4005384297026926,3.1364914142884825
22775,pop_2,3.037861184955846,3.096198644181625,3.5114296999398213,2.702917017088685
22776,pop_2,2.605440880422746,2.615489407923347,3.719966464393834,3.018815028050865
22777,pop_2,2.7915764303084605,2.959068208019621,3.708644557500549,2.6966073399363943
22778,pop_2,3.0951595763112985,2.9620809537962347,3.207427827401312,2.7311763308274903
22779,pop_2,2.677577147152076,2.6284408628420493,3.049933247990382,2.640277068999854
22780,pop_2,2.8404603753264333,3.0058592821094563,3.463131087018161,2.9211501238850466
22781,pop_2,3.2084540936538524,2.97253248122405,2.983512806697602,2.584394234157949
22782,pop_2,2.692499660034251,2.8974562767169987,3.409602353270974,2.902587428851758
22783,pop_2,2.604808965869825,2.869623271602784,3.6150208079010127,2.958489115169714
22784,pop_2,2.9580081990766005,2.6796185998613096,3.6882318106121232,2.3492082632642175
22785,pop_2,2.8760188263136737,3.0378173539092637,3.0637995855753126,2.461149900307531
22786,pop_2,3.0080108946224375,2.692145559689219,3.3809285149443933,2.7509978063452007
22787,pop_2,3.297595806282471,3.08341196230321,3.6745248752520867,2.8807627916498144
22788,pop_2,2.69972057226734,2.5470755801233746,2.963780224877565,3.478005475071283
22789,pop_2,2.9364347810684825,2.5227532410197626,3.306385049251388,2.8160325324610462
22790,pop_2,2.796639317451938,2.6712546820289274,3.37643444471835,2.5369213426794546
22791,pop_2,3.2733048198393275,2.7813311436127495,3.2922521120725396,2.899516979705968
22792,pop_2,2.919482523783674,2.8859321744696085,3.6004654276200414,2.7040545228728163
22793,pop_2,2.878225307692765,3.012403204638189,3.6264982839367685,3.124486263737443
22794,pop_2,2.6231934963218544,2.6319291288252478,3.34895800635834,2.6666100883939734
22795,pop_2,3.132416482716261,3.020482712412047,3.405510180530002,3.4659565244827553
22796,pop_2,2.756843960167229,3.245697932554591,3.669618464594194,3.241467329622838
22797,pop_2,3.119929860471627,3.0799157595144058,3.3517886572680293,2.2732741425157714
22798,pop_2,2.8667916387162613,3.2399072768389723,3.8181237877654914,2.91820731051074
22799,pop_2,2.928456982289483,2.8622455574063737,3.5255808720555213,2.1545404178697822
22800,pop_2,3.0039349134059936,2.814032624258626,3.2046894550089142,2.4590386085693097
22801,pop_2,3.0532340613347992,3.113352675808343,3.720701990087938,2.8063497421530927
22802,pop_2,3.0810904090670586,2.9239699745411483,3.326906525107499,2.61861703758307
22803,pop_2,2.7845304895331737,3.075487297168856,3.995971766742338,2.569638280526796
22804,pop_2,3.0399035788315034,2.80988785968566,3.2472925241941306,2.5077544453494416
22805,pop_2,3.066308069769999,2.737215945871872,3.37031560059069,3.202840836908367
22806,pop_2,2.834036672317345,3.019576580224757,3.512418690054807,2.4888112404989107
22807,pop_2,2.7541864044562563,3.240600048419604,2.9866692735323292,2.7997269082009977
22808,pop_2,2.937808430533593,2.7547419543837512,3.456269702950575,2.6861726004656625
22809,pop_2,3.1919154106619123,2.353528749392619,3.726782616070375,2.466982253234944
22810,pop_2,3.315062008804486,2.6731252033195623,2.929089759074834,3.1919768816589604
22811,pop_2,3.5119878822414,3.0839673768529874,3.6281384749419536,2.679501430461106
22812,pop_2,2.8983436545083943,2.9281360248739974,3.303343030228895,2.930095590144947
22813,pop_2,3.016252943154086,2.9265853456243094,3.4597330109981392,2.5761456108989664
22814,pop_2,2.854961646189127,2.7190704626251585,3.73235634360151,3.028702898457287
22815,pop_2,2.618441467477597,3.0828795500747876,2.9137443133831775,3.040114157139358
22816,pop_2,2.768017596667087,2.876808151542223,3.6137163066220945,2.782721857212832
22817,pop_2,3.00752572549023,2.5411978907281116,3.3317047161128155,2.5393555829786894
22818,pop_2,3.190301510196413,2.9400719954379633,3.554138045458661,2.4791567986347998
22819,pop_2,3.255250242250893,3.136548145456838,3.6693219438348885,2.4866872190405056
22820,pop_2,2.7737276860766977,2.740162095470018,3.163480650922784,3.5144432532324013
22821,pop_2,2.618343830600082,2.7047437785019968,3.3535197049539778,2.936084210350083
22822,pop_2,3.298102622517509,3.2225984887942234,3.0462753033757464,2.584327905379596
22823,pop_2,2.6250300370325483,2.7278133722582982,2.37133398042557,2.676909038028061
22824,pop_2,2.7967857700538765,3.0461103117088384,3.3677772393252328,2.646060328815673
22825,pop_2,2.7081468475143327,2.707815780368359,3.4565225805572255,2.783519136667815
22826,pop_2,3.192374017394306,3.2010044572343364,3.4610470030382805,3.101896628453513
22827,pop_2,2.955788333172126,2.9345654481524286,3.2319500632178926,2.987774860108992
22828,pop_2,2.985735714858148,2.508817476917627,3.2698900661236765,3.0785811622028416
22829,pop_2,2.9250135669356223,3.2751491165203093,3.5229188448442823,2.59849582630656
22830,pop_2,2.6270312527239725,2.8046104105820513,3.643979068980695,2.4006781786558893
22831,pop_2,2.6982123972842973,2.8910683886935375,3.1956333453677996,3.387156939820626
22832,pop_2,2.9476274546441044,3.2614007519268955,3.1930353959265134,3.0478004889065966
22833,pop_2,3.26258577522624,2.7379518571235932,3.317913029322024,2.211063902099262
22834,pop_2,2.777412484479276,3.421964775698058,3.838084094662603,3.1232350049075053
22835,pop_2,3.0048999407582664,2.766263630614861,3.2592503811188274,2.3613863675339952
22836,pop_2,3.190855523515512,2.881386722119847,3.779015175862316,2.50871815038255
22837,pop_2,2.9959168961644003,3.3418499111861535,3.0945084862177237,2.7468503205094876
22838,pop_2,3.0881627969345806,2.9962503478067624,4.204823191374959,3.1075733402859345
22839,pop_2,3.084610909508895,3.2067065649440445,3.360828018786489,2.530909564375099
22840,pop_2,2.729576765708238,2.729216371032037,3.6963604293701784,2.303321672747816
22841,pop_2,2.935879511914784,3.4880376813598635,3.3234850706472474,3.060339542055584
22842,pop_2,2.9020826239907103,2.5168497034916606,3.4265646982645546,2.7598822980148956
22843,pop_2,2.5747603469660096,2.94806871463634,3.4682135571453934,2.869169379579212
22844,pop_2,2.375347538453991,3.112285671982727,3.780400564876082,3.004468049920323
22845,pop_2,2.920608563986146,3.1004452764568486,3.327108592616552,2.7443901483211874
22846,pop_2,2.7533735150556344,3.033479698921008,2.820540634859083,3.275512968644782
22847,pop_2,2.972237829664488,2.640696028531754,3.4708782930477797,3.324969585089388
22848,pop_2,2.6215079550608427,2.867148394334226,3.1840972056550125,2.8333215050875222
22849,pop_2,2.8030062637983177,2.9279824470986977,2.989401819079165,2.890838693718151
22850,pop_2,2.834572096330064,3.095053901435456,3.7757051669342943,2.690800275128195
22851,pop_2,3.1389060142645135,3.2712707535811445,3.1695372189394426,3.4416706902499783
22852,pop_2,2.774903802081465,2.637325693178774,2.7126492586313544,2.957557406080019
22853,pop_2,3.1581143313035773,2.7643263865699965,2.3226778342352343,3.0281953398456833
22854,pop_2,2.535714583580916,2.7507583662390416,3.2209944859993334,2.28299809503897
22855,pop_2,3.205866866168848,2.9128204752525853,3.337110679061151,3.044975858265255
22856,pop_2,3.1210268078335925,3.303096950088014,3.7931375138187855,2.4954226274315756
22857,pop_2,2.918475373476444,2.772271746335204,3.40570317313655,2.7632997365908776
22858,pop_2,2.66531240167377,3.101142379187129,3.36029554340184,3.032584196298539
22859,pop_2,2.888112716285093,2.991219750839147,3.6405545158343973,2.639240554814308
22860,pop_2,3.0369722512798187,3.1389299365263037,3.420748592460213,3.0853565032280916
22861,pop_2,2.7616882933848754,2.9554208729588107,3.5566912902490944,2.869338504945147
22862,pop_2,2.9212048011587948,2.837944650225831,3.2805215990899232,2.7936816553395576
22863,pop_2,2.960158579679238,2.4173638330206395,3.3461975058327016,2.5551589743196317
22864,pop_2,3.078190770718771,3.12759664667576,3.6708547666900184,2.7149405574193057
22865,pop_2,2.780612535356231,3.1021363115904297,3.2225984474110265,2.9047134431794035
22866,pop_2,2.6462268014551977,2.7980142380399315,3.3213761121310847,2.5258170582791473
22867,pop_2,3.030214493741985,3.062414079909418,3.7233052108615,2.592969053420939
22868,pop_2,2.7773512896185415,3.5361513381565897,3.761559637756948,2.3918855177367115
22869,pop_2,2.7262992251554676,3.146869447273224,3.5730609702483123,2.508918461886395
22870,pop_2,2.772962352480145,2.7307858967111462,3.4298146763993334,2.34622865874138
22871,pop_2,3.425593378538413,2.883368547566941,3.85085565007932,3.0494690105055695
22872,pop_2,3.142042920332491,2.946365411090107,3.080720039831782,2.764212223452441
22873,pop_2,2.7415772617631773,3.0590193405686343,3.7962830159272714,2.7679692322050604
22874,pop_2,3.1773359693827024,3.0137378323155035,3.74026817295462,2.1545502597851653
22875,pop_2,2.8457304400787176,2.8327320686249626,3.51045441664516,2.3966575745261443
22876,pop_2,3.119753519327207,2.9432340004643196,3.0013521820250046,2.88282426316027
22877,pop_2,2.9370548746333127,3.2337881946375338,3.381977100585275,2.1823890794179546
22878,pop_2,3.25116348956353,3.1850852591457888,2.5522268912721002,2.7116782911910944
22879,pop_2,3.170843279777978,2.955934660824924,3.1069253969911594,2.818669782619673
22880,pop_2,2.9114769012079433,2.9162449244071844,3.462370131812771,2.981706046203508
22881,pop_2,2.728881862061686,3.179710244215867,3.5358057016098137,3.070107931112456
22882,pop_2,2.838076258202399,2.661346609605908,3.095094856536879,2.9223725048170746
22883,pop_2,2.976008301028696,2.9541802942247384,3.738537468856695,2.71506563757946
22884,pop_2,2.767533526432982,2.936796596498326,3.294428243358477,2.568526478565912
22885,pop_2,3.063714559286134,2.9646611607647158,3.695953491776156,2.560002077983044
22886,pop_2,3.078471519854214,3.1118442980820875,3.80312462061919,3.0367562413454308
22887,pop_2,2.8924392764942755,3.1100485381550684,3.3110130016481962,3.0143800644701955
22888,pop_2,2.2097737988393,2.8035974931434646,3.4072919143372284,2.4784377458315934
22889,pop_2,3.28711575611695,2.8978700645884974,2.986619711268337,2.0578255913752317
22890,pop_2,2.637052937403064,2.8416460650096433,3.508766787123117,2.552302034807761
22891,pop_2,3.075256037195884,2.77977049648599,3.764250773824281,2.494482856372662
22892,pop_2,2.737785506057531,2.6980912899875173,3.0290381012562078,2.5611994387781696
22893,pop_2,3.119745371641619,2.653700091661066,3.433762687408076,2.977105076338237
22894,pop_2,3.0504318990765964,2.9994511068003513,3.2714982438303606,2.8581350255752804
22895,pop_2,3.34590861639913,2.8912222429186754,3.9974626841340015,2.8490462518206114
22896,pop_2,3.0525410118249896,3.0863415878744824,3.455480640086981,2.836682116377386
22897,pop_2,3.1088300891854184,3.2780015566002563,3.3852794050838306,2.503371149263231
22898,pop_2,2.8781154855598143,3.0927170455015514,3.6309914070266793,2.971575493546569
22899,pop_2,2.9895368378899194,2.608223413757967,3.507673268875732,2.5979412249559144
22900,pop_2,3.0781287031160987,3.1666695976999857,3.0673969743936493,2.776811435962691
22901,pop_2,3.531444939784093,2.7724751711805182,3.4231127669382975,2.412349997595406
22902,pop_2,2.6671076938924068,3.0156563740285964,3.091225956243522,2.891032232608582
22903,pop_2,3.0678969474494306,2.9482105383650703,3.7235848475100015,2.444902768761232
22904,pop_2,2.6964081905004784,3.1341185118892323,3.9327094560546914,2.8263625172586186
22905,pop_2,3.1702383017763904,2.9574662486485153,3.370717664433266,3.040409382797341
22906,pop_2,2.9996024901369385,2.840767494791536,3.445268902092053,2.9703046077477104
22907,pop_2,2.9226053083265957,2.7009804040042,2.794877474046871,2.583610145309086
22908,pop_2,2.8647037298922395,2.9176835697816554,3.0216732435131433,2.270303370428851
22909,pop_2,2.717835898658771,2.963404206155049,3.4942099760162133,3.228696551815353
22910,pop_2,2.78313384192719,2.9558372610374803,3.317493280929208,2.398913153162419
22911,pop_2,3.009603751475125,3.129866792820712,3.415873491035419,2.0403154766652536
22912,pop_2,3.0016504489925384,2.809587098284656,3.403280070409169,2.6376495191208766
22913,pop_2,3.0539668370289874,3.12328743031604,3.3829067224740683,2.886494082994139
22914,pop_2,2.9895475087205634,2.9171979608262086,3.092347083572207,3.126525595026751
22915,pop_2,3.009501559280896,3.2428018708929107,3.8782963942783395,2.7898895750189157
22916,pop_2,3.3515905007661004,3.0206823969539744,3.276606876457557,2.349971152840791
22917,pop_2,2.9630161445575824,3.193802340487776,3.467475980250721,3.044182530208345
22918,pop_2,2.8487800334162903,3.042590134641121,4.122557309555185,2.9086972468855676
22919,pop_2,2.9480129799091537,3.1398201759369173,3.661903411087512,2.569170754122989
22920,pop_2,3.0459722435484173,2.9279213961288133,4.023627167682179,2.676521680702503
22921,pop_2,3.0532443446811346,2.9255950065934466,2.793264312727155,2.3052923464378416
22922,pop_2,2.9957392848474624,3.1014891365928086,3.2904897830927493,3.1606259684343025
22923,pop_2,3.102973052491202,2.620796930285307,3.3623192942157982,2.7021714953521907
22924,pop_2,2.9535744612694437,3.074235196238052,3.5122298422278355,2.8662439336781986
22925,pop_2,2.8998583824317112,3.078016944804521,3.338034779818141,2.2765634906505303
22926,pop_2,3.2970641328685026,2.935935628194792,3.2592382916668483,2.605953342133641
22927,pop_2,3.047926745638578,2.980311164048466,3.215685980315838,3.2200347978211954
22928,pop_2,3.4291525394931046,2.9809515602228904,3.7004943525494145,2.7523008958081463
22929,pop_2,2.9213984062825293,3.0312134755295865,3.5756997347154993,2.750660313667171
22930,pop_2,3.1622816349425844,2.745739793470203,3.2766519396110603,2.1596768008467357
22931,pop_2,3.303953173057937,2.6403810486454784,3.8936053897381946,3.161303635314205
22932,pop_2,3.017544560401005,2.9020719085135824,2.8012514171254272,2.4399216471429037
22933,pop_2,3.232144369820149,2.9601456812617917,2.7603718287863694,2.680826521385677
22934,pop_2,3.0274438121905267,2.6236062481011078,3.4057937788911534,2.69384395798752
22935,pop_2,3.167852233294165,2.8754763221150537,3.4880310373831795,3.3216270161064
22936,pop_2,2.8069618465143567,2.984273616423111,3.403023320024558,2.8381802222450228
22937,pop_2,3.091853895647779,3.0415600167735453,2.911328663758,2.863413948547381
22938,pop_2,3.0699907988635835,3.124572379879016,3.2434997085052997,2.4748893776182723
22939,pop_2,3.2060011935099153,3.08825956464723,3.8070937173209405,2.609556926008282
22940,pop_2,2.5793057950834335,2.9338866527529994,3.1255973601611178,3.0472823522265378
22941,pop_2,2.9148198651748856,2.7433221352785946,3.598196968646963,2.9466865990257016
22942,pop_2,2.871420574989991,3.1892328520443476,3.344334100450482,2.6735361674613274
22943,pop_2,3.00789188230293,3.0091254753672136,3.5701191733564217,2.920056557442132
22944,pop_2,2.8433216286215632,3.041303568876085,3.7734977119155877,3.123873470258258
22945,pop_2,2.6892409688418,2.8375279295784215,2.872949629056492,3.175534329556003
22946,pop_2,3.1801471263779635,2.8435162522233863,3.3516954986375778,2.9065701829996744
22947,pop_2,2.4542774256904987,2.834360262333681,3.658182948178198,2.841293457640934
22948,pop_2,2.8496715059931206,2.9134550248882274,3.466639837392455,3.022344943406648
22949,pop_2,2.8527011884819133,3.235206749110584,3.2189940197719444,2.719361389672628
22950,pop_2,3.0965796000992274,3.093584254445208,3.0842839089457508,3.604829964845337
22951,pop_2,2.9181965174045574,3.1824982978708762,3.8975319754492017,3.069975409470819
22952,pop_2,2.8032687033656734,3.146631330773921,2.8316445582587644,2.318907765981147
22953,pop_2,3.057532069583825,3.078179682859204,3.7919343983964513,2.4798957362333893
22954,pop_2,2.621146918105095,3.2536101494800196,3.114320354267944,2.8906058420922673
22955,pop_2,3.477013920702378,3.2009937608842742,3.518601493505528,2.5746335170531185
22956,pop_2,2.9198618559714227,3.0623985819319457,3.769293416032142,3.1019510277773215
22957,pop_2,2.8830766281720184,2.9443594585627553,3.615402252704246,2.4362353186929715
22958,pop_2,2.7753886972658406,2.9585786819186053,3.2717833685877595,2.745876056731861
22959,pop_2,2.739612383549774,2.802388290579345,3.3851265547070133,2.925844102407322
22960,pop_2,2.689200366540195,2.6175125827739936,3.033256507457189,3.163037383215051
22961,pop_2,2.658974749882153,2.770522303590567,3.9157530647423364,2.2139445254328134
22962,pop_2,2.6018181477242956,2.7903621550077893,2.914892521228289,2.8095570364399616
22963,pop_2,3.4303938921109998,2.7398242092004663,3.1095058638936637,2.6965684177318354
22964,pop_2,2.5860904567574816,2.7324539801204057,3.2270370380298847,2.6803815856144553
22965,pop_2,3.081826493713541,3.0979864006871622,4.08999954676553,2.6932765137592014
22966,pop_2,3.083046410734007,2.8969574526252715,3.395456764857414,3.1789413417041756
22967,pop_2,2.812158666446094,3.4167735331524147,3.717795072271466,2.5755704188827235
22968,pop_2,3.195167605815969,3.2253889100277773,3.4480650085677764,2.209441389821615
22969,pop_2,3.0961705949767713,2.9460161368778626,3.03382135046978,2.953020651359078
22970,pop_2,3.177475688931255,3.147829715267118,3.0925748680738425,2.3603880446122756
22971,pop_2,2.5738249007866267,2.8252144209162062,3.010768109013541,3.0145475944152604
22972,pop_2,3.0929865672819474,2.91608105880643,3.557690604850726,2.862835869276975
22973,pop_2,2.6819634371709262,3.243135589094177,3.031216299831266,2.8996601576418923
22974,pop_2,3.2686042087640024,2.7729879396925905,3.2483012574862373,2.567177087392207
22975,pop_2,2.5954015041138687,2.6758011725514947,3.598991295319037,2.9044801254395356
22976,pop_2,2.6745192531511766,2.810334525195304,3.661137187386952,2.912510501709601
22977,pop_2,2.815182427241659,2.8529249093115197,3.657158133253513,2.785043722641632
22978,pop_2,3.0851334404445767,2.833249202704459,3.6810695793638963,2.5193832276536554
22979,pop_2,3.06720915989554,3.112895512493191,3.460859776639741,3.105879056666802
22980,pop_2,3.056138931219564,2.9600326177419807,3.3932450823341522,3.085351653961091
22981,pop_2,2.8917668881912393,2.87557124472421,3.649918232917878,3.241268841083281
22982,pop_2,2.933527151638118,3.069293791074811,2.902056167104278,2.9912277613173672
22983,pop_2,2.8366458258315825,2.8350287533803793,3.427153395124262,3.078487834044564
22984,pop_2,2.9169870013450985,3.249425327426044,3.4324095019429754,2.8621956438889815
22985,pop_2,3.069758267413817,2.8326320300643766,3.611750231878403,3.0085732747804697
22986,pop_2,2.7005045941685797,2.5574779428976715,3.9307095023579075,2.04516280369984
22987,pop_2,2.951355941383026,2.8492288046127894,3.860737853513969,2.8892829976194583
22988,pop_2,3.0852424868444013,3.161844375131383,3.5503237835036865,2.7596425209436246
22989,pop_2,3.0530291555766893,2.8839141887333515,3.7260598820146926,2.6493473190489554
22990,pop_2,3.026964556369978,3.351987355202533,3.304479888768407,2.3528547889745925
22991,pop_2,3.1593336472958096,2.5941311950634094,3.315536490831869,2.7884077084055106
22992,pop_2,3.087364658009813,2.847618006817221,2.8489170443972816,2.8286518135934537
22993,pop_2,3.125533590486715,2.831296936045138,3.6673196677610793,2.6291318667935624
22994,pop_2,2.820392150669939,2.833614866687115,3.71614730770604,2.8916073563304465
22995,pop_2,2.6842634678577975,3.0912424211752594,3.532757314054854,2.98558723772543
22996,pop_2,2.6646014985157436,2.9754335794559994,3.7720325699211674,3.005998696228722
22997,pop_2,3.221919168538172,2.783770535246464,3.7064220985985314,3.1061211178598254
22998,pop_2,3.083247524374116,3.206313151110996,3.3893844113974576,2.595119665013653
22999,pop_2,2.7404314086497674,2.821468322784525,3.550534674212464,2.618345143589161
31000,pop_3,3.2790173189089926,3.376130477727995,4.711228768389054,3.095396973537052
31001,pop_3,3.033345877268921,3.1771709922069213,4.840518484653183,3.0500604556871624
31002,pop_3,2.9673542534891917,2.8734057795698504,4.499694224536167,3.2228478067233013
31003,pop_3,3.039827800188447,3.2541559839701897,4.914824092890025,3.0821963893195092
31004,pop_3,3.007633605955843,2.932730000003491,4.7810734048072465,3.9481620935605024
31005,pop_3,3.0123752578356053,3.215194393648643,5.131363408238254,3.418214678846537
31006,pop_3,3.0489325485247893,2.660792419583555,4.804697313803718,3.7058547184044057
31007,pop_3,2.793704418452005,2.917182365021589,4.982548114091749,3.03171892846167
31008,pop_3,3.218070819492915,3.22652742342008,4.883733746702472,3.407751455774521
31009,pop_3,2.8196649039395902,2.7584469127975284,4.625895772192171,3.613779007979224
31010,pop_3,2.8780168484371726,3.0128098816834297,4.749402377880068,3.5722322107514413
31011,pop_3,3.0931460570665523,2.964538315005824,4.791205688677645,3.6867046840564623
31012,pop_3,3.105290911773006,2.822443770831553,4.703072154143725,3.387976782016869
31013,pop_3,2.8614842409531853,2.8952637151786997,5.15339442126973,3.192856008997776
31014,pop_3,2.6774133889947644,2.6724558041054762,4.446592112525703,3.5830654318587976
31015,pop_3,3.0080447283631195,3.2513045364059274,4.496021687031073,3.413443446769326
31016,pop_3,2.8476151365567732,3.0546901659882177,5.28639217325002,3.0746813321840283
31017,pop_3,2.8225093666831214,2.7914589869023136,4.5674954825049054,3.264448865812396
31018,pop_3,2.497730678431239,3.07198516659893,5.078633144738266,3.032690981698626
31019,pop_3,3.1990539979619834,3.0426136988018513,4.900822699192883,3.6210211914833876
31020,pop_3,3.1160983415164467,2.8252435700761556,4.69620141255443,3.2895952612782273
31021,pop_3,2.8571304283938974,3.3158240620664072,4.860046076377392,3.2910270687605148
31022,pop_3,2.7744540186735103,3.159716625524947,4.58627126657906,3.214353854483686
31023,pop_3,2.6782880805713902,2.747452714219637,5.025593284773227,3.116079087563427
31024,pop_3,3.126249800862107,3.1992019178894306,5.078168173178736,3.217763614316723
31025,pop_3,2.9279932787247605,3.275423237060461,5.0097166058105005,3.2140354486590192
31026,pop_3,2.984228305277763,3.3496472587296244,4.9368808182719395,3.259681472777749
31027,pop_3,2.806745646685729,2.9151609762279866,4.820323383546424,2.8957301718155612
31028,pop_3,2.897610632698383,2.7478536773031825,4.634626637722037,2.9369947680289443
31029,pop_3,2.5257984504667528,3.2140470646969073,4.408385506672007,3.0004091207430355
31030,pop_3,2.888086531594534,2.9191154830882957,4.4765677521690055,3.0214507120959264
31031,pop_3,2.991179054279907,2.8693016884627056,4.715099361240211,3.716379920205388
31032,pop_3,3.1310515919647877,2.9588633793845602,5.062212631118347,3.5676740146616046
31033,pop_3,2.9063688262924416,3.3205249693885994,5.06952105426274,3.0628498440218923
31034,pop_3,2.7965445108812292,3.4583365663668597,4.803178153883994,3.5225208864010873
31035,pop_3,3.0553168557518653,3.325949231116267,5.288653333390957,3.3379394478664315
31036,pop_3,2.7646093760459634,3.275389009077685,5.091855322083708,2.6171964793534763
31037,pop_3,2.522238406195137,3.252421467418425,5.314505822058138,2.874176436142845
31038,pop_3,2.803940744411529,2.991119259523419,5.038909608677852,3.392671978211059
31039,pop_3,2.863302725497867,3.024572953207016,4.9535910111363215,2.731235672366804
31040,pop_3,2.7679700500555664,3.043903692598062,5.010251892788938,3.1268429771601745
31041,pop_3,2.7097834883420946,3.3927927307966437,4.775525127322998,3.6319162966191105
31042,pop_3,2.9103484376876176,2.8266720286022573,4.685556485517692,3.9647706270413465
31043,pop_3,2.615988660051603,3.2325064568322803,4.658129623838786,3.4408476683145346
31044,pop_3,2.988174798997044,3.186527424832754,4.80403919543659,3.4779275828604215
31045,pop_3,2.6088009605646025,3.0797216519539843,4.767162148590394,3.348903833169691
31046,pop_3,2.6880512431974344,3.180415036958365,5.049582929815372,2.9122117736327544
31047,pop_3,2.9638261544550284,3.2812701874255463,4.996924452040845,2.682870421571735
31048,pop_3,2.686971328363758,3.10715794246826,5.007092204777732,3.2061003295012567
31049,pop_3,2.7306463666771115,3.5127114410225553,5.078660892501495,3.0495141684579963
31050,pop_3,2.7979210217862183,2.753813458431643,4.875186127871439,3.213198874961909
31051,pop_3,2.8710083007252165,2.9080005033565746,4.455150069762466,3.665385786614265
31052,pop_3,3.1167072897274464,2.951996885411859,5.001991993182636,3.6533139509142827
31053,pop_3,2.8291447101958913,3.314828307999319,4.587085391472875,3.1439189939167136
31054,pop_3,2.739582075295029,2.6371718856467563,4.768737616463434,3.635588852769352
31055,pop_3,2.6914474995676505,3.175492113997548,4.903289675525057,3.5124272958495184
31056,pop_3,3.0466974628677934,2.960934228944541,5.050979416222803,3.684179808778158
31057,pop_3,2.9196628664535216,2.9848951899336846,4.961314445000837,3.703969847694861
31058,pop_3,2.864254038007474,2.6621488566848863,5.4040531842396575,2.9089521698841416
31059,pop_3,2.804759245536973,2.801561531609517,4.74058380280678,3.719290974106499
31060,pop_3,2.9124245284095545,3.406003789313901,4.953757785024392,3.254490226379179
31061,pop_3,2.8799475755231603,2.7593969801073372,5.020000443907937,3.105906281881043
31062,pop_3,2.6389511961777288,3.121701803047782,5.069874426749338,3.500205556150902
31063,pop_3,2.743345135435878,2.9453224814128394,4.640905172619407,3.8324158983154906
31064,pop_3,2.697797756197501,3.1331159882988926,4.552552098358365,3.4408820240401354
31065,pop_3,2.7337464321632243,2.720277761819226,4.962493370078784,2.9690297053873804
31066,pop_3,3.0619621943531814,2.4501702431643766,4.746386238088313,3.5186791515212414
31067,pop_3,2.9832945642213846,3.047650309709117,5.332593756905625,3.693792667468481
31068,pop_3,2.81854760284378,3.302826477921573,4.571752733129526,3.4982120127492893
31069,pop_3,2.911600657957058,3.2189917792917164,4.766257671767489,3.3760107865062285
31070,pop_3,2.8026614946447217,3.15831888385365,4.392590111943854,2.868151513878441
31071,pop_3,2.8342326672953173,3.3154524137594032,4.814131085987777,3.2579133908375737
31072,pop_3,2.820494753982037,2.8459633439055487,4.841405522929763,3.653888031343894
31073,pop_3,2.655054254407234,2.756236034140974,4.606045515778305,3.092541009943727
31074,pop_3,2.5406390038646323,3.3959430374709956,4.680489360126752,3.286330033634301
31075,pop_3,2.859714157965839,3.0426566873019993,4.67475515457705,3.610955705344655
31076,pop_3,2.5078896079744686,3.307057534524,4.896156805578373,3.460606750976525
31077,pop_3,2.775867081746008,2.9835111109445203,4.60760974985912,3.577039952591887
31078,pop_3,2.9714917504088736,2.971882836464255,4.6416679876442695,3.473274390676733
31079,pop_3,3.0067018114559265,2.9476008596160024,4.952842366338764,2.933342925011199
31080,pop_3,2.950305815007556,3.2784111297572003,5.055362313526578,2.8607070914122397
31081,pop_3,2.8330741560904484,3.2222823809578114,4.769098468112632,3.5922556686828635
31082,pop_3,2.7934234952710972,3.0569291136438794,5.129367103290439,2.7109818669133223
31083,pop_3,3.222886719668415,3.322252107193691,5.249077639747942,2.9182777801882582
31084,pop_3,2.866058450456256,2.999428200790189,5.11590501279004,3.6203448640423894
31085,pop_3,2.869806363066791,3.362190523104208,5.431350752538681,3.037000832214108
31086,pop_3,3.1710688227800303,2.8000485111481592,4.683710556236727,3.478286651041788
31087,pop_3,2.929806369404799,2.840486020724794,4.806939208464201,3.422995381614637
31088,pop_3,2.8825173234306405,2.712601047565565,4.9129946481537985,3.2476908796307584
31089,pop_3,3.027435301140326,2.689908759266004,5.0155197380737775,3.263073657234635
31090,pop_3,2.9811047665590484,3.1156013367757747,4.735739988934962,3.012200453296791
31091,pop_3,2.789127118296749,3.2930023845052383,4.699566932864667,3.179204506885204
31092,pop_3,2.903075189377971,2.9458849398508695,5.1598075759745745,2.9991558201437027
31093,pop_3,3.4067588528490473,3.0894574743398953,5.454616248507177,3.2108671250500675
31094,pop_3,3.2218439916495614,2.914126157091572,4.97465961026088,3.223695517399966
31095,pop_3,2.91135463613934,3.0604407650623964,4.790330289806452,3.375379358765784
31096,pop_3,3.004031563742177,2.6447832422011905,4.711620450332773,3.9023750351414086
31097,pop_3,2.902103087154368,3.1520785424505404,4.899562165450427,2.8891690945180515
31098,pop_3,2.651666160472691,3.177362919568511,4.599147101287654,3.420453124477909
31099,pop_3,2.945784033360325,2.549876779646803,4.647758116547767,3.7348227236558382
31100,pop_3,3.0042393862151755,3.2976909885664942,4.711375640433297,3.0458511049924963
31101,pop_3,2.7369992294341037,3.634783479493941,4.876399850620361,3.173887330877497
31102,pop_3,3.313080050246121,3.254362067810908,4.513098615359984,3.3779139074000026
31103,pop_3,2.8105353989473585,2.842626483304544,4.85565484432294,3.2063164734667597
31104,pop_3,3.344161898401346,2.9138626995169417,5.03990509781092,3.1264920504891136
31105,pop_3,2.920389177990823,3.073787822656612,5.482523266786069,3.3541581774109765
31106,pop_3,2.7979076385422808,3.1101794736234694,4.987021028226874,2.692448028758561
31107,pop_3,3.07619704164074,3.0906134659777798,4.580979305027345,2.80000311565841
31108,pop_3,3.040856238783051,2.8755535836041335,4.535738404091688,3.116601891091718
31109,pop_3,3.0369689019251167,2.885924175708255,4.935382378492616,3.2956963562297643
31110,pop_3,2.6359779503378356,3.076376671758433,4.533083343762866,3.300028985901748
31111,pop_3,2.652689702890074,3.4626859283284137,5.087548622838289,3.375228466817667
31112,pop_3,2.9403705798114745,3.46453345504633,5.1065854145418355,3.0277179668321628
31113,pop_3,2.699853619290624,3.086686049331477,4.903933726963734,3.3621169718503348
31114,pop_3,2.790501578079705,2.6729684746626905,4.7749741080390775,3.5342805364531973
31115,pop_3,2.650155358383919,3.2003998591204756,4.827997709534769,3.0733311814146265
31116,pop_3,2.979106996433194,3.2248413080126808,5.303689103216093,3.206234015009337
31117,pop_3,2.9277101411986783,2.8625429783801635,4.99645609450378,3.5317912008901162
31118,pop_3,2.9077030159864505,2.526265682304708,4.725649178029409,3.6932319967063467
31119,pop_3,3.0395551740356925,3.1069302001734354,5.3183383183996105,2.928361147594632
31120,pop_3,2.6770423781883568,2.8401161164670987,4.701932538985867,4.017773278656415
31121,pop_3,2.7526092162365168,2.7901405483452173,4.324987619455129,3.4735143111163183
31122,pop_3,2.6070468620641307,2.5315564864304934,4.643717922980165,3.8438469626585277
31123,pop_3,3.122332806359551,2.5911422331242875,4.956103083939841,3.5640709284407777
31124,pop_3,3.260405230214834,2.725487999598586,4.619153759345361,3.2616794719418003
31125,pop_3,3.2970110465095606,2.813761424902132,4.7825730084196385,3.3327428678196243
31126,pop_3,2.844041236660302,3.3194773896390326,4.473382073953417,3.283015627606969
31127,pop_3,2.31355029580084,3.349430612954254,5.033840386485131,3.351571516500368
31128,pop_3,2.690047980772333,3.2125909035273077,5.302606258949414,3.1834779740437344
31129,pop_3,3.1299868925832985,3.4159803418422965,5.119803096304465,2.8185280436362934
31130,pop_3,3.012147752125723,2.8315444871697557,4.6954061825261135,3.6701336024429416
31131,pop_3,3.1248481497258846,3.0949959917343537,4.3345790097369825,3.4124336416058663
31132,pop_3,3.138261458787191,2.7961190305275814,4.649372544437989,3.2350108408984837
31133,pop_3,3.106985054234511,3.0185915011401576,5.130604953859889,3.4340945003915504
31134,pop_3,3.232556043017148,3.5154342244385512,4.648584546969216,3.0543332013458073
31135,pop_3,2.801305937864913,2.594026307967235,4.533199334802829,3.638782005889013
31136,pop_3,3.002383006602875,2.792313224912699,5.087570640484888,2.909609411140649
31137,pop_3,2.861247331854575,2.930289946546435,4.641470401475367,3.3810353119724317
31138,pop_3,3.2437234227229097,2.896733350912896,4.6596179929092125,3.192577931129731
31139,pop_3,2.963582555368256,2.9595943980245023,4.6707689991176675,3.0408382659365327
31140,pop_3,3.1664713044926183,2.867688248527159,4.525035795759841,3.212199563504386
31141,pop_3,2.772675117450425,3.273958937104496,4.556425421524178,3.5354959734318117
31142,pop_3,3.008055073467749,2.702320624920479,4.447662944053894,3.29797561452642
31143,pop_3,2.6820604395312113,2.7663654548050207,4.623400805084577,3.1121780030522643
31144,pop_3,3.178970542446039,2.996939449846675,5.047273286648094,3.6000561554932506
31145,pop_3,2.7741123051306333,3.0315594344039467,4.979927309667453,3.249177287310321
31146,pop_3,3.1593458061442985,3.0417043685902634,4.597236591444929,3.427511988875029
31147,pop_3,2.8420743900065353,2.8854332826810904,4.367664716104344,3.7691181981088744
31148,pop_3,2.7622497065767955,3.1766551532335403,4.746746554529059,3.4945952721667566
31149,pop_3,2.839530278435807,3.150530565603963,4.655504387961366,3.029968577604393
31150,pop_3,2.9182870672230137,3.2926994612631204,5.154238067060299,3.2020735096656416
31151,pop_3,2.685201151862442,2.7359339274755534,4.513100585078995,3.135448866605618
31152,pop_3,2.907528782203779,3.134347567224442,5.049747701294083,3.0751435458557546
31153,pop_3,2.7463914498708233,2.7146108580022625,5.069245178075027,3.6684524827446903
31154,pop_3,3.0023148064495855,2.8028816304845625,4.595861988365093,3.2878574131453635
31155,pop_3,2.7633859364577744,3.0116923322261524,4.723264487837347,3.090718238724707
31156,pop_3,3.0867497520035654,2.6991587495824505,4.910112274696262,3.722925707225257
31157,pop_3,3.0305774546143383,3.323071067672425,5.170006546037918,3.4538809694568475
31158,pop_3,2.8057550724854794,3.2890316873645906,4.340103193582525,3.067989824537792
31159,pop_3,2.624479334842471,3.098731591370119,4.768488988869592,3.2371516039116996
31160,pop_3,2.420725121900701,3.433722074293833,4.504815694116868,3.366360180391602
31161,pop_3,3.060123348573394,2.536207162667441,4.646316781794956,3.672002047362978
31162,pop_3,2.7179974364650743,3.0831901677697044,5.167038418631738,3.6457304197623532
31163,pop_3,3.1374626626653987,3.206483467111323,5.145064910168229,2.887987179163196
31164,pop_3,2.702493193638312,3.0049020276362377,4.327468081904426,3.7894866965992584
31165,pop_3,3.170598606380743,3.232960698898098,4.504719169990151,3.3984979749207778
31166,pop_3,2.8613060750043324,3.299011177664256,4.995046055763394,2.9930824736973003
31167,pop_3,2.6059715616764048,2.9108151573861694,5.096111468905385,3.57227840589855
31168,pop_3,3.173185981398855,3.458808306699048,4.5827047611989595,2.7930560475152157
31169,pop_3,2.8990176968175816,3.0224934383435342,4.852549755069875,3.0647613445685127
31170,pop_3,3.02800318286159,3.1126171877013715,4.994764356460192,3.0151009669604134
31171,pop_3,2.937584465304704,2.7799477446051886,5.014405071384409,3.210116177690992
31172,pop_3,2.4851508674883904,3.102861496475209,5.098270193307903,3.328260260243929
31173,pop_3,2.9932137754638624,2.4626321416099892,4.672637443475817,3.4028862933869353
31174,pop_3,3.284176727033827,3.351940837680959,4.892406703048609,2.762998821305162
31175,pop_3,3.323151416220822,3.059598618258267,4.452800062715647,3.076144643860797
31176,pop_3,3.239482147540481,2.7014169950034326,5.487488926281964,3.8726544106203646
31177,pop_3,2.780731821932225,2.5280294869774877,4.82708026429971,3.2963609460527286
31178,pop_3,2.966272246014045,3.1885037467349946,4.425174694402457,2.732538789753061
31179,pop_3,2.7130575149272866,2.964090784379059,5.137353483968314,3.0498405646188744
31180,pop_3,2.716941204849751,2.8036535293173057,5.131403488412165,3.514857597460764
31181,pop_3,2.7958018339958617,3.1812020360850894,4.659402977705384,3.440145717040595
31182,pop_3,3.060904567358272,3.1707678217015234,4.827510972327436,2.9291001682731896
31183,pop_3,2.4639661057908726,2.575110231002765,4.677029515356453,3.625218549260295
31184,pop_3,2.5039451090291274,2.930137739976372,5.133059742957986,3.0060144849303096
31185,pop_3,3.2563345528460497,2.5766952783735078,4.91538179392978,3.603127821859456
31186,pop_3,3.0389889769727705,3.31926381920326,4.664565168601787,3.0174956736785696
31187,pop_3,3.1483796611223824,3.5607342846918884,5.065926406876043,2.463558584579378
31188,pop_3,2.792851108209272,2.4379123166757233,4.527416023815648,4.033328241448612
31189,pop_3,2.8359740282646415,3.0312178464326642,4.5496258250566495,2.808455447445947
31190,pop_3,2.8026628609224615,2.7908777441423736,4.689307547283652,3.473418803273239
31191,pop_3,3.0682158259361314,2.581417667830594,4.810191994653114,3.52536393121816
31192,pop_3,2.5572215451331033,3.171883802757364,4.933929170107126,3.262030143004274
31193,pop_3,3.0879291463675145,2.837786707583955,4.663233067829334,3.107922396311809
31194,pop_3,2.729279973642338,3.23188434776643,4.579631327748921,3.331716588283238
31195,pop_3,3.163232714327943,2.907898576604521,4.799406694114394,3.568731587908966
31196,pop_3,3.0374080940460195,3.0090516380568264,5.066468871956364,3.1816566624277276
31197,pop_3,3.1809692976896096,3.0476787286476372,5.1846992871342925,3.2873524544662964
31198,pop_3,2.736884272391865,3.233240681073184,5.2879644694476005,3.038665009511945
31199,pop_3,2.81040697035585,2.9452150725433843,4.955104737602081,2.936640987669841
31200,pop_3,2.718507062746026,3.164077712977433,4.694236136634268,3.575078472682097
31201,pop_3,2.596856944926786,3.203206174556584,4.969162343225316,3.1414951461735368
31202,pop_3,2.689639176878504,3.137200158152856,4.558110796649636,3.6676073548956647
31203,pop_3,2.581733370179273,2.9826634135508923,4.748884007448063,3.190286676214569
31204,pop_3,2.9193550311458525,3.4374274600685273,5.37199597697972,3.102828997903868
31205,pop_3,3.178672554891383,3.2099122579170065,5.181880009591204,2.8667676586712543
31206,pop_3,2.564891854904056,2.73093984800152,4.725666283051033,3.308499322505981
31207,pop_3,3.182683699592277,3.0321415726500547,5.190698586761974,3.3651519923203828
31208,pop_3,2.897274246470064,2.766012183997626,4.643065430943966,3.174082967075121
31209,pop_3,2.973033046147943,2.6878415295661116,5.051092449655346,3.363951965699558
31210,pop_3,2.9536909067914228,2.9854477698505173,4.985290785890364,3.586664777700464
31211,pop_3,3.108661023039173,3.0976604953184363,4.309008327519324,3.3341274025431447
31212,pop_3,2.890514635227406,3.0928115592977012,4.8451178752323765,3.0949811327526064
31213,pop_3,2.829374320763171,2.934334107272393,4.720499223561379,3.1838706343344336
31214,pop_3,2.93277864185778,2.684932658963471,4.784823508523828,3.4621891058275134
31215,pop_3,3.0879085365684373,3.0151391503225353,5.066191845718269,3.1209665325333105
31216,pop_3,2.833544262100194,3.1877207309836235,4.957543593520408,3.2365227548825466
31217,pop_3,3.1456383201785187,3.169663489573106,5.012129648780231,3.3202462695659376
31218,pop_3,3.2862663949992097,2.866532131380919,4.901003873092801,3.0686775983715515
31219,pop_3,2.939715208713437,2.6138250889326455,4.586593644762906,3.325230419335289
31220,pop_3,3.0197100479107046,2.9389056725633242,4.493054366911714,3.1204755340982238
31221,pop_3,3.089613485691504,2.951981033383615,4.886585959151902,2.973654975752457
31222,pop_3,3.552302017577802,3.0972718855310606,4.964976836387356,2.6412168240892915
31223,pop_3,2.9145433354944412,3.312871683934538,4.771383511436398,3.408854833723179
31224,pop_3,2.9040861610089688,2.8998365565945217,5.013393484662575,3.583768826187309
31225,pop_3,3.098723159812311,2.9315963359527326,5.03954193055106,3.1709616863500125
31226,pop_3,2.906526338412176,3.159142904354729,5.015877179506552,3.4149125006842986
31227,pop_3,3.07931426736454,3.1174536220130373,4.923805492418278,3.1978949681260627
31228,pop_3,2.918742168181107,2.6985760734346185,4.671078368972466,3.2527690655202206
31229,pop_3,3.3145111109931076,3.1517253130245875,5.0444196582440455,3.1061685489968327
31230,pop_3,2.7221773974664014,3.230086916129002,4.973807698100319,3.2031616555527935
31231,pop_3,2.8644925547721964,3.4003067892664536,4.744067306896799,3.17397824350767
31232,pop_3,3.012977314827181,2.9959141160513805,4.711045744087683,2.947102580788121
31233,pop_3,3.24467757956929,3.070117888812989,4.700742354125022,3.3666647818955364
31234,pop_3,2.7725650879325916,2.907097130016557,4.798265001584953,3.5528069466207275
31235,pop_3,3.0146069203522297,3.301887578218642,4.786583773880397,3.817562523925722
31236,pop_3,2.814348227669637,3.4948243671315318,5.040780501337248,3.1706974995456565
31237,pop_3,2.582404197389296,3.068967863269811,4.7318288504290305,2.7879864943820456
31238,pop_3,3.061259495932937,3.3551516544038504,5.253647534942354,2.8758927371125256
31239,pop_3,2.7473298229199123,2.8911951887298426,4.5600075286941895,3.5319158484156534
31240,pop_3,2.9481032450934905,2.5054150161362005,4.5991672099390675,3.5179220921158647
31241,pop_3,2.948070638271605,2.925841671559904,4.448157265501653,3.75059202994466
31242,pop_3,2.8333185589787626,3.294366105354386,4.761393356957725,2.807255309406706
31243,pop_3,3.044113553016573,3.0771396646872677,4.826592463822264,3.3356011248216393
31244,pop_3,2.900617734395518,3.0213298891261,4.8247909126541755,3.1969918186896997
31245,pop_3,3.185204324625549,2.7315535094144177,5.1169803825950115,3.1847452909879235
31246,pop_3,2.785070266684443,2.548754848124094,4.566439083116085,3.6011685858096842
31247,pop_3,2.9165946168006336,2.839930061100926,4.395507049125964,3.226246590074706
31248,pop_3,2.9515057774369082,3.2315057988001787,4.869673601010861,2.951489861464466
31249,pop_3,2.876317516890428,2.7317029917615203,4.492401979755427,3.366596724867609
31250,pop_3,2.678850661152316,2.9634942343807764,4.399017976550476,3.4843888985007667
31251,pop_3,2.8646384293182083,2.85930229200974,4.676292559296554,3.3751504167215596
31252,pop_3,3.0326450423064566,3.1294922052330336,4.83671287422007,2.836598902493736
31253,pop_3,2.620857813371337,3.099460278597646,4.887033966291373,3.3292876169564725
31254,pop_3,3.0895695675589865,3.245977185479944,4.709731881700297,3.040134028580028
31255,pop_3,3.1394635403031512,2.9027414851876143,4.592734095241795,3.9287743158661232
31256,pop_3,2.984883045699996,2.989172045066602,5.1016592883731935,3.2746035696576294
31257,pop_3,2.882688471860088,2.882996703748293,4.95859089437615,3.505939945751291
31258,pop_3,3.2124652297961407,2.9095167169397893,4.233259378913248,3.4102146323818254
31259,pop_3,2.5617874916601764,3.2736623295896385,4.8219231944274865,2.8698772582990344
31260,pop_3,2.978329610043223,2.897362534777868,4.5334292849055835,3.631630760966444
31261,pop_3,2.9292857528771754,3.157097401369941,4.680354365890832,3.65444030097777
31262,pop_3,3.1209995611292447,2.705993407544172,4.843860439097558,3.534443323571182
31263,pop_3,3.0686772489403915,2.818262244214043,4.8968407383459756,3.670228797656221
31264,pop_3,2.933143748155163,2.8846194549684605,4.748941237814749,3.2465017530746123
31265,pop_3,2.9924309478443605,2.8277125003353434,5.161840833293447,2.846613040926454
31266,pop_3,2.645697534645434,3.0564056825818957,4.833771729483861,3.039125082994262
31267,pop_3,3.1611149227304627,3.118656370777444,4.748892294644174,3.7294650494571586
31268,pop_3,2.6808928210882423,2.9174884002789483,4.670427118424664,3.601796175181928
31269,pop_3,3.000846602647027,3.021794502144338,4.898410531113155,3.008183934434136
31270,pop_3,2.974623118819372,2.9567871878869036,4.581910674089196,3.48003224474237
31271,pop_3,3.0241398533649373,2.827295345728041,4.64389847830851,3.183772728157756
31272,pop_3,2.641972628385839,3.155473902500411,4.635653952114294,3.3465286993401646
31273,pop_3,2.8348101630295166,3.284755149734125,4.7341938458065735,3.271013018036815
31274,pop_3,2.579027333448255,3.0989307503001386,4.704050560809407,3.5969367512854844
31275,pop_3,2.9493430090382513,3.1496235263890404,5.060569803208171,3.1016745967642407
31276,pop_3,3.085344507275143,3.009428209567884,4.722010890318016,3.0795468597115443
31277,pop_3,2.913618535208433,3.044134031345237,4.890220806586918,3.795744058359292
31278,pop_3,2.4707218346373407,3.0324803578561697,4.75174377056787,3.4793643437248702
31279,pop_3,2.7637196167507687,2.8340815924246847,4.067454458618927,3.79646729977452
31280,pop_3,2.5184103051429427,3.204358062872193,4.853152068835896,3.5710995402291377
31281,pop_3,2.8716453642278106,2.96241116482993,4.699047528364338,3.236794853220153
31282,pop_3,2.8890117368310544,3.3543067430403752,5.166411718347523,2.9521646978478193
31283,pop_3,2.8752111431478493,3.024002608310086,4.658976378736221,3.2009111788890596
31284,pop_3,2.6925296639215266,2.880618238611355,4.879398550012049,3.273430196838726
31285,pop_3,2.845685092005881,3.0331263081044924,4.827125246841241,3.20777223485038
31286,pop_3,2.9342627830188035,3.1405579609394967,4.763447574141512,3.3989873428790327
31287,pop_3,2.704405611846193,3.2322187593723424,5.000715320438871,3.722692247310389
31288,pop_3,2.9472339036078217,3.003039648526847,5.008711153315917,3.4494041348483755
31289,pop_3,2.9947469005086904,2.741041750974515,4.7346281529860965,3.3781149290343953
31290,pop_3,2.775253124442592,2.9010483001952405,4.682380981957112,3.597433914370849
31291,pop_3,2.9268522752406145,2.568709754101461,4.69655492068296,3.6569227650427862
31292,pop_3,3.0529038659849586,2.9384682479692636,4.591677651032115,3.555733013899988
31293,pop_3,2.8101158962675754,3.413783380317581,4.971630512512652,3.1979736414088076
31294,pop_3,2.415887529691852,2.758791173334499,4.511820753682237,3.359103636607116
31295,pop_3,2.805097587077894,3.2269213028294366,5.123292100590016,3.1079454228593653
31296,pop_3,3.0578581368232176,2.341661463368559,4.7376242584203405,4.073904978048291
31297,pop_3,2.8156306880911304,3.313688320998335,4.806126614700814,2.867407383153656
31298,pop_3,3.1294892698517223,3.1674140329838583,5.101913757239656,2.8146193592895035
31299,pop_3,2.6748499643252375,2.9313298292983614,4.8466338927479935,3.787153045387553
31300,pop_3,3.0761458793805283,3.4323705868993226,4.915839235385929,2.8024356731166127
31301,pop_3,2.8848709555142027,2.9080492658113792,4.939230820053652,3.604806344522514
31302,pop_3,2.891792617409414,2.769097258130701,4.507272842930845,3.598818948687397
31303,pop_3,2.807841895317282,3.216907737079623,4.644080105588127,3.0652091236279864
31304,pop_3,2.7237623350390097,2.924864291853717,4.810171019911904,3.159469941382898
31305,pop_3,3.1448062276933846,2.537371670591998,4.36637928218534,3.400751030192829
31306,pop_3,2.9730536389569826,3.1984236780996027,4.696981291102046,3.094652359855136
31307,pop_3,2.6552125040304557,2.7076275995228434,4.392650660158599,3.3836778937675476
31308,pop_3,2.7058776357826524,3.1701892161322913,4.985069684287502,3.1508584739168204
31309,pop_3,2.9659419208695263,2.837443552118869,4.904472920745513,2.9624972123486466
31310,pop_3,3.0844260943066018,3.2612006308612376,5.1925167601071465,3.537912164401109
31311,pop_3,2.6057826966906497,2.9142159219487374,5.0265088057723935,3.61917506912603
31312,pop_3,2.782138439836972,3.039018542397294,4.709544173305349,3.3546210650972506
31313,pop_3,3.1292465680816113,3.214499678514076,4.748946365410381,3.513202974089338
31314,pop_3,2.6296550187535304,2.520378152704382,4.606731996172483,3.6913975507536176
31315,pop_3,3.111290664262755,3.177513446745825,5.063819399878583,3.3601594303337747
31316,pop_3,2.9373286219296517,3.268325908807983,4.598053555696251,3.3884524276716883
31317,pop_3,2.683072514149334,3.0795080833965995,5.012008273235713,3.547987290308202
31318,pop_3,2.658408894827601,2.7856191783219737,5.05504897155485,3.4914979690862302
31319,pop_3,2.519658432381356,3.1917719944827154,4.341552033800921,3.838668972753346
31320,pop_3,2.9365885796855618,3.3417472114281246,4.630705706982231,3.5378598928169143
31321,pop_3,2.922131813069873,3.2406163600203506,5.03221845977285,2.741803184383156
31322,pop_3,2.8003435710767137,3.1912205546101187,4.767842513677151,3.6727700664828093
31323,pop_3,3.012365483039034,2.9435172657200908,4.434550398707504,3.345672984251315
31324,pop_3,3.0757878974112907,2.887658386940588,4.825798701456448,3.322315782219411
31325,pop_3,3.1042489025607582,3.098308235097195,4.686474870547275,3.3079449885814474
31326,pop_3,2.9116153719074473,3.2821845811538766,5.02677157515415,3.0415581057192904
31327,pop_3,3.2127872234785384,2.8130382935320366,4.523332611294437,3.4060504276441392
31328,pop_3,2.6521370895892344,3.1354511045940883,4.719209805542362,3.172052767541107
31329,pop_3,2.7385290875313917,2.8403234464763263,4.818215336300027,3.4259760945926145
31330,pop_3,2.6667687215727174,2.9015365956533556,4.767368682005066,3.394123450329453
31331,pop_3,2.9793866072928035,3.2577812523690177,4.961680193748364,3.0015116441222496
31332,pop_3,2.9038022234630287,2.9621537672888367,4.895076053259263,3.0933512646766013
31333,pop_3,2.9747758997835647,2.532467867397307,4.4363712290325035,3.637975280267395
31334,pop_3,3.0346824314202108,3.407927180206148,4.842445208367705,3.240403350063953
31335,pop_3,2.6374756178934176,3.3597937253429984,4.470997733203425,3.4880282794815507
31336,pop_3,2.6852304729824925,2.8943746401762023,4.681569261999339,3.6126195506991166
31337,pop_3,2.832020079784682,3.0530292746960535,4.630682451353307,3.0215022379622254
31338,pop_3,2.727956186640379,3.4075702200050615,5.286346960062656,2.9914457929355636
31339,pop_3,3.0800932540027572,3.1800223607092764,4.431243759105687,3.0583258241143936
31340,pop_3,2.427048415836666,2.8814765247865335,4.901468929780595,4.169125796922164
31341,pop_3,3.099796381313061,3.086494535876885,4.79320715481197,3.6175392552748695
31342,pop_3,2.6948096323332247,2.736466908034978,4.664150718687208,3.8121396548879716
31343,pop_3,2.3142045188246025,2.7561154264165513,4.919008934596735,3.4626874101763567
31344,pop_3,2.8810031112921206,3.1335411179363666,4.775677900780229,3.661786474439484
31345,pop_3,3.024022967755321,3.0971642978677965,5.0553889478843645,3.605615981358539
31346,pop_3,2.9140900561536602,3.120750153648529,4.373369466522072,3.2683433374994406
31347,pop_3,3.01174327772242,3.3752428411708357,5.1598322372374765,2.689542071581758
31348,pop_3,2.8998535703748365,2.852870178156514,4.721612796971748,3.341440198709094
31349,pop_3,2.7687830223834644,2.9202921956431935,4.982284108552439,3.067182242184825
31350,pop_3,2.933126194337205,2.9817825311235193,4.670504028255058,3.029249300912422
31351,pop_3,2.7703732458023334,3.1670571160723733,4.831842762449082,3.443925788424634
31352,pop_3,2.7696102813945247,2.833948315444879,4.2868922833618255,3.7639954219673117
31353,pop_3,2.6028201891091447,3.1386908879811686,4.915140327217275,3.62614540557043
31354,pop_3,3.170687456602999,3.062702414828343,4.770325757592377,3.4036293207900683
31355,pop_3,2.720079369107755,2.88744261907499,4.49257334266335,3.0268392370094754
31356,pop_3,2.9986982037390297,3.18482964447568,4.914276329529423,3.3530947082231206
31357,pop_3,2.9113382628997844,3.164258870284148,4.924379680494531,3.057661090554393
31358,pop_3,2.901271281806714,3.1596645295453096,4.983377079438546,3.5097440871047167
31359,pop_3,2.859079300637656,2.8924153964689756,4.7461069277155294,2.902921387971314
31360,pop_3,2.4174812049416308,2.638581452139738,4.744889568734551,3.6339433301906565
31361,pop_3,2.8999488624870007,3.013619655123193,4.8942808763098204,3.6300747931131427
31362,pop_3,2.7987831496297613,3.3917042054354054,4.738535361378265,3.036688306179285
31363,pop_3,2.926399214812781,3.2612148539449444,4.923606503281979,2.7641644700128323
31364,pop_3,2.5097187059042634,2.9651234897848946,5.197161008983339,3.803166999974887
31365,pop_3,2.7358946590004956,2.861606522995556,4.535601197356961,3.2869605225229135
31366,pop_3,3.1929373059709287,3.158161818628683,4.5948307985415875,3.4339025911510346
31367,pop_3,3.108024579351217,3.4854333574089202,4.918276194517167,2.6303355178492667
31368,pop_3,2.8422047134014847,3.2689838132695708,5.069010331698169,3.2194283122795326
31369,pop_3,2.778877180422138,3.1428646448019633,4.821772825496085,3.372144444527889
31370,pop_3,2.6807825996433827,3.1058868986097075,5.228411553944906,3.537293117452561
31371,pop_3,3.1348859370156092,3.122884609079064,4.83197292022791,3.357674976771298
31372,pop_3,2.7653157723011033,2.583996956674712,4.8317662370400996,3.760205274572377
31373,pop_3,2.8602398725390112,3.181632887477173,4.771058323629087,3.2656429864613714
31374,pop_3,2.53278420781068,2.9987757557525936,4.954057171960526,3.2678930718180697
31375,pop_3,3.0482035658902538,3.0667859418366494,4.743958429665096,3.3775171223911653
31376,pop_3,2.9906791486358166,2.863752398254467,4.996276336793858,3.427586539092673
31377,pop_3,2.735917221288965,3.0132911909477658,4.92785994900568,3.616374784721755
31378,pop_3,2.7804971678756862,2.9839796336199593,4.548264567085319,3.3520627700063055
31379,pop_3,2.650968588997067,2.863580661500943,4.74729926585458,3.699380593581955
31380,pop_3,2.6922642376474415,2.6598238121103575,4.585310986534541,3.665620931946701
31381,pop_3,3.1842100165654372,3.259441587048161,5.298045035837257,2.9206438882148884
31382,pop_3,3.0569736444111912,3.106635001461717,4.635910160938253,3.092129148739273
31383,pop_3,3.3540775818940816,2.9645719631334497,5.0149194607323855,3.4457220199784104
31384,pop_3,2.6709216887675615,3.0761443479159705,4.924743984790498,3.415138002550506
31385,pop_3,2.9415754216399055,2.712357356211611,4.555928406371615,3.1888650318422425
31386,pop_3,2.879953056750131,2.619664666590517,4.891991277561833,3.522441228842937
31387,pop_3,2.578764467717956,2.9065655931927905,4.620726793976921,3.3305848236861895
31388,pop_3,2.4955027924153166,2.7984304860082467,4.9580685725237394,3.554147079213328
31389,pop_3,2.745386137724003,2.901457652104341,4.797585986493023,3.763681286472748
31390,pop_3,3.048247922112872,2.8208624353521374,4.506228525452471,2.88000377503662
31391,pop_3,3.156708905326772,2.730916235157796,4.707865989836674,3.743912376735939
31392,pop_3,3.0194222218340343,3.357722076522449,4.691476633749315,2.8861174153025457
31393,pop_3,2.66146951316197,2.955163676826723,4.970153437905627,3.5167043892267857
31394,pop_3,2.816226629048823,3.0299341972882536,4.617890468666921,3.644946454916604
31395,pop_3,2.8968319465600496,3.5218300342359523,4.8097252044603955,3.137255769949284
31396,pop_3,3.002073382680035,3.0166105668184695,4.686476797619246,3.1227682197054856
31397,pop_3,2.5321544504820346,3.1326991400093553,4.550448171373399,3.4530116465573024
31398,pop_3,2.9382859993420585,3.284674389215872,4.706076602701832,3.474027421845388
31399,pop_3,2.492834846868833,3.2222198687699657,4.983230297681626,3.446332105703446
31400,pop_3,3.117862367615876,2.9802669425058084,4.834449903353859,3.292043074062702
31401,pop_3,3.010905956926848,2.892836806851964,4.9536627756237746,3.300719275029276
31402,pop_3,3.0875800524503623,2.597461360860057,4.382698984781095,3.547509445141334
31403,pop_3,3.083067035253729,2.978311126514098,5.17647383796456,3.2019996022443973
31404,pop_3,2.7664231334309166,2.8267870162472604,4.648258679851227,3.2684636023103137
31405,pop_3,2.936955849641174,2.667686920197054,5.189579048503252,3.5684047952568743
31406,pop_3,3.065819844233104,3.2617941247146884,5.093803802131686,3.32949298757081
31407,pop_3,2.7650717908053197,3.006586486936912,4.59569398246793,3.999719078798021
31408,pop_3,3.01616981968571,2.9970205806806516,4.590096645235728,3.581842647648779
31409,pop_3,2.8175364873907025,2.6042567537718297,4.72584209047391,3.3500745256915865
31410,pop_3,2.8786368845576504,3.0109972780729857,4.904105057916802,3.2953960439534673
31411,pop_3,2.7355351379052846,2.8847674446779545,4.900346258762978,3.5697542253364296
31412,pop_3,2.7645692618436524,2.7836688163480914,5.006162250192677,3.326937646123023
31413,pop_3,2.753528947162645,3.077220128202777,4.717837144288545,3.278552100417762
31414,pop_3,2.897074216831946,3.08361433798286,4.723689737744276,3.200536614099963
31415,pop_3,2.5052398368941504,3.187173206217568,4.531804552398174,3.2881510959865192
31416,pop_3,3.0942382316021195,2.732607033172767,4.938348791785362,3.8460311644733043
31417,pop_3,3.1553566131422186,3.5832330153912677,4.941435106689806,3.041632608655746
31418,pop_3,3.006862715255061,2.9973855742294417,4.686135994305183,3.8990002932662517
31419,pop_3,2.931983503112598,3.2815767232762334,4.9211972934270065,3.273313405326215
31420,pop_3,2.813403571994592,2.9306743036278755,4.676039207819716,3.3432861219986933
31421,pop_3,2.57856099181478,2.757418375941736,4.792243446066252,3.3245624100025286
31422,pop_3,2.844461694015746,3.2005671493190833,4.84816902948348,3.2640655314249942
31423,pop_3,2.5072798317705725,2.8136633034289917,4.752343676881281,3.6014220335507363
31424,pop_3,3.18962029967895,3.1028507029192682,5.410548728389014,2.7992242390136113
31425,pop_3,2.7376860331518356,2.832260107836311,5.077161305661284,3.5544531408905176
31426,pop_3,2.9120975394847295,2.643972362985205,4.959801800221276,3.5932016337178547
31427,pop_3,2.991520254440903,3.4294631021324467,4.872143447397771,3.1845051783343514
31428,pop_3,2.7255133966828606,2.32186991516977,4.844179750228807,4.1539878848746925
31429,pop_3,2.807017094136276,3.1349542473891674,5.032421694147803,3.436979531973538
31430,pop_3,2.753958935580816,3.519780199233115,4.794946694894958,3.2844455182414882
31431,pop_3,2.793024004060263,2.558527156672569,4.666235158842041,3.449281223558013
31432,pop_3,2.9786425283172506,3.517201627971049,5.0285453236722475,3.242907725040314
31433,pop_3,2.624109159355059,2.923890518480988,4.639440254805498,2.7606575074165187
31434,pop_3,3.0105171466217944,3.0484019181096893,4.914755610313797,3.714803361229656
31435,pop_3,2.8064094119789393,2.7952990484923537,4.86812006990738,3.393480026782927
31436,pop_3,3.118959314327765,3.1513205670484434,5.110767447504214,3.285882791061285
31437,pop_3,2.813840777108956,2.8937632307832577,4.749879650543761,2.8419837924932265
31438,pop_3,2.6078779189958468,2.855186416288074,4.744490902392571,3.6060438850120993
31439,pop_3,2.8166254044291033,3.151224982478791,4.60363759365746,3.476024293562853
31440,pop_3,2.3983054869812412,2.603302843915163,5.084851600798326,3.3672933089605026
31441,pop_3,3.228146683798284,3.0025119949975565,4.372002285585166,3.414994350313306
31442,pop_3,3.2057673691017534,2.9842893893239237,5.053055140884354,3.3699885491137422
31443,pop_3,2.878352941505675,3.291453736660572,4.668848200875577,2.8884570151470963
31444,pop_3,2.967450330311986,2.9826240424225987,4.277385066858531,3.7804711456295568
31445,pop_3,2.8307614437299833,2.6690878716381783,5.236887294047537,3.7122318116222366
31446,pop_3,3.2376875278642974,3.106299680851403,5.080374291422442,3.145269884907266
31447,pop_3,2.739522139072238,3.120040518344369,4.828689917191494,3.282565769785785
31448,pop_3,2.827254824268803,2.9218479878055557,4.716190921728586,3.430431096314846
31449,pop_3,3.0916499201617724,2.973070497688407,4.6723836673043175,3.7901379130755113
31450,pop_3,2.760736892774771,3.542837989163773,5.27226106652556,3.206215722468201
31451,pop_3,3.4615981886509886,2.921312114525668,4.506224948592713,3.1775622718804835
31452,pop_3,2.9817957115212677,3.1546016819885003,5.042110589624545,2.6709444499718398
31453,pop_3,2.811140748278341,3.11167214636129,5.295395908235882,3.5380572423354075
31454,pop_3,2.947771676256789,3.334061055125704,4.886850195956756,2.979726353238571
31455,pop_3,2.998370564649911,3.4970296877790075,4.736849737557776,3.654861161087646
31456,pop_3,2.9030113355182965,3.018522736038597,5.114120714237753,2.9966308535843016
31457,pop_3,2.8299194764629516,2.9758779925432997,4.786123510281721,3.275943180833372
31458,pop_3,2.900296589207956,2.9515559827355604,4.300431073436196,3.4428289530612846
31459,pop_3,2.97256825273153,2.6110497361755094,4.926167021039014,3.5582035133073915
31460,pop_3,2.922834974794397,3.1208074047639434,4.582468281136695,3.233695068276314
31461,pop_3,2.855131573642846,2.3782884769974877,4.5511969939070775,3.5619749264262532
31462,pop_3,3.4182085659501658,3.009132391918334,4.860707614433388,3.248550235990328
31463,pop_3,3.2009876456207347,3.2857667344793544,4.546977857878545,3.195765894433162
31464,pop_3,2.843800286035859,2.9603310967868266,4.844695638758351,2.799793372163144
31465,pop_3,3.0717510654658025,3.453314350879524,5.347723752265375,2.5614591891613543
31466,pop_3,2.9335790783026723,3.0178887063528976,5.137749255948433,3.4185004107620576
31467,pop_3,3.1268217449919335,2.7434354801029084,4.64439548899059,3.4746009420884314
31468,pop_3,3.2242675234835634,3.077849604061258,4.823178679451239,3.4320475286040524
31469,pop_3,3.094161126340253,2.628625426364597,4.347666858673332,3.2456892767962358
31470,pop_3,3.162499680324623,3.2721610319568284,5.096191374734037,3.538729127190625
31471,pop_3,2.768063752476538,3.178576813412069,5.342135942270729,3.17938591546851
31472,pop_3,2.9743511425477216,2.7529346339054026,4.929938997036643,3.6562086634357143
31473,pop_3,3.0327092894297576,3.1657060538074693,4.673857479324658,3.1645089276700276
31474,pop_3,2.969846066145388,3.0516460298032166,4.894724499762951,3.387525165220095
31475,pop_3,3.075872221968435,2.7510169894309078,4.68430481676102,3.4925611419636136
31476,pop_3,3.287492285562052,2.8535956673942082,4.618642928538378,3.6749250043952464
31477,pop_3,3.17410685178242,3.1922506752705155,5.037474692161072,3.314828373205923
31478,pop_3,3.0275424022825015,2.9832803976600943,4.854518785074307,3.576189542904289
31479,pop_3,3.0202381544471697,2.2843278256530137,4.9017027112117235,3.2664310673877854
31480,pop_3,2.8214697903176216,3.2246359605204318,5.1026398988088175,3.370088020484906
31481,pop_3,2.8368202694320086,3.0291259005658677,4.560487196142418,3.3485158484356705
31482,pop_3,3.0679032197223544,3.457100808370683,5.247342001160514,3.116210155378457
31483,pop_3,3.295184700386415,2.8840885114569685,4.683241932094357,3.1918058666076314
31484,pop_3,2.9315919012127467,3.180136542433077,4.7892622857079,3.372323391284824
31485,pop_3,2.9397804602329196,3.084805543843195,4.873435037230609,2.956397885376407
31486,pop_3,2.8650278876792954,3.259863792260749,4.692034075737902,3.445802352395518
31487,pop_3,3.032255082755466,2.856673964309497,5.063037094914804,2.778018593841745
31488,pop_3,2.89907254710972,2.7770669893691267,4.781790682352849,3.4841764022088184
31489,pop_3,3.0673673217000395,3.3604638427691804,4.973467987030721,3.7131439606823635
31490,pop_3,2.965076149874731,3.174315168180252,4.8724506946946695,3.068034178874841
31491,pop_3,2.5101576026231234,2.92383544041132,5.180024653735831,3.096524244608236
31492,pop_3,3.1941472891305938,3.0401437604002504,5.063285548424306,3.4097593574984852
31493,pop_3,2.727103878894235,3.018752560062289,4.479590893322859,3.310530626140375
31494,pop_3,2.514108557441094,2.9340639458946556,5.108644387243832,3.600734760713232
31495,pop_3,2.865034377158817,2.6949627983317193,4.691861361009038,3.2050181627298064
31496,pop_3,3.2039677438861194,3.051176490451585,4.723456377948194,3.1631456674278025
31497,pop_3,2.543056816274888,2.9626361500691654,5.2119821192224185,3.2106084182350996
31498,pop_3,2.982531573306447,3.211885713789812,5.116058757624854,3.184282218765484
31499,pop_3,2.854101586543486,3.0547296548128156,4.653716507620184,3.5004754814301577
31500,pop_3,3.0175430867834256,2.942523009556088,4.963607394773709,2.779410471911412
31501,pop_3,2.8492429717516883,2.690467667992762,4.134521527793649,3.511638161949694
31502,pop_3,3.1821941272532097,2.9885378905684252,4.684934079645852,3.00542712773542
31503,pop_3,2.950377484339687,3.1264201145055317,4.560657904158196,3.106411088456362
31504,pop_3,2.7966505324572153,2.8396993629391822,4.736277476691435,3.3044760113777336
31505,pop_3,3.3482954905945532,3.1846160960567684,4.863264267486717,3.4966036904676896
31506,pop_3,2.695137645842447,3.145100423322106,5.040442165072014,2.944989409459782
31507,pop_3,2.418027824141822,2.8262978862077057,4.884560480236121,3.471644374012358
31508,pop_3,3.095594151557847,3.326390805356822,5.105801156373856,2.894036183687038
31509,pop_3,2.5870976520052933,2.737912096108369,4.241398679242211,3.2574449072602674
31510,pop_3,2.996453696647301,2.6558002441556035,4.641000157574307,3.554578145385262
31511,pop_3,2.7041708272004255,2.901565194253098,4.3209681720715984,3.6324135440463907
31512,pop_3,2.923225648851676,3.131522973595495,4.547942494145849,3.3804553053623834
31513,pop_3,2.772762211806709,3.182208568949594,5.072729213857897,3.0402030479071542
31514,pop_3,2.760179818363058,2.425915755423116,4.661686324879523,3.3484065040189024
31515,pop_3,3.0932079087606708,3.4274713699826216,4.840009981635883,2.8221351500349
31516,pop_3,2.439950947268127,3.231472161003629,4.652047399152638,3.7004250816531212
31517,pop_3,2.545578887426024,3.3818926028740375,4.918859730106667,3.4881176399941722
31518,pop_3,2.989264557215512,2.8831125031324265,4.8327408569222206,3.3601409522727894
31519,pop_3,2.9674936709439272,3.078407031382627,4.52906672731482,3.570160050254369
31520,pop_3,3.1749192676377476,2.6143968725833466,4.804302952782394,3.4497853187812235
31521,pop_3,2.830016507300977,2.988467129300745,5.302106638985732,3.1875891397417426
31522,pop_3,2.7239920947808955,2.6137916084683326,4.651525928813652,3.33027655799204
31523,pop_3,3.2999255867893544,3.0063694441422766,5.247170766015951,3.1054481129438662
31524,pop_3,2.9327929962162225,3.2113812618723157,4.847681010427713,2.8976565530528613
31525,pop_3,3.078291930986025,3.260060573768918,4.7500873236963,3.5364794068004897
31526,pop_3,2.439448536808824,2.9216625263023235,5.252915914387081,3.274918609656674
31527,pop_3,3.357340166916841,2.292585975529569,4.792623815013938,3.502636176983282
31528,pop_3,2.620336252496383,2.975126249643922,5.051709116078937,3.5297445416661097
31529,pop_3,2.7785640344204947,2.9771456281246844,4.529973100221773,3.471930814311826
31530,pop_3,3.078577486258809,3.0761799752251715,4.697710374379506,3.2627835693413956
31531,pop_3,2.93398469300973,3.0560157534592984,5.205018436074888,3.411886537707382
31532,pop_3,2.6820053960735604,2.9114560479928993,5.162782034327569,3.425896826686436
31533,pop_3,2.9473157372787493,3.491995339980967,4.870682581985844,2.75346534376959
31534,pop_3,3.373493195294068,2.8477598105543023,4.5304299801725625,3.914197766717431
31535,pop_3,3.168524332728307,2.860277056715506,4.814992881908602,3.211790492710698
31536,pop_3,3.0320976977321723,3.055923304433844,4.904144573192009,3.160125640771889
31537,pop_3,2.982025318192048,2.9862581284048155,4.783198518390911,3.135890916433228
31538,pop_3,3.089957926479332,3.033075706341161,4.544445845637143,3.2217621659579376
31539,pop_3,3.1853715389686093,3.052557844618378,4.791140807687066,3.443376763618896
31540,pop_3,2.917814369931943,2.986977913426636,4.496450665620037,3.088188680976129
31541,pop_3,2.9777530872525335,2.9435840816389205,4.870857292308598,3.4133256510724124
31542,pop_3,2.743966006218698,2.6767527851081967,5.036824033570332,3.3278494829045915
31543,pop_3,2.724087431169486,2.978010288718462,5.208562160610371,3.215607148212492
31544,pop_3,3.07026604094028,3.0003414466284286,4.999091816690882,3.8311444200439175
31545,pop_3,3.084417541267556,2.8359079214535474,4.608899887004952,2.7812097850256965
31546,pop_3,3.1609843450540227,2.932580126862807,4.739527132023451,3.313230740193462
31547,pop_3,2.5577910724565824,2.791546907733671,4.873323574718224,2.487152025683038
31548,pop_3,2.7108707991254177,2.8272982950602397,5.040180571369132,2.867640151919649
31549,pop_3,2.967183180856137,3.148229213717323,4.679443734443371,3.0325444502461965
31550,pop_3,2.9894779704318912,3.055033772350582,4.215721121777287,3.419928666210391
31551,pop_3,2.82340244844979,2.9536406714874235,4.7391601927242615,3.2548753582903047
31552,pop_3,3.2889333519504653,3.0396093117129603,4.909322900475787,3.0164603721066428
31553,pop_3,3.08035285452162,2.9504075769818057,4.949342866715993,3.445977380307729
31554,pop_3,2.8819512512030276,2.9524046573346685,4.920368560250712,3.0840590125656457
31555,pop_3,2.6569717210792314,2.77480485969456,4.913159534635579,3.5246899394995665
31556,pop_3,2.9226905064479958,3.4629196675197944,4.959541097981219,3.2424474180288434
31557,pop_3,3.1124173022887693,3.2384202249656067,4.802419102249487,3.024792124432391
31558,pop_3,3.267742716368632,2.3942627956886637,4.932392787633737,3.3956802832497717
31559,pop_3,3.0034789749342106,2.998079940465987,4.972154323525274,3.290868113136865
31560,pop_3,2.914935435500896,2.989192919706644,4.466732517444472,3.593893076757816
31561,pop_3,2.929380649367611,2.5909962461889564,4.380789487461635,3.331585470635148
31562,pop_3,2.594674668792244,3.295866135303646,5.123223135896727,3.4416977080307003
31563,pop_3,2.7769121477560472,2.585230757120227,4.676110668488879,3.5655078663587156
31564,pop_3,3.0038276753727797,2.9649480961784156,4.796146747009602,3.478027831854285
31565,pop_3,3.015905000478803,2.8591752375871935,4.861001556469291,3.109083992255388
31566,pop_3,2.3775858183253997,2.5584495870745965,4.452506412867441,3.7195134434890247
31567,pop_3,2.5806888811441735,3.3821305418406475,4.833933947653611,3.3199142783220528
31568,pop_3,2.8167919117139792,3.7529429731552204,4.917423001758416,3.1584414181028064
31569,pop_3,3.1176962627356435,2.9962557332901394,4.589315699272444,3.5637691675233043
31570,pop_3,2.6300887337006795,2.904346218368739,4.820558049140321,3.6467133216106324
31571,pop_3,2.728218849580592,3.1631345559197035,4.642866093922892,3.3320016679221633
31572,pop_3,2.8996580076131364,2.6566416137870648,4.744654720458429,3.1783443117796826
31573,pop_3,3.245499084717412,3.236125117157246,4.879506577798075,3.2718693113444224
31574,pop_3,2.6071609603437804,3.0340699723978766,5.001959736506405,3.9853546842319716
31575,pop_3,3.0960360081847877,3.173522560140562,5.082596859184684,3.140460571792534
31576,pop_3,2.860405877001691,2.8508944258557047,4.7568222607685895,3.9534147264891493
31577,pop_3,3.1146800381593036,3.17797096290581,4.950176998329314,2.958053721902216
31578,pop_3,3.1383048690856,3.003118317840575,5.155787758448246,3.285214948550727
31579,pop_3,2.937642412686987,3.222888539337447,5.101669587483812,3.1353843347584758
31580,pop_3,2.955826221898364,2.7527946607866505,4.486834967136411,3.8609445749926254
31581,pop_3,2.8859217338807035,2.996265869116863,4.677390049656696,3.8588922199286833
31582,pop_3,3.3399793483545235,2.838209361899802,4.756980419581328,3.315412294781618
31583,pop_3,2.8242200159145203,2.6993300830438334,4.551325927175154,3.5520742837242296
31584,pop_3,3.0395313119127434,3.5989464594633227,4.948730525699237,3.159559630646339
31585,pop_3,2.7595937884673916,2.979251461784338,4.643797592758705,3.4654180971576327
31586,pop_3,3.127102528529993,3.2150860282384373,5.13106384577729,2.8815053076591997
31587,pop_3,3.1681070140914223,2.744930420591165,5.195565036538576,3.061487453650723
31588,pop_3,3.0346570438879077,3.2313175666709877,4.983544091394644,2.848277950564141
31589,pop_3,2.9044542155022244,2.542376413897763,4.492947307681382,3.351167810257698
31590,pop_3,2.5896736779690164,3.0021487952890307,4.599078482151573,3.50287126024504
31591,pop_3,2.8834026104122987,2.849662446958846,4.406565725930171,3.796773481729397
31592,pop_3,2.7051854598169442,3.153925192452303,4.813996623232295,3.679548140130031
31593,pop_3,2.9726938264094125,2.8209599420273377,4.487532255023798,3.245856753074545
31594,pop_3,2.8336867177542384,3.033633900401631,4.56696863158771,3.1622732603692887
31595,pop_3,3.052804701099529,3.011831698436143,4.556148471112228,3.529250478628857
31596,pop_3,2.6682332953980907,3.2776967013263443,5.12579925346361,3.669002511454063
31597,pop_3,2.9195103009466674,3.0738577154218163,4.945242645017817,3.4327172857185433
31598,pop_3,2.8024787936779125,2.8287045418663745,4.9798505814110205,2.666569597828712
31599,pop_3,2.6973537933172835,2.846967615864388,5.104856555949925,2.9640027167532748
31600,pop_3,2.4413823058772093,2.9286210644582003,4.499639453852167,3.7457103797051006
31601,pop_3,2.4755209821441477,2.8004304282931893,4.684210137599697,2.9462539983054623
31602,pop_3,2.6905163284040445,3.016126190563027,4.9964131992841745,3.682252071863295
31603,pop_3,3.337993788509734,3.1698107898581696,4.767186155479194,3.175135017566424
31604,pop_3,2.7523036983935025,3.0452028086256178,4.734287671457844,3.4674425755545797
31605,pop_3,2.5437749988787104,3.0871155913406207,5.09693296597526,3.5890543345526176
31606,pop_3,2.931097148922678,2.882012481009958,5.007781761537406,3.117452594740174
31607,pop_3,3.0064481291106993,2.9965544733067984,4.419578627672506,3.4475396688996898
31608,pop_3,2.720065493278898,3.220679660550089,4.617445329047451,3.624742828014069
31609,pop_3,2.6594751545216258,3.0317496265679114,4.7830877208655105,2.968937324193859
31610,pop_3,2.8305997972905654,3.0899469396447747,4.566835132787294,3.239954544617929
31611,pop_3,2.7633298553980383,2.7262822861380482,5.215229471622122,3.1919931215455937
31612,pop_3,3.6308780256070468,2.850779087581687,5.0779988160993135,3.4050747770417735
31613,pop_3,3.0715063218104057,2.972871345772693,4.649178438514637,3.4672589624577252
31614,pop_3,3.1054954158407964,3.0156918044873486,4.331488462576858,3.5922788282509774
31615,pop_3,3.0154690852105017,3.345178664373078,4.949826035449163,3.292733418042598
31616,pop_3,2.8976735892188006,2.816461603697812,4.813156869933624,3.280456872960713
31617,pop_3,3.0007422527665075,3.5472796379191163,5.360691108326061,2.7181228011479166
31618,pop_3,2.5870542289042504,2.451803322081433,4.8351307955110165,3.3941225305445735
31619,pop_3,3.053592740740487,2.7740447422642873,4.731750597382872,3.332919088044569
31620,pop_3,2.865491918163304,3.1119101179209445,4.3541746490494155,3.0942888225718983
31621,pop_3,2.777176783115223,3.1153732155682845,4.446154037986016,3.6383094905019635
31622,pop_3,2.887207205622183,2.889149898107029,4.574096037257826,3.3482352082228224
31623,pop_3,3.185981857193227,3.2379029497630913,4.629653229293309,3.115294349795185
31624,pop_3,2.7865293337955834,3.100321488675066,4.5474119736097665,3.544698936302649
31625,pop_3,3.3900024563655955,2.890874714257517,4.611073487906729,3.463168492251278
31626,pop_3,2.350353369297158,2.736648323851293,4.672613693631264,3.7123520099821925
31627,pop_3,2.962626568008777,2.99343462920387,4.42736064188085,3.6885720545399376
31628,pop_3,2.953236675422734,3.286214096703369,4.593296836818225,3.624110389836255
31629,pop_3,3.1816922408887263,3.028727642581923,5.1291644084625885,3.456801561844815
31630,pop_3,2.5791276842890105,2.6394231909449366,4.502490218378615,3.3578096429252877
31631,pop_3,3.040165221995337,2.7365124316206244,4.4327683585324715,3.7492312609470226
31632,pop_3,2.9125688961658196,3.2275970191080523,4.981336386535522,3.0911993549011205
31633,pop_3,3.023583086862891,2.92703329532343,5.3202241887395765,3.3812835313484237
31634,pop_3,3.000232920274698,3.3758610530680957,5.288621579587061,3.2233098769703976
31635,pop_3,3.2032141497163114,3.015121234699202,5.100947769789502,3.201098399398807
31636,pop_3,2.9822815522782027,2.9539896846089126,4.951371236225579,3.7085782858299785
31637,pop_3,3.172989264782183,3.3368500509334753,4.798879701961346,2.7903168449746065
31638,pop_3,3.1104300570496783,3.0366292106637855,4.962690790042938,3.1741166815876265
31639,pop_3,3.189094706952414,3.464936448084986,4.979118228447264,2.9508444151302426
31640,pop_3,2.8955917477777655,2.848973904389559,4.492386044694842,3.170287076913278
31641,pop_3,3.014748646896695,2.758727885367268,5.008638494994737,3.420687519390934
31642,pop_3,3.0400701391028573,2.6367878220417085,4.718695816412722,3.537479912857044
31643,pop_3,3.2891914887493607,2.87170053459457,4.655933536700994,3.232169982302463
31644,pop_3,2.7549453008887235,3.2791479975775455,5.054052329048437,3.2069749347937
31645,pop_3,2.8590604764976337,3.257798024460638,5.032783254017313,3.6883427521943175
31646,pop_3,2.9528230828958346,2.687988531732146,4.8881997275181135,3.829106167128081
31647,pop_3,3.0238537934750385,2.9463325782553853,5.197248110581028,3.257807789225391
31648,pop_3,3.0101872441945074,2.7753575696438118,4.668999316309056,3.931310098372073
31649,pop_3,3.1173833875246793,2.8873242651355513,4.541200959869295,3.6543720760449387
31650,pop_3,3.2842278779702347,2.7002030430556623,4.4851567572352815,3.6095713349696212
31651,pop_3,2.884223522072127,2.69547840579806,4.542541094322564,3.303201362756046
31652,pop_3,2.926277962303994,2.7452873492980387,4.7284749489935765,3.469643660967602
31653,pop_3,3.050619155603042,3.1111479014556593,4.9080802039697256,3.1192655464322407
31654,pop_3,3.21579405433753,2.9029182566659006,5.010253426579127,2.7877006738212593
31655,pop_3,2.7859911551266237,3.0795517642898624,4.977782021861985,3.34248708470769
31656,pop_3,2.8666411261290112,2.9975920453598692,4.481518575555904,3.7110674965947967
31657,pop_3,2.662506421435858,2.7991318377837984,4.933418897226871,3.8033934090135952
31658,pop_3,2.8194501343228175,3.1524249230798316,4.4902740113342645,3.2245011254584255
31659,pop_3,3.0476601072299383,3.152249910049146,4.450516247719653,2.9132446110018755
31660,pop_3,2.598341817876363,2.689154541050093,4.7634396594362824,3.821157799044162
31661,pop_3,2.2614580621778098,3.0667294143605273,5.226349893441216,3.265041270497944
31662,pop_3,2.5743545981103835,2.9504867147568046,4.960139945823917,3.290278793581624
31663,pop_3,3.2247016245126745,3.217542415353873,4.613772998231667,3.4406448638427425
31664,pop_3,3.214293193212686,2.727442703350114,4.92647322673675,3.6023219675613873
31665,pop_3,2.6914148461552307,3.1926127685351795,4.787161968558156,3.3253627070249907
31666,pop_3,2.622479504007459,2.7973697694322976,4.6659649863731065,3.595778670810425
31667,pop_3,3.0096469724160566,2.9432081700912107,5.107511197369886,3.083624937217545
31668,pop_3,2.7856310447450983,3.3871933121119566,5.002107044798707,3.1063911684413608
31669,pop_3,2.844232938691635,2.849949529597494,4.671954275208655,3.4393428452444055
31670,pop_3,3.327780916431709,3.310566651386856,4.843459187266083,3.0835441417037783
31671,pop_3,3.116199084641768,2.942843651436041,4.723385050493938,3.1849534813778333
31672,pop_3,2.990982408675038,2.998797270788186,5.3324356564715725,3.448787706976897
31673,pop_3,2.9162337095606543,3.4239757554169303,4.786431536625786,3.14873541329472
31674,pop_3,3.331404251807158,3.2685209122451306,5.102260537526838,2.7749880962567386
31675,pop_3,2.882207334036439,3.282994244807059,4.605811807472843,3.3452833400956736
31676,pop_3,2.369828283128106,2.9138861626663766,4.888488283316489,3.6649661764633925
31677,pop_3,3.1607310198551413,2.7309846793081904,4.566817491905128,3.5270402792779594
31678,pop_3,2.4742450727271006,3.1504497738550037,4.482828256940066,3.650090755807374
31679,pop_3,3.0302838177546385,2.9708219922685033,4.67720112000404,3.292363230977848
31680,pop_3,2.8940755136634944,2.90635898443922,4.694455643841919,4.108271707098594
31681,pop_3,3.0904659277228985,3.027672236245867,5.049630660855564,3.556951913543125
31682,pop_3,3.023504690710323,2.627781598857026,4.580490755123425,3.6232300537356035
31683,pop_3,2.991389678876825,3.6829334527812083,5.335373167579736,3.1212943460008704
31684,pop_3,2.7202092186430225,3.3069846110820356,5.27068960254395,3.464059465281894
31685,pop_3,3.1256187292393496,3.2726270310174645,5.4905457088793845,3.3239031207506287
31686,pop_3,3.155803137200572,3.185049148698361,5.081884777915515,2.960123556620895
31687,pop_3,2.9506106356022372,2.952727810088132,4.636111772858869,3.7914896652387364
31688,pop_3,2.9396042679453194,3.160249040213982,5.0804887052898255,3.3184953771247008
31689,pop_3,3.2972606574324193,3.2731895824384765,4.965073307215836,3.17838481211451
31690,pop_3,2.810381957670952,3.179072977848492,4.950663997020814,3.485793735116839
31691,pop_3,2.93706224588118,3.33820544264704,4.83686920275794,2.7637195494539837
31692,pop_3,2.766899015414166,2.8114808031780383,4.421072356938055,3.3983177756282723
31693,pop_3,3.079795355735189,3.1493208622883007,5.074900791990745,2.963179358123229
31694,pop_3,3.1272057929348467,2.992579023664178,4.91480756519288,3.1410862515945546
31695,pop_3,3.238636534239825,2.6532811850176237,4.2998066083800275,3.811612722713719
31696,pop_3,2.5464706847353273,3.0492444775457845,4.61400615038028,2.8500782488504184
31697,pop_3,3.2136290378246284,3.1661416389883,5.265398051850168,3.3117362433900994
31698,pop_3,2.848574012913758,2.690278893052395,4.593919153993363,3.821843483348541
31699,pop_3,3.0328015171079366,3.410942132448881,5.293346111399937,3.102455787494976
31700,pop_3,2.7841356764902483,2.9445957667092184,4.7952403519143765,3.026264058197001
31701,pop_3,2.5646351195194352,3.5681049120740878,4.986034373007191,2.8970279746868677
31702,pop_3,2.886721591206538,2.83464730571922,4.918288883330752,3.1527595231500056
31703,pop_3,3.082833111403791,3.161295435545257,4.837350109478529,3.623144947582694
31704,pop_3,3.1396495658105175,2.9181656258593742,5.112014226275161,3.6926741490649664
31705,pop_3,2.7694004082381523,2.8185221806336145,4.363825192465027,2.8664787172675075
31706,pop_3,3.2112876529736547,3.6613302688261795,5.177452967146018,2.3848587281197338
31707,pop_3,2.9291494850812434,3.4238479285723153,4.601378357752353,3.349348872486461
31708,pop_3,3.1863134676249163,3.131632648289242,4.398679702748568,3.11977963250056
31709,pop_3,3.0560206153202216,3.3323813608458908,4.860522995722162,2.8446985726334244
31710,pop_3,2.839648590803293,2.963229281539955,4.853235579094624,3.314847773880526
31711,pop_3,2.9141034308277582,3.0516639901145295,4.804679721605069,3.110789563704485
31712,pop_3,2.7801815027665486,3.410155007326541,4.749901019555928,3.147492002307183
31713,pop_3,2.833663704304104,3.2285747560086175,4.736144836800219,3.4662287630961064
31714,pop_3,2.8572040082170944,3.232300904453491,4.95228185489978,3.312066024540957
31715,pop_3,2.6872748298914018,2.8931790886039006,4.496238906267316,2.969138334171202
31716,pop_3,2.8946117537437424,2.7936452287020677,4.876676761605141,3.491963552916806
31717,pop_3,3.0862663906470806,3.3396044923191166,4.825306173247095,2.432228951488014
31718,pop_3,3.109879335362582,3.442849017323357,4.961849723231458,3.288417380417157
31719,pop_3,2.8210481384910193,3.213497181630027,4.575661409059476,3.2537857056976223
31720,pop_3,2.7641232680458554,3.3072740821423396,5.05433850145567,3.2894111099504206
31721,pop_3,2.638942682703602,3.0346201600449056,4.631548448976718,3.603664393843285
31722,pop_3,2.8604920523132837,3.0846438270878447,4.709726476389817,2.7000485692200376
31723,pop_3,3.2113495235615193,2.8455932911649415,4.7388345697028775,3.3463948054025185
31724,pop_3,2.892148868937626,2.888782712000559,5.032053597795943,3.5950943313945913
31725,pop_3,2.9222847416924087,3.027564464411024,4.989171874860935,3.419000388387971
31726,pop_3,2.7635128553993304,2.8635616736557616,4.832549634845394,3.0635499707233387
31727,pop_3,3.0730034198262812,3.438866697283766,5.167231780707345,2.6903194335931326
31728,pop_3,2.965644001594689,3.5522565830379613,4.783278386333089,3.1960844829697717
31729,pop_3,2.774414118771801,2.546662992951349,4.417166795915165,3.4611293809520225
31730,pop_3,3.3290165244234,3.417743249208814,4.72931494216278,3.109621731407577
31731,pop_3,2.8079707702597165,3.046728320527391,5.116622076980091,3.536090858699817
31732,pop_3,2.9841404531587834,2.826816407420179,4.856800139105302,3.277079075439323
31733,pop_3,3.257321120450609,3.417536463105884,4.8388893541699645,3.2753351274853646
31734,pop_3,3.1740150336419313,2.887069867392655,4.754047768303173,3.4073438907488915
31735,pop_3,2.8331326164091166,2.8503796017676573,4.717192548062769,3.174359965913926
31736,pop_3,2.894386263120908,3.0706213785913463,4.736409271350798,2.898765414082431
31737,pop_3,3.014847783016733,3.1864292733624304,4.865801663343861,3.0739431690375505
31738,pop_3,3.054475387452794,3.0313189284863844,4.685571060878978,3.5311974452690804
31739,pop_3,2.949428757143179,3.1140236388345954,4.81645814303698,3.364761913751199
31740,pop_3,2.8407672117391116,3.4629127587517674,4.896186528786954,2.9513315193457856
31741,pop_3,2.945416013999242,2.796543564577912,4.770540996752322,3.6400704088679414
31742,pop_3,3.1541580046607525,3.3923617378505733,5.03834354745279,3.248388416570457
31743,pop_3,3.0380838418878553,3.0651491843486136,4.859683976128859,3.0796518550860186
31744,pop_3,2.774852854353474,2.8416190544237008,4.552604446643317,3.5524007594687084
31745,pop_3,2.9825272457937757,3.18684567799032,4.960704468432624,3.053641598218992
31746,pop_3,3.0844194468484893,2.872711768868258,4.796691647675868,3.1192250570452957
31747,pop_3,3.36095376981403,3.3542054660560945,4.5311642172579125,3.5293336018761954
31748,pop_3,2.839530406591741,2.860659392653781,4.636102520562372,3.515632430155549
31749,pop_3,2.7621077689890887,2.620016227125949,4.33270730367124,3.2731766225997942
31750,pop_3,2.5931537960456947,3.0193381424311188,4.649546170957801,3.2353788944476896
31751,pop_3,2.4385982010417413,2.8098328447187266,4.64236151672362,3.5020920706740726
31752,pop_3,2.9772992430315743,3.1508488479502494,4.545768885467406,2.704341308709807
31753,pop_3,2.7602483852699784,2.9708636335266694,4.509368965755167,3.8296974738424625
31754,pop_3,2.9266442033066,2.7481376237086885,4.83170512232055,3.6260609833981507
31755,pop_3,3.304579126711013,3.2831416425172533,4.788955953326629,2.9670439710865826
31756,pop_3,2.6559415918170246,2.8947911751802438,4.680652067364051,3.3851930629563416
31757,pop_3,2.977458708335046,2.808019737245579,5.149483594830886,3.6156787101146177
31758,pop_3,3.004374785364304,3.1224524339621342,4.782568545483125,3.196736931304146
31759,pop_3,2.7506264492459485,2.954376554709571,4.68132528077489,3.584861042642494
31760,pop_3,2.6518505247062083,3.2348956609433013,4.740458703471884,2.8315026173617794
31761,pop_3,3.4093864120809476,3.3168976461392563,4.65259697257302,2.7590030147335316
31762,pop_3,2.9711987385018968,3.4691248684865297,4.731859646641722,3.141664021701182
31763,pop_3,2.816872854508395,2.92147243411077,4.820341678443694,3.0199202420755813
31764,pop_3,2.884220414679565,3.178463793636537,4.658841676559637,3.027908813862323
31765,pop_3,2.591590475543306,2.65804023696362,5.152228777564963,3.436270537920171
31766,pop_3,2.9499611963583625,3.1046155992382998,5.118757482890945,2.6921640201894754
31767,pop_3,3.2945508486777113,2.7584742467403713,5.018956441493191,3.244000108852273
31768,pop_3,3.1346150536753443,3.002081284625664,4.672742021361156,3.814663434912012
31769,pop_3,2.667009832236716,3.2565820209681746,4.846456555566771,3.105400659630264
31770,pop_3,2.4277519195731623,3.1583209767547564,4.831911254621524,3.62109626196188
31771,pop_3,3.2753445165817867,2.8966127684006295,4.646266406699469,3.099652925524826
31772,pop_3,3.0165567991797664,2.915644328426978,5.069201994740844,2.9694541864485657
31773,pop_3,2.9189868787689375,3.6696499739128665,5.135666502244822,2.6502448731419883
31774,pop_3,2.9399225321327194,3.058886971166729,4.661997268090861,3.397694256849366
31775,pop_3,3.4136959262270508,2.5062236549551717,4.492561965099563,3.451135235611131
31776,pop_3,3.1520189749253573,3.0545250330696976,5.1810644284062075,3.174740859878669
31777,pop_3,2.530520832690486,2.9181507252611056,5.316281423524594,3.5224579436712684
31778,pop_3,2.542220365438872,2.895839819113954,4.763662106304592,3.4348055207521706
31779,pop_3,3.08898686691865,3.1210526615643555,4.791813566126288,3.194079213098952
31780,pop_3,2.770844551160186,2.5584498287784196,4.392295907369586,3.900954109005368
31781,pop_3,3.0233703567040804,2.978120923759132,4.643006733374634,3.3366593485926126
31782,pop_3,2.4662445137996376,2.8967289537096392,4.589195598507441,3.3044309925394018
31783,pop_3,2.9665617015983803,3.436147149450865,4.890230756606109,2.893878123126479
31784,pop_3,2.5264708598605132,2.91614461124936,4.557985569275625,3.5593306888612717
31785,pop_3,3.101599107480695,2.935339951776721,4.910078353211648,3.1142399283882405
31786,pop_3,2.811415078342813,2.939964622743176,4.623930150873394,3.8410625737098245
31787,pop_3,2.9840363189651256,3.127982099751869,4.668674051326475,2.940650911583919
31788,pop_3,2.9071585494645364,3.4579609181183217,5.095533053493338,3.268970948159659
31789,pop_3,2.768106747485132,2.955644485887212,4.395204730103366,3.116159108414284
31790,pop_3,2.561237123845452,3.1564724541024805,5.176941439830015,3.2529307055470644
31791,pop_3,2.8263805704029443,3.301694104199914,4.526159481973225,3.402442472181432
31792,pop_3,2.8611887882053257,3.314101742617033,4.3672665722600055,3.3899382984813826
31793,pop_3,2.9897689275752484,2.5160433197452665,4.9412707779895015,3.482418274477568
31794,pop_3,3.0029345205630955,2.8485440165767035,4.5571004267321396,2.9825210946119274
31795,pop_3,3.0284002273788087,3.0732033687589873,4.895839050414567,3.7838649497625214
31796,pop_3,2.884004237220569,3.165441395223378,4.883298668578252,3.1908116449467117
31797,pop_3,2.3827400126918015,3.2379999609224246,5.102893835454481,3.2994777480508857
31798,pop_3,2.869237380318782,2.9434712175434066,4.629324080972691,3.3492417842619164
31799,pop_3,3.33244393421623,2.93185189077401,5.003170846964443,3.388414989813451
31800,pop_3,2.843478481113783,2.688930337836485,4.919707685185991,3.3165066290814464
31801,pop_3,2.9854522908249796,3.0536083097286473,4.866153937487808,3.4889085062177903
31802,pop_3,3.185671080757833,2.7567672679145794,4.686764907190717,3.6306067263451647
31803,pop_3,3.3026440712777587,3.0791446259825728,5.029548277529757,2.9925429529053766
31804,pop_3,2.73143470450631,2.8021503665851566,4.730329632450716,3.4023706098480364
31805,pop_3,3.1046339669585,3.1788828416555956,4.998069329587398,3.2724019969729676
31806,pop_3,2.9016594629314882,2.9293047975381405,4.81625920632174,3.6490958733970027
31807,pop_3,2.9793521786161645,2.941159637834527,4.688721882867624,3.7530100602050678
31808,pop_3,2.9673918250259614,3.185796023658775,4.949579401383292,3.3900665015307623
31809,pop_3,2.861044027192001,2.6798094840347364,4.27277780188555,3.752774537078116
31810,pop_3,2.6909627601360495,3.257914384615514,4.831520310224813,3.522108323435485
31811,pop_3,3.289847123158455,3.086620352464323,4.595593874349572,3.3044132852567936
31812,pop_3,2.8886241200339784,3.2296474004721203,4.986822972333591,3.4966214718982984
31813,pop_3,3.076659660089711,2.667980914243553,4.395439144213574,3.894073962964515
31814,pop_3,2.9300284996909536,3.049380358970375,5.02378862901607,3.4560264711764335
31815,pop_3,2.984619670177938,3.0082184221242256,4.812509483162242,3.550700921003854
31816,pop_3,2.9847345133500465,3.111039204035338,4.920025270472801,3.004248314166885
31817,pop_3,2.8954713086680317,3.0807880742426006,4.952832251355669,3.5956989817626033
31818,pop_3,3.4729365054458796,3.5133476250571682,5.313518406281883,3.0540754901588807
31819,pop_3,3.165872429487703,3.0070199175834587,5.286734105625255,3.186931028022243
31820,pop_3,2.9713634406787013,3.1651238111751994,4.975274055915344,3.2124094023504255
31821,pop_3,2.6451806059522056,3.2794896369660087,4.858137021072426,3.417141426047021
31822,pop_3,3.263394337539233,3.2619590859317036,4.719686144903953,3.15619912559014
31823,pop_3,3.0434604002759884,3.0095109428301825,4.549234350517471,3.5010855187346444
31824,pop_3,3.3542513542393744,2.6966960889240568,4.847611755361387,3.8456337706244956
31825,pop_3,2.676099836017188,2.7414920534360747,4.830675662172781,3.234872138165814
31826,pop_3,2.8623986217811344,3.1665165710095264,4.835458048034147,3.1317463356366604
31827,pop_3,2.7029340609458328,2.853149919337019,4.607289826380061,3.116479826213122
31828,pop_3,2.9216464617160494,2.786090773362873,5.169451048780708,3.288957457065437
31829,pop_3,2.6483193049342453,2.8422694005305633,5.206757905082304,3.633866294521062
31830,pop_3,2.9877461966978527,3.123558775535881,4.902392977324357,3.373982458344022
31831,pop_3,3.2075291819070144,3.252908719307746,4.891268785219579,3.1832658899572692
31832,pop_3,2.760361711164993,3.040564055616127,4.460875799869216,3.267683598392424
31833,pop_3,2.834851226071829,3.193290805068234,4.697472189949323,3.069343956417044
31834,pop_3,3.169214537602584,2.954141883649416,4.862876921549409,3.160753791537414
31835,pop_3,2.9828221489158517,2.798584414946428,5.028164872459618,3.2681794464576814
31836,pop_3,3.09905622060207,3.000449633607565,4.690163046736137,2.9204849119571756
31837,pop_3,3.126626328338365,2.78906066653716,4.6599325773957405,3.5190418101995657
31838,pop_3,2.7745157128246363,2.939021741612799,4.915523814993128,3.1851599315706287
31839,pop_3,3.0159055786577684,3.2542239296520665,5.2752883136497575,3.3483584408543416
31840,pop_3,2.4881551379309808,3.54832752621773,4.846984668626926,2.8490124060612505
31841,pop_3,2.983713918342183,2.8973274946265293,4.728351200223028,3.2157486231490315
31842,pop_3,2.8480431805702677,2.814379499744101,5.052477373852634,3.397010771612295
31843,pop_3,2.867687806563022,3.3037014606842834,4.579741914160597,3.223001970980931
31844,pop_3,2.8429353101919914,3.3459733613915983,4.813043420710744,3.3896702806974712
31845,pop_3,2.750571122072395,3.2721669051984907,4.853568614723704,3.232230230577518
31846,pop_3,2.940073410265694,2.3335759121810193,5.048988780786857,3.2209315730481354
31847,pop_3,2.825072958795556,3.076558105869933,5.165845954393038,2.7245717171592454
31848,pop_3,2.6452529230896387,2.5668557490858115,4.201709147061978,3.364338644116331
31849,pop_3,3.156973079503973,2.95242076701295,4.824730991260211,3.188710614458949
31850,pop_3,2.8895971014495982,3.0543376664679047,4.917407813424126,3.0581246579325647
31851,pop_3,2.5583867756020684,3.3953254246311935,4.534397995311503,3.284415280069027
31852,pop_3,2.7586978930147494,3.0637581629929094,4.553968727107386,3.203683007436622
31853,pop_3,2.9507471112874106,2.94439237462065,4.564541216762457,3.175515076219439
31854,pop_3,2.8904434229214724,3.2600624661445634,5.227634933444856,3.244607419155637
31855,pop_3,2.71309346132283,3.0318698845914898,4.795027935392337,3.327078193137316
31856,pop_3,2.580267125052167,2.8845033748155866,4.904758414447555,3.535272261173236
31857,pop_3,3.087969007496758,3.018362995436612,4.763859911099663,3.03098467800491
31858,pop_3,2.705693965122622,3.0695155573145922,4.565618203402327,2.881682747947031
31859,pop_3,2.6939128155497163,2.894271726994865,5.0186807605980075,2.912249487711436
31860,pop_3,2.8398036760924152,3.129580267097355,4.9396713177905776,3.353153657638298
31861,pop_3,3.1227044940196858,3.1353311610312793,4.768909672928044,2.79208171279492
31862,pop_3,2.5779254185029212,2.9355444685176195,4.231114790095084,3.3276639354886037
31863,pop_3,2.9516148250169483,2.929785753297994,4.620876073181633,3.3047761033271037
31864,pop_3,2.7849024075991733,2.8270670852691087,4.870012989507047,2.720988068309632
31865,pop_3,3.318013216186278,3.547381463015701,4.9903493143489595,2.991601201155079
31866,pop_3,2.7358626791307694,3.1321730734459865,4.834478682977004,3.458083140090292
31867,pop_3,2.751052316399892,2.8782623374783545,4.493286566114089,3.9257703549356737
31868,pop_3,2.874363712559895,3.144569688772501,5.021344477406131,3.363935406929967
31869,pop_3,3.0723294758873916,3.2273381741343403,4.740970810473921,3.0849303491039395
31870,pop_3,3.182389149392532,3.1177667977060293,5.054422085042113,3.1072210623651286
31871,pop_3,2.942904875274187,3.326673572511049,4.590496047807875,3.1747036062672342
31872,pop_3,2.8890911788047418,2.9276424123131273,5.019746032432328,3.232509760193006
31873,pop_3,2.730258790929904,3.029041386643718,4.951985704014607,3.439373342515322
31874,pop_3,2.697922739185695,2.8207692233474386,5.058503504832645,3.981991679334595
31875,pop_3,2.6181037518667463,2.67981779738726,4.450404886778399,3.7552233902392653
31876,pop_3,2.84771486660352,2.9122685600209564,5.562278623405388,3.502965356397321
31877,pop_3,2.7260879068165087,3.1517145879505546,4.806762986786964,3.140179609386045
31878,pop_3,3.1893892740818974,2.875042652366113,4.706111603052441,3.3819340870760497
31879,pop_3,3.0243489794171623,3.4590711147407576,4.998033999110005,3.207290851599278
31880,pop_3,3.09716665029902,2.8786447463516023,4.717726036171319,3.1934410636963753
31881,pop_3,3.057976295904166,3.2114822280531707,4.958742880728504,3.03837581336609
31882,pop_3,3.2559294252470914,3.2194630229467758,4.5300737588046625,3.3026937492453237
31883,pop_3,2.6004150252820524,2.8650677171351364,4.859800477388109,3.178951383898192
31884,pop_3,2.871383643438511,2.898457258415906,4.938725718935206,3.5243259692446456
31885,pop_3,2.668943219452076,2.984386184074343,4.892592252816881,3.132087296442617
31886,pop_3,2.9746478839440478,2.982296383508117,4.724808270826428,3.527316724563875
31887,pop_3,3.089845382199721,3.2577634805657545,5.242698895085406,2.8141299392046744
31888,pop_3,2.969077315535254,2.867300829567756,4.659610053980018,3.210398737282008
31889,pop_3,2.6214967254094854,3.059638015445165,4.614008363983315,3.1445223347117306
31890,pop_3,2.877027382061684,3.0513608028035573,4.472841661204956,3.72096250030602
31891,pop_3,2.6131367417825775,2.5138061368402376,4.404695978959411,3.8977046736417984
31892,pop_3,3.019174026322684,3.0199217492181187,4.446456389287447,3.0734343719927795
31893,pop_3,2.9797568406976116,3.050653511603206,5.1715102907622175,2.9412514517991957
31894,pop_3,3.297818007443806,3.200642603012956,4.83548984984342,3.140855650292069
31895,pop_3,2.7879726178671715,3.380540128045212,4.944459833565805,3.2310617631087863
31896,pop_3,3.4405667131852122,3.3377701855370896,4.931427861174803,2.7313608195132413
31897,pop_3,3.374058492748781,3.0593482270231678,5.075826818215262,3.423065338241264
31898,pop_3,2.891847752273904,2.525571701147392,4.548402889461898,3.8425442796069134
31899,pop_3,2.905367065232702,2.9710781184344115,4.513547548763873,3.2541002979194062
31900,pop_3,3.382383816077067,2.9169424736836618,4.513719468297827,3.1371729625128397
31901,pop_3,3.1338858783373755,3.257094094305783,4.525119155076956,3.3986863724089025
31902,pop_3,2.9717178818541012,3.559694677758293,4.952238612654253,3.0637644438060794
31903,pop_3,3.3545607819175998,2.6752131936538,4.873515593746684,3.603259965167032
31904,pop_3,2.6344645999758947,2.9242137538036235,4.3633296290165635,3.806588880602952
31905,pop_3,2.68059994371431,2.988087473736439,5.071415013462707,2.97328133073994
31906,pop_3,2.820898608278564,2.5738019073832334,4.521139640181113,3.2957567226149562
31907,pop_3,2.498424755117233,2.9938357371221493,4.662967761687819,3.4875989451737697
31908,pop_3,2.9225785760676617,3.431671130074661,5.0622967000706955,2.971672184330846
31909,pop_3,3.0321403261046282,2.8923847430008607,5.091671293286692,3.442450332862858
31910,pop_3,2.7348101653991264,3.1705318244853213,4.974015464116279,3.2459887980064606
31911,pop_3,2.8711303224568905,2.9575237394857687,4.681546195989848,3.2825575507838467
31912,pop_3,2.900747254219849,2.770265071360368,4.558537528768698,3.4574765800398533
31913,pop_3,2.994688028179729,3.0795329803379667,5.255209461290382,3.035637435651875
31914,pop_3,2.790691207527675,2.7738726304473214,4.779272046713227,3.276833682066825
31915,pop_3,3.277709717339039,2.897668820968939,5.329228565905279,3.4076000892802045
31916,pop_3,2.5022569559012906,2.9400045690051533,4.39844287137651,4.020728124481494
31917,pop_3,2.807636636251896,3.0199628145182293,5.200674254398782,3.231481969693321
31918,pop_3,2.772264297211575,3.1583241659008,4.653244523516702,3.2475792471787033
31919,pop_3,3.007307571918051,3.1524990468457608,4.977354431641257,3.107609527567044
31920,pop_3,3.10002119114386,2.938178922969431,4.387250614415336,3.111221306101575
31921,pop_3,2.38216820756793,3.6140340235641832,5.000199551308492,3.048905774135489
31922,pop_3,2.899850266123333,2.9385153116885,4.776810078468723,3.5210640095348
31923,pop_3,2.7890172927283348,3.1706375412080345,4.688429692952156,3.110188958403356
31924,pop_3,3.42799414158845,2.917683445824192,5.4269765630758595,2.8524255958046347
31925,pop_3,2.9990670799323986,2.910312515650425,4.997629329798871,2.7825943834265194
31926,pop_3,2.644027906450919,3.003547645774532,5.055484924683334,3.2502628620735265
31927,pop_3,2.848627075827212,2.7823743471502485,4.288140395303341,3.402629490817133
31928,pop_3,2.878322414921938,2.8897306795310023,4.3143595446661465,3.823768755957407
31929,pop_3,2.6578146431377365,2.4605855881880148,4.6105039056781765,3.220032182568312
31930,pop_3,2.5929549721262974,2.888590581859248,4.756007903234238,3.2471463555763593
31931,pop_3,2.927398941611091,2.697587260593599,4.331049235313035,3.6355825674455327
31932,pop_3,2.9049372817712746,3.235489488608423,4.600630274360053,3.3991697202951685
31933,pop_3,2.8622278366407974,3.349450240994224,4.75638804224421,2.9935443067650205
31934,pop_3,2.8295465791698913,3.0803011610389373,4.775902164829387,3.488247531573407
31935,pop_3,3.0848569446386467,3.2322927452459806,4.847807467779417,3.421895932784177
31936,pop_3,3.0395060634854603,2.8604081980207927,4.5933378252353405,3.7854051350715814
31937,pop_3,3.1023341115560807,3.045101806636433,4.7661482799564,3.21818838834213
31938,pop_3,3.175581106516583,3.1920742497242363,5.001670229432401,2.9776838966014396
31939,pop_3,3.1263797362348242,2.9594519765018883,4.8148369068640635,3.410845138549177
31940,pop_3,2.6947857613941797,2.476034002819575,4.517122675858632,3.64686768740734
31941,pop_3,2.710049787595881,2.7487537799853685,4.364467097658203,3.280589480340123
31942,pop_3,2.8674365203069794,2.7175931637411295,4.626011513191381,3.8000838642173353
31943,pop_3,3.0521657995468705,3.3622684942389656,5.061468799341188,2.9543104016448334
31944,pop_3,3.217717668130671,3.2951617277283285,4.719780992604549,3.0948834719027816
31945,pop_3,2.6889873029005447,3.058643626602508,4.852757741677379,2.6090220018981074
31946,pop_3,2.565922684950092,2.5866409595735784,4.729660256753226,3.5213044284129738
31947,pop_3,2.7317052951605874,3.114034340146004,4.7618622929527,3.6166925757290915
31948,pop_3,2.9901560398831566,3.177188307795543,4.89133957313845,3.1757297827962856
31949,pop_3,3.1555319245815303,2.7613872504242805,4.516884630625828,3.9425114226860796
31950,pop_3,2.833047772663411,3.067616452063283,4.910949781181367,2.9955652214384934
31951,pop_3,3.281974198293515,3.1969883825190224,4.411348303344419,2.6433977223276486
31952,pop_3,2.9611528622634293,3.009741281445265,4.815266106867192,3.0490067078977825
31953,pop_3,2.8852470286133207,2.975985023770678,4.973880653472441,3.1528092549705646
31954,pop_3,2.5789305912556273,3.043004387086296,4.754945943629147,3.0140514901160604
31955,pop_3,2.7564669019695534,2.9277160059675773,4.974732611462738,3.2392239462150174
31956,pop_3,2.7343547547867204,2.7308575190226696,4.989983010357942,3.416808794347618
31957,pop_3,2.6229031710609174,2.8410129493081575,4.796725016290389,3.078031401578413
31958,pop_3,2.9550049849045044,3.3384722785082803,4.981945456868753,3.443473582039911
31959,pop_3,3.1165162947724028,2.9917215869256886,4.465544937079663,3.5954539742316323
31960,pop_3,3.1101917138007087,3.2712045669053462,4.672982216422133,3.2778857801794605
31961,pop_3,2.634790075256647,3.267056367134201,4.852084123247504,3.6169450469559563
31962,pop_3,2.4950486529950044,2.886917422978596,4.725903917147031,3.5853074127207174
31963,pop_3,3.165727264280388,2.97307187333075,4.560090230162169,3.2792164139201128
31964,pop_3,2.429310491071385,2.885889999060438,4.704410832219139,3.512835453676994
31965,pop_3,2.727827818682771,2.6966855294461,4.6367775713106925,3.0564828320722244
31966,pop_3,2.6940203423956133,3.5903333733496963,5.127748407570044,3.1194867016128858
31967,pop_3,3.082970692452704,3.1262625685817236,5.4572277325323935,3.13027789099183
31968,pop_3,2.8989736946502056,2.4424760158144525,4.569616533457862,3.876948259005968
31969,pop_3,3.353787150213498,3.199738309214012,4.9431870349741,3.1008515230477087
31970,pop_3,2.731235337317522,2.8025437834697193,4.524325249572445,3.283344261490513
31971,pop_3,3.4591115010809768,2.675313070760636,5.112812654868557,3.4480637126176283
31972,pop_3,3.1043027117377657,3.0013838001980884,4.804130121431015,3.3862070750535063
31973,pop_3,2.982832025169859,2.703838865014339,4.7123649357579005,3.5152071353504852
31974,pop_3,2.989176900648853,3.238904145870818,5.135448459301218,2.6708971351274693
31975,pop_3,2.9339591563353893,3.0235390697821845,5.068245269310593,3.0534528419343996
31976,pop_3,2.903539740492698,3.314007241504979,4.604504294984762,3.193723939613954
31977,pop_3,2.732877247216824,2.956669497408152,5.029639790570613,3.5690268685057487
31978,pop_3,3.1744641148070407,3.24590480583885,4.750485130416896,3.001448422503799
31979,pop_3,2.5263626117920945,3.0064081008865187,4.25646953305894,3.42295312616338
31980,pop_3,2.946460322823598,3.2661377234693587,5.292309218275667,3.0469622281437245
31981,pop_3,2.8841312360648113,3.5435159867305552,5.002906330305441,3.0780676189102048
31982,pop_3,3.0403907422862657,3.143654587903922,4.378360420144131,3.209545104724753
31983,pop_3,2.9485480904827,3.1247303856923585,4.849219751656701,3.2874692046358573
31984,pop_3,3.097072654310344,3.6187995645778828,4.895391326544131,3.395009000782946
31985,pop_3,2.591858031787509,3.0727421450696553,4.8089404775757485,3.215506674238822
31986,pop_3,2.706736983077949,2.7588484797327664,5.282827109318788,3.2900349744989246
31987,pop_3,2.577503908648318,2.596791786930831,4.7355473391339595,3.6764498454147043
31988,pop_3,2.645955054147451,3.080649383023668,4.746056486156408,3.3199975875141434
31989,pop_3,2.567026893107987,3.0086584994032184,4.626741814189544,3.34044070316237
31990,pop_3,2.9399884282647992,2.683539031992372,4.459767146758824,3.5794533352060665
31991,pop_3,2.9020850022887905,2.997407218625773,4.825780032481661,3.3498787454727275
31992,pop_3,2.8661405556272137,2.77279763271747,4.816470980120638,3.6629449903205513
31993,pop_3,2.98037715049223,2.728542553239799,4.684780352807314,3.417288874687529
31994,pop_3,2.839872532451819,3.129348554693683,5.018661118357078,3.0423216566298485
31995,pop_3,3.090609634048017,3.2137627665404542,4.618559526739254,3.264253459782034
31996,pop_3,2.6084931769059128,2.7856054957250973,5.348638478737689,3.9280114209745283
31997,pop_3,2.6869807754558215,2.541136776543395,4.941391726062953,3.829767638800054
31998,pop_3,3.3167910660740514,2.757320958041009,4.714945273649393,3.7896642460767533
31999,pop_3,2.8260681388968,2.8667081616002497,4.814967727432401,3.709691977219243
40000,pop_4,2.82433073543171,2.539462100978475,3.870682391897823,2.853894649315432
40001,pop_4,2.974712630971431,2.9510970452969087,2.921265687632702,2.330625839234917
40002,pop_4,2.8442296316040077,3.0320935375020213,3.1275409642880696,3.125432263797431
40003,pop_4,3.0221563976767687,2.5651433919427156,2.7758415747104515,2.661096753627999
40004,pop_4,3.1730561880218073,2.85970362632409,2.9581908207366463,2.4427396584080276
40005,pop_4,3.296615505539293,2.592446774274464,2.7547721004003236,2.899428500086088
40006,pop_4,2.7087697384570366,2.9393092139976797,3.080941203991219,2.4626195932985295
40007,pop_4,3.1461450491997454,2.5163663608044575,3.2029714334197026,2.5193917623462596
40008,pop_4,2.8455972913718868,2.6008340479338377,3.2268667493261374,2.4178285511624544
40009,pop_4,3.112630276930265,2.5663366749340275,3.1825996530929492,2.423183641777829
40010,pop_4,2.9012511479142216,2.797547284236631,2.811351678465461,2.6582311250231623
40011,pop_4,2.9729469505394728,2.733605606095476,3.0272340551596915,2.7229643584669243
40012,pop_4,2.752664351623836,2.7906079906529464,3.5094235222379915,2.909806617164737
40013,pop_4,3.109584093078713,2.7911010182319016,3.148604894831791,2.7999682350083828
40014,pop_4,2.879827241395113,2.4840042705130525,2.82661268749343,2.998227769995179
40015,pop_4,3.255287753903865,2.9910939858077787,2.7905092234413766,2.289714450581408
40016,pop_4,2.946256720648501,2.1635082633670795,3.237060494260152,3.030295297087769
40017,pop_4,2.7011184759832525,2.7853959977560154,3.0559167625128065,2.6728757465778785
40018,pop_4,2.859580784051803,2.6184729394134765,3.288752406157142,2.6122174424347318
40019,pop_4,2.9030398186421853,2.8831550315745016,2.9746327022667733,2.4041235629301445
40020,pop_4,3.350929577690182,2.280561056098103,3.5469372806004618,2.8107862092058755
40021,pop_4,2.985995335583962,2.8705534420633922,3.0220889145182483,2.468642002447171
40022,pop_4,3.3001984683107497,2.939672372386704,3.1328910134120984,2.6080115461665456
40023,pop_4,2.8844693213321984,2.7390396303126643,3.2451177052676146,2.689762676560433
40024,pop_4,2.8689810599016665,2.6878652748603615,3.486934038826919,2.5058575049678677
40025,pop_4,3.230646073375007,3.284445445139923,2.9166368222644112,2.5703842047357437
40026,pop_4,2.7869817966688775,2.621368542733051,3.206726706799169,2.8581457862735737
40027,pop_4,3.045423485548398,2.940453611738079,3.1689920136785643,2.5203727020402584
40028,pop_4,2.8740273404743766,2.805079391532131,3.764027765442086,2.52759106529719
40029,pop_4,3.0935468459431874,3.063861783215013,2.873187111373746,2.498019321736334
40030,pop_4,3.0749347440395667,2.4788770666750595,3.3176688613709513,2.6840810074932255
40031,pop_4,3.003147342308801,2.693368347698885,2.803245827453713,2.799904841203808
40032,pop_4,3.0676023936140697,2.9492151054655404,3.399912918022403,2.5958826458505957
40033,pop_4,3.175699432131212,2.9703863590275157,2.767553481208196,2.7470230881960793
40034,pop_4,2.8847044194823943,2.8003576539544333,3.2182474215842456,3.0032265816178816
40035,pop_4,2.7987641900835913,2.9372220097816655,3.177117373272085,2.582055868288253
40036,pop_4,2.7591218346106134,2.282531277458656,3.476860765530004,2.802745356820093
40037,pop_4,2.7002678388390855,2.894095928766883,3.402830843520727,2.4962485216003536
40038,pop_4,3.3310828911783097,2.595451172160665,3.1839394191671513,2.9110712795592573
40039,pop_4,2.787146849389776,2.8029313618676515,3.199062518881534,2.77724903744802
40040,pop_4,3.1719517553184344,2.686071346223868,3.3715871902049006,2.299853935168986
40041,pop_4,3.0075884718580865,2.947404522592307,2.980581514248877,2.5321302224889757
40042,pop_4,2.876426719611471,2.7410800886629882,3.2867049992447295,2.515064913482923
40043,pop_4,3.158743198614156,2.8113864137355793,2.845688376391049,2.261912754708438
40044,pop_4,3.147856314438451,3.202322132767347,2.7927691320409735,2.3267896739093143
40045,pop_4,3.177189372343205,2.461294843304139,2.9112049983962014,2.6768063917688525
40046,pop_4,3.5795944416435868,2.737141259667587,3.176652671344954,2.6452712277737582
40047,pop_4,3.0770715044355446,2.695004637169607,3.2324279816599515,2.870914499891151
40048,pop_4,3.1689129630653676,2.5580786193489455,3.465059470042217,2.9030146465849436
40049,pop_4,3.1970367221403007,2.763290196966939,3.034826256473951,2.6641836301124964
40050,pop_4,2.8581730188733285,2.835235043493712,3.285826472745435,2.6706571979297338
40051,pop_4,3.2618472959085656,2.359548115746369,3.126345626956217,2.761066102288409
40052,pop_4,3.130650994169119,2.9793529388464477,3.190775749953666,2.824520186617482
40053,pop_4,3.0310108855649647,2.7801021146407394,3.3638091702157698,2.53727450053468
40054,pop_4,3.1454758647948564,2.522843813730283,3.268035432788022,2.3635927802892525
40055,pop_4,3.258732201752693,2.858265683170096,2.8696467424925274,2.694757086865182
40056,pop_4,2.9174118672382185,2.693959428021964,2.744361410011242,2.6344134604623886
40057,pop_4,2.795856340560727,2.663256142235469,2.9184176676660947,2.6314904378034343
40058,pop_4,3.037446072469504,2.845064056935727,3.1283827613421242,2.6916019520166308
40059,pop_4,2.8832087475481707,2.7357974158315153,2.9987867846411853,2.3759382597778966
40060,pop_4,3.3702815731681555,3.085081194890588,2.5102238345417733,2.5791408687681834
40061,pop_4,2.807931820140763,2.6824616713178044,3.196739892834545,2.8335804572511614
40062,pop_4,2.982027480117893,2.8722960194725067,3.378144185286382,2.6643329385897716
40063,pop_4,3.235518235289352,2.661915512491114,2.5213265440188746,2.8613401318717004
40064,pop_4,3.0153185143151404,2.696979315378194,3.011027406240535,2.5780140838767687
40065,pop_4,3.19694507186685,2.9996721354344573,2.738046029500229,2.2714827239833033
40066,pop_4,2.9676613582057074,2.766005555285506,3.0152113168614916,2.757055181356276
40067,pop_4,3.248190099236695,2.6409855356055028,3.268744524064822,3.1229856603413393
40068,pop_4,2.563649117933042,2.5013294711543126,3.0355691944908183,2.7639873003778397
40069,pop_4,2.881030136749313,2.40889672915298,3.2232956690084253,3.0307683277931945
40070,pop_4,2.723121681183243,2.8464840343654467,3.8289711107248583,2.62995798272221
40071,pop_4,3.063210790623275,2.155780282032626,3.4256859111337525,2.884326700891797
40072,pop_4,2.902411927791316,3.0239858738472067,3.1206360633326575,2.9058438843794105
40073,pop_4,3.2693797078484206,2.5055392696137604,3.0128635781036026,2.7960908064464016
40074,pop_4,2.8715362183418613,2.6637962385399168,3.5679224463691104,2.5480985703482792
40075,pop_4,3.223043741878531,2.3785771752750695,3.174101239754717,2.7441074434009924
40076,pop_4,2.8348431138561425,2.799976879476898,3.1085942386285694,2.6487640840436644
40077,pop_4,3.0737171643531878,2.456374895532968,3.342089434474455,2.54114613386768
40078,pop_4,3.1210712196723405,2.7377613704428345,3.3261901876456457,2.5819392903627167
40079,pop_4,2.9949383618958363,2.740464507886952,3.1495157295621947,2.8853095875094104
40080,pop_4,3.4904199868312262,2.849878214142252,2.9817195723996592,2.083126395206456
40081,pop_4,2.799093677043299,3.1333059410375834,3.287709196738094,2.77819684670194
40082,pop_4,3.1395049348662467,2.387703502274346,3.568012490233197,3.0593614759180365
40083,pop_4,3.4628585285094533,2.75564140603714,2.744167025044734,2.2780743547276905
40084,pop_4,3.008511491161992,2.613103133307264,3.676799280312173,2.840141045383656
40085,pop_4,3.1854244787238972,3.4690265140368335,3.342463832554667,2.3536068362838463
40086,pop_4,2.9960307438614473,2.782747483724535,3.1530486207668083,2.703697002273491
40087,pop_4,3.3201459419967456,2.842814852031703,2.7141945406088546,2.7097733219557703
40088,pop_4,2.894488742651441,2.6577151805155057,3.184289410926453,2.844023648332663
40089,pop_4,2.8043357507031224,2.679839285932012,2.911031073162152,2.9299817959664356
40090,pop_4,2.846494442161358,3.046898549103486,3.0690401225763333,2.2719570249286254
40091,pop_4,2.910990196037449,2.703883257728046,3.3912642247861866,2.6709417067423002
40092,pop_4,3.1368825356461345,2.4030827972993363,3.08917579348,2.6972796331501456
40093,pop_4,2.972963958103011,2.8609531659800975,3.5040942869021943,3.0100370231010043
40094,pop_4,3.0752490676200175,2.654304594652105,2.8961427268475655,2.6492261877372023
40095,pop_4,2.9590744170542833,2.985983121950509,3.5892408660349977,2.8637390068436086
40096,pop_4,2.913596323660279,2.8240081116835025,3.1018353518320056,2.836609165258854
40097,pop_4,3.020600014578834,2.7906792570281347,2.924897546527222,2.510059627523499
40098,pop_4,3.1837713319314327,2.7180900378520705,3.3249055200176825,2.692776144715235
40099,pop_4,3.261586172423766,2.5814927937400887,3.150961585092734,2.1726759538236404
40100,pop_4,3.1564985149290137,3.289869496620404,3.724723790229926,2.509894828626093
40101,pop_4,3.0000771453636217,2.2562271384833963,3.2626259097124906,2.818416304245894
40102,pop_4,2.86237874410313,2.772080994775275,2.765138002171558,2.9760148744559247
40103,pop_4,3.176001268390314,2.803497928457043,2.7222064482102066,2.8508872944423236
40104,pop_4,2.9265839127328617,2.159558724143611,3.0301062654857502,3.236814745242541
40105,pop_4,2.9936038804121248,2.7511320584863266,3.4786879563732955,2.9418505064410265
40106,pop_4,2.8186212764023826,2.9191964078525077,2.9658854473402223,2.577410986392116
40107,pop_4,3.0666823305390607,2.366661715108397,3.4499896297515655,2.4249023097357725
40108,pop_4,2.642312073829816,2.4360038105798787,3.7329075086270684,2.7545733152536194
40109,pop_4,2.821551465701388,2.923476341233234,3.018286402075208,3.1415809610402596
40110,pop_4,3.039424642468264,2.8378225580996563,3.096343060315978,2.8822954073073035
40111,pop_4,2.9022102263632013,2.6983345549931452,3.072653269974005,2.691687451512312
40112,pop_4,2.9628820305029726,2.7508301067427694,3.1700288368189526,3.178969792510865
40113,pop_4,2.72368282946643,3.4035691378974713,3.0278630181470767,2.965036981177093
40114,pop_4,3.21521467466843,2.650105737943884,3.0590763414635322,3.096101591849133
40115,pop_4,2.9761111492690535,2.730597804801425,2.6061644894734055,2.5308564452915565
40116,pop_4,2.6142991908291706,2.6719631056719377,3.228248707488701,2.4155801098724736
40117,pop_4,3.1045641900198255,2.826032534218356,3.464469493616069,2.782846192515207
40118,pop_4,2.801948041322805,2.728826148042256,3.4116255843074246,2.636945685992207
40119,pop_4,3.1873194660898414,2.7326203140712737,3.1005412869422404,3.117273627306197
40120,pop_4,2.698615252726928,2.5110503159152797,3.305283406551995,2.844789211344458
40121,pop_4,3.045076661055584,3.004949802730743,3.436932887314248,2.640123686698087
40122,pop_4,2.9705503067124237,2.9013691738905028,3.088496575742495,2.6104049098434166
40123,pop_4,2.7361867921360834,2.580235475611909,3.47007461725645,2.315344297783504
40124,pop_4,3.1101337079046303,2.4042061190125645,3.420310675361509,2.350404980066053
40125,pop_4,2.9417964061931587,2.8116035928289116,3.433919919365823,2.548816311794142
40126,pop_4,3.4090742681444106,3.0596814887107984,3.0588988697651107,2.5475934014828616
40127,pop_4,2.4606990939682145,2.8742300184032867,3.7340148511887197,2.398236579194019
40128,pop_4,3.0867761529737443,2.6340452886565466,3.2132004787143242,2.982561311994934
40129,pop_4,2.682952926016353,2.7706468207375257,3.387329649554298,2.696227983880262
40130,pop_4,2.9950967002679105,2.8349838099631306,3.2852401610837734,2.7578501822510404
40131,pop_4,2.9604533425581536,2.709799436741974,3.4329730866952515,2.661718345199456
40132,pop_4,3.0131704986395866,2.667248729975958,2.672771829282467,2.4940123293536898
40133,pop_4,2.8457637410161603,2.558369576422592,3.285896099982487,2.671438255283389
40134,pop_4,2.902058771271512,2.498104227696223,3.331400205463653,2.8304200347832533
40135,pop_4,3.0759961587965083,3.200055437788651,2.8232615565701,3.144887152025191
40136,pop_4,3.2995535307803934,2.9219160633114725,2.7365198369215977,2.83852473885417
40137,pop_4,2.924624930550763,2.9392716127478953,2.939422079453552,2.5025340919268078
40138,pop_4,3.172082734559916,2.6367166489460825,3.2282945742654148,2.654533924533877
40139,pop_4,3.2962053237468676,2.6427280394716193,3.2294046739118025,2.479717670453326
40140,pop_4,3.3117502418566764,2.5390513242075157,3.2639970217441308,2.4895936274181087
40141,pop_4,2.8509151480353037,3.034322419927056,3.0363577653838227,2.7700622248707902
40142,pop_4,2.8598535622758297,2.367073675625538,2.9999278844912896,2.745445707773643
40143,pop_4,3.0313920867795194,2.595927025019727,3.5347874283923466,2.522178664697506
40144,pop_4,3.259607861422097,2.504692414817804,2.945446548363159,2.578514885988338
40145,pop_4,3.097343192313441,2.8455318876305298,3.2272822881916317,2.731656873038819
40146,pop_4,3.0787181863652764,2.368071324934226,3.5282806970319496,2.7453786111814473
40147,pop_4,3.0320172343685456,2.401008185915809,3.066353311929066,2.6798158598304584
40148,pop_4,3.2106896351227534,2.6776642475659482,2.715028930672426,2.4100550341755675
40149,pop_4,3.3953221847981814,2.785465935148792,3.0493552074808394,2.621549168217285
40150,pop_4,3.3012980944070476,2.619649243064113,3.2595196924993584,2.389757912471697
40151,pop_4,2.8885133279373734,2.70556100134339,3.226304654805244,2.5880162195890124
40152,pop_4,3.1369245484426265,2.261593969952262,3.0823319141945382,2.6317857932696223
40153,pop_4,3.0563446889307033,2.266915617636912,3.4280129342902255,3.2543962211660595
40154,pop_4,2.7913263093585363,2.8577355947360297,3.692845757562322,2.7513283169545497
40155,pop_4,3.1075446624564975,2.713635509179771,3.064298853407547,2.6476079582936713
40156,pop_4,3.0901497053868785,2.676670442642568,3.4774424718153485,2.740896812974925
40157,pop_4,2.6840954307374765,2.7872612343428247,3.2215853679514064,2.5238674864674775
40158,pop_4,2.7955924042091294,2.6947491826428287,3.1810865497680365,3.035063672617004
40159,pop_4,2.547487286081605,2.8989622294540127,3.2192465661692924,2.7618886867989882
40160,pop_4,3.1728785846532968,2.4207793172508585,3.227710034625327,2.9612261750842284
40161,pop_4,3.0580767601580052,2.5436887899595946,2.9797130821972853,2.410043443875793
40162,pop_4,3.0956880694131987,2.2347157841451653,3.427863252899191,2.727172571645541
40163,pop_4,2.832750096449945,2.566019445450997,3.2814266064772655,3.112454273365268
40164,pop_4,2.788197032783174,2.391739651665779,3.2350575449661796,2.70198640198211
40165,pop_4,3.2400838524319937,2.7966005834536865,3.0883373951847393,2.7937860716194765
40166,pop_4,2.9911038230620197,3.07159290852458,3.172374248269135,2.390798575154217
40167,pop_4,3.220439767291326,2.646164730586736,2.870689148755617,2.881206688583511
40168,pop_4,3.074529055110415,2.2135724707161155,3.309539111758983,2.7849211228065944
40169,pop_4,2.6701977087067417,2.788603925627281,3.1779973714414678,2.619501900232024
40170,pop_4,3.248503475265247,3.2052485079929878,2.404283019168704,2.707116990023847
40171,pop_4,3.429097344708728,3.1406145697234904,2.310139337979252,2.513850300694701
40172,pop_4,2.7671256162654574,2.6140878992812597,3.604976698266491,2.5950111727436695
40173,pop_4,2.941310069599505,2.484929272170619,3.4068125392561956,2.494446508216522
40174,pop_4,3.083673441892713,2.8385936023659712,2.665806104514057,2.491212770452257
40175,pop_4,3.0591301710701,2.690659283350595,2.977829429206224,2.5073520674833274
40176,pop_4,2.886763573213001,2.7642964858880927,3.011507345642946,2.867528814148171
40177,pop_4,2.5146920004900206,2.6979904187271035,3.5887088384218635,3.1543235895766695
40178,pop_4,3.048814800558426,2.4492788431768315,3.219794805175798,2.789705806457552
40179,pop_4,3.331015237584556,2.7152758342126706,2.8222833285056343,2.482815203193967
40180,pop_4,2.997153097755613,2.431257415206323,3.4713843260875654,2.863928029560425
40181,pop_4,2.993447597075085,2.8563889958070616,3.2171924952218003,1.92122526759193
40182,pop_4,3.321537629978816,2.4056294631148853,2.930263354682069,2.637611972109616
40183,pop_4,3.0758726325718184,3.173250582349139,3.6974586703277486,2.641713456122304
40184,pop_4,2.8656418989570343,3.04587610388792,3.4693872070952168,2.7069716526802257
40185,pop_4,3.020682090718269,2.728185105416518,2.8920430024960666,2.4079574258525085
40186,pop_4,3.070868786403142,2.9214909475634654,2.750367547302278,2.4564308455862656
40187,pop_4,3.2095995381840963,2.704829476598888,3.1162468649860333,2.6017684925891187
40188,pop_4,3.37575657289934,2.9288465283581457,3.0373357743566554,2.8867943831671874
40189,pop_4,2.8384937390505174,2.513910542782848,3.069075701438934,2.788288153747265
40190,pop_4,2.6447567629861943,2.367016042017613,3.3473391853156707,2.9270796449599894
40191,pop_4,3.1012308638220425,2.9677521357709415,3.2302485312502642,2.505996695652909
40192,pop_4,3.1931781332165157,3.19273630620314,2.983187868003633,2.5137162150584187
40193,pop_4,3.3914220588652126,2.8789473804618315,2.9355207532979475,2.1257487761038156
40194,pop_4,3.062465570101426,2.9449857141376614,3.0072261259653055,2.2646017634694173
40195,pop_4,2.7603601031009197,2.929383018672751,2.9958134081381647,2.7374158417015932
40196,pop_4,2.9325513535558008,2.7584537373818514,3.2530887471795427,2.632249592851499
40197,pop_4,2.9876628381507704,2.8919309428555513,3.03066150776962,2.688047233876218
40198,pop_4,2.8804818427458265,2.863842537471619,3.08898718427607,2.6168293927237287
40199,pop_4,2.7917653500187023,2.8224706519221314,3.121563046512558,2.513247845084964
40200,pop_4,3.1690997578751845,2.4088646482128024,2.7934641165197713,2.5023067248999795
40201,pop_4,3.1404070568488636,2.7915458340045762,3.2522814163415026,2.7136110844307213
40202,pop_4,2.790356088196924,2.5498965432513985,3.375379278840031,2.460968827488235
40203,pop_4,3.1508583714446763,3.0075168876709593,2.9468925315499637,1.9925271953487715
40204,pop_4,3.1753911353026925,2.904877087132469,3.034181177266791,2.8318231808319756
40205,pop_4,3.2138780301270784,2.972615599046069,3.0181082989400743,2.5283226073467944
40206,pop_4,2.9810275897523595,2.819009039690462,3.469905467441398,2.7553710915234833
40207,pop_4,3.012692549940055,2.6554399706376524,3.4061645254455493,2.964973124547939
40208,pop_4,3.2594199810861157,2.558824792172837,3.1609119230773586,2.7765359438306403
40209,pop_4,2.9177968090263637,2.6736938948920317,3.2583101431659385,2.7076739967812706
40210,pop_4,3.25499129470654,2.5669273547842177,2.490492277129187,2.646329652649275
40211,pop_4,3.272456794906121,2.863879022521802,3.2839212554454247,2.5278427283443174
40212,pop_4,2.895829718799126,3.1051255012384953,3.1114794747733305,2.923187405979332
40213,pop_4,3.0316330467625536,2.8056663366759738,2.9983647765265835,2.4971093248619054
40214,pop_4,2.7701757580268263,3.0263831024519643,3.3366431603355453,2.777577405392448
40215,pop_4,3.2945467625571396,2.7394961504131694,3.14674966252068,3.023192397360244
40216,pop_4,2.996549239834446,2.6925379301424845,2.9493103468258854,2.4039590107993964
40217,pop_4,3.0479645806720215,3.002482402775407,2.999929843066967,2.595284723459133
40218,pop_4,3.1116447869149204,2.5683833928381556,3.3728495536369474,3.1435144539467785
40219,pop_4,2.975914069111903,2.387149342619203,3.349254448741458,3.017027050264325
40220,pop_4,3.042407215071354,3.000719650439827,2.4169771979071606,2.351038018503728
40221,pop_4,3.0067890846020893,2.8307884773672862,3.135629228105569,2.545398980440088
40222,pop_4,3.224049765880226,3.056542313622858,2.5128990814293397,1.985834518477993
40223,pop_4,2.51559833381274,2.513879059812874,3.4595154479207832,2.8051669220028503
40224,pop_4,3.560956061957371,2.760933035127753,2.7593132377389917,1.9568826341401215
40225,pop_4,3.2014717791751433,2.9220041559748964,3.0820030390301145,2.5885610492301523
40226,pop_4,3.157199196135373,3.0457038088034203,3.129732106982724,2.45466144233469
40227,pop_4,2.828531976228524,3.1628604960881517,3.033736240295335,2.5680654763653195
40228,pop_4,2.8277635918696173,2.794619587510987,3.1015116459805996,2.657149528584087
40229,pop_4,3.1899872262471822,2.7876764476194995,3.242166437651792,3.0903996994323544
40230,pop_4,3.24638326345607,2.6847524569411605,3.108054245635024,2.6255694070637747
40231,pop_4,2.8566922407264657,2.5671015047188424,3.0978776609047975,3.1176434012884493
40232,pop_4,2.632882949737946,2.71828495426899,3.122021569904469,2.53479339560562
40233,pop_4,2.966933347484894,2.7416873903778827,3.6499007607596483,2.7052510404363734
40234,pop_4,2.8384255794361772,2.7497327762773005,3.6351131500040745,2.7422119404566514
40235,pop_4,3.0837160362477305,2.993361715159572,3.1412577543888056,2.823160991786427
40236,pop_4,2.492979485065203,2.40317706034959,3.3494882197068643,3.115445052084458
40237,pop_4,2.8582205424302325,2.5981630401611144,3.188951960462016,2.758216102750794
40238,pop_4,2.8615653627968807,2.435600757775049,3.3975474683470566,3.1016449231010332
40239,pop_4,2.9908127323785516,2.298599429659406,4.104013368788354,2.596283033373207
40240,pop_4,2.9285968013152077,2.7608240508801765,3.283165342387562,2.6891461849422016
40241,pop_4,3.2341647137072975,2.673552167332869,3.2368947191022546,2.6449473301843125
40242,pop_4,3.216388587768345,2.7454099779573053,2.810680062075563,2.498336023624295
40243,pop_4,3.2389168087572795,2.7886556839180563,2.93714305414306,2.5625051239187897
40244,pop_4,2.7083826021896193,3.0041528675200633,3.1334696313827983,2.524397406292939
40245,pop_4,2.86760124461471,3.136186914873854,2.4597489600831253,2.15145510529416
40246,pop_4,2.900444810314872,2.9316904314281333,3.0913632391309065,2.441910188766626
40247,pop_4,2.7240965860155644,2.805238018860675,2.92584115502445,2.5464920001483504
40248,pop_4,3.1986604935504555,2.339398248966756,2.7310536158412266,2.807492975887615
40249,pop_4,2.8760576589095095,2.8510211484514523,3.368360620002376,2.79537595389101
40250,pop_4,3.044216399923661,2.763190563749221,3.417335077750928,2.861474318024106
40251,pop_4,2.951756599907753,2.739803343350643,3.6111920275166547,2.3622262251785813
40252,pop_4,3.4043808338166603,3.303756396378204,2.5524881312876864,2.6006583129777123
40253,pop_4,3.0724683997892517,2.7077572067308178,3.1142857915181517,2.4159630449342915
40254,pop_4,2.9358400066588377,2.9456799752856893,3.188694280025375,2.2900219736449543
40255,pop_4,3.140199511054843,2.467459791528116,3.0607685598849894,2.5379307662512343
40256,pop_4,3.2772883650399924,2.625238428024993,3.1176544695150943,3.0601376628546233
40257,pop_4,2.874558744332207,2.6705045987938623,3.513986799785332,2.4623906884052387
40258,pop_4,3.075156594071955,2.517286188965685,2.5339374401156176,2.3165503206737865
40259,pop_4,3.304210717739827,2.5002678653470243,3.4425412584909223,2.955132449632863
40260,pop_4,2.8875500671109555,2.553942378339347,2.931983160275561,2.6051012809010685
40261,pop_4,2.7194591167713327,2.863033394399978,3.1338221176676506,2.8293022379868846
40262,pop_4,3.236494920729947,2.6825541959404635,3.137397800097591,2.9875736624270868
40263,pop_4,3.024027115900963,3.58765296275273,2.8608304062599634,2.309959096958883
40264,pop_4,3.2146948549879735,2.48836672916348,3.1187419990069865,3.152233327703992
40265,pop_4,2.548516138293555,2.229120873821431,3.3171408491177337,2.764096899040256
40266,pop_4,3.1379679126035875,2.927906439445286,2.6548128237777235,2.548183135783565
40267,pop_4,3.094648408124682,2.779177951047589,3.0063858650914925,2.6845225020336327
40268,pop_4,3.2324917587145507,2.702570092679592,3.190305569713875,2.6122288402267833
40269,pop_4,3.1754996327505185,2.665019397271091,3.289972104655073,2.4403705506205693
40270,pop_4,3.1140552962247607,2.6873289979067785,3.460776023192962,2.9549780240021155
40271,pop_4,3.0410864879190806,2.3189465896031063,3.67279626311919,2.9651143466059846
40272,pop_4,2.8086106139378506,2.4286608391848272,3.3155956181720017,2.7202783739952903
40273,pop_4,2.8597973183742673,2.2297809150049055,3.39132254163765,3.0380882170683186
40274,pop_4,2.9175798286758132,2.3950090488404983,3.0836626979756376,2.470193901012179
40275,pop_4,2.8482748101660897,2.4971023997513586,3.345655699170531,2.33576251366194
40276,pop_4,3.00388600373735,3.0316748360217387,3.485238369435803,2.6412428871275764
40277,pop_4,2.987609824741444,2.623398771886979,3.069765085977648,2.5632381646634976
40278,pop_4,3.0436117307858472,2.1676522479296825,3.5434802918716377,2.8473258879709906
40279,pop_4,3.4808389489291933,2.679093511958957,3.159966282046536,2.516125361834351
40280,pop_4,2.963628411872973,2.8000418127157727,2.8851607298273163,2.7852466868958405
40281,pop_4,3.0543370733768116,3.0693408157187196,3.076225513054888,2.289832272399419
40282,pop_4,3.1925221842699587,2.5980480122429728,2.7845990601575585,2.882236700936661
40283,pop_4,2.635806703092648,2.8166844640854265,3.4057501411951567,2.820080826895901
40284,pop_4,3.0255871295718357,2.593292015317977,3.024500313924123,2.952757401197959
40285,pop_4,3.0572782192627543,2.268459384621428,3.2818837731988637,2.7750039068998937
40286,pop_4,3.054276505546296,3.0356720804166315,3.1454939713743286,2.4125003463308055
40287,pop_4,2.928076927634356,2.726479787638905,3.1574323163770046,2.659059279604868
40288,pop_4,3.264492402314508,2.6997956996837384,3.2246308236672183,2.767650809976618
40289,pop_4,2.9085605032438373,2.732020416250718,3.511430339727833,2.7586328903753286
40290,pop_4,2.982653778401423,2.4587350171721685,2.9668331832138564,2.8974302065673503
40291,pop_4,2.595336809598175,2.9174933066966076,3.322170287518106,2.9705392893970037
40292,pop_4,3.058375929494962,2.5508843863825454,3.1484665129316047,3.032822007345981
40293,pop_4,2.430757296201366,2.701258454222844,3.4007343631131213,2.525256903549463
40294,pop_4,2.567439777387951,2.9565803336462864,3.3696224373774033,2.3956496693684985
40295,pop_4,2.857431117922079,2.8504543771237087,3.2414540007638233,2.6772727696381247
40296,pop_4,3.258624154173704,3.438479971776344,3.0175192917755678,2.3430533754022487
40297,pop_4,2.8623325813426925,2.9468006913479474,3.0549993787952396,2.653095381208033
40298,pop_4,2.9802359640783034,2.4028000395522455,3.3696052999711372,3.4876953431473283
40299,pop_4,2.7872145010320786,2.8543257905931165,2.915864939747227,2.6345431162014163
40300,pop_4,2.6799744438843036,2.747047712140075,3.5863560357379254,2.7141273713891576
40301,pop_4,3.038369628414742,2.173301246444104,3.5242813100378565,2.835952375387561
40302,pop_4,2.5825497776295028,3.1456086988442005,3.0617690188043136,2.7505133934213637
40303,pop_4,3.1722486359876667,3.0794919177144036,2.9501444127298786,2.3155208704146797
40304,pop_4,2.840678907872053,2.6664827597444187,3.1595689790446233,2.6915385815673587
40305,pop_4,3.0373713504013575,3.024262704846116,3.11507032363628,2.242415276272415
40306,pop_4,3.033856060126612,2.4379429186578108,2.9930986654439935,2.516664162311512
40307,pop_4,2.8799000156411934,2.563045608494261,3.16669897141884,2.9264683847337136
40308,pop_4,2.938253026905807,2.872796504659979,3.5152738591850397,2.7545643542493172
40309,pop_4,2.9496549388140685,3.2480063793828022,2.6462067246641983,2.1764866453655474
40310,pop_4,2.972847744422447,2.6708318634808017,2.8547791023095592,2.0882773488157054
40311,pop_4,3.086348532599945,2.141163415658145,3.2256112481744483,2.66555708025569
40312,pop_4,2.936641390261901,2.4905783236933927,3.0755377395522827,2.391729473780695
40313,pop_4,3.1063203305869083,2.688477181196188,3.210175770153641,2.884812108011896
40314,pop_4,2.667309373289749,3.0083740489101753,3.1808300832302514,2.771795744161303
40315,pop_4,3.1606253635612367,2.766374592026108,2.9160911984638296,2.8386789086125748
40316,pop_4,3.1506211286643837,2.629986119069515,3.030496543820694,2.3240509361668575
40317,pop_4,3.3155522248423925,2.5480399126398345,3.193075010125367,2.6266844340331637
40318,pop_4,2.649945188513692,2.6696756320943873,3.184573566032433,2.8033825392263316
40319,pop_4,2.8825564570392017,2.8871247420901254,2.963583937576848,2.3182463090404855
40320,pop_4,3.0225964696640304,2.952907730418999,2.774220920549704,2.719503346951452
40321,pop_4,2.605290238405522,2.7791724974025005,2.8114098777765273,2.7554004888313504
40322,pop_4,2.7341955857155154,2.4738911217013566,3.8993990611917013,3.0125375035146797
40323,pop_4,2.9803971240435976,2.74862928131884,2.902353912476171,3.088675482417588
40324,pop_4,2.8651324871927164,3.037289542267877,3.1031027381151923,2.626333503001255
40325,pop_4,3.4990420800617166,2.962886513101963,3.421316997655962,2.608976790905954
40326,pop_4,2.9602055668166583,2.8976341173997056,2.6550929273509403,2.805787670652685
40327,pop_4,2.841221718823317,2.268148405659272,3.2948319041704712,3.0779874877560114
40328,pop_4,3.115042556922778,2.972251252056111,2.9285047546616307,2.846569861502725
40329,pop_4,3.0878095524041203,2.8244168410010904,3.372695223470981,2.8628596510991025
40330,pop_4,3.3232005260366786,2.5165175079815314,2.7086745413197844,2.7098160110015996
40331,pop_4,3.1765194931081258,2.996582040784757,2.7743461620564585,2.43068320703001
40332,pop_4,2.7913897186096763,2.7853661579870446,2.7806752026662047,3.088585631638543
40333,pop_4,3.0750553310121616,3.103852452009562,3.128877811580936,2.5544260664529994
40334,pop_4,2.878103955433949,2.4943592749425405,3.226541678785282,2.9021598812466247
40335,pop_4,2.9486724961758553,2.7718688709847337,3.0148317186618083,2.624017128863037
40336,pop_4,2.808160103371018,2.856870269679151,3.155584537135729,2.297827879058678
40337,pop_4,3.276648363876617,2.8783131259580363,2.9255890085507272,2.0632197424272274
40338,pop_4,3.2452519839793195,2.5754139611871913,3.4812155088399757,2.778876120346991
40339,pop_4,3.2064992280605393,2.660957426976364,3.0168103317784007,2.620348928666549
40340,pop_4,2.6219797621672436,2.3893680893969553,3.4706592926528868,2.738931420868738
40341,pop_4,3.2006525403998625,2.506629943189758,3.1645668410758394,2.672688589521316
40342,pop_4,3.1095758878403896,3.24000456368746,2.9871087592910857,2.768340719569212
40343,pop_4,2.762989104223438,2.9047205284017896,3.004710909278042,2.736080260521692
40344,pop_4,3.2046177980697768,2.4374630773025663,3.0345294142556813,2.6751731377370036
40345,pop_4,3.103668366947878,3.017821305894565,2.5994878074881274,2.329526309023897
40346,pop_4,2.9637649710703906,3.0414610126262507,2.7592299059659147,2.688354986484721
40347,pop_4,3.2273542577521694,2.6798418559021058,3.431541854427775,2.7590143033998573
40348,pop_4,3.116071465289605,2.4758598563371144,3.372154419632599,2.7265307772267433
40349,pop_4,3.1166023348973244,2.782516372599196,3.0026305150582453,2.6218740301103747
40350,pop_4,2.934924199487794,2.5487860796728192,3.7832123569137437,2.500673648364763
40351,pop_4,3.0636057296107277,2.7859411187717864,3.1973600967648403,2.583962940399577
40352,pop_4,2.9749027712311653,2.6546889106394183,3.2333928132708447,2.8318240766062757
40353,pop_4,2.982228300900118,3.0751001273283953,2.819758661952707,2.53583454829063
40354,pop_4,3.27331177947379,2.75970640644528,3.5043392798855293,3.050144837503205
40355,pop_4,3.1358107340945085,2.5595108986350077,3.2398859293482527,2.7556757471432505
40356,pop_4,2.9793300317728764,2.5957812892429497,3.136877014245413,2.5974647290503756
40357,pop_4,3.182432940194716,2.7486112458345775,2.9599471107230153,2.625593450148846
40358,pop_4,3.153631064018056,2.9113134432088366,3.5527268045454496,2.8530499916833345
40359,pop_4,2.7455219319853055,2.3918395530706293,3.2208818904729095,2.2570716870407916
40360,pop_4,3.0466251587201283,2.630882714904753,3.4427829136164294,2.8357406953928477
40361,pop_4,3.064043711189415,2.9088219343178796,3.0052115026034483,2.711747760240266
40362,pop_4,2.989950738355173,2.7771111664811388,3.1188161317820153,2.6932630357399217
40363,pop_4,2.7202001280171935,3.150231987882644,3.3605043715087466,2.5410417846745754
40364,pop_4,3.35262137735422,2.7724386723964436,2.859759253467604,2.5298231600335925
40365,pop_4,3.0136177912812077,2.675699295652731,2.7962154003461555,2.6122449929034013
40366,pop_4,3.2497551571864607,2.8740067758663255,3.188674031639675,2.3971746732806674
40367,pop_4,2.9939780288747913,2.6038858785026817,2.800929309658456,2.8020516737906425
40368,pop_4,3.2685373131375988,2.7619546437313347,3.4932446534217108,3.2715836344608
40369,pop_4,2.8225741181035087,2.6348583262159533,3.4870743950011525,2.4458147907728174
40370,pop_4,2.826421770494883,2.867863797470058,3.1375034967103885,2.6581791033207494
40371,pop_4,3.0817795697705215,2.790095137559286,3.414709503791457,2.881556015661759
40372,pop_4,2.934667468924271,2.4071585487192313,2.9962969266707264,2.384324036157219
40373,pop_4,2.7920251607508306,2.815484273833244,3.3017063972058107,2.3896995920998108
40374,pop_4,2.719630233493152,2.8844797860396505,3.3744582741232505,2.7168540544741133
40375,pop_4,2.9140361133856847,2.766848775783262,3.5411595818483574,2.8371685087179945
40376,pop_4,3.2965024513448946,2.830104786913513,3.0947280244993576,2.309922514532324
40377,pop_4,3.0471454251968457,2.6183674619293864,3.019918354238706,2.7743977470025336
40378,pop_4,3.5441753777401015,2.734620972316289,2.623012321018944,2.8805071739506896
40379,pop_4,3.132275692757837,2.9309034152927227,3.5829323022727038,2.6047413148712826
40380,pop_4,3.028191812521242,2.324073438377886,3.710456110982387,2.9188417478347084
40381,pop_4,2.9599826021105597,2.683509899865687,3.175124220402386,2.192723752037765
40382,pop_4,3.38001771410824,2.942286206135654,3.4763202597358895,2.7365252062341923
40383,pop_4,2.77187227158675,2.7221762125524873,2.913091297166907,2.7018086289626604
40384,pop_4,2.6770110597690735,2.6083034795728057,3.1329588350424813,2.7507514686064454
40385,pop_4,3.228847485527738,2.791440728275707,3.6842620040727785,3.0437387283618564
40386,pop_4,3.0674242524736197,2.875821800293969,3.2484414722316997,2.7613535000089398
40387,pop_4,3.219654913331456,2.649750086533754,3.229518065473991,2.9445475835544292
40388,pop_4,3.181143879503326,2.521984485852866,2.9906939896891247,2.9174814172534953
40389,pop_4,3.246872336505286,3.0670038087740643,3.0340551747281173,2.7192409615491147
40390,pop_4,2.9109148467447725,3.098905300031145,2.7561354479034965,2.5549293978695657
40391,pop_4,3.2527230608493767,2.8582824794318022,2.982097491211891,2.384074877939348
40392,pop_4,3.086642782144185,2.9937079207244532,3.4567410159928764,2.8729673602625523
40393,pop_4,2.763759352532366,3.052734209273992,3.2339096171038912,2.761087709043255
40394,pop_4,3.1432446596712715,2.6494248059746552,3.2322758836425454,2.5912521442315657
40395,pop_4,2.9587211240817517,2.639659425706614,2.9775762346361874,2.660086264212059
40396,pop_4,2.9521458076275637,3.2381364549932945,2.971561523764516,1.9946756033757382
40397,pop_4,2.992488051855155,2.9759506756673573,2.8246582350046,2.26289771872043
40398,pop_4,2.6268595654245925,2.701441166661719,2.8331315663465126,2.763224341932489
40399,pop_4,2.7750650875252623,3.3599419962615253,2.827157673149048,2.525738265777931
40400,pop_4,2.971271734976978,2.333348591139524,3.0333324555495094,3.102501759038999
40401,pop_4,2.855065219617371,2.940496548912514,3.167675223453386,2.4844909741665053
40402,pop_4,3.1441870838364534,3.086608575523628,2.685414741157963,2.557870539917909
40403,pop_4,2.6559064399714103,2.7970560782570737,3.6548490254226897,2.6237706818994444
40404,pop_4,3.3687599472670247,3.050401970842003,2.76025745446347,2.484896134108557
40405,pop_4,3.2428047401961373,3.120688877032537,2.8128199413284607,2.6974749901150665
40406,pop_4,2.823919598947956,2.365330572879774,3.3948336415589524,2.966656862940021
40407,pop_4,2.9100241853963515,2.8173653939888585,3.849119378516794,2.520650146221529
40408,pop_4,3.1313186000848328,3.2429134548636216,3.269800943358619,2.5828726445948074
40409,pop_4,2.6971159440645742,2.5170882727689605,3.1526662924343674,2.566398377808157
40410,pop_4,3.07743907412997,2.434268588143757,2.8359933666408264,2.8737758265446196
40411,pop_4,2.8698734152571594,2.546821923553259,3.436140035565017,2.29863182137798
40412,pop_4,2.567264123943856,2.6921808439356614,3.67290392437623,2.8579561126148025
40413,pop_4,2.8869797741622656,2.568850224548468,3.351709652543345,2.6354729803550483
40414,pop_4,2.9811545358952127,2.3284375428820305,3.218323116643878,2.6916659917974224
40415,pop_4,3.2520352943718147,2.3632542573812865,3.2017329676253006,2.8209199299697714
40416,pop_4,2.8193578440959333,2.340270310683937,3.1887409609036426,2.8400410526448563
40417,pop_4,3.339860961377238,2.407341479546842,3.2770023769071344,3.0367519443075643
40418,pop_4,2.7225145210239496,2.456269201134431,3.0295501708303547,2.9437559546589736
40419,pop_4,2.949207118060212,2.3072006723985434,3.2946764722097646,2.8261967248597935
40420,pop_4,2.9657677608764628,2.8704246770121555,2.9801234279315203,2.6876864460680485
40421,pop_4,3.048196271520366,2.6494561290595633,3.233367878829673,2.722869103633739
40422,pop_4,2.4667421539823673,2.8582227004583975,3.171063732318501,2.3759718941454335
40423,pop_4,2.817638417678766,2.7545837004120277,3.3742414872379656,2.4155653172630362
40424,pop_4,2.8522677758910233,2.3352958667429147,3.192434800925781,2.6866763709778083
40425,pop_4,3.381602920846891,3.0746714586261805,2.7084001725437172,2.5595613767263754
40426,pop_4,2.780281219960566,2.6901531707276245,3.2985564104740166,2.9086326901577575
40427,pop_4,2.9929517226520193,2.170923811027573,3.4454203387373377,2.4839710581470786
40428,pop_4,3.033967712569597,2.329173274539741,3.305077032262311,3.0222790879511114
40429,pop_4,3.046926351375604,2.3062737012368917,3.620859625040012,3.1346246630822963
40430,pop_4,3.111717277649587,3.157821034343673,3.121527510342971,2.9956573975261467
40431,pop_4,3.145401721211283,2.515348035555824,3.3747203043181764,2.8237061005655746
40432,pop_4,2.62764422804236,2.741869666458328,3.1080039480721044,2.4026265251459846
40433,pop_4,2.8512498417923475,2.83399067682922,3.4539944322906546,2.5275034187194727
40434,pop_4,3.002507583237149,2.7144855141872015,2.8578903420282646,2.9437172646337073
40435,pop_4,2.839636318431201,2.7757657051879665,3.246689730521137,2.6377804296612832
40436,pop_4,3.1162184328252036,2.601798937516399,3.2417092874750577,2.4300253278232744
40437,pop_4,2.677449763927376,2.741660930450922,3.1661560304094385,2.501259452909679
40438,pop_4,2.911682554651481,2.5948404187181997,3.262132531729974,2.528651406800839
40439,pop_4,3.079454408226559,2.8050756139801565,3.221740104167203,2.6997542371044427
40440,pop_4,2.9814203177987113,2.813102265814021,2.9061873669885885,2.410434266393095
40441,pop_4,3.0529645231732787,2.8822109831960105,2.9140681038885963,2.5096552356253587
40442,pop_4,2.879178536114539,2.773218186909321,3.2110406979343407,2.7527628977709973
40443,pop_4,2.9548559853077916,2.7819037416187533,2.9624127727386598,2.47541672223421
40444,pop_4,2.991124831233996,2.827288393339227,3.2272092211885686,2.441178185228685
40445,pop_4,2.8409896570464186,2.5716218791087075,3.531849672315584,2.630131170908123
40446,pop_4,2.9733078251653655,2.6024286324910877,2.9938871556508206,2.9237331699853626
40447,pop_4,3.1234252179456017,2.573659792746499,3.123386887009478,2.899836813866292
40448,pop_4,2.9099598085526877,2.5749780134669003,3.2410533821549676,2.428164923339332
40449,pop_4,2.930466550953833,2.4458022373488992,2.8645105314557786,2.3549163842962573
40450,pop_4,3.5238254645266545,2.7929493483962995,2.7052007980272372,2.455340112668787
40451,pop_4,3.105221724907715,2.729709404334767,2.8600410529220537,2.837892197854366
40452,pop_4,2.9633141352833365,2.6422348886761036,3.270145608714424,2.679373442057312
40453,pop_4,2.9357149149217485,2.9313391670129927,3.115390545754761,2.6763142005831373
40454,pop_4,3.2027728659496852,2.6317951060721354,3.626718688232091,2.4695182335344685
40455,pop_4,2.659257061581865,2.96161532572584,3.157154212499602,2.7230861054933295
40456,pop_4,3.148144147277952,2.78390321276665,3.1139032651310163,2.664185176229733
40457,pop_4,3.098544786157214,3.1286364740190216,3.0739614427704947,2.272778265113839
40458,pop_4,2.7402161212205063,2.474228152083332,3.13431509711398,3.0280830593041648
40459,pop_4,2.7673911171805203,2.326606694258878,3.770102698606081,2.9851742124282388
40460,pop_4,3.3162799444005575,2.8767094374864857,2.802176447318634,2.8510744187753643
40461,pop_4,2.976120955989853,2.8035266770006366,2.8139206985644014,2.640215335555285
40462,pop_4,3.084099791162527,3.032455422154447,3.4123273405112555,2.5433709175377146
40463,pop_4,3.233675267723226,3.1609556666556196,3.2333445531668312,2.4028452294291323
40464,pop_4,2.728599178808615,2.493049628233706,3.487176928298747,2.7405681104824273
40465,pop_4,3.0470657153480647,3.0144670044483646,2.6579993231967194,1.9221337272939407
40466,pop_4,3.3109260880114584,2.656075509251416,2.7320689045921647,3.1047308600748624
40467,pop_4,3.127871701029496,2.360459076768263,2.8751025464278808,2.1049220416031296
40468,pop_4,3.477144417539902,2.8908161399056858,3.060219294285636,2.860803055427855
40469,pop_4,2.93662015078039,2.339439505833843,3.0571123443300934,3.274353345485924
40470,pop_4,2.9978819426784256,2.42570167499338,3.4369749398772327,2.912887270373235
40471,pop_4,2.749607886243686,2.9255559506486706,3.071609744106198,3.087393065912015
40472,pop_4,3.1157007762272952,2.41470862360567,3.1126330082447344,2.8100936100335225
40473,pop_4,2.8457717649014875,2.9374497069361447,3.0075940788143463,2.8915844698583206
40474,pop_4,3.39712635170257,3.158055475161405,2.780654951579608,2.299262545839179
40475,pop_4,3.1566433913758845,2.637391597190209,3.1152336864406127,2.7870596367736935
40476,pop_4,3.442184361361204,2.6650576193102324,2.809287703476741,2.7109691860238336
40477,pop_4,3.0548324790059036,2.8236317498844743,3.5924486073630244,2.6674611746500214
40478,pop_4,2.9442180705358734,2.836113599733806,3.157243502619266,2.5993110450277737
40479,pop_4,3.153847096583618,2.9059257776919325,3.1813588971159406,2.3465139117370697
40480,pop_4,2.9555799000515606,2.865291164615474,3.307826664852866,3.140615083597821
40481,pop_4,2.6434695065659097,2.839373850534084,3.2689724951757473,2.7413454708809093
40482,pop_4,2.328112448375769,2.478336505699846,3.671015278656144,2.667225376540793
40483,pop_4,3.1667374570991,3.220900374975809,2.565530186560368,2.2305051370065305
40484,pop_4,3.267722909985694,2.7122995217838675,2.878920382212108,2.927526880195516
40485,pop_4,2.948331775907214,2.8487132435378903,3.261004773904025,2.7621658753000746
40486,pop_4,3.0753108681129557,2.9537625140094397,3.1282137376808623,2.7510544574380007
40487,pop_4,2.7577597560400564,2.731163794958221,3.610654822147926,2.338897732165825
40488,pop_4,2.843202368446146,3.0971461347635167,3.058059415418677,2.5490112393484123
40489,pop_4,2.8739781785468876,2.7550682426617032,2.941591673686812,2.7838174563902065
40490,pop_4,3.084286565687682,2.6957050301347008,3.0800251891252475,2.2809093853494757
40491,pop_4,3.1479722873930953,2.8307521703127216,3.0132271407655318,2.547692093819617
40492,pop_4,3.060628149378158,2.7676636103526424,3.238260255087029,2.491546646725095
40493,pop_4,2.9206112934063824,2.5578998903143826,3.3009265377462946,3.1111701170752433
40494,pop_4,2.720954743087419,2.5847657152363763,3.0650308914450637,2.5945159854700575
40495,pop_4,3.3577694226208448,2.9610314541956595,2.9982666201501207,2.682779018607446
40496,pop_4,3.3047143879842493,2.909794200810226,2.808166361939406,2.66050584191589
40497,pop_4,3.1670134271173564,2.5314669868205573,3.274431289720723,2.555594259116138
40498,pop_4,3.014010978610618,2.693023879378442,3.388706515175136,3.3352982155565347
40499,pop_4,3.2768278412789624,3.051628417246631,3.083474989555197,2.9190779519134358
40500,pop_4,2.8173004350447575,2.77638812646774,2.968292814451656,2.7417919232272485
40501,pop_4,2.817391775243378,3.0193167917579338,3.022287985784057,2.554990745709175
40502,pop_4,2.957987043232345,2.919172694659157,3.2930232260613153,2.6666114076452554
40503,pop_4,3.3061858312702257,2.844050606182746,3.430050393445513,3.0203649401969295
40504,pop_4,3.04382900349951,2.7362418408200364,3.249507388774192,2.917083349681006
40505,pop_4,2.8990484854162615,2.3192017571612844,3.459243397141813,3.032112041541761
40506,pop_4,2.945748199882062,2.2582852801661084,3.353327765575229,2.943741964280718
40507,pop_4,2.774813453768266,2.4316563236801905,3.34730088373548,2.893090069551719
40508,pop_4,3.1528284656287755,2.5212989675596513,2.849165767183245,3.0515203546990275
40509,pop_4,3.3517474111386445,2.453460142618124,2.863094422834747,2.9040166695361425
40510,pop_4,3.330696602736564,3.049648346519209,2.6670185006296965,2.3023825767847583
40511,pop_4,2.8216776709376785,2.5817778313258724,3.8829699036510963,3.2047820749273646
40512,pop_4,3.0375000173409084,2.493365257058603,2.9106151657017274,2.8214202625248417
40513,pop_4,3.155911017939334,2.9758250186575994,3.195079806819978,2.5339732424582566
40514,pop_4,2.6041945000843816,2.6574681145442005,3.329320500956287,2.829654723440261
40515,pop_4,3.0932983417768414,2.620936312111004,3.081932823205067,2.599463432672047
40516,pop_4,2.9885573188658814,2.8368348076004146,2.906508473413581,2.759730702599426
40517,pop_4,2.958875254968664,2.478038128080769,3.082510958819988,2.6288915957668766
40518,pop_4,3.05215426102836,2.769338290368933,3.3038764070116557,2.804808212357768
40519,pop_4,3.17631558471055,2.7833209602926647,2.815527296244334,2.9707208548958217
40520,pop_4,2.6542857979292767,2.90285780357287,3.1329682217068253,2.7063714046006293
40521,pop_4,2.956500051633136,2.5963037785592458,3.391061039518437,2.771849940704993
40522,pop_4,2.9324163595573043,2.893277744997398,3.2495678198730804,2.4874511673587474
40523,pop_4,2.6631634878348955,2.7502321515961046,3.230291723762017,3.106987457281374
40524,pop_4,2.8147134607799917,3.247715553205706,3.251356339488938,2.5594078628351253
40525,pop_4,3.0874762357115935,2.929297349444461,2.769234976820139,2.47891247723206
40526,pop_4,3.273791775776605,2.83761526404664,3.1445680934187394,2.6251443595257706
40527,pop_4,2.670469379393284,2.9016046625666014,3.571382285158939,2.6742503671747375
40528,pop_4,2.836957750556019,2.822558155157608,2.6228231397937156,2.2661992759001923
40529,pop_4,2.9246567577219165,2.802677128122979,3.0840857981045735,2.3021790989087036
40530,pop_4,3.3632354775779048,2.820568004166929,3.257724642725937,2.728456434100019
40531,pop_4,2.8998666474140977,2.691535587555585,3.062334631783706,2.2038604027906974
40532,pop_4,3.240695046326868,2.877680206644847,3.3976437955539542,2.5227856858245783
40533,pop_4,3.162329106572378,2.7956351055202164,3.1358268637738984,3.235886373111013
40534,pop_4,2.736422096370119,2.758190293130827,3.3579586658142637,2.381154330809179
40535,pop_4,3.2084613937588777,3.1710564245266544,2.58072063429246,2.85655027112494
40536,pop_4,3.0858683202810693,2.7853442643851523,3.6322931176027993,2.656924518782786
40537,pop_4,2.9406860760622595,2.5929474056471795,3.543430302501371,2.7485282068632846
40538,pop_4,3.462160146495684,2.502812469784207,2.7607550999996047,2.836275820208301
40539,pop_4,2.772856651561582,2.702179374803309,3.042188566516941,3.2531869768461013
40540,pop_4,2.7612440867952737,2.794625247969407,2.795138367930228,2.6680385510063807
40541,pop_4,3.2579619769326444,2.529851912480627,3.333621802693876,2.1844345453469765
40542,pop_4,3.1881060024608403,2.9000452324197,3.0308174803658066,2.599152342101558
40543,pop_4,2.6796495677835153,2.823978149294217,3.152972903067857,2.3947550294539277
40544,pop_4,2.8368457932223246,2.9148002045348838,2.8738647427821546,2.59404214732454
40545,pop_4,3.0700614554279153,2.482992410141124,3.0782233377425388,2.5365415835153287
40546,pop_4,2.9661425762423232,2.5543085671443557,3.31528425325574,2.6796199034927484
40547,pop_4,3.056905564304238,2.9005201368069855,2.521083556546005,2.178788712765163
40548,pop_4,2.988470600169095,2.585752384038374,3.275242470662635,2.620175247762205
40549,pop_4,2.700930114205538,2.3860400106589723,3.3335952807082143,3.079545870574772
40550,pop_4,3.483118182091538,3.132104706875235,2.646668385131345,2.0212166299775296
40551,pop_4,3.1847355909070885,2.89856434355347,2.8477584934353364,2.6687137494898563
40552,pop_4,3.278126340219762,2.8004725214796853,3.5033267133735775,2.6468921187643355
40553,pop_4,2.9876984402258224,2.896358179060779,3.034594977181936,2.5881044843028755
40554,pop_4,2.865629079485109,2.335819837934282,3.5935880814338566,3.161187022837821
40555,pop_4,2.9702922759526618,2.9118205164979556,2.9876126986638574,2.37279195440321
40556,pop_4,3.1226938824861534,3.0854133726822863,2.9139438520871708,2.6769275649309914
40557,pop_4,2.997636284159161,2.789240822308388,2.7172685838165034,2.612418386339102
40558,pop_4,2.862087058629401,2.4729004054914565,3.1511095618042138,2.609702526949496
40559,pop_4,3.345215675931747,3.0463383158135455,2.6632556802620106,2.547185584731456
40560,pop_4,3.1400746607038124,2.431566930062755,3.3377082234550968,2.744597090210739
40561,pop_4,2.8507740841315914,2.581882297890657,3.1364755530676636,2.8052959467017913
40562,pop_4,2.733685867112042,2.657568094178611,3.302437772014222,2.7775638204656063
40563,pop_4,3.0255451486545146,2.946183483796156,2.7144677071666385,1.9612230857589523
40564,pop_4,3.154491786478067,2.484054709462586,2.9842662173537953,2.8216942006561765
40565,pop_4,2.842013977133829,2.461362948190063,3.1986686931149175,2.595980100296866
40566,pop_4,3.2148751151461514,2.23860653217081,3.097045531154183,2.3566718937977176
40567,pop_4,2.8395469459059894,2.8045848700576457,3.0496302159447035,2.4667767638403078
40568,pop_4,2.8581526254990304,2.8163839851024925,3.0869793545815427,2.8893540130487243
40569,pop_4,3.014919463973906,2.691030050442757,3.0230982164903715,2.676365851219751
40570,pop_4,3.2411308470677427,2.6040508974916303,2.799082547789024,3.104254356612363
40571,pop_4,3.2231281674623524,2.5470717385940036,2.9764850687607987,2.6611556777828445
40572,pop_4,3.3046988086827214,2.759405925357032,3.3973291082290973,2.7129750992677617
40573,pop_4,3.2663114736903287,2.6572725613348434,2.938320593351475,2.5755510995725834
40574,pop_4,3.0167370877228907,3.2980173298990265,3.131287283533372,2.1763285534942653
40575,pop_4,2.9010366994443157,2.4223186698613173,3.4367951723310872,2.3354059806729923
40576,pop_4,2.5725489718456283,2.2858012832347163,2.850914603394558,2.872188819339833
40577,pop_4,2.8117965834092367,2.485668750232213,3.4917227361897796,2.70083788028795
40578,pop_4,3.5106350118491942,2.6111926961191427,2.9773260043703322,2.638771415799123
40579,pop_4,2.8601042842624804,2.660661676616786,3.42717032310858,2.704109790546633
40580,pop_4,3.1320072774086674,2.9525526617371627,3.0367762321608045,2.644672877303981
40581,pop_4,2.978634852899714,2.6450250624431213,3.3537146269967586,2.6857780386204166
40582,pop_4,2.9007057438820327,2.4103816328253225,3.1865117494615873,2.493955734069833
40583,pop_4,3.1733341356558236,3.141686149529201,2.8915960515408146,2.3626131810636886
40584,pop_4,3.3796562237655134,2.7974376103000402,2.8321911045712134,2.3695513681032447
40585,pop_4,3.2233804835351476,3.010751297862171,3.251626401775981,2.9418072880613284
40586,pop_4,2.9959498125584076,2.8126406007930305,3.415593547922832,2.993215579812071
40587,pop_4,2.921319929883409,2.7138109496864535,3.5650939151848355,2.9379728722923244
40588,pop_4,2.898496206802331,2.8050438828698323,3.273087414353778,2.4019488773790103
40589,pop_4,2.9149341578713774,2.448028609387175,2.6988068478647627,2.7894936516299587
40590,pop_4,2.4980920109133384,2.471153095374642,3.4549893625736363,2.5642612126362407
40591,pop_4,2.68005345988663,2.6043182444635153,3.253841329851443,2.523440846446281
40592,pop_4,3.093777087962529,2.588035262301905,3.0960672516788312,3.0254455498632242
40593,pop_4,3.076228563214844,2.6159230572717376,2.7458145174879807,2.776736379812455
40594,pop_4,2.5169195786244147,1.9152295394296546,3.51208417818254,2.6979904816987195
40595,pop_4,2.8719935306800126,2.8197060655191386,2.875444904434505,2.3244557177694163
40596,pop_4,3.232188507975928,2.75917765887907,2.7335959375119008,2.941921512051291
40597,pop_4,3.411801660493831,2.8909690119526004,3.4519986874165514,2.6058007544619515
40598,pop_4,2.860367172229111,2.551738104166421,3.1817602510038117,2.6979019781892237
40599,pop_4,2.622457515414155,2.475095035675689,3.4144761881088903,3.021108055789465
40600,pop_4,2.732559476844715,2.7076946867342664,3.1350403668690383,2.9299803148255017
40601,pop_4,2.989977268051664,2.563489042981438,3.283827416005229,3.0831484036283427
40602,pop_4,3.4554199116847464,2.8495354487323006,3.137864291221611,2.6810210131503944
40603,pop_4,2.9701439143861195,2.756907860820305,3.3648755428078063,2.8528804894002446
40604,pop_4,3.0928383712710006,2.4095598241055516,3.2389016613499435,2.8517243856670618
40605,pop_4,2.8790192692813394,2.6437816885918206,3.1408937646522173,2.6009184690051743
40606,pop_4,2.955213356015424,2.8605338635401623,3.1362688303415496,2.7348349199844293
40607,pop_4,3.0628015795653534,2.7047112814771546,3.169861963522715,3.0820576042867556
40608,pop_4,3.1595049965238173,2.773149202936117,3.154548813610433,2.8436113994108068
40609,pop_4,2.8526747869761975,2.52451460820393,3.2774777857074806,3.0341049398801565
40610,pop_4,2.9787881072923157,2.9634533920799004,3.2180870770408916,2.911024572121289
40611,pop_4,3.065574791654963,2.790586973897986,2.888150881361676,2.329099372744794
40612,pop_4,2.787668534349569,2.7340459339955063,3.1129081230541704,2.314019009207939
40613,pop_4,2.7987870758835167,2.7738448700272595,3.268449259336506,2.9089155479375473
40614,pop_4,3.290788728280359,2.8116813180408085,2.782111032507351,2.8919748673604135
40615,pop_4,2.988240258270629,3.0015197697128886,3.147910222941846,2.6241594802748183
40616,pop_4,2.759184394006207,2.512388392954743,3.428832023441523,2.59018546545226
40617,pop_4,2.8774454288537905,2.6653946140953684,3.0959119182456623,3.1889595986221537
40618,pop_4,2.6903497587647225,2.639923236696256,3.1395431786683883,2.664066169765826
40619,pop_4,2.895840014151588,2.7052630566419524,3.014064394520096,2.3527226668064785
40620,pop_4,3.1108059883900414,2.638496716468289,3.0118067092457244,3.0888328105701266
40621,pop_4,2.896453419688367,2.778617674202702,2.618832236680025,2.4209373598160475
40622,pop_4,3.006388047746304,2.9718040867872855,2.72421712280325,3.026574702873887
40623,pop_4,2.931411467422621,2.5482708615432528,3.496426277111549,2.7361313421979765
40624,pop_4,3.319532071299739,2.9958928634413184,2.9236743877845406,2.6568094916357823
40625,pop_4,2.735604340210534,2.4720281160376425,3.1664971010722183,2.3845627414480965
40626,pop_4,2.80087349444077,2.3515945669812917,3.1007722549299417,3.139103102013425
40627,pop_4,2.9241474524525404,2.5482424811580433,3.6280007236797625,3.2090578277453314
40628,pop_4,3.118251899504299,3.076510305908335,2.6097964288213213,2.4041531618206786
40629,pop_4,3.325200348845158,3.182646843426144,2.733095075693098,2.0543224873699106
40630,pop_4,2.837340326302372,3.080024661847715,3.310859515608694,2.409570188304498
40631,pop_4,3.1574661569008384,2.743868112873438,3.306310765339682,3.1520568263763495
40632,pop_4,2.9475562171084153,2.8544351770661516,2.9202276548868458,2.5258995287811046
40633,pop_4,3.2164797014853024,2.508576103631724,3.2526354579574583,2.5249973593912793
40634,pop_4,2.7638741805340836,2.487847127279636,3.270791740957166,2.9043345490670682
40635,pop_4,2.6436627032539253,2.9665305519688014,3.658059312996381,2.489842769639019
40636,pop_4,3.0451439153178117,2.367868834049731,2.612935626953174,3.0463086919337687
40637,pop_4,2.8472492525286945,2.5572779593259476,2.9581578885373787,2.5461842816396016
40638,pop_4,3.153473763250076,3.0765863376679055,2.816999543951572,2.463263378099585
40639,pop_4,2.9735464723788723,2.995559757465096,3.247024802746368,2.2854878824353033
40640,pop_4,3.049309274315937,2.904868827397107,3.5451456203052087,2.474968839082671
40641,pop_4,3.285392630363651,2.73624987797237,3.236309097163214,3.2502770576320312
40642,pop_4,2.8896787373474297,2.744510245605909,3.5755051659253296,2.973526331191035
40643,pop_4,3.290251126642894,2.5028283212220597,2.778583523636664,2.405647166164439
40644,pop_4,3.1417743899386568,2.8269626007132693,2.9001883766337873,2.9471692869967225
40645,pop_4,3.238307167914543,2.8236044240217573,2.7640431796461935,2.642410415609962
40646,pop_4,3.1375912179861545,2.468236489880953,3.5680979056923317,2.6358411558435972
40647,pop_4,3.0419764841592096,2.796628965556357,3.082295621602469,2.8520523654788428
40648,pop_4,3.211754433955428,2.7334466146842575,2.8141975192183186,2.2509904322265286
40649,pop_4,2.6923980742650726,2.763130978189358,3.606749536611114,2.5396362203687812
40650,pop_4,3.0899228256944253,3.015001896169333,3.1672439751517083,2.60751470287616
40651,pop_4,3.0391704787787313,2.5875651224116933,4.050995929793222,2.8584808604905914
40652,pop_4,3.0895357092161517,2.9758280096392045,3.1398106855816224,2.6031710560400922
40653,pop_4,3.413426711750808,3.049174709587054,2.950808802360968,3.0646941929690072
40654,pop_4,2.980702426862459,1.9887384893621454,3.2020418447952377,3.011625918541283
40655,pop_4,3.091841079827661,2.6060902814762676,3.2011513391473008,2.684632769504293
40656,pop_4,2.8785753082876444,2.6502723002829383,2.8567188623372135,2.4560135820521074
40657,pop_4,2.7158838932513527,2.893653898328018,3.2753520051921186,2.494504235915005
40658,pop_4,2.791291988693839,2.565829116063418,3.5501204943245726,2.376676167829756
40659,pop_4,2.8396545323116142,2.8061550786112854,3.185297632741619,2.6876654314962245
40660,pop_4,3.6851171319287053,2.9819027710496715,3.0192832839757453,2.989631737975737
40661,pop_4,3.1197149624845735,2.867176359628779,3.264227031492836,2.570706291166108
40662,pop_4,2.9555287293741737,2.5253465747719224,3.209864250981067,2.6346518474711873
40663,pop_4,3.2402700078461946,2.6415795170371217,3.1204221987232366,2.6098068490477457
40664,pop_4,2.8732364795133734,2.404362110157885,3.470071634659243,2.8635244621195732
40665,pop_4,2.8897392010038234,2.6369203788276034,2.6779226162747785,2.6434192665178533
40666,pop_4,2.9167926007652976,2.800880682956328,3.1028388962356104,2.483968646321729
40667,pop_4,3.1639394339298876,2.641078352510516,3.333844548846028,2.8605856580159195
40668,pop_4,2.967721290542071,3.067435474363192,2.8613847294619768,2.630745566389651
40669,pop_4,3.132185628713195,2.822225035022266,2.9305098310202466,2.4485051308061405
40670,pop_4,3.002223575582857,3.107183487112272,2.927359539600648,2.2062873706966037
40671,pop_4,2.9355799820942705,2.6882847488290165,3.3572342539973756,2.9294003273156455
40672,pop_4,3.200442516251798,2.802704690702634,2.71913163125435,2.4318530890657906
40673,pop_4,3.2920947753722865,2.783928221426144,3.2011875386573263,2.0605386733859112
40674,pop_4,3.140398048646096,2.6613695372723853,3.0722725858916715,2.8675025195637542
40675,pop_4,2.901503771681428,2.944557861031807,2.850503700653996,2.6001825031712613
40676,pop_4,2.915650389740635,2.6735855128836294,3.135799307523654,2.931657674196556
40677,pop_4,3.1098471195997957,2.8408054929608815,2.954281400782083,2.262007380177506
40678,pop_4,3.3299119981380434,2.8282192765988454,2.913477815467425,2.625475903844576
40679,pop_4,3.467595354716161,2.896136214498316,2.872093556432641,2.6277421213985193
40680,pop_4,3.1113515624728625,2.9152370498925424,3.1678821703981517,2.6524774333340577
40681,pop_4,2.9932502322027252,2.5486051576918465,3.5524544271341427,2.9008580991712343
40682,pop_4,3.230285365395201,2.6939922510754992,2.9390795668616563,2.4032036114566853
40683,pop_4,3.003564237454017,2.7504156941509326,3.5069190199306064,2.6647886803200804
40684,pop_4,3.234579378339252,3.36264900138521,3.0192812826728868,2.594316618801898
40685,pop_4,3.06216613577066,2.9098639390660934,3.111465352225103,2.1373319081649798
40686,pop_4,2.671735957914534,2.895952219356603,4.051091087575187,2.6092266758607825
40687,pop_4,2.5387628960191515,2.4694018384853393,3.5240826758097454,2.8006032314832616
40688,pop_4,3.3906820742479327,2.369751805157879,2.975073416079906,2.6703437395894283
40689,pop_4,2.8547919877891133,3.0517345196371335,3.0969459924378695,2.624110509131471
40690,pop_4,3.5181689537355743,3.311333272890625,2.8257572287178165,2.4718106640480184
40691,pop_4,2.7547609803161377,2.439756223467462,3.510397487856863,2.6717988875178276
40692,pop_4,3.260838148967259,3.0623055515459408,2.7914087000759196,2.515805977071675
40693,pop_4,3.3112371385615407,2.4707555528986793,3.23336240697333,2.3814497209239036
40694,pop_4,3.0331788879212227,2.677130609637666,3.2849444033344715,2.502009740476088
40695,pop_4,2.919683320663166,2.363603227526805,3.4489880683896295,2.5722984407409277
40696,pop_4,2.955591588342624,2.906407713105509,3.3498825734152784,2.1694327393200865
40697,pop_4,2.984842828669715,2.6425481590307816,3.331810485121071,2.6473515606394806
40698,pop_4,3.2916126421933654,2.3614246105709484,3.3847229683749647,2.7842925569526673
40699,pop_4,2.4373498423187883,2.562818363389164,3.3929405199703453,2.7350224270576344
40700,pop_4,3.1066493162724003,2.775125228519219,3.154173858135671,2.5044207973764903
40701,pop_4,2.7416973218125893,3.0755416614691136,2.839891637546857,2.436687351385832
40702,pop_4,2.8753826192231116,2.899877207390462,3.2174914609369254,2.275785952080365
40703,pop_4,2.912974652616223,2.5986059446336816,3.1706694513891356,2.49078016049382
40704,pop_4,2.8201380092515347,2.4710008509152104,3.500085555529527,2.403403577989463
40705,pop_4,2.763301759274981,2.6832970070640676,3.0872936777943614,3.000825958260296
40706,pop_4,3.2283186237495247,2.393564554700149,3.6000540035942126,2.8653798727113005
40707,pop_4,3.389322221310119,2.8379819733621825,2.993624479057727,2.4795837972416717
40708,pop_4,3.0691297160070605,2.2838137696235172,3.4915137504524725,3.0300714533753808
40709,pop_4,3.0355942115517807,2.7855975429651814,3.3487290338044553,2.3933558951224025
40710,pop_4,3.0601074111254527,2.650739175811245,3.104605095375785,2.7854532968467516
40711,pop_4,3.2147261747350795,2.6218955199555336,3.4083309595563924,2.5374570283229665
40712,pop_4,2.6921709266179925,2.9652675443453136,3.115099420715706,2.6412591554595712
40713,pop_4,2.7804367005806045,3.051243662167955,2.562497395543091,2.6063668589747024
40714,pop_4,3.146003271812996,2.8821402421687017,2.8938883801180784,2.4290723265503695
40715,pop_4,2.7900399825094446,2.869235145317508,3.0959286989799457,2.4075807691926845
40716,pop_4,3.018898537812952,2.938603129630744,3.0356815992467423,2.647963312067359
40717,pop_4,2.9233646047075292,2.9632201683415573,3.337718695530918,2.26010160819154
40718,pop_4,3.053318005767415,2.656356441569181,3.5025976668368055,2.898805484477357
40719,pop_4,2.6417173223395447,2.2726104796961972,3.497849330144935,2.958470627509856
40720,pop_4,2.8035667756075466,2.9875982671092833,3.0598142548698646,2.7715662474026423
40721,pop_4,2.872930161190389,2.942146784189064,3.0948563902922506,2.051504893746309
40722,pop_4,2.7223662845536007,2.5388948874456463,2.9129942068983476,2.7963230990640304
40723,pop_4,3.453989224868268,2.660661437462118,3.0210829750210815,2.54520555551313
40724,pop_4,3.068554087041337,2.4748726866899298,3.4809461804125688,2.520989968037146
40725,pop_4,3.6725999488478704,2.8484958399926383,2.6648049347384415,2.555028714946322
40726,pop_4,2.8982221904642715,2.6802331348701145,2.6627659664366288,2.698876087007573
40727,pop_4,2.711060146197986,2.593407274250229,3.521878836006504,2.6241993227265326
40728,pop_4,3.331273645874013,3.2435948718321606,3.5439200435209086,2.8746069963313663
40729,pop_4,3.1786337551082835,2.627344988004959,3.2033008945494355,2.8123276737640883
40730,pop_4,3.059926707845648,2.8937451591515564,3.198973742070092,2.695359599022477
40731,pop_4,3.0920728942904985,3.087862461674595,2.8619111919619535,2.662414778584187
40732,pop_4,2.781538201310634,2.400522725655191,3.2550657384706754,2.7484650156964334
40733,pop_4,3.2046461237361297,3.0312915132678233,2.5858370047546,2.663924723478039
40734,pop_4,2.9417957559990957,2.4126370851911396,3.496982411376147,3.002821004934618
40735,pop_4,2.973773431172516,2.9477011399810804,3.2380983247541346,2.8798139020989026
40736,pop_4,2.392481111020414,2.4741229386031813,3.4214336527816473,2.895984464845621
40737,pop_4,3.0366321592126746,2.6169200506910033,3.085381257262782,2.389715777455263
40738,pop_4,2.8212116697003333,2.7030906330817857,3.473248925929206,2.7933942022660077
40739,pop_4,3.492178642157379,3.088374603298729,2.8700729202816007,2.6896019391997004
40740,pop_4,2.7363937688147852,2.4797703809705447,3.5226192433108463,2.051020070409062
40741,pop_4,2.978597319829999,2.2142427355226655,2.8513231941212953,3.5241188588416787
40742,pop_4,3.202358396395864,2.514129138245137,3.2048540242211496,2.83985741659796
40743,pop_4,3.32179360686849,2.4132458500615352,3.1413602079750684,2.6362473590443383
40744,pop_4,3.1563997252050457,2.6854426523439323,3.4290754739856655,2.915854139092823
40745,pop_4,2.9980124668824115,2.5628370643467555,2.8433596599580993,2.9214898077188556
40746,pop_4,2.896559974602961,2.1882061337180905,3.4269535412830203,2.9408644514093814
40747,pop_4,3.4997045709007537,2.8237998549715044,3.0739894813733497,2.8387631126430963
40748,pop_4,3.206894075611732,2.592361914635252,2.8094461697659256,2.309935598658468
40749,pop_4,2.738844671687262,2.3859475649900617,3.6015899657223285,2.408908425172502
40750,pop_4,2.802383350717921,2.7180545050620335,3.200960018011162,2.6803042961642833
40751,pop_4,3.296606605940471,2.938780312434871,3.12668932617427,2.8215135158884577
40752,pop_4,3.188216038235519,2.7626272907272367,2.936884260119942,2.8969822782205874
40753,pop_4,2.6849745582031463,2.3326400377554584,3.4090678288419705,2.676696702649487
40754,pop_4,3.0517639923029694,2.200344842015679,3.3147878119515406,3.1225489483972213
40755,pop_4,3.062719848852305,2.933818591686648,3.144501665227805,2.7758517310845763
40756,pop_4,2.940865215042953,2.8790218929898055,3.555382074946044,2.6310592073224583
40757,pop_4,3.360549852440666,2.7032829912548633,2.773201014023847,2.130143379603595
40758,pop_4,2.838376828664295,2.630960226037277,3.073108075068866,2.8298225041152136
40759,pop_4,2.9362671384570533,2.78134244515775,3.307420788171334,2.6579321900988777
40760,pop_4,2.897916554385439,3.0681645060434795,3.073811540661493,2.527087513662931
40761,pop_4,2.78573979121156,2.8062752501637043,3.4120097147353246,2.7821992557130106
40762,pop_4,3.3162614566521587,2.382546781657732,3.2838055440520746,2.457171679158333
40763,pop_4,2.7527886081061306,2.587583522200483,3.7001964340347757,2.7561005166915917
40764,pop_4,3.001729804296922,2.5880099374593954,3.160222869184561,2.5081709485279164
40765,pop_4,2.912628432225641,2.6546819332601546,2.9503812445123008,2.643285926583935
40766,pop_4,3.1308878119181163,2.6684233327040374,3.415803398312408,2.959097989031934
40767,pop_4,3.0347777335318757,2.3297537034608378,3.1846651485598803,3.0192904345062925
40768,pop_4,2.9035768001685303,3.0546561548081916,2.9117318341201366,2.712398599220322
40769,pop_4,2.744039622579921,2.5802953010925695,3.484684285846329,2.464013032886594
40770,pop_4,2.9011724837855795,2.0716939693582366,3.326665038787625,2.785372712605795
40771,pop_4,2.8423924796337707,2.5881724668590347,2.8308903998321093,2.5085586147455206
40772,pop_4,3.079295480846657,2.602027532198958,2.808090956442867,2.630703481189975
40773,pop_4,2.8839296634637783,3.0818648248787506,3.200352442514875,2.532770330643128
40774,pop_4,2.9442748103399077,2.40939006027921,3.4214020440427992,3.256817610376298
40775,pop_4,3.092152423466142,2.533164391569903,2.779618405736868,2.6575832536333865
40776,pop_4,3.427437715376161,2.5822292138358423,2.8411861796704745,3.0686717893040463
40777,pop_4,3.043167357237738,3.2383068311760272,3.251700089215312,2.213279519704865
40778,pop_4,3.338081981579021,2.282992127797235,3.267430110797407,2.9749142151761
40779,pop_4,2.9036049321207718,2.803130180762697,3.0023742649296006,2.326001019175408
40780,pop_4,3.103404413772375,2.6777844106709137,3.7185430499846954,2.6894345383756963
40781,pop_4,3.29444419491413,2.591437527943403,2.597983360763431,2.849796430230949
40782,pop_4,2.998673969974686,3.1589241892678954,3.0949498702545957,2.7546924757544544
40783,pop_4,2.8849171255702353,2.8281756183987112,2.824574709847468,2.685102128599412
40784,pop_4,3.3768144021540785,2.8760071821620623,2.9731188632622088,2.6509515562939026
40785,pop_4,3.051715534762569,2.551941976423972,3.198412576522791,3.0422071954559673
40786,pop_4,2.8214566442233933,2.912683954471606,3.195139645199695,3.0531152690881127
40787,pop_4,3.283861273363086,2.4050245042193867,3.1087646258566055,2.810785221524581
40788,pop_4,2.526417035356239,2.3273393970648533,3.680427878287168,3.2876267783906576
40789,pop_4,2.8453100822945796,2.7513852277020114,3.388968140758796,3.1531086324792543
40790,pop_4,2.8661074298813043,2.5961416525526055,3.156483061146921,2.765602073043069
40791,pop_4,2.9213083434907046,2.7554186549888326,2.6214384296428603,2.4039118014511116
40792,pop_4,3.037551366130103,3.12026906624444,3.415464135521852,2.6734725354329956
40793,pop_4,2.8404902941628176,3.124328667404887,2.8492196216780585,2.583022129619757
40794,pop_4,3.0367147350876302,2.4741738979317756,2.727099308289355,2.824241489003112
40795,pop_4,3.132043004887611,3.0027775605084255,3.1119545693995745,2.537609323171207
40796,pop_4,3.1077891979817527,2.494043792347643,2.940229926779016,2.9056613777771054
40797,pop_4,3.1016379526891042,2.8128856032033696,2.966252549860011,2.7610306205408204
40798,pop_4,2.8015292951842765,2.55376079216926,3.2797384198397967,2.39067432259387
40799,pop_4,3.1841665118422577,2.7005965139752877,3.2451688473627804,2.6847978265907853
40800,pop_4,2.7769264948211694,2.7307171678063216,3.127436753629126,2.3541581879551967
40801,pop_4,3.0208657036914244,2.612018708334461,3.1883125787306428,2.4381310199809327
40802,pop_4,3.3325688807627327,2.6396230418104123,2.9600374595960224,2.6339942378766312
40803,pop_4,3.19872833593982,3.0940773404271154,3.139817937413349,2.5668930077384933
40804,pop_4,2.924110603580207,2.8572550757824073,3.014070778727039,2.742445173660356
40805,pop_4,2.8392853992784386,2.318644074330564,2.5741139593257545,3.0446270604710275
40806,pop_4,2.849279460566541,3.022635166966806,3.6337306202920225,3.1254234892070896
40807,pop_4,3.1148594825237956,2.5684485866469653,3.1120806559686214,2.6965779157034784
40808,pop_4,3.401132907619163,2.9370874754530893,2.953812821406345,2.5932781994881418
40809,pop_4,3.117497726029803,2.7808219073721276,3.3857438526108545,2.436738976054457
40810,pop_4,3.066137785463379,2.7576440339924226,3.1214720926263437,3.2643460037849543
40811,pop_4,3.1295069244888825,2.6014382079950864,3.194938886381699,2.42420178562599
40812,pop_4,3.2219414926402155,3.2017050849489492,2.9834928347147724,2.3666820680129512
40813,pop_4,3.4704546434375967,2.7288740901797626,2.6647958314889895,2.5446731825884776
40814,pop_4,3.225668405149232,2.516202176850597,3.643256297029209,3.1284200605898107
40815,pop_4,3.2424406440581173,3.0003639677421163,3.002243203006389,3.1079521773492815
40816,pop_4,3.2583749782001923,2.890068308394967,3.3926557671460604,2.630064719163234
40817,pop_4,3.2541375363717426,2.9620065881004307,3.5342780830668072,2.9138621422969626
40818,pop_4,2.9696288910748545,2.8195201089715933,3.6826004338145406,2.820137064527695
40819,pop_4,2.7362329502079463,2.7697280980890304,2.876716327731229,2.1720022400107473
40820,pop_4,2.979509211483344,2.2545126578268926,3.5210375386265698,2.802145323980999
40821,pop_4,2.6505721133570317,2.4628477365751538,3.29755530562904,2.932946211616065
40822,pop_4,3.349039049415148,2.4582844513226827,3.0784429543458427,2.701923576802188
40823,pop_4,3.0120007736956063,2.7468785933148854,2.994304813901814,2.222082541076345
40824,pop_4,3.2324139422502514,2.6521837052501978,3.2151536745141978,2.3847355154626486
40825,pop_4,2.9000783466221947,2.837394500267932,3.236742346896381,2.7392356476558195
40826,pop_4,2.8458210200877776,2.617182282192098,3.568882381622665,2.907040257947566
40827,pop_4,3.045557730668317,2.4171134502892073,3.1176603072311506,2.4982447384129496
40828,pop_4,3.023918505976088,2.3111552659459553,3.573355721197312,2.514420623970391
40829,pop_4,3.075323590075567,2.959291238120798,3.2990997051014945,3.1049129416182883
40830,pop_4,2.7717772629882944,2.981277016883669,3.213315637231225,2.7705031786394745
40831,pop_4,2.9628490258340645,3.066650402144245,2.9662628461379597,2.6246170028501483
40832,pop_4,2.778738923598267,2.4727809201971773,3.1924726284989786,2.8501516091144294
40833,pop_4,3.180889882937947,2.076319352772852,3.3209539117176274,3.081744292130676
40834,pop_4,3.0983246568591816,2.3314890770984733,3.3359662021430982,3.189488271080324
40835,pop_4,3.220976397937841,2.8718592639191916,3.352999902690308,2.352051854082285
40836,pop_4,2.9706048977933803,2.910585015589003,3.549461885748279,2.6924984369285383
40837,pop_4,2.90920437620585,2.741697095170638,3.4301714121644027,2.9110285596435177
40838,pop_4,2.8878907668627947,2.97872733491785,3.337676154655743,2.73083573256488
40839,pop_4,2.656411657187561,2.7702820912222537,3.5339549685108462,2.1729346100056275
40840,pop_4,2.9705553078088602,2.9438139566899357,3.385681000417682,2.9056815993651814
40841,pop_4,2.7952946039221125,2.160496088331939,3.234269455937279,3.0707710003371123
40842,pop_4,2.863659554069274,2.664756332673404,3.257456761291664,2.679634424761575
40843,pop_4,2.899791503772566,2.6280500409447174,2.607163733785497,2.7999498818534834
40844,pop_4,2.7317636612211573,2.9814303218843925,3.2551768341195757,2.721536715296892
40845,pop_4,2.8988232001732315,2.7190416162637114,2.9775817147370502,2.7432155642615195
40846,pop_4,2.9668544707543507,3.3777980038853777,2.540298629536402,2.1338498768574317
40847,pop_4,2.8635596787520723,2.624104646848379,3.332727049002556,2.801922553278617
40848,pop_4,3.3196442323521635,2.739541000924893,3.4075303054630495,2.855749596310171
40849,pop_4,2.766357957893383,2.2298122394007867,3.5878823947459133,2.861108281580789
40850,pop_4,2.831185095510171,2.5385655412181922,3.2061412677161036,2.7734961395073237
40851,pop_4,2.8526828254075287,2.7655809968957747,3.0187863626733358,2.5378921532435856
40852,pop_4,3.0663322288952464,2.4024582176541354,2.9068611397384356,3.0295170030940466
40853,pop_4,3.0623622846344727,2.729066817481187,2.9357151793657663,2.462166053855157
40854,pop_4,3.0176139072294568,2.9588430669820966,3.457715234601444,2.596324746662898
40855,pop_4,2.950316048170518,2.6354255352707057,3.006868079105198,3.0857555565258603
40856,pop_4,2.7104675223034844,2.557136928134927,3.412724527613398,2.417569986406367
40857,pop_4,3.1309153469560576,2.5573640780185545,2.9420348185168788,2.503963041943925
40858,pop_4,3.0713608368424428,2.623197084617646,3.1694025305939233,2.5365705648142844
40859,pop_4,3.142218198750825,2.607739948419124,2.8043801981314775,2.4699741708247314
40860,pop_4,2.9295210156569613,2.646863502915204,3.807098206076599,2.5837152981407647
40861,pop_4,2.7744366526690194,2.940732475375267,3.704092221279513,2.879634075256221
40862,pop_4,2.948790236697804,2.535107295283766,2.764779179229852,2.911786777270065
40863,pop_4,2.614193699417331,2.592724676620816,2.7766295002765746,2.82682482107404
40864,pop_4,3.0752413238399665,2.8689589709933023,3.2694325262158968,2.893957389240397
40865,pop_4,3.5203941711310245,3.0560636548191145,3.099972530445376,2.60743825004627
40866,pop_4,2.5719597144933806,2.595455575747736,3.3081111047921605,2.629295892981161
40867,pop_4,2.712341416259745,2.51977323604663,3.4043189219930277,2.5869272721608922
40868,pop_4,3.2263442474409465,3.0338959529921388,3.3506504267596005,2.574892224525847
40869,pop_4,2.6081701697048953,2.5007774001919953,3.0257215646062026,2.6662095252064675
40870,pop_4,2.688710264547519,2.767223056310873,3.045043796489369,2.3779288000551584
40871,pop_4,2.672136846695668,2.223112274775713,3.6386299045819026,2.7714436801447353
40872,pop_4,2.8501505159922247,2.8093894128667625,3.5848758297316112,2.4339881303265285
40873,pop_4,3.1931930034019085,2.5395000394722858,3.2639045934269673,3.272518884715044
40874,pop_4,3.0043245189245202,2.95128159797088,3.3678705350518903,2.6436183032389136
40875,pop_4,3.2765869178940314,2.7197099866693426,3.430709495260414,2.771604743138669
40876,pop_4,3.121989046005266,3.319385645693083,2.89847268742266,2.569305422411179
40877,pop_4,3.2404374522686665,2.9969115512076416,3.047088026786767,2.6293873296508417
40878,pop_4,3.196026111485061,2.9787152554987766,3.179584002631877,2.511598506312924
40879,pop_4,3.04510152877505,2.920974120544558,3.324210282205308,2.538624583918501
40880,pop_4,3.1069022700423115,2.7520900940196658,2.950988533987375,2.693520401944757
40881,pop_4,3.004367437964095,2.8416551008774023,3.1936726099851027,3.216689921393688
40882,pop_4,2.9022647163013673,2.48500936936388,3.4644953278869934,2.692656273620329
40883,pop_4,3.2500597116047625,2.4210521003945984,3.1550114785202004,3.2479624966699534
40884,pop_4,2.9471757219122674,2.728818052301842,2.7942118241710605,2.5932647495872723
40885,pop_4,2.8395689300765645,2.5707708645028413,2.663970849654819,2.625811623501426
40886,pop_4,3.1837746615454035,2.7957966238236294,2.7503357415882554,2.687585888049436
40887,pop_4,2.635259609172604,2.780665261974982,3.0905703308538275,2.521160414854352
40888,pop_4,2.7758024350108794,2.9864685937467863,3.1345324376686015,2.4825506649838878
40889,pop_4,2.896129888856989,2.9490757217165813,3.1788158435407783,2.874514335027595
40890,pop_4,3.279113845518708,2.9183262295430796,2.895063724745506,2.4737742826235154
40891,pop_4,3.329140813260671,2.824537779362765,2.872083944248185,2.6269858320694786
40892,pop_4,3.1080471630077544,2.9053103976090293,3.2296843188415223,2.9720306639463705
40893,pop_4,2.829707844624252,2.9689890980510185,3.223433980017521,2.4789122031039805
40894,pop_4,3.362425401178006,2.928273589156121,2.8804585466137875,2.425251542634375
40895,pop_4,2.986785922032004,3.0686815333010133,3.4169142553965015,2.6044319001528966
40896,pop_4,3.110424833332074,2.765580719533094,3.319884872852926,2.681941264988079
40897,pop_4,2.8990352949203793,3.415010752519877,3.164863411188045,2.531615997805816
40898,pop_4,2.9926096834144826,2.7883306767312126,3.1907971940742144,2.8102407289998843
40899,pop_4,3.2115125615084503,2.9816112200459504,3.1239678522701304,2.569738666751509
40900,pop_4,3.6000189262818196,3.032908264859809,2.9304106958927734,2.6005763984905443
40901,pop_4,3.346048486374982,2.525466008745335,3.582921514415191,3.0190617645398823
40902,pop_4,3.239244730952961,3.369148190487107,2.6762886073032917,2.1357997094835177
40903,pop_4,3.2225211113896433,2.5846109612541754,3.126502455607296,2.4375712129414016
40904,pop_4,3.453412074029578,3.029190304525987,2.613961466528727,2.3427041450049266
40905,pop_4,3.5933791657304184,2.7320206584254128,3.155098683535923,3.0457345511155833
40906,pop_4,3.070425731588476,2.8401735528445395,2.986802413548628,2.544907558588718
40907,pop_4,2.9153684563405626,2.992096191676548,2.9814123349580277,2.475193208392425
40908,pop_4,2.7222581965893364,2.8746837057866648,3.2384929294173,2.7578783709259724
40909,pop_4,3.0360025005767146,2.545676138114213,3.7723784178027615,2.8905595134008495
40910,pop_4,3.3045859488407494,2.368073518730188,3.2351901928766598,2.367529245495364
40911,pop_4,3.154435802324681,2.6007386043811547,2.842815592316649,2.6714464025566733
40912,pop_4,3.0151530383037195,3.021680737837479,2.7015276753073816,2.5965357502791626
40913,pop_4,2.8869190440177266,2.686546745081698,3.218687462748302,2.4597323984783195
40914,pop_4,2.941851523717599,3.073431351446204,3.096513930413293,2.3462840526512063
40915,pop_4,2.852561965706467,2.462662696626211,3.2297882506491833,2.6152150307169033
40916,pop_4,2.924452035950204,2.3944147114376007,3.25279511923098,3.0438043983758134
40917,pop_4,3.0323407090195733,2.6227437043891206,2.692492002034229,2.461340131723696
40918,pop_4,2.743055277381593,3.1233138400085716,3.44185367336182,2.69509904415422
40919,pop_4,3.1912285433201655,2.8371418165424074,3.180965939888431,2.5431997505610906
40920,pop_4,2.9133536389034114,2.5835698333141828,2.5725237142467705,2.757278953171245
40921,pop_4,2.8713184108775405,2.5774722304399558,3.2113611121400356,2.4829550457256824
40922,pop_4,3.244800371101833,2.5882638963918883,2.6464971473067833,2.90118075662742
40923,pop_4,2.9800884817611815,2.792473902371955,3.575416048532969,2.6769959084895403
40924,pop_4,2.9505164023887014,2.8902098083624246,3.4160013342933375,2.591219135644028
40925,pop_4,3.2497701887346087,2.659711632927207,2.7792274418912024,2.597486621269578
40926,pop_4,2.894914464532751,2.9114810873808903,3.282867421978204,2.552134874552091
40927,pop_4,3.648999703914549,2.6644828690508557,2.8796247953963885,2.9474115194386434
40928,pop_4,3.1793050541896433,2.213866917328276,3.4875895263579246,2.792024886797356
40929,pop_4,2.6959679996358576,2.4589557590875013,3.480868144748816,2.7178503266840344
40930,pop_4,2.8251104882345093,2.853383674069079,2.959717121598459,2.5713461951214427
40931,pop_4,3.252954096196502,2.7155272312833305,2.8588107190865,2.4367790170907253
40932,pop_4,2.5738295629846104,2.457217907362046,3.4257069800244673,3.005436004283997
40933,pop_4,2.947297313563109,2.512142856305193,4.089733485376182,2.7086437392003133
40934,pop_4,2.8577914195177314,2.389087777421146,3.4106287551368477,3.0937759396238627
40935,pop_4,3.018266843025529,2.7694378050677755,2.8243301359226787,2.9153644635464566
40936,pop_4,2.88418649160367,2.8966650562226453,3.6459340980522907,2.3885363173882777
40937,pop_4,2.945143788074961,2.4247597128523077,3.6335305887821185,2.8021330088857854
40938,pop_4,3.3073547521845033,2.858345054078534,2.6879691205407164,2.6869039461418565
40939,pop_4,3.2586483971060063,2.887752500374306,3.1834762937756342,2.7215416077993764
40940,pop_4,3.083593384655019,2.2170922784380958,3.0692695834215677,2.6475291968447197
40941,pop_4,3.156196718648639,2.426511261015677,2.797054947796438,2.553813160754758
40942,pop_4,3.3342848743055034,2.913129291174696,2.753737924934881,2.745825517163698
40943,pop_4,3.1221709749635878,2.8171804780953864,3.4194227016856473,2.457637467139281
40944,pop_4,3.210286449143216,2.764410166424039,3.048077988835288,3.10400553982346
40945,pop_4,3.137404430587316,2.7864651751684315,2.997082292694952,2.9536066387032753
40946,pop_4,2.756663981629364,3.031497105179206,3.175453519181769,2.7423271886818186
40947,pop_4,3.2932035765101735,2.9931793453041107,2.852661453375419,2.3254439340218447
40948,pop_4,3.305392428598502,2.629951669629561,3.1657590125695028,2.7265662635162524
40949,pop_4,2.507241621400305,2.989866467660044,3.033645952353227,2.9119858090338626
40950,pop_4,2.8911797163818704,2.5776888381691756,3.3413836253240943,2.8119376723047527
40951,pop_4,3.24720564692104,2.584957788374554,2.752544694837672,2.6180113259881135
40952,pop_4,2.895126381239973,2.268611773044283,3.0983877455068356,3.0010584639658404
40953,pop_4,3.327143885116613,2.873744518781834,3.441470138735359,2.722022220198876
40954,pop_4,3.1617229886070755,2.676123794899536,2.959531155016203,2.7140085746241516
40955,pop_4,2.837364579152674,2.203374163713695,3.4255406237512753,2.853123612195693
40956,pop_4,3.0588441574341307,2.851456214004681,2.908669172290108,2.6928006829124276
40957,pop_4,3.2334416368435193,2.7600153374483356,2.628041435998779,2.9943430445555714
40958,pop_4,3.350404481433734,3.1153235572499693,3.2110974398982783,2.281173370560328
40959,pop_4,2.5331518127401855,2.395461150653938,3.0590488633347523,2.962129044101521
40960,pop_4,3.2785397612435307,2.860467057030433,3.0435725316593363,2.452115328367065
40961,pop_4,3.252274934961005,2.7504260198700408,2.7931988454637584,2.4563985927967504
40962,pop_4,2.840035389671603,2.4239466038307684,3.4568003628629347,3.3972246626508156
40963,pop_4,2.692171417563333,3.197360318202013,3.370462705078258,2.5291793064768435
40964,pop_4,3.4057761522665384,2.761442267180182,2.680553258182367,2.691729696130972
40965,pop_4,3.1576286915795078,2.8273947741509944,3.530439961762117,2.5867186668143103
40966,pop_4,3.229885653663652,2.793107208436573,2.659128913799626,2.7843042778051545
40967,pop_4,2.9431451778743463,2.968445219937081,2.9373248057508623,2.812587537618956
40968,pop_4,3.4507561711937966,2.7623608952489955,2.7522928207774484,2.6804911757277305
40969,pop_4,2.776791621056593,2.6257845412604746,3.777977574975934,2.775796857191738
40970,pop_4,3.211886445649442,2.7379825938094093,2.8635573905916845,2.8096888488232703
40971,pop_4,3.094267099977874,3.274935756624067,2.6596293402297317,2.236565864228294
40972,pop_4,3.220207864429819,2.7394468057699637,2.2825831334775892,2.5789187114001453
40973,pop_4,2.9996614566715123,2.6530786038524328,2.9534636534164727,2.737736202062224
40974,pop_4,2.771965032799574,2.3878603416897075,3.719104892653434,3.141577055883848
40975,pop_4,3.147998072315559,2.967262385639009,3.1196298549360155,2.7222516000700847
40976,pop_4,2.829470494117141,3.325426504573855,2.797506615356771,2.5138044060793887
40977,pop_4,2.9099489556451283,2.415688611326371,3.187149267306292,3.1624615049834848
40978,pop_4,3.02218137261092,2.535023770388859,3.16422528794746,2.725844393731219
40979,pop_4,2.9327201894134296,2.666905707433814,3.5049152552266576,2.7502388339979293
40980,pop_4,3.1612297667874083,2.7163728279770076,3.330130773840396,2.7481653434152085
40981,pop_4,2.576920909565647,3.1063163393604243,3.3482671506116706,2.781126960452749
40982,pop_4,3.0767338342833734,2.26918820661705,3.482590478581578,2.6969338971102625
40983,pop_4,3.12315907188175,2.6851537379610297,3.007763023037885,2.518383359059379
40984,pop_4,3.019262690249554,2.4944365230202385,3.065406009443777,2.7161709374981764
40985,pop_4,2.7311452288251186,2.2522428097255425,3.398959722228581,2.729230307070276
40986,pop_4,3.004925922063048,3.097125480909688,2.86895986072694,2.386538627840018
40987,pop_4,2.917632371078181,2.639725270341363,3.269695694222596,2.768669071284861
40988,pop_4,3.1374404332046417,2.8936454197120285,3.5275824669141573,2.992533312736659
40989,pop_4,3.168403280483973,2.9869937393176875,3.110343010943367,2.622140130467035
40990,pop_4,3.124212744638076,2.7157278337401114,3.245781366262814,2.278856942152328
40991,pop_4,3.2089234712600057,2.915048304185897,2.708278583851248,2.58626700110302
40992,pop_4,3.0074578386145028,2.619068258446363,3.3798977840098714,2.885639716774761
40993,pop_4,2.621374109250721,2.6919678236390046,2.7812833566077773,2.5224411284489605
40994,pop_4,2.9819390266119257,2.8909550407010474,3.36851508435541,2.7028083847940985
40995,pop_4,3.319997975418183,2.746354253111764,3.4949093930257433,2.1523170482581904
40996,pop_4,3.3177404967518447,2.820514065816626,3.19956744790604,2.5016407186860077
40997,pop_4,2.8028964705291237,2.763093474559505,3.2984422662256243,2.5871025463474413
40998,pop_4,3.2526810806439235,3.139798065708995,2.93087073848711,2.6362164854519956
40999,pop_4,3.095711194812319,2.2786682404884107,3.282013305975694,2.833553752345258
