cell_id,population,gene_0,gene_1,gene_2,gene_3
5000,pop_0,3.6437427675541745,2.4636401066711673,3.107976359425813,2.5277295470522145
5001,pop_0,3.2321597364174264,2.6545486223679675,3.056113987312024,2.4677327287585977
5002,pop_0,2.8857893786150384,2.9265665072560263,3.591044681017585,2.5932459192219564
5003,pop_0,3.618139011051595,2.4711202275964155,3.0950660450137004,2.469294141145678
5004,pop_0,3.2203685751535938,2.761825783801802,3.4972251391094633,2.9780480990422777
5005,pop_0,3.3827506969127823,2.799636849700322,3.1319405748502915,2.620599325569375
5006,pop_0,3.633618463325464,2.8189802452699992,3.368931137736843,2.374879302308762
5007,pop_0,3.6399545076756104,2.4128777035115996,3.5381936663667983,2.19607671409679
5008,pop_0,3.7015380319060442,2.509802993325323,3.164198799804097,2.5002331338375927
5009,pop_0,3.124125894999634,2.7550771359638655,3.1480225455287107,3.024443913141683
5010,pop_0,3.942782443271739,2.393745814798353,3.164939326046098,2.634653796262329
5011,pop_0,3.302534316405334,2.6724408280976286,3.113362495123298,2.6052862264847474
5012,pop_0,3.237249968875226,2.6819575449309303,3.050490856779089,2.353953379335593
5013,pop_0,3.391383880995937,2.7028217877074305,3.308782468864386,3.1291131739205884
5014,pop_0,3.0867453153651723,2.751023499467459,2.8861740444732327,2.4570053193324193
5015,pop_0,3.509197928598812,2.734329565533593,3.4441330454051435,2.8132975303572194
5016,pop_0,3.3835078764667537,3.1419483273179853,3.202898783887096,2.51394723374327
5017,pop_0,3.4014820545738433,2.375184214272441,3.070687325914988,2.798366507502355
5018,pop_0,3.5276551045979145,2.8008833513998774,3.422364294932879,2.82316838843011
5019,pop_0,3.366747081911834,2.7571342395794525,3.270341563120275,2.4508603102588924
5020,pop_0,4.062033529072543,2.6479222336408506,3.494356422461688,2.423739224703638
5021,pop_0,3.6924055734601695,2.5860359383320013,3.121485049435605,2.5895016880443484
5022,pop_0,3.707799373044546,2.6543914450505506,2.9974967256374048,2.903853005911531
5023,pop_0,3.5626164596063803,2.8775772695224386,3.067561837316507,2.636906623717414
5024,pop_0,3.1361623774603125,2.8080870257116746,3.4514503230504876,2.4304325484956424
5025,pop_0,3.0089710710890962,2.404741067434165,3.250136364211972,2.2728444083966894
5026,pop_0,3.3597221869579115,2.5394118007851296,3.1074137432649795,2.618300998285788
5027,pop_0,3.410291417016194,2.646185905354323,3.1353055098731604,2.801272142796599
5028,pop_0,3.536627851245201,2.6985557233900113,3.328363124669871,2.985352566422192
5029,pop_0,3.173691383897936,3.1346683330562874,3.2340071249623374,3.103534427743405
5030,pop_0,3.7062470198483846,2.657650498191471,3.2370334681972963,2.430874523830728
5031,pop_0,3.3764775063576256,2.516034237557765,3.1982205169485556,2.1497522838945704
5032,pop_0,3.6435890844165364,2.4288716523476204,2.8995939299958233,2.5236163824892377
5033,pop_0,3.08477946210044,2.8687890914149543,3.5449837778090147,2.708731864877181
5034,pop_0,3.2404307945570467,2.752859609490733,3.2352997662294283,2.7039854591598047
5035,pop_0,2.679233054305345,2.5103725726627792,3.397093144923053,2.989434968408627
5036,pop_0,3.604699892786448,2.3730293329561265,3.2657428605805636,2.194597469475339
5037,pop_0,3.145185801270692,2.6790245270809487,3.509092462124479,3.038002834243566
5038,pop_0,2.9803600178275005,2.8530780023581834,2.4708857084368927,2.929941687631154
5039,pop_0,3.4101396089840685,2.819185989063577,2.7740445913170255,2.4071582382734356
5040,pop_0,3.40838904102904,2.93277514205123,3.222294669268308,2.5215219161535893
5041,pop_0,3.3106518820734667,2.5375939083644314,3.3759966675967163,2.973199237694165
5042,pop_0,3.354208176026739,2.390870796731933,3.5554240771852053,2.6934848800744216
5043,pop_0,2.976132302082329,3.232123694441868,3.3353364988739957,2.912299549464711
5044,pop_0,3.210178851290072,2.8255170859281966,3.1700870598134023,2.8624403589559644
5045,pop_0,3.570720224133471,2.3885170515481366,3.2031253108207647,2.499555326153608
5046,pop_0,3.4574075178697723,2.6478725681604907,3.0787372928836465,2.8253641040085813
5047,pop_0,2.999193897589355,3.140173162432112,3.693838272733881,2.6772875897979627
5048,pop_0,3.582147913316247,2.259748902925793,3.2679323355189793,2.660128192559346
5049,pop_0,3.194800591031609,2.667003247930085,3.566967071291219,2.6126977250751633
5050,pop_0,3.9624921457955296,2.1638411562300894,3.318597892741013,2.269308389828592
5051,pop_0,2.9688250685926576,2.7657104901012057,3.5586219029982713,2.2055420613694285
5052,pop_0,3.480654683573657,2.8227142524435496,3.0730811121438744,2.865097730896194
5053,pop_0,3.097248047520467,2.448806824552022,3.106787868756302,2.5544239083751386
5054,pop_0,3.1598165523074058,2.6390449252720223,2.9642777179559565,2.9365935367814213
5055,pop_0,3.1779759755189065,2.5806899842949367,3.4829755724597713,2.925743558703185
5056,pop_0,3.749982270655039,2.6290438673118017,3.5866809430236386,2.9021256090208127
5057,pop_0,3.285198758698438,2.680379433863008,3.1795549536429077,2.5770931887852115
5058,pop_0,3.506127129825065,2.454748652460942,3.216721632904352,2.600556961928766
5059,pop_0,3.434444979250082,2.232983811603233,3.122825245774552,2.9452888762557787
5060,pop_0,3.995757864553947,2.321817872042052,3.011415585510689,2.396554732264458
5061,pop_0,3.1142409807241602,2.731075168917915,3.147535280493965,2.9361148883668036
5062,pop_0,3.590302530623497,2.534242544861645,3.6195498574164278,2.7235705541902293
5063,pop_0,3.2752058157025807,2.5640573156776143,3.3024188483124384,2.1939513089154565
5064,pop_0,3.790660291254119,2.7493387467280876,3.277742154984804,2.8989772599487837
5065,pop_0,3.0923928585829104,2.6899966263817467,3.625638025522238,2.5918311125412052
5066,pop_0,2.800065171615227,3.0125597158795827,3.1143658155616913,2.8114524743993963
5067,pop_0,3.4929002883242264,2.6095603013428867,2.7522155396170063,2.2812793310161923
5068,pop_0,3.4667775788009165,2.8268475369247987,3.49793337643818,2.589673271306629
5069,pop_0,3.890952958340477,2.1897938575476634,2.998749076180446,2.5419105857789055
5070,pop_0,3.6167291962915202,2.475490155280387,3.1838528139808675,2.994001817219747
5071,pop_0,3.3808151806394773,2.4761240597097407,3.08480328618497,2.825846604765861
5072,pop_0,3.1838274646513582,2.8289577671041357,3.35516500618661,2.514682085437408
5073,pop_0,2.6999244609609336,2.4984846381483248,3.0144700266378086,2.693641542608333
5074,pop_0,3.3875493640160528,2.852626652363819,3.385117206795427,2.4722376927910474
5075,pop_0,3.2172017168384475,2.3944713806527282,2.6412402551933862,2.671925450144148
5076,pop_0,3.7296042505276263,2.4808316505539123,3.595807828610008,2.4325220668558725
5077,pop_0,4.050246707947303,2.538505810118193,3.1733401314661354,2.24031351689937
5078,pop_0,3.74673643791121,2.6309131934475127,3.153889778756795,2.532286220591484
5079,pop_0,3.5604383957991783,2.722078916676959,3.143507819053633,2.8838475260393386
5080,pop_0,3.3829416800825665,2.9294567426226195,3.9078100550257373,2.421681708210383
5081,pop_0,3.4895470780551667,2.885098290963784,3.5531002554551625,2.215865875297086
5082,pop_0,3.2914002166281624,2.9524651100125534,3.394338354277523,2.912333230836977
5083,pop_0,3.578907963319109,2.724581534274552,3.3127938837472453,2.721245063466775
5084,pop_0,3.6201050186492116,2.6642861197265963,3.643618195341393,2.3776500221196
5085,pop_0,3.712951200512356,2.6148895238442886,3.133889420020408,2.5744257905075174
5086,pop_0,3.5268915699950316,2.546910392331722,3.567709614119962,2.904724231566565
5087,pop_0,3.528403379210195,2.6262944647457362,3.3436253225370156,2.750581252476232
5088,pop_0,3.436492924852645,2.661442057627301,3.1236364576362337,2.6008293537049445
5089,pop_0,3.201988817386498,2.289718147255363,3.1641227586408824,2.186575243839581
5090,pop_0,3.6439486067709215,2.357222739870634,3.2051371785588896,2.827730364789529
5091,pop_0,3.5924787811428907,2.4106491478997674,3.292650174491738,2.8037434065420617
5092,pop_0,3.8863044363149526,2.323062569038994,3.349893430587697,2.966955223762166
5093,pop_0,3.030526106756233,2.9108232063386272,3.4387447997775977,2.5476441364935534
5094,pop_0,3.178188778885626,2.933399055489571,3.1669291464542546,2.3668268947998294
5095,pop_0,3.6134257942824144,2.3142681217915024,3.105390539585059,2.4493386494036367
5096,pop_0,3.6759283072101976,2.5071901473785254,3.4201790234974387,2.408379315885065
5097,pop_0,3.283640718422236,2.8546623572624945,3.01105021704366,2.6566406222876453
5098,pop_0,3.543141362751733,2.4653229070059375,3.348419675161837,2.1007492837628927
5099,pop_0,3.617452248426965,3.130409195323181,3.065794793729035,2.5290651079032016
5100,pop_0,3.3597723530373997,2.4259509133771875,3.5308150527869984,3.065294106312166
5101,pop_0,3.1782983300048624,2.2688619464869078,2.9764305938006106,2.3767721853668182
5102,pop_0,3.261716466121711,3.1760236289814117,3.4291815361499682,2.830349149584692
5103,pop_0,3.5644981005122425,2.66658614437466,3.458079131953157,2.744658117375519
5104,pop_0,3.5990120549048368,2.5770017203299305,3.1394900968247814,2.952239012628612
5105,pop_0,3.374361781759791,2.333885167758546,3.225748727885962,2.820613726101111
5106,pop_0,3.5153545659203025,2.7569572338814714,2.9796368538535267,2.4134848658575376
5107,pop_0,3.3317042456541666,2.682240157320555,3.1007271121167803,2.4651781775080943
5108,pop_0,3.2760933577271905,2.9855106274953127,3.4110031063031583,2.705098276762457
5109,pop_0,3.4927039555529324,2.4437863896536394,3.197148865262909,2.766259793885208
5110,pop_0,4.148463714943493,2.440259949963098,3.587033720125791,2.3249860493880408
5111,pop_0,3.756776073977862,2.3754050626702474,2.9730196566594556,2.901914467512643
5112,pop_0,3.4542638886105967,2.4209439224044953,3.1169689392202495,2.8431410510053556
5113,pop_0,3.2985304945905107,2.6250583861739676,3.271911543821821,2.832778024984431
5114,pop_0,3.42189712566292,2.40475775901199,3.5302909284072492,2.4825496289745286
5115,pop_0,3.5691519716510567,2.547431073742671,3.6437509155724435,2.566784920765868
5116,pop_0,3.340062194924452,3.0855969694248775,3.412661967049987,2.142385026486477
5117,pop_0,3.585591695650356,2.4158847137171913,3.2684766978930946,2.682973273917388
5118,pop_0,3.5457642720721974,2.446639401291742,3.19607468387323,2.630222985463427
5119,pop_0,3.959898747697081,2.785428046857976,3.2237464818860078,2.2511647216647215
5120,pop_0,3.524513278448975,3.2099867547452288,3.3940870516491297,2.1547853796276404
5121,pop_0,3.2387183376507545,2.7172038604088207,2.8443569255065424,2.8587855212250295
5122,pop_0,3.9624598171414305,2.6240854893893726,2.85013157169427,2.257110214684559
5123,pop_0,3.4395927808384865,2.873794776490223,3.5951721709405224,2.6485059366126342
5124,pop_0,4.153200662767235,2.856573469617192,3.328885004623916,2.49531329138881
5125,pop_0,2.8673319409071656,2.473628943706705,2.619258128220241,2.4678095951921732
5126,pop_0,3.431003375772755,2.60411328490869,3.3183459351227476,3.231385690957583
5127,pop_0,3.4704808585389952,2.709038412194713,2.7457714178628216,2.6253485358583
5128,pop_0,3.7817161779821475,2.3434492044272215,3.1177295189990457,2.412520357515342
5129,pop_0,3.397946031171501,2.3367163293737723,3.646112055438704,2.4322468700503266
5130,pop_0,3.58814777857159,2.532925985709155,2.9781043409830588,2.9420087209866574
5131,pop_0,3.832823995516948,2.550713169265939,3.057538378592885,2.41638455573241
5132,pop_0,3.5262547003905986,2.25543292950905,3.1922712453176767,3.074786209215142
5133,pop_0,3.4480048980196814,2.7465751319815515,2.8978392943861464,2.527192163943594
5134,pop_0,3.975537626760656,2.4460101396267135,3.2124936258990315,2.377081194364691
5135,pop_0,3.556544881604556,2.4610763658879664,3.4479027638291173,2.433962548969692
5136,pop_0,3.718016512777443,2.8900762596383136,3.5676053678904296,2.4530171964100207
5137,pop_0,3.6941461675594254,2.654259196934171,3.5442609260930378,3.00159513326566
5138,pop_0,3.5061186813618868,2.5782075790663668,3.1268958141327037,3.0372347773861157
5139,pop_0,3.1902141547914367,2.5478162029491176,3.435706935450854,2.4788051985839092
5140,pop_0,3.271380858177901,2.807302967645059,3.0141249072224827,2.8504903554419894
5141,pop_0,3.3959875594551447,2.5306729266987653,2.6482882615175276,2.8786044684258414
5142,pop_0,2.985250171459235,3.0660048604240524,3.2531182552029207,2.8331754196588643
5143,pop_0,3.2023512788748323,2.9912312191096952,3.5518140888575727,2.818381035732994
5144,pop_0,3.391746397166138,2.5321395411898275,2.8683013450864125,2.5355913860059562
5145,pop_0,3.023355423610349,2.7787820078883856,2.976435598008859,2.7268927283855966
5146,pop_0,3.0947263225868316,2.5712905348409087,3.334390853955601,3.000890569328295
5147,pop_0,3.7385536321612913,2.9583298405281053,3.342370957485167,2.514506608030133
5148,pop_0,2.8493209082234214,2.855754367911557,3.1094285990045556,2.9932288446781623
5149,pop_0,3.7544848853353683,2.544626220481287,3.4208496121296297,2.72575575545799
5150,pop_0,3.402002480670739,2.6683821629514286,3.2830614976432075,2.4227032113469185
5151,pop_0,3.2148273806036025,2.768334461027016,3.248121866381974,2.642391072925302
5152,pop_0,3.506256294959642,2.6025796995450747,2.737855190289009,2.8375142532968094
5153,pop_0,3.054439267292177,2.5200854569857656,2.9594289532692812,2.74583336384845
5154,pop_0,3.805878809689922,2.9193300163995626,3.0130842527970394,2.5635507482357114
5155,pop_0,3.4325886273045034,2.5259434596299593,3.232346002021634,2.734039249107433
5156,pop_0,3.164352303335792,2.663316195288716,2.768020404679371,3.0316175553683853
5157,pop_0,3.4108230932091623,2.7886113567070487,2.857065668755474,3.0009391446658062
5158,pop_0,3.1796852507714957,2.707672802106733,3.6431607458168735,2.6892465677418955
5159,pop_0,3.7565735430649685,2.4723851116967355,3.2037489270930606,2.420224204741482
5160,pop_0,3.315721679771684,2.9680977417347907,3.4376670794896045,2.6884651324577034
5161,pop_0,3.7611618280524395,2.3854582263436717,2.5686439457188888,2.62786620777335
5162,pop_0,3.1683253751908333,2.6673716574012203,3.3269313201173576,3.20294483187286
5163,pop_0,3.647381153586307,2.80522021825453,3.1941882931946255,2.0276042323069476
5164,pop_0,3.6839128282314233,2.101123293355818,3.4651458051720967,2.7840853931497844
5165,pop_0,3.419826165029338,2.6834645297099184,2.659973027338971,2.723048861207534
5166,pop_0,3.21931225545261,2.5313740829022557,3.099522756157621,2.909901773739818
5167,pop_0,3.317637833607758,2.847555963267743,3.2908493550925053,2.1943619190213957
5168,pop_0,3.1481431350093985,2.639520033281499,3.219427169129587,2.814977399595092
5169,pop_0,3.760201228079678,2.674620455622656,3.0381239049883293,2.5728954800631394
5170,pop_0,3.5540929740427996,2.782133738785405,3.413578255505127,2.9655872498928115
5171,pop_0,3.2611610308485117,2.7928084761505594,2.730455190956345,2.1598407843898735
5172,pop_0,3.26087722061249,2.703796651150367,3.60288424182954,2.5344159791744367
5173,pop_0,3.3165305302729946,2.752408161493817,2.849723760574609,2.624395617514837
5174,pop_0,3.6211407836933653,2.644770889000865,3.4434382783184194,3.2515745962061238
5175,pop_0,3.3913479485214615,2.5848778174010416,2.7798339551484643,2.6246957305417515
5176,pop_0,3.3024117559981034,2.7456856017799343,3.4828003789441273,2.746637199347619
5177,pop_0,3.3306115277310755,2.5955813344473184,2.964852330727667,2.3651129420614767
5178,pop_0,3.3482578795490885,2.5884094778008113,3.524563559651426,2.818298256618872
5179,pop_0,3.2231455469783796,2.479919475111441,2.937674870129203,2.417547582772653
5180,pop_0,3.531813100163668,2.5694491327088222,3.6827015821481486,2.4238398596831017
5181,pop_0,3.2653699655608874,2.5404143690326095,3.421268069232455,2.745249990611838
5182,pop_0,3.6304832319805533,2.6211170305433247,3.4499159354693463,2.6223878043317574
5183,pop_0,3.4454074038253757,2.3791090500595238,3.1445462331175364,1.986682695919236
5184,pop_0,3.2486346665750445,2.6998144632920096,3.483097030993668,2.601336209035157
5185,pop_0,3.8275542721050098,2.3974378748153766,3.4082506320332566,2.5910137356473246
5186,pop_0,3.55388443251996,2.568844234538394,3.2806360054784927,2.689243304137742
5187,pop_0,3.603812943911014,2.406043811248265,3.293756547722569,2.8677247860276736
5188,pop_0,3.251528996538665,2.5077890255273196,3.38467949631915,2.876830018643892
5189,pop_0,3.27902784987979,2.6572722131930986,3.2728057770385237,2.29447961652116
5190,pop_0,3.5068405437587833,2.397656249352613,3.0992591383046437,2.4600155795783185
5191,pop_0,3.850729107267619,2.6791847621111358,3.4003481860827716,2.1946127576658276
5192,pop_0,3.7050327214720147,2.422186586505936,3.5582914189483117,2.581841898438234
5193,pop_0,3.8287652407995183,2.5838458547655083,3.09174253350369,2.1745756655648205
5194,pop_0,3.1765426088379627,2.275063186741702,3.196923449614507,2.240636321833347
5195,pop_0,3.5664688615684628,2.476919147830634,3.0960060737415986,2.9252530055440413
5196,pop_0,3.3752261632651384,2.541667035389154,3.1693602910212326,2.6438389181540325
5197,pop_0,3.441431876945913,2.400396526096133,3.2229689397507952,2.6176384658599137
5198,pop_0,3.321985475471412,3.211706025598578,3.2896291009631105,2.6611121590790634
5199,pop_0,3.396370762681175,2.6512880667130987,3.505310945678066,2.4107621778985022
5200,pop_0,3.3159320565568073,2.50070328400337,3.448439431005868,2.358680183068
5201,pop_0,3.337480298546233,2.6314303582464302,2.901310845600404,2.6903984517933073
5202,pop_0,2.773836871604851,2.5946535194869074,3.1490020273021164,2.556615500852881
5203,pop_0,3.4948227876331277,2.8378600210682503,3.4290949945043314,2.450136859169671
5204,pop_0,3.1544283493860554,2.820998910785382,3.308860965826845,2.6471194001706917
5205,pop_0,3.4622478646652763,2.711928966636353,3.549068581925048,2.1888960874570826
5206,pop_0,3.2690174281914377,2.5903918196516726,3.139961576868491,2.6155176005882357
5207,pop_0,3.268590000711034,2.5760859173924686,3.382460089941813,2.8193931775291206
5208,pop_0,3.3362718178168023,2.4840319180413095,3.45852444579306,2.4384515227752184
5209,pop_0,3.012913816274387,2.9157747899116875,3.310104399619042,2.825460467001964
5210,pop_0,3.6440093340546857,2.7885655811164787,3.0956036257451065,2.928978508944326
5211,pop_0,3.716770319967221,2.670192317923222,2.995097943944704,2.4299070415197885
5212,pop_0,2.9987243648941315,3.0268849239021636,3.415242525613924,2.2832917583083976
5213,pop_0,3.663672363488526,2.838008434516946,2.9768456286692535,2.441877475292128
5214,pop_0,3.0500979173931797,2.5700029436749925,3.3913600159409767,2.513281838190108
5215,pop_0,2.9264595675236347,3.118893466369823,3.2711704991543367,3.31685055299072
5216,pop_0,3.252973384278186,2.3946720727781576,2.9769234563720453,2.7878185960783908
5217,pop_0,3.345372936889764,2.6062585232422593,3.2995066955194,2.9018411809820073
5218,pop_0,3.33969941112889,2.5903349432663525,3.342591424853984,2.6556133570034786
5219,pop_0,3.3738138819882946,2.484308495497351,2.9741411805647506,2.7436699060376926
5220,pop_0,3.166300147576148,2.351658306716765,3.168261102098877,2.852778971551158
5221,pop_0,3.899128169626654,2.7468306973008056,2.9484176398673063,2.39429925388992
5222,pop_0,3.8405743917848243,2.690244555506279,3.348668282390896,2.5505505064313327
5223,pop_0,3.4369709668234454,2.7550671736791004,3.292665340846104,2.6389198942324272
5224,pop_0,3.4302848529005474,2.6741510207637367,3.5528252516466603,2.3968517193084207
5225,pop_0,3.693311831227713,2.5195011156408595,3.1032521950400027,2.4761612872715566
5226,pop_0,3.2902589060680847,2.7356297757139396,3.2914719333197837,2.5875846881832225
5227,pop_0,3.4087618393670565,2.820721856548911,3.3360464594722123,2.8425337557262607
5228,pop_0,3.6362029918963126,2.6805179820216183,2.9984774581442846,2.5191998810426393
5229,pop_0,3.4486102253974433,2.374430159088298,2.957177962794871,2.425455929964491
5230,pop_0,3.4971872505012858,2.757000293260141,2.855682002430212,2.471450792764293
5231,pop_0,3.549750028989191,2.440967584483218,3.3687664059190308,2.4630839640600777
5232,pop_0,3.7131213464691997,2.4430477664357975,3.1003273236722304,2.5989358057428826
5233,pop_0,3.634670205958269,2.5884974967962493,2.789419146504243,2.770090471383542
5234,pop_0,3.2403646984560215,2.937831632924537,3.2879980655923062,2.4880536510087268
5235,pop_0,3.7023128696740204,2.695855253615657,3.694916368560749,2.5832617861227662
5236,pop_0,3.515766255349395,2.8502319563562564,3.3186041937871473,2.5439507156744567
5237,pop_0,3.439259265137288,2.652724011314079,3.347572640915146,2.344760345866605
5238,pop_0,2.835368047938112,2.7411992954265045,2.952278082106612,2.723588487934808
5239,pop_0,3.4775627915052643,2.9007697271327597,3.594520217843248,2.697168145204961
5240,pop_0,3.5423955321218394,2.728318484932307,3.3377826193999343,2.432352407654024
5241,pop_0,3.5366532316037573,2.7102028482989584,3.4814345151637984,2.7020273006337168
5242,pop_0,3.4069637392359216,2.3723023785024067,3.1184786761692633,2.2882857428047925
5243,pop_0,3.1922904490850725,2.642628412699196,3.688656288841876,2.608695007014897
5244,pop_0,3.208102330753985,2.956386469786591,3.2281116765576154,2.6600227282904543
5245,pop_0,3.9237188441050863,2.6922097426705345,3.38985463585793,2.690657778576438
5246,pop_0,3.2103034763204077,2.516693007018475,3.798212005401286,2.54794890593619
5247,pop_0,3.0702995762927885,2.6559960934649958,3.2165798993949952,2.7202461618052376
5248,pop_0,3.4585146907610618,2.3856489688934785,3.3908911019967505,2.5033409152974517
5249,pop_0,3.704183653807977,2.7748035995491063,3.5561911339225962,2.275612559720837
5250,pop_0,3.3888358424817615,2.3194602827564674,3.2415801725449347,2.55725019978525
5251,pop_0,3.882716385021299,2.4047823050827954,2.981875909680696,2.9028347507026697
5252,pop_0,3.6330650357894365,2.5756496518812755,3.544918943259287,2.128439941197514
5253,pop_0,3.5960710718266586,2.5562107013500888,3.352909040837176,2.8678873808920358
5254,pop_0,3.2460008362223585,3.1467993506186254,3.139938470061392,2.769779125354082
5255,pop_0,3.4384608736409215,3.122435633500216,3.23119052086941,2.6057556579155476
5256,pop_0,3.280326263526339,2.940733539804163,3.336178793247165,2.425810368324674
5257,pop_0,3.159774704050368,2.9493695852747215,3.3548565884539836,2.6019319894394974
5258,pop_0,3.223648733453602,3.060075182473076,2.999790573881668,2.8335991477417224
5259,pop_0,3.331092268959945,2.502087497617747,3.2947090655154,2.6401924894742277
5260,pop_0,3.4605125772973517,2.6469356982658647,3.1901426607162824,2.623110251366129
5261,pop_0,3.5734222294040974,2.4740228068194514,3.3574510085862515,3.045434132396775
5262,pop_0,3.7476815648423374,2.2628383636529326,3.0796256231587433,2.247472378512902
5263,pop_0,3.1999199095438025,2.6972343206720977,2.9549177790419567,2.9316123443217292
5264,pop_0,3.715595961702538,2.6342039568964206,3.286596177262398,2.5027117189766623
5265,pop_0,3.471232250554674,2.5450547203835723,3.444632492790628,2.694907236683428
5266,pop_0,3.4678486832997337,2.543787571286946,3.286804343009046,2.423623620455176
5267,pop_0,3.59129866277596,2.7036415217708796,3.4016009456832745,2.6288927633044925
5268,pop_0,2.9116693757076044,2.414521429536236,3.060308979856668,3.1704666069361007
5269,pop_0,4.0210401279641586,2.587571754127736,3.105783253153983,2.46163943960041
5270,pop_0,3.437617231310907,3.153527487135767,2.805209721127948,3.3463834408489457
5271,pop_0,3.7141099946389997,2.7278267145855177,2.8182108693960344,2.730160379961816
5272,pop_0,3.9380918842885704,2.565910313490233,2.913466929231368,2.548726098833163
5273,pop_0,3.3901688854540413,2.872816821428898,2.703478500133706,2.8383964013989975
5274,pop_0,3.2389166812148673,2.5123375367116263,3.411956873021221,2.537857526450245
5275,pop_0,3.232568154128255,2.8259820350290537,3.156384023514708,2.6499850280271624
5276,pop_0,3.2034974900667414,3.0182000573726886,2.7647424443417767,2.1819003042542544
5277,pop_0,3.758475852297909,2.6310817184865223,3.369250646765233,2.461875221781596
5278,pop_0,3.2244673504080343,2.8396759029572456,3.1701861347031492,2.903917563538621
5279,pop_0,3.5019595846696157,2.8664592586624824,3.1784076360579108,2.9016642311388163
5280,pop_0,3.5343220077421837,2.725909382828589,2.9893306950515375,3.440384430570406
5281,pop_0,3.1013926629826716,2.8984788006789324,3.315992753279678,2.7505900219492867
5282,pop_0,3.5630132017248077,2.812017407424758,3.198049649862554,2.136840838053084
5283,pop_0,3.526623526137547,2.7302564934711375,3.646383516674138,2.865298519830229
5284,pop_0,3.9745784481150794,2.7392995994021576,3.1727683589210294,2.745104478674317
5285,pop_0,3.843422920463355,2.7425728385233086,3.1502227865596644,2.6609907419908225
5286,pop_0,3.674737291080348,2.6539218245214933,3.1776574254050636,2.8500463445625215
5287,pop_0,3.346364284265659,2.7480743634106046,3.5014578491079185,2.5133653732761867
5288,pop_0,3.5691933570836265,2.688192831342885,3.6211343032049395,2.8276860283896683
5289,pop_0,3.252439510996958,2.595946932117323,3.065230779966303,2.440077336739783
5290,pop_0,3.450060707424734,2.2787150162023275,3.66965980405063,2.3653377230210753
5291,pop_0,3.5540837962586314,2.6007174128204693,3.0847938928153873,2.475566033297253
5292,pop_0,3.5449544571797014,2.614863503559344,2.8317534494464534,2.7216613919955206
5293,pop_0,3.9364035909882915,2.713335507583326,3.512427237966848,2.690127296693505
5294,pop_0,3.787066250309614,2.49417721055088,3.243690206870041,2.5178772889188505
5295,pop_0,3.7548402894665323,3.062574526346533,3.274977581638676,2.395968702555465
5296,pop_0,3.472003614065862,2.5733356255058495,3.474379775790913,2.409894302868403
5297,pop_0,3.3988074588868717,2.8138707369025906,3.1423407203292157,2.4806648679350456
5298,pop_0,3.7444008208615918,2.3316425993115057,2.5671875165225004,2.3533448490068816
5299,pop_0,3.6728763725856797,2.68404275344223,3.1585985196869637,2.7776967370570746
5300,pop_0,3.1417003162309394,2.8827645617069444,3.5330181461280397,2.4587187668495996
5301,pop_0,3.6833703362090042,2.7037662878664723,3.0130720655945775,3.0352788796300976
5302,pop_0,3.299491720959535,2.8032666414314984,3.1883606235849875,2.7703167929828147
5303,pop_0,3.3458856176488774,2.9451496583688264,3.3995071078580836,2.8357440142872057
5304,pop_0,3.556083796477173,2.6274857359820905,2.971980245869989,2.7505858033741784
5305,pop_0,3.352513124668428,3.1895244458335803,3.4133646880459847,2.509471881861793
5306,pop_0,3.469924410386033,2.610151222631049,3.649909378259191,2.623348052414049
5307,pop_0,3.4402836194418205,2.5156101885211277,3.2696542740705854,2.7594387877868654
5308,pop_0,3.7151634234818904,3.2203925837848404,3.185062207336924,2.9394935657794408
5309,pop_0,3.1841548083339455,2.5847176892135164,3.266012487254051,2.5845614627735283
5310,pop_0,3.1508956494393483,2.539092943069622,3.098408797534889,3.246617865973146
5311,pop_0,3.3008844803782367,3.382449557074674,2.786016369239301,2.4811386524574353
5312,pop_0,3.2139593777470985,2.5936259814594607,3.425814301889133,2.0292715204058833
5313,pop_0,3.183389024818278,3.058249398986567,3.2053340354260564,2.7738474281792818
5314,pop_0,3.328824247893714,2.590172116066888,3.020064669978284,2.337674306210506
5315,pop_0,2.9702250667706935,2.4719280761168037,3.3058284893983587,2.9115262019964887
5316,pop_0,3.303364372753776,2.392354007114109,3.3945259084320605,2.7326552723650193
5317,pop_0,3.8268512539372384,2.2213345367001414,3.375143980471779,2.598092618277431
5318,pop_0,3.7347186780423858,2.5785916255055232,3.2965674344498694,2.8230804088793375
5319,pop_0,3.509597536049579,2.5618282676857533,3.696612337956752,2.6393459082182154
5320,pop_0,3.6035453326688365,2.7208260749438433,2.970328996081787,3.191975916666135
5321,pop_0,3.4243035659609067,2.778615598061743,3.0998090296645278,2.7952304889081576
5322,pop_0,3.2698289513984333,2.9401639233262022,3.1941034024203647,2.6591974471725504
5323,pop_0,3.5299202374956677,2.660342179623948,2.9203429264573586,2.325302534831226
5324,pop_0,3.518452892008159,2.5446457526058,3.289421854175498,2.608154923594279
5325,pop_0,2.9528284574124175,3.1519444158021064,3.5070805782342718,3.313351285742092
5326,pop_0,3.666765237977437,2.7572360175538675,3.293313934933277,2.726327938800738
5327,pop_0,3.1822837200827108,2.388357245462342,3.5103984675951976,2.7254249508673896
5328,pop_0,3.6640014743010285,2.8123126364997586,3.398411270207191,2.5119689091081825
5329,pop_0,3.3865947742926483,2.3609103465594923,2.8834697686125486,2.6394301931054303
5330,pop_0,3.156928190542003,3.412112244730975,3.113189694985547,2.4635266371328868
5331,pop_0,3.674631958497268,2.320214500789479,3.3592135846280806,2.6647218816193186
5332,pop_0,3.491039927361541,2.273366025347978,3.3516822573661083,2.590712814094434
5333,pop_0,3.287053302354872,2.4200546749677163,3.2768767918164348,2.3616208825705436
5334,pop_0,3.71534799777171,2.8099126778707526,3.1065837559678497,2.1666443088487912
5335,pop_0,3.498709750026529,2.7606740692810456,3.4463150327172114,2.963571808902838
5336,pop_0,3.7490401729881673,2.531339474430861,3.258984306788355,2.223557669967138
5337,pop_0,3.419471289306862,2.7287586184432686,3.258457305561561,2.417794093104644
5338,pop_0,3.27876443721731,2.6781251791700105,3.2937425651124035,2.5650073663338047
5339,pop_0,3.5797700234549223,2.694041453069414,3.3545206043772793,2.0038235313340564
5340,pop_0,3.690855564710493,2.4647070650040517,3.369669064216292,3.0446548544257404
5341,pop_0,3.6864260872756436,2.401163846463192,3.474977144459235,2.419361795666345
5342,pop_0,3.4518718203966112,2.413849051295089,3.6853201791886265,2.4093026900527805
5343,pop_0,3.5947967503338307,2.389705381536759,3.401372489058936,2.540763386355239
5344,pop_0,3.2851948259563533,2.6945123072025066,3.6992979560771917,2.5693964923775354
5345,pop_0,3.7300082371176795,2.083269188813789,3.109030020937873,2.3947218810329702
5346,pop_0,3.5327718499860143,2.8014306234958988,3.1027986537951135,2.684790680061018
5347,pop_0,3.2013857192575155,2.6169180570226387,3.2473648569110334,2.6478328880990563
5348,pop_0,3.447347951821449,2.664108810494603,3.359957765217091,2.6123380291208864
5349,pop_0,3.6617082667093226,2.7491033569794223,3.3112149347558266,2.4876669317952875
5350,pop_0,3.221636477366325,2.703866778604425,3.5089210802561266,2.6397645917990573
5351,pop_0,2.9691897762167545,2.6231359342639133,3.522208800347979,3.1462643347194708
5352,pop_0,3.1562777012411867,2.4693053285117474,3.4761891090339514,2.696760176910904
5353,pop_0,3.2690717941776724,2.6547844030096854,2.997457342414407,2.2084585895022935
5354,pop_0,4.127413127790646,2.4022765672987063,3.3063537873198197,2.0688633545808095
5355,pop_0,3.5388078752573513,2.7376938343486197,3.4093849325541714,2.811092106809537
5356,pop_0,3.137205667593425,2.9162815330318184,3.4239317749643217,2.6561494497887668
5357,pop_0,3.2693086572242147,2.789560378341099,2.944392881585917,2.567813349839859
5358,pop_0,3.6462300441458746,2.6562001693119393,2.9761578470537944,2.4087185852197774
5359,pop_0,3.295839843361524,2.6451612021528854,3.5312640940613647,2.8870202916709187
5360,pop_0,3.2632011161034455,2.9468329816331065,3.1363158556943596,2.8817030150618828
5361,pop_0,4.0080608749668105,2.4395396395805857,3.090823279155107,2.7609032247817167
5362,pop_0,3.795288539776835,2.638916288940562,3.206573951945997,2.436822960332764
5363,pop_0,3.420712784151113,2.708381063104798,3.38380504864527,2.351381274745424
5364,pop_0,3.3680326409771735,2.6041559630730764,3.3835646634787344,2.8434275286649333
5365,pop_0,3.620105428310076,2.251866618519629,2.662450269078049,2.9884166885715913
5366,pop_0,3.7381350410576046,2.933880866357102,2.9279127904576616,2.82297890375297
5367,pop_0,3.3671225509541065,2.3848178252369325,3.594605929730673,2.15944381969766
5368,pop_0,3.174606560680563,2.637701792184754,3.3030717908140366,3.1445433235996743
5369,pop_0,3.634864228836282,2.6610404472762905,2.959628245815496,3.056026196710702
5370,pop_0,3.449975563805713,2.9375503814953965,3.533894587168764,2.309795084251608
5371,pop_0,3.543271449334519,2.5333811772097508,3.0141568866349955,2.7428285419357117
5372,pop_0,3.4764750130836615,2.314029319266486,2.8827125351515246,3.077221185813558
5373,pop_0,3.0825829475016198,2.7508344466699826,3.111637534258479,2.9541603100080414
5374,pop_0,3.2976238469386834,2.588940263559523,2.8003287802579453,2.634067194334707
5375,pop_0,3.1704056445305016,2.5700542172034444,2.7605091131419743,3.287186534850751
5376,pop_0,3.023588044585985,2.8777525830840625,3.475914400348735,2.6897576841641384
5377,pop_0,3.7879584528423615,2.7284860780577986,3.2673653540765066,2.732222576682445
5378,pop_0,2.928177355403786,3.031466327681728,2.925996573527982,2.45283035744702
5379,pop_0,3.490536436273246,2.372989551082175,3.3677915241349394,2.3332585233519048
5380,pop_0,3.3167792843944426,2.4292085621507438,3.3671577204646366,2.9229709196320925
5381,pop_0,3.167572872119762,3.0024319937232833,3.170983734680575,2.776949364177931
5382,pop_0,3.2841396602922512,2.8422330850441186,3.1025382571358566,2.6795092262872653
5383,pop_0,3.9009429723476594,2.289812907448324,3.4281320550203898,2.5983794906282007
5384,pop_0,3.463183403978137,2.6960101361537907,3.0828096905808793,2.3716058683557826
5385,pop_0,3.4050498510508196,2.5473877359335324,2.941851218519539,2.589464926373776
5386,pop_0,3.6519683635636513,2.539858175699317,3.152032219614532,3.0342623112751252
5387,pop_0,3.2966063373041887,3.04208225788457,3.1142520239225324,2.9069462456825503
5388,pop_0,3.454184967982524,2.7757329135475235,3.42816567623117,2.553911137884902
5389,pop_0,3.366228980948335,2.4851947535970615,3.240715909769625,2.5915523470841673
5390,pop_0,3.2494305742199434,2.3996305697550055,3.2643084108445173,2.3654167307343776
5391,pop_0,3.344781516240414,2.4445346827088397,3.1438054098566703,2.562959931863288
5392,pop_0,3.8130000038141096,2.5402416516231248,3.445694253088705,2.70254843288118
5393,pop_0,3.2902805514691846,2.442349876456252,2.9125328261344987,2.869371896250536
5394,pop_0,3.9344368884724,2.619966480780325,3.038289859978033,2.956847177337388
5395,pop_0,3.793841843332897,2.367262257014338,3.023475091308652,2.3441659965165615
5396,pop_0,3.597842135928712,2.8711683267209542,3.3767624953662763,2.341210545626793
5397,pop_0,3.447103732953184,2.635470814572616,3.3023062608609908,2.7570391574462336
5398,pop_0,3.6676913807956653,2.745007506957821,3.322308825266989,2.5087047015946036
5399,pop_0,3.5608478874651937,2.2443647478929694,3.437003581660298,2.347160632975957
5400,pop_0,3.748745271012317,2.6493613257221913,3.187592442793788,3.1412334791943146
5401,pop_0,3.274112640491904,2.605500366779937,2.922671987315997,2.9545730513204456
5402,pop_0,3.292824382002287,2.6236566995457964,3.617124812315659,2.457437819051092
5403,pop_0,3.154548818669592,3.012900055350567,3.040223372625319,2.767097214442979
5404,pop_0,3.399975933908151,2.5026320791114505,2.96904946035597,2.313876460939458
5405,pop_0,3.932473581016248,2.2010019859045817,3.5398639081951337,2.7716368147828416
5406,pop_0,2.86245452731682,2.6742037640108585,3.043284518054631,2.4046728128751296
5407,pop_0,3.4320535564986847,2.5716322126107283,3.3868053578994144,2.5827738488383276
5408,pop_0,3.9958338589862072,2.713388683173416,3.3372725719733562,2.474241448341572
5409,pop_0,3.15252030682203,2.7427197188044135,3.0885715921399863,2.7583983162641825
5410,pop_0,2.7978515533343478,2.930297838516116,3.6061338106757974,2.9804613112063394
5411,pop_0,3.2434492356455555,2.6798706937844843,2.8097169531136883,2.9863436058402355
5412,pop_0,3.3530467370724693,2.2036533728786725,3.1918261030871613,2.800852326547308
5413,pop_0,3.680258151758706,2.8386824148169416,4.021329240723865,2.5350427203624903
5414,pop_0,3.7839719723478735,2.3377438621818873,3.214444167159116,2.568334706508989
5415,pop_0,3.4183461048323727,2.409133212253438,3.3378914560896167,2.4931700504884975
5416,pop_0,3.298756119280109,2.2596820337149914,3.519705495475298,2.4590789429950726
5417,pop_0,3.609096804687039,2.5894694378292957,3.639689498869318,2.5106549744879336
5418,pop_0,3.5678893481070517,3.1127446048914686,3.4501201767329195,2.3388865666018357
5419,pop_0,3.403885955828246,2.72554654444535,3.2412949012451104,2.759294590106965
5420,pop_0,3.6154917070336228,2.4393951754701173,3.2972536453756827,2.962529188919854
5421,pop_0,3.6113533188999676,2.8375071583134286,3.3433472257863124,2.706394813690531
5422,pop_0,4.2137621919653405,2.422502575893386,3.183659265110365,1.8498934842232884
5423,pop_0,3.2893188986504227,2.596284277958871,2.968763017304109,3.2226528942222794
5424,pop_0,3.6213292078702346,2.307746326187787,3.0958785259041837,2.2216175655425836
5425,pop_0,3.7273105004244975,2.6210658607589963,3.1574712128155427,2.741651025423105
5426,pop_0,3.3712740562173646,2.9363588642595393,3.2625752588750725,2.459915707667031
5427,pop_0,3.402377218441172,2.859765747919435,3.358910968261831,2.7652518658029526
5428,pop_0,3.3495093608991957,2.5835610015203234,2.9158534659925177,2.8970877162827153
5429,pop_0,3.6519409434576064,2.571844938263584,3.1106695975085312,2.4782024313076896
5430,pop_0,3.201335385977108,2.6149745334770484,3.4603342823333185,2.544892457412579
5431,pop_0,3.123380605550561,2.6399694366677195,3.078165785865166,2.62278679641093
5432,pop_0,3.5819108244654663,2.5343540905498836,3.0337424756129194,2.914085794666762
5433,pop_0,3.690474611521395,2.5098165528581178,3.308782537464563,2.6922341109836614
5434,pop_0,3.455251853812948,2.5629488313131037,2.774830942230185,2.6947775582462508
5435,pop_0,2.9996269453046724,3.3109874192267656,3.433789827722003,2.549306546041904
5436,pop_0,3.179853961333267,2.6402625238157085,3.4752036277449267,2.1692466286529544
5437,pop_0,3.596627947754835,2.438951264342308,3.2415154628407077,2.2072478373971016
5438,pop_0,3.4350692569147463,2.5904496439807967,3.306271518330842,2.4599224379395674
5439,pop_0,3.5684532021881408,2.6745581623307397,3.2194502690861704,2.8725741857355045
5440,pop_0,3.6094585846338902,2.5706972142744866,3.275844404478107,2.835912301386488
5441,pop_0,3.6960848375449444,2.447825657254043,2.9438428646003687,2.783873978341493
5442,pop_0,3.1398062649655163,2.5999924438974795,2.799546603962945,3.0241761530857545
5443,pop_0,3.597369396562915,2.67099838807307,3.046668687310291,3.0037357874200437
5444,pop_0,2.988348771014932,3.170341926911095,3.638040596183347,2.9932201648151833
5445,pop_0,3.6599352044696367,2.6537223093835585,3.326799779028085,2.5882689020012823
5446,pop_0,3.5703206129580303,2.7008969678930637,3.025168434323395,2.567846852537345
5447,pop_0,3.3427563316670583,2.732035606849932,2.8952777225372035,2.606902713562634
5448,pop_0,3.5708229677697587,2.5690408806238896,2.6716225588419675,2.8090692795932513
5449,pop_0,2.9869562975537476,3.0436601116790913,3.4096706028160333,3.0948267724923735
5450,pop_0,3.41302615872653,2.6060262417495053,3.100349156813639,2.7746512468682014
5451,pop_0,3.6407306211319153,2.4002300026289993,3.040438561207814,2.3531353583781742
5452,pop_0,3.5009786722335314,2.6026119552778897,3.3213733324764187,2.8162389131036805
5453,pop_0,3.3582946462025953,2.8319736039059533,3.078980686835274,2.7582448841909493
5454,pop_0,3.3661886335527647,2.8395377587738375,3.6885582503981182,2.7683182953796672
5455,pop_0,2.609214226572883,2.605992990431621,3.246171928844911,2.451656930268482
5456,pop_0,3.504576350960721,2.42863378065839,3.398019331342743,2.2606528868007976
5457,pop_0,3.6831826190813826,2.607539778007656,3.460049607571927,2.4724510615739654
5458,pop_0,3.203044392695899,2.3828669960698803,3.429248099211108,2.7807028704524135
5459,pop_0,3.226907327200895,2.5056504473101104,2.7442269928898027,2.1676024090127854
5460,pop_0,3.361605970424914,2.5442413190978157,3.367014569948651,2.3906505328393792
5461,pop_0,3.3288570383409914,2.650765488649524,3.283815604325617,2.2261062584804887
5462,pop_0,3.2851987123491093,2.5523367606847733,3.4097852647937454,2.7112813073000903
5463,pop_0,3.35276892996795,3.157609875985785,3.056926782938589,2.5671868506964124
5464,pop_0,3.5199759940758595,2.973381650135697,3.014486011162002,3.076117086269955
5465,pop_0,3.2696243788126833,2.4829579280920617,3.2647325135365333,2.430015018722475
5466,pop_0,3.3967913555614357,2.3554890251122926,3.2937138475152574,2.414039095359125
5467,pop_0,3.3954515153452727,2.6338329694498848,2.883323329326539,3.15954669877593
5468,pop_0,3.21195536790162,2.4324043553931536,2.984347275035356,2.7977651288727516
5469,pop_0,3.5157397766178065,2.356814328433024,3.1500869725090626,3.001594326606512
5470,pop_0,3.7300164209060567,2.575416010561597,3.0615119283634713,2.35898699440643
5471,pop_0,3.7217151817806275,2.242472456249817,3.2973579405648197,2.76707487168022
5472,pop_0,3.5142669269710485,2.89585188873001,3.5201112643753234,2.4734378173118263
5473,pop_0,3.8412430027491764,2.719919268224017,3.3856059549784323,2.7322735526807653
5474,pop_0,3.148142377150343,3.021231794902249,3.243767391726384,2.752005326739555
5475,pop_0,3.5068733993890864,2.6416972168369366,3.4259412696651714,1.9897575722144722
5476,pop_0,3.506692124842098,2.7371224522986024,3.4674757661733207,2.660444880701549
5477,pop_0,3.7259981470642938,2.484070155289811,3.4827307078773084,2.93626066802037
5478,pop_0,3.619717714241547,2.4475264981345735,3.4918905503364592,1.9899696219498266
5479,pop_0,3.447528539282797,2.7012940629253097,2.8109516768025875,2.4895728602407927
5480,pop_0,3.3634992642973027,2.3104942165530495,3.1068348601101974,2.8974630454113486
5481,pop_0,2.846601694969057,3.164566496664218,3.2548243624496362,2.7458379815692715
5482,pop_0,3.1315808051398144,2.2600882004158023,2.876366522310914,2.556965825343444
5483,pop_0,3.49140116387603,2.6925904664617173,3.2530508565276395,2.655661326358478
5484,pop_0,3.4632810630077198,2.516229289214396,3.4574419956164983,2.9131770765336378
5485,pop_0,3.690033004511139,2.5530877423529748,3.2506627068721254,2.9954394525075188
5486,pop_0,4.5556192548544985,2.5814841873378116,3.1638337891163917,2.1609335098286726
5487,pop_0,3.7586723201574803,2.1098781775627415,3.140668295015881,2.464623567919936
5488,pop_0,3.510251248231802,2.628732207808762,3.450201152931191,2.2647957646668515
5489,pop_0,3.7545027877280894,2.6895460333796706,2.907349553828947,2.800299309630794
5490,pop_0,3.5156777870721956,2.2970669644741815,3.46569133604107,2.290585592680359
5491,pop_0,3.2370370234994144,2.5226692174023215,3.131617630194347,2.742529538255062
5492,pop_0,3.6581329351546823,3.2052860160650103,3.3430670778134046,2.5003997832097156
5493,pop_0,3.404873064715142,2.4198571709572327,3.2710529550253664,2.5031725064829664
5494,pop_0,3.9036395402974393,2.8223760543093075,3.2200498170289005,2.7514473205338392
5495,pop_0,3.286610310306185,2.688301326759047,3.4435290190431744,2.7414828019811663
5496,pop_0,3.392570462902053,2.8897488757483027,3.5224421831934443,2.0474993054288597
5497,pop_0,3.6501091395615437,2.9164885092789805,3.585933111062813,2.459851039515565
5498,pop_0,3.8354042391347907,2.560848734925973,3.124823976854383,2.600493870401042
5499,pop_0,2.9366580359854764,2.5681722593038665,3.206007470459943,1.8957138790326313
5500,pop_0,3.552269748777438,2.3964731288147605,3.1933622590268174,2.5990391331786253
5501,pop_0,3.5568450762435844,2.511305695588947,3.1609015849629167,2.6144201043324866
5502,pop_0,3.3287501394018206,2.4946200194653456,3.037642940445049,2.626989366733718
5503,pop_0,3.5941144333274835,2.960916268473337,3.3343431311986773,2.539359355841655
5504,pop_0,3.254721156032716,2.9576781873995377,3.7875149827094097,2.6445371637486224
5505,pop_0,3.5524268120183953,2.39930451337076,3.47152657643271,2.6725791939313104
5506,pop_0,3.608517755668014,2.352748167633247,3.1272022377326496,2.709912464749974
5507,pop_0,3.280432549745121,2.926594772160201,3.352600869627545,2.7737420900581053
5508,pop_0,3.76689610314415,2.4881243696670445,3.3242356339738874,2.4716610407477106
5509,pop_0,2.747546512315899,3.163775262524336,3.376839457777154,2.4346087775726204
5510,pop_0,3.343135658120524,2.5925534051333328,3.228698839305933,2.4951526526630037
5511,pop_0,3.3991599241913675,2.727150984006606,2.999809863758734,2.7924372704891236
5512,pop_0,3.3740726247879453,2.56120492437678,3.0560342407411145,2.3660057885777044
5513,pop_0,4.097414641244888,2.4909776428063326,3.4456217456035825,2.567617296898052
5514,pop_0,3.375165226190275,2.784579478562607,3.289085046346901,2.6512285737924564
5515,pop_0,4.1657482065876135,2.436658960138203,3.3115330506129124,2.6714758361689435
5516,pop_0,3.1018205552100087,2.6400470830210443,3.3111942029348644,2.381798594330932
5517,pop_0,3.2512589099920595,2.7915263781987187,3.510741124468842,2.658288232957525
5518,pop_0,2.9183911370358846,2.843136286959261,3.0238379727105795,2.441805337010707
5519,pop_0,3.1645569002911325,2.8915875844545007,3.1454371495783344,2.284663008464016
5520,pop_0,3.530992753274745,2.776140011911108,3.1782165225499424,2.5427175979173673
5521,pop_0,3.178923448899609,2.8432403516568896,3.3184346421837407,2.8879763432945538
5522,pop_0,3.4440741713614966,2.5938154135390734,3.1534013821308413,2.402590898212683
5523,pop_0,3.1584408736914753,2.3787030984379136,3.5264108554621347,2.597623476028245
5524,pop_0,3.248574353694013,2.6128985580814588,3.295479425191671,2.9235963545614636
5525,pop_0,4.07888110883604,2.8399433986978315,3.1059318874996045,2.599257884097274
5526,pop_0,3.4744454832886245,2.871143261941833,3.0220544210994156,2.625237966063029
5527,pop_0,3.8984290884358233,2.499096981604435,3.032970637605769,2.444044711506648
5528,pop_0,3.335480154903637,2.97360630365769,3.390315585811066,2.8400971440784035
5529,pop_0,3.4610359898414518,2.4837952114591744,2.9632112537854156,2.9626289148312877
5530,pop_0,3.6383273018256754,2.800822852012619,3.0542394474662564,2.869802492374942
5531,pop_0,3.2914096166359683,2.9657757074493007,3.768163173926356,2.8131450648163128
5532,pop_0,3.019240007410306,2.849192952880229,3.0401709350562665,2.6825823112376117
5533,pop_0,3.551803282912913,2.293575869155244,3.4841500913755112,2.6375027563785447
5534,pop_0,3.281168069871876,2.770105173235208,3.3215364090823956,2.550877563988403
5535,pop_0,3.0287763154505165,3.087193434551093,3.4538602211884157,2.971353535746304
5536,pop_0,3.1936628297777925,2.8052725244747907,3.0315648091288203,2.264285344224607
5537,pop_0,3.494628505268034,2.557562589429365,3.3288725160644823,2.342265397624492
5538,pop_0,3.397769271990129,2.5190613087834,3.2731902633601355,2.843465722771505
5539,pop_0,2.991065757618253,2.503071711825758,3.5031504898718575,2.6883402319945433
5540,pop_0,3.6391748281161282,2.2344867729449396,2.6248515955960494,2.704802130559626
5541,pop_0,3.0338806369734472,2.678634297735138,3.1429902055163947,2.5575968735043033
5542,pop_0,2.7850643043246834,3.0557449509549373,3.0411516790976814,2.922102135455859
5543,pop_0,3.3310581100642405,3.0912478866831554,3.2228306347935223,2.6216889122277744
5544,pop_0,2.8764803582471794,2.6105843178169814,3.3098369772032252,2.5582945206661805
5545,pop_0,3.367925450276994,2.522182577971775,3.11060527829493,2.7143826783090756
5546,pop_0,3.713912109612241,2.866276371608543,2.948717457300542,2.6672633762836693
5547,pop_0,3.5583098879192883,2.3798275081531832,3.3172272916294516,2.68780989257875
5548,pop_0,3.2397075538255065,2.9426578633362794,3.2603326543471085,2.862005936607549
5549,pop_0,3.3934418891148512,2.616752836729421,3.5174436024004794,2.472514894441513
5550,pop_0,3.4649753745498133,2.3816077883508444,3.421851328714425,2.61459304469437
5551,pop_0,3.5081810486877596,2.6850065579471623,3.112520790587769,2.2665478664542964
5552,pop_0,3.5295571585000687,2.5809435136249097,3.1387245046335592,2.5373104615368187
5553,pop_0,4.055581486534292,2.840068447766239,2.9264302038823153,2.7875862058114733
5554,pop_0,3.6823479807857322,2.8567002764440623,3.7759258853710875,2.7210711448483886
5555,pop_0,3.333852509080337,2.8070473390042703,3.324688756098954,2.7989048615031127
5556,pop_0,3.499658832640529,2.871397981430199,3.077087848491368,2.971109696651532
5557,pop_0,3.1467170241881517,2.718353106017273,3.2249333096554498,2.8055340019452455
5558,pop_0,3.207994464992781,2.692731152662306,3.1249365710482877,2.237647781524307
5559,pop_0,3.112778814553266,2.9912456112344814,3.777443242876653,2.569008535038966
5560,pop_0,3.941093014753331,2.3446452750291202,3.441376927757915,2.51933485595563
5561,pop_0,3.910677266318947,2.445077695454495,2.8677304308392193,2.633558474575802
5562,pop_0,2.9963102183893207,2.789375470052036,3.01796560301924,2.8462899011044085
5563,pop_0,3.392674399532043,2.894103046410641,3.361924289292461,2.701043888140905
5564,pop_0,3.4164945622347047,2.687575516088342,2.9485940126440218,2.5373892642972597
5565,pop_0,3.230599600337647,2.9110265949040177,3.3982980363213233,2.653543159656955
5566,pop_0,3.6112738096536203,2.5592936954505903,3.3253167117335902,2.8921264595037184
5567,pop_0,3.845406917310104,2.2690211781020713,3.1543998967310234,2.299183496599309
5568,pop_0,3.240073140541367,2.425089232287557,3.098463885533318,2.3722023738323856
5569,pop_0,3.2725629358337933,2.7132686306856852,3.059024126791117,2.430805131342852
5570,pop_0,3.2423177088039856,2.6829084236907814,3.246948881717399,2.603109470436849
5571,pop_0,3.4394843056701667,2.8321424921133276,3.110176922431765,2.8014186930098677
5572,pop_0,3.495530480769151,2.5055366477218377,3.6312029801598436,2.25331331034856
5573,pop_0,3.2296166552477943,3.0113699786795536,3.451458121726024,2.400745846495716
5574,pop_0,3.841926828133663,2.6734191794725137,2.8430386288228,2.918996321500962
5575,pop_0,3.354788633747555,2.9681248000458256,3.9555092217351318,2.2609879872840875
5576,pop_0,3.3859892871441795,2.673727831209793,3.3689438016914726,2.624408939355553
5577,pop_0,3.579311057299044,2.4769907847302965,2.977177729835641,2.5338875645143033
5578,pop_0,3.967000742448236,2.388946255686678,3.2593829891893775,2.3919641227625648
5579,pop_0,3.619615015072958,2.547048644305894,3.2321152360931342,2.681672282501064
5580,pop_0,3.2862247304391654,2.8263480282050875,3.506408481437198,2.378719242007872
5581,pop_0,3.674906875788204,2.8176440992255967,3.0987045838094556,2.993032433079502
5582,pop_0,3.4108308300102888,2.65613618004327,3.3768443906621517,2.67371125786833
5583,pop_0,3.8880051857322697,2.482495107309994,2.5058736979082434,2.5519626801012203
5584,pop_0,3.6935148858056954,2.747127439008312,3.3628966754488423,2.3622946750230636
5585,pop_0,3.0440609343664518,2.4113071590755633,3.2812974511462074,2.4894651788185973
5586,pop_0,3.6084041795514907,2.2926642608021433,3.2955068942472283,2.4845983484026304
5587,pop_0,3.242381902503579,2.6925244483372466,3.607472808694686,2.754354800701057
5588,pop_0,3.6078389994485542,2.7410332481466475,2.8090590248833784,2.7977596552490893
5589,pop_0,3.238860945135684,2.832334340528251,3.2164858506174916,2.900361267465373
5590,pop_0,3.369403412607276,3.02155051225555,3.341587769045409,2.5757455978187105
5591,pop_0,3.611039622807603,2.7597168969553905,3.5136132683856003,2.627747618240397
5592,pop_0,3.3257470062802588,2.878415366402531,3.6382779610367466,2.381821479969657
5593,pop_0,3.630740588741405,2.561651177159003,3.5387229374110394,2.7833478899483173
5594,pop_0,3.5828307484790605,2.274344816229426,3.12722764579351,2.434623314735316
5595,pop_0,3.288178894840261,2.6451968986666494,3.6133396897978023,1.9809963110877917
5596,pop_0,3.575004718220687,2.9482418461045157,3.1445615026258675,2.8708035373080434
5597,pop_0,3.5013837717184364,2.6535559409569482,3.0215654000853496,2.335259504574318
5598,pop_0,3.2807808728990118,2.6901234481855676,2.95361806012771,2.8746698467624405
5599,pop_0,3.0411171382058684,2.923816568320029,3.2573309135716557,2.8229269875260012
5600,pop_0,3.4844034425772636,2.4196029769427185,2.824222494909505,2.3815208101681202
5601,pop_0,3.338095120723289,2.7205605274512474,2.9193202962993654,3.4576587566316834
5602,pop_0,2.9708185645679253,2.400462825556295,2.8896347226612287,3.076092041847448
5603,pop_0,3.6111706890968978,2.2615052850199673,3.3607858895686364,2.3742855489650116
5604,pop_0,3.4948212404478016,2.4384887891055724,2.7041241405021683,2.2381397685711883
5605,pop_0,3.1851512463469662,2.486490882189995,3.4427861116308893,3.1766886839017685
5606,pop_0,3.2885162420901004,2.426569956005993,3.1527965606775203,2.100462532894637
5607,pop_0,2.9812932164684334,2.715931210544035,3.1974495730241723,2.9837421434801614
5608,pop_0,3.507074207062998,2.3676358885786772,3.6775302209752327,3.0568205130184323
5609,pop_0,3.5517125196970327,2.7023255015300807,3.5152015852293377,2.89110124467719
5610,pop_0,3.365150640577764,2.6346232905805573,2.659816426696565,2.6793464167568164
5611,pop_0,3.099225452777768,2.8624708205780713,3.2338174237373174,2.6047722647954443
5612,pop_0,3.5569095572142597,2.6955719698274243,2.990830761716537,3.2761372344508235
5613,pop_0,3.8398965794567257,2.172767571056852,2.8453778802020553,2.658896571483297
5614,pop_0,3.761600523808738,2.6431083371287554,3.3214416185170244,2.530854040535664
5615,pop_0,3.2628007961272614,2.6233941861604406,3.34122672286693,2.5468313380493983
5616,pop_0,3.643832299345132,2.97350496835187,2.9819676712725687,2.4317860707419845
5617,pop_0,3.6864088993507806,2.8487982719199545,3.3001336659035854,2.9513715628651553
5618,pop_0,3.205894440105536,2.196956132342828,3.381602983403591,2.2029986036762264
5619,pop_0,3.640699742794174,2.7324049312714056,2.8392426818370433,2.294673694516026
5620,pop_0,3.0035144610684394,2.5900014349458282,3.241867990592182,3.014288645771956
5621,pop_0,3.6217500754356307,2.2581110024440765,3.1728007000289526,2.0806613265580465
5622,pop_0,3.3006873558390755,2.9965187419594015,2.840557717903944,2.405760466980664
5623,pop_0,3.0217880581675085,2.733699290835799,3.087592231478394,2.3949458013102403
5624,pop_0,3.3205361916685976,2.3459235462584664,3.729741560862523,2.538102029279921
5625,pop_0,3.418549769660375,2.7264763820839506,2.9513992068516623,2.5649909003034597
5626,pop_0,3.2119822301643617,2.7478411094150488,2.8122224505532007,2.712579476437024
5627,pop_0,3.5620043537657455,2.5643992129269972,3.0227923561540635,2.7535803506334093
5628,pop_0,3.360295737898064,2.8735431406887666,2.8749883784366665,3.0593255112327995
5629,pop_0,3.190431657757435,3.2496149447315013,3.689769157561431,2.562358631286023
5630,pop_0,3.543832318259342,2.9163395029573014,3.4863138371944737,2.580216049096025
5631,pop_0,2.8817148038675002,2.5338387753349556,2.9154578822805073,2.5520678577540763
5632,pop_0,2.907964753148965,2.3767431021831684,3.1913004885897482,2.679747236502826
5633,pop_0,3.3310307084885746,2.271821001724903,3.7976505895433754,2.490732984337761
5634,pop_0,3.3362433716184414,2.454899427492313,2.9297023082502047,2.740409105462005
5635,pop_0,3.40684878093417,2.795235340322889,3.5436290913699717,2.7265159657276143
5636,pop_0,3.8158566425424674,2.6818004207995645,3.2594200755581326,3.0091682020621597
5637,pop_0,3.7676049908840428,2.644679965585476,3.031618015713561,2.785399246153649
5638,pop_0,3.963880598927073,2.6975963927243014,3.1335190569351736,2.5842540750366902
5639,pop_0,3.694384406713323,2.866007501817113,2.7245766796588042,2.7360586212448235
5640,pop_0,3.2309621420485577,3.1484967470378304,3.3424779650387335,2.7494243217156704
5641,pop_0,3.581352551408488,2.558267729580909,3.205757447632815,2.948521767012654
5642,pop_0,3.2193931876179462,2.6539681597396747,3.4640805585865553,2.535419698645193
5643,pop_0,3.7950007396341743,2.4826642567454202,3.087279483328852,2.646717535799905
5644,pop_0,3.768392467736728,2.6390829730440535,2.9639099206381063,2.808408864723562
5645,pop_0,3.3753951590089835,2.749713504838919,2.8037400770663172,2.3564516644641023
5646,pop_0,3.066357423546533,2.6853324496928703,3.1507710843831345,2.2396545821373515
5647,pop_0,3.7754785653813094,2.4804205271172513,3.507549495022103,2.842107558772824
5648,pop_0,3.2043400747872375,2.556907919725071,2.802111608232661,2.5299674719076015
5649,pop_0,3.6432988922327727,2.678793978958996,3.369545077470632,2.693056958291687
5650,pop_0,3.7971931397871175,2.565028932076899,3.679972573966082,2.3683401419166827
5651,pop_0,3.1472846979047007,2.8973933518762607,3.218501092790853,2.707895128986085
5652,pop_0,3.4959108771095826,2.552216503215138,3.3178892865301512,2.506844485768557
5653,pop_0,3.50876216614589,3.0116298577947846,3.146322177236552,2.404717438180667
5654,pop_0,3.414983996787564,2.205651352167156,2.9856689789263555,2.5519748724877656
5655,pop_0,3.525954596104787,2.8406119882335523,3.58614739575626,2.422721990211078
5656,pop_0,3.1949691021406608,2.612829880446029,3.646302569735394,2.1886574271876764
5657,pop_0,3.64499246797309,2.809380546748717,3.476515429785821,2.3453260920143078
5658,pop_0,3.5904717825105825,2.535226405506368,3.4383474977823116,2.4746858369040634
5659,pop_0,3.444155693820294,2.618988413790723,3.555158807873024,2.710879917240969
5660,pop_0,3.7285215140272703,2.4970272575069137,2.987610144642192,2.270969224608871
5661,pop_0,3.3399115972478977,2.480835329118283,3.341553488317293,2.5168064698797408
5662,pop_0,3.599757446518434,3.045772576590968,3.593146165369105,2.487696103563146
5663,pop_0,3.451128212602387,2.3653019579314716,3.2729688820762854,2.2733819682199035
5664,pop_0,3.1569705486344732,2.5778362669571133,3.249324325434349,2.2489693889281352
5665,pop_0,3.5532868625398866,2.3288326176531693,3.4085605731178825,2.5143267411710286
5666,pop_0,3.7451585062603097,3.03462317319027,3.382124860760592,2.608426379928262
5667,pop_0,2.8462035751387353,2.580897521874032,3.274067728476992,2.6600433295247154
5668,pop_0,3.409851103267419,2.652115537793214,3.2894011420280513,2.9400402496667426
5669,pop_0,3.5097000046494005,2.6885739215025497,3.0577361932887,2.489018483337919
5670,pop_0,3.728821033378237,2.900298649053559,3.579063697666154,1.9821984149263914
5671,pop_0,3.666872540818588,2.5243883486542824,3.173082122237781,3.0213448030538403
5672,pop_0,3.395183845158692,2.5557874690886124,3.381437863036233,2.691667658122227
5673,pop_0,3.2057161941180965,2.7052967555647185,3.4213410595424976,3.1042242019391213
5674,pop_0,3.643379284425492,2.273953180236539,3.31083356361608,2.5527658005087592
5675,pop_0,2.952313505968221,2.744625539359826,3.491296510196448,2.718740976665639
5676,pop_0,3.535313145006692,2.5734455386403137,2.9329578514887267,2.5302413072774286
5677,pop_0,3.55074877721304,2.71794314258815,3.1837473927682596,2.829031699232778
5678,pop_0,3.7866584263920195,2.4439588233720326,3.0547105882313006,2.727014048871104
5679,pop_0,3.961439074436579,2.780127884956941,3.3255078165529133,2.8556055959612663
5680,pop_0,3.7038891683448862,2.298879869517724,3.3126041612502957,2.419441172313024
5681,pop_0,3.5076119713227834,2.4940656662613843,3.378322600603506,2.2422797069584472
5682,pop_0,3.6153032641575393,2.619780495108597,3.253086194627771,2.1056431793078234
5683,pop_0,2.980153459021968,2.435590281823318,3.00852973353502,2.5441341232595827
5684,pop_0,3.7200375232675764,2.542986150744256,3.1048625858181675,2.5932355123456
5685,pop_0,3.182867392530027,2.8251849589853033,3.032024437026423,2.7366797454017795
5686,pop_0,2.889402265934137,2.708394164433874,3.1193245580166895,2.4871801784826277
5687,pop_0,3.1364293941674544,2.76478109109331,3.2389173413327703,2.849189418825074
5688,pop_0,3.609297948242558,2.233691939615863,3.2723681307644954,2.316263779438204
5689,pop_0,3.095155852664052,2.6577725057382455,3.2951885006441306,2.4548451256778234
5690,pop_0,3.4092499499786055,2.537653798592144,2.912931419489172,2.5931118514627567
5691,pop_0,4.243128448891265,2.2926394119973006,3.0876903970664236,2.4498074623976205
5692,pop_0,3.301783141676194,2.67215845286963,3.319589853861269,2.4573157442166838
5693,pop_0,3.517761692467221,2.515659893218767,3.109031574583053,2.8082561001669144
5694,pop_0,3.409055217261441,2.8236736159884335,3.536367849541654,2.211214063523596
5695,pop_0,3.0928354169646557,2.2928654947564926,3.105775385998792,2.2442962825764203
5696,pop_0,3.196393473238228,2.7427488764895522,3.322137496395483,2.8180514866150776
5697,pop_0,3.0714898365712155,2.8037824012824886,3.00408350321024,2.4827617925935748
5698,pop_0,3.8067461854217814,2.482756638599449,3.633486343989609,2.720894191672707
5699,pop_0,3.6365941069778422,2.5106974726156994,3.1377334842892437,3.2746531700973147
5700,pop_0,3.558741795463627,2.6363567643640895,3.468805236015551,2.5317027663388494
5701,pop_0,3.2715389655232525,2.4397216759075198,3.584251741039635,2.8800102544019173
5702,pop_0,3.2578779032767953,2.782400147751394,3.1578842552012096,2.5708735619539427
5703,pop_0,3.9245162648026892,2.5787688129860724,3.552798892240593,2.4525923745080704
5704,pop_0,3.474485940258524,2.6116285763137843,2.8668697258239626,2.57749396514284
5705,pop_0,3.7780590575396484,2.406810498439378,3.2086327502354837,2.752331954841053
5706,pop_0,3.38281752783003,2.58771716682994,3.132909935878539,2.834544557090371
5707,pop_0,4.0038420968981185,2.392199688128935,3.649573975886981,2.6193857068681887
5708,pop_0,3.3353172722591546,2.8179876525490637,3.7019272216788157,2.229495538801118
5709,pop_0,3.127239744963134,2.9857707294441687,3.097211717512775,2.67104556676157
5710,pop_0,3.7411435602060803,2.7448303614219807,3.2537879820113624,2.760160133900099
5711,pop_0,3.882164119490251,2.475803653365171,3.1279946873451774,2.314434525292519
5712,pop_0,3.7038003553949683,2.323408395909678,2.983980516749356,2.531900549510447
5713,pop_0,3.4045779169803247,2.860274323734985,3.2493142047365087,2.6941703062238047
5714,pop_0,3.4317124556919922,2.8201723558307963,3.3678518275658385,3.098050851847672
5715,pop_0,3.886607309471899,2.237055172801146,3.2471225222920967,2.19989117741577
5716,pop_0,3.75053442606346,2.3847962296118985,3.283313344678536,2.481940762329438
5717,pop_0,3.4995158533748127,2.677685575572325,3.3838456170459557,2.6316926384122103
5718,pop_0,3.37815108785331,2.581016099188504,2.9638953668519714,2.312047592351989
5719,pop_0,3.137669506477861,2.8982825506104586,3.3339449605832123,2.642256363358555
5720,pop_0,3.554132513860098,2.7449080739542944,2.795770864257523,2.4160147457474617
5721,pop_0,3.64123014242662,2.6971236381038177,3.2600917674063954,2.478031030937389
5722,pop_0,2.997458980022255,2.6015094064207407,3.086586407545608,2.464493509823095
5723,pop_0,3.7279011010918657,2.0192335316057,2.870760626154275,2.4576752186582573
5724,pop_0,3.6611903296995476,2.6960536989075097,3.3311773006394545,2.3958736601558517
5725,pop_0,3.143758114103646,2.705201054517705,2.864210585263225,2.7435615092928836
5726,pop_0,3.683434068321827,2.5038726763911603,2.9523104245831124,2.5346607584398506
5727,pop_0,3.4844477592828276,2.3211398243690615,3.2889254242928625,2.471188907366316
5728,pop_0,3.459109385488155,2.6800376401785453,3.3154163768760747,2.4908416832533478
5729,pop_0,3.1494633179414584,2.8226274767085715,3.3603352983786716,2.503765022609631
5730,pop_0,3.6096626212593432,2.721010297384598,3.1796673455068647,2.499189500278698
5731,pop_0,3.4709200453410824,2.360320016607588,3.015417853693811,2.517286202974716
5732,pop_0,3.465937528164093,2.2822016997595647,3.0747345530807166,2.7389641431845173
5733,pop_0,3.2533858879771698,3.0796106046461493,3.1033723761326786,2.7467269768766345
5734,pop_0,3.648017162685627,2.334657853013058,3.3519461934702135,2.5672465907255697
5735,pop_0,3.759219287417519,2.7434847780022826,3.245430670148052,2.761575627684843
5736,pop_0,3.391652304303311,2.902442578457717,2.757098317085757,2.843766413234738
5737,pop_0,3.172730277543156,2.6339121136212746,3.286450049384066,2.583289170541746
5738,pop_0,3.64720492724805,2.5471386171628967,3.438456678389642,2.6858421821150507
5739,pop_0,3.9065780432180586,2.810602317950119,3.4462316187186226,2.4388481581330668
5740,pop_0,3.8610536895815213,2.6388408865292368,3.3000915240212825,2.693343830502115
5741,pop_0,3.364788024860414,2.871408800937621,3.081188324834515,2.7378452463653407
5742,pop_0,3.5029635153282728,2.5184671653941817,3.0065196565025936,2.937961087226207
5743,pop_0,3.4790791270029193,2.2271445630856834,2.9905903951784394,2.7321668309002343
5744,pop_0,3.527107198389798,2.669686706702675,3.2688096077749687,2.60138263302591
5745,pop_0,3.2055297748382703,2.6529750228356432,3.077998473953373,2.434051276423185
5746,pop_0,3.6091654135762203,2.700996450613869,3.1579044192868038,2.4381689007535106
5747,pop_0,3.3187974556593645,2.777741221451166,3.3907566430679696,2.687798524493138
5748,pop_0,2.8572094401327854,2.784447759530795,3.3155134976498815,2.799417850931626
5749,pop_0,3.022343599311755,2.5086001893988437,3.3896928546154976,2.808162807094094
5750,pop_0,3.4767366278419005,2.4990692996580206,3.398236247361412,2.441455804727323
5751,pop_0,3.5349538597579078,3.142894431013456,3.080176050309964,2.215118007460559
5752,pop_0,3.5965792873449276,2.5771940123261685,3.2103484916216476,2.780479503678758
5753,pop_0,2.754479670686588,2.912898407175843,3.4449129458370584,2.8457646126185487
5754,pop_0,3.7544446653223837,2.898232432145755,2.947912508217964,2.8250539180354672
5755,pop_0,2.889541831408917,2.6342476674533684,3.1540626694444898,2.2963659104892233
5756,pop_0,3.180904359457322,2.778327198958898,2.7191966616589514,2.4257349801676944
5757,pop_0,3.273714089518508,2.662955592966124,3.67607878249725,2.8881049306568567
5758,pop_0,3.2617435373470203,2.548562953426126,3.1685369735368876,3.130409961193151
5759,pop_0,3.657158036071659,2.3585685417771325,3.348174344561528,2.561115152233281
5760,pop_0,3.654036545779128,2.7285340501128093,2.7591456449688576,2.6756370253023687
5761,pop_0,3.5014880686822996,2.8511530611718032,3.3266165208666143,2.8871268534317074
5762,pop_0,3.2131143951287466,2.7783178736213854,3.447855113583469,2.1710240707516313
5763,pop_0,3.059090519691567,2.812007292815217,3.206024565519286,2.6069155576107987
5764,pop_0,3.614771939959936,2.507766632744968,3.2424125109424087,2.058974581546387
5765,pop_0,3.449624136046567,2.3704391612655304,3.3017451834126965,3.0469070922196155
5766,pop_0,3.6711056814079726,2.7647286855943918,3.7296852009563954,2.7915157979825476
5767,pop_0,3.2736554416625063,2.6679385805081197,3.174129944908131,2.873776556055501
5768,pop_0,3.421381592669596,2.8787920050228877,3.1147431522581046,2.312738824044792
5769,pop_0,3.403863215757265,2.82099344428463,3.3442852763088333,3.069023743596625
5770,pop_0,3.6908063096623738,2.387794358826081,3.2863171603003454,2.851025598054501
5771,pop_0,3.3663511212625967,2.9254022826467896,2.977671686040525,2.5996616782152002
5772,pop_0,3.285358273447172,2.8790138600686337,3.1520157622192304,2.521243118030675
5773,pop_0,3.0029126021852246,2.710233966141454,3.3060088886404384,2.8649655889705663
5774,pop_0,3.51510850871415,2.513630169598734,3.281995256004846,2.2551057765477824
5775,pop_0,3.0085024368597617,2.5541512067588137,3.1134935469434244,2.524634058890202
5776,pop_0,3.6625525628146103,2.443593388610328,3.1767649137603344,2.4256436355522397
5777,pop_0,3.1525289209389187,2.7454738680890114,3.326915339833864,3.030079644599022
5778,pop_0,3.251707690017893,3.032777398003784,3.162821271349478,2.743067576765725
5779,pop_0,3.325565003480836,2.5927853560816994,3.594147510255257,2.231102345511
5780,pop_0,3.339799908052021,2.386302396797834,3.3216693519493528,1.9211446502140035
5781,pop_0,3.3915044075305323,2.4700373822080155,3.027544636546222,3.0466367021749114
5782,pop_0,3.5622404014265876,2.2910935365047864,3.5540467354554877,2.9627205061131625
5783,pop_0,3.1623317444887853,2.5774372077390897,3.4740829761253935,2.3177868821353385
5784,pop_0,3.7916723825889562,2.749975009646234,3.1531922608358203,2.0262639320762132
5785,pop_0,3.5709499484316356,2.83321023502786,3.389635545728944,3.0139626104257555
5786,pop_0,3.2859652005610775,2.6744014200205024,3.4923538098354583,2.535037627492006
5787,pop_0,3.5710977152069385,2.541231778930066,3.041208634462691,3.0739922080233635
5788,pop_0,3.5605611377915825,2.815385898873535,3.4511854958035664,2.776955929293798
5789,pop_0,3.059297506025584,2.6458515803061187,3.3627816977162746,2.6634196803968924
5790,pop_0,3.133703655370576,2.884539322819809,3.257343806777576,2.6112702211277132
5791,pop_0,3.3733252830418285,2.560080716127391,3.211091631655736,2.5530982945103586
5792,pop_0,3.049396519671734,2.9164699477309473,3.2681579038698945,2.363878095465286
5793,pop_0,3.0233478092354167,2.6815779544592573,3.584519591945294,2.4950280035375756
5794,pop_0,3.6832341223178577,2.8074722983410756,3.221102293446133,2.3282250813909506
5795,pop_0,3.578949999904749,2.5861929380534687,3.231386653720769,2.5122375180099157
5796,pop_0,3.537883725328257,2.362963379802934,2.893101835690019,2.728900963804883
5797,pop_0,3.7561582400842073,2.4810703843760002,3.3564420204480307,2.273278282624431
5798,pop_0,3.6054802731781987,2.7639045469474324,3.106086377549164,2.6816954431430142
5799,pop_0,3.860762951862151,2.4521677550052683,3.439578673892233,2.5988227775151107
5800,pop_0,3.38755705191546,2.6923048245658356,3.2614177758829372,2.4117750829437976
5801,pop_0,3.4177204569694957,2.172851264734002,3.0903093867583054,2.5557585163827685
5802,pop_0,3.5776829168257436,2.952034719283792,3.4805181462602666,2.8750034495103924
5803,pop_0,3.2538128001520623,2.7332791949495925,3.4037734065868777,2.8994838319000205
5804,pop_0,3.585326969587968,2.8686197102285638,3.3024952134423766,2.3388887666819613
5805,pop_0,3.5670968701824384,2.3068136873967924,3.2787765399338094,2.6192445177606176
5806,pop_0,3.3660143497926205,2.7015150071122194,3.329143898191867,2.496614911397167
5807,pop_0,3.893041192897125,2.3882865673599096,3.2881374807507187,2.7638265974268004
5808,pop_0,3.532641456674689,2.334755345209744,2.809914598886789,2.999484783628785
5809,pop_0,3.5111560208971806,2.6656495929688107,3.3738121817183484,2.482782810228806
5810,pop_0,3.2392296932039253,2.494081141765816,3.5961876446750414,2.2321587895561987
5811,pop_0,3.659261405456653,2.941991215272737,3.0066215222984365,2.217309989984936
5812,pop_0,3.4950436152360056,2.665458123362053,3.2758693724169805,3.0063692899839705
5813,pop_0,3.4752990409484443,2.4458743457873684,3.4085213725936034,2.295815248660639
5814,pop_0,3.5600672738042776,2.5877582353773567,3.3691677552159622,2.6229892754415274
5815,pop_0,3.313069297800965,2.6418895014753865,3.0437966365748212,2.778155734050765
5816,pop_0,3.3595994561899003,3.104229876787373,2.8601515464350182,2.97758190431253
5817,pop_0,3.62757356939569,2.5625937891543153,3.238974558787984,2.5583126359459203
5818,pop_0,3.712319958239411,2.1566519437182348,2.9833512319202673,2.698184070679838
5819,pop_0,3.508246267633701,2.367003475177448,3.199701693309015,3.214973637560763
5820,pop_0,3.3945907318974555,2.5310918000701474,3.257320671906582,2.6962255991835686
5821,pop_0,3.4400931684797404,2.9586975363859565,3.0496978265384405,2.5017666318603458
5822,pop_0,3.729533335248502,2.450617303159278,3.2952420293052427,2.7256031286369797
5823,pop_0,3.4713084781165193,2.5731553705521777,3.5189370576478183,2.4327359832885223
5824,pop_0,3.21559014566061,2.6060940661740237,3.4688088747069497,2.547217671070595
5825,pop_0,3.6773468042094444,2.688893845479133,3.314630658875474,2.388102661989646
5826,pop_0,3.650176555088857,2.695415569100568,2.8478640880895814,2.6985289445540213
5827,pop_0,3.7972268912695393,2.216859078654529,2.972905106524699,2.0514452296328978
5828,pop_0,3.420032094852376,2.353515611904485,3.131936122667861,2.5751659477208966
5829,pop_0,3.500291603356136,2.5942984413324717,3.347528758230914,2.419726441447698
5830,pop_0,3.2675313252603937,2.6346707821134094,2.7767032501403492,2.690164366763757
5831,pop_0,2.922747706778453,2.851075576210135,2.9964100232341453,2.6764559762438775
5832,pop_0,3.5736289957613963,2.4839614955768887,3.0103478967898725,2.5998281080957177
5833,pop_0,3.0321867294347555,2.7804955763731867,2.974238963236112,2.9495889115482505
5834,pop_0,3.7959040545973752,2.4725040225150785,2.9373652806115156,2.5313452456706154
5835,pop_0,3.302971245814123,3.0112667695907924,3.3272996345164936,2.503461610394863
5836,pop_0,3.6683146012615278,2.611533587445917,3.4749256354261413,3.0752353022567536
5837,pop_0,3.44233208918772,2.658548337721836,2.9948213539892574,2.283089090819617
5838,pop_0,3.4538271561105307,2.4369348940197995,3.302677149996877,2.609829449879046
5839,pop_0,2.9662277839120135,3.020752651125422,3.296670515009089,2.8139292082089233
5840,pop_0,3.469082340595142,2.884943910977899,3.0645029480142414,2.7807892154418625
5841,pop_0,3.430752452837947,2.9901895884731906,3.1349074757645052,2.7271467635713877
5842,pop_0,3.9291647126874962,2.8081164568842443,3.4853947097050013,2.570635045628781
5843,pop_0,3.5406142946836474,2.7173189813796075,3.1825682914396736,2.4789961777702563
5844,pop_0,3.441821469877487,2.610379175627084,3.384276177548076,2.4046674145830957
5845,pop_0,3.522382862060575,2.741237547851113,3.2062240238815747,2.4112158157902646
5846,pop_0,3.3056182371074345,2.781976080363898,3.329528529899713,2.8954059170104935
5847,pop_0,3.3870220234142363,2.5514388507563965,3.5590486567985673,2.908175814819548
5848,pop_0,4.000717667451911,2.639863124805191,3.1620671441198125,2.62557852169524
5849,pop_0,3.2374502721528935,2.7187838346402917,2.8820795751291794,3.0712520176162137
5850,pop_0,3.795597660128763,2.2851034025263526,3.2903913268312324,2.6093560635672284
5851,pop_0,3.51446159773918,2.8487644698896855,3.18930559003901,2.9693952940011035
5852,pop_0,3.9481232776607538,2.316258100981446,3.5454124056663923,2.6103307085302085
5853,pop_0,3.4300683857025738,2.370247944930352,3.676855256316545,2.566498174518823
5854,pop_0,3.4339641588148053,2.7569160379948063,3.025582173625087,2.6469147722892212
5855,pop_0,3.4136340456493626,2.577604230916198,3.360692098645924,2.505062264167149
5856,pop_0,3.438246602185253,2.379385215786603,3.3726321729452278,2.578210573217583
5857,pop_0,3.3516056174355016,2.690541331588733,3.2448840864731983,2.68602489941439
5858,pop_0,3.1805077583565224,2.9794300165986876,3.400679045868163,2.9025430373936136
5859,pop_0,3.471224974240293,2.5316905447189915,3.233761986713076,2.393711968002577
5860,pop_0,3.8281471134643215,2.71120947527437,2.863198024522862,2.7068158549084957
5861,pop_0,3.2250961367625837,2.29195859304597,3.963722390680683,2.2460027009668826
5862,pop_0,2.938553147945706,2.5911215011419895,3.3212521452896797,2.607270207073934
5863,pop_0,3.671907285191669,2.336961910362125,3.182695596085742,2.2287235419006524
5864,pop_0,3.6038882331258035,2.7551412571838383,3.3948891022930954,2.308286772351689
5865,pop_0,3.2087850182086015,2.475909646505612,3.2749325342978173,2.8930428913676676
5866,pop_0,4.111247870973436,2.606163726407528,3.21847217065857,2.780363594662904
5867,pop_0,3.2264303329791106,2.6048668277653255,3.0299172231981033,3.30149204717861
5868,pop_0,3.592204336073092,2.352542080595831,3.1931409217162763,2.752671949939931
5869,pop_0,3.1845621349857005,2.4852140041741815,3.6910747599658054,2.47672074259527
5870,pop_0,3.7304396091451753,2.3425433556280435,3.216476892328143,2.806930676601612
5871,pop_0,3.6730810700699332,2.756238536556266,3.0750069061219416,2.706287615540279
5872,pop_0,3.365229796927664,2.734819330489615,3.6138293049423984,2.675971905457262
5873,pop_0,3.760666258234075,2.595283452876135,3.6734464520516417,2.4791692179691585
5874,pop_0,3.3027384537499977,2.7182908195385878,3.608096954147541,2.9413004196810686
5875,pop_0,3.1444316366082274,2.7285601351678257,3.2924228988376356,2.0787577216977304
5876,pop_0,3.325328377726385,2.455748272338129,3.248954234180491,2.633351561091085
5877,pop_0,3.4702306277213886,2.5888058559484453,2.881374291192246,2.558367738535071
5878,pop_0,3.510179607977028,2.9492057600341837,3.1772299659288965,2.35448617537279
5879,pop_0,3.2623394446233336,2.4921728392436626,2.8834900378372845,2.4255173632658464
5880,pop_0,3.347941367562744,2.4129937783301028,3.006341889235619,3.257874840730583
5881,pop_0,3.2488285859482073,2.968273826747375,3.288554310533064,2.916721958985408
5882,pop_0,3.7650627808311405,2.188422484982455,3.4521477133524296,2.5390218172910317
5883,pop_0,3.5129284355847514,2.14284362903669,3.544260481851254,2.32988131747434
5884,pop_0,3.153487741726309,2.68451470792445,3.2533170246481227,2.77089973292051
5885,pop_0,3.225276045452496,2.4677414645754876,3.476507004370281,3.025587873079713
5886,pop_0,3.295764175413282,2.362197319977432,3.3524392871972952,2.8454418485375967
5887,pop_0,3.2772538920189835,2.6645154793316794,3.4500216704456923,2.684253806453921
5888,pop_0,3.331578749105481,2.3079011216827543,3.1750229515605515,2.6341289256920852
5889,pop_0,3.3546385134371857,2.551187322048829,3.5214833484676635,2.346882090138873
5890,pop_0,3.808114865920136,2.209165357512776,3.3780391309189812,2.8040502417829005
5891,pop_0,2.9554295363566117,2.8030245631019093,3.5092071669004135,2.2136213103985343
5892,pop_0,3.4745145409271934,2.584902314924607,3.682889439433341,2.3472965388407387
5893,pop_0,3.2638874390589487,2.9429925421532794,3.8081413921816334,2.7442575997639636
5894,pop_0,3.6605601389269244,2.3345187012580584,3.4728885678957564,2.2648876634320563
5895,pop_0,3.204205392471746,2.8227814556122386,2.6343928195957282,2.4358479300094196
5896,pop_0,3.789800701186028,2.5850783560593196,3.300916957810918,2.6239793198546053
5897,pop_0,3.6698443966244136,2.7590254135568033,3.5133045357918027,2.9609940694529895
5898,pop_0,3.5113091012757542,2.7176269752952322,3.5523401632278153,2.8809917176894935
5899,pop_0,3.4384127055184734,2.7820113342517154,3.050480088353252,2.510514721526549
5900,pop_0,3.345750877272219,2.5058224220971717,3.1143887136820942,2.481344282679376
5901,pop_0,3.3528120044220953,2.790256922885598,3.257202599084931,2.9976585492518906
5902,pop_0,3.4697452320806526,2.7111372817724386,3.2820381242314474,2.457681338175517
5903,pop_0,3.2099023554009847,2.7961902846109385,3.0804855696109557,2.5062725310232032
5904,pop_0,3.630972023622404,2.6765309315043555,3.2003292359953486,2.716183892462389
5905,pop_0,3.0166875990577937,2.902008533606994,3.153472411978237,3.0282941570653072
5906,pop_0,3.316210306043881,2.3584767314072916,3.4144211825768336,2.777875098896584
5907,pop_0,3.8203891219780552,2.6861634105421195,3.053758181225264,2.6425562018995263
5908,pop_0,3.265360239698713,2.9108577031046545,3.2212817948262984,2.893419423510728
5909,pop_0,3.572129952145642,2.214306375050425,2.957023846390641,2.993732448227729
5910,pop_0,3.4648458190884663,2.812738490389516,3.2200304762007623,2.680886989217736
5911,pop_0,3.297419836096648,2.7036424407471276,2.980789419629015,2.4857888729988833
5912,pop_0,3.782748833271059,2.3899078590437615,3.048206154426161,2.612883132860869
5913,pop_0,3.7984856944066743,2.637078986379993,3.076755776070888,2.876136616729936
5914,pop_0,3.482098965041304,3.0109550780310914,3.169141934509348,2.451435155620491
5915,pop_0,3.7914062561789477,2.378993073217844,3.446734462521799,2.6953764628853016
5916,pop_0,3.7320171340027617,2.7313083241095355,3.384402144121221,2.46470780844725
5917,pop_0,3.316972384477404,2.6446339510216967,3.2745272327777517,2.573229434501564
5918,pop_0,3.284503895205944,2.3923186968071906,3.6545328140651674,2.6533743814853707
5919,pop_0,3.490167281846025,2.7942289624329777,3.1817248769179507,2.128624082831849
5920,pop_0,3.3386156723928195,2.5386737678991764,3.2793893369132907,3.124472491808809
5921,pop_0,4.073931754157756,2.3802518032734983,3.598416065649495,2.4686475503279897
5922,pop_0,3.2953285114089086,2.6048304010298704,3.2069627835191463,2.1877909724592177
5923,pop_0,3.6430594452330043,2.507193368238045,2.9706279702813054,2.621276561704458
5924,pop_0,3.3264884786863287,2.6580567869159735,3.162331282588087,2.213481698707887
5925,pop_0,3.657853229745361,2.3126699080342843,3.572675358208743,2.995121298070498
5926,pop_0,3.5918299857003055,2.7686123982536013,3.488085870861468,2.4426537181127155
5927,pop_0,3.7300241728113566,2.002570845545254,3.1212033029884694,2.68957200139619
5928,pop_0,3.1355357582283547,3.3473294616290494,3.9121342363869993,2.2918855773350346
5929,pop_0,3.510451225708997,2.5343945111435793,3.3187928755613907,2.786258684291096
5930,pop_0,3.879350649921327,2.383890529906645,3.415076267802735,2.6436223537534587
5931,pop_0,3.4620302241037533,2.7262729925318374,3.469730268141303,2.3767313389240474
5932,pop_0,3.398757680090124,2.7804824844792893,3.1882768598307143,2.400938691152544
5933,pop_0,3.4645441414356988,2.446561271097813,3.2328218820244015,2.6694005057788295
5934,pop_0,3.1873313293157675,2.723479526291375,3.250459254624288,2.498271364113685
5935,pop_0,3.537568927136866,3.0562418800674216,3.290980812240513,2.3476532360250713
5936,pop_0,3.312413981245819,3.3645201229269626,3.5532751537376677,2.537775363097839
5937,pop_0,3.565350945302612,2.6606361045446265,3.656824585077618,2.9043389270998032
5938,pop_0,3.3529964967418286,2.818776557817799,3.1938046491047305,2.8682432883130975
5939,pop_0,3.5725576879651295,2.719796864016768,3.452784258919685,2.423416120196681
5940,pop_0,3.2583145744415924,2.789599964411324,3.129217650848228,2.329087352589445
5941,pop_0,3.8298430000964085,2.3243031895738717,3.143537973377619,2.9454388656281028
5942,pop_0,3.052356359017007,2.7549792465248393,2.8739525154815384,2.520576724734807
5943,pop_0,3.2582165962015783,2.9343934715823474,3.907988798051729,2.7058664492467273
5944,pop_0,3.555320549764002,2.367019690134506,2.9671857235633743,2.175964004430816
5945,pop_0,3.2977464132743415,2.7998075097593107,2.974947474621663,2.3989984517803618
5946,pop_0,3.160293483309581,2.97665165613846,3.083481511883392,2.8425690691669856
5947,pop_0,3.2218111795419615,2.5455957488729326,3.2391941665053157,2.8251668238164167
5948,pop_0,3.18973857299682,2.8226593265823454,3.574315690009974,2.7493161780965547
5949,pop_0,3.5765412302155957,2.5336255019700347,3.467315354272603,2.652078169913896
5950,pop_0,3.715550664699844,2.421719198728539,3.104663384365912,2.544494462347974
5951,pop_0,3.740426344995703,2.497812981754324,3.2468811897425414,2.882146523313556
5952,pop_0,3.451855846950429,2.5623738908954907,2.822784873259877,2.9433282920439567
5953,pop_0,3.443156029056098,3.005935771137596,3.4507816186633185,2.8424979584507177
5954,pop_0,3.396758706973101,2.588210765344509,3.1400014805211574,2.703496263820198
5955,pop_0,3.2788326910066683,2.7467061773982215,3.614295285439737,2.591507959745043
5956,pop_0,3.3940714504977505,2.4509599154647974,3.3759055883487075,2.7555232770645848
5957,pop_0,3.749527834740139,2.8964853522192313,3.0643487960487317,2.386138902724872
5958,pop_0,3.4756296731637337,2.530067231436213,3.080260567426285,2.661713844654965
5959,pop_0,3.450993985459813,2.5947806402092044,2.9558093063330437,2.73696194409839
5960,pop_0,3.235780344999876,2.5294763078965925,3.414194712641099,2.848072041523139
5961,pop_0,3.369235818170959,2.6980142220104093,3.526731336522868,2.6387358831221563
5962,pop_0,3.677196804476589,3.0468863358547624,3.5311163352610437,2.653802160453817
5963,pop_0,3.082755050514219,2.7479356517336058,2.9716693140679618,2.6713199431754844
5964,pop_0,3.244259195723903,2.5994348937120035,2.942355529798987,2.596419167172997
5965,pop_0,3.411714361744915,2.7441513511495157,3.4984620071994157,2.6491302465204045
5966,pop_0,3.0771205037584535,2.8544717458108253,3.527767481738596,2.4419193894655393
5967,pop_0,3.668280459534575,2.424885933300054,3.450410856160899,2.6888900078972613
5968,pop_0,3.865436899623176,2.358899200890369,2.935649734377149,3.0115019576446076
5969,pop_0,3.593897169748471,2.577457130231569,3.580393018919797,2.597080421913023
5970,pop_0,3.466110678715732,2.6652844935155557,3.2706289808861193,2.4810062693945563
5971,pop_0,3.4385147231926774,2.365522649575675,2.9833846078957484,2.8207305261235027
5972,pop_0,3.703027137144466,2.468559237433738,3.072475434556742,2.3573683293753436
5973,pop_0,3.301683047363616,2.4763889233016703,2.9869864202643317,2.7413463722925773
5974,pop_0,3.7955802615089467,2.666176725252763,3.058074100641691,2.1496341952973705
5975,pop_0,3.218089093247083,2.7659916275083174,3.366757398691858,2.5543788564411263
5976,pop_0,3.215803958001661,2.784003541617116,3.2409956922584717,2.742991104284017
5977,pop_0,3.8132390279249595,2.119011094449547,3.3423997548506867,2.350511146438106
5978,pop_0,3.6106525770955744,3.1549547464008043,3.3502585172288435,2.388257257936908
5979,pop_0,3.0170049691524996,2.757538887528303,3.5062721616361836,2.907599362775451
5980,pop_0,3.532122891860398,2.332921551239491,3.1906610829507196,2.750677379296622
5981,pop_0,3.4367920908501954,2.7622821545694487,3.4633712818832914,2.7541594576732913
5982,pop_0,3.4324714348585763,2.621183547824718,3.375454020726427,2.7911691125159765
5983,pop_0,3.1483261979461874,2.505097683164123,3.357689185397861,2.6023175185824083
5984,pop_0,3.07826838944032,2.473550106245231,2.977589897972079,2.6996017205536535
5985,pop_0,3.3286984135237563,2.5825858182316503,3.53439657809169,2.658331881215857
5986,pop_0,3.5535621633475367,2.6313693246851795,3.2982504888598836,3.027927182796632
5987,pop_0,3.5856340281297348,2.9380684633893415,3.0167416693746767,3.177903681300803
5988,pop_0,3.0345413104647694,2.554566175848492,2.8302233504684375,2.736721795945694
5989,pop_0,3.0315768431396055,3.0794456381548363,3.4695387389333288,2.7874097723088926
5990,pop_0,2.667232197208182,2.9129426941634913,2.9725853615870736,2.7368922203929618
5991,pop_0,3.216802095868144,2.8553974780450897,2.863161135192322,2.408381646597554
5992,pop_0,3.3290417896849505,2.796378879741186,3.339774023110183,3.097550843148847
5993,pop_0,3.244551804729325,2.9315178887993323,3.33702707747512,2.5676730956567715
5994,pop_0,3.570253562194176,2.9015986225982866,3.4815553937004067,2.3387202331474346
5995,pop_0,3.4047846204749215,2.5791382593768293,2.7442372346272634,2.746298090158941
5996,pop_0,3.463333947563212,2.2661656799378562,3.4000613644200253,2.4565971673626965
5997,pop_0,3.625971145698215,2.7002765095405836,3.591036294538813,2.161717851918322
5998,pop_0,3.608235265028055,2.534537771529237,3.5693389202445056,2.5636643399588386
5999,pop_0,3.4912945921483645,2.588646365547988,3.4536312672864766,2.83179229631391
14000,pop_1,3.793782680613688,3.0064184434206225,3.156911218640909,3.07638074790483
14001,pop_1,3.5526964364518943,2.97756822364814,2.8485026174667603,3.521464489632016
14002,pop_1,3.4792787001541337,3.251052344372844,2.6104897815709642,2.879071695073499
14003,pop_1,3.5413710930512363,2.8485529064901183,3.1221860596449114,2.9928679929989634
14004,pop_1,3.5088823281166976,3.327547057541107,3.1110844137961067,3.4105810095318585
14005,pop_1,4.028651903551513,3.436571790047553,3.1464597970309462,3.5033508570112164
14006,pop_1,3.00676285697938,3.16081513513842,3.042514586269856,2.9980955444895696
14007,pop_1,4.180492335133363,3.2815832232071407,3.1751873936126014,2.7408031066883645
14008,pop_1,3.5417150193824325,3.0646017207989735,2.8179525590521353,3.387002482833175
14009,pop_1,3.5860284729134233,2.8651084728804217,2.5595380031434867,3.5124075709723144
14010,pop_1,4.00004725431215,2.7022782835539725,2.685012252039688,3.26924857280476
14011,pop_1,3.5949095682409404,3.2566896865838,2.844150556405484,3.47555181725396
14012,pop_1,3.7194362467377653,2.955240127115997,2.6081681739882914,3.421630656935078
14013,pop_1,3.8492066557054643,3.7089421695658245,2.9089580516216924,3.520623058424583
14014,pop_1,3.7087435193926677,3.4059030104751122,2.8214394325806404,3.429628976692805
14015,pop_1,3.5333411007560223,2.5774687717070726,2.5843602218737667,3.11307929119604
14016,pop_1,3.2509978564160193,3.409530151069993,2.672756418222404,3.653133197328192
14017,pop_1,3.986991680292012,2.984458626201985,2.8511878826494357,3.267983798152502
14018,pop_1,3.9896534838425204,3.156356984236535,2.78775831474571,3.746664920269487
14019,pop_1,3.422994659883247,2.6438596020262115,2.794451799071696,3.525250109540588
14020,pop_1,3.7895895747043156,3.8918706982879216,2.5114313528997316,3.7534836867495067
14021,pop_1,4.026534590625719,3.2918610112170943,3.2343170327834487,3.292511517917335
14022,pop_1,3.58531148449263,3.2317611921304477,2.7569570304052173,2.7124789800359723
14023,pop_1,3.6940993716475883,3.38210209687304,2.7682152037694214,3.169950268348463
14024,pop_1,3.4386788203808685,2.7323128091687208,2.783620142153081,3.1065117215262714
14025,pop_1,3.1875149560317224,2.7342719914238014,2.5499683650188634,3.301742416264883
14026,pop_1,3.7316286088481165,3.0996021600534194,2.955098983612357,3.3724745426580665
14027,pop_1,3.6411828146889342,2.3960877188858025,3.0872534553011177,3.260106112504689
14028,pop_1,3.6402087836087067,3.1464012118396836,2.764404355962482,3.377864459353869
14029,pop_1,3.700832732821319,3.257431023527861,2.719136006178707,3.613991532828839
14030,pop_1,3.5987266331065024,3.460559020968285,2.857238877342798,3.2139884645171324
14031,pop_1,4.0509538175154525,3.2859227507644433,3.1466521141253283,2.889948609532376
14032,pop_1,3.986661264832337,3.3926223416576553,3.025872745889775,3.060621343316307
14033,pop_1,3.5099760937587487,2.651539369886291,2.970116063660151,3.4137675724664147
14034,pop_1,3.828315512103583,2.7890509702600026,3.110380429159105,3.604925758446719
14035,pop_1,4.182686325128515,3.109267276066009,2.7968937718009914,2.8764287442512035
14036,pop_1,3.6990627902539006,2.9142577438636676,2.564650380030638,3.5382190752464324
14037,pop_1,3.5969422264572697,3.1959746176729347,2.8046294838523735,4.015410724433324
14038,pop_1,3.3133708728260425,3.193055579761256,2.9139222836339425,3.3914608231722525
14039,pop_1,3.3661798360900237,3.0648919556333682,2.438829635562874,3.459377869803698
14040,pop_1,3.1191000384823075,3.017627026889134,2.459705788861024,3.464954198632134
14041,pop_1,3.695745009834157,2.956301013177643,2.555767667136114,3.512450454792659
14042,pop_1,4.0954662561175175,3.7536871286987257,2.927762038831445,3.6961379708056903
14043,pop_1,3.751232584042887,2.8600629973641896,2.5858989942692907,3.1817553541847388
14044,pop_1,4.112097694668312,3.4708128726127683,2.3667183467351185,3.512548073827991
14045,pop_1,3.534102414695924,2.972053957720468,2.8443422178272773,2.891676774909034
14046,pop_1,3.969050451195399,3.169327536599836,3.306353251560314,3.0624695457110005
14047,pop_1,3.5527295978156963,3.221007208613771,2.4176174260976953,3.526878676938627
14048,pop_1,3.5731617636011035,3.294112782912325,3.157543404082663,2.9541508193892256
14049,pop_1,3.436996058078698,2.905843364616559,3.0834130415520065,3.53292880376115
14050,pop_1,4.156675263317106,3.124195176996109,2.6226317121034186,3.316792438814515
14051,pop_1,3.7793724816318277,3.4823697658173582,2.9525369867909528,3.015214726812733
14052,pop_1,3.603360664272552,3.4060745304094255,2.8767813543195375,3.616823425564442
14053,pop_1,3.775475554635615,2.7235910798517726,2.749382984226737,3.4597435360502478
14054,pop_1,3.8513188154595195,3.438635694624039,2.8752923580744176,3.2412507322024027
14055,pop_1,3.9283180659078423,2.781900334389938,2.6048678412576276,3.7339270075043363
14056,pop_1,3.842883988412536,3.210181401494222,2.7858858732483336,3.3572125751837207
14057,pop_1,3.825688467286119,3.173053002054411,3.325211527795104,3.3141988233285415
14058,pop_1,3.7413485720935133,3.486165777536652,2.708186844015363,3.0567453540373877
14059,pop_1,3.889091547179601,3.1669085912905426,2.714190458233562,3.25738643606568
14060,pop_1,3.288099618297208,3.5989310452820718,3.3206931222396157,2.915150354606422
14061,pop_1,3.733254816770135,3.126390409416335,2.541307156254033,3.6166605167668746
14062,pop_1,3.67317169773986,3.0498915270537306,3.1388766152038268,3.6118879398742476
14063,pop_1,3.5018065039749677,2.976538106027088,2.7256710615765543,3.94078404731854
14064,pop_1,3.959462470588086,3.2683106133738793,2.930767444935647,2.98144451628906
14065,pop_1,4.2138281518283645,3.0420245024699333,2.8953590567967455,3.1745294018003007
14066,pop_1,3.651752061528572,3.2421517099069646,2.6602520732757844,3.958048422647433
14067,pop_1,3.1053711485254594,3.268738859768761,2.8773101048900322,3.6114476909321023
14068,pop_1,4.149539813369695,2.7512677265674794,2.7582634092901723,3.139002453750663
14069,pop_1,3.1899357173084257,2.898598898206788,3.131365724926291,2.9564636640793744
14070,pop_1,3.9257913209142083,3.083108888635336,2.8025320621896226,3.059685286921974
14071,pop_1,4.087782791880625,3.2909895130623226,3.0605859492612004,3.295943802659948
14072,pop_1,3.824393529528173,3.39087810346076,2.794823259085574,3.4388717227531753
14073,pop_1,2.943496323225121,2.8658206297644715,2.6070603895520286,2.787216870757675
14074,pop_1,3.377722892909536,3.313433800421593,2.9755317626217552,2.9794247908485962
14075,pop_1,3.7940513530687108,2.817765410387325,3.0636000795654774,3.3604840031616012
14076,pop_1,3.7988015599450633,3.1828890941916397,2.2693673784626696,3.2023030198827462
14077,pop_1,3.7127754955612584,3.554631779793009,2.5728097863893638,3.1874738298223235
14078,pop_1,3.5126825753867243,3.028993519577538,3.079791757522966,3.0159644229451112
14079,pop_1,3.041104841419871,3.012467487437616,2.7146768155592187,2.949673113432239
14080,pop_1,3.602291661271849,3.4985489091805824,3.0543325826014516,3.4697996491293646
14081,pop_1,3.501127413617144,2.9589882469902355,2.958490370891108,2.9490282703872577
14082,pop_1,3.6878926742416054,3.2733847469705712,3.22240625463861,3.440169062266647
14083,pop_1,3.552175334695719,2.8221353530705255,2.9211763964939075,3.714250435259563
14084,pop_1,3.298344567856421,3.199851481748731,2.5813832738957476,3.3821646480772083
14085,pop_1,3.7630695273449506,2.8367573796857553,2.2973028910481523,3.600932538304892
14086,pop_1,3.4853923143167553,3.201773348639759,3.0694894484061743,3.5981523337772012
14087,pop_1,3.551767782282254,3.5822646216454372,3.1348585142344714,2.9825691541103843
14088,pop_1,4.461266010000654,3.3242646839265912,2.832731829209303,3.4088015564278775
14089,pop_1,3.3082823774172407,2.9884271688652304,3.1366841819637217,3.2020770031397037
14090,pop_1,3.514353028226056,3.1731666926938393,2.601026818208093,3.452573918728129
14091,pop_1,3.564797698111616,3.314712747454287,2.426616344764201,3.0790186962510426
14092,pop_1,3.8812458193178347,3.147824511749094,2.673643135582643,3.3476443111969854
14093,pop_1,4.012096947041881,3.336880816333376,2.8787811687504874,3.1272293407011302
14094,pop_1,4.275559318120784,3.200843061043624,3.0016272349149675,3.81415615331823
14095,pop_1,3.696862516792856,3.3287516123189,2.552427881454074,3.1122256583387733
14096,pop_1,3.6232044659863116,3.3035119511631326,2.855451452779786,3.0926895849390146
14097,pop_1,3.565617814384377,2.663334456245921,2.884896135265144,3.0466644053815295
14098,pop_1,3.85168283412192,3.0414219369052877,3.099285602231866,3.4045168080631
14099,pop_1,3.2288868201864456,2.976178796465417,2.6924929176625034,3.0943461338883824
14100,pop_1,3.4556216524421153,3.342630713332389,2.809599750476596,3.8732118760213248
14101,pop_1,3.2971553773325213,3.3426981260472983,2.9382305697206856,3.411718463386117
14102,pop_1,3.4913010334705037,2.970310490866508,2.617554381972904,3.498274745762551
14103,pop_1,3.3860677561777037,2.8488788194459205,2.7555421546579004,3.4030658434731813
14104,pop_1,3.529685975891809,2.9407644317600834,3.009574886500254,3.1241704748283063
14105,pop_1,3.9045158582176205,3.2279395945800706,2.998350356580933,2.942792062399849
14106,pop_1,4.217386660572622,3.6236258104721655,3.064959362182227,3.30515010296324
14107,pop_1,4.128726522540872,3.4056018683212925,2.876891388579899,3.4040905481374315
14108,pop_1,3.4120824847637046,3.6386008727703123,2.7580645002391897,3.490424310254775
14109,pop_1,3.6088515393047627,2.706853863204804,2.8093159292314827,3.489468974265923
14110,pop_1,3.518458015385635,2.9262372736543987,2.619287021635405,2.9475713759369593
14111,pop_1,3.6041792020993833,3.5501060814322623,2.9427661274049193,3.4704483786058122
14112,pop_1,3.9283370516078704,3.3054930005733265,3.1594808394856075,3.4497955735361017
14113,pop_1,3.8988521897040758,3.2719747902552867,2.943545289588976,2.7450879478229306
14114,pop_1,3.953080168025072,3.4615059393655456,2.873818041857308,3.4376631749075415
14115,pop_1,3.794188630229211,3.166869869866696,3.0166234241826,3.361045701239476
14116,pop_1,3.869781574501212,3.432689124191481,2.910197045696278,3.478681138138339
14117,pop_1,3.841951751016024,2.9773407016559155,3.228874255374784,2.851979871612875
14118,pop_1,3.1794276065877067,2.8926530620547086,3.076886128890871,3.163336824175173
14119,pop_1,3.7794428397305913,2.840176844205923,2.6264679620875326,3.4110003257773163
14120,pop_1,4.265810228359297,3.1957726141730842,2.7860329640910697,3.4735814942785512
14121,pop_1,3.6776784240130813,3.160118024059386,3.1489019308647057,3.3275630759323302
14122,pop_1,4.030278836158953,3.144702862626673,3.3008096659089174,3.100248000455616
14123,pop_1,3.485308735109635,3.32434591760758,2.5777947046601515,3.5283809892495026
14124,pop_1,3.7056832290797272,2.9843332385276233,2.900054510512599,2.6340386837241887
14125,pop_1,3.495573724506708,3.3410941600450497,2.6806221683305798,3.321887215339106
14126,pop_1,3.608577152884594,2.9073361481341577,2.8911808029515504,3.7201698386439412
14127,pop_1,3.7997877421590815,3.122395173270498,2.9178797618218364,3.4750943359019097
14128,pop_1,3.2391944307253993,3.041280185770999,2.710091773876016,3.396324417987746
14129,pop_1,3.920921995215713,3.3507912151953,2.7183126687552814,3.079989385923735
14130,pop_1,3.690761857766029,2.8377792310603907,3.011873644802841,3.6188195754369596
14131,pop_1,3.6302617673877893,2.923952751650091,2.6522258051418275,3.695423765119455
14132,pop_1,4.0883127115474345,2.8135772805672095,3.022221203750776,3.6112237459124983
14133,pop_1,3.5137336284510368,2.933932101239277,3.2585746830239906,3.048328514931705
14134,pop_1,3.918642109643471,3.388067824602242,3.027272908202628,3.754015680705958
14135,pop_1,3.7276081287107687,3.5420524856794895,2.7811913536093353,3.163754038758926
14136,pop_1,3.6159849327893587,3.506185091083294,2.845137282882169,2.485524698424425
14137,pop_1,3.2974030725089545,2.783228721461966,2.8444478386820427,3.538387301951621
14138,pop_1,3.8775378181435576,3.1455446275947936,3.1486712991041474,3.152326247080446
14139,pop_1,3.494208193313396,3.304026807565214,2.7197871529824744,3.289486177460604
14140,pop_1,3.43952816144954,3.500971613685386,2.8905203530706336,3.2127153854070563
14141,pop_1,3.461745283785595,3.1411535400080295,2.848227564727289,3.2716610362849825
14142,pop_1,3.621714352534456,3.094093505147148,2.524880320790798,3.2470863019307843
14143,pop_1,3.294467415800979,2.6102053999033834,2.7650771433425203,3.210986664261316
14144,pop_1,3.6242419294577726,3.2538832631033467,3.214677041642597,3.330106040523628
14145,pop_1,3.9604081026025075,3.2137655768255997,3.516419845693054,3.284061034097803
14146,pop_1,4.047093309628522,3.3032012549928673,3.3647418867150254,3.213849759455196
14147,pop_1,3.605078420414794,2.7009874238305365,2.817814338509242,3.4600485393262255
14148,pop_1,4.055980044892952,3.2337646696800237,3.0312680862795505,3.5037355636939114
14149,pop_1,4.025222158939657,3.282961042449419,2.9471654044097852,2.8556013353047245
14150,pop_1,3.65416094925966,2.6859866537234685,2.8725577098858635,3.358138275930608
14151,pop_1,3.373154181089884,3.050082484323305,3.2998998155883865,3.0460563533006906
14152,pop_1,3.5567025466413513,2.9615206309562923,3.3729876048958443,3.902552912237105
14153,pop_1,3.2813634090790678,2.9208899149863403,3.1721377461271834,3.738817695812215
14154,pop_1,3.746656925423102,3.108629795700869,2.8033584146140007,3.7493269142066663
14155,pop_1,3.8576776493530742,3.328470400386187,2.980565981078808,3.4712641332480296
14156,pop_1,3.8552958793638625,3.242805317073094,2.7028513130737286,3.5775826256290593
14157,pop_1,3.567533827215139,2.9898262112495346,2.7048426328017303,3.1040940354131465
14158,pop_1,3.7444434108106326,2.807070655966307,3.158186072112634,3.443662632217352
14159,pop_1,4.003461653525865,3.3842549950304717,3.352083966274628,2.633016124416905
14160,pop_1,3.3942094032534738,3.0498530843170752,2.3802611267678215,3.159123333375051
14161,pop_1,3.5555786297154186,3.006613782026515,2.831287125477276,3.4285980842227537
14162,pop_1,3.426831679797787,3.2105124106031377,2.73164259204102,3.6255410327264848
14163,pop_1,3.5624918219817547,3.1686343908714196,2.7210868121960723,2.7792456946338393
14164,pop_1,3.790064659785396,3.212701847993473,3.263443541836937,2.429623766361804
14165,pop_1,3.671759069044417,3.2438447594663478,3.260145362915762,3.6194101778764236
14166,pop_1,3.6397347991912343,2.6566742742004754,3.0271980271632715,3.3111167615017325
14167,pop_1,3.91381064894182,2.875642580159728,2.9913634948920027,3.0322990856519425
14168,pop_1,3.84397923669347,2.879301582019673,2.859248737653059,3.3727071329758607
14169,pop_1,3.4384892771333946,3.0254629316145083,2.745020225024323,3.117716272692202
14170,pop_1,3.7507847311746425,2.8767072770357913,3.1999476378940317,3.327255197696536
14171,pop_1,3.5388957226973323,2.993310308260913,2.9360107144794854,3.2212266458982612
14172,pop_1,3.8167211064111894,3.2932536312983385,2.821071665340965,3.2450861816169465
14173,pop_1,3.9343843207918274,3.250746183873002,2.8773665856482276,3.0015181865512712
14174,pop_1,3.7805334488738644,2.964752895218059,3.2262354407889817,3.3542345909435203
14175,pop_1,3.539951785371871,2.9147807550748834,2.947734575464617,3.180843525408849
14176,pop_1,3.841577721554469,3.5013517565736865,2.681144521114483,3.4112129416629373
14177,pop_1,3.8860141045343735,3.4132826801558593,2.5748356612190144,3.352680853891139
14178,pop_1,3.3462236646728063,2.8574905083217335,2.8166460863731557,3.2745120268371286
14179,pop_1,3.157173232110561,2.962805214341567,2.755514419044457,3.2933012341638843
14180,pop_1,3.7928789978797335,3.1241990789365635,2.8695513906980525,3.4934915494557903
14181,pop_1,3.5434240049593413,2.8558931893530097,2.5921859099857363,3.332788078609739
14182,pop_1,3.5953241438939747,3.2550153742138086,2.6167612030203005,3.2316951735707353
14183,pop_1,3.21146911905963,3.6113872963166993,2.800968530952016,3.4894808328460085
14184,pop_1,4.136125451862747,2.7340765359981325,3.308807475212027,3.2175745867413705
14185,pop_1,3.892265618329618,2.7290918498992176,2.8265314647464677,3.1307019782671492
14186,pop_1,3.980521282339295,3.519582037915881,2.9169835460972875,2.9497462385140767
14187,pop_1,3.222501405797471,2.754048189293463,2.433410468162524,2.874859105928325
14188,pop_1,3.4638933267576144,3.029420467258469,3.0479625235010177,3.036075484628249
14189,pop_1,3.144729311461912,3.0554049198813726,2.81891151697638,4.156836152740869
14190,pop_1,3.364844636911841,3.128602371315661,2.9644512601768382,3.9200760114315827
14191,pop_1,3.737766921875251,2.7138317420478475,2.8293685899669496,3.480615422270418
14192,pop_1,3.2009278177884917,3.155300399120451,2.6115669661830347,3.1733385396705143
14193,pop_1,3.8237974290207855,2.8802616689824,2.7223365533759,3.4548630153811977
14194,pop_1,4.194379041677672,3.423291252794111,2.9294003132471897,3.375430055400229
14195,pop_1,4.15705106971917,3.0573972198013597,2.5703640659630005,3.2267263791273213
14196,pop_1,3.591763523737066,3.572039492712883,2.378840054787881,3.4034199345367906
14197,pop_1,3.4058040577624586,2.980233608379466,2.815603780769077,3.3332165174079518
14198,pop_1,4.085690977712904,3.3106891480790113,2.9510503678612086,3.186186698908291
14199,pop_1,3.8410634976600915,2.567353691336238,3.1057926720621154,3.106631658356157
14200,pop_1,3.7593158029381497,3.079103638090729,3.186115314610186,3.2999726920202623
14201,pop_1,3.6856799217062326,3.3676382040273802,2.774637124647329,3.3978100356915215
14202,pop_1,3.628519134864476,3.0055888491699787,3.0334870962582565,3.5093156050549354
14203,pop_1,3.799792800292451,3.2205494034989166,2.798969188891813,3.0638684900335513
14204,pop_1,3.5601995613398674,2.7610584682062065,3.0069354734662928,3.7283038814196976
14205,pop_1,3.760796140767781,3.318745203863117,2.669883783736786,3.2583449674630174
14206,pop_1,4.3122094402857885,3.4406936519665132,2.922954145240693,3.4977600177424706
14207,pop_1,2.959452046707348,3.325079482599012,2.9130958262105144,3.2599800625916067
14208,pop_1,3.9463256167535152,3.3559375651574395,2.931475843173102,2.920119958975706
14209,pop_1,3.9773849852436363,2.8728356457187685,2.901829438097852,3.461893756881369
14210,pop_1,3.9257202770143276,3.064878238982678,3.308058335425676,3.1484958835238652
14211,pop_1,3.8468153601521444,3.2794464258899376,3.0192031632673917,3.341808348329188
14212,pop_1,3.889666013312567,3.471818090555591,2.737200753014008,3.1949157213942705
14213,pop_1,3.9083954280540962,3.4247943092186257,2.8793008829979123,3.2433188555115855
14214,pop_1,3.9851875005404906,2.814451417721277,2.9639081147582,3.601788514158994
14215,pop_1,3.8962612670832804,3.659800091384924,3.051022160166928,3.437290862273535
14216,pop_1,4.250378411209578,3.3867672086438905,2.3652782968762716,3.411013500254693
14217,pop_1,3.5808168976517822,3.172459855699451,2.733595621383505,3.2979475355979546
14218,pop_1,3.241090450808233,3.3132666012491074,2.720932812812063,3.0666247399674758
14219,pop_1,3.3198618291048034,3.3199700797209557,2.4673637030752182,3.0895951754328586
14220,pop_1,3.6691467905468094,3.0966260138937405,3.100805979007689,3.1917438320743687
14221,pop_1,3.201956571282356,2.2709628221913585,2.7075244421597273,3.340327122290343
14222,pop_1,3.4788251529315612,2.9133960333123237,2.57862387143245,3.1382942708987063
14223,pop_1,3.716087083134347,2.8140935216226914,2.8780759660007798,2.928690501154569
14224,pop_1,3.8839139467517936,3.260087683387783,2.9824299032326875,3.121220431128665
14225,pop_1,3.8204081730383233,2.9983027631114214,2.860783865119554,3.1598315155194525
14226,pop_1,3.767652342942248,3.092653522347594,3.3080016873888307,2.9673048529586508
14227,pop_1,3.409315112910159,3.3266800527309766,2.914264978312789,3.764965436244791
14228,pop_1,3.673848463848286,2.91795939476827,3.1349188492996487,3.781198136778566
14229,pop_1,3.6918854108119965,2.978242594402561,3.05312613382947,3.0064733638586523
14230,pop_1,3.8357751422395077,3.387092770522944,3.3683764631969773,3.17438851133461
14231,pop_1,3.909534968764983,3.8902649530736584,2.999183437335255,3.238107517661219
14232,pop_1,4.117495765874936,3.0502412180426046,2.6926841499294567,2.7628893059499853
14233,pop_1,3.5858238552839885,3.416063468733567,2.8355719473425043,3.179324226660817
14234,pop_1,4.031650272219128,3.408710287403651,3.1433358822809474,3.1018527451268034
14235,pop_1,3.795963974573948,2.810031175440413,3.2662132223780715,3.297374290974788
14236,pop_1,3.5649166426754055,3.0920188162946456,2.5242796525090743,3.0036835927364223
14237,pop_1,3.7259793659562614,3.0157936489835135,2.5865317528108145,3.5168846435334613
14238,pop_1,4.1486355864751925,3.7093839839577782,3.0986775992759936,4.033175301183198
14239,pop_1,3.4383879698411044,3.2961918994385253,2.890388712541078,3.4358054632419455
14240,pop_1,4.003080986939637,3.2007308533800165,3.2582740847855263,3.070904291224683
14241,pop_1,3.4336561719690395,3.055277724040532,3.0491580876311284,3.3506437691402655
14242,pop_1,3.311259192811798,2.4815181998179145,2.861203778742484,2.877536334252203
14243,pop_1,3.4722162861860855,3.2692693442050267,2.692307458651528,2.8145980154427557
14244,pop_1,3.1331601638704214,2.5918362131497354,3.0655707211618215,3.443139793615598
14245,pop_1,3.718883645530559,3.2567052631407822,2.8581910736960836,3.6927095986763896
14246,pop_1,4.1495355757793355,3.306485333158679,3.133787649000471,3.546684716982098
14247,pop_1,3.809375833618234,3.1875948157879774,2.7675937319600163,3.4336873549731344
14248,pop_1,3.470498378384973,3.245872061473739,2.5927226007499984,3.1307326615439774
14249,pop_1,3.7451601200124682,3.1683247263159005,2.7719215810396354,3.351905560855901
14250,pop_1,3.709715091356862,3.3733277206371834,3.3210255894988823,3.396110980054264
14251,pop_1,3.5950952049924076,3.2756963898647045,2.8694851702735553,3.6321104996105023
14252,pop_1,3.6866150127156923,3.2238578607836663,2.9338342611849453,3.1008770612639975
14253,pop_1,3.1613986708729804,2.641319822770629,3.2323807849548554,3.172699825672581
14254,pop_1,3.7261422904913317,3.0454273349448053,2.7789617215688924,3.2808738563798294
14255,pop_1,3.9626632191687277,3.296020311143017,2.8618926450803706,3.289810244636717
14256,pop_1,3.5546252095635413,2.945602157845699,2.7488772111444693,3.1059247154706804
14257,pop_1,3.387999743665561,3.1277880775289293,3.037896044665372,3.2578751307647154
14258,pop_1,3.650067739874289,3.2349339953006897,3.3551043608733493,3.420440348532497
14259,pop_1,3.471800334007062,3.1468785762188243,2.829614695061901,3.618541078340109
14260,pop_1,3.3306845642714245,2.367991521575484,2.961447356723788,3.3771521414653023
14261,pop_1,3.977365793090046,3.4744601428195536,3.241613680250524,3.2076784146448905
14262,pop_1,3.4423154798554023,3.1250291756413993,2.5990232213144204,3.39591337314646
14263,pop_1,3.8047799612643294,3.228883282905926,3.3485457149654865,2.66317852158336
14264,pop_1,3.6760506871980505,2.9144301705940876,2.820365263906857,3.298210891863441
14265,pop_1,3.768620766396019,2.940930404010527,2.590171503656527,3.387956515773583
14266,pop_1,3.9262877991891023,3.347142777819009,3.2314217361643256,3.1022312773922414
14267,pop_1,3.555125830105284,3.1133627066474814,2.843110768842214,3.5895748526937217
14268,pop_1,4.043747121366475,3.1044342971980003,2.7897793477296866,3.4726332630232832
14269,pop_1,3.799635599183541,2.9507202069514227,2.801676033755457,3.2681166732558977
14270,pop_1,3.869408850981817,3.0077571820873166,3.085510039785205,3.183434896797438
14271,pop_1,3.7102981111833984,3.2068395599539063,3.4177949121544455,3.026805121427994
14272,pop_1,3.6911177391914363,3.0590441643774406,2.6356379681237243,3.6094709942429013
14273,pop_1,3.4365784999965108,3.2619261117892937,2.6074507463038703,3.3313592416347366
14274,pop_1,3.723743391863124,2.9929038804952444,3.141516108825378,3.315210717116268
14275,pop_1,3.3103303570817695,3.4439656942835324,2.909539365301124,3.2135859220428302
14276,pop_1,3.827885333942632,2.8365310703087205,2.633289982945836,3.175518000404395
14277,pop_1,3.5405122531933806,2.8779668693075746,3.0077668028035873,2.9821310329703676
14278,pop_1,3.7315966425684235,2.6747817290161247,2.758959551702454,3.1151419293666516
14279,pop_1,4.438648517266111,3.0888898225966614,3.10525254585207,2.885249241640914
14280,pop_1,3.9842959489991037,3.0096305081367802,3.1348036930951757,3.4788194259391254
14281,pop_1,3.8877597902141376,3.4615395346432045,2.9301643948027145,3.2072303653221255
14282,pop_1,3.5993679591866665,3.0912855616620014,2.698838212421517,3.5070692519522746
14283,pop_1,3.859702880439787,3.4445675222741103,3.1728685967176165,3.521319204074018
14284,pop_1,3.548208776242785,2.827863706120456,2.691857142995087,3.538339362666723
14285,pop_1,3.3429780524684793,3.1695916232084738,2.9490899967985165,3.8461341563977207
14286,pop_1,3.6717808952364046,3.2864603916714934,2.7621329887787494,3.7712995814730226
14287,pop_1,3.7299176571081394,2.7111616004322237,2.9142868951480856,3.490567867471085
14288,pop_1,3.350594611302029,3.1164664572546235,2.5781387357933894,3.3588690283392766
14289,pop_1,3.8976228150286305,3.3641974440828446,3.1388931557978883,3.710026165456741
14290,pop_1,3.414524743088953,3.2246072284381184,2.6319148255638583,3.818973295852026
14291,pop_1,3.268426779109394,3.049996899557121,3.168219496694447,3.2374433244740866
14292,pop_1,3.706696442173622,3.125523861742247,3.018052151447814,3.7519711105136935
14293,pop_1,3.908286650320947,3.088567298797137,3.1363806094444597,3.0424074713224893
14294,pop_1,3.5882559324372876,3.3318666402082457,2.788382213730554,2.983665764849767
14295,pop_1,3.523320224464352,2.9807328274040064,2.8311153225018284,3.31592415947158
14296,pop_1,3.5400634856829,2.8894059573396653,3.370729399264526,3.4256321791995537
14297,pop_1,3.282334131647893,3.1860588528494675,2.995881698398285,2.8891590685633095
14298,pop_1,3.576239774856456,3.435024084472015,2.9823371067801454,3.138686921801944
14299,pop_1,4.16921110074809,3.402563001899109,3.0819434762781857,3.1688447550746432
14300,pop_1,3.905277663550051,3.041332324578163,3.220416212298669,3.422735006442036
14301,pop_1,4.101157377988555,3.654120541232081,2.9969697830360547,2.9856203387758753
14302,pop_1,3.488132761644623,2.9867584446365214,2.8730922035312934,3.64947472899972
14303,pop_1,4.011014446197441,2.988905790101563,2.6768558571706484,3.3724320952250095
14304,pop_1,3.1842085192064156,3.400065550703137,3.011062191076726,3.633996648463207
14305,pop_1,3.282681997397652,3.2104408137022897,2.880943829729915,3.235897383037055
14306,pop_1,4.101868845182989,3.098425079433957,2.9102573018104385,2.988307856442733
14307,pop_1,3.705131900631151,3.643521311904843,2.577146319309825,3.1053822903707915
14308,pop_1,3.37040643631287,3.3388400234446496,3.1521734033510307,3.099741699963884
14309,pop_1,3.5944428632129326,3.2261895137718586,3.0747365650011167,3.3006819778111227
14310,pop_1,4.055970923098336,3.153613678057126,2.8317782963874687,3.443432888504806
14311,pop_1,3.74144998676678,2.5701132776928506,2.919463409548304,2.816803320129964
14312,pop_1,3.802246436312055,3.072125533500558,2.758044665784939,3.8699695158013334
14313,pop_1,3.3620926516161105,3.258623996169772,2.609470921690391,2.944688186503243
14314,pop_1,3.607232575115566,3.5417640296454977,2.974290325466847,3.5045473476585545
14315,pop_1,4.1059123472004915,3.5212128474840676,3.0502958315003648,3.3692236218518117
14316,pop_1,3.989174131523474,2.810311140574147,3.136267010222351,3.2951885220364274
14317,pop_1,3.9160306579826156,3.4171162921495055,3.1061754294098907,2.9729244413201283
14318,pop_1,3.4707641477557107,3.1855368276665446,2.831873611363178,3.299473755503863
14319,pop_1,3.4408667028539357,3.0839720215115722,3.046441653547177,3.5336057624716815
14320,pop_1,3.0342692415400574,3.225865922615249,3.217170441554207,3.2504133041911625
14321,pop_1,3.645447234238352,3.589376657789897,2.561882778714077,3.4144558486812424
14322,pop_1,3.290929153058905,3.0387519369846645,2.348039781996637,3.7929284034529855
14323,pop_1,3.886644384116214,3.3310093085625447,2.7682524061467735,3.7321066364779187
14324,pop_1,3.8558464365475444,2.9121573266280314,2.7885036191817933,3.4218524108352457
14325,pop_1,4.017855127971708,3.140996039124028,2.8565271477216743,3.4171179732295354
14326,pop_1,3.6433236696408637,2.8647355408553934,2.6794601820026056,3.375535657620144
14327,pop_1,3.597754494907994,3.14405344405621,2.6906560498210093,3.5704634557949704
14328,pop_1,3.75083896022129,3.5956622247105607,2.8704057857483942,3.1526107352757067
14329,pop_1,3.944560971469546,3.0977992118975983,2.9784804912943166,3.29382486239854
14330,pop_1,3.9130817989075846,3.023909649502608,2.6115616380817848,3.286616854074106
14331,pop_1,3.4415513942979006,2.6269807812996664,2.777898376499758,3.6062683363873704
14332,pop_1,3.5712566067522293,3.010689255776777,2.7180592604485523,3.706976834049534
14333,pop_1,3.8299144973852206,3.0525580087074404,2.886393167647125,3.131146648261662
14334,pop_1,4.1208899315417495,3.2102498277329,2.461974938043027,3.806765486268082
14335,pop_1,3.863253619692659,2.969942302669394,2.623205270105667,3.2341051088101516
14336,pop_1,3.4666870410757693,3.4581794443876093,2.9278836646679443,3.294828812895462
14337,pop_1,3.7825167507579596,3.4628620349486656,2.8229310430105397,3.258345897646216
14338,pop_1,3.636479487889083,3.4343389875826857,2.988421198804579,3.4030897798934623
14339,pop_1,3.6468865419031515,3.0019402882651387,2.746551725430412,2.823218433511461
14340,pop_1,3.7227287711649177,2.915750240549959,3.048914414765039,3.4458724652231147
14341,pop_1,3.235491334335041,3.016530283979201,2.4894599360843226,3.497718681210452
14342,pop_1,3.435082379960321,2.9266019685460885,2.797454502102216,3.6259978288270385
14343,pop_1,3.7086735172125453,3.608169262706083,2.9293007308315095,3.1272145521846224
14344,pop_1,3.664370113431825,3.4194351700412677,2.8777187650148646,3.5984421744887634
14345,pop_1,3.258136458500598,2.8561007914196357,2.666753596109114,3.270909540234689
14346,pop_1,3.780179794187678,3.5060147163175004,2.7358555038539216,3.5419527548832566
14347,pop_1,3.393266241751355,3.1922489162916983,2.8547312509386904,3.7364799224241505
14348,pop_1,3.3436606027387157,3.2377819026640875,2.913949255082922,3.5634405338836572
14349,pop_1,3.761353092200946,2.782832793976502,2.530866537265108,3.7405861085865957
14350,pop_1,4.029504478325978,3.4720695329294426,3.1846850968609233,3.375623152695879
14351,pop_1,3.5845150149703873,3.3183909602258015,2.425434454924648,3.828412076091412
14352,pop_1,3.9697848326298417,3.4074877356156312,2.7075544363104664,3.185485247896344
14353,pop_1,3.3900326754660117,2.4048363722052306,2.7662182365041827,3.6968692625850057
14354,pop_1,3.946958693625158,2.9435281091796366,2.663827754534465,3.7315634152537274
14355,pop_1,3.4895807546067426,3.4852624166637933,2.883352163692165,3.0844879677292236
14356,pop_1,3.4124624877635608,2.840420601557319,2.893530637842144,3.0463365267800535
14357,pop_1,3.3774972228383104,2.666649749470699,3.0084082503804264,2.5930759453675485
14358,pop_1,4.24724486127301,2.9950831714859136,2.9188218127025842,3.066695534719806
14359,pop_1,3.8881313776929933,3.1150043351470735,2.99750931987188,3.679463215915993
14360,pop_1,3.7970727771194386,3.0495124196592664,3.001804645788649,2.8398004450083763
14361,pop_1,3.7280799530992446,3.4521216603661626,3.067790422884654,3.298998682480286
14362,pop_1,3.8925263567148654,3.113436327121259,2.668288984359672,3.292574218595093
14363,pop_1,3.545741389678531,2.8276146510399442,2.7646936563389306,3.5430264198096895
14364,pop_1,4.221792953439232,3.557126497419517,2.9905700720727526,3.246393322196263
14365,pop_1,3.7790467912016625,3.4929207537491958,2.887844402419742,2.9477332380773666
14366,pop_1,3.1525676420475466,2.849121926342697,2.3735522818698196,3.4342279230361217
14367,pop_1,3.382312093842468,3.0050324677386233,3.140039023681647,3.378413031707351
14368,pop_1,4.099412794066444,2.976751769839622,3.1043818013936986,3.3338182180452574
14369,pop_1,3.6150447114343893,3.0116666986987863,2.714801841835384,3.8375942426594527
14370,pop_1,3.8397892446809405,3.054491308899893,3.2894125118579502,3.160396257092344
14371,pop_1,3.8808196438460514,2.6595130237583993,2.8378165188185713,3.2416108336382727
14372,pop_1,3.782084017092567,3.4383006716813798,2.5236817420746522,3.616302110571816
14373,pop_1,3.820180791616368,3.4528607928296005,3.0444753241452442,3.284641848917938
14374,pop_1,4.02836882126771,3.0504313739777595,3.1040679639749933,3.354825819714593
14375,pop_1,3.9377834535965337,2.99038099816487,2.901443695956496,3.101201024370169
14376,pop_1,3.436708124139556,3.2673915207832627,3.0495315986683864,3.4006657153164976
14377,pop_1,3.538753721914069,3.095820233971259,3.0062655988729228,3.6613650868217107
14378,pop_1,3.2523104341037,3.641025474174751,2.955979507011456,2.6395703658151937
14379,pop_1,3.821548332732098,2.9955708814289506,2.972201602390134,3.48416783879034
14380,pop_1,3.8381856457519685,2.4618330418804777,2.7174943415414896,3.69373530804136
14381,pop_1,3.4373297540438905,2.809625870919752,2.9099201155221337,3.5262766180275427
14382,pop_1,3.2777225287244707,3.4731256058241744,2.600258382036604,3.879568746831868
14383,pop_1,3.6700350668464425,3.453608080204535,2.6772488203613056,3.1211757668374056
14384,pop_1,3.7642486422218737,3.068843154469466,3.3150573979484275,3.351116308389111
14385,pop_1,3.5794702211680507,3.4516370726204597,3.253297719454822,3.1842689342798263
14386,pop_1,3.398493536887253,2.9708292818514273,3.0999858870554315,3.0878634676686456
14387,pop_1,3.7859517579820268,3.346931629382637,3.2257187495239625,3.454571804754807
14388,pop_1,3.3598238795651527,3.2456520655663668,3.042676290757214,3.36813200550694
14389,pop_1,3.7764500055681,3.209951676560488,3.181473614997401,3.2311282951539506
14390,pop_1,4.064802818034449,2.923387431225688,2.9904751755310492,3.4373493458946407
14391,pop_1,3.8326788297411385,3.6415891132208515,2.8474551334561937,3.2587397110758163
14392,pop_1,3.340903706331093,2.64721827392189,2.924559808823615,3.2221246186400254
14393,pop_1,3.6389422913199403,3.2318994257755667,2.5915702594572614,3.5917019453434875
14394,pop_1,4.177843560174557,3.281133020088798,2.9555399483433558,3.4027955492318394
14395,pop_1,3.762618291082878,2.9877727653179016,2.727584369481841,4.233400335900308
14396,pop_1,3.664240000127986,3.085456847444834,2.9422693106247917,3.5027446776052042
14397,pop_1,3.988509531881298,3.4846880004818637,3.274747991867014,3.3122426411382784
14398,pop_1,3.906988130015265,2.85903959815091,3.0985647908418983,3.4971870425093603
14399,pop_1,3.1840527277926154,2.8689963411779584,3.0345980156118,3.4725314636158924
14400,pop_1,3.502910207052777,3.35966605021178,2.856270566232878,3.2703106736001395
14401,pop_1,3.328407728465696,3.1667125766163644,2.8556680923018436,3.277385516237557
14402,pop_1,3.8909773872152775,3.423566608322687,2.874610472346153,3.669387459372952
14403,pop_1,3.825915020135095,2.9035833031561875,2.440595794738619,3.8336130957613035
14404,pop_1,3.160496314842294,2.456111657577044,2.832476823200908,3.3867491072564473
14405,pop_1,4.345558440603417,3.07727315944916,2.7771128680214447,3.62784982419704
14406,pop_1,3.7010560962731165,3.185456091755602,3.0767789023018755,3.222917319496945
14407,pop_1,3.516736384405362,3.2028347197495504,2.9593362434866637,3.201329169290792
14408,pop_1,3.062331439383442,2.8359993098147687,2.3569211460300674,3.8264252856325163
14409,pop_1,3.6143254233701225,3.1417392399432464,2.8731374367435745,3.6493144675864473
14410,pop_1,3.8401252767710368,2.939770030898028,3.0318981745459794,2.6322578803497
14411,pop_1,4.096513379725119,3.012553765358565,2.4748680828487752,3.7736759952671046
14412,pop_1,3.1549170903030532,2.876474329579185,2.7456773368949077,3.411159787710164
14413,pop_1,3.7916703553296154,3.140636329989789,2.5759725271963694,3.153077958366414
14414,pop_1,4.037112329742363,3.1791652191273534,3.0429575203081916,3.1138757956370817
14415,pop_1,4.529525826097011,3.590706810820072,3.153172764201126,3.07410230103189
14416,pop_1,3.4181478066206585,2.694472742348681,2.8679855490142563,3.3370018718513146
14417,pop_1,3.6303405923170167,3.2970655321293285,2.9897050183028266,3.2981200605049197
14418,pop_1,3.5206070907691425,2.5340261335791125,2.8448805023354398,2.931398402258447
14419,pop_1,3.271191908700534,3.1719058950838708,2.872018356447876,3.7469691622905494
14420,pop_1,3.7398038158427926,3.220625468423075,3.1574609648928322,3.131062447481928
14421,pop_1,3.8670254536402995,3.0901048955250388,2.5178847778798716,3.454522568520455
14422,pop_1,3.631033806656473,2.999799531284607,3.032725717395922,2.837721477433079
14423,pop_1,3.5802931186049705,3.1010614155715834,2.4711638494616657,3.472056142444594
14424,pop_1,3.7796980827609574,3.3492233920813286,2.6879321184006324,3.174914240753039
14425,pop_1,3.7683996269816022,3.017879345274047,2.889695333194206,3.1664115449383443
14426,pop_1,3.9587469429710507,3.10555683354143,2.6695555206021466,3.209634505835228
14427,pop_1,3.7693517901011893,2.6229088272224015,2.562630302624927,3.1812233747295706
14428,pop_1,3.530774102425681,3.075399714395999,3.0132025466396595,3.5008372144325577
14429,pop_1,3.6015671951308854,3.6310463585768624,3.0850196616561956,3.448894568405967
14430,pop_1,3.5671598821317745,3.7190996029976056,3.3240088668258068,2.6894023301097443
14431,pop_1,3.7750431749214597,3.2183678630716277,2.7882214844505744,3.0991184283789615
14432,pop_1,3.9320750119963366,3.2031190840885952,2.7971779299430652,3.1744329107945695
14433,pop_1,3.9815930244460622,3.098516966684745,3.332714986422047,3.2259863306645205
14434,pop_1,3.0586324114276815,3.0302199889356913,3.134223456950968,3.1609143883300908
14435,pop_1,4.019084121251924,3.096230958885395,2.7739037599676646,3.3272510348892164
14436,pop_1,3.6323087787548047,3.346817458856871,2.7983547864880185,3.478798966543561
14437,pop_1,3.763564932567981,2.8127609733732664,2.7726115961407727,3.394254841117504
14438,pop_1,3.5753991890227486,2.9266171502082425,2.803347189808073,3.3757248359043723
14439,pop_1,3.487840949090572,3.422770703817303,3.2148558619084175,2.9224838443354972
14440,pop_1,3.984393799180711,3.1280503608855725,3.0976774013954333,3.461337755626508
14441,pop_1,4.16018519152779,3.5204382543537784,3.033024856491122,3.2321792265076117
14442,pop_1,3.2542858152266234,3.6305487160136867,2.8673484506288505,3.12395829571432
14443,pop_1,3.523398891074493,3.1473096565831766,3.0338614632107745,3.15116927683788
14444,pop_1,3.9265724840170626,3.7561656567551784,2.962847147638781,3.291659664546969
14445,pop_1,3.828172160025457,3.1067404655447066,3.11454190407957,3.2812241901248935
14446,pop_1,3.711848783516055,3.377926602081888,3.254578646424646,2.8670227445269467
14447,pop_1,3.569433253230058,3.113864197424008,2.7274347744042795,2.9954337972980567
14448,pop_1,3.743837172242939,3.111798106119904,2.9990138676192437,3.3495772006896645
14449,pop_1,4.108858919188237,3.1769791459915613,3.3619050911424133,3.7804546401899377
14450,pop_1,3.511470368517162,3.0615110595430775,2.985571141832342,3.6689985735713786
14451,pop_1,3.4101869249276655,2.6061754010042644,3.046354919813877,3.7017103200990777
14452,pop_1,3.3927582500759557,3.34445955349623,2.7314452271281873,3.399440604239772
14453,pop_1,4.076260498522509,3.651394577541611,2.940556508251671,3.2772815520844407
14454,pop_1,3.891753679974234,3.4042048279905033,2.696560068881093,3.168646832497211
14455,pop_1,3.9061856158846626,2.921585027534521,3.237501793131666,3.3418289961123904
14456,pop_1,3.9013978764409765,3.130233155231005,2.6781275441863794,3.670026821968156
14457,pop_1,3.6682900452844653,3.613242472066757,3.0293216306373423,3.5870584869593336
14458,pop_1,3.7342864689786164,3.206250258753208,3.0302722401256252,3.5778347711129443
14459,pop_1,3.8705210674630925,2.9009968622036872,2.800062266209971,2.9271128330669116
14460,pop_1,3.0266501530142693,2.814926649966255,2.882458220181019,2.890652906164587
14461,pop_1,3.802342457657093,2.8082223639095005,2.9987758546693173,3.615438466328161
14462,pop_1,3.694893612651469,3.391312695522608,3.197264496572217,3.1909995819662327
14463,pop_1,4.00410425717972,3.4960598676393886,3.229438337981861,3.2920799921339925
14464,pop_1,3.739984066577068,3.1441015903107017,3.0748947743964155,2.841846622929215
14465,pop_1,4.083044420266897,3.45036158917673,3.120485340630703,3.245024636172042
14466,pop_1,3.810246844101242,3.3671093343164507,3.069530110490209,3.549517246552312
14467,pop_1,3.9721925642495903,2.840987677441221,3.047695026940584,3.3057632612729937
14468,pop_1,3.9834080224034754,3.348146095891048,2.8934363006158366,3.336681593286528
14469,pop_1,3.7366938711279345,3.058579877621311,3.1403250987771365,3.3514354546760035
14470,pop_1,4.110264951026701,3.1688473430565396,3.0606685386312584,3.0590470777892964
14471,pop_1,3.6837608058655067,3.4703755090021713,2.924843985841299,3.3075700536419546
14472,pop_1,3.4232395540250677,3.3188395484606548,2.805568205397559,3.2956988486382315
14473,pop_1,3.439510485240728,3.09681370382469,2.744977775938699,3.4281635446553578
14474,pop_1,3.4235491033648993,3.58038641489373,2.8773957352259054,3.230901260565458
14475,pop_1,3.719123267047414,2.8596025144589796,2.8934799855998166,3.1680366764262247
14476,pop_1,3.3479754914845485,3.0533612051456216,2.7798041628205468,3.6518612620218613
14477,pop_1,3.600293185740083,3.227057789542218,3.0823592663049784,3.329849145804934
14478,pop_1,3.798442119514227,3.076816255644066,2.926181638756464,3.2549761601843565
14479,pop_1,3.1781758299318836,3.021572476442394,2.8993671434572192,3.4599025263612617
14480,pop_1,3.772696730594458,3.123087679270769,2.6005255303800996,3.3997225228590837
14481,pop_1,4.18239370997612,3.127228431101826,3.347937831794516,2.4420269678452526
14482,pop_1,3.606109782551049,3.2438193260698567,2.5735233583575785,2.7350053793848126
14483,pop_1,3.7422670953785326,3.3311168581782353,3.26638397193116,2.934841795313525
14484,pop_1,3.4067096387597084,2.4689479749701233,2.4654113415820706,3.6224449264167653
14485,pop_1,3.4772646760518087,2.9938674041093964,3.221490929793858,3.13224572366109
14486,pop_1,4.044687804716707,3.3741894567148583,2.801487031349463,3.3687967763651607
14487,pop_1,3.697364861162871,3.494036269525627,3.487826377645969,3.4032143936015617
14488,pop_1,3.2488806345749826,3.3316735279352714,2.75105600032994,3.175182078856202
14489,pop_1,3.7119596129139025,3.1921290438457817,2.937773175197776,3.3465745009419137
14490,pop_1,3.6590782102157013,3.290340296300934,3.1664220559841483,3.1632354571056758
14491,pop_1,4.08950351648366,3.2309452801558334,2.622004128125095,3.0350546912849805
14492,pop_1,3.340524031110144,3.431259197504233,2.9359748253839246,3.5030027846180807
14493,pop_1,3.7494357192785115,2.698899543062439,3.1311781726530303,3.23666152988613
14494,pop_1,3.7818728337362177,3.330750330176296,3.0232312485989894,3.155296951180532
14495,pop_1,4.033082639439836,3.0540418004827905,3.008482420093131,3.4818844158507245
14496,pop_1,3.7454827134484514,3.1794321855717036,2.922695662668625,3.4681572890676198
14497,pop_1,3.5133703161416254,3.4057748370556844,2.921384883780885,3.548171560028699
14498,pop_1,3.5621792575353806,2.7840707515132275,3.198514051462758,2.9681827165386903
14499,pop_1,3.700954520244625,2.8998656837968926,3.097005223210569,2.920718082434007
14500,pop_1,3.580024265076461,2.8948884870413254,3.0316155828920923,3.042280555529943
14501,pop_1,3.581833692368779,3.1745409176942156,2.7773411474903185,3.1312013183499814
14502,pop_1,3.93818325313117,3.41684411373576,2.8509731064970016,3.443442583256876
14503,pop_1,3.355545377245465,3.1605026832000966,3.108240302863338,2.875180993837163
14504,pop_1,3.442091259678243,2.7624494848490566,2.7828148251576117,3.096859361166075
14505,pop_1,3.97288792157728,3.9431179544596136,3.1508968140221487,3.651538438261182
14506,pop_1,3.5734907320947342,2.508505338853489,3.2396709264085373,2.755348637581483
14507,pop_1,3.7253852385210284,3.344093697027511,2.891956252282799,3.4282175754426256
14508,pop_1,3.542989270779215,3.1707509660053415,2.930988886256157,3.2424571881098205
14509,pop_1,3.950977220064114,3.1969487590096013,3.494945349675256,2.5317298052579704
14510,pop_1,3.4978403994280116,2.2426611670022902,3.0037280657954426,3.121405584689567
14511,pop_1,3.6415529920081373,3.219068770698108,3.0070205541611115,3.1289320952240134
14512,pop_1,3.849846397162296,3.3039304654446258,2.8856703151199037,3.2349247703201707
14513,pop_1,3.744666726293686,3.2178369577550066,2.6180654641335,3.262634298874646
14514,pop_1,3.7316864104681158,3.181673803921307,3.1896892677303925,3.1068765178332285
14515,pop_1,3.4997003246314784,3.207585461891354,2.909289034577874,2.97424279333524
14516,pop_1,3.8527365545296584,3.18237620114114,3.021744535884694,3.032989980498318
14517,pop_1,4.054123101421262,3.9147189126549513,2.97726145131967,3.267285774185184
14518,pop_1,3.5419722743714597,2.8689294018956946,3.186017800663405,3.270446100935887
14519,pop_1,3.7110984367948756,2.896443688305285,3.0500176066134665,3.0207992500002954
14520,pop_1,3.27573945460666,3.05403652750121,3.0141361739962513,3.559034039203059
14521,pop_1,3.24914069477321,2.83665453869707,2.7408523167398173,3.4735960471717533
14522,pop_1,4.118188368894412,2.976590350962149,3.063397532915997,2.8929661733261254
14523,pop_1,3.7041442056788787,2.8021914846054905,2.9548107890640454,3.0242039178320903
14524,pop_1,3.4468528382918535,3.0750721966351215,3.147496686906861,3.094924031806811
14525,pop_1,3.9390942743524135,3.3332202308537986,2.649964943015468,3.7824777105258787
14526,pop_1,3.692242127692973,3.205838479010531,2.4411063118948393,3.7230188147673444
14527,pop_1,3.916627585043236,3.198641537759282,2.6882303571420705,3.4111444208185793
14528,pop_1,3.966922973346616,3.4540971187340417,2.866722481563238,3.181446863228115
14529,pop_1,3.487321954444358,2.9150245907477275,2.912903249152752,2.9933688172719695
14530,pop_1,3.0983034832362657,3.1893688142163588,2.706948408463193,3.4431315214195775
14531,pop_1,3.6242357055992227,3.427286213056132,3.1114239121555833,3.608253938876579
14532,pop_1,4.1105728630221625,3.404338231399051,3.158439240117252,3.572530309666781
14533,pop_1,3.5250053165819093,2.903922460107966,2.399724884733167,3.245513457462278
14534,pop_1,4.032500657668488,3.0482815944338255,2.8459475452518994,3.7493024052346815
14535,pop_1,3.697983133202844,2.9239391702167596,2.728235077058302,3.3815369925299614
14536,pop_1,3.658194858801692,2.888509877427688,2.6911105312521326,3.5308572397484634
14537,pop_1,3.679522343351473,2.5425601277671395,3.059002935263264,3.6986197323953474
14538,pop_1,4.318142348655235,3.518827611635639,2.8802873694817595,3.183643494434909
14539,pop_1,3.4304504077628613,3.0099992475767112,2.974428252381702,3.41656994552884
14540,pop_1,3.765110753618724,3.2628323000989234,2.7795248142191435,3.212707947845611
14541,pop_1,3.7443889525707625,3.2158844031154565,2.8503532944715784,3.2979128191994427
14542,pop_1,3.699502977809177,3.010436464273673,2.688844495777107,3.361522465207333
14543,pop_1,3.649344968711836,3.6014666984233745,3.758730061826853,3.225431989834489
14544,pop_1,4.4556585597181595,3.3583389266854837,2.5547090006763007,3.947820685435722
14545,pop_1,3.160200213785266,3.112719311987844,2.6897306213147485,3.6347695704580425
14546,pop_1,3.598442721885868,2.686142827268609,2.934205901748743,2.8677699528555842
14547,pop_1,3.4360114721563364,2.3813085014850284,3.274773343999671,3.3803636776949264
14548,pop_1,3.7069861750514703,3.2339404744303732,2.705379427211599,3.4342966367452057
14549,pop_1,3.3619443594548226,3.152784098935178,3.030999302617891,3.302620338670676
14550,pop_1,3.54390060056334,3.2200309484303076,2.577867416111872,3.2715987688849397
14551,pop_1,3.8372917405982987,3.2823275056815295,2.8835212712773273,3.3704968250738543
14552,pop_1,3.4597725696511024,2.9965385762646983,2.7546484060126004,3.370033174455025
14553,pop_1,3.75382500873741,3.221517055436354,3.0051357133889836,3.5003907549784343
14554,pop_1,3.8314146871793544,3.241165799102204,2.788523235836568,3.084714647743289
14555,pop_1,3.642367241419087,3.216715825940529,3.0312821462100352,3.2834287298131883
14556,pop_1,3.8064291324753627,2.9647840397144396,3.001547653614169,3.5203655661548154
14557,pop_1,3.980950421443687,3.3983438184676316,3.1569929663358622,3.500839561409032
14558,pop_1,3.619606490146972,3.527330145553708,2.9560710895432942,3.410503905689419
14559,pop_1,3.3845515530769714,3.2082690587738174,3.0207726410076354,3.4637374865385997
14560,pop_1,3.12800670115135,3.3200389516715565,2.6972825058032592,3.7222163311196392
14561,pop_1,3.3508145003268472,2.9354221273508583,2.4465883100831203,3.167241144912285
14562,pop_1,4.013098276496704,3.4581708415882804,2.9782935670857045,3.7670596669864413
14563,pop_1,3.625289351443347,3.222486960176365,2.9759031059261063,3.13095109678897
14564,pop_1,3.7318429147804886,3.149461148318101,3.378084244028873,3.5163767117442726
14565,pop_1,3.7189801177777397,3.9700102938315673,3.0754583018284247,3.267118125637583
14566,pop_1,3.8098352846785635,3.8636887303548835,3.157474474231752,3.4883635151213555
14567,pop_1,3.8076726512844483,3.2057359112752675,2.7821635425607543,3.462843263296355
14568,pop_1,3.68126120914545,3.2093976892799505,2.735320396829206,3.36566994970859
14569,pop_1,3.7920241844396925,3.528916428579085,2.631026955269619,3.4633311836349714
14570,pop_1,3.6678711769231653,2.82496165473941,2.658232959893424,2.9965573490689335
14571,pop_1,3.3396323424076133,2.676186908456257,2.6013887462512484,3.0000551258025876
14572,pop_1,3.504985279911657,3.3752438199013044,2.8967862139431246,3.463691465085743
14573,pop_1,3.5241244823329128,3.1730470501629062,2.7698565388683964,3.4003323443966433
14574,pop_1,3.583410960399231,2.5501734942526553,3.5143019432213833,2.7070532770128874
14575,pop_1,3.674400846456092,3.1353977633896797,2.8181005469373517,2.8859346907330146
14576,pop_1,3.738733335164542,2.895331962474858,2.767583297870931,3.5260266883427156
14577,pop_1,3.522568682664851,3.695934190713028,2.968007666503381,2.8792943649179303
14578,pop_1,3.3698532430625834,3.5868787239592717,3.282246456198834,2.779955976353401
14579,pop_1,3.72136929674147,3.189216747493149,2.6497384918369384,3.322490192950271
14580,pop_1,3.4414603656594136,3.3466252195907225,2.8347455178750662,2.890157563287973
14581,pop_1,3.5999731744467987,3.27787555300998,2.990871823762284,2.9209274401279215
14582,pop_1,3.6349044215348525,2.8461574804202883,3.0424066873660935,2.973191444653583
14583,pop_1,3.873919758906071,3.1981107208907034,3.1742314476149893,3.240449858250403
14584,pop_1,3.916538946606307,3.383514522425239,3.0340474318329336,3.2304516917784287
14585,pop_1,3.8578607921775725,3.226829176784991,2.9408159814435915,3.3215726253726783
14586,pop_1,3.4618212897496927,3.4097354291422164,2.6634665897957652,3.1158792270804074
14587,pop_1,3.541691948942219,3.3381496183073796,3.0817822484730937,3.376912602169126
14588,pop_1,2.9940968057150297,3.112093325523323,2.63671866540614,3.739060492641011
14589,pop_1,3.6914811735607684,3.2846987316995033,3.169306420134826,3.241496149593098
14590,pop_1,4.205871861799057,2.875680073569167,3.0955242033140866,3.2041592470590565
14591,pop_1,3.654781545998625,2.9104952575812195,3.208328095365422,3.479270029720365
14592,pop_1,3.7408330514345383,3.3431168301762746,3.09592782643382,3.633000278502804
14593,pop_1,3.777003530666077,3.399118239136349,3.048717455639382,3.1897037920955067
14594,pop_1,3.9084856053603056,2.7536427105620587,2.9976900847427475,3.6273411529709794
14595,pop_1,3.6544647794334666,2.8569654433578857,2.5075789741122634,3.7584127695172347
14596,pop_1,3.3781089084677705,3.3735602486237783,2.3827979998142483,3.137179058480963
14597,pop_1,3.9240391324172914,3.190411168219588,2.853168670201428,3.108702118808173
14598,pop_1,3.3970517701868004,3.06713420566566,2.8544481620790583,3.3358368384901946
14599,pop_1,3.756402432402982,3.0761373709304594,2.934229130172916,3.5567753349356894
14600,pop_1,3.7549609427383994,3.2962521671720126,2.407557827728515,3.7292811437437523
14601,pop_1,3.7915562180424756,2.9435417820225847,3.1793480064688864,3.170142318019332
14602,pop_1,4.038269664579986,3.7658091506319913,2.7944979988171084,3.558455155460506
14603,pop_1,3.768686172192387,2.9463712586166846,2.637370891695716,3.381653253322065
14604,pop_1,3.2074767487036935,2.925859985192405,2.6960107213675233,2.74699379528578
14605,pop_1,3.2861076525404456,3.572979743716414,3.2085140467853153,3.2196214754773544
14606,pop_1,3.7588433223314506,2.996503259121461,2.5151427190130122,4.002503318642432
14607,pop_1,3.604824191145081,3.232959461234488,2.6356917444015724,3.2567190936172974
14608,pop_1,3.4971399730844226,3.3401321655118243,2.698014188858394,3.531492732297409
14609,pop_1,3.8432461660849357,3.444168029784711,2.747823534188606,3.229254934663896
14610,pop_1,3.9775190461946766,3.410785652335497,3.2007719356670514,2.6848298804282225
14611,pop_1,3.4252645397982633,3.5963357088134353,2.9334131530025807,3.399870346047753
14612,pop_1,3.516631749639712,3.6039861684176437,2.7644531792616647,2.913574216336615
14613,pop_1,3.699047917634628,3.4040175785556674,2.774954786541758,3.5950639439871237
14614,pop_1,3.6101467472800715,3.0288585336203098,3.166660273045472,3.2839133574788444
14615,pop_1,3.6578835581673146,3.308470401939927,2.7853951599743474,3.402949439415597
14616,pop_1,4.129269158571121,3.309264185965251,2.9855914338190517,3.815168307593336
14617,pop_1,3.373118400703802,3.134670498007448,3.2119905272910767,3.253412908584797
14618,pop_1,3.7376833987304474,3.4611728437694813,3.1967882825651377,2.901559437576056
14619,pop_1,3.6058895667532394,2.48926513799291,2.9546354204678553,3.5154395683025608
14620,pop_1,3.6707813161008316,2.759492188197707,2.449636442883925,3.9720289683296452
14621,pop_1,3.6887230283660437,2.6946948930915373,2.9016368330850613,3.2153206186289953
14622,pop_1,3.738928889822079,3.3232717045252547,3.0092393865694507,3.30457500803075
14623,pop_1,3.958858604990506,3.1688096890155797,2.9933258470501416,3.4693215546031198
14624,pop_1,3.733985219058394,2.9632405756358215,2.8670329667239463,3.6474202257788355
14625,pop_1,3.4758459092139065,2.7806062488600105,2.647917176781856,3.342326176245931
14626,pop_1,4.1890582380322385,3.1941551086621867,2.98705403935727,3.359294564623544
14627,pop_1,3.4193607533924473,2.6258925311439727,2.8615655091534875,3.370366784954756
14628,pop_1,3.5652931962746095,3.0710260631473205,2.5846078747979098,3.49257047213921
14629,pop_1,3.958387308097707,2.961427449269829,2.8967403160376604,3.1906550560324445
14630,pop_1,4.144170428552177,3.41906785063072,2.9782916211536365,3.0004156359471015
14631,pop_1,3.818745757435016,3.3616802703902686,3.05141396595032,3.029811121221033
14632,pop_1,3.6220900608251,3.1918696698251696,2.714692598812443,3.222021085565882
14633,pop_1,3.7280158289513454,2.853453453772118,2.700995807273755,3.3759438998850877
14634,pop_1,3.3717276015875157,3.099696042771222,2.9543697977854277,3.0956028332835888
14635,pop_1,3.586455535047467,2.778044102177036,3.0006722260539593,3.5294123174812944
14636,pop_1,3.820020417160423,2.923109093655429,2.7982576753512594,3.1461143934849494
14637,pop_1,3.591013745842059,3.5898889879750273,2.883868892973962,3.791498883238662
14638,pop_1,3.7229103163855757,3.124375829060213,3.1013613795339103,3.781249796091934
14639,pop_1,3.6721975565943796,2.801386634630032,3.0054862652275283,3.394024842576913
14640,pop_1,3.9026683616569864,3.089240686547596,2.87535652547312,3.5558280344603053
14641,pop_1,3.8713792001320777,3.3281524923297097,2.8565105518983844,3.2361858709144307
14642,pop_1,3.34705545012422,2.982295390984206,2.9435417242876185,2.7218895627739745
14643,pop_1,3.496323282919092,3.041183615514502,2.6469392032405206,3.1855454302716733
14644,pop_1,3.6640108807936103,3.644773284925574,2.9587634952637547,3.466943572433019
14645,pop_1,3.842032770916397,2.85446448468736,2.993019873311241,3.230230236307795
14646,pop_1,3.7442169933856455,3.5751303099267133,2.8144986028124843,3.4286919738937502
14647,pop_1,3.7091277413541124,3.1611661882689197,3.0238315489488152,3.156443511970276
14648,pop_1,3.7190138809710094,2.935476631789497,3.139549479237847,3.2732566698584704
14649,pop_1,3.848872538905775,3.273176908586588,2.8338377373369394,3.362872800885957
14650,pop_1,3.185233625005563,3.5603575725642784,2.477116605256813,3.3748549002632937
14651,pop_1,3.548801908448976,3.112148412185047,3.049075918206824,3.7464869666457505
14652,pop_1,3.4704107541482054,3.0338686598517257,2.7664820585049874,3.426895623421085
14653,pop_1,3.74727958210471,2.9572991487960025,2.999192688099369,3.6927115316995374
14654,pop_1,4.102151165535887,3.507448313632735,2.938533637697167,2.984465234930351
14655,pop_1,4.107045171765295,3.106372787973477,2.8089626165941954,3.5570580120945574
14656,pop_1,4.324967020302307,3.26707811637238,3.0108310187378153,3.54519285512209
14657,pop_1,4.266933773067726,3.4269072957207016,3.244103608340688,3.2148343022844843
14658,pop_1,3.8669608541073264,3.346158544525179,2.4108826077598944,3.2541191065927295
14659,pop_1,3.757299385403745,3.334520837698332,2.566312072433467,3.1131485358305206
14660,pop_1,3.9088016053386045,3.0365822340866173,2.556701390590793,3.595293486778391
14661,pop_1,3.7898716849970913,3.0583797481888957,3.098891795132677,3.3836895573721564
14662,pop_1,3.8017932311138627,3.441215282820538,3.2116442699278114,3.060595144601265
14663,pop_1,3.993310027793175,3.160684691620301,2.937739240143458,3.518082042061849
14664,pop_1,3.6244719245127355,3.5668501459845174,2.495280918504137,3.4001544692258943
14665,pop_1,3.9885404957803607,3.400074565637874,3.349233688262506,3.355596470528958
14666,pop_1,3.5185328289507334,3.4597521673425873,2.4565449654278906,3.406907362909525
14667,pop_1,3.4426772818283973,2.748599455646659,2.8879187203839094,3.3289278886431473
14668,pop_1,3.436444278119815,2.938581102043103,2.838088412328678,3.3554566166155566
14669,pop_1,4.121958753255619,3.057973664116646,2.808655480053617,3.4058752996407637
14670,pop_1,3.41572655804787,3.260646395106039,3.0332826932644683,3.2758460468850106
14671,pop_1,3.6311009038746502,3.470739339124291,3.064496902619566,3.420104745431996
14672,pop_1,3.5709330063407725,2.5310078400829763,2.7332619812632557,3.48019851018803
14673,pop_1,4.169102026995843,2.9380132023244356,2.9207168769912952,3.5958991489534977
14674,pop_1,3.4910105078654627,3.3222362111051242,2.8486742942427776,3.4351532408034386
14675,pop_1,3.7221818478262705,2.854290245974949,2.8388454520917854,3.831995711320785
14676,pop_1,4.307849702348396,3.2366545842133037,3.326372633896967,2.820295372270218
14677,pop_1,3.888814865419964,3.337978315786543,3.3680905907783862,3.211427268130727
14678,pop_1,3.816567519446412,3.5027154220590404,3.358296319448577,3.0460599295879245
14679,pop_1,3.797053447369276,3.4719426583285413,2.987434612439077,3.2665437230968135
14680,pop_1,3.301878374940088,3.5344690201146842,2.796372605371111,3.6951998929727057
14681,pop_1,4.470156981475973,3.2378829456515965,3.1167234582819425,3.0838420387166363
14682,pop_1,3.577420795674006,3.1781458622364744,3.029719773425726,3.2612095117978943
14683,pop_1,3.4562752908929215,2.830637298153708,2.598742460289203,3.2418970143134707
14684,pop_1,3.7315886217622234,2.837902891890605,2.472882530840434,3.6341430182011814
14685,pop_1,3.729786695896405,3.0154073821590703,3.1871527344984907,3.04757826976714
14686,pop_1,3.488718316627918,2.654270921993874,2.60498140253191,3.822232047865872
14687,pop_1,3.8574291050449983,3.4987367806138736,3.220693826254949,3.432923500957769
14688,pop_1,3.788798578307122,3.0160614856485504,2.9195525197500003,3.1639388032839837
14689,pop_1,3.4533679591809783,3.5146324835201326,2.8064369701821748,3.6226454171393634
14690,pop_1,3.554987325139886,3.5387829297086535,3.0896765736599257,3.023378908416773
14691,pop_1,4.0750922098708795,3.3307394069542005,2.970423623911578,3.3262145105180547
14692,pop_1,4.035181380834627,4.012550489994479,2.818641281571133,3.5098319619839615
14693,pop_1,3.4317895761014676,3.009322230220531,2.755471513583062,3.238988328520182
14694,pop_1,4.062102755676847,3.279556848272382,2.7892714301080814,2.76414270663365
14695,pop_1,3.564497591154735,2.8923826760152753,2.6656680877870755,3.39142413968585
14696,pop_1,3.391929037445819,2.9903733889695423,3.3443858795479544,2.999234039035737
14697,pop_1,3.597194730463647,3.255162828548985,2.9774524435605714,3.0509255661004797
14698,pop_1,3.227039235904404,2.428382784623653,2.6837887556723987,3.5929230112860773
14699,pop_1,3.5660888170241978,3.433762934311769,2.7412638823540316,2.8697236605447842
14700,pop_1,3.7620270271335796,3.060505444288415,2.742605257646113,3.2708255336376233
14701,pop_1,3.7776673275666117,3.4652282825903935,2.670309348553751,3.2212220493541017
14702,pop_1,3.653571703168319,2.926352020309613,2.9645080140581594,3.6289669875296653
14703,pop_1,3.3014771401094154,2.6509791719376397,2.9340845032908818,3.5542478877044936
14704,pop_1,3.7812380247939457,3.0927880631440425,2.945646170060153,3.082595334454408
14705,pop_1,3.838196783515932,3.2155689156024,2.8507807147479562,3.1375638258161382
14706,pop_1,3.8021414276598797,2.9224316873131233,3.4585762676005762,3.0122843178352405
14707,pop_1,3.4599468018204447,3.342440516587409,3.254301284430447,3.1110300340348482
14708,pop_1,3.8398292947866484,3.1227920134942386,2.9778184653766444,3.433386188233727
14709,pop_1,3.404312187039665,3.107032380045832,2.5682895220665083,3.2888452041932523
14710,pop_1,4.205073191585866,3.398914859044258,2.935619467101933,3.8127033007992157
14711,pop_1,3.708517629750377,3.266821249476144,2.95280287008211,2.926648959392088
14712,pop_1,3.9940225812272696,3.3992155801413744,3.356520957256303,2.7572587701988915
14713,pop_1,3.372840850836546,2.933702757645615,2.572862165657061,4.261314349263549
14714,pop_1,3.254570956336141,3.4526602654080323,2.6725605057204467,3.46743396083036
14715,pop_1,3.2840723448831097,3.1352482878686216,2.9372002414794123,3.3560991986604587
14716,pop_1,3.6271268347816643,2.9524864611368695,2.991859714972559,2.6443874671683236
14717,pop_1,3.530743285137585,3.06500371733699,2.677604712593193,3.3814901174552827
14718,pop_1,3.977248105473589,3.046389837206281,3.205118508745109,3.22162465233719
14719,pop_1,3.495549987455412,2.9190239169212724,3.0227961412068103,3.1820032815498105
14720,pop_1,3.6377173321349456,3.4290926207380394,2.945901932085616,3.319847773529126
14721,pop_1,3.948564786171628,3.646628448905103,2.913427627314239,3.75700869875728
14722,pop_1,3.524117416853315,3.731432382482292,2.9740314172248703,3.466245373843519
14723,pop_1,3.5514948284522183,2.392255414127753,2.708496488379817,3.259977729933653
14724,pop_1,3.8779681420656518,3.2656801203571897,3.135785065550395,3.8759281202953293
14725,pop_1,3.5431386741093123,2.9945391385460782,3.407466984664624,3.1105177482538084
14726,pop_1,3.1440621908930195,2.768471660618447,2.8429902164618093,3.265005508749682
14727,pop_1,3.7191937967523656,2.6574963286809155,3.0519461980326827,3.2758270314323235
14728,pop_1,4.021424293929583,3.14806703478046,2.9346356156805697,2.9852547272250907
14729,pop_1,3.784992733797215,2.4530541613556553,2.882339716100775,3.1677493739096514
14730,pop_1,3.9241091707479767,3.5405158595154966,2.9816363873410117,3.646765745068791
14731,pop_1,3.612286496112695,3.0288259226252388,2.884689166093978,3.2583741909396613
14732,pop_1,3.5941767450535465,2.8866363347615973,2.6879798393818266,3.513205510258936
14733,pop_1,3.384536064573269,3.3618214929580827,3.238952391845249,2.980754589373334
14734,pop_1,3.6643505600721777,2.9318894792520944,2.917550314599054,3.073283695278587
14735,pop_1,3.7931292000249606,2.617843744009852,2.7484671340355042,3.4039605083855577
14736,pop_1,3.1287867729227736,2.923551622743257,3.3113383125900366,3.0975420780467133
14737,pop_1,3.276940203315264,3.2589439116042853,2.9963779105675825,3.3958562087769333
14738,pop_1,3.4712859001501735,2.9014431641850784,2.9352697278601383,3.774924136276845
14739,pop_1,4.545849513943792,3.0045091481979402,3.0430354701787845,3.4152462781911797
14740,pop_1,3.8120483482710346,3.6395937620152976,2.9749588455398035,2.926727633552312
14741,pop_1,3.7062323162354,3.268045323526921,2.977912341598378,3.167612218902164
14742,pop_1,3.7184452544943465,3.0068122135610285,2.993615878883736,3.012954132282281
14743,pop_1,3.718954582424914,3.2478968116271796,3.0390417299624355,3.2237018268318782
14744,pop_1,3.9383453363408805,3.260099528289588,2.708628726948912,3.0975513420508327
14745,pop_1,3.665028975631276,3.4133361710120806,2.8536464097550036,3.137170766115826
14746,pop_1,4.011217924595882,2.9454515209100562,2.9766017149732305,3.5364485432659216
14747,pop_1,3.294106758292622,3.444245459582624,3.014667621753141,3.5303661385166
14748,pop_1,3.7752956956648043,3.176668191182687,2.9769621071656855,3.2470749794752036
14749,pop_1,3.528217300292672,3.5313014329503,2.9625016979830403,2.95466471555305
14750,pop_1,4.020194092997872,3.0574596196353174,2.9467368430764784,3.3133868878750805
14751,pop_1,3.778421631810831,2.9187769882609,3.0230584436944223,3.276825442945241
14752,pop_1,3.6665985944366244,2.7038608486592692,2.805206276132209,3.7292927045451894
14753,pop_1,3.6455841025377143,3.2203471217331305,2.3395975137480263,3.1121437881597993
14754,pop_1,2.841701664707487,3.054466449008987,2.784337698619156,3.601671134535388
14755,pop_1,4.074653686184622,2.8983909257274356,3.1153064275785383,3.1573841753416714
14756,pop_1,3.554263429990107,3.273252859947559,2.6195825356996125,3.382479853761812
14757,pop_1,3.784802857497724,3.0022983275281385,2.3204564126472498,3.9241120541141026
14758,pop_1,3.7682139277916282,3.8890019649888887,2.838605607145135,3.437740969933347
14759,pop_1,3.5489052710004887,3.309551884616937,2.926072950182155,3.1139536431299075
14760,pop_1,3.506129387236296,2.9070612035090933,2.973404290725735,2.84692779193826
14761,pop_1,3.2944921638183744,2.9649685294313257,2.7297565195283537,3.491531438594204
14762,pop_1,3.6072961831618753,3.129418419123445,2.8273423234514476,3.379458528516953
14763,pop_1,3.837907114708928,3.406349657821479,2.7677535003072498,3.2211771420358972
14764,pop_1,4.135680918379836,3.348399309807574,2.812898436815728,2.5878801818273724
14765,pop_1,3.8869550367128483,3.023212888232814,2.7445809540947175,3.709100999276896
14766,pop_1,3.3112254665191507,3.3181011899750557,2.8217253911563467,3.108995639141742
14767,pop_1,3.781462620260604,3.26753407519297,2.432214625782103,3.31310168247752
14768,pop_1,4.033555225757944,3.302347421114134,2.6191252857573675,2.881577753964211
14769,pop_1,3.8616658506283628,3.335419390567024,3.082565276556554,2.8976702774255028
14770,pop_1,3.563733147110847,2.5560977328332712,2.924537207161753,3.1297754010792147
14771,pop_1,4.0713699817124835,3.378090652889018,2.948389981496256,3.7270261174945305
14772,pop_1,3.7255007123953985,3.06379310362394,2.6122619046627107,3.111452585573319
14773,pop_1,4.03454284093072,3.1893674222444917,2.94566464840048,3.472222805280803
14774,pop_1,3.7302268642482046,2.9830024012715586,3.256530868086927,3.063070505489661
14775,pop_1,4.067828361322085,3.142062913614705,2.990384153004357,3.1947313979609766
14776,pop_1,3.798036764901292,3.1878830619544387,3.059663110153403,3.2277410132212934
14777,pop_1,3.364836256125592,3.1304469955068814,2.4646036161656175,3.4461532940889885
14778,pop_1,3.4245738569287973,2.812056144334873,3.2723035466069175,3.0074842590500968
14779,pop_1,4.014569246828191,3.301197108140381,3.137187987102597,3.2816001007092415
14780,pop_1,3.7201258560417423,3.163196036061357,2.7147243042261873,3.4454378394630303
14781,pop_1,3.2501530602979494,3.009769888631415,2.513601822040223,4.072462802928675
14782,pop_1,3.546965997691722,3.116637439010049,3.194346869336455,3.589753873726325
14783,pop_1,4.161007372032011,2.8243511824469874,3.2073466809643114,3.426768377896654
14784,pop_1,3.8170664732920816,2.9586946199058937,3.074507100601849,3.246324021286901
14785,pop_1,3.9548744443537918,2.8452733079343977,3.311795629998036,2.9764157738511203
14786,pop_1,3.6948152497911066,3.1639578236705086,2.9095259835480842,3.277702620670173
14787,pop_1,4.155069073090562,3.2722170483295585,2.786590817465878,3.5041790117211833
14788,pop_1,3.8229586486168055,3.131793552797966,2.411794792354115,3.4618488854959204
14789,pop_1,3.833885974158364,3.264860464178136,2.5711694394190463,3.68072249444783
14790,pop_1,3.6462739987482906,3.540422161240056,2.5766364200848537,3.238386080162866
14791,pop_1,3.7285020824788044,3.207604765985984,2.9765925060396174,3.3375910018722266
14792,pop_1,3.824513532934638,3.6296244263977244,2.79773404972066,3.6438175037158453
14793,pop_1,3.554629963063007,3.3864196617594207,2.678025697716537,3.4897903883672803
14794,pop_1,3.6144331380119423,3.347191289269579,3.13530588000365,3.9186062151911836
14795,pop_1,3.821017552556738,3.2192866397364943,2.9541952784087933,3.4477793185359262
14796,pop_1,3.762336407801094,3.0036297026721606,2.773394511571338,3.4775721203629533
14797,pop_1,3.38685831926238,2.908978284207289,2.7406370396475968,3.7357897693385773
14798,pop_1,3.591715244810061,3.222734083650759,3.2864413786316167,3.3573762274219967
14799,pop_1,3.3204852073865236,3.3518864766423095,3.050202554688248,2.801818508961196
14800,pop_1,3.9384074287683957,3.494463445757813,3.079932909750305,3.4759877976274387
14801,pop_1,3.696780790247873,2.6784172944181894,3.1416981850285173,3.044938777803923
14802,pop_1,3.7968064337265583,4.01684506380535,3.208676430801274,2.815566383977655
14803,pop_1,3.4362748280888127,2.8952109434819886,2.8337535886153726,3.1077825996536044
14804,pop_1,3.763294446145531,3.3940158281568906,2.567879474606695,3.230611884524118
14805,pop_1,3.389854683565143,3.324196143399848,2.9747577197232364,3.427849014620789
14806,pop_1,3.721178892472041,2.8171446958458004,3.0697297646663446,2.5498937644794544
14807,pop_1,3.562029821424784,3.185924534425605,3.197549828962389,2.803975442258257
14808,pop_1,3.8241815634477834,3.0126539287861966,2.3824399700917147,3.424446415855494
14809,pop_1,3.898756800373254,3.252171640183085,2.754253441129103,2.9838414021371387
14810,pop_1,3.796934686244818,3.3320010899125325,2.7682497264773027,3.2501243909617763
14811,pop_1,3.9821241199298094,2.9735861987378356,3.040261174097363,3.0861889617438885
14812,pop_1,3.3492241721619544,3.030388093244777,2.8987743231253082,3.3346239603798646
14813,pop_1,3.718206913902419,3.2774293831521657,3.041448393677759,2.918231649520939
14814,pop_1,3.6217176529086843,2.822462134627248,2.8394242806438545,2.935496041380727
14815,pop_1,3.463997226658112,3.070869267651785,2.292332864330154,3.249354414060492
14816,pop_1,3.8477033728035535,3.614843984351957,3.09356778463053,3.1321215166990832
14817,pop_1,3.5790840840893896,3.3038986189447215,2.518091202640252,3.568439652738129
14818,pop_1,3.4018397412467305,2.843553820728289,2.7579127707203535,3.3141937702344935
14819,pop_1,4.317839706657506,3.3098234032686467,3.251904847374625,3.081505865607665
14820,pop_1,3.639801414934363,3.0603956100046776,2.8888908243567064,3.733748446248338
14821,pop_1,3.063156352854231,3.2629918230793593,2.582019629760927,2.9680658685413968
14822,pop_1,3.2542576918331787,3.457273052453845,2.2706988572371474,3.3668790626391125
14823,pop_1,3.306328693148395,2.656343527285472,3.0691409141057835,3.502948858903538
14824,pop_1,3.5571038965744326,3.412340256750663,2.7664444294402353,3.7574385273673077
14825,pop_1,3.3016996127014564,3.3081939025585,2.9392281578823054,3.687352463466459
14826,pop_1,3.902987856029588,2.7517115201250593,2.9756887971376598,2.93700884038312
14827,pop_1,3.7046407456211727,3.024581960581969,2.821713382903242,3.6731895274909485
14828,pop_1,3.931004387828552,3.3866295984040207,2.849920881321051,3.796763203744001
14829,pop_1,3.738530677530159,3.2716927244732883,2.972158233805456,2.9326772411231263
14830,pop_1,3.3671191985152245,3.3053114622878685,2.9900810821546706,3.2194224405745957
14831,pop_1,3.593310272117072,2.9629927983127136,2.58679564370995,3.7564749628674607
14832,pop_1,3.734592292945488,3.6353772620716813,2.9948942406322114,3.575052991451392
14833,pop_1,3.7736396598989996,3.1966930343538875,2.9491120629941037,2.8229191822566815
14834,pop_1,3.5191160009094067,3.063466084899849,3.08468802747683,3.371488205960865
14835,pop_1,3.604738396987018,3.5030803353713242,2.9734428930327415,3.1694903516900257
14836,pop_1,3.574549206651492,3.2851282637488737,2.6170629675245918,3.4869836648956207
14837,pop_1,4.022848171327781,2.754857043203748,3.2101758000728218,3.1601130516619347
14838,pop_1,3.5629292747657746,3.4039263660706083,2.7176962333672865,3.966280772862999
14839,pop_1,3.6577003560568904,3.064851798783535,3.0540494939967027,3.2050839528259343
14840,pop_1,4.423575324249665,3.579765476852879,2.87087814398337,2.9586907643113634
14841,pop_1,4.121383138262783,3.389016721628158,2.581648062246702,3.4303030605550133
14842,pop_1,3.5926617333689848,3.567604520873884,2.7070088842918785,3.7649834395050874
14843,pop_1,4.007415454439882,2.9872502099163016,3.1477852110276823,3.0064071113039974
14844,pop_1,4.154937968618992,3.1982618949539847,2.812734711251273,3.511820542973333
14845,pop_1,3.393007469596384,2.956018561632512,2.819743926273401,3.3067466660374256
14846,pop_1,3.310084984227617,3.024999625945732,2.9656015084079623,3.2562213511241573
14847,pop_1,3.8685566733398256,3.32323911236519,2.5525326428290365,3.5574704175169476
14848,pop_1,3.8054813473150864,3.0919046465749616,3.3635410967285244,3.410475067188317
14849,pop_1,3.409441988063186,3.2278243118005467,3.023524569250363,3.1906903794251726
14850,pop_1,3.8553635187724704,3.039217767872773,2.8361266612845952,3.132495561642663
14851,pop_1,4.301074554676681,3.453847168725742,3.2326624303564677,3.247631712563619
14852,pop_1,3.9279907342301303,2.867305286930485,3.2777661091648405,3.055968581294819
14853,pop_1,3.4712365936516805,3.282721739981336,2.860685431343095,3.627934860860802
14854,pop_1,3.6264137455363183,3.299348382660187,2.824509352595553,3.190346824207469
14855,pop_1,3.1367124040622487,3.2099475977067384,2.6101640409940314,3.3111397598687375
14856,pop_1,4.129808012468734,3.199056964380234,3.429808454537486,3.376298426290654
14857,pop_1,3.9948879855753985,3.2703579102441784,2.7063597616922626,3.6907729798159217
14858,pop_1,3.591874134253341,3.314995701885854,2.9810960088073504,3.44838494576972
14859,pop_1,3.0903394194055003,3.0439433229637043,2.8186461761665,3.2475729140826317
14860,pop_1,3.4798139208176306,3.396134443551443,2.7571642435731287,3.6863152332089033
14861,pop_1,3.6345950086480947,3.3580282160442922,2.5503829593272695,3.2191051596629148
14862,pop_1,3.5760152735758273,3.373057943389921,2.5263142664653087,3.1552271637384823
14863,pop_1,3.6679739302326952,2.945553367994936,2.8212910300348493,3.5636029810097134
14864,pop_1,3.328507690524069,3.3898218429505245,2.997114358188324,3.212959985334149
14865,pop_1,3.700026239290002,2.8503737713578023,2.823458278242597,2.9888879119360996
14866,pop_1,3.7566200430856664,3.137525784282061,2.6571451130303787,3.2129393442180887
14867,pop_1,4.1232664120856715,3.2540672537550335,3.058909029707746,3.1372579197222525
14868,pop_1,4.018885721374577,3.239641809999693,2.710561553845734,3.3316657340078875
14869,pop_1,3.789090605356335,3.02494078521549,2.897864122335733,3.58189679908052
14870,pop_1,3.2124672274491766,2.759907242437142,2.688687209440414,3.592721940230983
14871,pop_1,3.746380251505439,3.669130267158571,3.096751126488562,3.4084444930347373
14872,pop_1,4.018423237715592,2.79061195125258,2.957184858916476,3.2991617237192354
14873,pop_1,3.805124510507541,3.2378068541920664,2.906792021927548,3.4846087555712004
14874,pop_1,3.9191223554633927,3.630330072861706,2.7661998463750295,3.1553339639807425
14875,pop_1,3.559221989595437,2.6067374348936765,2.8486453489281365,3.2202078713041145
14876,pop_1,3.628842785016346,3.105701091298214,3.3085777538233168,3.048048523255973
14877,pop_1,3.3640410323544194,2.904595455035265,3.097400671686472,3.439842969546995
14878,pop_1,3.8243225159426926,3.0208593542680506,3.134219981377798,3.42914180797388
14879,pop_1,3.5847394699618755,3.13686477149061,2.862337711293808,3.0072374367865
14880,pop_1,3.2983457600696324,3.290942087358381,2.663436907659663,3.7222821623955906
14881,pop_1,3.56158511753446,3.2075905938846825,3.2306661171081794,2.9058896828208134
14882,pop_1,3.621381203007476,3.088073909526134,3.059287594939772,2.8638856146251666
14883,pop_1,3.561463862003715,2.583253796041222,2.8394432074709686,3.3292451720376146
14884,pop_1,3.6348811043058005,3.079342930452831,2.8720012635517844,2.8538927563416383
14885,pop_1,3.9252879017287614,2.8941946377284222,2.8313795444113947,2.95547971249339
14886,pop_1,4.014107021931262,2.9346012612932473,3.2022747739291404,3.1309683910061166
14887,pop_1,3.3617893813616457,2.7857943148406266,3.0919786487974,3.4307907980667722
14888,pop_1,3.5120005269259544,3.322233307322831,2.5259653856794246,3.822080366920749
14889,pop_1,3.3251828491529403,2.896865912205738,2.495724204025659,3.87721999456065
14890,pop_1,3.6805486870818562,3.121112778743957,3.162935426701652,3.521733082257321
14891,pop_1,3.435910007854593,2.712485447099316,3.0665715171253436,3.1225072056636947
14892,pop_1,3.882486323329527,3.169414024867173,3.1242300158378677,3.1660424362767525
14893,pop_1,3.3712002714242963,3.5862732718201737,2.99143888222283,3.4618985517449463
14894,pop_1,3.594368833659979,3.659961640342635,2.7947678135750187,3.8996024583409428
14895,pop_1,3.6467431114877975,3.1730571293698815,3.16292387853339,3.2414855433815446
14896,pop_1,3.447616055418438,2.710659928298053,2.6719350917220535,3.3705547304771977
14897,pop_1,3.1182374244586177,3.099181703990166,2.763110580580128,3.082646142485211
14898,pop_1,3.72958376618402,2.772318340009944,3.12348471889064,3.3298774631448818
14899,pop_1,3.9219448942202595,3.03341177097592,3.101011675606935,3.205524217965932
14900,pop_1,3.659231645201174,3.2268348739861894,2.987289316186334,3.4928254277662183
14901,pop_1,3.9942402377771855,3.418230119469842,2.7712574651083175,3.335130355576944
14902,pop_1,3.6077911415871493,2.7181223276174924,3.115985680149151,3.5298586426172807
14903,pop_1,3.8352608336291714,3.1049076675170593,3.3448333466362206,3.275803674567766
14904,pop_1,3.9623261480982594,3.371955740431087,2.690869187270357,3.3208543546829423
14905,pop_1,3.9824807556165136,2.851377571515926,3.1481165923116348,3.2747314643861274
14906,pop_1,4.074541400746642,3.5608202192736225,3.2304164456623212,3.3528654667250875
14907,pop_1,3.792977244215841,3.3285589727564657,2.8512651380760414,3.2361957024910195
14908,pop_1,3.30814884107337,2.567399606326303,2.3717351589979176,3.568433761131583
14909,pop_1,3.7020691326128747,2.863289191037877,2.8695253999279697,3.556781953274157
14910,pop_1,3.777204509382717,3.5289203917881076,3.226822010235379,2.8955011662871497
14911,pop_1,3.752121061499052,3.3098076498690965,3.005583337479553,2.9096386569176875
14912,pop_1,3.8532074893177253,3.2578313488014747,2.735480482357029,3.5991729421559464
14913,pop_1,3.851981775988074,3.1900612673558997,3.142225359460741,3.3540523746061583
14914,pop_1,3.709440325312388,3.5073814166476223,3.0728348412739903,3.4317372400048622
14915,pop_1,3.9001271244248055,3.6887038780030035,2.965709642519465,3.070377257924191
14916,pop_1,3.6827492346325506,2.9313277905304247,2.869312607953423,3.5147530347346874
14917,pop_1,3.981231423565987,2.9000534278180634,2.825716851690299,3.1577896240870245
14918,pop_1,3.495295199054644,3.5328292707296196,3.114016521767256,3.404564862410659
14919,pop_1,3.583077400043365,2.4568176134909647,2.4276051538945964,3.5343897628218497
14920,pop_1,3.936822650489693,3.1358331842123532,2.6176857919399246,3.584740125993636
14921,pop_1,3.520975208900894,3.5858728079186304,2.7395762797570953,3.5200697754645556
14922,pop_1,3.3338989200480795,2.8912656177350935,2.9341415793275045,3.4877327236430453
14923,pop_1,4.3349296973041715,3.3799228591182664,2.801490161248216,3.7259553923473647
14924,pop_1,3.17627162177737,3.492417781593117,2.7356796696266046,3.723986080740393
14925,pop_1,3.684512153172805,3.1261458215930005,2.8906308341160307,2.6950530880957193
14926,pop_1,2.9946505346456935,2.9155280957277685,2.865146738155537,2.902183542639724
14927,pop_1,3.9879130438840384,3.3062623161468245,2.823173894839028,3.269067268677107
14928,pop_1,3.9184059195120735,3.420605945417434,2.6072953728635673,3.099991862800279
14929,pop_1,3.5774359970404324,3.1384471432436665,3.042499979168012,3.029314432411538
14930,pop_1,4.509325028195236,3.3631726877002404,3.0238120097073367,3.3258385488220017
14931,pop_1,3.4262115628244825,2.8471038881671564,3.270330365692529,3.647617794910606
14932,pop_1,3.989900215586158,2.7506686056268945,2.7711872241178206,3.835879542903549
14933,pop_1,3.7313944199609863,3.163054306274297,3.0454238927203385,3.3338545635884635
14934,pop_1,3.712286009906245,2.6106594437857717,3.0295618411583782,3.1900478228356492
14935,pop_1,4.346626426812967,3.350877153051285,3.1379189836425114,3.155207755534054
14936,pop_1,3.684122767353717,3.7761539090786465,3.0362418797292405,3.1882977521603286
14937,pop_1,3.7001044029566934,3.477308255771443,2.8012070952730235,3.4693622428707096
14938,pop_1,4.008475401457052,3.3467091894883483,3.139927683136684,3.483862113916767
14939,pop_1,3.11111631921121,2.9394290113222636,3.082488154904778,3.488970179259241
14940,pop_1,3.7150430345971057,2.880998883915741,2.8657970510639594,3.350820210235292
14941,pop_1,4.215493151868767,3.283273644296899,2.986502531171907,3.330595477162886
14942,pop_1,4.056328258683865,3.0956610996007825,2.7109293193338657,3.226083076324654
14943,pop_1,3.8308500647357002,3.0080855084878175,3.018386937196988,3.726808155858766
14944,pop_1,3.503668971466177,3.133650321302472,2.955765361774454,3.3115594595348856
14945,pop_1,4.062086061176751,3.2277011905569135,3.2901133854745996,3.1895431480837524
14946,pop_1,4.05508805194562,3.1775272391878198,2.7914005337371233,3.411909067252421
14947,pop_1,3.7904449244492415,3.32161606950551,3.1074918523689146,2.9919640839675736
14948,pop_1,4.006111483355535,3.8159981609853686,3.339886649396369,2.7606578681283187
14949,pop_1,3.6666653123581696,2.816942766266501,3.0510737717605014,3.5726732783862896
14950,pop_1,3.2625299291062215,2.7976173668140816,2.9089776229787567,3.2087363862230385
14951,pop_1,4.157651473489584,3.44579935176022,2.6746685957139533,3.9023145233019223
14952,pop_1,3.869532901616725,2.9033592107858524,3.1765366314071817,3.4979610937615346
14953,pop_1,3.70051274985772,3.0769086421508276,2.65871956952286,3.690009724517551
14954,pop_1,3.574217557972382,3.219976226768249,2.888405694182001,3.3466683411042837
14955,pop_1,4.032875261214764,3.1912492767932163,2.9776342825958566,3.4004918245608926
14956,pop_1,4.035473932882164,3.363058073102461,2.7512976647829626,4.026122055793379
14957,pop_1,3.1921206841589567,2.7681414112118867,2.4671404378487756,3.260227068001713
14958,pop_1,3.639879756278017,3.5267353078860206,3.1022679914546734,3.2013163663810773
14959,pop_1,3.903722404179225,3.1587324916199893,3.362851276162926,3.2080196169856334
14960,pop_1,4.0042819397990455,3.3463394010870964,3.04199817639374,2.658478236239173
14961,pop_1,3.5458413480754305,3.083840075478802,2.972610120892711,3.246146689388534
14962,pop_1,3.773978376673291,3.043180898707489,2.9981824080279162,3.0494410819884394
14963,pop_1,3.9108430331099986,3.4173919027239723,3.0477938578750683,3.2097179857904496
14964,pop_1,3.6696554240186776,3.4305783467179998,2.9838923009882503,3.7093064458843874
14965,pop_1,4.087226513534505,3.38804521201295,3.1263413925851946,3.5453259727821154
14966,pop_1,3.4675197326471876,3.0949891984935176,2.9198944820362622,3.3156578119677933
14967,pop_1,3.4253863204036565,2.7792706949429955,2.431936726647543,3.6984988481631142
14968,pop_1,3.7720805487254974,3.540941116204029,2.749497650902049,3.4637893318245485
14969,pop_1,3.526818777576007,2.794657551681914,2.7351186232060956,3.376375408580293
14970,pop_1,4.158210313059237,3.466983986825009,3.053887981509797,3.4782022184226116
14971,pop_1,4.124008245182159,3.594383186979874,3.2087947539948987,3.7429012016671876
14972,pop_1,4.19242490619196,3.214728297172352,2.736011856151206,3.8346148310545622
14973,pop_1,3.5740075707709664,2.9789296211314764,3.1435069725609663,3.5579257422702137
14974,pop_1,3.802148506671966,2.7711723788809133,2.5196195074751144,4.037500796523451
14975,pop_1,3.3956410923091394,3.1220160161100377,2.862160294027858,3.5730321355661054
14976,pop_1,3.6965515622396636,3.2483259209026456,3.0447362064607604,2.9877101313692203
14977,pop_1,3.5807790560078097,3.134089592641863,2.7042848906071173,3.2826672769089984
14978,pop_1,3.7229395277461896,3.606066669548966,2.806368726766019,3.569539334444196
14979,pop_1,3.2761257033954796,3.4163385939943094,3.0659236439493043,2.946798553908229
14980,pop_1,3.9449402437704224,3.210533972229464,3.045792792600517,3.1695844606213415
14981,pop_1,3.765799916374182,3.248909491846102,2.9478099339091277,3.873454437158769
14982,pop_1,3.8183726454821962,3.2234207894791447,3.1917714143126767,3.338714101611227
14983,pop_1,4.127199706400515,3.0646173632812603,2.736178609770024,3.5512732818915307
14984,pop_1,3.5184980128353267,2.9257610930972033,3.069185084036633,3.1707089053026363
14985,pop_1,3.3610648914140993,2.994010635244389,3.182035492098774,2.585305222533961
14986,pop_1,3.880401734566505,3.485516537011914,2.8059225610974683,3.3697377844897827
14987,pop_1,3.5477051824757004,3.1167116260371754,2.6803159591242576,3.054837254962194
14988,pop_1,3.8010926587820055,2.9473363915838813,2.6707656382944847,3.8799990684648766
14989,pop_1,3.963928054233115,3.2277458503547765,2.7093255784776713,3.8956627110724455
14990,pop_1,3.122050106786972,2.40284793783802,2.434841830714545,3.1884647605425127
14991,pop_1,4.222168042092187,3.0768558241171258,2.609909106781813,3.2191487098097347
14992,pop_1,4.198618921613956,2.990617645713928,2.921148845996371,3.7263245575821666
14993,pop_1,3.6719350457740774,3.102406985867144,2.871448118143617,3.4176290340629323
14994,pop_1,3.687568165240128,3.145340756223258,3.187410918629801,3.004878574607939
14995,pop_1,3.8932534568840675,3.757334011682734,2.90914060014079,3.5923992971880505
14996,pop_1,3.5591977102278123,3.0316641553870083,2.6207746898302338,3.4943326308269027
14997,pop_1,3.72785119653652,2.959402236447711,2.5253315084940517,3.9124371588057456
14998,pop_1,4.02481446868397,3.585759519666054,2.6998501406650357,3.1346429082100604
14999,pop_1,4.231117129931693,3.1471214359903805,2.9575658105676026,2.931539031217853
23000,pop_2,3.110411707798331,3.4205089708806713,3.366634497001847,2.295327171786574
23001,pop_2,2.979036076981214,3.945889004205919,3.311949776582184,2.8485081603105273
23002,pop_2,3.2817147036341514,3.495458606088977,3.072436718298769,2.9006814212414795
23003,pop_2,3.0590347135811444,3.459502998379823,3.594463449414533,2.5433752884914953
23004,pop_2,2.8053878060250335,3.460159081483322,3.2867994543813523,2.5759383442640034
23005,pop_2,3.24915058477822,3.342222924079405,3.1960173793234277,2.2632175929521203
23006,pop_2,3.0319328408431088,3.667533364041708,3.4749064338827225,2.724821502022948
23007,pop_2,2.8770891758388597,3.542441309469033,3.002435506581142,2.4611999525781303
23008,pop_2,3.094352233351786,4.010608066790179,3.70517784070229,2.651672906580254
23009,pop_2,2.628846824572007,3.6648701673835755,2.9368727300130493,2.5073650020869085
23010,pop_2,3.0167501297441297,3.5621170139522422,4.045325234067624,2.8520376568310564
23011,pop_2,2.89113183108289,3.5054231375774596,3.2825239197725655,2.9718761213194536
23012,pop_2,2.620551255411753,3.7674962938180663,3.18692415083306,2.6552426196514345
23013,pop_2,3.385860725378364,3.7507172064423573,3.447546332645803,3.108206949488627
23014,pop_2,3.1679173509137404,3.3656340367029816,3.8253010905678315,3.305749484289766
23015,pop_2,3.1410299823317094,3.5436745893523063,3.330147635569488,2.941949573888958
23016,pop_2,2.98140289805553,3.7549189549222786,3.0689710807065076,2.584069240174645
23017,pop_2,2.9472174426491944,3.3944016189082156,3.145736839833458,2.5542474939189836
23018,pop_2,2.9186806091605297,3.212883641096608,2.9710889799839757,2.430167269456613
23019,pop_2,3.0940042005079023,3.605790558911199,3.116801473802404,2.766859927290338
23020,pop_2,3.0711601779984194,3.407181478309729,3.571727331583103,2.6942977608033387
23021,pop_2,3.0215941916823037,3.755029164651277,3.2350445929450453,2.7001047434069982
23022,pop_2,3.0452176216374416,3.44069918357226,3.4604090786722397,2.8983003977619606
23023,pop_2,3.2204905670916117,3.465900458222061,3.2213178550816934,2.915485146227211
23024,pop_2,3.096875436628233,3.4883762585887093,2.833394420088771,3.2139131614398235
23025,pop_2,3.0451898918999527,3.162535118024777,3.052736615328869,2.7311527550232473
23026,pop_2,3.149832431501283,3.630032936463467,3.1336651990776714,2.617528686957637
23027,pop_2,3.0748407570829825,3.6145361889187217,3.1159836928483067,2.972467771668123
23028,pop_2,2.903691401746881,3.3899919142338693,2.952155191511435,3.1510906395163754
23029,pop_2,3.0808937658221316,3.7516883063987922,3.5739091764669393,2.544241200544927
23030,pop_2,2.7248538483609623,3.141864752036711,3.2700502435274035,2.6915564180173472
23031,pop_2,2.9492043903699283,3.3823719201938687,3.52743586846282,3.0312487574771656
23032,pop_2,2.8742202160419783,3.6118978813895004,3.0801521420873637,2.483615175725778
23033,pop_2,3.3014533015150835,3.2756030277151664,3.064499028064743,2.8326593700386464
23034,pop_2,2.8251204625126425,3.6264987649448672,3.211972869103879,3.1444025892225618
23035,pop_2,2.976839141363916,3.8301202558846255,3.1443316465478635,1.905881425454833
23036,pop_2,2.940028456859941,3.364841849431858,3.287674197328892,3.0925853056273476
23037,pop_2,2.7923090053052486,3.7744097373790444,2.855110945227615,2.871566899932963
23038,pop_2,2.993496655615023,3.5184075136610775,3.114195529088711,2.8160960382728195
23039,pop_2,2.718089711865165,3.412358999040908,3.528356091877856,2.7818687237544806
23040,pop_2,3.0107580316403917,3.2846968452824257,3.1620922454862073,2.626490422467133
23041,pop_2,3.4429695116729833,3.4732968243816758,3.3749376546644343,2.5864468166948402
23042,pop_2,2.9693575401036063,3.2543321743861786,2.9648162355244074,2.9820614146005195
23043,pop_2,2.5618041201706108,3.2088247635831997,2.7539931097618324,3.234518430100032
23044,pop_2,3.0842105053289823,3.7875496593664413,3.1361662953120897,2.984268814731799
23045,pop_2,3.141886772872696,3.5651419844462136,3.0858372310351214,2.872222652789853
23046,pop_2,2.879236570068903,3.5606665097418073,2.9354778671506474,2.247158621070966
23047,pop_2,3.1740292919131665,3.446791746688772,2.9556804798132634,2.5052797882132585
23048,pop_2,2.9277907694572223,3.294523071012597,3.2743943952673105,2.585236623938462
23049,pop_2,3.1726479617042496,3.688323118786288,3.3311215232436404,2.634977036876769
23050,pop_2,3.2791051600702015,3.3765418032843373,3.3218578461287973,3.025634886835633
23051,pop_2,2.824219654641668,3.7017271377770733,3.0926040208754686,3.2004087139988933
23052,pop_2,2.684064155964856,3.0928477427920202,2.4240702120856996,3.173760179844753
23053,pop_2,2.822495369153998,3.0997825772172196,3.1283855038545045,3.2747492284949407
23054,pop_2,3.118464416460819,4.185791906792273,3.0166584904973037,2.72807229626603
23055,pop_2,2.580610932849486,3.8328895207312557,3.3884710635103037,3.2087008935422365
23056,pop_2,3.29513228143914,3.6502846229975576,3.7870811525334904,2.669047140096626
23057,pop_2,3.1273669764466288,3.6933712301066604,3.276723337381915,3.0222988489802995
23058,pop_2,3.2768314165223837,3.8571637861683956,3.636802140862315,2.8136770435691894
23059,pop_2,2.905818588460952,3.79817349730256,3.2345701083361504,2.6789502984769467
23060,pop_2,2.619049804892307,3.9778898661571143,3.3232881309816267,2.8977470063901283
23061,pop_2,2.8035056564624568,3.4264970680472517,3.6199432853214475,2.889937297261504
23062,pop_2,3.1315933140844,3.8039314977110985,3.2649789084304603,2.7756810013768476
23063,pop_2,3.253661086526635,3.8566365794784923,3.6789789578366974,2.873632170246857
23064,pop_2,3.30460108916947,3.2808449488743636,3.1782892141351486,2.8440761723558126
23065,pop_2,2.366832023170702,3.584147091178564,3.6064441039318558,3.2585505953240856
23066,pop_2,2.6582465757049802,3.655573985433486,3.2694699168306736,3.1431070221410295
23067,pop_2,2.765170744884499,3.4299778376162515,2.8965816483913005,2.938576011547169
23068,pop_2,2.8504907786620626,3.77019641486072,3.3063387551277206,2.7895729100542095
23069,pop_2,2.9747245225057135,3.5010329838742544,3.439995594200654,2.9028947295325933
23070,pop_2,3.100207947439598,3.821460763874047,2.6143644349746724,2.40530831239447
23071,pop_2,2.825712217799472,3.421846459843129,3.3028536374060646,2.8913588652650457
23072,pop_2,3.0244271993880902,3.3220497137200415,3.5609778996013803,2.6314328389418153
23073,pop_2,2.6378057550961187,3.481464064711758,3.000871712425739,2.545047919369922
23074,pop_2,3.0434866138849075,3.3062931833854283,3.171432612808579,3.254523595797854
23075,pop_2,2.632985749748264,3.854946555883523,3.65555340586454,3.1742748335261197
23076,pop_2,2.863252670419661,3.3005548609447257,2.72458978896311,2.7701061862085825
23077,pop_2,3.398001738914951,3.1488936055491186,3.2660898491769954,3.2202862097228335
23078,pop_2,3.1616878143101186,4.045978776948184,3.2478061211114384,2.47929053321085
23079,pop_2,3.300454801544381,3.4599407003213583,2.9028910410631292,3.0463975670917876
23080,pop_2,3.1889421939580327,3.2662175637496906,2.7420032077642795,3.210223513936721
23081,pop_2,2.9899697712970807,3.5612567629141862,3.3051072387415954,3.09418324990723
23082,pop_2,3.292304507585517,3.7713731238963217,3.5978621628370133,2.540484173836755
23083,pop_2,2.9164295971974705,3.5333720469070675,3.5024547058617306,2.5925179231092783
23084,pop_2,3.043303054706648,3.5342334330629153,3.0598402805314464,2.851020593796637
23085,pop_2,2.9750683107785347,3.276109080949837,3.140974388612664,2.7476814635575275
23086,pop_2,3.0657822066686,3.6832982919502433,3.4990216091152018,2.969934498167827
23087,pop_2,2.8197562514704777,3.9269946690741007,3.536604148546848,3.0945491921348047
23088,pop_2,2.697702365458279,3.5124372078884933,3.6729138285508824,3.087694979728925
23089,pop_2,2.7825451951970024,3.3122118790005453,2.7930574864284736,3.2833090090724832
23090,pop_2,2.997224748410371,3.2917171153420313,3.2069395164037915,2.653492218244765
23091,pop_2,2.759423723496099,3.336172277004703,3.3960816209848383,3.5616745719400997
23092,pop_2,2.932171633432477,3.394466059308054,3.7253861790811813,2.682387313535248
23093,pop_2,3.253951322061926,3.9824358688888797,3.9750998999370184,2.862490569983854
23094,pop_2,3.0672228460868975,3.43107194415559,2.968640753746537,2.468957149490494
23095,pop_2,3.32382051337132,3.6642224374453485,2.6463890461983937,2.661218713632835
23096,pop_2,3.3368132938011477,3.677111449938076,3.034123357338939,2.8330092180782094
23097,pop_2,3.082413861409349,3.4476500733627584,3.5117656109050572,2.9769021010773704
23098,pop_2,3.127047727404151,3.492090935434337,3.188319016047045,2.5846950630821635
23099,pop_2,3.038593408933861,3.803677847484455,3.4835201766517216,2.9768585741679585
23100,pop_2,3.1427449448071623,3.6229906466984594,3.2915811417349246,2.4436637417149045
23101,pop_2,2.7361519055497,3.321651352872282,3.6307167853836955,3.2610546507903986
23102,pop_2,2.547178911049442,3.8107908948223255,3.1349390973681497,3.3004378846222813
23103,pop_2,3.0060161633860676,3.3758789773910802,3.056010148672623,3.257954391917385
23104,pop_2,3.1558625203561466,3.6211845614522926,3.0544863272756153,2.8475948062202168
23105,pop_2,2.779371852551015,3.602360503656696,3.2793509126022684,3.021909450423395
23106,pop_2,2.893633583161672,3.644787456436385,3.0776451774417284,2.9095046611036377
23107,pop_2,2.8135960656612027,3.4208023786825557,2.772809958084951,3.2323954107597035
23108,pop_2,3.1675174220916285,3.8092672887655086,2.883249393130911,2.796052117368734
23109,pop_2,3.0791832239511194,3.65675486577722,3.1061385055508173,3.2526300244416917
23110,pop_2,2.63356638293916,2.957592525169175,3.131976624534891,3.1807869258029164
23111,pop_2,2.7927904445554437,3.7776240912454053,3.3320377302255566,2.706622305034882
23112,pop_2,2.886486129889508,3.6508524744452355,3.486562397762269,2.844109072764349
23113,pop_2,3.114984269204301,3.5780775144455195,3.203458154401107,3.022386572160591
23114,pop_2,2.355406687708949,3.2171918265408204,3.1759649277884523,3.1352864629057517
23115,pop_2,3.549648371082464,3.4610214672963164,2.896424060047002,2.928259962815808
23116,pop_2,2.4228863380471144,3.646961397767616,3.3464693829701155,3.0615641826895086
23117,pop_2,2.681499084524822,3.7759073005541115,3.6644801051883444,2.7327240683146576
23118,pop_2,2.805172955030901,3.5368912360678033,3.326163819550535,2.366518353582117
23119,pop_2,2.7802474628650975,3.5231206323278323,3.2549172290250326,2.8438595801304807
23120,pop_2,3.134118508279329,3.5340082675141327,2.737137318038368,2.733376317073157
23121,pop_2,2.9696451139414712,3.7568289721406023,3.4467887699241917,2.7500135553140175
23122,pop_2,3.1482735955488836,3.8417349744859695,3.876603133886028,2.5713653048563034
23123,pop_2,2.6934267635756677,3.694936661339423,2.9175611504703087,2.7906124296543373
23124,pop_2,2.934946266186547,2.8821796430431967,3.563701382483018,3.289218329003851
23125,pop_2,2.9422038669075885,3.4694719285540967,3.3312921628467103,2.770894185603226
23126,pop_2,2.59400359740363,3.3862045304734587,3.088065674066865,2.709270108630105
23127,pop_2,3.2090892748991853,3.7213422073566704,3.2077189650682745,2.639974714871364
23128,pop_2,2.9543665785479636,3.6132129389969196,3.767420287235245,2.584089315407879
23129,pop_2,2.64050527440925,3.339330458217822,3.124469972142516,2.5875368543886834
23130,pop_2,2.8827664479367447,3.804801439196063,2.9359336448480833,3.035171543398785
23131,pop_2,2.9006700554159375,3.292250654068795,3.341427731154746,3.1653877988461336
23132,pop_2,2.872937210505463,3.950233463806139,3.0449812349217966,2.7335817549237356
23133,pop_2,2.919656063923165,3.5564044263070422,3.7536183969875543,2.849103535596602
23134,pop_2,3.0664150281858373,3.636244772046286,3.7166091801831524,2.7385685147389305
23135,pop_2,3.3882131011824024,3.396857177052226,2.901350026677966,2.8457075200315494
23136,pop_2,3.0879158725071947,3.7489719536247184,3.3786107376123073,2.1177060134543995
23137,pop_2,3.012879305024118,3.8652011449963193,2.902703024203796,2.874997114473443
23138,pop_2,2.9681401545701833,4.156081094799862,3.3114174658467626,2.7437827606787026
23139,pop_2,2.8747083193526572,3.45697374181444,3.2903917875050133,2.959050503389739
23140,pop_2,3.167207424646401,3.6744554960294917,3.651800548815013,2.675525758118605
23141,pop_2,3.283973714783351,3.5267379268892554,3.0337041845991752,3.357385365050305
23142,pop_2,3.1290197725459996,3.8583607791626866,3.219869331996348,2.9435392986359163
23143,pop_2,2.7625007452913692,3.5704682544020856,3.4557119034831714,3.2778111492824715
23144,pop_2,3.3399258919357644,3.760742911484685,3.6630010745958272,2.877677145678963
23145,pop_2,2.880674880105989,3.2560709473150937,2.989188311640754,3.309790790220498
23146,pop_2,3.4243181756991175,3.684314507797085,2.945360074009441,2.527446249663232
23147,pop_2,2.957146340607359,3.208518227050394,3.3811760585811466,3.063184456305643
23148,pop_2,2.747716813470136,3.7928588793677913,3.0757455220815313,2.8221494825419193
23149,pop_2,2.7029228165607697,3.3516777175185726,2.991468554811692,2.8516203808793636
23150,pop_2,2.7922013014267013,3.3972463988409234,3.105355592182896,2.982600363515591
23151,pop_2,2.75572835093674,3.057745078380586,3.028632334570967,3.12708111885604
23152,pop_2,2.9753434729422663,3.501735523648151,3.8648710430197957,2.472922637271835
23153,pop_2,3.07016959203904,3.708644447085274,3.296818158523885,2.9888142654652405
23154,pop_2,3.2251911491478307,3.827914828005801,3.247326015060849,2.358003249158663
23155,pop_2,2.7340216482520545,3.4187118196286614,2.6623889516763075,2.7135002602502474
23156,pop_2,2.428231683780174,3.6131655059117893,3.4188847737737316,3.1541420487271643
23157,pop_2,2.6327519190414135,2.969518583967797,2.9350038129499243,2.8450341926861893
23158,pop_2,3.089238590195364,3.789353530400602,3.2570636147060497,2.8684789001655235
23159,pop_2,2.990121025067491,3.5084477595468644,3.1785414040041933,2.8049503181294044
23160,pop_2,2.746061034017059,3.593683437856412,3.63419352787585,3.024277624740572
23161,pop_2,2.8949389154099148,3.4510826879556364,3.53048903053092,2.748041436739443
23162,pop_2,2.488414076824784,3.4017328710731123,3.032898268173422,2.894509027379066
23163,pop_2,3.0087363412150134,3.7350653201696065,2.955272322754069,2.454312969972227
23164,pop_2,2.658409096017806,3.552108244029923,2.8460988330467085,2.972697338710409
23165,pop_2,2.95528877005909,3.735007859758486,3.5824543761681724,2.5704892479092147
23166,pop_2,3.2244565739308713,3.6627739805987103,2.826644887157881,2.8822913449091985
23167,pop_2,3.2550507084564786,3.225050941549178,3.2368096229225607,2.2186025148992172
23168,pop_2,2.7395912237992444,3.625266268205851,3.152532562273188,2.8678673570441955
23169,pop_2,3.120002427919922,3.4973430198812334,2.7659354945536685,2.929064642527781
23170,pop_2,2.6993629558021506,3.544992750021593,3.1868276469389105,2.4601374111604533
23171,pop_2,2.932391168344756,3.731403725375808,2.8394237296363976,2.4215977325862132
23172,pop_2,2.946456125717605,3.3208212717510515,2.9809045255301885,2.9206422364022724
23173,pop_2,2.954887060216743,3.2047192765868298,3.336499059206183,2.873917078353192
23174,pop_2,2.9747009505646025,3.4753855059747174,3.293527645870006,3.166036002558216
23175,pop_2,2.7742162560761234,3.6514235397729586,3.5451849155829422,2.9479017615844576
23176,pop_2,2.756391235051985,3.483431319374924,2.9557757344788813,3.141724579610868
23177,pop_2,2.908302372719741,3.400324802581874,2.948568171086703,2.8617222649883023
23178,pop_2,2.97734982212595,3.4258279073674136,3.323830258649837,2.136972050925145
23179,pop_2,2.8924735874400582,3.509275017430178,3.4009651181457636,2.8096351504116344
23180,pop_2,2.528169619059558,3.652523112019471,3.535968862871999,3.05646328190901
23181,pop_2,2.7607334911947725,3.408285502161897,3.0616812473597443,3.0222269478160557
23182,pop_2,2.9660256073220466,3.634249525255606,2.862540263897914,3.0872333547119126
23183,pop_2,3.0922235707355994,3.0415894292194734,2.7735159221069816,2.0037559135296945
23184,pop_2,2.637280555165347,3.4934412569351823,3.2828986076900364,2.8859727380101274
23185,pop_2,2.949258483163894,3.547515545977039,3.47562807458806,2.6328776311062527
23186,pop_2,3.1674256629449964,3.6567127358561087,2.9800180997835515,2.627127584532991
23187,pop_2,2.839781045571868,3.319714818689498,2.8535185871179616,3.265085288586508
23188,pop_2,2.9886043187746107,3.9634515559957606,3.410788822697991,2.250795166784029
23189,pop_2,2.8717984589244914,3.2674477519698923,3.3461413434342826,3.1808285887989842
23190,pop_2,2.6668315337383124,3.795273198391431,3.640860055349212,3.134509362383948
23191,pop_2,2.9384704632037373,3.818136378919837,3.775963320090278,2.9535243433549927
23192,pop_2,3.1320260894377623,3.5896282400828996,3.528457247469926,2.983564466092736
23193,pop_2,2.7975262646044783,3.600509167310841,2.9209131627847724,3.495876425635236
23194,pop_2,2.5033548866596367,3.7731319515564707,3.4474419430519583,3.5330596931137666
23195,pop_2,3.29234285611694,3.7022833686382035,3.4534436406637883,2.330670375165502
23196,pop_2,2.669078504234774,3.3704500408038593,3.3036415225825433,2.8244024145249407
23197,pop_2,3.309130178491291,3.8291992757368924,2.9191065011927906,3.3853145644807423
23198,pop_2,2.7769258068762293,3.48707641835371,3.0314785724089113,2.9926536252307767
23199,pop_2,2.792933072431559,3.8940522619184037,3.291024318275086,3.019971132504244
23200,pop_2,3.4212519259371565,3.7726155855363674,3.528173175083081,2.8445675408077506
23201,pop_2,2.892408417050294,3.6207705786449558,3.2666223174548437,3.2630480111222675
23202,pop_2,2.935419037137277,3.3360652726694733,3.0271866038714146,3.0038661093054198
23203,pop_2,2.997342132575357,3.699295845763006,3.372551744747022,2.526790840280235
23204,pop_2,3.3112498575710574,3.373374811493237,3.1421137373733,2.8861889117128383
23205,pop_2,3.1158370838672234,3.5010754388884995,3.356658578847658,3.0368480674296143
23206,pop_2,2.9407087059311454,3.774535641808014,3.787235889256665,2.944923396286075
23207,pop_2,3.3247846574604973,3.6185964918324656,3.416186274166769,2.6587839665074795
23208,pop_2,2.434833878280924,3.852198407242741,3.5771657667697143,2.794926113193563
23209,pop_2,2.8318832729034855,3.838720025780156,3.3176162778442633,2.543285468226563
23210,pop_2,2.239618768836121,3.7946819991234078,3.310617698653778,2.865126251563223
23211,pop_2,3.1494663331086468,3.724784677009701,3.249903511351786,2.508969479864822
23212,pop_2,3.0411382226605106,3.221061047163282,3.62502406665263,3.2911449718342993
23213,pop_2,3.280582579508288,3.8390907660025935,3.2607814251384144,2.569244317151748
23214,pop_2,2.9621276878025298,3.375791843664177,3.6254454003905185,2.843584751289294
23215,pop_2,3.112409492329282,3.907784207276867,3.3712249237345944,2.5931090204745213
23216,pop_2,2.698794280433025,3.6316668368357763,3.103551336204444,2.652086554618428
23217,pop_2,3.011053223746784,3.8967633396016566,2.8979481726599876,3.4091780607080326
23218,pop_2,3.15370129479833,3.7216045129404627,3.352602959635645,2.499017307676528
23219,pop_2,2.8391569373969436,3.6521896330795744,3.4028698223194587,2.7131051801620436
23220,pop_2,3.360586326788371,3.292274983396484,3.0064618105864787,3.0479239102032345
23221,pop_2,3.1017903802400433,3.3753395525878958,2.5965377361243034,2.9671472963612326
23222,pop_2,2.97328495021776,3.2705059730689814,2.5496693866132283,3.038364399067809
23223,pop_2,2.9997174807473477,3.648266547241661,2.8547558925057186,2.8478047094824945
23224,pop_2,2.8275183006203393,3.7463576712479143,3.3460235606607083,3.0321923149247247
23225,pop_2,3.0209201037856857,3.531801528003641,3.4184875648111714,2.931753788445726
23226,pop_2,3.204229567535874,3.8625734700545684,2.8773567611382225,2.6163241711447958
23227,pop_2,2.767412661378596,3.393811231723285,3.212665905064258,3.3359239271070025
23228,pop_2,2.953101686146157,3.8013401223468555,4.003062578722969,2.811026971657704
23229,pop_2,2.5553297221371114,3.374085919722889,2.84974934359839,2.962218201463983
23230,pop_2,3.2736007624246435,3.9973661167848356,3.48884891109733,2.4340523511410055
23231,pop_2,2.692522269760132,3.685438533458269,2.7984176193740327,3.087915238292757
23232,pop_2,2.6044276851237456,3.291423997316712,3.3196974001144355,3.036281295526884
23233,pop_2,2.956784007527035,3.9969269402272145,3.404629929460605,3.231968326130025
23234,pop_2,2.8653795043169747,3.828516540062978,3.4221957657256605,2.5980636058713675
23235,pop_2,2.968714232950829,3.820029184292781,2.917559286608053,2.9208764724051273
23236,pop_2,3.1139884097570216,3.8064779359388314,3.2489031844811005,3.024262971409516
23237,pop_2,2.8673071195240274,3.421600492842978,2.991555089396879,2.485063545424226
23238,pop_2,2.645143740702555,3.60735290692725,3.4574256451128473,2.5280118618610192
23239,pop_2,2.780117284086281,4.14711372672557,3.366206100137011,2.6561476468446066
23240,pop_2,2.775255904681165,3.7816346313206215,2.9493048986259986,3.0313282707860343
23241,pop_2,3.1945829299133672,3.3645996886398937,3.3728190613596007,2.937774911049463
23242,pop_2,3.007309081762921,3.4395722757218268,2.7362888268833734,3.068759162881234
23243,pop_2,2.973811304374821,3.686314489862051,3.2890350799590338,2.9430206413387054
23244,pop_2,3.114260818945623,4.052389196253663,3.563290864570938,2.9137727106245097
23245,pop_2,2.7347212678129034,3.730599885664948,2.5454146281458456,2.662463308792498
23246,pop_2,3.1599632802694764,3.7114780258772115,2.781224849867769,2.8587109285336103
23247,pop_2,2.793925366872097,3.4520169677347616,3.350912674675243,2.632257861137752
23248,pop_2,3.157068057787395,3.5910524545244744,3.2446103718733914,2.8248974196416166
23249,pop_2,3.0875421728813524,3.4620411920687593,3.146106931901013,2.480260775546986
23250,pop_2,3.192993712674138,3.4579509402275463,2.7462415571203342,2.7598320130658474
23251,pop_2,3.092477100751572,3.6486539634613933,3.393203092659572,3.36958663739524
23252,pop_2,2.6326112034199007,3.662634764041774,3.2811505271229517,2.6403181288533726
23253,pop_2,2.5064397307950395,3.8576093439043033,3.1904579573864655,3.4265842954578236
23254,pop_2,3.118607244797449,4.004780457559035,3.6318240926980776,2.871572287344899
23255,pop_2,2.51476588805375,3.509767429345459,3.498686365879493,2.896794745926502
23256,pop_2,2.993840658146174,2.7160906267275053,3.6277181283777344,2.72890727407227
23257,pop_2,3.243203148805823,3.821427106258536,3.205209587447846,2.7110395260602362
23258,pop_2,2.8467571577629056,3.61747498106076,3.3318649425766034,3.3551933813434887
23259,pop_2,3.2088772550140825,3.1967025848793376,3.2615845882109973,3.0989597889438736
23260,pop_2,2.5653725473012723,3.791286731902177,3.07622053874142,2.72096487982533
23261,pop_2,2.7171182970804044,3.5305465609160414,2.73064371664445,2.528718982181354
23262,pop_2,2.996842935809624,3.691826770511783,3.6010462999155486,2.9792148798480342
23263,pop_2,2.7366141598185254,3.304072182992323,3.173734675552995,2.9989127878955517
23264,pop_2,3.1992077201476277,3.669150838714277,3.915630326938441,2.419339901162818
23265,pop_2,3.0212298341139365,3.2946480184566695,3.689947236964152,2.917672361796555
23266,pop_2,2.9399401479694394,3.9468731796095278,2.7517208250569642,2.8543449431284813
23267,pop_2,2.914699031488075,3.702392246544584,3.164929416434139,2.422154707786877
23268,pop_2,2.670525791228536,3.2302145426205193,3.0731849411253447,2.9287125036864956
23269,pop_2,2.784508894478158,3.4756043829418077,2.684151994606162,3.0296990523127096
23270,pop_2,3.559011224154838,3.6747707916654946,3.0363440307793517,2.4471837055077628
23271,pop_2,3.3250515065944404,3.7226916361027924,3.349388864092398,2.627820461037088
23272,pop_2,2.9094259303389793,3.349272650521985,3.1497773371177096,2.6858330509740074
23273,pop_2,2.7628722955480502,3.3120877170764964,3.14653996097517,2.8598479759490836
23274,pop_2,2.9590261083892404,3.4444139060049483,3.278486836410618,2.7298505884982034
23275,pop_2,2.97827467227444,3.947966617415807,3.018007456490262,3.0151940892075997
23276,pop_2,3.0396814037293565,3.3703076524703284,3.2172391973029533,2.337106031613002
23277,pop_2,2.878409293140157,3.342674272919145,3.632926226951253,2.774948952786648
23278,pop_2,2.6817981804496753,3.50015907361883,3.354991128882278,3.125137828553855
23279,pop_2,2.7302057955011576,3.3332497134114565,3.27151938648058,2.6704811274713283
23280,pop_2,2.5692941010588024,3.732433918943012,3.5183392281300407,2.635051767386364
23281,pop_2,2.9091430952865234,3.6197120402812555,3.439449388824959,3.314623905466577
23282,pop_2,2.948702997029564,3.3088665807638797,3.0760971247805795,2.510500790782523
23283,pop_2,3.046688517201553,3.5535289935257373,3.3479997948925515,2.6886685094781444
23284,pop_2,2.957158912760169,3.6850579805505643,3.5854167296230646,3.1051874544514764
23285,pop_2,3.112310856521434,3.677999649814426,4.219110394960996,2.965659143202628
23286,pop_2,2.860935400820927,3.40804624847978,3.0887541843922866,3.1007005217036427
23287,pop_2,3.145076875240644,4.0250376474059895,3.818017704417186,2.757781968449913
23288,pop_2,2.781241790547899,3.7808020460946556,3.450625605789451,2.85335438054877
23289,pop_2,3.014017962739071,3.6473919701625004,3.872646972765424,2.6377597689454886
23290,pop_2,2.7453906042748852,3.2507358375989033,3.132490254685662,3.352174714378851
23291,pop_2,2.8458165978751544,3.6284459851697215,3.0287189706560085,2.6609644386394757
23292,pop_2,2.6180593473997775,3.631186798917427,3.0882126986307115,2.7068655815492257
23293,pop_2,3.0036317762698643,3.504010703679558,3.117720664137731,2.9053005601556374
23294,pop_2,3.1593913499349635,3.121407275101221,3.403955761253142,2.7015728498289904
23295,pop_2,3.0870790279903098,3.7552281388187194,3.0594416677469254,3.147299689045334
23296,pop_2,2.706052746516363,3.4655348423698698,3.2029291198727794,2.7979636247576254
23297,pop_2,2.9034935787403158,3.582758355307551,2.9318611067045945,2.8960545059711365
23298,pop_2,3.21882643909613,3.863375492597802,2.938588548813472,2.328383698765839
23299,pop_2,2.778727102778763,3.7499189209610018,3.154360264952959,3.2963942286646093
23300,pop_2,3.1677742140240546,3.2528314632219897,2.8071861679033616,2.9826753626601894
23301,pop_2,3.1924769244763964,3.3392227293877004,2.8814455358238242,2.7864509807758675
23302,pop_2,2.797481722283671,3.5199697170385864,2.9387639365187423,2.862851153386677
23303,pop_2,3.2336690221664144,3.4418868811198364,3.364488103579588,2.5556621893323133
23304,pop_2,2.827409590333742,3.176265702117409,3.2714153344380796,2.9810564559950117
23305,pop_2,3.010562962937256,3.8339768812374584,3.2965184895553064,2.181126957998078
23306,pop_2,2.911815996559327,3.183292238610157,2.7569069957505157,3.214435466488379
23307,pop_2,3.5218126574516795,3.6303678061590103,3.475893056065617,2.5954525776063395
23308,pop_2,2.6635126175251633,3.7326208693150846,3.1292389117920463,2.762206469670004
23309,pop_2,2.868968004854408,3.5321980702110967,2.719055020513458,2.519280984813367
23310,pop_2,2.9102342470353757,3.712986420849184,3.4415433768928483,3.2744329213259986
23311,pop_2,3.161934004025007,3.6376776209332844,3.033286186287274,2.7394301826376477
23312,pop_2,2.7439109683343386,3.538037742626251,3.4605673406133386,2.9549344014484014
23313,pop_2,3.094413429671289,3.742015813172607,3.553484702201334,2.67162384016779
23314,pop_2,2.7783233266126346,3.756821541702232,3.8190737829059067,3.04101357362047
23315,pop_2,3.1927363135825244,3.520319987910677,2.358546499343216,2.289792507303304
23316,pop_2,2.773728082223803,3.6514347736364305,3.3718096872823735,3.2936563626846604
23317,pop_2,3.1260240533131567,3.7087932792840275,2.9357258852575328,3.2291027254054767
23318,pop_2,2.961054868683531,3.7850637812427403,3.2018223863546154,2.8823479343944416
23319,pop_2,3.2788244841280343,3.4786117409142543,3.5874370414243506,3.0838854281236627
23320,pop_2,3.3739614367368596,3.784607370529899,3.061368397886775,2.307082464945023
23321,pop_2,3.181529536302848,3.5534194351513864,3.6138646281162816,2.487759211634992
23322,pop_2,3.08909047761207,3.8622027558980343,2.914859547195372,2.4125368037793997
23323,pop_2,3.092554343102677,3.7054832631162853,3.5789903177935125,2.8428136987909043
23324,pop_2,2.8419798838980035,3.6294249959209544,3.270049694109712,2.93254066120595
23325,pop_2,2.7869377275895677,3.3873644277486457,3.2999329894550957,2.591996159204075
23326,pop_2,2.9763765922916474,3.504374137313093,3.579635678682008,3.107813848387381
23327,pop_2,3.02565606005365,3.7643151576829443,2.972585101530973,3.0051137028004953
23328,pop_2,2.6096390247801873,3.5123973360283953,2.6006881546786875,2.7490097623048966
23329,pop_2,2.6424868551286202,3.1244934641288022,3.4521601686449994,2.59059121306732
23330,pop_2,3.211489044301737,3.55143034659958,3.0671182086841076,2.121650605555856
23331,pop_2,3.1669753992075753,3.544483655302852,2.9070153849159874,3.2520691791869423
23332,pop_2,2.9121320168309928,3.5888103097970157,3.341259498131143,2.813864715703147
23333,pop_2,2.656238407800075,3.657229823779107,2.9795700895191,3.1560408862442477
23334,pop_2,2.9057072613575086,3.4637862645908872,3.3076051551824532,2.8080807585029035
23335,pop_2,2.8471599984122435,3.7621631386803878,3.2284777832927167,3.1411395203253214
23336,pop_2,2.8250854060211688,3.3835466343244964,3.1837544535695197,2.6395667415144137
23337,pop_2,3.13289606061103,3.2470021577734944,2.999021187634967,2.913453805473005
23338,pop_2,2.82391685759481,3.668770863295572,3.5275227021110362,2.4613572147278173
23339,pop_2,2.8077350441996893,3.448587963116573,2.910171695457866,3.0160431304454147
23340,pop_2,2.8638971951232004,3.4458952032587593,3.0232014137462704,2.9139266548320952
23341,pop_2,3.055475546341889,3.5943723880296172,3.115446509335411,3.277972440197934
23342,pop_2,3.0283378224996205,3.3565127958829617,3.1132623798631283,2.943536002775494
23343,pop_2,3.3124780940052734,3.862512392164555,3.7377918456671915,2.779321509483835
23344,pop_2,3.319998642843543,3.3107010874615654,3.2850265721114518,3.05297034230188
23345,pop_2,2.8648649682724354,3.5299085182568732,3.3937263071455526,3.3561547544368606
23346,pop_2,3.249826600125305,3.4841136466489697,2.79696807184296,3.115945127355387
23347,pop_2,2.671017185822927,3.1822444388027074,3.1874547070766903,2.784021214030835
23348,pop_2,2.7854564073305705,3.361878721470985,3.2350587590311917,3.1062892040599577
23349,pop_2,3.2430559039795757,3.137394661717416,3.4594648019700873,2.693847118353548
23350,pop_2,3.3702827070904133,3.436680033722266,2.8880121310140217,3.159183416140871
23351,pop_2,2.976111807971314,3.785511970812481,3.586292987085837,2.260328859033403
23352,pop_2,2.6413999448139425,3.6797728199635094,3.2294817932732824,2.980716688352243
23353,pop_2,3.5626631624737763,3.1056836726986776,2.9961215109776194,3.2021538326613816
23354,pop_2,3.271687296628235,3.726431391639415,3.6179300143402373,2.7090737013207793
23355,pop_2,2.4683892737062303,3.1664287308637107,3.1218855350557675,2.479489756626265
23356,pop_2,2.811990098215868,3.471850477889718,2.8456237129353266,2.7088267505461268
23357,pop_2,3.1686468240932912,3.4949902353461155,3.052640258333937,2.7753028166103975
23358,pop_2,3.0486259764937294,3.4717507120341193,3.0352603039097525,2.995978893847942
23359,pop_2,2.7946452411965956,3.6239738807095114,2.970891295796901,3.2846360251071807
23360,pop_2,2.89499282035789,3.4473084643848284,2.9417086273457924,2.699741298089461
23361,pop_2,2.5813703592410393,3.7301362484749605,3.6430614775308996,3.037356833684409
23362,pop_2,3.0717983030468003,3.4579905955427055,3.3512798761810205,3.2175999852926824
23363,pop_2,2.969469721815181,3.180656835598331,3.3890506240878016,2.3084169458865462
23364,pop_2,2.812553175401441,3.18297830903747,3.2839537179202822,3.010570041150541
23365,pop_2,2.66039233862491,3.6707241435666607,3.0551804557177245,3.018463863687184
23366,pop_2,2.542929091764955,3.6180592504317315,3.40724687026001,2.986809940021719
23367,pop_2,2.7173076874716893,3.744951856185767,3.2139114906126327,2.4700816395890217
23368,pop_2,2.8782646985153213,3.0193690248267577,3.641651505636803,2.966018916994944
23369,pop_2,3.206855544622159,3.5117285200976656,3.4396580841565125,3.54310787709374
23370,pop_2,2.734175422596829,3.7280411610697115,3.2300320665764377,3.2343629134416867
23371,pop_2,3.1208395755273597,3.7395249478706685,3.1314296916901694,2.9328823137472475
23372,pop_2,3.2669212539520256,3.9452777129544265,3.8048326211599175,3.328117196462643
23373,pop_2,2.71221354629755,4.101118200788521,3.2887535685244242,3.21562119784442
23374,pop_2,3.189617450793717,3.4039358801680066,3.4036009326501504,2.4089660012103176
23375,pop_2,2.7826536195973333,3.7055743065026703,3.4922895526055715,2.8389513394536894
23376,pop_2,2.7179502500530663,3.6968457449946253,3.4487448651055,2.1347474840553144
23377,pop_2,3.009231679079144,3.6200367978715775,3.220863275451636,2.67885348160679
23378,pop_2,3.225888139388253,3.793547258638357,3.683600075532602,3.2069307792533417
23379,pop_2,2.8065722467790875,3.8263013523742724,3.2333726161010246,2.9032573276079243
23380,pop_2,2.9770911754297176,3.4303236794430174,2.9532824524247867,3.1809257868088654
23381,pop_2,2.9361067176666054,3.499981494112615,3.128994320868707,2.566106813379831
23382,pop_2,3.049761805076274,3.443757962637323,3.2929479124172434,2.9643419727367717
23383,pop_2,2.980619240392462,3.551114578452657,3.3742564539208737,2.5213475931091955
23384,pop_2,2.685355901901515,3.023462642427772,3.1636316858166063,3.288750683796919
23385,pop_2,2.967057996526848,3.4373893734730525,3.303168507927539,3.0285489883124543
23386,pop_2,2.8451754694023283,3.7953001028207995,3.524600309287255,2.606038640650179
23387,pop_2,2.713404871714299,3.5951617244507506,3.542259692098513,2.2945262950725325
23388,pop_2,3.205501659383386,3.782681271560398,3.1897432688102576,3.1945251866150906
23389,pop_2,3.2443411310519794,3.589794254515825,3.4392885356281617,2.97956419244237
23390,pop_2,2.7305654444642204,3.7470587099474204,3.5718833281543643,2.6130913262463777
23391,pop_2,2.907857982523814,3.205316546409506,3.353434648510622,2.974064443398023
23392,pop_2,3.1383013199717595,3.8875812650023653,3.5416302249086646,2.8823341334436923
23393,pop_2,2.9706658931579613,3.458785728021833,2.979620173434991,3.036137333527181
23394,pop_2,3.1896434960903313,3.2643533855785014,3.5850653134979877,3.199028533640935
23395,pop_2,3.0927075740915653,3.5468075211050336,3.14159748783659,2.613941727972684
23396,pop_2,3.50915517407292,3.570712057961343,3.1642010867517363,2.8663614987803
23397,pop_2,3.1370311729183453,3.5035078195902534,2.68582182428674,3.123658040174234
23398,pop_2,3.2525798544640727,3.6621914295221183,3.452489395947487,3.119792825915452
23399,pop_2,3.112304347591916,3.5265364624104993,3.5694210571189675,2.805875140944643
23400,pop_2,3.440834764810666,3.6399912856961123,2.997750320352375,2.672195305114274
23401,pop_2,3.136224611766341,3.197894940997416,3.2728932465862375,2.8389285608436747
23402,pop_2,2.6226474160764237,3.682353751104472,3.1897071196945013,3.02612810524971
23403,pop_2,2.450634259400553,3.509971146471088,3.1085698238304316,2.766176261489843
23404,pop_2,2.9437801221767517,3.4546467203777955,3.6693876813295905,3.4868572273661584
23405,pop_2,2.7605556721529436,3.6187744786668574,3.1686823067391363,3.015356344633351
23406,pop_2,3.0104002472839233,3.733362726674801,3.074235096694158,2.7484492595957644
23407,pop_2,2.8848102039502477,3.2228357185257392,3.0590907653193478,2.825901623644765
23408,pop_2,3.056406404043377,3.7877438894673703,3.70429921135605,2.586557175861122
23409,pop_2,2.867523190225607,3.567192296506893,3.016517542125971,2.533910477970189
23410,pop_2,2.8919402727693573,3.499746589384,3.0521891654650437,2.752566704409704
23411,pop_2,3.0211550868131054,3.4553544362110618,2.721557174156405,3.2589039114813296
23412,pop_2,2.9981956308251667,3.6778399202940943,3.3063490470948835,2.880184793417999
23413,pop_2,3.1586072426576552,3.8356456259521248,3.357921105141169,2.598825783737275
23414,pop_2,2.9213301820149953,3.1407496026704,2.7949843012838724,2.492822562127036
23415,pop_2,3.027871219181382,3.612512742791859,3.7091121042901207,2.699725706592299
23416,pop_2,2.6578162853145053,3.8454877411417554,3.7548850098125652,3.1771306147949367
23417,pop_2,3.207667557138802,3.5862937655210185,3.5427340727382806,2.875031551294161
23418,pop_2,2.599611210082898,3.733503438159629,3.595122531794792,2.916436484830708
23419,pop_2,3.182649464156584,3.558400629290019,3.454079306138347,2.4617159025186397
23420,pop_2,3.154437192056925,3.5711537833961926,3.1479818132905804,2.3532744284338936
23421,pop_2,2.5791080783746576,3.989521461259104,3.0891488457853886,2.71245890934853
23422,pop_2,2.674133633954863,3.545122062801801,3.3467154956550944,2.7334928043102154
23423,pop_2,3.273949614240831,3.748901105607722,3.6215742427563966,2.8128640924962367
23424,pop_2,2.6096243633635345,3.7174846517115987,2.965694757140758,2.582847645717636
23425,pop_2,2.986550110157191,3.6710405118975404,3.5101742582039006,2.72412318508652
23426,pop_2,3.0247391730219397,3.672188808518348,3.358414501293069,3.30277169578284
23427,pop_2,2.7098309388889783,3.746260585387342,3.1130555739971872,2.3645584710962146
23428,pop_2,2.7530266747175003,3.418254033778359,3.595558439032211,3.38607272068524
23429,pop_2,2.7199094287876067,3.571193095527812,3.542067352628093,2.3867954760017107
23430,pop_2,3.134848747117921,3.4785775372601457,3.2575414276288184,2.6478936828716306
23431,pop_2,3.0179876261511187,3.3629627632729,3.0950118747508233,2.9684990001594214
23432,pop_2,2.737889849956728,3.531882065586805,2.8599884409460383,2.6431620516185377
23433,pop_2,2.608125396419773,3.9146072385702726,3.122454122796299,3.27147941184484
23434,pop_2,2.901192404225139,3.5779191770246026,3.278132246652943,2.6021058324236233
23435,pop_2,3.04577429127189,3.4601286615905087,3.3323298972703568,3.4651578327133215
23436,pop_2,2.6683420488150356,3.6603183989566763,3.1580787927952287,3.1651690874384815
23437,pop_2,3.292276525176276,3.5160325709621443,3.312365431612064,2.977542525436985
23438,pop_2,2.8695572207594005,3.1916443067061357,3.271067057367133,2.41930292872806
23439,pop_2,2.530534267197356,3.6998558565890027,3.23826370398969,3.1909697217563675
23440,pop_2,2.6750769981475186,3.7061914137445964,3.3199045901187763,2.812784605974969
23441,pop_2,3.310733516057711,3.4944829607286674,3.271130773037039,2.4401478149525255
23442,pop_2,3.0376312824684084,3.4785606825398263,3.5333241486723987,2.8336474180621956
23443,pop_2,3.1674665087416503,3.515432187996923,3.7083689605337287,2.9284458448397284
23444,pop_2,3.3092419428596176,3.5463461716932105,3.7875024592590862,2.699930879956863
23445,pop_2,3.1995352428831065,3.4477433649535727,3.5187207519319594,2.712936960232483
23446,pop_2,2.9858059063655755,3.7765282633668003,3.1500098644817873,2.2163821817710225
23447,pop_2,2.8041335370497795,3.3273065750597706,3.157758527561072,2.8993347023472698
23448,pop_2,2.7603743897842885,3.4344385822965213,3.6251288968651414,2.843545747565425
23449,pop_2,2.8349992942978446,3.9832744767388424,3.326276857829379,2.5313410919753303
23450,pop_2,3.3165379724682085,3.3052043734595937,3.0462984669958897,2.7530959085124347
23451,pop_2,2.740945965117916,3.4720958349677518,3.733513691059141,2.6147910897597244
23452,pop_2,2.7156289207187583,3.4542259034177607,2.756392035063991,2.724977813664118
23453,pop_2,2.5880889794206143,3.5536364483480534,3.203071295451385,2.882075335335551
23454,pop_2,2.667050557553367,3.6546193563102247,3.1466853906558,2.768256588090044
23455,pop_2,2.922289654109901,3.867362370008044,3.854141664708295,3.1908065084785315
23456,pop_2,2.9372558397706645,3.78365597935589,3.9641154352562102,2.9063452643249046
23457,pop_2,3.354193518699873,3.6994859373498583,3.1036009212211013,2.585629592744275
23458,pop_2,3.20254769988153,3.541698944980751,2.9361838819551775,2.540416661441264
23459,pop_2,2.9988071026662064,3.244233953208547,3.496471716476141,2.9209084668464924
23460,pop_2,3.0017454739673117,3.746349251301451,3.287463891575201,3.464939165111198
23461,pop_2,2.761077334004478,3.2898351511261974,3.740177565152104,3.1929657371652063
23462,pop_2,2.9705665821497123,3.5047832825543064,3.2490840692303946,2.864132091797768
23463,pop_2,2.8307953137626023,3.721069857614113,3.333936238286657,2.576723562270616
23464,pop_2,2.7275938396790367,3.6830943815995068,2.6786903904465538,3.058424853854513
23465,pop_2,2.980592304269942,3.667288437859929,3.4546199335890853,3.1379226460073473
23466,pop_2,3.222604187437076,3.768559155570226,3.079233422199079,3.4405597314174683
23467,pop_2,2.928068074034891,3.7172161754168704,3.353220422329977,2.7289518586731436
23468,pop_2,2.6279732882611277,3.512813224277744,2.3122645734901734,2.9191279880865473
23469,pop_2,3.0410400923236085,3.461328639322229,2.874867900687991,2.800761964571666
23470,pop_2,2.8667597104984788,3.748162949038129,3.30268403609778,2.8182182866905237
23471,pop_2,3.493102071072376,3.6628599448705748,3.227540471380079,2.9120840041729354
23472,pop_2,3.1212442802710596,3.6407766349767967,3.599080131008387,2.8038947200669138
23473,pop_2,2.7096635360061554,3.875543944890846,3.859082407089436,2.6190614385159567
23474,pop_2,2.74912794048367,3.8761674014226424,3.1515268334608373,3.2964081803439655
23475,pop_2,3.0848568341870495,3.782340055372298,3.2922862520638665,2.4820874282017917
23476,pop_2,2.945189463386191,3.4504622623851597,2.7159145954092043,3.1248877902878105
23477,pop_2,2.8542502338967393,3.4555761514273793,2.8920830420430503,3.038151637227784
23478,pop_2,2.9797489045997576,3.1698085967459297,3.6512045925342447,2.970156281646006
23479,pop_2,2.678255532908383,3.2741887564306604,2.9985986539005003,2.858498463574056
23480,pop_2,2.6595082951513356,3.4598195452169276,3.5577667225146796,3.20766758109416
23481,pop_2,3.003961494686425,4.250247927031543,3.8437971116239815,3.006388780490704
23482,pop_2,2.573290845040319,3.4511408113287803,3.0413202056049484,2.8759598704054032
23483,pop_2,2.9636603014197442,3.282597342639533,3.0102889556300787,2.414826682459045
23484,pop_2,3.09488000115877,3.9544694395342725,3.5190519152247544,2.4036990335843695
23485,pop_2,3.371947680477499,3.4118458161651968,3.2876020434810522,2.6686821126267386
23486,pop_2,2.769819756569156,3.4105438783822164,2.9800276742438965,3.0048667302751295
23487,pop_2,3.1660143702280514,3.487948469841599,3.333499851704125,2.8693194670363757
23488,pop_2,2.7599768593950493,3.3012990369792408,3.240952401077425,2.578448098454642
23489,pop_2,2.993058453196487,3.5063075178612606,3.5243295620423885,2.453716201292266
23490,pop_2,3.1333431777852443,3.713513331707044,3.257735956039628,2.8776462073197306
23491,pop_2,3.101713712962323,3.3109006591704935,3.004274331705613,2.615384133498452
23492,pop_2,2.7893994407584524,3.495703059249453,3.0134452405118206,2.98805303770611
23493,pop_2,2.8442861592599393,3.499729401774903,3.3665974862141366,2.7467087455557992
23494,pop_2,3.1493197530159556,3.6329068582267827,3.199080351456573,2.8146163996188287
23495,pop_2,3.385209148737378,3.5989198464995202,3.6458286834404867,3.0719163371863996
23496,pop_2,2.7988762051009752,3.4343547910767,3.142446117890694,2.7578732151470255
23497,pop_2,2.746865327969977,3.3578901365310676,3.2595353555771167,2.8732970108503317
23498,pop_2,2.607823413946097,3.373095100982989,3.329695067058937,2.2548633739219186
23499,pop_2,3.1174647196890626,3.5462113262770427,3.3446491993059455,3.0604087090726972
23500,pop_2,2.8906054366418346,3.4557900521895677,3.2520937490981865,2.601908899984787
23501,pop_2,2.825025260837306,3.6412339936592852,3.1964449651887836,3.0368236991102675
23502,pop_2,2.973463036144457,3.53019272990717,3.0704602378576227,3.0508019351425686
23503,pop_2,2.7923173865182136,3.492726299815413,3.2885164152081123,2.4463410311803053
23504,pop_2,2.7031975088397604,3.3408244982113025,3.097234643548947,3.0640502763545845
23505,pop_2,2.9969880396872086,3.425375281469234,3.1026496784208244,2.688973262106184
23506,pop_2,3.1333632657694537,3.3601200999428946,2.980858242340449,2.7849458767782385
23507,pop_2,2.727698275761649,3.651760431058518,3.4118531994028127,2.689287787281081
23508,pop_2,2.7790875490295255,3.7364336629529546,3.4264584008135825,2.956996508833767
23509,pop_2,2.846700209404368,3.7711890083999626,3.4305542463919965,3.3294804532208473
23510,pop_2,2.846283842151793,3.2714860956239016,3.2326683369222846,2.848822082346466
23511,pop_2,3.1622443085091834,3.19718590653223,3.311335830404783,3.1856169059698036
23512,pop_2,2.948072467236562,3.691120303732069,3.336282509065229,2.9744992538097557
23513,pop_2,2.665624346690053,3.386370644315727,3.031889285737963,2.7407023753741484
23514,pop_2,2.7239122563703844,3.5720380651448034,3.4520964356078476,3.560288766470806
23515,pop_2,2.706502873184001,3.4105688771026603,2.9812621682040628,2.8485128075598993
23516,pop_2,3.0350772813905107,3.3624779798900772,3.332478463709398,3.019618777925708
23517,pop_2,2.7506099762405527,3.6281732896988275,3.585358013445632,3.204251021603442
23518,pop_2,2.979029518885034,3.7459025073342382,3.4131576495683666,2.7696994460051814
23519,pop_2,3.0143571163942386,3.519022295346438,3.00718810115639,2.872954996749764
23520,pop_2,3.025003174809353,3.686751948547731,3.2819164566590566,2.728197502745213
23521,pop_2,2.4790036689231965,3.124720394656576,3.1692880246834036,2.6902429103951944
23522,pop_2,3.1459483767594154,3.4999346961025486,3.4884266899954555,3.0979688204663667
23523,pop_2,3.1225649722410505,3.35696355335897,3.8028003059582582,3.2292088127400103
23524,pop_2,2.806402282166189,3.3549802590277094,3.338253161781709,2.958438469241322
23525,pop_2,3.060422929048255,3.6207238898954732,3.540400876805829,2.5978217499602785
23526,pop_2,3.1314569668433996,3.4979705196297695,3.2726807159788436,2.6818507914506413
23527,pop_2,3.0096417716482624,3.370490258158818,3.6688243921088737,3.477230271814999
23528,pop_2,2.648896117692473,3.40956874806962,2.919192930964945,3.282812255601775
23529,pop_2,2.6199661773908685,3.283219387050307,3.4852098106708724,2.867015064601143
23530,pop_2,2.5846591699354393,4.067994432200278,3.8891221373228024,3.119790099510593
23531,pop_2,2.8401136833380933,3.619054584192834,3.0209318508600753,2.9556366958953597
23532,pop_2,3.2578075841087233,4.024606613097314,3.664174340412981,2.6500013364327137
23533,pop_2,2.804155141522401,3.780358510616632,3.48776879432183,3.005445301034258
23534,pop_2,2.5265070002002235,3.7246102556347127,3.0825386928152705,2.7339147424129604
23535,pop_2,3.1248704066236415,3.2656013050053705,3.0549405512641603,2.8115994980935146
23536,pop_2,2.8067506088707352,3.2568123419840314,2.8500288487290364,2.8555881006407993
23537,pop_2,3.258598666733488,3.6082449345434027,2.7708913423289334,2.6587637495918175
23538,pop_2,2.976599840923302,3.8375229203913426,3.3008340316240345,2.564120211168879
23539,pop_2,2.9217546881228436,3.8075108307385914,3.1552538261925567,3.2434351869780835
23540,pop_2,2.801882961687009,3.5113039284019423,3.654873202477588,3.184019973988898
23541,pop_2,2.678544770917399,3.68017963774914,3.0293324783191204,2.36751100607318
23542,pop_2,2.7575533599033464,3.274752041832251,3.104490369148536,2.561610974416879
23543,pop_2,2.9681826617632616,3.540481954822284,2.8992218806056043,2.6057132833463537
23544,pop_2,3.286389350270076,3.56504937075893,2.9785489025928182,2.875160302531112
23545,pop_2,2.9655100731679864,3.441662200654305,3.1219823299182976,2.5736629026780924
23546,pop_2,2.9456535350865,3.0358248400424026,3.3466781547705975,2.7674390133358107
23547,pop_2,2.9764695562371815,3.5818349428080274,3.0627424207208023,2.9356873948981255
23548,pop_2,2.6073303562728216,3.5774229561330353,3.427929073934535,2.6385945296595708
23549,pop_2,3.040239144973534,3.476116666013009,3.2598897413426817,3.0419306509182005
23550,pop_2,2.9229713484259143,3.6331434483979277,3.7182189217492807,2.8609659511926484
23551,pop_2,2.5509137073619326,3.7914681894445375,3.8597781271217464,2.753998383590289
23552,pop_2,3.080623135051145,3.462654124578709,3.1826101332648644,2.667863641865078
23553,pop_2,2.869464201159444,3.914327067531387,3.5506386876444296,2.1585865555212176
23554,pop_2,2.9781141097329176,3.38172905996111,2.439150007695784,2.977096056346591
23555,pop_2,3.081560460173182,3.6298368100983827,3.593073198523739,3.14938471386919
23556,pop_2,2.8868439930741645,3.7280273252878837,3.0203888514425272,2.6476799191233518
23557,pop_2,2.3858791937961428,3.79725140899308,2.986231914185388,3.2110343021422247
23558,pop_2,2.892762053814893,3.8429458205334814,3.366046421027841,3.0140677166815357
23559,pop_2,2.843658752692849,3.7493753203456204,3.3592294248890733,3.1398483571519424
23560,pop_2,2.830135540532872,3.470873781034827,2.9471145007371726,3.4731419809491677
23561,pop_2,3.0384280303652544,3.6722073326190183,3.094090978040482,2.6552363259478167
23562,pop_2,3.1248247443270754,3.574992473023202,3.482849586142666,2.8809245621632456
23563,pop_2,2.9400924927070453,3.622685146236285,3.368368785844629,3.126951713985439
23564,pop_2,2.690082481937247,3.8281175803266754,4.153858243396867,3.1391000846301695
23565,pop_2,2.9720402486337383,3.3830137598663486,3.3190305227093053,3.0228453906942763
23566,pop_2,2.6235894870760745,3.554188462435146,3.1113031300442247,2.880015022391821
23567,pop_2,2.6818844955153556,3.604706414085489,3.302454217294603,3.1977666250701113
23568,pop_2,2.789849863964946,3.417847764975362,3.4743158870448694,3.090224606124721
23569,pop_2,2.946927352998461,3.758581434383818,2.9502127748851894,3.135245953506566
23570,pop_2,2.868069686073254,3.803369483585591,3.5664441062551426,2.9483722845457003
23571,pop_2,2.972949367149152,3.649965273521809,3.024228385239562,2.604875588330299
23572,pop_2,3.017589360808326,3.5285149742667277,2.942594854566279,2.724107073054917
23573,pop_2,3.022199510462783,3.744736928942261,2.8278400461768314,3.0958421584116644
23574,pop_2,3.067234358132214,3.6324194655352704,3.732279768188916,2.7479014529077257
23575,pop_2,2.3499625394364823,3.3076898754400137,2.711414854347331,3.317447469933467
23576,pop_2,2.6481582625790976,3.4636185313702454,2.9981669585621855,2.927154539689721
23577,pop_2,3.003225149225824,3.5148986195901277,3.3464134578839104,2.549811215406468
23578,pop_2,3.0428125701453315,3.1544019961341796,3.5570821976196116,2.9896104626998024
23579,pop_2,2.9375583907394556,3.5412073560937904,3.306260282558922,2.9699398900399556
23580,pop_2,2.8811472611558364,3.5944304605052997,3.3213849393988406,2.6044783507204934
23581,pop_2,3.016800929902318,3.4770025995692473,3.4042435164402245,2.6625089583986727
23582,pop_2,3.175364174540651,3.9756746388614697,3.7791506104083994,2.883586975688042
23583,pop_2,2.866765968163304,3.353044063308622,2.959208414574876,3.4384688886397017
23584,pop_2,2.4589402811551357,4.051782425883011,3.1334632049587556,2.8338658490437427
23585,pop_2,3.1647264830504924,3.7410875544888476,3.4066395005264076,3.072821388676023
23586,pop_2,3.2789295233519655,3.2538992985531747,2.8206594122591984,2.4716300972612233
23587,pop_2,3.14944563091741,3.155639843152855,3.2531566451353546,3.3273310407093786
23588,pop_2,3.176970554739951,3.6015027502317203,2.8171500294428258,2.324515144094317
23589,pop_2,2.7963975784541497,3.5999928078694508,2.7183318592527326,2.491487621950865
23590,pop_2,3.2389276636244233,3.557295593094146,3.1320061821055316,2.6967485325169016
23591,pop_2,3.146377313938778,3.4573615527042896,2.5925478840601768,2.6755739092409825
23592,pop_2,2.7591445574801776,3.417044990772229,3.453015514689405,2.801055059594317
23593,pop_2,2.777264872253442,3.8315782924817037,3.890708183136332,3.2041192043292472
23594,pop_2,3.0171822815506992,3.6220635349507533,3.4337289283907597,2.02970646925922
23595,pop_2,2.785071573736469,3.5409474088357027,3.2212285498001236,2.8196049806715906
23596,pop_2,3.223153253313062,3.6306915751669653,3.526766269603567,3.082372933428106
23597,pop_2,2.7093701208735634,3.87384834062471,3.4518386148859124,2.783435672084056
23598,pop_2,3.257708709526524,3.9808885438013055,4.02945284645054,2.816428791275052
23599,pop_2,3.0758024790542673,3.461549151514622,2.7937078560087243,2.3822598360579974
23600,pop_2,2.758968840775224,3.708807447597783,3.535595210859066,2.816004830294329
23601,pop_2,2.970063438356072,3.5965438008834463,2.8821261737584685,2.8092436828863274
23602,pop_2,2.577834346022569,3.2115105246644653,3.4533350655768853,2.850494958893464
23603,pop_2,3.2068869648535925,3.3430041059264193,3.2734544470829565,2.6410025818796994
23604,pop_2,2.848914579868084,3.591679515966489,3.316138128109223,2.6225099783057955
23605,pop_2,2.8102531722182684,3.4505645462120946,3.3739709288731508,2.7838501517453396
23606,pop_2,3.144354889640846,3.3160178854029456,2.9682138098131965,2.793784891376874
23607,pop_2,3.2463761811549006,3.2705812325970305,3.2204144802421673,2.9463145788976544
23608,pop_2,2.980392639920702,3.326969699723812,2.9208712688145284,2.986693171994191
23609,pop_2,3.064744244572812,3.3997652507584957,3.6862876159999463,2.924421444319089
23610,pop_2,2.783037081905904,3.771573481054868,3.281858848093119,2.6390600376664812
23611,pop_2,2.8510345720288575,3.734425858720254,2.8531567126361925,2.835229789121013
23612,pop_2,3.0859552502633765,3.5680684591822125,2.672222654020364,2.6519039577571784
23613,pop_2,3.178514901030645,3.5109023805527784,2.6331284010623923,2.6040679443216312
23614,pop_2,2.979447819598351,3.34786140014888,3.014650009655276,2.425507578704522
23615,pop_2,2.5319229903915415,3.562681843318067,3.2722498334821988,2.59133585939027
23616,pop_2,3.059501941199435,3.0534707908135816,3.40543470818164,2.7372075770352504
23617,pop_2,3.20691199822543,3.5526071437856728,3.4790995000141343,2.9851843895822223
23618,pop_2,2.8555873008390233,3.412861965967467,2.9980683108532573,2.4150957023161435
23619,pop_2,3.179024168505038,3.878985264106619,3.6357180022775215,2.5673843923809185
23620,pop_2,2.7426624923959726,3.674490215503278,3.21342669810346,2.87197559852696
23621,pop_2,2.9202305618817204,3.9965322817465543,3.6144076270582204,3.1089319515576026
23622,pop_2,3.0383907444582325,3.6286144262588524,3.107654202346635,2.534469903658201
23623,pop_2,3.2800747820838216,3.8199247041326583,3.4936533517195776,2.779556098933033
23624,pop_2,3.105975916667782,3.8861297782671542,3.298150720420564,3.041928117477414
23625,pop_2,2.3917033541729436,3.619756863550986,3.161681873411773,3.4120622785207306
23626,pop_2,3.0122084090757903,3.700919371461639,3.0551179941735414,2.719012861760133
23627,pop_2,3.305928525559943,4.0424885442508565,3.3671787660186063,3.0503602237608964
23628,pop_2,2.7009688717023757,3.411841224844227,3.447051330674262,2.7543298661442335
23629,pop_2,2.889886468296582,3.7478857097478433,3.567967179208187,3.2172888654041074
23630,pop_2,2.9395954074836537,3.8401708663044434,3.368266928885624,2.346450026191812
23631,pop_2,2.622581713124365,3.475698978639226,3.0302577087020195,2.8879671097834865
23632,pop_2,2.853866243287997,3.7147850119629604,3.6438080016473062,2.788566904582142
23633,pop_2,3.459286213154413,3.7098960993241064,2.943583178366862,3.186875631570291
23634,pop_2,3.1800640395921613,3.417439522898593,3.4671660574721104,3.379904816364897
23635,pop_2,2.818998713569337,3.4776395921630345,3.60789073797123,2.9998600373586437
23636,pop_2,3.016964019007514,3.3186238565691206,4.033676799231986,3.2197716076450966
23637,pop_2,2.7585162037030724,3.3846808850959755,2.9363851543081076,3.147106230850684
23638,pop_2,2.940558192629265,3.734643803331547,3.6816517731436686,3.029186710535847
23639,pop_2,2.9955029661683508,3.625959346071201,3.5291361568962434,2.5769367156556013
23640,pop_2,2.8869365441461823,3.6843010744752913,2.971349922736319,3.4541767171726767
23641,pop_2,2.508929899410277,3.8400025398178363,3.415941408162494,2.729955625613684
23642,pop_2,2.8894851916116235,3.457353601922781,3.6124051609959102,2.8572046069412287
23643,pop_2,3.0458343381200197,3.5965519121933474,3.739881439827242,2.7859034487341576
23644,pop_2,2.8827081659952603,3.4681293908837394,3.860133759801664,2.8832377798869553
23645,pop_2,2.9373886525950135,3.733944795982193,3.0768897694320474,2.642546684530721
23646,pop_2,2.8529708662571194,3.468438499456126,4.146943742308301,3.2613548168682263
23647,pop_2,2.8295528434068298,3.52235480228131,3.305983731081182,3.1673423809043637
23648,pop_2,2.9876620034442443,3.2370065709361606,2.8854148767523977,2.4049271719174374
23649,pop_2,2.7904852097021835,3.3783510491685407,3.4742606692918168,3.004578016452834
23650,pop_2,2.8649511433077985,3.7875739844457765,3.1683492798327793,3.395726880427706
23651,pop_2,2.8136854117293204,3.55237511730365,2.8386751670051664,3.069622824205209
23652,pop_2,2.6674163239924815,3.7803586859364127,3.996797470763293,3.02670566536421
23653,pop_2,2.374911428740648,3.3256751508625415,3.6122703301514067,3.204674303199373
23654,pop_2,3.0509780403223443,3.3697583795283013,3.1727459230586406,2.6322302816205685
23655,pop_2,2.800049592423281,3.598880550661833,3.644386723550009,2.9040632545078418
23656,pop_2,2.6871950685188097,3.4895232247896177,3.2424464025294806,2.3728623336178774
23657,pop_2,3.181901998616813,3.6258183612310715,3.2669638822997507,2.576288788547281
23658,pop_2,2.8856866150129545,3.888741787558184,3.4618149451414393,3.144042653361475
23659,pop_2,2.7639285445009745,3.6930305459649833,3.2127379713042896,2.451050189800269
23660,pop_2,2.959626854460503,3.4773680775162052,3.3161495486294066,2.5310452166409627
23661,pop_2,2.417740193367774,3.5437245463727893,2.669645446463433,2.7420270096735875
23662,pop_2,2.741445623193989,3.7422831016542193,3.4795032305499163,2.266811206766393
23663,pop_2,3.1157548284821854,3.4261698036214763,3.4067465300446154,2.475725958433485
23664,pop_2,2.5715011144279796,3.226015320441193,3.2878004298638173,2.988921694663542
23665,pop_2,2.9540052409468913,3.2518401895343434,3.4088884715525003,2.8365978740487625
23666,pop_2,2.9712405620708866,3.580909969483158,3.8142734964323752,3.149234315732121
23667,pop_2,2.873827597547621,3.2902157679253516,3.7132541137023933,2.4303679602389647
23668,pop_2,3.288409654155098,3.4135705907546523,3.257967578818331,3.0413770250425776
23669,pop_2,2.9805627046528542,3.509407629194179,3.6459658164819215,2.7585097870942654
23670,pop_2,2.6804942343852867,3.4276141354999754,3.2613317567136195,2.8556300360544364
23671,pop_2,3.270277986862497,3.51795774404129,3.5737170518738584,2.726257089011396
23672,pop_2,3.1138382004864864,3.5578066593940787,2.757688675783109,3.055484278326888
23673,pop_2,2.7437240053382905,3.7260150384460102,3.1821664108106575,3.487359566172349
23674,pop_2,2.9907023529113843,3.3061617516329167,3.550992811330934,2.655552244215238
23675,pop_2,3.012844706963323,3.614718869058855,2.9828405645761005,2.4427029232762933
23676,pop_2,2.7156577594442823,3.643551516563484,3.0302319030321176,2.7796756582839497
23677,pop_2,3.1511216111753857,3.685409657339276,2.751167077496331,3.102279558478281
23678,pop_2,2.5112825789715334,3.3515267046774864,3.397147172344948,3.001785783413102
23679,pop_2,3.3499058339459813,3.1279451468575328,3.046227419213802,2.710712396651528
23680,pop_2,2.689859686855424,3.777596138227519,3.1386353372574254,3.0728968413663877
23681,pop_2,2.934406209634884,4.018107469947627,3.7233049949948223,2.4666983462787635
23682,pop_2,3.036231560551163,3.5496638461829515,3.3801765477955295,3.1151148904901422
23683,pop_2,2.733472268071287,3.4794906980844886,3.857150444286373,2.8737754180301875
23684,pop_2,3.067947208338935,3.7958693706409146,3.2561539636639787,2.819662289690216
23685,pop_2,3.0028100227705257,3.55580836693258,3.146985232571406,3.0583225066863533
23686,pop_2,3.171281925095243,3.6281672891308188,3.093626651522721,3.2499289670626355
23687,pop_2,3.0384904507709205,3.3530914191356853,3.1126164747143066,3.1727700819637756
23688,pop_2,2.8307569463125772,3.3771894386151864,3.2761433141610348,2.6328848346180247
23689,pop_2,2.713766382671432,3.5149290617826145,3.1855849351118772,2.8416764449885816
23690,pop_2,2.9604279704832637,3.601488427193946,3.269178199595025,2.892000423667612
23691,pop_2,2.91431405974666,3.3796584884789205,2.6748740892883474,2.439981860732277
23692,pop_2,3.0152940872165894,3.5998262746653937,3.2029758150769654,2.7655755140199925
23693,pop_2,2.6459349342714975,3.4962890168112266,3.8302591263633903,2.944330572207783
23694,pop_2,2.6231087729756264,3.708576029757747,3.1152592420684044,2.294688649486318
23695,pop_2,2.646791936427025,3.5052578374441627,3.4085040048596444,2.939659341617438
23696,pop_2,2.590221181607741,3.658273631209624,3.5159956955764144,2.98197527690868
23697,pop_2,3.120429247954054,3.5462176778795453,3.596588266946288,2.938112049042378
23698,pop_2,2.7470804273538603,3.623043370259667,3.9605694622939382,2.725189061364334
23699,pop_2,2.9814640915775805,3.948497577147066,3.3551363315870795,2.9082385800461665
23700,pop_2,2.9193417978246443,3.664354769375743,3.620028150012428,2.5807313593680754
23701,pop_2,2.3812742145013397,3.471409950210414,3.448710048607613,3.088789001661417
23702,pop_2,2.630803864888187,3.3096872294752555,3.374322313164326,2.597166537437845
23703,pop_2,2.4860347053811642,3.579472942687565,3.1951892148058096,2.9720118941522733
23704,pop_2,2.801708269451623,3.333899316400757,3.20186648225334,2.549815619117752
23705,pop_2,2.977011969474782,3.57149341800116,3.370719044230575,3.185183031589142
23706,pop_2,2.7710538256255375,3.7258397718152403,3.0538190796601903,3.472349650868991
23707,pop_2,3.108056137861287,3.9004080077259093,3.0897507861721856,3.098565304863479
23708,pop_2,2.7550228074592464,3.650813423271851,3.4456882586419613,3.0643767016909718
23709,pop_2,2.545624680911895,3.469234169137251,3.332697512584721,3.250499144480147
23710,pop_2,3.283419456751374,3.782470180651237,3.187414174905003,2.3734638006734055
23711,pop_2,3.1262390594989924,3.5641455983955024,3.002071733353098,2.5951714179065104
23712,pop_2,3.055560360868477,4.016088057878429,3.295288598428122,2.779512632885592
23713,pop_2,3.00622809672448,3.6543603900811115,3.1125035997965487,2.8809410449479445
23714,pop_2,2.2219670444955,3.7464017702561585,3.2421769949666523,3.2215464363973805
23715,pop_2,2.7554116069991097,3.575600353178624,2.984228801710025,2.281831047723273
23716,pop_2,2.953377879878873,3.5556521544353656,3.0203099032527483,2.94844965195622
23717,pop_2,3.361008737396509,3.5099554944595504,3.1377848711753225,2.87238061084083
23718,pop_2,2.8922831007935077,3.611790701055805,2.9227324623383213,2.9442886668719637
23719,pop_2,3.028923006699829,3.6631226182023773,3.534554588594141,2.358071773468415
23720,pop_2,3.2526999920450566,3.342701022223309,3.367286018705054,2.6385220291807414
23721,pop_2,2.889564156772872,3.1731865762012794,2.801789355887124,2.46062023176763
23722,pop_2,2.961684484612978,3.4124912722045466,3.523195303645505,2.413273270292492
23723,pop_2,2.417203323930664,2.9885312576073115,2.997959567550388,3.223679942480169
23724,pop_2,2.4407756303584294,3.4709463546996546,2.8210367548474733,3.118168863179733
23725,pop_2,3.105959518691879,3.5474153484633812,3.594134361879435,2.8438843264747433
23726,pop_2,2.7852716979044008,3.514926639084457,3.5361199085106154,3.335162698826382
23727,pop_2,3.2267165113905456,3.613704833714749,3.036858526749154,2.860195282602282
23728,pop_2,2.744120456931414,3.636083551343359,3.285063387333462,2.63670813213884
23729,pop_2,3.0654703910047036,3.9329652407367837,2.987659724531712,2.9272051473976997
23730,pop_2,2.9172552144298343,3.3386718601279473,3.345985514367475,2.7800544512290517
23731,pop_2,3.107287405530719,3.4549368338134085,2.98797272732046,2.904027405661095
23732,pop_2,3.029971299059171,3.6743626965443017,3.4233223593448647,2.9405052722397067
23733,pop_2,3.1923781443595844,3.787088914244469,3.695656599712674,3.429822359814265
23734,pop_2,3.2306492569515908,3.4723149170703542,3.2099297934153457,2.790306908489387
23735,pop_2,2.9233510305069377,3.832316434705315,3.475168231798918,2.762109759183068
23736,pop_2,3.03069618062888,3.772166692986479,3.5771382369593216,2.848210263241718
23737,pop_2,2.940414934642438,3.6693323795873023,3.1666857197026714,3.0647167099494976
23738,pop_2,3.0168059207838995,3.5550918475191393,3.3997794102880636,2.360433477946739
23739,pop_2,2.8829010964681223,3.9904690157236566,3.7427413769921043,2.4670519034570257
23740,pop_2,3.049948780353009,3.113850123761169,3.239825851732274,2.996265609549858
23741,pop_2,3.1711955228922784,3.3745107645697563,3.0000421779185484,3.036896060489165
23742,pop_2,2.687674942900759,3.6167342054331173,3.215938091568429,2.485340273477803
23743,pop_2,2.8952516190731896,3.3652974546537666,2.6843342283013643,3.5067895373338587
23744,pop_2,2.7870964782203136,3.7409427426834974,3.1712322632794216,2.60137660297687
23745,pop_2,2.874850784278797,3.654258842762081,3.5572985136708635,2.5649314269978905
23746,pop_2,2.6967261229710764,3.431123942116914,2.8923624679650004,2.9850038530040073
23747,pop_2,2.893959947159392,3.7012071690213455,2.727825199346099,2.8606974580413698
23748,pop_2,3.1950081258264955,3.422360060365413,3.202655459051737,3.0545770874750375
23749,pop_2,3.063927017708836,3.574067960947737,3.156745525809708,2.336093849009884
23750,pop_2,2.7005961019173768,3.451438764681673,2.9415294164159405,2.5055124450764534
23751,pop_2,3.054243981698016,3.33722410441959,3.311283351127578,2.891529369130645
23752,pop_2,2.9609335478764627,3.178501782809261,3.262063081367685,2.9189447933897688
23753,pop_2,3.2165341824996605,3.455574113122298,3.835820116733553,2.984293037822957
23754,pop_2,3.2707192193262453,3.8439116640059243,3.20012707507698,2.6135238429167207
23755,pop_2,3.10425103451994,3.3721257046749677,3.6468764399939757,3.247446667880217
23756,pop_2,2.6334904006095825,3.5584172382581265,2.9831954110314154,2.9596771260855053
23757,pop_2,2.764751808636854,3.4399614499400677,3.3424550610695993,3.1323619321774
23758,pop_2,2.9680082414757205,3.7623754234959623,3.356774140917613,2.2239124128994217
23759,pop_2,2.8051084662007755,2.9355718308614516,3.2088014147377613,2.8133262487164226
23760,pop_2,2.914379142235169,3.4755590320112075,3.1504133109436463,2.8199245667079103
23761,pop_2,3.2388606362892594,3.7831629766333044,3.165569610820119,2.628885633129485
23762,pop_2,2.482983364286707,3.3311853042204014,3.4314303165273867,3.5764226921356896
23763,pop_2,3.0802059700066016,3.836089824166478,3.603859203687152,3.4277848940632283
23764,pop_2,2.7946751376029626,3.4052406615583783,3.2421347486239345,2.645349388724217
23765,pop_2,3.2689675918028236,3.7147677745463237,3.416794793365288,2.106805829903905
23766,pop_2,2.6860584620007897,3.1326921062882835,3.450563036189365,2.6283269854345868
23767,pop_2,2.997359962469363,3.552195408130659,2.862660276016672,2.5471145159492803
23768,pop_2,3.0590898180689767,3.521826287639784,3.3922630724328244,2.7232395149716218
23769,pop_2,3.3473470086944332,3.834614809032746,3.52127814037749,2.3498324192295192
23770,pop_2,3.2580332838189836,3.2592357645673835,2.72102277989485,2.2028844554544613
23771,pop_2,2.970659412352799,3.9659671808631995,3.0813260182623403,3.3656953819015683
23772,pop_2,2.8250719571891394,3.4267586262505634,3.4670839409292764,2.3375981052298718
23773,pop_2,3.2665468662746218,3.642910107197317,2.8595926195779855,2.1188231664872412
23774,pop_2,2.560506687420796,3.7293956046205166,2.8879082868065735,3.0136791398462788
23775,pop_2,3.085634888603573,3.272489392160621,3.0533380966963044,3.0014973564564924
23776,pop_2,3.2640842414785385,3.659259964302674,3.109778822539744,2.6652052197334317
23777,pop_2,2.851074142650922,3.3663296740475444,3.432231736988779,3.20157358104982
23778,pop_2,2.7649189199670468,3.0971771092318243,3.285249179893427,2.8240143774526802
23779,pop_2,2.7360948777117597,3.7804108173321604,3.6358304118186986,2.621098785838413
23780,pop_2,3.246892896618759,3.6512764226015997,3.1886386861727534,2.505305894697243
23781,pop_2,2.6801460157379307,3.547297560348557,3.4064312911149917,3.127990814705189
23782,pop_2,2.519220092460718,3.626120006121377,3.3530943928879524,3.087297355586858
23783,pop_2,3.234516169263435,3.3728949704105355,3.2198039256443556,2.891071693659878
23784,pop_2,2.8356903730783336,3.846537373469645,3.5982537463114963,3.108766888332881
23785,pop_2,2.795278839105696,3.4301643930519474,3.2859582824220266,2.603051594377234
23786,pop_2,3.1384751170789422,3.608251738026493,3.2608936743992345,1.966260333649068
23787,pop_2,3.035574607617101,3.844586356579209,3.699630006228117,2.7730813503773217
23788,pop_2,3.2909820127896374,3.3575530121370076,3.2449810088270077,2.650594496096398
23789,pop_2,3.100983352075188,3.5713475073617116,3.272419890638517,2.8383828847139374
23790,pop_2,2.8626445394782167,3.919446466039314,3.345919586993834,2.7730754774587574
23791,pop_2,2.9721134165725602,3.707981881794832,3.9220618205153612,3.3040970868191124
23792,pop_2,3.0537740164440774,3.728516841686697,3.4532954094111226,2.8682033407554304
23793,pop_2,2.5335665404620453,3.4832253263552744,3.3941574468546984,3.1748895055283994
23794,pop_2,2.903458160844135,3.9911888188705023,3.3329717916297192,2.6591240676826318
23795,pop_2,2.8493793401039538,3.7367809882794334,3.376294126601081,2.808336870862493
23796,pop_2,3.170673111654242,3.59806429737355,3.3940902346580013,2.669342876917742
23797,pop_2,3.0224331740753985,3.7939067133922175,3.9059686978223738,3.3793166323819896
23798,pop_2,3.143478514366579,3.85903036699343,3.4325327662252003,3.0433773313181467
23799,pop_2,2.6789487096527638,3.771202946057645,3.3418674346899424,2.9767803835132884
23800,pop_2,3.001745844250778,3.2199897511626547,3.6422797187729263,3.037890397634708
23801,pop_2,2.9261710329955695,3.4963951164007883,3.005635243864002,2.5946874155290263
23802,pop_2,2.8852533834392995,3.429995544972801,3.3504902544174864,2.638130351534608
23803,pop_2,3.2168042193084068,3.681664405889596,3.7998998697540682,2.4671750943012394
23804,pop_2,3.0691369938811914,3.6906175008574484,3.5881800580960634,3.3041917763765576
23805,pop_2,3.3007088533399553,3.5498676598988643,2.9668007092328463,2.770815287342415
23806,pop_2,2.8146943014694705,3.4919521781237433,3.4454899933820684,2.8155474075088156
23807,pop_2,2.9163573455469365,3.9796237413404643,3.007936398271309,2.7956398515929024
23808,pop_2,2.7496829802367384,3.3682447100784625,3.104519747148129,2.6580146548017556
23809,pop_2,2.54936310774034,3.6408245772421126,3.769929702350132,2.9797177897758984
23810,pop_2,2.920696436659689,3.6326932329466306,3.600638694716231,3.074655736155391
23811,pop_2,2.6809454157965074,3.2646746979491517,3.1700607654250317,3.0360894392210342
23812,pop_2,2.9113910857488703,4.028395025673341,3.4608776400356622,3.303738822271781
23813,pop_2,2.845393150107493,3.1421766926286945,2.929200318211377,3.2238068152396973
23814,pop_2,3.0806548289513396,3.4455625850421523,3.3583005238753088,2.4304716611614774
23815,pop_2,2.9011961947597227,3.5359806279269246,3.2256912975274115,2.823988825816122
23816,pop_2,3.268338626837461,3.4392406106829934,2.6884638741440643,2.668068274433879
23817,pop_2,3.195154434023828,3.5623355892394484,3.4727343522943546,2.8851352666542023
23818,pop_2,2.5372198508454615,3.398745140816151,3.51895166718817,2.340742513539276
23819,pop_2,3.515511403239733,3.3893401414079842,3.364598042969021,2.7496034179455764
23820,pop_2,2.824676430188378,3.365675012496227,3.2286222400215823,2.953289111773238
23821,pop_2,2.6341827627770713,3.7458863002651053,3.3585535197720437,3.1370152324480207
23822,pop_2,3.237256424319808,3.4827253637197946,3.1224024210423247,2.790668812292935
23823,pop_2,2.755009991638457,3.30080604368613,2.6968856822668883,3.2820552570768946
23824,pop_2,2.9577566090148717,3.887929774846613,3.1669315226711747,2.7571547705826296
23825,pop_2,3.367940751939786,3.3848899295377857,3.499050005939254,3.0953980454831505
23826,pop_2,2.6549708460905803,3.241456581762113,3.37584111263772,3.0719004379430013
23827,pop_2,3.1718531728290786,3.455777012645804,3.681413951377988,2.981647365971718
23828,pop_2,2.957602241008915,3.8328399122685672,2.752656344654101,2.68074610381775
23829,pop_2,2.6651504309789233,3.4712895283409333,3.12810327336859,3.2091826327215522
23830,pop_2,3.125874860927864,3.2103666813134693,3.5804327191484844,2.729386882068794
23831,pop_2,2.865312154429171,3.5401783820454464,3.174063464746132,2.685563736821527
23832,pop_2,3.032953846098051,3.2431303093254007,3.3548214501405202,3.062166672078982
23833,pop_2,2.7880208897598524,3.824460401693165,3.5341010802184574,3.275797208099986
23834,pop_2,2.686459272279099,3.5173753622862716,3.244725124086874,2.9949172972255456
23835,pop_2,3.327785054103212,3.5123872325895222,3.310160863535027,2.9891730131610634
23836,pop_2,2.7684368955131147,3.4494601362277786,3.098728485760342,3.210500484146098
23837,pop_2,3.062519437403458,3.720323421021654,3.4656517527836064,2.796685873512806
23838,pop_2,3.2111363355770286,3.6273080006378478,3.167576775508372,2.903610138946388
23839,pop_2,3.001661989159086,3.5333549079835516,3.532162683542083,2.753880034648228
23840,pop_2,3.19200321517963,4.004327808070222,3.770584264756538,2.7580061314846707
23841,pop_2,3.209731558997173,3.4136408811110766,3.834251357768064,2.6070339253278387
23842,pop_2,2.9204712822889887,3.744301551272261,2.971593396107074,2.981928331932754
23843,pop_2,2.705124156202851,3.3363630115148935,3.5521945315027676,2.995846953423853
23844,pop_2,2.92395879469919,3.3688055159712214,3.6043761286463414,2.76521662066333
23845,pop_2,2.98548999696337,3.550836746816229,2.8253547160396226,2.917280332447814
23846,pop_2,2.5011129955199105,3.692762364171706,3.7506103864814015,3.029494475619789
23847,pop_2,2.7612361030109582,3.8724693612394545,3.409351436522154,3.038027436214814
23848,pop_2,3.2506940230415475,3.994122361939262,3.277286161220598,2.4251164474521456
23849,pop_2,2.8891272669554127,3.1736962296674087,3.057238706073339,3.1435027253725636
23850,pop_2,2.7699625298314157,3.6447964871152436,3.3841117695053713,2.379804864761205
23851,pop_2,3.0743597340705136,3.588282621451529,2.9689946128486127,2.949169642854706
23852,pop_2,3.0060513472499135,3.613098089634024,3.252684099759343,2.422301742631927
23853,pop_2,3.1654871175632673,3.474523044162741,3.344784974878369,3.2729493748362306
23854,pop_2,2.597400956783549,3.443685415837764,3.039330394797482,3.161546984491601
23855,pop_2,2.8451003535295265,3.8098570087823473,3.2012524369398414,3.012087797064586
23856,pop_2,3.128445038481126,3.4220347315959465,3.319015788039914,2.524410849283607
23857,pop_2,2.967640068542553,3.324372046776756,3.180054303897295,2.8759169846128665
23858,pop_2,3.365992312591798,3.1692627450774404,3.59099353267953,2.33898234217198
23859,pop_2,3.1985784068612646,3.6350659247910153,3.6197318161996686,3.046328435918636
23860,pop_2,2.767864402278457,3.5916537230552783,2.9879146828204215,3.066653729060375
23861,pop_2,2.8104781124855864,3.279453374094955,3.348406372071302,2.6740938707739437
23862,pop_2,3.0841762493365765,3.6809508996427227,2.9398170414985527,3.3514661968984774
23863,pop_2,2.665075689225608,3.4620364017797867,3.1567754300197874,3.2112854128357853
23864,pop_2,2.751834492716023,3.6773112456161776,2.4785327608990495,2.948534704701333
23865,pop_2,3.271595510039405,3.5095711889746775,3.4601399766833953,2.629208040494001
23866,pop_2,3.125124702015141,3.8472746844238968,3.0119586986926987,2.822596571265965
23867,pop_2,2.9340729399502403,3.5731149029774314,3.072169172832074,3.164676264771617
23868,pop_2,2.8569562601376397,3.715746280729855,3.45519139932744,2.979942553787335
23869,pop_2,3.2851190498860268,3.864514623066165,3.2484829055776467,2.8114961332646975
23870,pop_2,3.064032838574228,3.710280965167592,3.2389898083505075,2.718560847159746
23871,pop_2,2.8063626249849642,3.9088235605114843,3.59916359892074,2.4612600191783627
23872,pop_2,3.239205008116844,3.387404595198464,3.418855519859952,3.210515068196439
23873,pop_2,3.014339003545125,3.248322136215208,2.7565891726628315,2.8940956017499073
23874,pop_2,3.3752166288217254,3.5142091567980613,3.5845327708920935,2.7526840137024453
23875,pop_2,3.0517364659737476,3.479571933681985,2.6225955536812844,2.5558162531044015
23876,pop_2,2.932091610685768,3.2882848554982327,3.3766127559999575,2.5127301091267618
23877,pop_2,2.9982672947062294,3.7196492586986096,3.3213059504784197,2.8191287789723782
23878,pop_2,2.659034205864993,3.6873920677641414,3.339537089183706,2.881968381558071
23879,pop_2,3.0612973973114825,3.4393774859658333,3.204418607679016,2.8061529247722263
23880,pop_2,3.278249034242921,3.720245280396275,3.5033884544959824,3.0424351954353024
23881,pop_2,2.9234300850416655,3.321385140142448,3.3603843065544097,2.772009915978213
23882,pop_2,2.6727075645189537,3.455754809453779,3.0425888620673245,2.719075095245637
23883,pop_2,2.789043887940328,3.6394031529903814,2.716541995929744,3.1576405315502876
23884,pop_2,2.907424399282573,3.5983873283122065,2.9483742942427904,2.2381748281812173
23885,pop_2,2.7434781771728054,3.1694333517798547,3.1233760936840502,2.7934011885076404
23886,pop_2,2.702255307548786,3.7247606918689575,3.4310041991938833,2.9263774636788336
23887,pop_2,3.0608609505128546,3.5287644171482535,3.0041021496221454,2.6917468538693106
23888,pop_2,3.080833336404797,3.7696230442081564,3.0618979807195768,3.438642397191388
23889,pop_2,2.872508894982023,3.3912408893837744,2.910918490393293,2.6049594992777254
23890,pop_2,2.698727890294186,3.884187487950908,3.3931855201726098,3.0552717023953093
23891,pop_2,2.8574939887078235,3.4130705830258914,3.0955314357533155,2.877343137080153
23892,pop_2,3.406051160415106,3.5742874743380595,3.9101204663730114,2.3663855263731643
23893,pop_2,2.7241441066943577,3.38314946384797,3.0913555341253196,2.7346779462617543
23894,pop_2,2.9321757852208865,3.3466922317057977,2.785728355426089,3.020588964794422
23895,pop_2,3.019150357668919,3.982630207950072,2.9242801757804466,2.5523864786118664
23896,pop_2,2.746406707944371,3.2920823166043385,3.63908853118061,3.299355236674659
23897,pop_2,3.089687698583693,3.3276364375899927,3.191607746378482,2.438702220026139
23898,pop_2,2.9588376425903506,3.4166449996044217,3.214232834463092,3.1415695486101516
23899,pop_2,2.899271565662865,3.6089570978104573,3.3116185096985893,2.9065252208513073
23900,pop_2,3.25497903982674,3.6644364694018234,3.4011249533225123,2.012409909260726
23901,pop_2,2.984432036346794,3.620837043589639,3.165882003934954,2.9321177092101722
23902,pop_2,3.0232663803572204,3.5802734212676204,3.105907569674157,3.0244419647368352
23903,pop_2,2.8763410395631466,3.520691401214384,3.856576285898953,2.5727280996834043
23904,pop_2,3.0691005851164856,3.3753018865881805,3.0541021833965694,2.95530372112232
23905,pop_2,3.315947984782335,3.2349735201278245,2.721874020956869,2.8620186022766254
23906,pop_2,2.874909897449985,3.5648576318131666,3.2316555161724874,2.641082892836777
23907,pop_2,3.197722420495324,3.3595919972780983,3.395483585771141,2.663344336640749
23908,pop_2,3.0005545758162877,2.832833117795699,2.920293332108895,3.247690550225701
23909,pop_2,3.03689295844988,3.784681692491268,3.1774838156845115,2.579435743228922
23910,pop_2,2.923546623216412,3.7570667158269164,3.3485486675804084,2.9455178927303773
23911,pop_2,3.025401590533887,3.822263620579312,3.4057274708315677,2.9785888250130297
23912,pop_2,2.967614498102744,3.7409006943123218,3.1663537594855375,2.6585208394931787
23913,pop_2,3.327172802939552,3.8380428638953163,3.19517865095325,3.049252265332519
23914,pop_2,2.2122068332353013,3.2641880092884366,3.2877899589593826,2.6344632809496624
23915,pop_2,3.3471202502769692,3.4323837265893467,2.875165961792063,3.04688553662302
23916,pop_2,3.018771191982242,4.050773058101823,3.098586735421056,2.451509122015615
23917,pop_2,3.1945408076345077,3.8277172936695036,2.8925319122711706,2.8280091649205934
23918,pop_2,2.7362879762515013,3.5851048728699686,2.84113350097443,3.329654028311718
23919,pop_2,2.7387605808128863,3.4304403174203344,3.1643838142870893,2.994234791705341
23920,pop_2,3.3509639276648677,3.3708429485351363,3.485376287279375,3.174319576176263
23921,pop_2,3.1516724529767814,3.7584169109764494,4.103087585068282,2.5064190475311605
23922,pop_2,3.481252681881825,3.826470338568079,3.673012425468735,2.5916307859463044
23923,pop_2,3.2471291893616905,3.548438247985254,3.077735580892843,2.8918604478200263
23924,pop_2,2.8340725408555425,3.5739288475812407,2.9610844493053134,3.239437359320028
23925,pop_2,3.0612524925186126,3.831945130604345,3.321454341508156,3.1119400875262757
23926,pop_2,2.7149279310048997,3.6710651141017827,3.2024795248754994,2.6264309500617027
23927,pop_2,3.2665963222970573,2.9387187005323767,2.8535992475586482,2.5858935091017337
23928,pop_2,3.0549079605942504,3.3454361451226444,3.1333587667462948,2.813999920468765
23929,pop_2,2.703742864056328,3.595182428707241,2.937419788837068,3.0242947916580096
23930,pop_2,3.123420407216073,3.588868086295569,3.484275478648637,2.514695558248115
23931,pop_2,2.6584885775044604,3.40274639352023,3.0812615881452325,3.1393832476849592
23932,pop_2,2.9465619815697237,3.491836516978126,3.1301494128836156,3.462571770087234
23933,pop_2,2.9593040584311425,3.563205659440841,2.930153236810873,2.289221494661094
23934,pop_2,2.915669534169902,3.5023418970852185,3.2967813416564744,2.705647303698037
23935,pop_2,2.5659021369014674,3.53360467820589,3.395377211987394,3.578157562781975
23936,pop_2,3.105001944354881,3.8656583635811823,3.0993574102954313,2.823299037361742
23937,pop_2,2.842059041794536,3.2915729922232866,3.676239550562867,2.7146145640949335
23938,pop_2,2.996019891545072,3.4035982339900053,3.0081867893909893,2.5912824781625416
23939,pop_2,2.827764365469945,3.722456714630678,3.6663742768768843,2.8962815619253424
23940,pop_2,2.9640888207387204,3.2337314942615247,3.1376930943097507,2.4757885258809895
23941,pop_2,3.0132711989661964,3.5788149907919613,2.849239969936975,3.033600222306363
23942,pop_2,2.984515897003848,3.4871982252547613,3.159194178019549,3.185185675260864
23943,pop_2,3.1741852224383016,3.231837436120061,2.770698997990565,3.295136723227009
23944,pop_2,2.843235922696142,3.0584115108941394,3.1949283345491715,2.863973915080332
23945,pop_2,2.8501645539089866,3.6546958036239134,2.6375817627363447,2.837633456956832
23946,pop_2,3.0888946117075644,3.9654634455428583,3.8953930412737545,3.0906707414429735
23947,pop_2,3.276577982588856,3.4664325383725254,3.418868546056365,2.607829777606757
23948,pop_2,2.988486848597715,3.3358562782417014,2.8237734679782722,2.675263651637834
23949,pop_2,3.1178006083208376,3.5845070008685145,2.82734946942813,3.174461945331358
23950,pop_2,3.434370840088136,3.6016785366925044,2.762277371126025,2.447416451149337
23951,pop_2,3.2672577437058936,3.7884078849737537,3.534558435073787,3.0380138329538964
23952,pop_2,2.9723136233117997,3.1035981188841117,2.750239513783587,3.050269820200634
23953,pop_2,3.066950463544894,3.5867570204544252,3.0626022269086612,2.952058806153554
23954,pop_2,3.4299368128764494,3.621875745587508,2.979942069253403,2.8311298176609756
23955,pop_2,2.7618625091430817,3.374810574798315,2.8049066262471354,2.926216449064853
23956,pop_2,2.7574669066569846,3.8033262286226748,3.4157103893518417,3.6836050698928138
23957,pop_2,3.014769029338847,3.571256067102182,3.213898305818827,2.601748799695621
23958,pop_2,3.1402728485911915,3.815163947499321,3.1390910004872463,2.705100659140082
23959,pop_2,3.324036451837626,3.3809860059180172,3.8649897604433043,2.513021293306392
23960,pop_2,2.9359336042492807,3.6009801954486393,2.9398566697702666,3.390123009271102
23961,pop_2,3.095667005195193,3.2971651075128054,3.6097640605079997,2.7392956822038705
23962,pop_2,3.1693812774229015,3.6333376819025087,3.0225468165935587,2.4485135360449797
23963,pop_2,3.26856662454793,3.480983637142057,3.159830517100996,2.791905499348538
23964,pop_2,2.95937006155787,3.5013530528753796,3.184897961070808,3.4061140506839793
23965,pop_2,3.030488934775385,3.4146375416394505,3.0814025522658617,2.3898926030544843
23966,pop_2,2.893726351791484,3.4303789558411766,3.617178069342283,3.0606631565938027
23967,pop_2,2.9389702567389806,3.6586155212410656,3.3793794402085506,2.60262921218866
23968,pop_2,2.8245155820717263,3.446153346074298,3.0403919821529484,2.9095330456158504
23969,pop_2,2.914412837154477,3.6226425561785986,3.5950785944110075,3.0284190953370143
23970,pop_2,2.5904183598548425,3.3057196356978666,3.3933564930244913,2.7359354037164545
23971,pop_2,2.720552720523444,3.4854136649127776,3.2784037635489147,2.522664537998692
23972,pop_2,2.9215384167103973,3.4996405448994063,3.386910070640179,2.988768819239997
23973,pop_2,3.1890208451975726,3.7384521670948527,3.316223246386803,2.854592617509388
23974,pop_2,2.5640423623699298,3.6251575319079974,3.4196409414409064,3.258720555677626
23975,pop_2,3.056898254841999,3.6315494725777695,3.185675548962825,2.4070070789846696
23976,pop_2,3.0327705596152064,3.667478068300224,3.3782791685072113,2.973645931377547
23977,pop_2,2.3065618597368025,3.257406290748811,3.239060644272602,2.7481566707341174
23978,pop_2,2.6130210288956066,3.2969585217333073,3.472101664034187,2.8125141092043724
23979,pop_2,2.6451270883768716,3.577427947946945,2.962577262958213,2.564788734480814
23980,pop_2,2.7238482940794078,3.949441796782698,3.01020478433256,2.548807244699267
23981,pop_2,3.222889783385884,3.49400090885265,3.6600340146852126,2.795470143375574
23982,pop_2,3.088893589849754,3.790125372582417,3.0141872936711667,2.857686415568676
23983,pop_2,2.9123421508532803,3.723510143891777,3.620094352426734,2.596313918514111
23984,pop_2,2.995567199406159,3.7203836573823073,3.606430598858211,2.552097740794597
23985,pop_2,2.615111409548483,3.8989845199019704,3.4663758489790433,2.521911234520005
23986,pop_2,2.965924004285448,3.718775177981808,2.963660526874417,2.6672009586354544
23987,pop_2,2.871042217930785,3.5325585117054583,2.9866440319412346,2.3703263080089645
23988,pop_2,2.386971832124837,3.7858161444127996,4.081478691099717,2.752446281213118
23989,pop_2,2.796024254070902,3.5944174477944086,3.629472830867962,2.9810247925999875
23990,pop_2,3.007861426100353,3.5137115392910383,3.355982372979634,2.5506922187378853
23991,pop_2,2.9092529847039534,3.5861931517750865,3.249898390740608,2.575728163531838
23992,pop_2,2.917618886193945,3.748309489533612,3.0639518265021097,2.988463508958681
23993,pop_2,2.9085270125879896,3.377757894089113,3.5108135831744463,2.647441894588926
23994,pop_2,3.3019870427174434,3.775825987258645,3.221269055996901,2.9300160417048517
23995,pop_2,3.036865488259982,3.6643706612225797,3.2916769855538655,3.150976545385357
23996,pop_2,2.894696420562737,3.803441693975463,3.3486357965182103,2.7270336244831337
23997,pop_2,2.8338262635195965,3.7045469323158557,3.2822103242403724,3.1009167688629677
23998,pop_2,2.663081403882931,3.2213534478244035,3.3019107754663777,2.845972211560874
23999,pop_2,2.5906515643907406,3.3663080798141727,2.8208130100566975,2.609254506194659
32000,pop_3,3.345817783905273,2.8751801758283904,5.173701619625491,3.2207560867386196
32001,pop_3,2.979871135835543,3.6385982496169555,5.85180116036693,3.123227395636682
32002,pop_3,3.2721222339837,3.160976290228969,5.631180026457707,3.0995292774590895
32003,pop_3,3.2833715809450132,3.28905668243633,5.734740351869176,2.977860026595116
32004,pop_3,2.5311662671558706,2.588761443415071,5.211102836559767,3.8406056697100146
32005,pop_3,2.8738947606133545,3.1957126579164528,5.559619115686019,3.373009237525004
32006,pop_3,2.7393532018388345,3.321754932488166,6.076234553980776,2.817228776249715
32007,pop_3,3.207254879802739,2.699253669138745,5.581026855905317,3.443092600341612
32008,pop_3,3.0065365220143394,3.3415536960966863,5.213143922145714,2.9299460997905618
32009,pop_3,2.9795087303728587,2.6177024803136324,5.505009887685295,3.9815462610213355
32010,pop_3,2.8339766712406593,3.0552753704449995,5.480349334952471,2.722453377129119
32011,pop_3,3.24906774609406,2.817561683728579,5.709967798656374,3.268012830116829
32012,pop_3,2.745844378153869,2.887493794680204,5.421712874276276,3.655616002904522
32013,pop_3,3.1934971189971457,3.286497578708317,5.735239895585279,2.9689330450534603
32014,pop_3,3.14885137294279,2.5636624077681303,5.209535374713892,3.6831002702293736
32015,pop_3,2.936970502569121,3.1942429893679547,5.362075464600595,3.370404001652742
32016,pop_3,3.100628006851596,2.87546730252628,5.636564877291315,3.2025238858213196
32017,pop_3,2.5848732259579026,3.156580857626204,5.744410155019284,3.3790427489810777
32018,pop_3,2.9360579073189736,2.974132520322143,5.711385232879026,2.8033763764374275
32019,pop_3,2.6638801460301065,2.7872352994588456,5.552130684481368,3.4898971843974302
32020,pop_3,2.9321112250238865,3.0886312380783183,5.293102833303372,3.714108383246029
32021,pop_3,2.99365354189512,2.587725174640524,5.51872711658694,3.7033929879172724
32022,pop_3,2.9690973766295885,2.8755341503466907,5.784186543497283,2.9793041950859394
32023,pop_3,2.69972252658162,2.9223127559350757,5.1839560229848205,3.292768327786392
32024,pop_3,2.9769054752388047,3.1925030090126456,5.3947148476912155,2.99372650336596
32025,pop_3,2.7088380890809534,3.600199994224148,5.554822662341335,2.624712364976418
32026,pop_3,3.2071282908695213,3.2137690497356153,5.871760338932548,2.717034516061888
32027,pop_3,2.996026028743955,2.598511526604324,5.208414697573741,3.286808150758081
32028,pop_3,2.690165046062989,2.959467566545591,5.259130756854776,3.7922032716319984
32029,pop_3,3.3535505672633654,3.252979918590171,5.636960708695216,2.9951587865888425
32030,pop_3,3.049168221853606,3.525423504124679,5.714878927294615,3.4244771167321963
32031,pop_3,3.6204508905725303,2.9091527154317176,5.689094244083989,3.1121773202900127
32032,pop_3,2.5363152026393117,2.914413117790411,5.401331968536841,3.313661155883546
32033,pop_3,2.6696378173836464,3.497355616560125,5.660447553629295,2.69016398669882
32034,pop_3,3.041450755248681,2.9955582744285234,5.491454188237048,2.9684974198107756
32035,pop_3,2.829067182297995,2.6655089211995917,5.690001755984416,3.4948895396676973
32036,pop_3,2.8812523082361787,2.9636581811657536,5.966603321917129,3.4509575099089567
32037,pop_3,3.3583866470619848,3.115734442228268,5.317462144936709,3.3677170474911846
32038,pop_3,2.966267304173037,3.259200201428657,6.373972871262195,2.9465366139402867
32039,pop_3,2.767501877908118,2.855555204007898,5.396248877951646,3.5234182576238027
32040,pop_3,2.5421353187276585,3.1201051735028416,5.822957985570489,2.7630090708206767
32041,pop_3,2.595090893295846,3.072302113825043,5.80972952346485,3.2865219868101594
32042,pop_3,2.585951007826677,2.9652544501514657,4.761476657955209,3.236451775043768
32043,pop_3,2.9391265413556216,3.1484514748098156,5.797073478895643,3.395032427937517
32044,pop_3,2.9886265938487377,2.900483528874718,5.472958191881281,3.137014033368237
32045,pop_3,3.0525770490250435,3.3156430263386554,5.342656418387864,3.2845892093522
32046,pop_3,3.0011948089540352,2.913224920920229,5.781242395993468,2.9750281965730836
32047,pop_3,2.9818836831557167,3.1113091511916497,5.423863309904425,3.4960341780099338
32048,pop_3,2.514884095780185,2.7600102941941946,5.858605223641742,3.6381298379879503
32049,pop_3,2.668374995544498,2.8380539001557135,5.575043986098311,3.731525260367283
32050,pop_3,2.604685350291408,3.2668475008933826,5.821275860160946,3.5550380833512207
32051,pop_3,2.794093676289615,2.78430829993557,5.640675625442945,3.492641362184662
32052,pop_3,3.1072918031289114,2.8548030529505586,5.392499515554468,3.428671062499415
32053,pop_3,3.4121606140874086,3.1898806754942,5.704170503598882,3.417330320768333
32054,pop_3,3.3632465352923235,3.0405537721535096,5.010215430258289,2.8692176456103535
32055,pop_3,3.4829720741249295,3.8236668395154148,5.289552414424881,3.259673077458683
32056,pop_3,3.063835264773926,3.3075035916581133,5.636286022083939,2.8716328433154716
32057,pop_3,2.465151134137972,3.1779295454220255,5.5591528895758175,3.6706134430960864
32058,pop_3,3.221791244593776,3.162917455166165,5.5337804354150215,2.7356534415370946
32059,pop_3,3.2143134812153815,3.146782009157801,5.43571937123086,2.7878601197356163
32060,pop_3,2.5338828955878823,2.920530878174927,6.073940259019193,3.542177864368939
32061,pop_3,2.9689103763489246,2.9238003540609934,5.3055883954229905,3.5197331181168354
32062,pop_3,2.9592092499986724,3.0124499606903257,5.424387359128109,3.4639278954264165
32063,pop_3,2.7954964991641726,2.7981791274962435,5.669155811698926,3.434360088232248
32064,pop_3,2.9281448520265756,3.064160147913989,5.3841168847282495,3.844844548219327
32065,pop_3,3.188316681527996,3.0605809466368132,5.857934214399032,3.2945361678153233
32066,pop_3,3.1540092905167647,2.7851994248680922,5.825000471943334,3.2564515692060745
32067,pop_3,2.8739628078405657,3.1556594215234424,5.419174468301537,2.9278821948516325
32068,pop_3,2.762789679464348,2.885479865433018,5.567029249617868,3.452261188135912
32069,pop_3,2.8911830046067837,2.8334377226575387,5.528032952294168,3.118585632123668
32070,pop_3,2.895403860746436,3.1110819403321894,5.517615536274889,3.5194571130089507
32071,pop_3,2.7260706355541986,3.144801423880115,5.216621228819446,3.8394786227166486
32072,pop_3,2.68899431602125,3.1228285046649717,5.8529227236424815,3.293710578880975
32073,pop_3,2.8915984033819546,2.8024438793980755,5.563134904331708,3.4235902722077003
32074,pop_3,3.0460871407000987,2.889983684568604,5.409296995910667,3.6276104690632702
32075,pop_3,2.8160389221464706,3.12060905070195,5.554787602056695,3.157480358172168
32076,pop_3,2.9361231834648795,2.945128509278165,5.792416568085938,3.058695246197099
32077,pop_3,2.5421650686427797,2.6111615759773983,5.4169090006716,3.3499534982736807
32078,pop_3,2.9379383739626714,2.6983100677703438,5.468654089585805,3.5695625741649786
32079,pop_3,3.455604965043046,2.7042701227062738,5.530437438010871,3.4766216326712747
32080,pop_3,2.9239483374470576,3.318015368637467,5.686358200077782,3.1881047641044256
32081,pop_3,3.287164716881464,2.716430859661583,5.747360120461182,3.244309768074746
32082,pop_3,3.0492430874461407,3.0706504390657843,5.653716003043018,3.678301861411761
32083,pop_3,2.959014500813899,2.993946524724104,5.72540848776469,3.1595447645441483
32084,pop_3,3.0191319674997437,3.1918734722114275,4.877754217670677,3.6902592212282586
32085,pop_3,2.764142183334224,3.1196064417842613,5.438243495369685,3.3340744339566224
32086,pop_3,2.8163591081438173,2.8820756417789077,5.63557378207338,3.4341371322500507
32087,pop_3,2.46124983811593,3.237199788866405,5.757402802268867,2.9916469782407775
32088,pop_3,2.6585914862455917,2.6528142669954264,5.330044425062636,3.398017416863574
32089,pop_3,3.0534663503238773,3.1534289348014704,5.5871780640764666,3.012622910189343
32090,pop_3,2.706382324986533,3.189482466365233,5.465760990072555,3.1212081926213795
32091,pop_3,3.016004564989907,3.0160854447959613,5.319126221088854,3.2307401791098913
32092,pop_3,3.409280621938861,2.8889914988678846,5.483690984160249,3.0665700852436752
32093,pop_3,2.864689910359797,3.0517659728112023,5.554535133602764,3.083582991748903
32094,pop_3,2.8669764566316505,3.013748151857159,5.644458040438325,3.356833047023835
32095,pop_3,2.973996716734999,3.561803945860465,5.638816306985053,3.1983354730039983
32096,pop_3,3.0263712673411227,2.771046824095308,5.395661089071396,3.1002458933755803
32097,pop_3,3.0979436866053165,2.854126077893924,5.3872618825518925,3.6073106876417746
32098,pop_3,2.7015458205918255,3.020275587724366,5.543008440030963,3.3747222958468397
32099,pop_3,3.2469263277744953,3.150095543579456,5.656660717506353,3.0977871488138824
32100,pop_3,2.502460121597844,3.071723842954947,5.245010873590694,2.9986016289608513
32101,pop_3,2.7502767727313113,3.10904669230759,5.230723014643865,3.6160570180166185
32102,pop_3,2.533928053742994,3.314573198407584,5.322649589455721,3.3181480275725654
32103,pop_3,2.715223770974402,2.9631128448587245,5.410902533270399,3.525244170762354
32104,pop_3,3.0974285394973853,2.95104395731629,5.598749181118081,3.161065352215123
32105,pop_3,2.7507219861624175,2.5738498504587426,5.199450267831919,3.797655328917332
32106,pop_3,2.7400433930022148,3.0236723564214256,5.620645763395285,2.7916519383675618
32107,pop_3,2.700948712048188,3.0811084020527084,5.52016175493168,3.590339042554297
32108,pop_3,2.688960384441014,3.042147107734814,5.576807385738129,3.0845999650322735
32109,pop_3,3.198050866388478,2.6468408163742274,5.424535148475086,3.188772651379788
32110,pop_3,3.1692166825082064,3.2396644000869173,5.447518071906858,3.2590296865859707
32111,pop_3,2.9335880158829735,2.8787802267336824,5.917711976164005,3.1992505442934966
32112,pop_3,2.8658724917098866,2.9610574191863206,5.432533228989249,3.3846708674222388
32113,pop_3,2.491037984714082,2.7903744920201707,6.145732976566842,3.3276571549238723
32114,pop_3,3.07915968055474,2.8031000008698146,5.529285230238114,3.4408049918897348
32115,pop_3,3.1685988692065954,3.209240494122837,5.844400351255914,3.040184549823198
32116,pop_3,3.0930404352565963,3.11170896054307,6.048762552792848,3.271472077633686
32117,pop_3,3.208876944897039,2.7398986877686484,5.57223392244607,3.041529679120174
32118,pop_3,2.8899970710346157,3.0632697036662844,5.877088919225935,3.1081818795671476
32119,pop_3,3.064817744236225,3.1072834096710995,5.524094601343813,3.178314515418802
32120,pop_3,2.980775378373046,3.04616562630748,5.794034759849547,3.6022194622606833
32121,pop_3,3.1419822783658082,3.2198024739820483,4.969290172411082,2.9818087223398058
32122,pop_3,2.9181594611069994,2.739913239320868,5.07422740778588,3.7857236725656613
32123,pop_3,2.988974995694367,3.161976893327658,5.810460381005671,3.417244811513245
32124,pop_3,3.0450264154500357,3.249996702654909,5.42864423956562,3.3287298990437577
32125,pop_3,2.7559110147395707,2.9458514766756743,5.640754607296021,3.715915123952606
32126,pop_3,2.970411391157915,2.6502491750310404,5.007919694658096,3.5826981435348486
32127,pop_3,2.8371708556294792,2.9606021947620755,5.496339629029611,3.2262143769320906
32128,pop_3,3.2509156477617203,3.270774065330731,5.570793695377482,2.929003439332985
32129,pop_3,3.0799701615335886,3.014771333148395,5.589443725068507,3.0742965235381807
32130,pop_3,3.3501796683548806,3.356429835825266,5.286725246804652,2.7747231344694754
32131,pop_3,3.1937269891633333,2.785234908614454,5.977369162408557,3.1147333963578676
32132,pop_3,2.7625204279988056,2.7897269973227514,5.248247744110837,3.09375355007652
32133,pop_3,3.2519997801105536,3.514810330548946,5.778337213963157,2.7706693123785993
32134,pop_3,3.176470935131915,2.862285463877346,5.83067606540839,3.2234090865633784
32135,pop_3,3.162502103740002,3.2066496758107554,5.81177477384587,3.1859554549926283
32136,pop_3,3.2579332683101137,3.063478956837817,5.6474006310688365,3.22389326554325
32137,pop_3,3.1470255955224453,2.9605777891340512,5.227142849370209,3.4034275363061455
32138,pop_3,2.7084696971710382,3.0175595546748446,5.500779087885645,3.4805898777845816
32139,pop_3,2.8497219838072168,2.727920935227919,5.902393866907148,3.2044295818565742
32140,pop_3,2.6895864216864642,3.015783548295689,5.66909738793574,3.543687066531292
32141,pop_3,2.938288503825389,2.966852759641257,5.430605810019496,3.275992034064303
32142,pop_3,3.130158315214205,3.220556607640696,5.78806353411609,3.398285494778531
32143,pop_3,2.775305255207491,2.782025620672062,5.572502734275035,3.8700508225773484
32144,pop_3,3.0210690204041963,3.1227939173883157,5.290709363833898,3.185772410028996
32145,pop_3,2.560782596886867,3.0201151899502183,5.813695970845527,3.4171875097520825
32146,pop_3,2.8827037151197077,2.8839124921498196,5.497460126323763,3.3159029282789554
32147,pop_3,2.9849641084109204,3.1046985776436506,5.821481737855951,3.3820307513748933
32148,pop_3,3.3695237637785604,2.9538422979604895,5.515313702845433,3.9252546442846192
32149,pop_3,2.678234226294413,2.7800312609401914,5.439899932443481,3.9756450825234757
32150,pop_3,2.814309967307119,2.8888976242339406,5.045155672513438,3.19574269663177
32151,pop_3,2.693155562036012,2.948501891926021,5.735173942598004,3.5823787671925156
32152,pop_3,3.0762015891851826,2.72119399145505,5.8134533260600305,3.4097658226180023
32153,pop_3,3.023994378265547,3.0058966281238706,5.581401582616547,3.14788397460309
32154,pop_3,3.292799705150843,3.073767378476539,5.349427856175233,2.9632229520879987
32155,pop_3,3.022347267732375,3.3661827078990263,5.964878048586489,3.6402262360350015
32156,pop_3,3.0759806577635307,3.131067663967492,5.492455612354731,2.8504280821986554
32157,pop_3,2.792875527027006,2.861157453825907,5.383088697027712,3.5443778581583905
32158,pop_3,2.8577774600441668,3.2514864274540605,5.452865250393279,2.8249219548575026
32159,pop_3,2.7651688560906083,2.7068453227603886,5.1947086931104955,3.642394527620233
32160,pop_3,2.5937094943478396,3.2077023820692263,5.202883732469468,3.11684320935993
32161,pop_3,2.551331731598916,3.0705402399547497,5.565412175332029,3.1492890959934265
32162,pop_3,3.17649225450909,3.0825342173989116,5.970206987698835,2.833522671058791
32163,pop_3,2.4670939852959117,2.64835583490187,5.338494716254274,3.5021718282557157
32164,pop_3,2.8237738943086037,3.4165724733007328,6.088782867739176,3.450908764525108
32165,pop_3,3.1988236962781276,3.2595825206315387,5.6677662371491175,3.3639101978216934
32166,pop_3,2.5626450845708426,3.307240399711253,5.383355770493895,3.4670120753239506
32167,pop_3,2.7265128585284777,2.974616684375003,5.696187559629224,4.0125138033875825
32168,pop_3,2.73737984254391,3.2312968466428105,5.6626849537907,3.001234594667456
32169,pop_3,2.677733468632066,2.8317126962271644,5.3326601773426,2.997023199666363
32170,pop_3,2.2316418489138075,2.983643808522855,5.5383604432273845,3.3228816536300534
32171,pop_3,2.9846201625714044,2.762623266163815,5.617243776428271,3.589324274013543
32172,pop_3,2.5838616463088337,3.110539100319556,5.164213262780042,2.847102466054528
32173,pop_3,2.9800509311600996,3.0529303511734813,5.728902602382494,3.916717499283492
32174,pop_3,2.767327457741646,3.04532252140464,5.238407002041304,3.7423155112870212
32175,pop_3,2.9328138022430963,3.3193783191288526,6.26982909674263,3.2277295357400244
32176,pop_3,2.812920408634115,2.7204550889134484,5.40690151577294,3.4130261355668767
32177,pop_3,2.8894513620599516,3.1962463658923586,5.726671007321464,3.065055087005213
32178,pop_3,2.9140820916210317,3.165977150626099,5.32746455244305,3.248763725789814
32179,pop_3,3.2713699582641245,2.843946790436449,5.590898794685107,3.632745155988062
32180,pop_3,3.1279039671634807,2.887194056402546,5.72062856188229,3.574185081106306
32181,pop_3,3.1322092025208237,3.0414364326019383,5.360718488756675,2.9665830500253865
32182,pop_3,2.876338320445719,3.108339744938933,5.301547584777544,2.6020777903987335
32183,pop_3,2.645131108105917,3.263852803392909,5.460893333708271,2.909847154895929
32184,pop_3,2.9789099898466995,3.0242078082918105,5.184321455982789,3.217460264623277
32185,pop_3,2.580963252433115,2.9723160612785633,5.5934511593730285,3.7456688926328217
32186,pop_3,2.898469105307121,2.9438526158216307,5.862746748352218,3.011641360832404
32187,pop_3,2.8755080487351594,2.7713626248929097,5.381047416184511,3.216205929832982
32188,pop_3,3.0343162753058994,2.947140888113338,5.295965133348262,3.39782820672701
32189,pop_3,2.8104702403684523,3.5106282425801867,6.115419066436053,2.976485344158611
32190,pop_3,2.702573158796936,2.7760323889792606,5.956961121329108,3.239851424470296
32191,pop_3,3.0814103732267646,3.0997696985107193,5.445683848101909,3.361046861586979
32192,pop_3,3.044785876049316,2.6481791520624443,5.115622764461021,3.293064706554599
32193,pop_3,3.1187352499860186,3.421941551979515,5.617640673227082,2.6211090810999575
32194,pop_3,3.0567107673022815,3.07737706594153,5.276739412922083,3.26920313783036
32195,pop_3,2.544161030280429,2.9107579243545865,5.3699541935423625,3.4935432172603633
32196,pop_3,2.44533524399589,2.8692231908080954,5.576754036955979,3.0301209255207944
32197,pop_3,2.815143105185652,3.182062072371711,5.686154070353454,3.4903628037862395
32198,pop_3,2.7398123899012377,3.309049287595426,5.560928954193745,2.8650260688701765
32199,pop_3,2.3678468539090307,3.10294959295834,5.473601347078861,3.1708307230946877
32200,pop_3,2.970996516682675,3.1474759593660555,5.4903706842050495,3.0529344799248803
32201,pop_3,2.913128895628434,2.895375451552937,5.058448640679313,3.4536540756825325
32202,pop_3,3.2569729952832183,2.8890538810487385,5.973889765042398,3.0230570550160696
32203,pop_3,3.2890388154461654,3.055788325402344,5.380294243648286,2.807446437187646
32204,pop_3,3.1796173710174753,2.7740662400014973,4.950390007649683,3.25995734169674
32205,pop_3,2.5938540501191336,2.9377860103002296,5.971979162932913,3.3695476562980113
32206,pop_3,3.069077231085487,2.9805051045259052,5.546514753490312,3.1493246798798866
32207,pop_3,3.1321691507860416,3.159076377446649,5.454047527746916,3.1084841919163733
32208,pop_3,2.7036647542018573,3.0421733551115193,5.683642580858847,3.187971787534898
32209,pop_3,3.037953821454489,3.184643167279947,5.294564913077183,3.3880780895277454
32210,pop_3,3.3756723432461575,2.6381883236412818,5.007467681938219,3.4590452137919034
32211,pop_3,2.804223266264747,3.5719521161969787,5.6318586542121265,2.574778323485151
32212,pop_3,2.617094457213634,3.0261367892137043,5.036217332847677,3.446060550480468
32213,pop_3,2.880402592111018,2.6497942753243624,5.458388168015319,3.5915727527714445
32214,pop_3,2.8002732535282475,3.090046418650763,5.610841804965517,3.260810001329421
32215,pop_3,2.5695679913741256,2.877936677445219,5.510813394733007,3.939106286948712
32216,pop_3,2.9273730312850463,2.7300177130221135,5.06628418404958,3.709924194529577
32217,pop_3,2.707367694265574,2.570670017892173,5.336862620020593,3.7476451649254843
32218,pop_3,3.176734591524835,3.216623483438579,5.746751321000879,2.695732142351604
32219,pop_3,3.2088892750339246,3.4135201638999764,5.779405203641147,2.413324291551196
32220,pop_3,2.831671350736482,2.8131535384985975,5.6075344512738665,3.5137677926412287
32221,pop_3,2.915061115231582,3.009941268259578,5.624267677536612,3.1749586884170915
32222,pop_3,3.1776065877154354,2.975563446433757,5.825851148686498,3.6085509332471926
32223,pop_3,3.1765991364633903,3.2752501090452135,5.6430391053641005,3.357921426161144
32224,pop_3,2.9522431478105355,3.1843848364758456,5.699099501018369,3.254487158103112
32225,pop_3,2.6610029979609564,2.8732354694398223,5.6224674180835565,3.4463175414728875
32226,pop_3,3.3878646170486872,2.9192993208955307,5.596591203676723,3.0908641757987922
32227,pop_3,2.7389557539452944,2.9864069915364677,5.456318198461465,3.687021196622774
32228,pop_3,2.731422851789144,2.6001295300284486,5.841647406642471,3.5115302536075124
32229,pop_3,2.8122507855064987,3.133777171053235,5.6129236496506705,3.331110816030484
32230,pop_3,3.1111982190268597,2.9582377317797595,5.461244028341479,3.46462401037241
32231,pop_3,2.7340455968687234,2.990900741187967,5.73326285833239,3.1214460037361182
32232,pop_3,2.858175884651503,3.00272021171973,5.399773638804815,3.5487240909428635
32233,pop_3,2.8734945516948467,3.1946705738368144,5.644911191869728,3.0243236234039768
32234,pop_3,2.9321507790966903,2.8701709596023144,5.460966115535758,3.4487243165689128
32235,pop_3,3.0796974124545193,3.165770535462459,5.453127187798602,3.092548858243016
32236,pop_3,2.7082602473347412,3.1081823118131378,5.338487482722421,2.8828443821922645
32237,pop_3,3.2261692444957557,3.014976499287805,5.57377751002561,3.1145833645586776
32238,pop_3,2.8469663160963146,3.117979403356885,5.751430825242083,3.102647980711729
32239,pop_3,2.7656087987321625,2.7716048464575924,5.6682295045172575,3.4204979103225495
32240,pop_3,2.97443721728756,3.042062621293491,5.16620238856954,3.613688461819868
32241,pop_3,2.829589051129121,2.8163534373528214,5.548118409003425,3.6835306909315357
32242,pop_3,2.8885622496564594,3.027984947262041,5.666277095597448,2.964827722616508
32243,pop_3,2.9387232082613637,2.883352233412055,5.4850625812715545,3.258620368583567
32244,pop_3,3.042961323598548,3.1447800098781986,5.24925960300346,3.336648755964132
32245,pop_3,2.8893699157893034,2.7619637823997376,5.430436005497357,3.330004150418213
32246,pop_3,2.868651580666456,3.2302429125982735,5.963626311736502,3.308885281255212
32247,pop_3,3.18193406486095,3.150545416908669,5.589593727029527,2.931874787979465
32248,pop_3,2.6813141362407142,2.5203527886214743,5.624096336284456,3.5828009032599772
32249,pop_3,2.7506986590742564,2.834719746567422,5.164464520106037,3.5268740990455045
32250,pop_3,3.120156942027559,3.44614595497969,5.7066339922550355,3.1253052024523584
32251,pop_3,3.066834204695643,3.0014324087613873,5.783026296859433,3.664820940239064
32252,pop_3,2.804654577621837,2.7006133550033247,5.718901878523569,4.217190616564624
32253,pop_3,3.09531558911675,3.1283804005151317,5.033240944539175,3.042229931668027
32254,pop_3,2.876358461239548,3.068705423662838,5.887392902569099,3.215049309271891
32255,pop_3,3.105154486986703,2.7545850322388565,5.749693540720013,3.1179652321769917
32256,pop_3,3.0410002069978535,2.889059670158738,5.383172569572048,3.8264723885817076
32257,pop_3,3.317006328670328,2.9185425952897397,5.4938300021912845,3.238275702446847
32258,pop_3,3.446213177688805,2.894895208881348,5.846727131052526,2.9861345232125114
32259,pop_3,3.0202288401843043,3.157149283718642,5.776389979049974,3.24563643715543
32260,pop_3,2.7733379283292976,3.140578001271537,5.629724675804196,3.114234660084211
32261,pop_3,3.13268909024027,2.9831368940239766,5.401298935974736,3.5675146856140403
32262,pop_3,2.980252429043769,2.9708406146176696,5.119507910054021,3.3653574224143163
32263,pop_3,2.8505707090127306,2.8624135081139572,5.600618116583507,3.1817312140648557
32264,pop_3,2.868179564507412,3.3662702041666783,6.228775659386563,2.974080579602394
32265,pop_3,2.732846694480534,3.0077547372995577,5.436442975042273,3.1206925496317592
32266,pop_3,3.15625359957129,3.1492884156184187,5.7996953091375785,3.1442698795479984
32267,pop_3,2.551405312516073,3.2387922412779715,5.630076438771639,3.462001414592475
32268,pop_3,2.9798536596461362,2.7877037261800166,5.375063334153289,3.4613810254235373
32269,pop_3,2.7567716428212927,2.7781036866856947,5.640593267207103,3.6432564279456994
32270,pop_3,3.0756713382229908,3.020665526768785,5.78325920525257,3.446339247381024
32271,pop_3,3.079177546712021,3.3348403365588895,5.6207738834273595,3.1845750597562494
32272,pop_3,2.7314907726721285,3.292329153873831,5.809801769584315,3.1091526059790477
32273,pop_3,2.7929232171438763,3.124151948077048,5.3099496257189385,3.690899662657889
32274,pop_3,2.7230995301560146,2.7135735479875165,5.394205239580519,3.513420472644072
32275,pop_3,3.273401552691922,2.873265094426814,5.410553724157519,3.7960958912116807
32276,pop_3,3.0106499785621943,3.4569263052820927,5.696476899643887,3.0200994124305978
32277,pop_3,2.815299408711471,2.810100886565114,5.645691584278346,3.4614803883232828
32278,pop_3,2.950326931769562,3.0606641699680397,5.301720495207224,3.622197186293671
32279,pop_3,2.8266368422276686,3.161163582974177,5.368409765168636,3.530050537645286
32280,pop_3,2.94517057998192,3.1117541302096194,5.704080519065495,3.382954514767674
32281,pop_3,2.9365490048597174,3.1633922987694567,5.237227183958311,3.2319400021904445
32282,pop_3,2.6785394445504567,2.9258829916743054,5.9557710151531955,3.218062455026914
32283,pop_3,3.1257555206924628,3.209349064166261,5.396708888630341,2.9462863308777862
32284,pop_3,2.8338300681602844,2.9388413923426104,5.75412278695884,3.48432073578665
32285,pop_3,2.9214189599656564,3.5407590694399733,5.545497704146616,2.8258309063232994
32286,pop_3,2.7443251670738635,3.055908424934182,5.083895317222651,3.7321891842969994
32287,pop_3,3.115710680566652,3.015491918635103,5.809773761294698,3.5945265640581736
32288,pop_3,2.811268661629175,3.095076663353827,5.585352666330381,3.0819245228158807
32289,pop_3,2.92441670100271,2.7061592482403665,5.6803756015267775,3.979137206335081
32290,pop_3,3.1353218947741643,2.5108204829534753,5.089334024333012,4.031250772992152
32291,pop_3,2.74991675603297,3.0373909293199803,5.287159329493549,3.024503590410954
32292,pop_3,2.6773979075990755,2.9489651899323266,5.5648775620666635,3.227120453457162
32293,pop_3,2.924971681917532,2.8531140864772073,5.96645032763966,3.0494178115770834
32294,pop_3,3.1129736155620855,2.926397394617541,5.657024935247999,3.0302287054292325
32295,pop_3,2.909157693171628,3.1049078453746133,5.546332389401508,3.1985490571208532
32296,pop_3,2.9258285999364473,2.9989001607454493,5.76237793775072,3.5649498997383
32297,pop_3,2.8188241131055842,3.3725834581458676,5.718793426649106,3.137362001468128
32298,pop_3,2.743834503024773,2.9673099497932274,5.390451511592307,2.9765713513001537
32299,pop_3,3.238364183272903,2.970930015530361,5.982885135452447,3.485591193208393
32300,pop_3,2.8786570931767366,3.203097573424793,5.381749652045628,3.0091969421334412
32301,pop_3,3.020817077352414,3.2540165762401934,5.593287386430582,3.1542178678101767
32302,pop_3,2.712304493476259,2.82016854807848,5.522580012243925,3.5225651377004454
32303,pop_3,2.8050814693594015,3.242678736915476,5.946212038739457,3.390124059969429
32304,pop_3,2.750416587485768,2.9191425900067633,5.206161453369393,3.4237503809307883
32305,pop_3,2.702642265113868,2.9487082005527565,6.120775469481127,2.992163696553707
32306,pop_3,3.0097733833152986,2.7810396778949866,5.2604122303229754,3.566748025856284
32307,pop_3,3.0459139565533233,3.018672886427357,5.703244553406011,3.089207334056255
32308,pop_3,2.9740732822618225,2.922388807813784,5.371557780930703,3.3930317570772215
32309,pop_3,2.65370157663424,3.2020158187257204,5.813580461038725,3.4625373596747755
32310,pop_3,2.8153191143580427,2.973800744172022,5.588040133054828,3.4683892866953134
32311,pop_3,3.008261099723703,3.153960993364335,5.480602108384709,3.5810695982385874
32312,pop_3,3.0606027199776875,2.9787511406819984,5.873371212671948,3.7004969006099757
32313,pop_3,3.1715441016758197,2.826999819117585,5.691285408116224,3.346595140982418
32314,pop_3,2.8812798589122863,2.7902509553990287,5.663613739587528,3.3172794912970773
32315,pop_3,2.7857839439454946,3.1075381518960383,5.446406034978692,3.304318811823354
32316,pop_3,2.8035291951511656,3.031955152391282,5.905952371284684,3.1907997860421826
32317,pop_3,3.2442163523295484,3.4176317649016794,6.140741795380054,3.06051822385382
32318,pop_3,3.016443755411864,2.725998687756764,5.679089968190955,3.4728949816382637
32319,pop_3,3.05047304880215,3.115040409709688,5.5887227993972965,3.4245066457094335
32320,pop_3,2.663847737952928,2.8740608642807466,5.7542501000355335,3.4146373344572667
32321,pop_3,2.6993308938437433,3.2045029421454783,5.338409797723307,3.333709446370725
32322,pop_3,2.773220007794986,3.1667912525354036,5.670194072984087,3.432718727836833
32323,pop_3,2.816392362374034,2.8415649851047533,5.3346773208529275,3.3878429701108255
32324,pop_3,2.978908430411181,3.1316376700887445,5.578792624436609,3.498460281116166
32325,pop_3,2.5940586152507876,3.0447047167317085,5.400873701040328,3.58080462363837
32326,pop_3,3.348169490885516,3.117586939306098,5.680573184031615,3.345283262780402
32327,pop_3,2.5760545722263095,2.73424565049148,5.485836140456284,3.3311848368116275
32328,pop_3,3.0234158556199664,2.769126151419557,4.93708136501265,3.157437914338614
32329,pop_3,3.017045493295154,3.0435407126653073,5.713681587631958,3.5308527250797033
32330,pop_3,2.86391551698968,2.765621134460582,5.91586767344826,3.3975660497656226
32331,pop_3,2.5956486611183123,3.066856270046178,5.213485977739808,3.4088036171254994
32332,pop_3,3.0406728859332977,2.74268303693892,5.132237837315009,3.6560067751966057
32333,pop_3,3.022937773588673,2.959381320625347,5.475475470384773,3.459669190757357
32334,pop_3,2.667145624499278,2.9474912749502806,5.401733966212014,3.9394626784787397
32335,pop_3,2.9200324483433597,2.57577928931147,5.834628468500375,3.3743926675352713
32336,pop_3,2.5034086903103843,3.4945952825422646,5.893644097764113,3.051475197489803
32337,pop_3,2.6372348400171153,2.463549919931847,5.681612070035162,3.366316115473405
32338,pop_3,3.0685536304346424,3.179192883233645,5.067983649291158,3.3430949759790582
32339,pop_3,2.7034475335907744,3.0915188380125653,5.5378619306337935,3.207491070626019
32340,pop_3,2.938348572996147,2.668788328669168,5.294093983493672,3.685515204341305
32341,pop_3,3.2456770777815906,2.327514169893777,5.526739443292198,3.6559802405391126
32342,pop_3,2.96684576828407,2.565201503172655,5.944849956431411,3.4552569295893734
32343,pop_3,2.6947857573731535,3.267986456897808,5.114235204581786,3.1891576692854
32344,pop_3,2.8999282498193604,3.014043500346925,5.403020597368571,3.348952041630418
32345,pop_3,3.0230511472579695,3.105046877908884,5.715484185497011,3.3898024740597466
32346,pop_3,3.119239258044487,2.810219392707253,5.7284760076416825,3.283651148320271
32347,pop_3,2.789245013828081,3.115091678922603,5.501560437082893,3.0907321685503684
32348,pop_3,3.0672976718690954,3.0630900683444846,6.047677993374581,3.3977310152866598
32349,pop_3,3.07411941152058,3.049712818728796,5.50578294372601,2.9184495621617854
32350,pop_3,3.304362935642267,3.3506999916394262,5.418916789013504,3.0232296488513466
32351,pop_3,2.967129666069741,3.2025388294751496,5.312772470929214,3.3133148900465708
32352,pop_3,3.0471459225716013,3.2213134865860473,5.2794928764454045,3.0499273041313057
32353,pop_3,3.0554187301722098,3.098145071684123,5.8364731800915814,3.3102703791888657
32354,pop_3,2.999789712464661,2.683553690372186,5.658993169045406,3.7963035192603827
32355,pop_3,2.4863461154624407,2.8458381327970224,5.429590077016283,3.093694510351329
32356,pop_3,2.942293797170814,2.7802339321479472,5.23627849730501,3.411204435527856
32357,pop_3,2.933772262040309,2.9038312596591087,5.52728026457951,3.6204719444307427
32358,pop_3,2.8958106905611394,3.146448662152739,5.666179949067085,3.075045880802857
32359,pop_3,2.923924918264314,2.737133707037662,5.423043292961523,3.3389498623782274
32360,pop_3,2.9214199721093257,2.9353570304718173,5.411787378057593,3.641836105311166
32361,pop_3,2.8444476192100323,2.9379841709126318,5.4850306523865315,3.531395591782926
32362,pop_3,2.647541541402977,2.8735926207509466,5.42652906652234,3.777889454848295
32363,pop_3,2.547023581452476,2.8504663512776194,5.647224549217713,3.454530038528246
32364,pop_3,3.179166593296169,3.119269203170858,5.4399442256613755,3.4003797770587445
32365,pop_3,3.222162920690152,2.6428595611063717,5.782515105076937,3.3945814753046846
32366,pop_3,3.2534894691428065,3.0516895980060377,5.490226527002201,3.439769040060005
32367,pop_3,2.7763603634855025,3.0778369627012734,5.340690244068101,3.274121889174422
32368,pop_3,2.724725657953975,2.957390068028122,5.723915760298946,2.838613363485933
32369,pop_3,2.920596860063182,3.181098522279722,5.048814525612684,3.4951110514809067
32370,pop_3,2.8612077351922633,2.9878980479186796,5.214411031726728,3.0876026430853374
32371,pop_3,2.810777035921457,3.0086287922222485,5.993880986026006,2.7168936071958787
32372,pop_3,2.893896001121036,2.888795559696951,5.484359426200261,3.1793088871027657
32373,pop_3,2.736980800544974,3.1042909959861587,5.268355866801055,3.1791694828466
32374,pop_3,2.860526277244563,2.857679497348961,5.979208707633095,3.522929131848841
32375,pop_3,2.844154440416535,3.2825494618627094,5.524279592501296,3.070613611330181
32376,pop_3,3.25265159358215,2.8906065385495396,5.866774026419621,2.962527161982425
32377,pop_3,2.8958102706591484,2.592391626705633,5.428278508778124,3.831711560923596
32378,pop_3,3.3997337486988704,3.26432022523621,6.0886551438900325,3.1706755682484338
32379,pop_3,3.177449790967585,3.0677713912856506,5.884081396685062,3.125496513895512
32380,pop_3,3.276172897228152,2.8616176166086382,5.451428095754789,3.1949036892185356
32381,pop_3,2.9067880221089726,3.1095849050574946,6.097393031890711,2.968257213327518
32382,pop_3,2.7741740983164402,3.2675089948598925,5.371225931977145,2.989238869810359
32383,pop_3,2.6972825436951764,2.854042972365326,4.834625290576058,3.335759033621327
32384,pop_3,2.58325151097895,2.9203258408493507,5.658135987477378,3.142478132295767
32385,pop_3,2.643379835297062,3.108164686007637,5.307191877496898,3.162866802100441
32386,pop_3,2.4679293549381875,2.779817652834909,5.415031331293442,3.268409542468078
32387,pop_3,3.1722342336171945,2.941184535276916,5.680264502214671,2.9090634982609704
32388,pop_3,2.729890114364911,2.674351273767712,5.971170387712878,3.4610675290042856
32389,pop_3,3.1579914779438325,3.3398781163768,5.645180916271239,3.381084009370583
32390,pop_3,2.7479678793267004,2.836280642042841,5.531873463897922,3.4076275886141065
32391,pop_3,2.7658849348207,2.8509000488602045,5.229336191236845,3.4795947988545386
32392,pop_3,2.9835501339839,2.833109969963797,5.719301680819057,3.591618407738608
32393,pop_3,2.9725734285458785,3.4321318368610467,5.680052558414428,3.384192200468067
32394,pop_3,2.7041554209223855,2.5436345614823015,5.266849908941864,3.485533804528044
32395,pop_3,3.2476855623553553,3.1999935487581377,5.648163822288621,3.1092152585790935
32396,pop_3,2.9120014507395773,2.6850254691899793,5.1312952434787915,3.7626801955455687
32397,pop_3,2.5511448576602853,3.097274259075023,5.319480445678532,3.2899382603398184
32398,pop_3,2.9995492095785545,2.9445688526062948,5.578339406481714,2.9961271687696653
32399,pop_3,2.344802187102478,2.8298500304819783,5.18412763072092,4.07602218217697
32400,pop_3,3.079998476780527,2.941292775265409,5.447115596952836,3.118930628077005
32401,pop_3,3.0510991400501326,2.9747513953360265,5.247178922095104,2.8481701027268698
32402,pop_3,3.2645841542941936,3.142778741304344,5.461837568472025,3.2756543762358397
32403,pop_3,3.066915635753193,2.9874025438450222,5.297983223100097,3.346287258865715
32404,pop_3,2.7406455989463883,3.019149231922255,5.118781297764703,3.5430039869791177
32405,pop_3,2.989192339738916,2.906394407215986,5.869096911555755,3.123128186228946
32406,pop_3,3.626389713347276,3.115460013231894,5.568840009616234,2.8690053546085053
32407,pop_3,2.855741879568241,2.762314526996029,5.876319758331491,3.225218082136986
32408,pop_3,2.8482496611813493,2.9480973393142302,5.441982454610553,3.5389934248636545
32409,pop_3,2.947955235043742,2.7869847509990033,5.704650083825309,3.4065924882302725
32410,pop_3,2.6915329102121675,2.728966245704816,5.32781025129984,3.9988727434697564
32411,pop_3,2.6195740391507187,2.8016927808766794,5.697235852061333,3.788755122908719
32412,pop_3,2.6938508313532497,3.0526994048090854,5.401778908355034,3.669743929033495
32413,pop_3,2.8112347462399514,2.6438874792207,5.333324055876442,3.585602036971652
32414,pop_3,2.9559223672244395,3.3826588752978717,5.173070712319923,3.4892765812839777
32415,pop_3,3.168009713446194,3.1117448631519826,5.750046368240443,3.3104610290135246
32416,pop_3,3.235096597067699,3.3156876629364955,5.485356948498285,3.3529931127350987
32417,pop_3,2.6705389325821747,2.6052822657613146,5.155748162854838,3.86559366829883
32418,pop_3,3.2282950693332753,3.056464182908867,5.640463290923889,2.881268014542203
32419,pop_3,2.8067976752652495,3.1158300940865704,5.726635925261799,3.3663788912913013
32420,pop_3,2.8517715314299115,3.269613079070215,5.557719929171048,2.7620760401133877
32421,pop_3,3.2480187737678983,2.987626139813937,5.647091097560671,3.361308544061879
32422,pop_3,2.894262114901242,2.8067607169770703,5.3350342578005625,3.433241744771196
32423,pop_3,3.1799874193275244,2.9302971044189428,5.8083622885206605,3.246265220511065
32424,pop_3,3.13716561426691,3.338939317671901,5.535496012106856,3.4090460229430857
32425,pop_3,2.980056199351621,2.622117156417225,5.491308476863471,3.097411004624746
32426,pop_3,3.112714341122391,2.875951714765412,5.553198908095013,3.8437457180975376
32427,pop_3,2.9426864730454327,2.8801668626145878,5.638193158139919,3.3041342133616944
32428,pop_3,2.9231775331446244,3.4141379170389308,6.102697378208626,2.9466289275405133
32429,pop_3,3.157644041560973,2.8940592715487967,5.738711177146927,3.2111351526692253
32430,pop_3,3.2176197308462626,3.1155804104405345,5.562531725239383,3.3777106182865726
32431,pop_3,3.2747982478570004,2.76710877665173,5.853380276006312,3.4235041526864687
32432,pop_3,3.1412135008641155,3.1447406271269216,6.012762958120323,2.9329398848933206
32433,pop_3,3.234138455671812,2.866943265124432,5.768887060274746,3.416578051030222
32434,pop_3,2.725232367947022,3.1198704372064903,5.366922282048416,3.2204728563837164
32435,pop_3,3.131143155575738,3.0562295523859713,5.550250179202546,3.4120333491155623
32436,pop_3,2.740566036755394,2.939164207549832,5.635687473913128,3.1335018363799803
32437,pop_3,3.077308983236223,2.813649848814958,5.9909188380748315,3.48466661897903
32438,pop_3,2.7248925390594825,2.8801388129126826,5.320075514051671,3.5318888873437357
32439,pop_3,2.53447806908921,2.9905169550544017,5.467859498235584,3.1642705972507392
32440,pop_3,2.4638950194810563,2.746389903660776,5.5546079106261805,3.2688234676397463
32441,pop_3,2.463029081332669,3.217804416807154,5.490320156789336,2.9057536466416005
32442,pop_3,3.171272215188338,3.385083802153732,5.277828955934476,3.1565148875427216
32443,pop_3,2.555718479670211,3.157630545348259,5.977712896290466,3.3589451817400455
32444,pop_3,2.889448171246365,2.955955883350814,5.390211344591608,3.5294751592214073
32445,pop_3,3.367677442609054,2.8911624471813546,5.090225842764285,3.272561189916273
32446,pop_3,2.929356496785102,3.1804729329111714,5.967419335267707,3.2465929884846987
32447,pop_3,2.76358752319848,2.862582980383697,5.538300513442196,3.451004299038448
32448,pop_3,2.8889741183918822,2.8166131495721847,5.800452725765454,3.3953399652686396
32449,pop_3,2.6740641491646997,3.282677386959436,5.581202944561461,3.1130383784427864
32450,pop_3,3.0199833953422663,3.2826492690310847,5.887565169037241,3.3547655814542243
32451,pop_3,2.7390205378810846,2.821256746115145,5.501513432249598,3.709937621325454
32452,pop_3,2.974136509546465,2.989546288580561,5.499299042774435,3.264474593254295
32453,pop_3,2.908149754442108,2.842645241988811,5.586410966684518,3.380635336961118
32454,pop_3,2.9167468957450486,2.8223013982039284,5.141758629930487,2.9147348878387715
32455,pop_3,2.834663045826088,3.094485557979747,5.276090952391457,3.055911051031905
32456,pop_3,2.7890877374015015,2.6201652342686548,4.859477269627863,3.5411881137484325
32457,pop_3,3.0323882693114603,2.834973366621749,5.70289067175176,3.532443012206297
32458,pop_3,2.7851189023403102,3.161823718177322,5.271236834712242,3.405495633410113
32459,pop_3,2.9868005259807724,3.0297907280327725,5.596677366796174,3.34312134409698
32460,pop_3,2.8062740576506036,3.091367788554259,5.220381692541891,3.0857046322675536
32461,pop_3,3.160085494135142,2.977307790178875,5.010989923181333,3.7873692897032973
32462,pop_3,2.9670670507656958,2.745843020778525,5.236916538994361,3.569698862995352
32463,pop_3,2.900620659867901,2.801170987780041,5.581719285941622,3.105625460884116
32464,pop_3,2.9311937394300314,2.8610558426131965,5.510557842191125,3.6421348881959927
32465,pop_3,2.8339508238015676,3.1415520280088365,5.814871906735163,3.657479640820349
32466,pop_3,2.9133819380235133,2.7876917019523852,5.2012936683080335,3.290338979109901
32467,pop_3,2.8927135504128385,3.606547532294435,5.669362571039875,2.640637901756927
32468,pop_3,2.603884002005172,2.9981380086369147,5.519455343630573,3.4327857885541806
32469,pop_3,3.4377182039137066,3.163487028734506,5.632397773231616,3.114380204155313
32470,pop_3,2.68283957850875,3.29191044332674,5.543187790042786,3.251501373854739
32471,pop_3,3.2022168177673893,2.6904407536633164,5.161588605578849,3.3820684814728468
32472,pop_3,2.9086309151096543,3.157234364157115,5.658323238474388,3.345313985924054
32473,pop_3,2.650277526374061,3.288547041588855,5.799744024821636,2.6979169112364305
32474,pop_3,2.6667404175592795,3.2595897939549117,5.485974197226917,3.1827443362702676
32475,pop_3,2.9116442859243317,3.1659365723742128,5.5680742854490255,3.193397593634632
32476,pop_3,2.8699424387812127,3.1057785794416803,5.113619605888816,3.252270530446313
32477,pop_3,2.5783771391333863,3.0487560530095945,5.5184594278757615,2.9952371336156656
32478,pop_3,2.739243181649188,3.3029348622113663,5.753729656419967,3.020351114193204
32479,pop_3,2.5963698517553087,3.1953070006443425,5.5768027906443045,3.3519451642364606
32480,pop_3,2.496288291638099,3.313273685040822,5.619817368512183,3.2078558693170396
32481,pop_3,2.867587893572914,3.340650678194678,5.53984047381449,3.0846676662847714
32482,pop_3,2.776221675851357,2.9718909929605575,5.172142247708633,3.5760374328423783
32483,pop_3,2.9123118617576447,3.103613777114831,5.722684422892067,3.144866335545111
32484,pop_3,2.9779112942103407,3.2985962870034893,5.682074558593147,3.142726460892229
32485,pop_3,3.0693174738398654,3.365137114295298,5.474156834354156,3.046172731926441
32486,pop_3,2.6621794560374568,3.1251432302906323,5.602721024393865,3.2211070140999576
32487,pop_3,3.107880975107279,2.8856680682240152,5.919342876465276,3.3829144810674285
32488,pop_3,2.628521799805569,2.950163585345199,5.581912422205271,3.1465788092478615
32489,pop_3,2.9293670505319707,2.8574218480234794,5.562463159280094,3.1475700848119508
32490,pop_3,2.818375592579091,3.1311595968847157,5.806617416412028,3.346991423504598
32491,pop_3,2.7067020870007745,2.8519606332023733,5.60070571273531,3.687350099986936
32492,pop_3,2.8897026886606048,3.117185041981718,5.416886798365151,3.1942533333772185
32493,pop_3,3.105717557375162,3.5948326118866216,5.713892923961242,3.0491286823144144
32494,pop_3,2.6319046044923478,3.191142562178381,5.351710106954772,3.1436364138536885
32495,pop_3,2.6333206131603344,3.2063944390300447,5.370479725459867,3.2884607165030273
32496,pop_3,2.9227396775074133,2.7703594499081463,5.101114953821782,3.9439957366709386
32497,pop_3,2.603666560356748,3.050125119316264,5.689897049848753,3.7083430221119515
32498,pop_3,3.0672734120934155,3.24446737756056,5.1219054420754215,2.929655609053394
32499,pop_3,2.726598742087416,3.165565925289455,5.539008542003875,3.2906705155359814
32500,pop_3,2.652135785782399,2.5817924515073,5.403276418567813,3.5864275443653404
32501,pop_3,2.9420623016797087,3.186412027090668,5.481466695758467,2.842654883520401
32502,pop_3,2.8106379092998406,3.290067579079201,5.61902246148264,3.1620380978954383
32503,pop_3,3.216343049547519,3.4721247203920873,5.445793483384261,2.619045703226638
32504,pop_3,2.6056507838308205,3.3199838720460755,5.856220022726311,2.9826665945122826
32505,pop_3,2.5118957453722577,3.2967460020270023,5.597018015566648,3.373025334133012
32506,pop_3,2.707794526038008,2.8303105227617915,6.06453662916824,3.4363602473086834
32507,pop_3,2.755460563431674,3.099637731080237,5.7096859474265385,3.0325928696896463
32508,pop_3,2.8908666020182965,3.2612510508603374,5.261160067950137,2.9437209517685363
32509,pop_3,3.043632865743516,3.2309449045150527,5.771492485747554,3.120051658058002
32510,pop_3,2.7997991914973177,2.8633574439263003,5.77888561039827,3.594740419895644
32511,pop_3,2.9183040606471184,2.6200140699671843,5.7080842778825245,3.8050360561476846
32512,pop_3,2.8480822761164646,3.082920161725454,4.877463416378935,3.204558964735491
32513,pop_3,2.838710109962209,3.021981046798292,5.311590388362984,3.1542274266645682
32514,pop_3,2.861060492155905,3.1685651144804425,5.871895125580646,3.4473531778798723
32515,pop_3,3.0654775661813276,2.8285903980316878,5.463867430569412,3.36118985232132
32516,pop_3,2.88443190831523,3.0424489805452,5.667749500995339,3.430214744197554
32517,pop_3,2.8991632093263866,2.807182575062619,5.549842345540258,3.289434431717279
32518,pop_3,2.631908160422923,2.687180698554083,5.6835158986454,3.9458519279026563
32519,pop_3,3.1521868391795973,3.134725180652132,5.364000629506681,3.1231312445218724
32520,pop_3,2.7539744941971427,3.289411762415895,5.55508579401295,3.0195073061927675
32521,pop_3,2.7108070335656436,2.3249107666442814,5.653220153203313,3.461361782073336
32522,pop_3,2.847736516649472,2.928959905531571,5.2005443272499425,2.606060451840239
32523,pop_3,2.8422916571278747,3.203120422385002,5.79254497648853,3.102764481019837
32524,pop_3,2.915407661124311,2.6285981614006335,5.947408901509608,3.210727995178311
32525,pop_3,3.1467928732888124,2.8512081211195865,5.486154559379921,4.067116934465126
32526,pop_3,2.926969996605646,2.931727291199406,5.947197139267946,3.375782397102442
32527,pop_3,2.9061737603103905,3.05294717311811,5.6751330639754185,3.777376175043768
32528,pop_3,2.946738701957818,2.856139622323588,5.234105899609494,3.183517225602627
32529,pop_3,3.1247575447508162,3.157752554647002,5.681761417336689,3.0752117307115845
32530,pop_3,2.745915080281027,3.281610773242976,5.363500056207292,3.021411128035453
32531,pop_3,3.014538161982829,2.797230100767313,5.686123404938926,3.4696494101550925
32532,pop_3,2.619073805169722,2.850511167230809,5.722481627766249,3.3439092093061458
32533,pop_3,3.1614149198799804,2.9704036797597877,5.507803289726554,3.5201984113253157
32534,pop_3,2.927425287550771,2.6241031967669075,5.917985366882543,3.4064651942052255
32535,pop_3,3.337739529480138,3.018129422501361,5.585877560302413,3.3755034323572883
32536,pop_3,2.9656787166640712,3.3808959099014193,5.678179458815102,3.1916190050369586
32537,pop_3,2.8737452655577123,3.170131629495801,5.31906450775276,3.6676273285976673
32538,pop_3,3.061738237278366,3.2108984303572847,5.404861422927921,3.345671209890848
32539,pop_3,2.4404985532913765,2.4470873055969866,5.235765827913083,3.491844287891149
32540,pop_3,3.0722004310753768,2.784412631956603,5.218892010470603,3.63793872349845
32541,pop_3,2.8791647882199705,3.2033191605308287,5.964837434524734,3.49357571726881
32542,pop_3,3.0333161702836184,3.363911578637209,5.583803441698278,3.258590329253664
32543,pop_3,2.770959164901412,2.996791913916873,5.720072957806011,3.353259190722426
32544,pop_3,2.874209339818768,2.908788168812632,5.681680502015486,3.361490601231759
32545,pop_3,2.779260203833135,3.0482862564479585,5.313729801932876,3.097707440743513
32546,pop_3,2.423145853449189,2.787755602050545,5.532621900367987,3.108808545286224
32547,pop_3,3.0662865121014313,3.1444194932026175,5.6759285239245685,3.212445165296712
32548,pop_3,2.8083025090302964,2.8403765920654824,5.610568195751863,3.4104002156885866
32549,pop_3,3.0486775815937617,3.240796017090162,5.644819090730659,3.0418426547483666
32550,pop_3,2.6619655649487486,2.7620109190563014,5.0452564314187285,3.3583257252250727
32551,pop_3,3.1071266758698814,3.0795384731335083,5.5387570209316355,2.619396074003632
32552,pop_3,3.0968893860189133,3.327616853483887,5.449088747003726,2.789030129193076
32553,pop_3,2.9707783427870202,2.7170869583717097,5.377441611994006,3.520376748792496
32554,pop_3,2.904471956160945,3.0227148169529636,5.365242300345296,3.174216782688035
32555,pop_3,2.9333116257683725,2.991641025053104,5.304613642265369,3.6789670140671324
32556,pop_3,2.8706635448930125,3.2753978712533014,6.052954770583939,2.6232611966695916
32557,pop_3,2.9923306196524004,2.729686234479772,5.462438110761588,3.645099203062063
32558,pop_3,3.1311170312867986,3.105311158660645,5.590580489917022,3.1954133023429883
32559,pop_3,2.6565197872866047,3.2156262174273325,5.889940836627119,3.394652435961213
32560,pop_3,3.187592389383554,2.4552589531715867,5.754581037886841,3.656240322118765
32561,pop_3,2.7348924617814654,2.9751804622892433,6.027895552526848,3.536368255238907
32562,pop_3,2.5449264515257006,3.2560422036034096,5.542557591348372,2.782164261279341
32563,pop_3,2.913428816420341,2.9685626384796504,5.698884090430135,3.2044530741271533
32564,pop_3,3.029883049158137,2.8169557261058253,5.675595593981348,3.1619900625460797
32565,pop_3,2.488467118583532,3.116959051637977,5.749147427795274,3.5182297384248504
32566,pop_3,2.6634075874238765,2.5025831186526037,5.461933432853759,3.4447312544350184
32567,pop_3,2.808177742120465,3.0998025406340166,5.576515891548277,3.0632238765819486
32568,pop_3,3.1470441566981435,3.4036441763542347,5.2833728895720276,3.4680699763887226
32569,pop_3,2.8256039522433616,2.7922818786200447,5.089707072812114,3.321436781726569
32570,pop_3,3.140532060836472,2.886422482627166,5.659675205530772,3.4882378965131675
32571,pop_3,3.249811969820302,3.385593427670531,5.477996850127927,2.64137449976685
32572,pop_3,2.8178728208011234,3.381616443025987,5.633312774698135,3.1577597725325623
32573,pop_3,2.8383814287321134,2.650951600068274,5.2319894239217,3.4652250777792446
32574,pop_3,3.053947062980089,3.1086068691969007,5.490691694543619,3.534126298805255
32575,pop_3,2.7143735351718954,2.9852174118786574,5.573053191291247,2.898115034024748
32576,pop_3,2.8126757432054332,3.111874434758936,5.684175739500768,3.2962968551479412
32577,pop_3,3.0864579313411156,3.107854955750448,5.298810673532062,3.15918928851207
32578,pop_3,2.911524697358637,3.0085578488257267,5.339199056179173,3.4645399406001234
32579,pop_3,3.3982713529592448,3.321679353843142,5.6943190082853175,3.451631906863113
32580,pop_3,2.8979989198280314,2.9251151937342166,5.207419295987041,3.5853006246449604
32581,pop_3,2.94419287111017,3.2467394152631073,5.443350894368688,3.3543871083710255
32582,pop_3,3.017950726957707,2.892969829901836,5.437041549348507,3.0657198684470064
32583,pop_3,2.975284100227548,3.354562790317122,5.676441414193144,2.99002408498181
32584,pop_3,3.007969255818077,3.228941436192564,5.7630556998548945,3.0651815795562456
32585,pop_3,2.929265250879706,3.1378863543394897,5.7790469493717875,3.087990872282107
32586,pop_3,2.8072409979941235,2.7570736442165193,5.124818938092519,3.604022566033633
32587,pop_3,2.957782986128855,2.889389577919879,5.292150093581762,3.64986118625453
32588,pop_3,2.8841992502190585,3.111350441831881,5.840987986146126,3.3302727941182084
32589,pop_3,3.1149662109890954,3.1154895450668185,5.711891854297231,3.374780125169251
32590,pop_3,2.6978520276229707,3.00030355875311,5.592462302949867,3.4507747119190144
32591,pop_3,3.1328271525542566,2.726849677412898,5.67883066510395,3.59908944633088
32592,pop_3,2.7858213230035878,2.935219387772054,5.24296793188195,3.975079668870347
32593,pop_3,3.217569304194152,2.838237290150334,5.508358677068801,3.2269962731723063
32594,pop_3,2.900666190665778,3.054335870284956,5.496108345627987,2.8145082885044372
32595,pop_3,3.38450627408267,2.8498536124709104,5.429568842671989,3.888351715840901
32596,pop_3,2.834520534354543,2.9333855180339525,5.5123967542924985,3.7216446146461353
32597,pop_3,2.9359670348742855,3.1006613696136007,5.4472394847044345,3.1154467881347743
32598,pop_3,2.996040434884754,2.971664812465363,5.258964349283553,3.003929873984087
32599,pop_3,3.0694253887168954,3.0885645972018545,5.603437334253143,2.8968983020253147
32600,pop_3,2.899078294059158,3.0225928542788054,5.575305673071831,3.237361970585553
32601,pop_3,2.8010110533417234,3.335911611625038,5.96671890425953,2.9301193929746567
32602,pop_3,2.92502835816824,3.244030870472933,5.263024086316511,3.029189639665717
32603,pop_3,2.8666708450183713,3.237966546267909,5.648145727240477,3.8699838564802382
32604,pop_3,2.783767335617635,2.9482212326961297,5.033129962308142,3.270059583569113
32605,pop_3,2.8852012032514556,3.0244219455603676,5.3617450446660655,3.4855086276302596
32606,pop_3,2.943559365335472,3.1362048565715206,5.544997504618923,3.0575233535730892
32607,pop_3,2.924101740405648,2.9896257927022463,5.376131238101382,3.308396146539473
32608,pop_3,3.1447152737473134,2.9195044585829706,5.402378841786759,3.4483426814059515
32609,pop_3,3.018046486211088,3.237317279712209,5.878726286338662,3.2322643235433395
32610,pop_3,2.8679194424019463,3.1866193917191894,5.532472006189762,3.0984574351692644
32611,pop_3,2.85909100546676,3.2363534134545,5.7742507051589556,3.586206540433992
32612,pop_3,2.923361959664256,2.914088087969263,5.418847336669052,3.7636952531966843
32613,pop_3,2.9550778092808376,3.0183245471236186,5.468498499915066,3.6432087986104587
32614,pop_3,2.733083305924826,3.1715187109721805,5.622936507078957,3.2433763725771696
32615,pop_3,2.7878024638320045,3.0088988387131077,6.040686243580276,3.519274925226721
32616,pop_3,3.301557567868125,2.964458344862128,5.653396941618172,3.7762481022424073
32617,pop_3,2.748334876815749,3.096669873619042,5.535026400831438,3.7606420086525647
32618,pop_3,2.76534772604778,2.7659027956353883,5.602766934949855,3.1179979392813637
32619,pop_3,2.7067883777871113,3.2872436082758494,5.803963952931607,3.2071328317225634
32620,pop_3,2.92781643971912,3.1370323992016567,5.145708473565296,3.1473385287594158
32621,pop_3,2.9163577420361615,3.419458571000471,5.6790982093007125,3.3643898758782997
32622,pop_3,3.2384967252106227,3.1318635153767906,5.683090232253971,2.7155896972082454
32623,pop_3,3.003420431753092,3.1840424268267786,5.693356317974464,3.281065853376763
32624,pop_3,2.785133082283821,3.4810640532710826,5.968884451716806,2.901517758631136
32625,pop_3,2.9516820054081703,3.031798091046362,5.194824360530997,3.6566487140416006
32626,pop_3,2.7902344795830194,3.057493414801581,5.486407071314513,3.2812426108547386
32627,pop_3,2.9867092553695107,3.0703214941108268,5.790111367106464,2.6030145086052032
32628,pop_3,2.889580597586558,3.1012585528543593,5.642875571438108,3.286509063837335
32629,pop_3,2.557265107143059,3.1415319861731397,5.43028629025658,3.472921602796033
32630,pop_3,3.1914224950086965,2.828002450853202,5.264797124602094,3.1755312686788235
32631,pop_3,2.9645917229766074,2.901297986647132,5.495829867462583,3.2997856162798476
32632,pop_3,3.1171556868188217,2.755948785409837,5.771689270166453,3.7668553597989445
32633,pop_3,2.9926946166408737,3.158317329054248,5.698180372531777,2.794809990599437
32634,pop_3,2.055804747806818,2.746630589275817,5.422548241459897,3.847898902449746
32635,pop_3,2.957349005786997,2.943993737985835,5.5410150208698985,2.9361934781622767
32636,pop_3,3.021275751374774,2.8083817991131017,5.425603789315065,3.2286233892464353
32637,pop_3,2.5868918310416436,3.027098658014702,5.535658366146471,3.362850305199048
32638,pop_3,2.9745672112186385,3.149661454558069,5.840564953709517,3.6836031844958885
32639,pop_3,2.772397348811238,2.843388384893541,5.513262946398588,3.6209090758115536
32640,pop_3,3.0027930913953864,3.178398254699972,5.237730309191493,3.4563822146665624
32641,pop_3,2.9741753105288855,3.2090666297295027,5.797962881027737,3.5276137910313596
32642,pop_3,2.9190281577956565,3.298791308798995,5.445513602802436,3.217093622588595
32643,pop_3,2.78986790396243,3.0758328845145386,5.346187967082595,3.23046377956387
32644,pop_3,2.6242931359575925,3.279750477482517,6.140026865594215,2.9438084149557358
32645,pop_3,2.898934068359857,2.8270780511070575,5.594356186456528,3.361785949636176
32646,pop_3,2.888443832085931,2.8542837023545764,5.077701431386435,3.7791946756314925
32647,pop_3,3.208020512974626,2.973733069252105,5.599012598884326,3.747479881541234
32648,pop_3,3.0097823156882817,2.8025739678155444,5.401112012624383,3.1653364161915154
32649,pop_3,2.8908667519061435,3.011119183841276,5.4234012803660665,3.5554916347892678
32650,pop_3,3.081570574010766,2.8463057942753522,5.734442715166377,3.5750974062824454
32651,pop_3,3.0748811080350222,3.082917282555376,5.622665702259298,3.8390865170594175
32652,pop_3,3.052385712262574,2.9885123394958986,5.511953914290123,3.8642064522908974
32653,pop_3,2.6251756249665346,3.288429250148325,5.762464174544797,3.1536693099277233
32654,pop_3,3.0469506192858025,3.566637130261319,5.5716970547643045,2.8002624223890544
32655,pop_3,3.140719841814666,2.8657028843150076,5.6351010540588105,3.3364518227711883
32656,pop_3,2.948649790531811,2.945753855500621,5.447387938604237,2.8908861458714634
32657,pop_3,3.0426493026801955,3.087337544854661,5.300435123676608,3.3020310620514
32658,pop_3,2.99333893941243,3.2874012911657258,5.755071996853955,3.275624266690677
32659,pop_3,2.529635430760427,3.222003915354429,5.975060545932079,3.261234111651337
32660,pop_3,2.556999811034704,3.075670236576027,5.523463679720886,3.474219679072137
32661,pop_3,3.04473383830108,2.5762925007251907,5.541209543805476,3.5187567507784077
32662,pop_3,2.92323863359715,2.4791867500305154,5.149633834687322,3.7715121221198364
32663,pop_3,2.7924808740722504,2.7563363047744116,5.53660236353955,3.463018056985805
32664,pop_3,2.7417739591450943,2.3298762461968527,5.30967619997843,3.643005189956201
32665,pop_3,3.2763444568405244,2.7759367803045807,5.048024002239857,4.03385928465949
32666,pop_3,3.007773335843613,3.3178761534564916,5.891962314947017,3.079404671648262
32667,pop_3,2.7184271977692593,3.125900806847123,5.1915714685550745,3.4660888619930765
32668,pop_3,3.469105040373963,3.24737245544272,5.188196112941375,3.143185220347347
32669,pop_3,2.965017400405446,3.0489901124882457,5.879699776957947,3.3668866729520057
32670,pop_3,3.006358674509723,3.0396729850478854,5.702114113588962,3.5310751390275708
32671,pop_3,2.6876199802560046,3.0556337402562317,5.3157861399069875,3.5555093407386567
32672,pop_3,3.1699190085911964,3.1609220668592535,5.324558330649873,2.8049448604189333
32673,pop_3,2.970528922514642,2.7455891781355986,5.328063642380541,3.2809550716490303
32674,pop_3,2.99717537592658,2.6760642255005593,5.2370877881835955,3.5159957005702243
32675,pop_3,2.6310894110956093,2.9200959184808646,5.332524743611025,3.9884315439394364
32676,pop_3,2.966124306541835,3.194847837693344,5.489687886155402,3.499221921765797
32677,pop_3,3.1060799745313235,2.5639150757998292,5.053195381944591,3.5238674190318
32678,pop_3,2.8826782071464447,3.2150323588921146,5.2296307107482995,3.3270769408444947
32679,pop_3,2.9316440125981478,3.3485862916703,6.007550902382686,3.1759452253831366
32680,pop_3,3.209731872503739,2.905438057004377,5.134471099661432,3.4577310786763555
32681,pop_3,3.0412473218233282,3.0833013606216046,5.753235207965875,3.060575295159465
32682,pop_3,3.3682616901769147,2.7994602682305056,5.3949391337155035,3.4257999520323277
32683,pop_3,3.1305762598258546,3.0478339996182497,5.524742182808886,3.490032853006352
32684,pop_3,3.1209909711688355,3.5674415211209314,5.746138004746844,2.8929981242162865
32685,pop_3,3.0134115019049537,3.196726980245217,5.708481586780165,3.2263406785635844
32686,pop_3,2.581959521009614,2.807975105172419,5.696112470826963,3.8468499002366032
32687,pop_3,2.402787449336247,3.238265308559835,5.683515279663486,3.4815739998200326
32688,pop_3,3.156355668093905,2.4140032983928505,5.189324960706577,3.8314446403885007
32689,pop_3,3.056598311237498,3.080608596559316,5.603028525872179,3.5684975002578083
32690,pop_3,2.981659492075447,3.259059934043713,5.657253616549195,3.075285114654424
32691,pop_3,3.1873718746384427,3.136646081952426,5.394473704272394,3.491010247785044
32692,pop_3,2.688971802806998,2.826147622217199,5.565674396140075,3.281787288988077
32693,pop_3,3.0014856943534705,3.0488984816542866,5.497294229178512,2.585384433783926
32694,pop_3,3.1097728986075452,2.9658038508343805,5.750971120767442,3.354850762752988
32695,pop_3,2.845511549577392,3.308242615989559,5.796307272582154,2.860801704918531
32696,pop_3,2.7174941989878687,2.9297836756921973,5.6687174432211265,3.0729328457248433
32697,pop_3,2.7067511403819844,3.2482303340323897,5.728687050681712,3.06972341159803
32698,pop_3,2.6614084687177404,3.056909223627749,5.7033993818771,3.771137301649537
32699,pop_3,2.7576285220371832,2.963647226837832,5.70523572456519,2.3628370207773175
32700,pop_3,2.9408152481383283,2.926161775520247,5.721080659877754,3.6834859922242473
32701,pop_3,2.9952910660325927,2.744845116227243,5.698954091244158,3.0872186749557904
32702,pop_3,2.6543230031953153,2.7706623986729504,5.4015888306010105,3.338184580015676
32703,pop_3,2.8501255105418313,3.1057539350249654,5.714445123222442,3.3023503735560835
32704,pop_3,2.9370880087164943,2.9819518799946834,5.748888687782289,3.1005079404795794
32705,pop_3,2.6940034906790378,2.938602399928495,5.271818316444949,3.595874173667865
32706,pop_3,2.7396492323475634,2.9739100529337343,5.497879125167907,3.335117497814317
32707,pop_3,2.6633712475964035,3.3111269700393615,5.871435341859322,3.193067655560232
32708,pop_3,2.907698858843113,3.0432179285435863,5.038105313273757,3.4547846791099346
32709,pop_3,2.991507158439957,2.9269907225356784,5.624331193001948,3.0232924375775676
32710,pop_3,3.31820700325314,3.1385319186938077,5.804265207381382,3.231819757151647
32711,pop_3,2.530603451881301,3.221850523276817,5.763277807957852,3.1483873085361735
32712,pop_3,3.0095904822718156,2.7861897303927856,5.31676586014156,3.2654127286122527
32713,pop_3,2.979006592336378,2.991638864670816,5.591981204690896,2.9886085667486437
32714,pop_3,2.748786030704685,2.9224373766679173,5.158875006313196,3.240018263585882
32715,pop_3,2.9701980068244427,2.918722230816684,5.273118499503929,3.3841992708155835
32716,pop_3,3.537494025406304,3.2783992514996525,5.772074779656083,2.8880998839387715
32717,pop_3,3.2117789563868326,2.967571334170595,5.522490969169884,2.890271550230714
32718,pop_3,2.8746922477106094,3.3102561878850967,6.202587590031921,3.508726008676306
32719,pop_3,2.928890849161598,2.7935265769852466,5.554046284226239,3.159886616298573
32720,pop_3,2.90634893547175,2.7911371882033595,5.549606832615761,3.6319998212174673
32721,pop_3,2.921152282587146,2.7193693361900118,5.593950005261642,2.943764810152387
32722,pop_3,2.517824641137065,2.7777283962420216,5.836513080258145,3.513030265024746
32723,pop_3,2.6948887677967535,3.447982464052952,5.443111321313661,3.3255046542996127
32724,pop_3,2.8888067385571183,3.1760659657232946,5.562900413877988,3.3216148257954865
32725,pop_3,2.828793309604546,2.942602741379912,5.249350917402834,3.540871133178054
32726,pop_3,3.277310512646731,3.2502905840962892,5.583215401079147,2.986750673566401
32727,pop_3,2.9455753398540026,2.930625757505849,5.267946239861771,3.6084498317740095
32728,pop_3,2.8753831718557077,2.647188456370531,5.870529133553791,3.271738923899769
32729,pop_3,3.6027046581929554,3.132884567932063,5.934406470834524,3.083587569186074
32730,pop_3,2.8432977369836783,3.1536201549413865,6.008510390598288,3.127353290868507
32731,pop_3,2.5486464021468413,2.4217186262838144,4.9109378408021085,3.9395573047261085
32732,pop_3,2.863883648207906,3.058910663705166,5.6957328566838274,3.692658187722019
32733,pop_3,2.4572264323114146,3.4443211030400045,5.274741156970538,2.909617697283553
32734,pop_3,2.980296486251765,3.2117444088591043,5.7686398104981595,3.000700843040947
32735,pop_3,2.9941484896623836,2.672845058833978,5.575241744611288,3.674933079095175
32736,pop_3,3.168184052428895,2.8558311685852837,5.924360580872308,3.479145722025836
32737,pop_3,2.869178629442229,3.00059901100482,5.763219392328245,2.814283700743111
32738,pop_3,3.014227986375437,3.071144502232106,5.183254122114465,3.6229883559030562
32739,pop_3,3.0252681971302375,2.945845374871004,5.6538353448634515,2.946914779004263
32740,pop_3,2.645864363943554,3.000970581073226,5.615964216334534,3.3815790090846254
32741,pop_3,3.096790495788431,2.8951757979252846,5.792662619988597,3.049217480007818
32742,pop_3,2.9315455478030708,2.890998140209655,5.341045246524522,3.225522884497151
32743,pop_3,2.931994804321072,2.765344528497585,5.203419510646191,3.260096373621338
32744,pop_3,2.8668471824207327,2.966730359737859,5.442472500465972,2.954679103694844
32745,pop_3,3.2033786861895206,3.182118061921229,5.903545429948047,3.1666482466270645
32746,pop_3,2.820771522648751,2.671211388378963,5.48993732406248,3.7454811180731924
32747,pop_3,2.959721555903645,2.833578111761612,5.4642470793793265,3.6241843902794186
32748,pop_3,2.8273302582238737,3.3585111972251256,5.754420623637102,2.719804209604103
32749,pop_3,2.9859705508828465,3.3269145248032026,5.357629084432336,3.3857970075229042
32750,pop_3,2.9543675534743623,3.205421326422618,5.255883065619023,3.4092848029026452
32751,pop_3,2.7095341243326256,2.902810989776446,6.0067386541047805,3.620160687074116
32752,pop_3,3.1618672519586966,2.9933918372959414,5.515070284104022,3.461380337991627
32753,pop_3,2.8865599536539603,3.1930376757669876,5.882791833398696,3.801056588727265
32754,pop_3,2.911074570288108,3.034187757428235,5.2754225056288435,3.238220938866068
32755,pop_3,3.3501826292388555,3.0217497475629465,5.817852383065185,2.869368600261026
32756,pop_3,2.771204560321524,3.2037061887925176,5.50414585854496,3.176016115132495
32757,pop_3,2.7281377008289462,2.591875603899288,5.506650682424697,3.2385978616135547
32758,pop_3,3.022060358710511,2.932807098540667,5.556695915004779,3.5968002926201192
32759,pop_3,3.1677698881450995,3.0142992275737583,5.823834308029774,3.167174569108877
32760,pop_3,2.76570373552901,2.8138114448717237,5.4216726446654375,3.358377479363672
32761,pop_3,3.09860772720223,3.007910385131455,5.468959205772507,3.3402018057701923
32762,pop_3,2.688935233994603,3.43261627222579,5.696503056955822,3.099145962923847
32763,pop_3,2.786617522300824,2.7533440472359363,5.2493782106317415,3.383168540240336
32764,pop_3,3.257394811066812,2.6932166602458665,5.544445657129668,3.595864997776623
32765,pop_3,2.8214125609044984,2.892151961138144,6.058991644442511,3.0260918319580363
32766,pop_3,2.819439986665927,3.185252691698474,6.2170857045488335,3.1024922626269538
32767,pop_3,2.8174181757198156,2.8427891518615227,5.628183924190401,3.284435092071953
32768,pop_3,2.5107290253599097,2.930415286482222,5.657284555511154,3.4714596642702067
32769,pop_3,2.979499922652635,2.796777572674556,5.365083441451949,3.7443067916843127
32770,pop_3,2.888169758527078,3.1761173869053856,5.780696207764642,2.7385723911095394
32771,pop_3,2.8144343246877583,2.9271111234052665,5.845300419377052,3.544257679429446
32772,pop_3,2.6869192008297635,3.243418491711943,4.569993867152061,3.772957866604228
32773,pop_3,3.0499731060539137,2.816022226435798,5.14395351765898,3.9511502571130794
32774,pop_3,3.0787294196461015,2.9770254275413897,5.577127901351057,2.989823430807249
32775,pop_3,3.029678371348217,3.0061545552609212,5.689824814752492,2.7025345084054955
32776,pop_3,3.251883949612246,2.861131311281118,5.766696946256149,2.8635809599840383
32777,pop_3,2.9822635346787902,3.307011455298469,5.538793818019628,3.4576328675362062
32778,pop_3,2.8918954849583574,3.2391279482706854,5.727153693311016,3.139453872729645
32779,pop_3,2.8499026310110915,2.997301604725762,5.821569410428588,3.2868377698494506
32780,pop_3,2.6650191178539875,3.141215528788165,5.3378184009369205,3.35457481539472
32781,pop_3,3.1157418890430746,2.8526966139425554,5.416465835132017,3.4578292458880493
32782,pop_3,2.872244638647889,3.375426547987466,5.437038957176383,2.896837934105663
32783,pop_3,2.8967793314131876,2.6656979451680543,5.60282723255262,3.453372299189252
32784,pop_3,3.1620731643836453,3.132326322573851,6.001455345502129,3.088567046460731
32785,pop_3,2.9406315406410504,3.354928614157116,5.5331078428032585,3.0661486228950356
32786,pop_3,2.6749251848074227,2.9584922786111156,5.913551879461893,3.5902756404166523
32787,pop_3,2.9158929929929083,3.2070646235344453,5.335783335822225,3.356835783690436
32788,pop_3,2.712436750231829,3.0359509702221783,5.121117155328892,3.7317535886328472
32789,pop_3,3.2523933222428965,2.8967611915476166,5.929670184838526,3.2765441994667928
32790,pop_3,2.6394405449928766,2.857610887910519,5.249382242299871,3.682323062947
32791,pop_3,3.0445140149470835,3.0658653546562076,5.7615211802955555,3.249228032157185
32792,pop_3,2.923067384908968,2.7847068805751163,5.414507768321995,3.504354598217797
32793,pop_3,2.862761922985518,3.0464284427575934,5.686415890981163,3.2692003167976265
32794,pop_3,2.877938143072374,2.947197855120854,5.894241014701507,3.6436609909019033
32795,pop_3,2.7794805536514557,3.64231458816772,5.566283822008018,3.4389313427103314
32796,pop_3,2.958897809394572,3.114526594551437,5.794367809186146,3.1971279772536794
32797,pop_3,3.0668907117551414,2.8510779323947153,5.815061192544129,3.653055745539442
32798,pop_3,2.8112578243459354,3.0559436398452653,5.583717895226938,3.3129484249949
32799,pop_3,2.887343270907368,2.8076493829707636,5.978465082983207,3.3939050247999814
32800,pop_3,2.5160520780330984,3.3491380040935557,5.573189587308249,3.3985339613782153
32801,pop_3,3.0535039750120494,2.793744411486903,5.41655289135526,3.536018430410061
32802,pop_3,3.1963209059362603,2.906401100845256,5.458670812988215,3.106290076079502
32803,pop_3,3.125497213827249,3.2096664065919156,5.583981735632754,2.5922812910613837
32804,pop_3,2.798802393365081,3.2837236720112863,5.4362157709142735,3.8731665219733293
32805,pop_3,2.665438018636868,3.133414489388459,5.246883509719497,3.5827525611524473
32806,pop_3,2.622393966345199,2.889534149010103,5.293618287773303,3.205882323246054
32807,pop_3,2.6289004099039346,3.063533122554292,5.614107281855628,3.2324471354617317
32808,pop_3,2.589591595613098,2.7678909660488538,5.363667477097174,3.3515110971548
32809,pop_3,2.87627633422823,2.8717918926731807,5.253413758941697,4.205947412016794
32810,pop_3,2.380397173823428,3.119637953789227,5.592949845514689,3.845542796435697
32811,pop_3,2.730242395494817,3.1765843831390903,5.618517137918542,3.3081969081297737
32812,pop_3,2.738589602758756,3.1061633400159905,5.187705126011165,3.2762404069991984
32813,pop_3,2.77198301501846,3.1608953688126773,5.415363696126881,3.323374475462053
32814,pop_3,2.7632851867990547,2.946672596520326,5.458906138000397,3.234915682135901
32815,pop_3,3.4245616000015033,3.2288663274752087,5.878327961396886,3.3204189192826012
32816,pop_3,2.8107361166848768,2.6442822252779257,5.154437413584548,3.502830627036294
32817,pop_3,2.9699717384575193,3.2181315581151204,5.63095197741547,3.320586910654967
32818,pop_3,2.807446683688766,3.2941036207770527,5.8186876905543885,3.4823970829051247
32819,pop_3,3.219439185411717,2.8701594438458495,5.470201591038233,3.0897594982394603
32820,pop_3,3.072777408352724,3.2440373550306583,5.123181254987414,3.4540744992489913
32821,pop_3,3.2423794157221404,3.016464600846873,5.77189480857427,2.919287270719352
32822,pop_3,2.949911087776116,2.808147420545188,5.513703829942102,3.1021857938331605
32823,pop_3,2.951688856630615,2.949312119167898,5.380576768010799,3.503224123293069
32824,pop_3,2.6206357133744027,3.267598534342335,5.625429763785974,3.009599339238316
32825,pop_3,2.9958186870187067,3.299117647752786,5.953911996713044,3.3250013999350845
32826,pop_3,2.658545199433196,2.865466884361748,5.488717930693741,3.664327778276353
32827,pop_3,3.527562469720857,3.2640195368842835,5.705317172949329,3.121515975939177
32828,pop_3,2.5414982148904537,3.305418544968819,5.615219382980508,3.024170790671128
32829,pop_3,2.7905025822889797,3.531707794420962,5.807081538262084,2.7811621810231806
32830,pop_3,2.7159779004956777,2.969869866876575,5.301737003875937,3.6188814289532925
32831,pop_3,2.7487966903239305,3.304022320460196,5.602386041131355,3.101855020588124
32832,pop_3,3.0842129995921628,2.734260982992193,5.54207913870475,3.4800916177630845
32833,pop_3,2.5943765929265306,3.1824681811137205,5.57670373679027,3.5299414006293106
32834,pop_3,2.477057321559812,3.5491748059466905,5.456220603685214,2.804859387674947
32835,pop_3,2.5477649381571283,2.658861554234052,5.8052680609744005,3.193524444757216
32836,pop_3,2.8606907428027557,2.8861537052773247,5.257167259664037,3.2940556525325526
32837,pop_3,2.651386165002234,3.311477947582182,5.671355684176051,3.4767004105675245
32838,pop_3,2.843888177516454,2.764841934479875,5.4335884408440425,3.7681987933338
32839,pop_3,3.0042054264925713,3.3029512840697786,5.786767105875248,3.0081926448488945
32840,pop_3,2.680206043201133,2.8491055175866875,5.379217391526538,3.67639200361685
32841,pop_3,2.669357509096735,3.3985645665218245,5.902002516373375,2.9705401835799075
32842,pop_3,3.186744464024394,3.354278335390036,5.825623469627775,3.303993393000634
32843,pop_3,2.9501208454171137,3.2210296142407913,5.481421351776939,3.074651970710624
32844,pop_3,2.801242347716652,3.315734071737664,5.583068115804533,3.1767799529504193
32845,pop_3,3.2627141909583126,3.186762144710527,5.393591317639855,2.9720144808641433
32846,pop_3,3.137019047664714,2.748371665789675,5.350427408666663,3.2022778216629795
32847,pop_3,2.9875812947106772,2.8624201217955605,5.598256106384698,3.409891084564055
32848,pop_3,2.888454001378339,3.099941580447709,5.605094465048553,3.5309831922626382
32849,pop_3,2.809351442131244,2.855335462049568,5.786956751833639,3.133231065958452
32850,pop_3,3.0003017726915084,3.0807814442009187,5.507346790911753,3.3773604217369186
32851,pop_3,3.290607554808039,3.1325581582538233,5.593462712924936,3.5478540120695454
32852,pop_3,2.8162872851019785,2.8186946059243043,5.545950389983608,3.1481694588919407
32853,pop_3,2.850024997408885,2.8237353544421007,5.93062879691981,3.7034595196844604
32854,pop_3,3.230400368631467,3.3641102868293267,5.744886964644878,3.079882417802026
32855,pop_3,2.789616415154502,2.675014414875904,5.303842907148395,3.804778097842675
32856,pop_3,2.659705290184753,2.84330774652051,5.089546367973331,3.6554977393343013
32857,pop_3,3.0223487859112876,3.117653852159205,5.6247270636055635,3.52094391392846
32858,pop_3,3.0192838150346453,2.9710155131889766,5.177660308542812,3.6685846611715514
32859,pop_3,2.9977466624671605,2.789851440216116,5.7669987900003115,3.062218046020404
32860,pop_3,2.897536658998822,3.102171023449171,5.564586812415659,3.4385485175343957
32861,pop_3,2.6886495111369486,2.894351737729036,5.917475440967408,3.1472353854319146
32862,pop_3,2.96012577429742,3.125947006581475,5.67149298031149,2.863332810676736
32863,pop_3,2.787494086586975,3.165133904485808,5.591536067757694,3.2305970868933516
32864,pop_3,2.9539720836574666,2.8685573786497964,5.387514954936255,3.1963038440808367
32865,pop_3,2.907760314147974,2.683448038478245,5.779669732745641,3.7725914981357387
32866,pop_3,2.5812223187281536,2.6140690860602698,5.57783400336911,3.5024292401224417
32867,pop_3,2.924753832888787,3.2686152142875082,5.544404101453636,3.631447736871233
32868,pop_3,2.717886153173292,3.3120191131546206,5.153966191437473,3.4373392879834177
32869,pop_3,3.2196590405531667,3.2262114332048757,5.456992749186659,3.6960750239498963
32870,pop_3,2.778473907445334,3.415502183642916,5.559349237223682,3.3598973999580926
32871,pop_3,2.969512769287977,2.48706573631699,5.566738017059929,3.9970544918831243
32872,pop_3,2.8987702326654556,3.0578507786006317,5.552347204790812,3.520740213778877
32873,pop_3,2.6761903459292493,2.772705312032392,5.275423280463754,3.3866286429764343
32874,pop_3,2.849095500622998,3.3198917207494913,5.648844620793819,3.5544628804643907
32875,pop_3,3.0345044806912687,3.3451650553338785,5.915444755352939,2.957870825476734
32876,pop_3,2.3870139379176454,3.05159075707609,6.10896034129784,3.3722067218623697
32877,pop_3,3.03034544735116,3.0857294181890556,5.716870176775147,3.604151718421921
32878,pop_3,2.7116404764275517,3.29764999343271,5.875968106867728,2.793034862078448
32879,pop_3,2.715814964914291,2.7264178660521066,5.355544776320092,3.4994091959587377
32880,pop_3,3.059217579375817,2.7260097262832397,5.4255018050377215,3.4704752337914724
32881,pop_3,2.751594990070273,2.933069795070756,5.640576562436075,3.1873063471300322
32882,pop_3,2.916655994610365,2.6777092075463163,5.535755678333375,3.3717528719132352
32883,pop_3,3.047751789346185,2.77888820125369,5.2931996210572585,3.2420937537925076
32884,pop_3,3.3660052507187577,3.069173103465907,5.777641110716796,3.301211593395995
32885,pop_3,2.620407622487999,2.4010305644871908,5.401435698664194,3.727431443421092
32886,pop_3,3.2148410327183314,3.267319267138225,5.471652511595588,2.949784518802518
32887,pop_3,2.814880981075573,3.2768216758906084,5.8326147873932985,2.9137739347508647
32888,pop_3,2.8426265929551824,2.757889120372995,5.176292401755131,3.173124677813893
32889,pop_3,2.921066096713528,2.93021815830431,5.326848133164858,3.0007919223766217
32890,pop_3,3.068490411320834,2.904572569129454,5.503810477245715,3.7232334505914872
32891,pop_3,3.2116648144153275,2.9277918109343957,5.85214925321465,3.2753529171579805
32892,pop_3,2.8660105386208343,3.4658617035497232,5.329162465266357,2.7776665196364423
32893,pop_3,2.9757574871406955,3.1362671175419816,5.561084926393398,3.2494960900444303
32894,pop_3,3.1082975295521353,2.99494675686478,5.457900705414627,3.4725350527420877
32895,pop_3,2.8795543059738016,3.146823056642172,5.474282360726075,2.988282652390842
32896,pop_3,2.58404934116799,3.254533066899878,5.668751690195575,3.3085732025185273
32897,pop_3,3.169196195944356,2.753852582764622,5.71622959020858,3.4418187458120597
32898,pop_3,2.4166211741958366,2.8257389303565152,5.497577607638449,3.0309105725794594
32899,pop_3,2.913417466262575,3.315296801341834,5.472073567753092,3.057445145014612
32900,pop_3,2.517752414961204,2.980194558630298,5.456820962058746,3.682784856075286
32901,pop_3,2.685747202376782,3.152680524860465,5.6493826194403125,3.412040221640839
32902,pop_3,2.7743170551953393,3.1336059636847557,4.990695188620882,3.025300028250034
32903,pop_3,2.988431718375303,2.8969865120008054,5.54109163552993,3.2504997866105714
32904,pop_3,3.0812706390777236,3.2286592610575853,5.439990718422478,2.936684245904626
32905,pop_3,2.808780534283697,2.974370755481239,5.442575233487629,3.4934430683605044
32906,pop_3,3.2144113026868624,3.2784373919298453,5.48370845782069,3.5443800682407303
32907,pop_3,3.367357927782601,3.2875891524884597,5.45576570539863,3.029820347099196
32908,pop_3,3.01456745304013,3.0661735730999435,5.561292449549658,3.6108551720857656
32909,pop_3,2.9968563669248534,3.136158184224951,5.755363367479173,3.2512283471697287
32910,pop_3,2.726317332002254,2.6731447856016115,5.55529129427952,3.5211664759143835
32911,pop_3,2.8844195910612007,3.3364229428390813,5.981945476765475,3.2597898072407263
32912,pop_3,2.4936785023006296,3.5262652198421884,5.261905067424191,3.401272322231172
32913,pop_3,2.6154205275067133,3.3389980303358118,5.6028956672454635,3.4190167972671723
32914,pop_3,2.76468710436254,3.0961897703050862,5.502936690239579,3.2296374517543835
32915,pop_3,2.9434823915115436,3.151308100129853,5.459814752899694,3.539329259649466
32916,pop_3,3.0065382959922156,3.0860957800838147,5.705491575505025,3.064195383190872
32917,pop_3,2.747088441500782,3.059631609381867,5.534300799295767,3.121232111769416
32918,pop_3,3.0204129011476932,3.4550073203974994,5.407555810984462,3.1693684474744326
32919,pop_3,2.654560021865647,2.7469814242006945,5.808005521764274,3.197367411605924
32920,pop_3,2.7313734335736375,3.1510898198100272,5.161194520343543,3.253855672466401
32921,pop_3,2.618229748016244,3.046239142688799,5.955448236025291,3.1292507769179796
32922,pop_3,3.2106139853470097,2.736130312069541,5.131459034055067,3.746786297082916
32923,pop_3,2.5986325366633256,3.1503041698397283,5.635693676337086,3.0964004205695304
32924,pop_3,2.9851429831899807,3.601658450292409,5.267432559518867,3.2025756749132777
32925,pop_3,3.2719790919530714,3.2564680754490722,5.629682939080606,3.2822839869064593
32926,pop_3,2.9849544261792937,2.7031514595077035,5.540943070103129,3.8565326720833544
32927,pop_3,2.9454610468930427,2.7854519034190233,5.833048495909,2.812969996488286
32928,pop_3,2.9647736740313038,2.9968954496598426,5.311323613682892,3.347100525969782
32929,pop_3,2.883082424108766,3.315579871711448,5.440729521005089,3.292421180904102
32930,pop_3,3.205051436661377,2.979615412694382,5.315319144331287,3.7840155205275066
32931,pop_3,2.821898799401194,2.9238833399388935,5.153514589411206,3.253007945301749
32932,pop_3,3.2776961578850967,2.9094566513302196,5.5687167724414985,3.4084225531439722
32933,pop_3,2.9944485080616947,3.010296018515735,5.609885733296148,3.5761648615732877
32934,pop_3,2.95729917263252,2.8115926197139007,5.403296690445409,3.252557144540809
32935,pop_3,3.0752340565655625,2.9445630065152155,5.710269761351671,3.420591464732111
32936,pop_3,2.8327412210961573,2.9901747727806276,5.351251701236828,3.8950430750252645
32937,pop_3,2.9685518153404113,3.311790400630365,5.623643549531239,3.2932604701578168
32938,pop_3,2.7586241765194126,2.5693698027624636,5.471627215831306,2.999084934893451
32939,pop_3,2.909685972770063,2.909162437446582,5.4389109817306895,3.588912552308494
32940,pop_3,2.9513356882505106,3.14412832271975,6.029541955052903,3.2185816384582155
32941,pop_3,3.1314808314025386,3.291999240675822,5.681298687487155,3.1398251801558903
32942,pop_3,3.2453503261071504,2.9649656998251683,5.827678558160375,3.761434928567658
32943,pop_3,3.0382612260426423,2.597836074724023,5.295766991807863,3.458518754124411
32944,pop_3,2.9582321909584333,3.0019155145757597,5.4182987180307975,3.5539486087849155
32945,pop_3,2.6242463479719254,2.8033521284950527,5.330791278030324,3.5543956089263657
32946,pop_3,2.4644192029605048,2.492965711473926,5.086369155394995,3.691909089504292
32947,pop_3,2.499980731361562,3.057697829763195,5.457147758576608,3.4749847030902514
32948,pop_3,2.7424864504791375,2.3691554255404266,5.666420069668466,3.6037505326926227
32949,pop_3,2.662046999681193,2.7044327705973146,5.190193218557214,3.482710970725428
32950,pop_3,3.1768862943875984,3.0990535318365566,5.798875742164839,3.5397196840316463
32951,pop_3,2.812451352459261,3.3359777886259985,5.916454778344447,3.196965954390247
32952,pop_3,2.933767797709423,3.0659589741241153,5.772218475431498,3.5412306280032064
32953,pop_3,2.5068417210683984,3.3189344805183887,5.637924689266652,3.36726317660968
32954,pop_3,2.7791987367230298,2.8898869993368854,5.230798308321333,3.470351058562896
32955,pop_3,2.733963669816951,2.789581194457251,5.863009496426883,3.0429727762901586
32956,pop_3,2.917168433486703,3.000387476188615,5.589772840029785,3.4827984418011946
32957,pop_3,3.0375201786789967,2.7467487073786985,5.312385335593109,3.371042851047086
32958,pop_3,3.0093536826154086,2.648548972721505,5.517668373311464,3.462291095519856
32959,pop_3,2.780595458628941,2.9261426694586783,5.33905765278481,3.318045779717764
32960,pop_3,3.2120010783990933,2.7177449658129538,5.6557252688345665,3.541567834721509
32961,pop_3,3.0172618234309794,3.2590019679139437,5.359736578812038,3.0096760485436502
32962,pop_3,2.7207093328546725,3.2942333591653794,5.316991527724753,3.759570925261725
32963,pop_3,3.2217067369602574,2.5675570798882044,4.99278522561628,3.490036102421608
32964,pop_3,3.118410504942352,2.9605063662334627,5.70581181128213,3.407406182265385
32965,pop_3,3.12102618010581,3.497340035556931,5.4267794903629465,3.39582825657501
32966,pop_3,2.8183597888599783,2.84716694102848,5.636421382094854,3.603719480795754
32967,pop_3,2.897305908683292,2.94268348541347,5.414308628843137,3.129119370157298
32968,pop_3,3.4234587593871737,3.305223957284524,5.5206881928166895,3.648056213674027
32969,pop_3,2.8071262697526818,2.9725366506417337,5.739017794094388,3.7314977391105266
32970,pop_3,2.9463473214144824,3.4414739350620427,5.762628730850599,3.118597012055624
32971,pop_3,2.852735858447207,3.1532495146302306,5.006390306543423,2.710172993259158
32972,pop_3,2.84485745233063,3.132180380083195,5.741328926075438,3.6091599267400145
32973,pop_3,2.7177931496791325,2.955907575334003,5.185551304379753,3.5135193444303683
32974,pop_3,2.40693929225253,2.8013463404510204,5.591871102311804,3.7243455184889935
32975,pop_3,2.915521624661622,2.73202896510105,5.191966967568872,3.5616480617169635
32976,pop_3,2.849171073804824,3.0867417719011603,5.732476030600158,3.105121713742215
32977,pop_3,2.789980972807288,2.998193922444713,5.307935522711464,3.1978834983449724
32978,pop_3,3.0467607416302083,3.142401834529596,5.629781419161622,3.3374730499343226
32979,pop_3,2.949735110159402,2.903498159755581,5.295868399843292,3.8048758187187004
32980,pop_3,2.7119712320764435,2.726700560228953,5.575836269515886,3.594060760442499
32981,pop_3,3.3121789237423416,3.090097225465608,5.792378381816382,3.5892812814671298
32982,pop_3,2.6629570571563277,2.710890273598918,5.751578510821435,3.4402533301890164
32983,pop_3,3.053236884829966,3.111115518386211,5.427908950804295,2.8787058429306853
32984,pop_3,3.042353866132333,3.2636319876123805,5.271225675081411,2.931890381511387
32985,pop_3,2.8204941010021813,2.9993677646833854,5.261872342148703,3.61864406942271
32986,pop_3,2.9672193036086236,2.9775315048925917,5.588578901917927,3.417165697482774
32987,pop_3,2.682310595121011,2.925205271507007,5.639248552023534,3.0151734834222856
32988,pop_3,3.090701320021901,3.0311419508514708,5.4342227113606025,3.457112258098883
32989,pop_3,3.0251465484896523,3.2153379463117693,6.227880104474867,3.57807712066845
32990,pop_3,2.9580076260230523,2.6851268036928646,5.686203732589753,2.8898633897658863
32991,pop_3,2.7968621969492573,2.9062328319049926,5.802404573661325,3.2713670180840904
32992,pop_3,3.3212309806341977,3.361635968648269,6.102777738506064,2.751280704704668
32993,pop_3,2.667774204121407,3.1779460449137393,5.691251430807913,3.1122276187281717
32994,pop_3,2.7625601955811776,3.1006946246116036,5.701184645051539,3.279708633290104
32995,pop_3,2.732746505498388,3.2560294481462893,5.340445012145167,3.819219207648122
32996,pop_3,2.790858062772028,3.222215134272097,5.72839116881948,2.9743821480555592
32997,pop_3,2.967754363750309,3.2215105337007452,5.489779649750731,3.1670216527641917
32998,pop_3,2.9642927940272203,3.166621894751492,5.147980190694621,3.6887931128941553
32999,pop_3,2.9946461643169635,3.0394742774949175,5.287283238645969,3.0842992253076615
41000,pop_4,2.717964099197002,2.8993923176121057,3.478680026543127,3.5723379819312187
41001,pop_4,2.821812903889436,2.9020738239148804,3.2502129591493225,3.6031324552331565
41002,pop_4,3.069067683186942,2.987314366636783,3.230136912860248,3.475866388858773
41003,pop_4,2.8253780891430633,3.0939473283511014,2.9558347969449907,3.2861329732793685
41004,pop_4,3.5935335050091446,2.6858974325386398,2.629934077277312,3.4393493095437253
41005,pop_4,2.9252688495647194,2.442042816991902,3.0419439176956,3.7205637238649345
41006,pop_4,2.7294395261627957,2.9113321132350447,3.242654885724704,3.483641288094106
41007,pop_4,2.9064340453376487,2.351324111102641,3.3254488655761034,3.8016366714538217
41008,pop_4,2.9971620439565863,2.5949870432888376,3.184159673181607,3.7488467915589627
41009,pop_4,2.705013612022778,3.0276354507865,3.15948941441617,3.6143071599271486
41010,pop_4,3.0357949233126007,2.706512284242777,3.0359247878941416,3.604861524352874
41011,pop_4,3.340818432982625,2.7645423274167524,3.5415895811590294,3.637290375293327
41012,pop_4,2.8564321004083255,2.8952975766405618,3.3817173592790555,3.944962329166704
41013,pop_4,2.7946281777322812,2.4861456005865463,3.4029240739010964,3.7862132954839813
41014,pop_4,2.9514274326803727,2.6677391101935295,3.4415712314052254,3.342676423081213
41015,pop_4,3.380310682834895,2.7925920186695694,3.6416275370089624,3.9123136057606707
41016,pop_4,2.950244349898113,2.713631550251126,2.9771648012177288,3.3009797976076887
41017,pop_4,3.0261162000896706,2.5029152576022855,2.9183833825632473,3.362526590343586
41018,pop_4,3.431293010370573,2.8597235031213506,2.886698276138636,3.4667035552011516
41019,pop_4,3.0685841646367145,2.6707059486408506,3.0507991623869763,3.616051949687504
41020,pop_4,2.869001212100508,2.7135588120042784,3.073530374438676,3.519409455374456
41021,pop_4,2.998025790721914,2.520081684022369,3.2481788616737934,3.884275897105627
41022,pop_4,3.2384709033946777,2.906245879302796,3.1568023851368507,2.9827691802111405
41023,pop_4,3.3833865925039053,2.99465489974663,3.0112146055274494,3.3659818307430225
41024,pop_4,3.0666984207018966,2.5499895850544703,2.7533723408674633,3.352215836996883
41025,pop_4,2.681683317955482,2.8401478188030054,3.6100819276875966,3.861736513921099
41026,pop_4,3.0441819026453274,2.8764580506939774,3.066588359137734,3.826179404815848
41027,pop_4,2.7779684418179262,2.633799411919555,3.0945670587914815,3.6480142968647282
41028,pop_4,2.845533101483581,3.1268932604840427,2.908728846218855,3.7680978626024464
41029,pop_4,2.9498917185300737,2.2071953627695717,2.9840353303269302,3.4311874336605976
41030,pop_4,2.8105693546995965,2.716160048606546,3.444268100339842,3.340344886899423
41031,pop_4,2.948275383026342,2.5508700166057108,3.7597293610613907,3.4300042519236973
41032,pop_4,3.0605012760653523,2.9139644517239174,3.3705724549882494,3.2232476896623568
41033,pop_4,2.922015369749656,2.7777715950467066,3.132567109198125,4.075867343036223
41034,pop_4,2.9338880421055005,2.6890734762565374,3.650975738147523,3.536573553317718
41035,pop_4,3.2459655189355927,2.5512614361027763,3.232186214641001,3.524689651551119
41036,pop_4,3.064506569713047,2.4122407879198384,3.3130400130927895,2.977521835456738
41037,pop_4,3.011335250644967,2.2590957313200373,3.2447895603713546,4.245273850535158
41038,pop_4,2.801850936266214,2.770779486820155,3.2907650249421305,3.230603719572165
41039,pop_4,3.0791113470155804,2.5924888391371135,2.8053751779286897,3.58267310305633
41040,pop_4,3.304647298365919,3.2467835412641284,2.5327726707060263,3.210885292296682
41041,pop_4,2.9288826678678372,2.728916245072156,3.291002511040219,3.0245040913570573
41042,pop_4,2.954558328910504,2.647120875242751,3.4392894035588144,3.4754089084594955
41043,pop_4,2.650121800446896,2.7737934456538795,3.0048434949642693,3.1095201043865406
41044,pop_4,3.121915562813717,2.6769403451474068,2.889289198371869,3.557196598522978
41045,pop_4,2.9722359102280818,2.4400275266700517,3.4241970199873055,3.8277270622724027
41046,pop_4,2.8327466323024044,3.037512402799584,3.0132451901337935,3.1771142545647124
41047,pop_4,3.0414740527026884,2.3808829173019985,3.0348715008023914,3.621018319264401
41048,pop_4,3.0137388829788074,2.9686158189420215,3.5518868220225617,3.6328849564214942
41049,pop_4,3.3311880952169366,2.892480519255962,2.608342224516965,3.67443516208771
41050,pop_4,3.0885340149225757,2.9968878757665265,3.1873167519608727,3.1801003440655355
41051,pop_4,3.0559833525628637,2.566266566802081,3.426114858491079,3.395986952622589
41052,pop_4,2.71031675465882,2.6509489106531796,3.2973800536398623,4.096838641598251
41053,pop_4,3.3516317970718212,2.523698207202671,3.298275772798147,3.8232240997531397
41054,pop_4,3.027286272706239,2.729121598606172,3.1401068141593,3.4921599926897318
41055,pop_4,3.1725824669660945,2.705699540372748,2.937489714576387,3.4546315013059115
41056,pop_4,2.8474907304169266,3.051092494150251,3.3012706972331967,2.9966805004505535
41057,pop_4,2.860667507262497,2.59949028131775,3.332441561404548,4.107530268635312
41058,pop_4,2.7616264323180033,2.496910110498389,2.8908923043294186,3.5762221429078345
41059,pop_4,3.219758363708446,2.6526807055842196,2.792046746946452,3.9123446777357906
41060,pop_4,2.9526664098042694,3.1323909827652923,2.674267196678732,3.583695383082861
41061,pop_4,3.325816111441269,2.2467899459776284,2.7693092223311293,3.989330933853482
41062,pop_4,3.5805722082526428,2.9404466305839008,2.9982038264995543,3.172072881089699
41063,pop_4,3.00834907205354,2.7702062067098527,3.221548743396856,3.3801978368897423
41064,pop_4,2.8981316414532166,2.800059602378196,2.8307519651539756,3.97979633171685
41065,pop_4,3.193059784650349,2.808729698310921,2.700752814896827,3.74759696883041
41066,pop_4,2.8781372048247134,2.458896496441398,3.130390583291404,4.01358122355117
41067,pop_4,3.152650953449456,3.0512472433310496,3.041187049833249,3.35188350207356
41068,pop_4,2.80802027564154,3.004887877697741,2.9704845272023848,3.169282547816805
41069,pop_4,2.7827793857552066,2.4517075543510427,3.443949282837546,3.323739252864237
41070,pop_4,2.555762111241285,2.521351279569826,3.0207583703643155,3.5804418095012833
41071,pop_4,2.936928158484576,2.425950082370526,3.407659759354664,3.5781294944095667
41072,pop_4,2.937930917185156,3.2929847166419535,2.9826443182112246,3.208232635661815
41073,pop_4,3.1002646537663616,2.704280683715182,3.1868899884402238,3.7162204902136904
41074,pop_4,2.6313585176439895,2.665186226104124,3.2464685090186953,3.01743093777277
41075,pop_4,3.2742008223022023,2.3907689528721687,3.057542031904861,3.477621912684192
41076,pop_4,3.3818220234936187,2.580097763233003,3.2661652109759665,3.6428051413290397
41077,pop_4,2.9500447605516325,2.6651693530946328,3.5125699698629425,3.2714901006586055
41078,pop_4,3.3752725421100447,2.7446649743680815,3.2707508710182602,3.7968338885413897
41079,pop_4,3.11987631029014,2.8039351048873313,3.2113051064230587,3.323698634252315
41080,pop_4,3.0799863837247203,2.469046428207919,3.266408803467643,3.7241562580317304
41081,pop_4,3.0736882524847178,2.6235039364781425,3.338585763518297,3.826191295939568
41082,pop_4,2.9499013365896993,2.844083601065616,3.581619244719091,3.293201472317423
41083,pop_4,2.8334907837922474,2.809698473272416,2.5425819467611794,3.4255075174641525
41084,pop_4,3.161439558001665,2.705539432732891,2.77881634914195,3.712317392165241
41085,pop_4,2.967403517184993,2.867367747527265,3.259351533834732,4.124929087494013
41086,pop_4,2.9300488377492795,2.1604408846069223,3.2505237899892725,3.5533179158887225
41087,pop_4,2.8578573755238432,2.645155025300834,3.1849666497151747,3.591549995831629
41088,pop_4,3.1825691519263866,2.902417980053828,3.517049037890117,3.700944339563613
41089,pop_4,3.21367116198693,2.904489036617194,3.2922458075411414,3.401418223583179
41090,pop_4,3.077002326393073,2.660027750828708,3.160629934989388,3.300693034888642
41091,pop_4,3.3085562635708246,2.4614346223684405,3.5551261062152557,3.3636854465407655
41092,pop_4,3.2408472166966105,3.2215201962814484,3.0422609089458224,3.724218303438455
41093,pop_4,3.301864919626614,2.624798805767632,2.754266978928838,3.244147401073436
41094,pop_4,3.005067277734508,2.6552675045524663,3.3675120895917425,3.4827407867636406
41095,pop_4,2.674114989255952,2.821045763628293,2.7360553815888546,3.682353267091361
41096,pop_4,3.1296104506684794,2.7030165113708615,3.6046007497108454,3.703621690619376
41097,pop_4,2.6561124417345163,2.833951477888494,3.1911560699047907,3.6567289769150095
41098,pop_4,3.1252239033264795,2.781620188208277,2.832821548986643,3.6204864743070813
41099,pop_4,2.6592047454802485,2.841303164660009,3.222609129246745,3.4427551595820085
41100,pop_4,2.9188006022704944,2.796737217431179,2.82825421537041,3.870233465850482
41101,pop_4,3.242591340937626,2.953309949502147,3.1482634623152994,3.130785241775085
41102,pop_4,3.00852968492631,2.8084387773528108,3.2860808029082804,3.577400419942011
41103,pop_4,2.577884853190777,2.520018228954838,3.2397095062412924,3.7430445231730918
41104,pop_4,3.2482284378577835,2.5920777270847153,3.2238681087410432,3.6791465044656513
41105,pop_4,3.1080449118446607,2.9088879184811134,3.0678120269497837,3.750846395111444
41106,pop_4,2.6731953840507465,2.79137801771671,3.365119981196987,3.547361735558733
41107,pop_4,2.9834666908248018,2.7772951067341896,3.0281420634318423,3.1915532246840095
41108,pop_4,2.693792084454455,2.9888659164156453,2.89808331937938,3.171196173527697
41109,pop_4,3.0654571628533174,2.5959579603226626,3.4418697491830095,3.4907284862229395
41110,pop_4,2.785972224032015,2.760688645687122,3.154731094774512,3.8679580557988777
41111,pop_4,3.3702093994415274,2.5862594340658243,2.974333315646083,3.411466802142311
41112,pop_4,2.8825790307269723,2.6696253456333925,3.1084146440705944,3.5986374867875894
41113,pop_4,2.867680326562549,2.5275513997265184,3.2771196862932936,3.5988703624045244
41114,pop_4,2.8175644106498434,2.820553070117687,2.8650399239128137,3.6225655275321937
41115,pop_4,3.1132955412769525,2.6027598956760594,3.448285424187308,3.4233663902846554
41116,pop_4,2.276820302782792,2.32672497832592,3.166305880334339,3.643702563399451
41117,pop_4,3.0242609188608274,2.7780343070182605,2.896922905371508,3.7902231428578164
41118,pop_4,2.9385166315330786,3.043569156749125,3.4259046376217572,3.421813832604903
41119,pop_4,2.8719392587774797,2.4111424747165393,3.039419711014606,3.666427601761295
41120,pop_4,3.209703699177163,2.850319725362311,2.844392198438551,3.2422638617072317
41121,pop_4,2.7492371496509262,2.254859306401949,3.3151006147734967,3.988068423571258
41122,pop_4,2.87228867125603,2.5697696039352933,3.5913821318924954,3.6218073122966863
41123,pop_4,2.940221320411489,2.621520700165515,3.6809912827740754,3.750354810796114
41124,pop_4,2.9508597655943096,3.029911689311007,2.7801794390259187,3.574570050392541
41125,pop_4,3.000042983064657,3.0556286747332555,3.4381754000952562,3.5400252882018624
41126,pop_4,2.880915597117924,2.7560489808407564,2.963156000283443,3.6858542897840505
41127,pop_4,3.395929864871641,2.6267447882775987,3.1900439957625104,3.8786000742008455
41128,pop_4,2.904019409610619,2.774828404008999,3.216588619258512,3.8710779852442814
41129,pop_4,3.1315671605763504,2.9563314646458174,2.799496953817039,3.390535518914679
41130,pop_4,3.1221056149463573,3.0118220054897726,3.062708497246243,3.490467895245937
41131,pop_4,3.051931384747061,2.687226401931298,2.866404545000013,3.274354633766295
41132,pop_4,3.3119428548915333,2.7539671117874187,2.9502973756918336,3.4649966210142735
41133,pop_4,3.3985565499889674,2.9327068828674467,3.0575520166437355,3.754784958724393
41134,pop_4,2.7785192637886458,2.472929093174938,3.204901064549679,3.732848246404061
41135,pop_4,2.87484951500637,2.647529319455862,3.31525326877009,3.4757472097423547
41136,pop_4,3.219015553081281,2.7559609752415533,2.861412041314781,3.413094185065536
41137,pop_4,2.7369870346649754,3.0003281503306174,3.078435739771885,3.503807486983549
41138,pop_4,3.4194879894222625,2.6419654622464215,2.9880344072946228,3.852534842587318
41139,pop_4,2.92811927481586,2.6952537015070828,3.1231070543086115,3.6184950963773144
41140,pop_4,2.9686499470595242,3.0097415003694734,3.299323174139538,3.7017626981079976
41141,pop_4,3.0449826826103767,2.6743442236664308,3.130838784110669,3.889290516179652
41142,pop_4,3.251243097817059,3.1288495215328624,2.9888411037134643,3.077931756156513
41143,pop_4,2.956282954100661,2.5726609845304407,3.2031465328429944,3.4050881155967616
41144,pop_4,2.7547578203336553,2.8200833162816776,3.6267993520193946,4.034304193158889
41145,pop_4,3.2320109045158865,2.8094374538284628,2.790651101714575,3.7368780566485555
41146,pop_4,3.2589805685504016,2.7593363324233646,3.1700657864519592,3.8177086869051324
41147,pop_4,3.11387414957311,2.5957302750768565,2.8648158147422826,3.682648264587356
41148,pop_4,2.74627062603218,2.6570652875284426,3.2740449821495994,3.8666269765671735
41149,pop_4,2.7898556570024127,2.635928808472956,3.3255303293024387,3.789796424950046
41150,pop_4,3.004030602722634,3.0715393082490574,3.0438651315488747,4.0737221786640845
41151,pop_4,3.166305390390098,2.7312829347049097,2.926098548580124,3.817853510021058
41152,pop_4,2.729401637107231,2.6536520412744435,3.049043794762887,3.765308107522451
41153,pop_4,3.0592376721024253,2.7995085919526965,2.641254345355721,3.837685415226514
41154,pop_4,3.322401414142294,2.368193927585765,2.9279306622793455,3.7613341410101278
41155,pop_4,2.8749586835403464,2.359412496178824,3.315022215540559,3.7072384667722833
41156,pop_4,2.6040376664132934,2.5887046049416553,3.0836843393135362,3.7201351227356474
41157,pop_4,2.8373692193070044,2.6547026607159414,3.0727196343536853,3.922687246968836
41158,pop_4,2.692863930625154,2.896258113516507,3.5787328007188215,3.589109561279944
41159,pop_4,2.967048608018649,2.9800883984867705,2.778812825121582,3.675085601260487
41160,pop_4,3.057591911447906,2.4933832831569798,2.969836767644879,3.8815208306439204
41161,pop_4,3.2213001549805838,3.4568475698178696,2.617513010336607,3.5243614040248317
41162,pop_4,3.167608820352274,2.888589073929633,2.9481639370702433,3.4239319488355004
41163,pop_4,2.8484301464363155,2.5435289189157158,3.5360714014351355,3.7737479896851625
41164,pop_4,3.408983532899332,2.5471035172414944,3.2674531117340866,3.6980157607971513
41165,pop_4,2.8553219289043623,2.372295061105607,2.9172735022292664,3.690309297715784
41166,pop_4,2.859032303479844,2.9237095229362358,2.9548488127771404,3.4812836515062835
41167,pop_4,2.8393310069295787,2.782339799166137,2.7350313471447225,3.8558965767065896
41168,pop_4,3.040988894468031,2.576279137867108,3.3224490714530113,3.5079937010080076
41169,pop_4,2.982200254730869,2.422022483098364,2.9786331540667694,3.549742265107914
41170,pop_4,3.2639635623733456,3.00785454685748,3.1622867215229284,3.1087913529195594
41171,pop_4,3.2753361059143082,2.83512732669929,3.2419214646806847,3.3275030159608767
41172,pop_4,2.740003788970422,2.4624191228653936,3.265559942199787,3.8705143541697544
41173,pop_4,3.1764237896770626,2.5418351085254103,3.0021352987832604,3.6782001154749997
41174,pop_4,3.2337219751256607,2.771567839502391,2.8409164436743097,3.499304906535709
41175,pop_4,2.9437380754489726,2.6304491612663834,3.191782294865887,3.994226277165689
41176,pop_4,2.7425803472773027,2.9804846636294684,3.1740908832264503,3.6973284419880246
41177,pop_4,3.0628919831630115,2.600491719567744,3.365272082019663,3.7395489703161133
41178,pop_4,3.377177266364417,2.758805227865702,2.959155157461656,3.3340000600950126
41179,pop_4,3.4650758167078837,2.601730747266721,3.3818221083748763,3.341948753975747
41180,pop_4,3.3199026704344234,2.9873783510533993,2.833849164416095,3.643451495843822
41181,pop_4,3.1773453055682137,2.6275041735409044,3.4350013737331055,3.414223241399249
41182,pop_4,3.218798188111432,2.9549358474248035,2.6177169771325843,3.419770667578197
41183,pop_4,2.998347883137448,2.87722560645376,3.0193139041264803,3.6670759076531048
41184,pop_4,2.800750615368747,2.712589127455275,2.8220421761405348,3.8043329253784814
41185,pop_4,2.7417736301021476,2.5965831763743794,3.306619940415255,3.6459780268052886
41186,pop_4,3.354765870759648,2.389547180647512,3.0810822173793153,3.798037430088266
41187,pop_4,2.6854830663410456,3.0328126971749727,3.2087382976366183,3.598715147532471
41188,pop_4,3.0924289210475977,2.3523749288202183,3.2468071326821755,3.735336130699579
41189,pop_4,3.0611120270138894,2.517163168523975,3.471495326067029,3.322240344011515
41190,pop_4,2.741790972697033,2.80037438455292,3.2775662911180534,3.750388871525684
41191,pop_4,3.119172428009147,3.263997360101169,2.5831858339775726,3.502436025000015
41192,pop_4,2.7825808375811887,2.9588129950680044,3.2389169169241216,3.8251740679247157
41193,pop_4,3.204514596457871,2.6488183977450825,2.847566720748633,3.775736362276406
41194,pop_4,3.4909586267106087,2.9470471829430616,2.895155675426861,3.3598860882197217
41195,pop_4,2.977731533389524,2.8108634680171214,2.956928709109953,3.462687571854822
41196,pop_4,2.855767731127001,2.907881351889289,2.8870751566160577,3.1685133771538805
41197,pop_4,2.8835785676346744,2.5931707482553166,3.582025110076513,3.557448878778952
41198,pop_4,2.906285076779786,2.8898599435199825,3.4637342163493785,3.663791871545863
41199,pop_4,3.1090784558313524,2.9427031863029804,2.729213325668917,3.8364839940920015
41200,pop_4,3.0057308024050657,2.6717070243746974,3.5157286013873286,3.4075995401279617
41201,pop_4,3.3000390473361585,2.7417673802383966,3.2157641649848627,3.766431952817705
41202,pop_4,3.1839681196681333,2.5490262344974375,3.1256047331719623,3.6390252472204274
41203,pop_4,3.3829257546171996,2.6419621931161315,2.9099518457190254,3.514168322833665
41204,pop_4,3.1505104119749117,2.9465325920851506,2.6172367640527483,3.342726494027349
41205,pop_4,3.205952509498501,2.7786761139878133,2.815176865503921,3.6822941102736038
41206,pop_4,3.160446305038669,2.7513088191930857,3.3463748446344566,3.7975943958875833
41207,pop_4,3.258674217819924,2.9725342160946773,3.0197150305753,2.9515204859450535
41208,pop_4,2.597697946004995,2.6866962027636254,3.1167541241879095,3.5207252638989406
41209,pop_4,3.025759977281165,2.69971248287055,3.4172095251750587,3.639432986022965
41210,pop_4,2.940353604888206,2.7629602497053707,3.519867039124461,3.341120906869901
41211,pop_4,3.138597704200243,2.8980223645021144,3.097188789081381,3.647310600930476
41212,pop_4,3.020989774592904,3.0169208301223853,3.086661083598051,2.952139074073922
41213,pop_4,3.165930537234146,2.733664511920117,2.8831902476745057,3.629374257623309
41214,pop_4,2.7643988274831766,2.4760595498041456,3.8758831940042464,3.313732314055948
41215,pop_4,3.133566644335017,2.84466631674826,2.939147982139897,3.6451378285308715
41216,pop_4,2.565033864336215,2.8535365010841796,3.176390988844636,3.5037753099433626
41217,pop_4,2.851786149411643,2.822898088798466,3.3621923760239967,3.1793108120756988
41218,pop_4,2.923395201174021,2.607390289535199,2.610831915759099,3.6283667975045177
41219,pop_4,2.97311682766089,2.7313038569398524,2.8318033320128597,3.6063828000811893
41220,pop_4,3.414920364180639,2.5844445410888324,2.8655099926142173,3.726117682761772
41221,pop_4,3.1757557926478746,2.742839870702255,3.3895638773909753,3.2479998697676074
41222,pop_4,3.0611069403648252,3.070629856814863,2.895904844714642,3.7871577148225373
41223,pop_4,3.0915753102937806,2.344585728813747,3.2813294753364826,4.050845393284998
41224,pop_4,2.6100006633841755,2.7352589514519043,3.4498184434803245,3.573284190528578
41225,pop_4,2.863514343900516,2.700237089366815,3.175331958255684,3.420959589849282
41226,pop_4,2.587839149559365,3.02358956630127,3.0123704526487445,3.259049413631465
41227,pop_4,3.0555545332045537,2.9797369509755427,3.386394630021205,3.536079528810519
41228,pop_4,2.9032156099684885,2.4537825562661317,2.9182239039746767,3.9963881174500817
41229,pop_4,2.7810541514828495,2.65024321206896,3.1788027387945483,3.809074014984695
41230,pop_4,3.0408718299107567,3.0060471197018623,2.87253433941345,3.429863830593718
41231,pop_4,3.0332636025828186,2.631277987022471,3.3553116271405865,3.6921615403744283
41232,pop_4,2.8849103482425837,3.140277430917595,3.6748044684893895,3.3054291481939257
41233,pop_4,3.1772458895743814,2.6396501082711525,3.1592869915496156,3.2249173610699975
41234,pop_4,3.124164734023192,2.7606692108623068,2.9755770027807458,3.4607931573965014
41235,pop_4,2.7566503243400207,2.65709275779342,3.2003186095901586,3.4388286285956595
41236,pop_4,3.0596070438419414,2.584454555958408,2.951771296211658,3.6120180051868176
41237,pop_4,2.7992236154723007,2.547272241614092,3.7204686372841316,3.9774632728299113
41238,pop_4,3.138682353163557,2.6826322589802523,3.046189785077696,3.529520636880424
41239,pop_4,2.894550832047936,2.6426817087066747,3.326026944189421,3.687131664462024
41240,pop_4,2.8199502557643523,2.472385083992368,3.1312711760466865,3.3912653197843587
41241,pop_4,3.0318964736710337,3.090291670794115,2.486506505048123,3.0612834495563823
41242,pop_4,2.943337224379771,2.7463567416132277,2.692146174953354,3.423751363470154
41243,pop_4,2.7795363204025305,2.5411692797650303,3.2668096608665724,3.5741441606236792
41244,pop_4,3.0929333449461294,2.731230410148734,3.3096817138104098,3.746157800819772
41245,pop_4,2.554590392568307,2.5846150553987517,3.2906901941631994,3.4829732148776817
41246,pop_4,2.9696694579313183,2.949689524050194,3.0793590505414867,3.278250482421678
41247,pop_4,3.240203301612636,2.34772574856501,3.1611297421687903,3.86847154295473
41248,pop_4,3.0166175338428665,2.507716840805674,3.1798080181142017,3.6419623151061162
41249,pop_4,2.6881094325119204,2.1411904252367195,3.4646807998844165,4.018263199940171
41250,pop_4,2.8748341854939428,2.9116032901524154,3.3476344355726435,3.4415925201046735
41251,pop_4,3.1191161354368857,2.6688460505717013,3.1293433456384387,3.8198278882209724
41252,pop_4,2.9859057947367282,2.5882675310732073,3.058197339976717,3.5257740712023145
41253,pop_4,3.0832390426258613,3.154308692864359,2.7237883759700203,3.7565159247705853
41254,pop_4,2.904991143047476,2.491341326214251,3.30345634737387,3.588179956021083
41255,pop_4,3.330003746927969,2.3783894867658155,2.6607561154349653,4.002753401730791
41256,pop_4,2.55552857072721,2.870212527310433,3.5508052509227666,3.316702901370941
41257,pop_4,2.933840732596831,2.83401383748444,3.4446974747985846,3.653537836068031
41258,pop_4,2.770047694489404,2.892564129619986,2.7825585852725783,3.545535429335644
41259,pop_4,2.816802961675151,2.6413468568711798,3.076402654846661,3.6321310612452975
41260,pop_4,3.226192747873857,2.7342874890356947,2.8596317907733426,3.2065780401141284
41261,pop_4,2.568615390045548,2.540460478312915,3.4434474729648743,3.66876360008448
41262,pop_4,2.701170127956104,2.6708383415523733,3.4278770092629003,4.045557148108271
41263,pop_4,3.2906728338081708,2.7254183282239546,2.879828145852633,3.6119767431671637
41264,pop_4,2.9903158409433828,2.763768775564245,2.9684000314230023,3.766009755334825
41265,pop_4,3.1297678406234515,2.7443786571263664,3.52595103107621,3.3654685470816434
41266,pop_4,2.890800473002213,2.536706976484165,2.97133600745304,3.838279004887548
41267,pop_4,3.0098880189879593,2.7998302896499814,3.315951591370205,3.470010377019364
41268,pop_4,3.1591169739018525,2.685661775496619,2.7447520806542944,3.5242472578746575
41269,pop_4,2.782064074502332,2.41450718070028,3.2736473803640256,3.6618635970164597
41270,pop_4,3.0756705724837023,2.8805452953150166,2.5269624418576906,3.715839727069065
41271,pop_4,2.9017542212275296,2.9539285741304937,2.8330920787736944,3.1984816370681965
41272,pop_4,2.9785231508734316,2.902792696621891,3.149433977782299,3.912815587210331
41273,pop_4,3.074326772505515,2.4925173943438654,3.049677352574362,3.8011687807989034
41274,pop_4,3.138121063817938,3.1979517278405365,3.0455223835985996,3.454222935246946
41275,pop_4,3.007924161134131,2.563191046097476,3.134831912238835,3.652736939190031
41276,pop_4,2.6638244363304193,2.527085270983753,2.644763110104228,3.538499840101886
41277,pop_4,3.1449426791001005,2.745107320539217,2.7726387141431332,3.916610268619522
41278,pop_4,2.629204837974759,2.7105428692371305,3.635202455133825,3.7886994955893862
41279,pop_4,3.4083413771283437,2.6777149992231584,3.0512861382504015,3.469436798038007
41280,pop_4,3.3408574978601546,2.5060391273808333,3.4653134390679465,3.562498652693707
41281,pop_4,3.0434725911705733,2.732743909513514,3.2964658294411264,3.606630734853633
41282,pop_4,2.948507422402782,3.161522277768315,3.161120983563181,3.735465679120271
41283,pop_4,3.1130384275871377,2.857915506595787,3.44629889210475,3.822488397492288
41284,pop_4,3.0828173387627618,2.28280961255125,3.0099599769608325,3.4810082486754563
41285,pop_4,2.8430988312976995,2.9190146583013235,3.494327998721145,3.6953532771030155
41286,pop_4,2.828722909478389,2.6143754352870294,3.164019209817487,3.4992922952475367
41287,pop_4,3.0532840430990182,3.048870930039225,3.3135732417035864,3.339581418418149
41288,pop_4,3.0667082561429178,2.8216982694284343,3.154829136380935,3.6338753473671557
41289,pop_4,2.440578716008285,2.297646330706793,3.6789955080986996,3.4176197930146768
41290,pop_4,2.907404996533689,2.5194821659114237,3.1227806282980395,3.8175699845587343
41291,pop_4,2.732216451603575,2.8144841824293785,3.0307798274652313,2.9845930338725384
41292,pop_4,3.1818333823336977,2.6126143177116647,3.0459051261680297,3.513466634217172
41293,pop_4,3.203802447467238,2.2280292726269115,3.1204397432963207,3.598204397981858
41294,pop_4,3.0280636190394037,2.4167702137385936,3.427582907585283,3.6345249582595147
41295,pop_4,3.1674395520254524,3.1087941716084733,3.421642985916542,3.602283896950342
41296,pop_4,2.92803638347598,2.383295669509789,3.7047480199756038,3.8476562883513323
41297,pop_4,2.9112547216041516,2.197371690596071,3.620394610349785,3.947165243115726
41298,pop_4,2.917587860979341,2.5967986154373697,3.08370024775933,3.4959559530170905
41299,pop_4,2.4611877811088405,2.7684854417596108,3.360038244721495,3.6467743906567356
41300,pop_4,3.1447811939651706,2.991536957673701,3.3161702490355394,3.6411900356841276
41301,pop_4,3.0071146036902614,2.771317305319742,3.397391439536743,3.5736421361532553
41302,pop_4,2.971578572161467,2.6499504838154557,2.7836812014115955,3.2710215516542607
41303,pop_4,2.812051222081557,2.9714822146399023,3.167419012904476,3.3609594457950487
41304,pop_4,3.132863001979305,2.7541729346634254,3.3880253056954825,3.506630492817713
41305,pop_4,2.943977663295142,2.4976576397575405,3.1000572831726667,3.420990639095411
41306,pop_4,3.224021764444222,2.7959211503452357,2.992011095250555,3.5314096774661214
41307,pop_4,2.9948994249651677,2.5754029757976076,3.0487049107385666,3.8397207717191897
41308,pop_4,3.2649243922083215,2.7556248594160717,3.0029990533587534,3.5690679627189414
41309,pop_4,2.936529833257013,2.187234042859777,2.7155401948866795,4.038657320225545
41310,pop_4,3.075711702857073,3.017745109112679,3.259723318237326,3.4786650688098266
41311,pop_4,3.085911544753813,2.974663949013177,2.5427253177968456,3.1248541618891617
41312,pop_4,2.936675060879316,2.7888967120227077,3.5116979539217796,3.5204156073062984
41313,pop_4,3.072077032792396,2.9021351000666837,3.1804881038840915,3.815816829300732
41314,pop_4,3.037143351289684,3.0191597218776165,2.6279485392641764,3.144909073100184
41315,pop_4,3.1854293415319384,2.7193390449056114,3.175659407346602,3.3300232099020053
41316,pop_4,3.198186160690752,2.718004733385013,2.807621662677362,3.5092936993056374
41317,pop_4,2.9111175704351813,2.5087030392718517,3.4562361258015892,3.7362058261401705
41318,pop_4,3.2284601405586044,2.486001991214163,3.4378974463647065,3.3652733296937183
41319,pop_4,3.234566129512725,3.000418060336372,3.034248717409512,3.4118637701656387
41320,pop_4,2.679988233913962,2.631384874892125,2.9988078767675517,3.623722842730276
41321,pop_4,2.8905375612678776,2.711859909023832,3.194551109090954,3.5022218782060106
41322,pop_4,2.7735314342408732,2.5479499908087275,3.11522237047007,3.8394307837892043
41323,pop_4,3.040779477005645,2.952683226493292,3.1362312022675405,3.990622197047278
41324,pop_4,2.7720857901399754,2.967539154192149,3.228502710945155,3.091281327793933
41325,pop_4,2.974259131232651,2.902702777286726,2.411133046061975,3.0427060266004538
41326,pop_4,2.8492428563213337,3.275654275640412,3.2214736403839317,3.4551639297432573
41327,pop_4,2.933883337656137,2.312796843423919,2.8003187997131267,3.450767532748247
41328,pop_4,2.6286982248945394,2.5130314569541667,3.2488026806419743,3.654533619083396
41329,pop_4,2.9234789542016753,2.8437308191195236,3.2675115339968768,3.7503966858219915
41330,pop_4,2.8413525584351955,2.549969592304092,3.026381987242485,3.805211943677533
41331,pop_4,2.850943984039287,2.8739099297959854,2.8756154899080726,3.649483602035315
41332,pop_4,3.0407740068847233,2.8251817087043936,3.218351498919203,4.206402421119479
41333,pop_4,2.7851317351955505,2.289395418318125,3.5780663971757827,3.5974586922044716
41334,pop_4,2.9342302414071852,2.640941818831403,3.5908038685037726,4.015130818350234
41335,pop_4,2.8989067539960285,2.626805120826879,3.452603671020415,4.05790691360732
41336,pop_4,3.0506544048742805,2.834882955192097,2.7889865170792523,3.529464901374791
41337,pop_4,3.3941023040416454,2.2802187929505413,3.024224595708455,3.86641912485429
41338,pop_4,3.3644882213513236,2.620532325602516,3.4629658938888013,3.7581578388544834
41339,pop_4,3.196687476492788,3.15001915225721,3.261756683113781,3.128157676609513
41340,pop_4,2.810414699207707,2.7204675621443304,3.4169364329517795,3.6609340833716035
41341,pop_4,3.1692962331292254,2.876739361666975,3.3253414905785244,3.2467700952209926
41342,pop_4,2.550089142762819,2.8203441259318955,3.4809831203780184,3.4374067868326796
41343,pop_4,2.94649104599391,2.3736262746791676,3.06438028767615,3.4144680143201698
41344,pop_4,2.8478040186892355,2.9837329781198774,2.6559812564876055,3.7344767412951314
41345,pop_4,3.102850578695228,2.7233246595169907,3.191890017633762,3.436846665549753
41346,pop_4,2.7430096950888623,2.8642660828281494,2.8186391133514954,3.4224838223357983
41347,pop_4,2.7472441110532726,2.664557344639105,2.8593109550012885,3.588386632456281
41348,pop_4,2.6431489403754256,2.581638515841686,3.299381472700606,3.2642344548789
41349,pop_4,2.6826679200336008,2.9584334415417577,2.830097554634099,3.573324764279519
41350,pop_4,3.0449897900113623,2.378098941571866,3.476641203213141,3.9161514411223823
41351,pop_4,3.0343685800425733,2.8477829486643502,2.772410582960546,3.4917561582589083
41352,pop_4,3.0285524424987247,2.285411514789113,3.0301880282278186,3.630265397608252
41353,pop_4,3.0594363239488334,2.9277341070916387,2.8834172334896673,3.391549348034318
41354,pop_4,2.916916596250204,2.8357402433752736,2.65772070208443,3.834307730764907
41355,pop_4,3.1872433405620306,3.237253069608801,3.3808905280282207,3.2165090076077183
41356,pop_4,3.144000900168196,2.7175935381884826,3.269610929792658,3.385516340265716
41357,pop_4,3.2297541287831626,2.9636943412880306,3.0507005437386234,3.475471892729882
41358,pop_4,3.0567632819041726,2.8766876975076228,2.756570853861432,3.4659185849009213
41359,pop_4,2.9973557997039926,2.589038692951487,3.197382459257318,3.5227310327897934
41360,pop_4,3.1049168362305624,2.7408775520573894,3.174208195268079,3.787614143674233
41361,pop_4,2.8963838680710494,2.8660430294707218,3.065231509138813,3.6917326774099055
41362,pop_4,2.9526696240481987,2.530592000349862,3.4950355202071792,3.9160619436577813
41363,pop_4,2.772911364708007,2.4184314546887236,3.3005191047100624,3.676048915782744
41364,pop_4,3.0053944090076117,2.876125613797734,2.6830476252022257,3.473162896852859
41365,pop_4,3.223008771601249,3.1194427860052145,3.401084611727574,3.375528307234307
41366,pop_4,2.975389638035339,2.988177561794447,2.5679240415079767,3.535125288176724
41367,pop_4,2.844917399597742,2.483241470026154,2.9715083391592754,3.2558997501332665
41368,pop_4,3.2641425667266426,2.5661438974332222,3.023152151115864,3.273904179101999
41369,pop_4,2.688094668759529,2.6573533154574234,3.5076408065610143,3.488353299760636
41370,pop_4,3.3773147752354804,2.875484743732754,3.1921672208762457,3.4353129475898383
41371,pop_4,3.0184354352551224,2.704695115041958,3.2294635843639177,3.9398180463273937
41372,pop_4,3.0150686663811483,2.857703241440383,3.498379233179686,3.241814346572625
41373,pop_4,3.044419673320524,2.6068602854685925,3.0568933236630285,3.8176106465619464
41374,pop_4,3.114302252622678,2.627904212180544,2.9209423755756716,3.5225363851672578
41375,pop_4,3.0393150853969053,3.1249266428640055,3.3939979136896437,3.881893512094814
41376,pop_4,3.3443633963721164,2.9639075428407073,3.024133463853683,3.3386610197782356
41377,pop_4,3.1746886685115348,2.8017003939404725,3.287439096488157,3.179687447751101
41378,pop_4,2.5537586651465087,2.560665723762561,3.0316242249024663,3.4864556707082284
41379,pop_4,2.7282530363880455,2.990189486923407,3.2230356042953745,3.2409764493640587
41380,pop_4,2.9071843861832405,2.386877360334298,2.886122019099049,3.689264593915064
41381,pop_4,3.032515400873505,2.9146229051875756,2.791921515064827,3.386541613080323
41382,pop_4,2.601134755595657,2.1099386661311983,3.6166949684193974,3.8338902337480443
41383,pop_4,3.1256802234241965,2.3021684124354995,3.3863719824204894,3.5359456555428213
41384,pop_4,3.2875666636421155,2.498539365004732,3.1897971078963008,3.7076948301928847
41385,pop_4,3.0123746181090314,2.742174759965373,2.806908392991857,3.8316103482410306
41386,pop_4,2.926917229409825,2.984080890563877,2.8059959460688315,3.2979925056870316
41387,pop_4,2.6722729369125173,2.566999917930706,3.4377185692469103,3.8750257543644273
41388,pop_4,3.2208260829458584,2.8472448330197033,3.4205325586760242,3.6132925315285704
41389,pop_4,2.886935258280494,2.6673181541246653,3.181616392933431,3.5843462972972278
41390,pop_4,3.1793666909794203,2.711378270495686,3.3256389492832534,3.6172257512536388
41391,pop_4,3.275279399107154,2.7700464381184746,3.1768989039095485,3.362172373409411
41392,pop_4,3.4625290351840334,2.395322072528381,3.1644840216692263,3.9278369811454046
41393,pop_4,3.1996751687419995,2.730974523164348,3.1826612830036334,3.593168913977574
41394,pop_4,2.973655213292082,2.2900933796846643,3.613244468540045,3.942509815735432
41395,pop_4,3.1405275601536364,2.484809249535263,2.9707500879282365,3.5558969604547235
41396,pop_4,3.164340594747016,2.5189378308022383,3.1231415746562496,3.7815904900653647
41397,pop_4,3.102130493917859,2.5939281430867664,3.9236385953579136,3.906826594955301
41398,pop_4,3.2095465950681237,2.7481235633261885,3.175156963613131,3.2734974602346347
41399,pop_4,2.659656802213744,2.678235918274739,2.9197910406994128,3.6541651213368342
41400,pop_4,3.171441289512356,2.8488874031399547,2.906128953107645,3.7037881738516307
41401,pop_4,3.0910490836264426,3.2152618651465334,3.2052647366687492,3.260755353807731
41402,pop_4,3.055514605650573,2.6590833297779124,3.1691848744818993,3.2139274294985087
41403,pop_4,3.0327566784367397,2.588183232184456,3.215618438166503,3.761411935577878
41404,pop_4,2.8535417908688405,2.6605383693933824,3.2526046231663006,3.526613933993205
41405,pop_4,3.1480136377804,2.487444825290582,3.3919504085283716,4.060566395418573
41406,pop_4,3.15047847509385,2.6989621975456557,2.803470537095777,3.670810945739034
41407,pop_4,3.270450482173177,2.778914391022603,3.858164491236029,3.0789798059087112
41408,pop_4,3.0795455744246474,2.1654850292462875,2.676740237212906,3.4714555200431567
41409,pop_4,2.829724722226783,2.8576297577229637,3.2435000978062374,3.505360897138527
41410,pop_4,3.070210367403932,2.3999207948590495,3.7654321340195485,3.89057245147841
41411,pop_4,3.114386429822923,2.7342763715938956,3.367134303896801,3.9111917841930626
41412,pop_4,3.0323557118994184,2.759914159487069,2.9685505065535307,3.6980389454353744
41413,pop_4,3.1104383191759624,2.6749979874389833,3.3743162258202575,3.247930016159513
41414,pop_4,2.945419159855359,2.7436145016150606,3.2746203047781175,3.158089478845702
41415,pop_4,2.7220093571273924,2.9958745955991906,3.5612008774564887,3.1868411213105237
41416,pop_4,3.1563143951374233,2.5953943635087278,2.9653760628975525,3.651100267658126
41417,pop_4,2.585409081148108,3.083562009154209,2.944828910669093,3.246427258047912
41418,pop_4,3.189369511637963,3.0248251052214434,2.8236814071697434,2.9946666104736406
41419,pop_4,2.9379287715580533,2.8073213347068338,2.9998761891993397,3.314981411885457
41420,pop_4,2.879759518106868,2.741166348072146,3.0742573894175,3.4588074228101817
41421,pop_4,2.9843913049648405,2.389729990448347,3.2058272452054593,3.338223017221163
41422,pop_4,2.822343013093265,2.4521453283692063,3.738218251694999,3.6232856095855275
41423,pop_4,2.8719854405890084,2.438586321902202,3.4682156287314716,3.690805154910129
41424,pop_4,2.5671647967506335,2.7521765889451273,3.4954637146167604,3.3952625398053287
41425,pop_4,2.984280504592119,2.594488713482426,3.421060846162654,3.6175506443519208
41426,pop_4,3.0177397677394273,2.6936487667514224,3.5998739784055163,3.449351467918838
41427,pop_4,2.8619295222409904,3.171954283001607,3.2801089522587525,3.2749985321532917
41428,pop_4,3.500927437994454,3.271040662908133,2.5902083393982496,3.466728372189962
41429,pop_4,3.398898664939254,2.6978131061041273,2.5964208531547937,3.547822788612902
41430,pop_4,2.6668249496117653,2.497945897461827,3.494082220225872,3.5433670756261115
41431,pop_4,3.0367191903472275,2.7139737484015725,3.527223680642938,4.153045238151114
41432,pop_4,2.636887850193697,2.21428292977516,3.407928928182094,3.970527100572979
41433,pop_4,2.965082448227309,2.8262053591605234,3.2354906795053533,3.1765537434258198
41434,pop_4,2.9419539138273945,2.41900071273824,3.1943169543342433,3.9287697210887407
41435,pop_4,3.160012514671753,2.617410365826182,2.956688663269024,3.4416465767417344
41436,pop_4,3.3354769847686088,3.0045196748581744,3.0104237653275985,3.5599926338792764
41437,pop_4,3.263775242925686,2.551617489419794,3.340657218568452,3.6363139587594713
41438,pop_4,2.830618337723597,2.6216613817280687,3.3100422361064705,3.7801704321580036
41439,pop_4,3.067931500417824,2.890331844274319,3.1868713156724673,3.8279796866281717
41440,pop_4,2.823753400423789,2.209033647256579,3.8290033708722113,4.0000689969333
41441,pop_4,3.2659541909230514,3.2062937694214115,3.4649486946811217,3.4302392947591596
41442,pop_4,3.305227873137862,2.888620863538252,2.7676377985777325,3.44456227950852
41443,pop_4,3.215008581507245,2.786037622242235,3.1185162175059595,3.0120850503290812
41444,pop_4,3.1164304911258722,2.6506318606692036,3.4635295674219573,3.5180140780626115
41445,pop_4,3.330625153461042,2.6574307901506478,2.940917140318818,2.9801477660542597
41446,pop_4,3.0148315581378355,2.7206293191118234,3.2123558256927747,3.2444167324968602
41447,pop_4,3.286730953885369,2.7308846307251007,3.0034468864023047,2.8810561192038104
41448,pop_4,2.759692475663517,2.6165330956113078,3.413442083357281,3.4362364483297334
41449,pop_4,2.9057817010541678,2.687953246187097,3.264227176480424,3.9041838492301233
41450,pop_4,3.1035819616661415,3.0353900563878806,3.306612626306461,3.476462252175364
41451,pop_4,2.9829711904158045,3.088964581389729,2.5031229360300156,3.712645963241779
41452,pop_4,2.9541981324313116,3.1368999157980526,3.385513952906164,3.823165554362589
41453,pop_4,2.8207910393600897,2.4020707180732512,3.0496215695354487,3.6539409208014924
41454,pop_4,3.219669919750672,3.124324169748894,2.6243474368194617,3.3902517470390694
41455,pop_4,3.133383025065452,2.8921432333096795,3.3536831163599743,3.42405746051042
41456,pop_4,3.09659240104686,2.8700333744089646,2.9284837300306226,3.397993795849775
41457,pop_4,2.889102416020562,2.799383077785208,3.481029949823102,3.299226845548401
41458,pop_4,3.0511510675250415,2.766557929474087,3.3469272447610505,3.517450719627961
41459,pop_4,2.8663456229955213,2.577563009121621,3.468839833320649,3.884867565397409
41460,pop_4,2.976531312436539,2.917281721187484,3.1045980931170822,3.619971782714419
41461,pop_4,3.148769372384317,2.6436849698375062,3.0033779942182406,3.5614615276340804
41462,pop_4,3.0970287325864296,2.8234878788344613,3.119863438482076,3.650411030652589
41463,pop_4,3.0127855191048614,2.157499110480324,3.080047212812868,3.6896713874969813
41464,pop_4,3.0199794663386674,2.8053212057986405,3.0796575178361416,3.344562303358705
41465,pop_4,3.075541172939498,2.6908209868252926,3.3826056033936056,3.9360226666702696
41466,pop_4,2.9279368256672202,2.37150650010794,3.125610157926449,4.028368722478435
41467,pop_4,2.9252947165581418,2.7713110531314844,3.4935570952932116,3.226994156374401
41468,pop_4,3.0058529538575094,2.782057534106038,2.7391443996062055,3.436533856628634
41469,pop_4,3.1030795567126597,2.6902810975566998,2.995730739688388,3.4306886318642347
41470,pop_4,3.443717713414247,2.4037973587383634,3.0443360408123334,3.557571586300451
41471,pop_4,2.8582285657851263,2.618609907444295,3.442358595895471,4.103977746867544
41472,pop_4,3.048571523207067,3.1503799197284468,2.541878679261629,3.256941065154774
41473,pop_4,3.023098730897774,2.6064724578628877,3.4857879064554225,3.3099568969531594
41474,pop_4,3.2404532245291255,2.3925957742290196,3.353227731725703,3.698405582005445
41475,pop_4,2.8832182519536893,2.5992301266586115,3.117603405492839,3.6028288465489515
41476,pop_4,3.198632100848787,2.857847424879297,2.937921032923713,3.8140604188267258
41477,pop_4,2.9345828115176493,2.806976410216837,3.313709325938959,3.9338962660852195
41478,pop_4,3.3353180439932406,3.069617087066036,2.879327885326355,3.6460046975383507
41479,pop_4,2.6875252178256206,2.904117163906749,2.5924994324370667,3.163594937630095
41480,pop_4,2.9670766218235447,2.555432909969978,3.2785400167202323,3.6522197380130232
41481,pop_4,2.8950041171239786,2.62427907500724,3.2593508217503557,3.6940900701486985
41482,pop_4,3.0368160269736255,2.972923353254441,3.08850255901502,3.417271970459727
41483,pop_4,2.8484333353375293,3.0099080349920704,2.842251905728417,3.401525941307534
41484,pop_4,2.891232648918972,2.8418666213297956,3.181190908429333,3.508090619557879
41485,pop_4,3.1193365229785694,3.4199871334249976,2.9676264652053477,3.5412905974572344
41486,pop_4,2.9415216927287107,2.616618992956942,3.102148824700326,3.830853291031225
41487,pop_4,3.223110553807926,2.994667307009492,2.8992093871058726,3.4253129973389913
41488,pop_4,2.962805995864118,2.569339790540153,3.345961033193111,3.873124807435103
41489,pop_4,2.8544659875300677,2.8706643814932553,2.715611923500896,3.6011664034047146
41490,pop_4,3.0048346426069803,2.9127702411539107,2.8331087373212736,3.6239392694010832
41491,pop_4,3.242011336183965,2.6187817664149184,2.881543950690915,3.4309147748399345
41492,pop_4,3.423896331014413,2.969938648952178,2.5533154195281793,3.222242323179532
41493,pop_4,3.1080105204820843,2.821938390613172,3.462343463357698,3.8946193286389903
41494,pop_4,3.131751045467534,2.486822850732556,3.4125826197752596,3.9270590545278443
41495,pop_4,3.3503302233254515,2.3037891555414873,2.777982405772794,3.60708427008728
41496,pop_4,2.896823719080329,3.12054806026989,2.55232072543758,3.2046644597952247
41497,pop_4,3.110145050988756,2.774355028922031,3.092011516149615,3.578392173555429
41498,pop_4,2.7913160986659706,2.21546486961205,3.224898861871476,4.026238842637204
41499,pop_4,2.78186893166025,2.5557801370179902,3.054963395820947,3.420969217930029
41500,pop_4,2.9469973627049417,2.554910454470276,3.326010082917914,3.6276994295054865
41501,pop_4,2.9899188891907604,2.5576011148742825,3.20116940717216,3.4841157457606458
41502,pop_4,2.7303302005372814,2.743881511408004,2.945340237701229,3.609264656376923
41503,pop_4,3.197776779158025,3.0182380073998676,3.486901427511791,3.70210630141809
41504,pop_4,3.072255262906155,2.5721577121907955,3.301214222319787,3.4884798773428525
41505,pop_4,2.588288177216691,2.449273465910748,3.2440449832001987,3.442384617698671
41506,pop_4,2.970534476572945,2.7425843104750336,2.847957086473887,3.657070056267509
41507,pop_4,3.24152274362431,3.1615134947735903,2.820383759032106,3.4945938779098613
41508,pop_4,2.740937879645428,2.444229566702678,3.1231974131563427,3.485723725341338
41509,pop_4,2.5065146448710625,2.5386338384097473,3.3877671746946336,3.565537984867751
41510,pop_4,2.8757682402673552,2.5881958953014923,3.22625583230364,3.845923809416644
41511,pop_4,3.0315125621359713,2.7032025775594746,3.2340793127727334,3.2103070657434545
41512,pop_4,3.1390710819949548,2.639100718623699,3.153063552890236,3.338151708028015
41513,pop_4,3.0911319228809777,2.689414953301639,3.5113620219064385,3.2782998198802544
41514,pop_4,3.093374500346708,2.877026557547727,3.4782431649546477,3.3754623986702166
41515,pop_4,2.8699570023563976,3.014472074409319,2.9226189729548984,3.133661014270553
41516,pop_4,3.041628330585236,2.5891996619303437,3.1951965053778233,3.0466918968046466
41517,pop_4,2.918991199455579,2.5399903406219897,3.0791665899471923,3.597228207495768
41518,pop_4,2.9291746172526683,3.070480956351207,3.1542799559037666,3.6747875370148133
41519,pop_4,3.0101974283532904,2.7766932966433315,3.0688409222370283,2.9203751387951105
41520,pop_4,2.8603473626577993,2.444535243452418,2.784904190206172,3.857676272869843
41521,pop_4,2.8043326374723803,2.1547123253471883,3.112509704225018,3.9322958361211673
41522,pop_4,3.1038818888575492,2.766570307048598,3.0921985668546363,3.3719669477763445
41523,pop_4,2.9066460030805437,2.5806498069187107,3.1542547425132326,3.569471451655287
41524,pop_4,3.3348841660449615,2.706483196574031,3.332978617570836,3.45283276540969
41525,pop_4,2.972250762564302,3.1202749617423007,3.0152223172633694,3.4878609124799165
41526,pop_4,3.2464244671850366,2.653893034632374,2.6937987116581077,3.131694833865038
41527,pop_4,3.092332598151535,2.6709612790356885,2.9966048641673977,3.8934953657904314
41528,pop_4,2.6069808777744803,2.8104888285880447,3.326283177971476,3.6123298876281877
41529,pop_4,3.0978576880198134,3.1831969769003097,3.549222050358873,3.694944088449086
41530,pop_4,2.9048781045921506,3.0895582005564153,2.4572805739694665,3.2039184775566616
41531,pop_4,3.053802761526156,3.1888763884936187,2.5899527803887024,3.4616901630608052
41532,pop_4,2.4911588962818136,2.4047455861868663,3.1591109665331714,3.78193778747747
41533,pop_4,2.645017392972803,2.2453278019749967,3.5463183913189695,3.833826113443205
41534,pop_4,3.0778391907879405,2.4818851351564946,3.142986417602771,3.377331293826414
41535,pop_4,3.093992611828343,3.1244328128727803,2.9783032470354787,2.955198761989626
41536,pop_4,3.10382653500519,3.0050609507673594,3.1365287640677617,3.38839879636697
41537,pop_4,3.05751493343808,3.292144168755351,3.3525615523205956,3.56947887099562
41538,pop_4,3.0042069566552247,2.6332688775594804,3.154174410761801,3.702904494549091
41539,pop_4,3.028187208430934,2.697274612717812,3.0098636764676203,3.149993817011296
41540,pop_4,3.0594594298252202,2.9256019052094797,3.3654949381414507,3.588995063247258
41541,pop_4,2.9085264321926316,2.5252759597690817,3.4094310270567667,3.5273480383075193
41542,pop_4,3.2823586994411236,2.636653788086999,3.1156149147335266,3.7159410571744176
41543,pop_4,3.1709576582921253,2.3984196841726364,2.6035120189532877,3.4787252274770233
41544,pop_4,3.132415405640683,2.7687086502636418,2.5064168723574167,3.5004824461479025
41545,pop_4,2.9673962934935463,2.693913786503331,3.1524164198770634,3.214123082558914
41546,pop_4,3.2819022423409536,2.7206342646252297,3.0136317685724903,3.3659504720914506
41547,pop_4,2.894339942861784,2.3978097734500623,3.045683321778732,3.667645996291132
41548,pop_4,2.853534793134481,2.532546422718812,3.4977249752911495,3.550987327241415
41549,pop_4,3.1409841561403926,2.8915319556235324,3.106145873730138,3.3790701165894728
41550,pop_4,2.8532688304134,3.04902470462733,3.0640151502632187,3.3374740846460895
41551,pop_4,2.9653163463764183,2.48955666743107,3.279057417679654,3.8707796823695317
41552,pop_4,2.9762837627917373,2.477013311570295,3.0047792833977316,3.7592000649606
41553,pop_4,2.953128396072087,2.84985574961906,3.2183419943201628,3.3071478839200257
41554,pop_4,2.962428059951314,2.327870280138614,2.970537642380684,3.290920900960216
41555,pop_4,2.9041777162501843,2.873824256880371,3.3493334463807627,3.324342466932151
41556,pop_4,3.17786120778815,3.045138052258589,3.0734438911129405,3.5661855642063207
41557,pop_4,2.830501007231646,2.7631760108823507,3.3782796869042233,3.5245263037784795
41558,pop_4,3.3998787374352246,2.827551544034628,2.8958225455685436,3.5950179204415087
41559,pop_4,3.3425841830875855,2.477389658017849,3.1773697500288094,3.9463639378461264
41560,pop_4,3.0153377747427195,2.62992961879725,2.806157167859066,3.3956230729650714
41561,pop_4,2.9337154063121935,2.274156467590137,3.573408906745982,3.772571700759104
41562,pop_4,3.0450583404029,2.7302027431508478,3.115884266662421,3.6180602625126284
41563,pop_4,3.109806305445564,2.8851209481951305,3.132325193837836,3.735755896707237
41564,pop_4,2.755697394027717,2.4665434469326017,3.2671137186394645,3.9488564866983826
41565,pop_4,2.9667982743510675,2.7381187338170654,3.354467292995749,3.26270875022266
41566,pop_4,2.7487036189263403,2.803535732566185,3.176993618110524,3.599076700595299
41567,pop_4,3.0291509552095914,2.9087132290989017,3.26145074642553,3.1858576617507994
41568,pop_4,2.8145905836257725,2.7823519116501076,3.149168945260428,3.3234623562862207
41569,pop_4,2.9186516402898244,2.932627423005312,3.1738228535871276,3.6111290293739433
41570,pop_4,3.132754199594316,2.8621350317612086,2.9803220488409843,3.3653670207360804
41571,pop_4,3.530180212941347,2.8754344156737477,3.230566255822314,3.883064918533981
41572,pop_4,3.2939652789950404,3.0179312933908835,3.3391857515873395,3.2092775097026456
41573,pop_4,3.1785340989235453,2.764752303961124,3.0129768971326674,3.7569557643291533
41574,pop_4,3.1395018397752503,2.7745533645591203,3.290271233605818,2.9312579527815847
41575,pop_4,2.939155479548966,2.5654818869687306,2.782058121209457,3.3954427308867072
41576,pop_4,3.2200162973558792,2.52872200595048,3.5696873528174344,3.038998816539209
41577,pop_4,2.8550016905445528,2.7198338224625864,2.9130967634630336,3.610006135990477
41578,pop_4,2.8824383607644313,2.7685811205879505,2.923305320678049,3.724834705989524
41579,pop_4,2.5732803601387992,2.969204755379492,2.84426478912388,3.7717328728436956
41580,pop_4,3.021671352623473,3.1141417973607552,2.8412941965083407,3.919647726133145
41581,pop_4,2.551749527189714,2.9924110751380906,3.2266631056881074,3.032030201425888
41582,pop_4,3.282948857726972,2.543394219823604,3.359690585972733,3.7180012284481787
41583,pop_4,2.8116030284403672,2.3150608052776516,3.2484336669113594,3.525692751015798
41584,pop_4,2.815761769086403,2.906821151949681,3.0815827765158192,3.3400382221945577
41585,pop_4,3.367065006543555,2.6769650851482676,3.489282431450009,3.328670789136691
41586,pop_4,3.060168295088874,2.4056630801618017,3.642338779712066,3.5583855435045186
41587,pop_4,3.002034100262373,2.686805863584595,3.084874487239828,3.803597109351861
41588,pop_4,2.670847594489182,2.891566607618166,3.1933050577184185,3.3815244201927115
41589,pop_4,3.299903034879771,2.684284390374404,3.047633651735121,3.657709380229254
41590,pop_4,2.8573814517014187,2.965190749276423,3.1388962452389224,3.503495641567913
41591,pop_4,2.9964108125415794,2.809521271990572,3.177008375870967,3.7705808040517157
41592,pop_4,3.0454137975563147,2.4211090939823343,3.080803033760108,3.7331437453465246
41593,pop_4,2.91774976635368,2.4705251790560174,3.34975950133376,3.2691768839837687
41594,pop_4,3.2325717808570484,2.7348863660662195,3.0224379168846376,3.264620995943603
41595,pop_4,2.9679905758313,2.5201987357272246,3.143896061764039,3.45337289782307
41596,pop_4,3.1452818419555104,2.737926490394358,3.0201059871415503,3.303620316979458
41597,pop_4,2.8504636325434975,3.07650194366631,3.2126956534880997,3.2375535038584276
41598,pop_4,3.1309212973502816,2.933449779206441,2.6489914147797737,3.8964090680934413
41599,pop_4,2.8744455865039087,2.616294631846543,3.293165112810147,3.232176377834778
41600,pop_4,2.8378511321845403,2.382175108255874,2.785529910339969,4.151576664157004
41601,pop_4,2.94283681896075,2.2189829166549218,3.520534284208888,3.9244405953160064
41602,pop_4,2.8129956686996573,2.6303811411371663,3.1490911886637964,3.4122676753473447
41603,pop_4,2.7906449820640455,3.008870725057589,2.9871960218698086,3.742961980392855
41604,pop_4,3.0373365470173663,3.0202937193243335,2.835513065744626,3.70633380925194
41605,pop_4,3.3416815308883834,3.0043185733072186,2.819763263117495,3.530479323939917
41606,pop_4,2.9107302943380735,2.9861870614153725,2.943538874398728,3.170675292930466
41607,pop_4,3.578829120216244,3.180832013187358,3.170696874641408,3.363365052351572
41608,pop_4,2.925884927116158,3.244573363835599,2.817724233819498,3.2133917100867984
41609,pop_4,3.0859772518741075,2.7378913693140063,3.0361996724542637,3.547499474059903
41610,pop_4,2.923562411949088,2.653687760786292,2.8615372579232443,3.5083883569198777
41611,pop_4,3.2884667108192196,2.8327684073486608,2.9426872043156536,3.314769835851992
41612,pop_4,3.0005213176482703,2.6470029910419477,2.8734225718911715,3.7216260310968816
41613,pop_4,2.9467259344960093,2.7911484373048903,2.8380035768367056,3.701872731398961
41614,pop_4,2.7518174557376125,2.5383110551734065,3.5811117395202894,3.6094342023506445
41615,pop_4,3.180585787053116,2.4688485477682156,3.0262702238500006,3.5685559351949756
41616,pop_4,3.0338510569483317,2.71083009980177,3.2553884605813392,3.5219633526886245
41617,pop_4,2.6952868086445707,3.037134973069393,3.3520105060780288,3.6134250953997196
41618,pop_4,3.1869612242414807,2.838533623263297,3.419231219560114,3.2336741226209833
41619,pop_4,2.8285408180368474,2.828699587928035,3.2378829113467313,3.361809470115361
41620,pop_4,2.6178891808487754,2.3280698638961272,3.4460482495534746,3.7436664045311825
41621,pop_4,2.886966301249382,2.6647789949963467,3.060724926283303,3.5394402031053844
41622,pop_4,2.9973185118450787,2.9710810679658524,3.010807480031203,3.273026870322584
41623,pop_4,3.2657577919820824,3.0411733272275074,3.2793943555658833,3.1345059652927656
41624,pop_4,2.966266389008458,2.778333181492236,3.1415857218026044,3.6818163702362883
41625,pop_4,3.4605295852849327,2.912308143233871,2.5933539461198714,3.436804476256996
41626,pop_4,3.230788263309347,2.2216778266365966,3.450955598715605,3.6156027700181155
41627,pop_4,3.234607895609841,2.5639900250916225,3.518730504567251,3.777894091669358
41628,pop_4,2.954975649505878,2.577807385547795,3.38452372092849,3.3856379542745443
41629,pop_4,3.2902622976706435,2.5586095975192653,2.865477061036409,3.8559545301424367
41630,pop_4,2.712619820268748,2.784562371370276,3.206958667187463,3.630067169383379
41631,pop_4,2.588269271858252,2.6660059566963197,3.4799503578273647,3.874882009356723
41632,pop_4,2.81083189081384,2.2464499260965685,2.8402324897957727,3.597934789566054
41633,pop_4,3.031848424517697,2.7511547117236463,3.2754172060196756,3.758488464594094
41634,pop_4,3.2119246799119074,2.9382664780485412,2.75618608465901,3.565919949284395
41635,pop_4,2.9355541275480137,2.38906018533022,3.3502747476197543,4.106882882898724
41636,pop_4,3.114716402984175,2.4970395471904525,3.445446666122898,3.7125925289516504
41637,pop_4,3.0541121722707363,2.640798090571478,3.3075003195825503,3.545667585111223
41638,pop_4,3.1156571931048678,2.907724041402496,2.9712762477263985,3.49001908927402
41639,pop_4,3.018377502689847,3.039064420858701,3.09005178886655,3.48297492568404
41640,pop_4,3.250773880559792,2.3185847248586304,3.006799167427951,3.492360653018648
41641,pop_4,2.978815571852073,2.848396209592689,3.3039769932027543,4.008573574804655
41642,pop_4,3.081822187041013,2.522556790561182,3.0803558502288264,3.5999476758774587
41643,pop_4,3.1628018541796266,2.5674106571856803,2.8963953904211515,3.81182154927773
41644,pop_4,2.716172800965608,2.5687240721629867,3.434383949517832,4.147350413881519
41645,pop_4,3.3801742456543242,3.145334144201054,2.7650809579976716,3.3908501441308103
41646,pop_4,2.979432544729253,2.9074588390469853,2.7469948396256494,3.095058090076991
41647,pop_4,2.7410199161580486,2.7603138596106698,2.9346842962976765,3.832071849979433
41648,pop_4,3.040285710009136,2.559192306770007,2.9938145725937524,3.5702044680010907
41649,pop_4,3.3293897305661284,2.9351130991753656,2.979830968751996,3.3689700918124847
41650,pop_4,2.922081122587939,2.432394503155157,3.4294163868887555,3.188787884787123
41651,pop_4,3.0439773070065503,2.660888566739831,3.036899636427386,3.5549586489552754
41652,pop_4,2.844128224199658,2.6741818051732245,2.9248795951278286,3.7989291891042036
41653,pop_4,3.136256293487652,2.6213382197518955,3.460638318591401,3.749260214611194
41654,pop_4,2.9989157852125454,2.5229363644184892,3.449597052249362,3.4283077882390125
41655,pop_4,3.162489438093516,2.8738565854334963,3.3635037110494332,3.9195322253475178
41656,pop_4,2.830993097854179,2.8056355789689307,2.790166382623399,3.2508273520817195
41657,pop_4,3.128457597231989,2.5366264341256675,3.096832635908616,3.7417218506882373
41658,pop_4,2.93742317196767,2.5673215544288204,3.1233816582062355,3.9736928023866036
41659,pop_4,2.8217304163812575,3.0494504857237077,3.2711252312380656,3.7525409318705854
41660,pop_4,2.962063288415741,2.7827186978629284,3.0444852301267846,3.5606203162360957
41661,pop_4,2.705310469384977,2.8605825160987557,2.8268879104508517,3.7183252113970164
41662,pop_4,2.744010288004163,2.7413272114716905,3.395141274771504,3.7661399441370293
41663,pop_4,3.0809355418525586,2.8302259018650053,2.5055364289598883,3.2026404775381514
41664,pop_4,3.114043685558701,2.840498825286021,2.9126585156742943,3.6125565830542006
41665,pop_4,3.0116510929969893,2.769367536639091,3.17108719498711,3.5159003999470326
41666,pop_4,3.6064774420331553,2.5271549413478187,3.3822700799754877,3.3658128594042473
41667,pop_4,2.9367817757632597,2.3518033334331303,3.2296300325763228,3.6682269460628216
41668,pop_4,2.809198516179813,2.1703533538792055,3.4328331757592476,3.915713230201504
41669,pop_4,2.8607713188228097,2.76949425184612,2.741687402802391,3.504243756704371
41670,pop_4,2.88940344419324,2.9711872069380623,2.809268469916299,3.057934348707765
41671,pop_4,3.0525009401249688,2.878521050704565,3.379132274387733,3.4796909599490604
41672,pop_4,2.92432439626547,2.913727235460154,3.311001395723809,3.213662803675649
41673,pop_4,3.0097048982341876,3.055426945576328,2.7537381381611667,3.226920697163661
41674,pop_4,3.0547898991321643,2.5672617064633036,2.909573934134432,3.5577592579071733
41675,pop_4,2.7439912394465997,2.3616912573016244,3.262553903679007,3.541657385455327
41676,pop_4,2.9130701497126936,2.893617940754017,3.5469127318224825,3.1632137604908586
41677,pop_4,3.0254799701362054,2.6876230224982134,3.582169091690207,3.45126972927636
41678,pop_4,2.9615614788434206,3.0647374469436564,3.1282833558958014,3.325620604176616
41679,pop_4,3.1013862445230647,2.721952568391866,3.8797008719059844,3.623810240028288
41680,pop_4,2.921072024896751,2.495096490389242,3.4538688984252794,3.621377174061122
41681,pop_4,3.1421511215683426,2.7966259130318005,2.9187200271512515,3.578451055228961
41682,pop_4,2.899584142694167,2.8194491075646027,3.187245778928061,3.4907247128780488
41683,pop_4,2.849012856551871,3.101954430929653,2.9399574207002694,3.5102456384866776
41684,pop_4,2.7997779180321785,2.219540443745493,3.1790844277750216,3.6150051237473377
41685,pop_4,3.3606860726850925,2.7815979252454017,3.153399105326187,3.5118343102304985
41686,pop_4,3.114636580759504,2.5094648462727407,3.3104171914609024,3.1835913874256097
41687,pop_4,3.0207546865432273,2.716910040371331,2.69029353954456,3.610938392214568
41688,pop_4,2.8986193906090323,2.248486262975678,2.8389096860118768,4.055289283387963
41689,pop_4,2.4801576129486587,2.268923948935425,3.4851129037691058,3.786977302630804
41690,pop_4,3.4058894212062896,3.125830184904433,2.6496655891325265,3.2526808745187177
41691,pop_4,2.9551065329654773,2.805671986982496,2.9913266023006404,3.680075456245555
41692,pop_4,3.1927123030930806,2.7880387611803594,3.243328722700172,3.7841212374939177
41693,pop_4,2.5994819080518234,2.6715458294406202,3.886676601706058,3.909675547045675
41694,pop_4,2.8010520412908764,2.256185317942079,3.8791631851667363,3.4948313663639436
41695,pop_4,3.2413389837978253,2.594089326565679,2.829377622539668,3.834492098659231
41696,pop_4,3.08307203035699,2.4337063472357507,3.2865434450858033,3.5872054231073385
41697,pop_4,3.12991584656315,2.8604407431258743,3.343132748691653,3.4522434675884015
41698,pop_4,2.7029776997638058,2.9298385679904126,3.104523521463607,3.890619794778938
41699,pop_4,3.048076394775748,2.294563458700493,3.4794936089302304,3.7106767226781887
41700,pop_4,2.870772792325443,3.12812999839418,3.423257513142958,3.285119151820032
41701,pop_4,2.871318539943979,3.0313511169085174,3.0422106535105935,3.582675300180784
41702,pop_4,2.5597495336431475,2.7604139392249727,2.823461672021367,3.4331972166442264
41703,pop_4,3.2773801445671253,2.5972348287774887,3.353947174840703,3.609987717167738
41704,pop_4,3.1944111488182925,2.366934256819385,2.634069341261393,3.460799878689194
41705,pop_4,2.8567879512367913,2.8066983058207167,3.0860429741834006,3.403229916147591
41706,pop_4,2.930280103819142,2.566713294055419,3.5202869653882236,3.282029719917285
41707,pop_4,3.1496999642313273,2.767665316827241,3.433421867484073,3.738914457018025
41708,pop_4,3.2818669683828503,2.8438717757712295,3.15040616562516,3.8026765318255076
41709,pop_4,3.1159315492159996,2.631946698701447,3.0603243530173856,3.463197965748715
41710,pop_4,3.074839800952055,2.6421658279584723,3.3106365173169925,3.8947793541853195
41711,pop_4,2.8850019497347525,2.5910351891551398,3.710219691884252,3.509732147571059
41712,pop_4,2.9302785495174017,2.5772853898847714,3.2429266489257627,3.6275950740694127
41713,pop_4,3.625590077968713,2.5240767856144193,3.20084044371933,3.7843165680716533
41714,pop_4,3.3184943898464834,2.7034418773018523,2.9070122771020173,3.5532376841525055
41715,pop_4,2.9910972654625034,3.1233411470080017,3.009689686353113,3.4156002794321827
41716,pop_4,2.981771808471602,2.847721000560429,3.028507440279673,3.5616256302166005
41717,pop_4,3.061842629270948,2.756604549359437,3.090007865307509,3.5354580516474408
41718,pop_4,2.875168646972326,2.6870984632674566,3.2006910835378046,3.5805572189777695
41719,pop_4,3.2802135314296623,3.0119169070638026,3.000621546654341,3.886158630037707
41720,pop_4,2.842374679255554,2.4056158168204784,3.336291163383765,3.489482422074818
41721,pop_4,2.685490400397743,2.6174600460308053,3.111826347232558,3.8660509807378958
41722,pop_4,2.868464227388957,2.527665240454973,3.3669342415861494,3.654435286288687
41723,pop_4,2.8056369862535475,2.3611978691160815,2.974189677731533,3.3985323977521125
41724,pop_4,3.0899269617723477,3.0732109873706777,3.121827942506308,3.993135504851627
41725,pop_4,3.0694547420057945,2.7434329185847033,2.8316152076341,3.443990040107396
41726,pop_4,3.1474586026214877,3.0887462893490554,2.869251429835437,3.767536498617794
41727,pop_4,3.276258854372318,2.49963971881885,3.4689280400824023,3.9262295397242286
41728,pop_4,3.02400871739942,2.7217653667279995,2.9215329430426555,2.7857093027293995
41729,pop_4,2.771989794966823,2.7417488056658668,3.161111707928258,3.4192461199311275
41730,pop_4,3.2268998002931917,2.525312657053639,3.00078013762237,3.7721447895499827
41731,pop_4,2.7589625343416806,2.6593638839599465,3.1216349879351855,3.3665190560017084
41732,pop_4,3.312700414140058,2.7627099517806015,3.215429986279006,3.6271637125783736
41733,pop_4,3.091275428886727,2.6464919758041505,3.3511557468580433,3.8383716977302815
41734,pop_4,2.736025673864001,2.387702305912587,3.0670651751555753,3.783483701225745
41735,pop_4,3.3501505020928852,3.096895852848626,3.050555915877968,3.093400705767605
41736,pop_4,3.082217076297572,2.8400122348401,3.301324139238667,3.8837862966372323
41737,pop_4,3.019933639744264,2.404802439094809,3.3198556771821344,3.875124687274274
41738,pop_4,3.047566778318761,3.0219234642882995,3.301478982472977,3.2720628118595974
41739,pop_4,2.765999083075694,2.465308020301003,3.418316910915107,3.5737620374902606
41740,pop_4,3.048568348817131,2.938319409813691,2.839212154252143,3.6211456886389413
41741,pop_4,2.953809730225389,2.5657249495948244,3.3872478679125035,3.832327058753061
41742,pop_4,2.9743160898717567,2.81949770922684,3.504829753640012,3.3827869439539984
41743,pop_4,2.7877825018189313,2.493907197043047,3.4149793956626078,3.5970338968123348
41744,pop_4,3.160061531683317,2.724795030477665,3.417886715320487,3.5172381512710817
41745,pop_4,2.9939300154333295,2.6553110366951462,3.160280209970466,3.7315717658100818
41746,pop_4,3.1288187847680238,2.960094627294426,3.0401732731794695,3.338038593024076
41747,pop_4,2.873412206288308,2.81498268916635,3.1084568014854743,3.345845029948715
41748,pop_4,3.092934989282111,2.8755332656658608,2.9716478379832196,3.4278711040357264
41749,pop_4,2.8672792384680093,2.3271455220089154,3.4899363547468116,3.201452450870221
41750,pop_4,2.713900172173811,3.0428377684184853,3.1772971566232227,3.7891983730031695
41751,pop_4,2.8634073965635385,2.424509393408639,3.517984766297932,3.955143208610086
41752,pop_4,3.035977132127463,2.623648784861597,3.417024085866754,3.1846796914446975
41753,pop_4,3.2420235490455824,2.914172876851757,3.0406560566653034,3.413882194541661
41754,pop_4,2.899515958693854,2.9733376469389587,2.9622647877006787,3.1220473449417656
41755,pop_4,2.9557503044995816,2.853138157955719,2.990097344689515,3.8246571316395817
41756,pop_4,2.663167128137572,2.4953148993081635,3.100820848172313,3.6896701289049463
41757,pop_4,3.0745138749615393,2.821705296703432,3.411109348208183,3.662329548681429
41758,pop_4,3.13049053398425,2.6978099106699474,2.293293914410911,3.403202017291984
41759,pop_4,2.8871097995013875,2.4869375519650063,3.2405457941167857,3.4865957511366474
41760,pop_4,3.161726769590718,2.756856584826273,3.0423167584587683,3.202353270056562
41761,pop_4,2.8017343948488493,2.8172651415222574,2.833777148186769,4.13463300235123
41762,pop_4,3.0057959574632522,2.4362140021547765,3.1542826226595126,3.6114053892123104
41763,pop_4,2.7598920973140997,2.862195029325439,2.7834174051944953,3.506836741395665
41764,pop_4,2.688665055725571,2.8268556711102386,3.3633471093599896,3.3689848281520587
41765,pop_4,3.21948237497579,2.4871148009808666,2.718282255408817,3.7416941334504203
41766,pop_4,3.128893662964127,2.7777055690545756,3.037979856264315,3.4989026022106273
41767,pop_4,2.8724094447962365,2.695428072439355,3.4583514084647256,3.903569440502734
41768,pop_4,3.468870135013932,2.6229316286968354,2.809421480728917,3.3817123470486696
41769,pop_4,2.897743644940216,2.2545034218095745,3.390896664665336,3.9582193065584717
41770,pop_4,2.7507094586200322,2.605538662647739,3.0571131560008915,3.7124308088631177
41771,pop_4,3.0228292876827547,2.7055825573694245,3.3155327365722616,3.5214756157989497
41772,pop_4,3.196849022786387,2.729374973254644,3.3802777516691487,3.759732520181142
41773,pop_4,2.8231334489905286,2.96341421049046,2.977788557161996,3.131347616135825
41774,pop_4,2.5310416164941865,2.435055248405702,3.6222623826667646,3.864584695415978
41775,pop_4,3.1407045738102775,2.415084894260655,3.1088304683213015,3.846568781340487
41776,pop_4,2.763581258162782,2.4133970597614747,3.647330573925594,4.154481520488227
41777,pop_4,2.8159437042821542,2.3486900127731247,3.3666554796502024,3.6949945506519892
41778,pop_4,2.8073404908529898,2.5611701870461694,3.241391121612736,3.3529699178920045
41779,pop_4,2.453126780892542,2.6805352128607547,3.604350515277707,3.329905372622208
41780,pop_4,2.958996179392652,2.546590617185366,3.4264205706873807,3.7861108695372057
41781,pop_4,2.948583232129195,2.855207544942466,3.308228610059238,3.648267695736375
41782,pop_4,2.59601697474902,2.438598448756772,3.15280619988268,3.4441530876011175
41783,pop_4,3.346241284837646,2.4228600450380133,3.300367230996585,3.5861835281173207
41784,pop_4,2.879575740872153,2.814041386622752,3.0949136104454382,3.4701079202428984
41785,pop_4,3.122255167607083,2.6823101873195787,2.7256636804776373,3.558798570642169
41786,pop_4,3.0579901597520154,2.59097515727127,3.253518156853497,3.591604200392384
41787,pop_4,3.334917476921509,2.4333655120848774,3.4042835807336047,3.617731870767894
41788,pop_4,2.8312938025026897,2.8359930179881525,3.0737669311721514,3.7274631093396327
41789,pop_4,2.8004889710340692,2.54536906964484,2.857251878902107,3.7672874876741966
41790,pop_4,2.9878172280701127,2.749048086960884,3.3271813570291866,3.2211562156237594
41791,pop_4,2.7426079143673205,2.836913051866718,2.9120203179459256,3.6540901732178614
41792,pop_4,2.8469938560789596,2.8999689802335102,3.5453767594099266,3.594534191702478
41793,pop_4,2.701099506271955,2.497629248781449,3.3906076848030997,3.8378587582432857
41794,pop_4,3.0072166239175706,2.5288745371037473,3.1225742472859244,3.6214744303708963
41795,pop_4,3.2280936393411253,3.1532409245822253,2.901890129426714,3.3987877922659937
41796,pop_4,2.94753593567457,2.847411243930236,2.7515482007704146,4.048100667658333
41797,pop_4,3.083855327731238,2.790675774604686,2.8593971320467046,3.588988853051147
41798,pop_4,3.0264511537367538,2.701188302678334,3.235996492251386,3.9364426330562208
41799,pop_4,3.0146968914025303,2.8295892791013433,3.432356621095434,3.6491746198709656
41800,pop_4,2.9106691766191455,2.4049108239455883,3.250106542333601,3.9822672536852615
41801,pop_4,2.882679674396548,2.771953922632134,3.559903776158368,3.1505619996557157
41802,pop_4,3.053369824916465,2.831037225244653,2.8444277964402636,3.334394062417621
41803,pop_4,2.9269432446950643,2.673350576501491,3.2396226882412296,4.0394454467236045
41804,pop_4,3.1738939681909506,2.588749650610168,3.059415379184468,3.686033907704529
41805,pop_4,3.106127107560668,2.4421003900868907,3.1832766826200602,4.1643884213358815
41806,pop_4,3.1047428793325365,2.4006096316349956,3.663043022379177,3.491666701875363
41807,pop_4,3.240250310270919,2.623267511768635,2.8642155295022977,3.199534647482795
41808,pop_4,2.892567206034658,2.4731731595494644,3.4837791402632767,3.6471247759182903
41809,pop_4,3.244590633767391,2.863003205156956,2.937562554999776,3.6248416084141692
41810,pop_4,2.87911323488552,2.5903578800488836,2.9872152929988767,3.6533116340047966
41811,pop_4,3.3819443331896317,2.6363734064143727,3.009124592093779,3.6394620794462003
41812,pop_4,2.8942248735373544,2.693299816115713,3.4234707313425536,3.7393463121309445
41813,pop_4,3.2053748033430782,2.5992967413154076,3.0369195265630777,3.4787858351522165
41814,pop_4,3.0218296049259012,2.568152863528926,3.300076197035283,3.6954599757768403
41815,pop_4,2.74533335174093,2.544463476949713,3.161405589264511,3.4448681171388
41816,pop_4,3.1371022249055867,3.1346086866585385,2.9094841824168793,3.1421712247499216
41817,pop_4,2.7088441792563427,2.784537073112683,3.545568731082242,3.7809465814665293
41818,pop_4,3.03775634411014,2.64868694021834,3.31257310509907,3.7176875236458335
41819,pop_4,2.556061343036598,2.8968485289911023,2.893491008714356,3.411331338674353
41820,pop_4,3.2021497652308675,2.65905279898519,3.1061466733420215,3.0788054232062976
41821,pop_4,3.3061025752596374,2.7058967637074485,3.00134222419759,3.232850478839017
41822,pop_4,3.025713259991012,3.2810455964072895,2.9085964961107234,3.1226713965629798
41823,pop_4,2.6652742447584465,2.5036081369130905,3.6836238605053877,4.013517884506285
41824,pop_4,2.9527102957030014,2.8022249569087174,2.442558631586956,3.362239266853978
41825,pop_4,2.9852950048647005,2.4854328075362053,2.8779753763992386,3.7321358328608327
41826,pop_4,3.027319194578398,2.7979403038829234,2.542434942763394,3.561519420985229
41827,pop_4,3.202320046545935,2.4207153981844836,3.1863473927049957,3.4469030397196883
41828,pop_4,2.864862091067713,2.8095447515360945,2.9585564583935695,3.479726697764848
41829,pop_4,3.1510709818960088,2.500002764032083,3.043719223898916,3.7761310807022705
41830,pop_4,3.03783985178188,2.7921279130718606,3.3200989860115833,3.3209950167325792
41831,pop_4,2.8535038201972265,3.113831863271952,3.263546476570608,3.5447986387218324
41832,pop_4,3.068083275884232,2.6045748459818623,3.5571998599262193,3.5188601491094897
41833,pop_4,2.6840934653811175,2.248680857789645,3.3608466279191265,3.9891734542542046
41834,pop_4,3.1192862218454818,3.0283540453003805,2.970513644743982,3.118180374000942
41835,pop_4,2.677562835647784,2.8207030492419327,3.016682950395234,3.596587486356537
41836,pop_4,3.3245641427882173,2.5754827088608363,3.097885491313472,3.6454214567074956
41837,pop_4,3.1522968802733535,3.032560373314226,3.1925791860619226,3.2825360584050327
41838,pop_4,2.932721806980048,3.011205552472248,3.1914566509559013,3.651085994733686
41839,pop_4,3.2447921542966944,2.7653811773032677,3.28581541951114,3.7471327533439265
41840,pop_4,3.145512333783259,2.738684153695171,3.2373344352245415,3.5279913599479205
41841,pop_4,3.044151988585405,2.51647144541838,2.9690307764075516,3.4638666703162624
41842,pop_4,2.999432738277345,2.8157993976029627,2.9440354412559406,3.735189112414755
41843,pop_4,3.253397032951928,2.865605873144472,2.8252693035280076,3.6460870095106372
41844,pop_4,2.6153914806882406,2.641214563382942,3.663691643338635,3.341238587295813
41845,pop_4,2.93599619862669,2.6570014977767027,3.0799932232922957,3.4940996370804047
41846,pop_4,2.9301532878428405,2.683579982753834,2.662354322861957,3.632872988073365
41847,pop_4,3.08514554746323,2.8567735146731157,3.1130083902843673,3.733231375724242
41848,pop_4,3.1114431524867303,2.6879076861211995,3.5421885005349063,3.3985593521509174
41849,pop_4,3.1748534103185113,2.6816844696753623,3.0723808157798476,3.696104299347996
41850,pop_4,3.2285943444630107,2.6355035071149753,3.3217209891202315,3.804452766107925
41851,pop_4,3.190151619818804,2.967328811597946,3.4674276050606267,3.8605069756063086
41852,pop_4,3.038051797758626,2.585120120576819,3.4822680647715543,3.2913476505514376
41853,pop_4,2.7682407123048933,2.9390728493095732,3.584024529081175,3.716651275166691
41854,pop_4,2.7987819472313364,2.8696147371046448,3.030444150251151,3.7883210654096144
41855,pop_4,3.136833739867284,2.4666837531897245,2.7875431418541705,3.513490972572737
41856,pop_4,2.840471973604659,2.998472091384597,3.351074085648342,3.4544359196899
41857,pop_4,3.2610911684962813,2.764802145348169,3.0543857358572555,3.399906604132731
41858,pop_4,3.1587669450919553,3.296374247799181,3.0767042974315144,3.5925544532718248
41859,pop_4,2.9984402217581914,2.973774348367315,2.864388059655675,3.4292311274409357
41860,pop_4,2.7654437957280313,2.5689664325534007,3.4959751429720463,4.188184744072824
41861,pop_4,2.9712189280753374,2.289804486474933,2.926784052471622,3.76822116573355
41862,pop_4,2.9770017972241694,3.286245863914052,2.479085848742195,3.278195448571983
41863,pop_4,2.6502068008541166,2.703221332211436,3.007023434095635,4.099709647231365
41864,pop_4,2.9718921393156355,2.8361093368389403,3.0172894332547275,3.522489181372801
41865,pop_4,3.1790863561511546,2.342567116436558,3.1981058802966937,3.6512241992658767
41866,pop_4,2.88699263782793,2.6424988268803706,3.222175530532443,3.3509435844706412
41867,pop_4,3.0992303784746342,2.8121574700611895,3.3004310806980572,3.398024498294471
41868,pop_4,3.312817529899995,2.812312500976303,2.970371341646951,3.777864392023351
41869,pop_4,3.006240729669292,2.59157215320761,2.8467046962459253,3.4458027324395633
41870,pop_4,2.693310696355056,2.759380778809861,3.0995159807922157,3.574767959798257
41871,pop_4,3.5061994404708843,2.633011050106244,2.863970343834371,3.408907763012259
41872,pop_4,2.6574864472503155,2.596133534560591,3.171639770220063,3.8968402201435266
41873,pop_4,2.854763395066213,2.956387577158694,3.4883456810260567,3.277684927730457
41874,pop_4,3.0508762453717275,2.6479949148950332,3.223303488667955,3.7630560785942384
41875,pop_4,2.7021364499818135,2.956795347856407,3.1789613225293563,3.9843462774925382
41876,pop_4,3.089438853139756,2.9214187410058186,3.126224492254652,3.498574594786812
41877,pop_4,3.0505494212780397,2.6135149158152724,3.475584743185737,3.4299862157983885
41878,pop_4,3.188039018868378,3.10847290957722,2.5054575105259844,3.777781650900029
41879,pop_4,3.005083030690038,3.327306234240818,2.6912233838085866,3.18700676326611
41880,pop_4,3.0351296507473404,2.762831138599827,3.5073551909446157,3.6694944268342073
41881,pop_4,3.4628294387110423,2.483690732412822,3.4862749025791744,4.035199658539757
41882,pop_4,3.0873286316662307,2.979535410885717,2.853565440666211,3.3608266501414312
41883,pop_4,2.662732580622596,3.087068807026375,3.383671866084279,3.54901125801059
41884,pop_4,3.151899367397304,2.9229275149302927,2.4866479935127432,3.6260593284845526
41885,pop_4,2.9856355096700242,2.692528093130504,3.117424669730675,3.7613447722040565
41886,pop_4,3.1556444201866825,2.7262498293239497,2.813171871585205,3.3458665343310785
41887,pop_4,3.0342633363863047,3.403389085340154,3.0679401830233934,3.7109762806881705
41888,pop_4,3.058638153483812,2.760109381612894,3.1808482236773186,3.5171857417770824
41889,pop_4,3.157900335321246,2.864239786366354,3.356773680137431,3.694551311050051
41890,pop_4,2.9688457464564735,2.777329648532004,3.378475676283933,3.755504375143118
41891,pop_4,3.321778872165123,2.7969912401564967,2.830278809267795,3.399472651170137
41892,pop_4,3.1267298322061716,2.910947061025521,3.0287541911060405,3.4817774740349687
41893,pop_4,3.02286639462161,2.8278777925161385,3.3018070332290135,2.9531011178956565
41894,pop_4,2.7808607113173904,2.7391076320019008,3.418545156670029,3.457994419421821
41895,pop_4,3.0223668944943474,2.676871678434353,3.6999527275154978,3.484710664960147
41896,pop_4,2.97113874239953,2.4181259778506488,2.9394669832518443,3.8169595628415043
41897,pop_4,3.199244935862502,3.0819978264047787,2.998074830554865,2.965800835900321
41898,pop_4,2.806882971333032,2.8348550083531823,3.332816662928761,3.3218461898648464
41899,pop_4,3.160610751223614,3.0442973020680193,3.254911291499328,3.642314852318391
41900,pop_4,3.152482779832885,2.56812563902856,2.64970871503796,3.4408415334871902
41901,pop_4,2.8478244924536265,2.8064151938447086,3.5788980352925988,3.8507806161395273
41902,pop_4,3.09493005439456,2.845291912275853,3.189496153304467,3.3238909908749648
41903,pop_4,2.752426941387079,2.5392992102505665,2.863369251390289,3.861790384165011
41904,pop_4,3.1117922224029324,2.8146170387819396,2.8978359842501935,3.584572612967424
41905,pop_4,2.922019864471292,2.9977633867344027,3.0453948369350465,3.4565578701613617
41906,pop_4,3.1669170014948183,2.8078228279975446,3.443464355650518,3.7195685889816152
41907,pop_4,2.817445370592225,2.684688045294691,3.2480873438090745,3.6620922463101495
41908,pop_4,3.2759691614519513,3.058466222983212,2.7108238842007517,3.673999895802432
41909,pop_4,2.861384528734115,2.556600274258057,3.6437804577684636,3.668326798440463
41910,pop_4,3.2263905285828534,2.7955340836888483,2.9889334522057753,3.176276782800992
41911,pop_4,3.1938447381906396,2.6561056740294497,3.2965333624023643,3.462638734395071
41912,pop_4,2.9305842389371275,2.5020560255300923,3.1103382652294007,3.3446331276971866
41913,pop_4,2.7954321411004632,2.6019845079194663,3.2464078187083265,3.360970881619385
41914,pop_4,3.108443550911391,2.981462939281919,2.927665126026061,3.27400329455172
41915,pop_4,3.0869680288553263,2.6312918822103994,3.218493354796035,3.4356532752194684
41916,pop_4,3.047618005947171,3.0129048350850116,3.1703214921038856,3.328287581040167
41917,pop_4,2.821181961544983,2.762984092587416,3.0612737160720553,3.6304530139551665
41918,pop_4,2.916162540085637,2.899530653079864,3.129389148156417,3.1089442457972343
41919,pop_4,2.857129489238808,3.063745741722918,3.0724366945991934,3.4571564946333657
41920,pop_4,3.0906573740858585,2.4028376816975023,3.297246820746268,3.6308312215251366
41921,pop_4,2.960645191088267,2.792321011738754,3.81566625159586,3.306864107824694
41922,pop_4,3.2378402643946984,2.5437269712819908,2.779629712569869,3.694748696114494
41923,pop_4,3.1474226044569202,2.4485715667898695,3.0531268562371787,4.002691943079595
41924,pop_4,3.065782823142583,3.099542194167624,3.0105229485905523,3.4262751405180185
41925,pop_4,2.849247316069288,2.710002193157287,3.343558710764515,4.132487872147704
41926,pop_4,2.9702459457767105,2.611275390468721,3.6389647231611026,3.153584393185893
41927,pop_4,2.7216325395636085,2.4814980596448324,2.8886297912643397,3.381655146448958
41928,pop_4,3.3635542552998996,2.676295649973418,3.2291698515550586,3.6419843569118067
41929,pop_4,3.5645461255763355,2.406408156259396,3.1619891832936178,3.698588615000535
41930,pop_4,3.220456534691941,2.739150026707159,3.187317175929654,3.805400825586902
41931,pop_4,2.7618339241338257,2.2210285100061626,3.0080928309957398,4.27606335798918
41932,pop_4,3.1088193043689216,2.988815211122881,2.8505150720031844,3.6808539507995266
41933,pop_4,2.9947696006557813,2.824616426275948,3.2365359209327718,3.7202207851687374
41934,pop_4,3.427827442407272,2.773651608270308,2.8827346559765634,3.4230324868079705
41935,pop_4,3.132638049035599,2.2276680758425784,3.360161241412671,3.9461621380805365
41936,pop_4,3.1157720365625328,3.1553328946034402,3.3500854876571236,3.645846432010261
41937,pop_4,3.113942541193224,2.5023317049847513,2.795658871512673,3.634878296634189
41938,pop_4,3.200377329285467,3.0452423659156285,2.909132769853825,2.9643082228401525
41939,pop_4,3.1423312111273,2.8079970116124175,2.80323908842258,3.832888682897555
41940,pop_4,3.0362335319589686,2.6417078177819837,3.2296009726057506,3.680880471803457
41941,pop_4,3.147307788514173,2.674644543932309,3.294154651526313,3.759491095825955
41942,pop_4,3.350271383561407,2.614128475368126,2.8892412845917943,3.4405795024796277
41943,pop_4,3.1659710264919196,2.9610403632181352,3.2014043603010567,3.5111692598703383
41944,pop_4,3.134835768406726,2.3390001324316567,3.235170247020383,3.8916714288828587
41945,pop_4,2.9781543526677665,2.248664008245368,2.9856889402957223,3.5984395842102312
41946,pop_4,3.0573231321736047,2.166084844594848,3.690965672026543,3.7060108223389108
41947,pop_4,2.892418350087297,2.5488159945147326,3.0339512564629096,3.851329663040557
41948,pop_4,3.242502451056178,2.4262238742986617,3.460972096315432,3.6899914414501858
41949,pop_4,3.067917101743631,3.0915162414543085,2.9361450597219285,3.2267896639831535
41950,pop_4,2.8243296687045376,3.098128594630008,2.938794833367607,3.43718905162774
41951,pop_4,3.31637373984925,2.8102949521843805,3.1868509026374716,3.5406215704107376
41952,pop_4,3.1138585612180596,2.8033270362405376,3.066638081684352,3.2857663925389797
41953,pop_4,2.7821758925991498,3.1138251704427384,3.0619985008016903,3.723967663509384
41954,pop_4,2.986442219089994,2.509375846490968,2.9125202905749736,3.6823270482604187
41955,pop_4,3.3138456444619897,2.7368318116848407,3.0575983075093838,3.2384395307812683
41956,pop_4,2.916916414944284,2.580291598249261,3.6118547121239644,3.4085399815823325
41957,pop_4,2.858833109249463,2.825366002046893,3.4278050903704536,3.5349383280290922
41958,pop_4,3.0231121432949877,2.7039008122562844,3.5372604960818936,4.012810251924785
41959,pop_4,2.456322747221492,2.456933113288615,3.1364159148349815,3.502704171933966
41960,pop_4,3.0261400060849057,2.5483510583864617,3.211700392238248,3.6586793416378924
41961,pop_4,2.910148380368278,2.5484148851993216,3.3412804201674096,3.6298170854112715
41962,pop_4,2.649851829932629,3.226479605672804,2.8729474893716844,3.532881052224855
41963,pop_4,2.7843286868773007,2.5618687340262976,3.063744455350569,3.8596266220271844
41964,pop_4,2.866582260433081,2.7735378768837933,3.4228004522256663,3.660366616506711
41965,pop_4,2.9262237926683676,2.54882835476395,3.507417851206286,3.6402514052502646
41966,pop_4,3.104700121674453,2.940620205522907,2.7510343605204395,3.426462214830158
41967,pop_4,3.105263171778841,2.639900829475608,3.062322167447549,3.6270980306405574
41968,pop_4,2.7597214299262056,2.566458325940145,3.1155708075798256,3.8142519407344406
41969,pop_4,2.8267897115973066,2.992660333053164,3.081529720687393,3.314510305684793
41970,pop_4,2.583917007957128,2.484706199374913,3.228421094611187,3.8179192651747056
41971,pop_4,3.059969485492871,2.453283532451474,3.45913866796318,3.7427119707164134
41972,pop_4,2.7423628844675276,2.738662009552898,3.337305188983532,3.4529334335707382
41973,pop_4,2.972813093455916,2.890676070262831,2.8983044087563883,3.3463706899182264
41974,pop_4,2.898241142740687,2.9843726099939785,3.023477277254978,3.514310356197605
41975,pop_4,2.8515668699809478,2.605802741749765,2.739935267984867,3.324636346687725
41976,pop_4,3.295400758960023,2.7984875914135423,3.0626312892413816,3.2489234312267286
41977,pop_4,3.3432383683870146,2.962838135929601,3.152378944254787,3.4483360718432206
41978,pop_4,3.168615022819094,2.6443302510351834,3.096167622444436,3.8161472652422623
41979,pop_4,3.000924083758742,3.24954122653323,3.0040705264372796,3.383593819790714
41980,pop_4,2.8767611481586925,2.295729109997665,3.6725697820793144,3.6920347213355775
41981,pop_4,2.7546850860860044,2.5943514870491797,3.436789979774081,3.8678617068710657
41982,pop_4,2.8781751661277055,2.45484138162821,3.3705887461731923,4.008202529646835
41983,pop_4,3.0134198505414185,2.5060479562197404,2.878269408222468,3.4804077116888017
41984,pop_4,2.850087054559943,2.8715130187865143,3.0929631080924995,3.329470073155827
41985,pop_4,2.758931782058071,2.403852449654167,3.289096589383765,4.1156696235517485
41986,pop_4,3.074285137099365,2.795903649547307,3.475712580140926,3.4855643940296464
41987,pop_4,2.655610338240071,2.90622222264614,3.859750989693028,3.876918474144398
41988,pop_4,2.978853885227422,2.510758610517067,3.2785387032023117,3.464143526636094
41989,pop_4,2.952459389787827,2.925298361409273,3.217957887797477,3.3806318405786593
41990,pop_4,3.167043687344542,2.5291418141005404,2.84859948279643,3.23759798872917
41991,pop_4,3.198869340890903,2.916540633196098,2.9510412183692907,3.5061949149992824
41992,pop_4,3.0010208021554656,3.027161197483181,2.9117355707466004,3.083529848574538
41993,pop_4,3.1188429267196183,2.873779164145421,3.464006436450178,3.846346664997666
41994,pop_4,3.10587766879885,2.8456930397191913,3.013103768585822,3.837136909880386
41995,pop_4,2.8231910727724,2.6619464067873992,3.122318282335232,3.6524905126093654
41996,pop_4,3.048464471969992,2.8415967348385798,3.1594036487205326,3.4945619946616677
41997,pop_4,2.7181805705588467,2.755800862163383,3.382113654836975,3.9146061802395886
41998,pop_4,2.8665487773086498,2.9093052392175536,3.196404022406517,3.3811096643682097
41999,pop_4,3.0216733606423967,2.5952211362494837,3.3247605743830064,3.406848139584393
